record_id,metric_number,legacy_metric_number_mapped,crosswalk_status,metric_type,line_type,hftd_tier,area_type,wui_status,unit_canonical,unit_crosswalk_status,actual_value,comments,blank_meaning,utility_id,reporting_year,reporting_quarter,schema_version,source_revision,source_report_quarter,source_file,source_sheet,source_row,source_value_cell,guideline_url
T9R-df25cc1a07361d84,1090000000,1.d.0.a.i,metric_label_update,1. Number of overhead circuit miles upgraded,Distribution,Non-HFTD,Urban,WUI,Circuit miles,exact,0,,,SDG&E,2023,1,v3.1,0,4,SDGE_2023_Q4_Tables1-15.xlsx,Table 9,10,M10,https://efiling.energysafety.ca.gov/eFiling/Getfile.aspx?fileid=53475&shareable=true
T9R-717977a6cdb84c20,1090000000,1.d.0.a.i,metric_label_update,1. Number of overhead circuit miles upgraded,Distribution,Non-HFTD,Urban,WUI,Circuit miles,exact,0,,,SDG&E,2023,2,v3.1,0,4,SDGE_2023_Q4_Tables1-15.xlsx,Table 9,10,N10,https://efiling.energysafety.ca.gov/eFiling/Getfile.aspx?fileid=53475&shareable=true
T9R-0e8122bfc8b5c01c,1090000000,1.d.0.a.i,metric_label_update,1. Number of overhead circuit miles upgraded,Distribution,Non-HFTD,Urban,WUI,Circuit miles,exact,0,,,SDG&E,2023,3,v3.1,0,4,SDGE_2023_Q4_Tables1-15.xlsx,Table 9,10,O10,https://efiling.energysafety.ca.gov/eFiling/Getfile.aspx?fileid=53475&shareable=true
T9R-441aa1fc14f3172c,1090000000,1.d.0.a.i,metric_label_update,1. Number of overhead circuit miles upgraded,Distribution,Non-HFTD,Urban,WUI,Circuit miles,exact,0,,,SDG&E,2023,4,v3.1,0,4,SDGE_2023_Q4_Tables1-15.xlsx,Table 9,10,P10,https://efiling.energysafety.ca.gov/eFiling/Getfile.aspx?fileid=53475&shareable=true
T9R-c562b858e555341f,1090000001,1.d.0.a.ii,metric_label_update,1. Number of overhead circuit miles upgraded,Distribution,Non-HFTD,Urban,Non-WUI,Circuit miles,exact,0,,,SDG&E,2023,1,v3.1,0,4,SDGE_2023_Q4_Tables1-15.xlsx,Table 9,11,M11,https://efiling.energysafety.ca.gov/eFiling/Getfile.aspx?fileid=53475&shareable=true
T9R-a1685b80fdeefdab,1090000001,1.d.0.a.ii,metric_label_update,1. Number of overhead circuit miles upgraded,Distribution,Non-HFTD,Urban,Non-WUI,Circuit miles,exact,0,,,SDG&E,2023,2,v3.1,0,4,SDGE_2023_Q4_Tables1-15.xlsx,Table 9,11,N11,https://efiling.energysafety.ca.gov/eFiling/Getfile.aspx?fileid=53475&shareable=true
T9R-c93917551877d122,1090000001,1.d.0.a.ii,metric_label_update,1. Number of overhead circuit miles upgraded,Distribution,Non-HFTD,Urban,Non-WUI,Circuit miles,exact,0,,,SDG&E,2023,3,v3.1,0,4,SDGE_2023_Q4_Tables1-15.xlsx,Table 9,11,O11,https://efiling.energysafety.ca.gov/eFiling/Getfile.aspx?fileid=53475&shareable=true
T9R-4d641df0299ba8cb,1090000001,1.d.0.a.ii,metric_label_update,1. Number of overhead circuit miles upgraded,Distribution,Non-HFTD,Urban,Non-WUI,Circuit miles,exact,0,,,SDG&E,2023,4,v3.1,0,4,SDGE_2023_Q4_Tables1-15.xlsx,Table 9,11,P11,https://efiling.energysafety.ca.gov/eFiling/Getfile.aspx?fileid=53475&shareable=true
T9R-fad51d525d7edff7,1090000002,1.d.0.b.i,metric_label_update,1. Number of overhead circuit miles upgraded,Distribution,Non-HFTD,Rural,WUI,Circuit miles,exact,0,,,SDG&E,2023,1,v3.1,0,4,SDGE_2023_Q4_Tables1-15.xlsx,Table 9,12,M12,https://efiling.energysafety.ca.gov/eFiling/Getfile.aspx?fileid=53475&shareable=true
T9R-6d9102e5c757fc62,1090000002,1.d.0.b.i,metric_label_update,1. Number of overhead circuit miles upgraded,Distribution,Non-HFTD,Rural,WUI,Circuit miles,exact,0,,,SDG&E,2023,2,v3.1,0,4,SDGE_2023_Q4_Tables1-15.xlsx,Table 9,12,N12,https://efiling.energysafety.ca.gov/eFiling/Getfile.aspx?fileid=53475&shareable=true
T9R-ab97c84dd900cab3,1090000002,1.d.0.b.i,metric_label_update,1. Number of overhead circuit miles upgraded,Distribution,Non-HFTD,Rural,WUI,Circuit miles,exact,0,,,SDG&E,2023,3,v3.1,0,4,SDGE_2023_Q4_Tables1-15.xlsx,Table 9,12,O12,https://efiling.energysafety.ca.gov/eFiling/Getfile.aspx?fileid=53475&shareable=true
T9R-072ef6aa49d77d0a,1090000002,1.d.0.b.i,metric_label_update,1. Number of overhead circuit miles upgraded,Distribution,Non-HFTD,Rural,WUI,Circuit miles,exact,0,,,SDG&E,2023,4,v3.1,0,4,SDGE_2023_Q4_Tables1-15.xlsx,Table 9,12,P12,https://efiling.energysafety.ca.gov/eFiling/Getfile.aspx?fileid=53475&shareable=true
T9R-a9d93b32ad32ef38,1090000003,1.d.0.b.ii,metric_label_update,1. Number of overhead circuit miles upgraded,Distribution,Non-HFTD,Rural,Non-WUI,Circuit miles,exact,0,,,SDG&E,2023,1,v3.1,0,4,SDGE_2023_Q4_Tables1-15.xlsx,Table 9,13,M13,https://efiling.energysafety.ca.gov/eFiling/Getfile.aspx?fileid=53475&shareable=true
T9R-4964740fc34940c9,1090000003,1.d.0.b.ii,metric_label_update,1. Number of overhead circuit miles upgraded,Distribution,Non-HFTD,Rural,Non-WUI,Circuit miles,exact,0,,,SDG&E,2023,2,v3.1,0,4,SDGE_2023_Q4_Tables1-15.xlsx,Table 9,13,N13,https://efiling.energysafety.ca.gov/eFiling/Getfile.aspx?fileid=53475&shareable=true
T9R-cf5433b46132c65c,1090000003,1.d.0.b.ii,metric_label_update,1. Number of overhead circuit miles upgraded,Distribution,Non-HFTD,Rural,Non-WUI,Circuit miles,exact,0,,,SDG&E,2023,3,v3.1,0,4,SDGE_2023_Q4_Tables1-15.xlsx,Table 9,13,O13,https://efiling.energysafety.ca.gov/eFiling/Getfile.aspx?fileid=53475&shareable=true
T9R-03c6bfd9b3d969fa,1090000003,1.d.0.b.ii,metric_label_update,1. Number of overhead circuit miles upgraded,Distribution,Non-HFTD,Rural,Non-WUI,Circuit miles,exact,0,,,SDG&E,2023,4,v3.1,0,4,SDGE_2023_Q4_Tables1-15.xlsx,Table 9,13,P13,https://efiling.energysafety.ca.gov/eFiling/Getfile.aspx?fileid=53475&shareable=true
T9R-84dc8b159adb15fa,1090000004,1.d.0.c.i,metric_label_update,1. Number of overhead circuit miles upgraded,Distribution,Non-HFTD,Highly rural,WUI,Circuit miles,exact,0,,,SDG&E,2023,1,v3.1,0,4,SDGE_2023_Q4_Tables1-15.xlsx,Table 9,14,M14,https://efiling.energysafety.ca.gov/eFiling/Getfile.aspx?fileid=53475&shareable=true
T9R-299c735323557fc9,1090000004,1.d.0.c.i,metric_label_update,1. Number of overhead circuit miles upgraded,Distribution,Non-HFTD,Highly rural,WUI,Circuit miles,exact,0,,,SDG&E,2023,2,v3.1,0,4,SDGE_2023_Q4_Tables1-15.xlsx,Table 9,14,N14,https://efiling.energysafety.ca.gov/eFiling/Getfile.aspx?fileid=53475&shareable=true
T9R-01a832f82434e8e5,1090000004,1.d.0.c.i,metric_label_update,1. Number of overhead circuit miles upgraded,Distribution,Non-HFTD,Highly rural,WUI,Circuit miles,exact,0,,,SDG&E,2023,3,v3.1,0,4,SDGE_2023_Q4_Tables1-15.xlsx,Table 9,14,O14,https://efiling.energysafety.ca.gov/eFiling/Getfile.aspx?fileid=53475&shareable=true
T9R-35be27e16670fab1,1090000004,1.d.0.c.i,metric_label_update,1. Number of overhead circuit miles upgraded,Distribution,Non-HFTD,Highly rural,WUI,Circuit miles,exact,0,,,SDG&E,2023,4,v3.1,0,4,SDGE_2023_Q4_Tables1-15.xlsx,Table 9,14,P14,https://efiling.energysafety.ca.gov/eFiling/Getfile.aspx?fileid=53475&shareable=true
T9R-879dd7b4fbb613ff,1090000005,1.d.0.c.ii,metric_label_update,1. Number of overhead circuit miles upgraded,Distribution,Non-HFTD,Highly rural,Non-WUI,Circuit miles,exact,0,,,SDG&E,2023,1,v3.1,0,4,SDGE_2023_Q4_Tables1-15.xlsx,Table 9,15,M15,https://efiling.energysafety.ca.gov/eFiling/Getfile.aspx?fileid=53475&shareable=true
T9R-5172438cece170bb,1090000005,1.d.0.c.ii,metric_label_update,1. Number of overhead circuit miles upgraded,Distribution,Non-HFTD,Highly rural,Non-WUI,Circuit miles,exact,0,,,SDG&E,2023,2,v3.1,0,4,SDGE_2023_Q4_Tables1-15.xlsx,Table 9,15,N15,https://efiling.energysafety.ca.gov/eFiling/Getfile.aspx?fileid=53475&shareable=true
T9R-80504925ddf880b5,1090000005,1.d.0.c.ii,metric_label_update,1. Number of overhead circuit miles upgraded,Distribution,Non-HFTD,Highly rural,Non-WUI,Circuit miles,exact,0,,,SDG&E,2023,3,v3.1,0,4,SDGE_2023_Q4_Tables1-15.xlsx,Table 9,15,O15,https://efiling.energysafety.ca.gov/eFiling/Getfile.aspx?fileid=53475&shareable=true
T9R-252d4425c991fa57,1090000005,1.d.0.c.ii,metric_label_update,1. Number of overhead circuit miles upgraded,Distribution,Non-HFTD,Highly rural,Non-WUI,Circuit miles,exact,0,,,SDG&E,2023,4,v3.1,0,4,SDGE_2023_Q4_Tables1-15.xlsx,Table 9,15,P15,https://efiling.energysafety.ca.gov/eFiling/Getfile.aspx?fileid=53475&shareable=true
T9R-7d917565f3720eb9,1090000006,1.d.2.a.i,metric_label_update,1. Number of overhead circuit miles upgraded,Distribution,HFTD Tier 2,Urban,WUI,Circuit miles,exact,0,,,SDG&E,2023,1,v3.1,0,4,SDGE_2023_Q4_Tables1-15.xlsx,Table 9,16,M16,https://efiling.energysafety.ca.gov/eFiling/Getfile.aspx?fileid=53475&shareable=true
T9R-f69afce0c2a57139,1090000006,1.d.2.a.i,metric_label_update,1. Number of overhead circuit miles upgraded,Distribution,HFTD Tier 2,Urban,WUI,Circuit miles,exact,0,,,SDG&E,2023,2,v3.1,0,4,SDGE_2023_Q4_Tables1-15.xlsx,Table 9,16,N16,https://efiling.energysafety.ca.gov/eFiling/Getfile.aspx?fileid=53475&shareable=true
T9R-1f6f8069a7a1eea6,1090000006,1.d.2.a.i,metric_label_update,1. Number of overhead circuit miles upgraded,Distribution,HFTD Tier 2,Urban,WUI,Circuit miles,exact,0,,,SDG&E,2023,3,v3.1,0,4,SDGE_2023_Q4_Tables1-15.xlsx,Table 9,16,O16,https://efiling.energysafety.ca.gov/eFiling/Getfile.aspx?fileid=53475&shareable=true
T9R-fb2722f753387ba6,1090000006,1.d.2.a.i,metric_label_update,1. Number of overhead circuit miles upgraded,Distribution,HFTD Tier 2,Urban,WUI,Circuit miles,exact,0,,,SDG&E,2023,4,v3.1,0,4,SDGE_2023_Q4_Tables1-15.xlsx,Table 9,16,P16,https://efiling.energysafety.ca.gov/eFiling/Getfile.aspx?fileid=53475&shareable=true
T9R-08043a57676f3a1b,1090000007,1.d.2.a.ii,metric_label_update,1. Number of overhead circuit miles upgraded,Distribution,HFTD Tier 2,Urban,Non-WUI,Circuit miles,exact,0,,,SDG&E,2023,1,v3.1,0,4,SDGE_2023_Q4_Tables1-15.xlsx,Table 9,17,M17,https://efiling.energysafety.ca.gov/eFiling/Getfile.aspx?fileid=53475&shareable=true
T9R-e2b735ad595a03dd,1090000007,1.d.2.a.ii,metric_label_update,1. Number of overhead circuit miles upgraded,Distribution,HFTD Tier 2,Urban,Non-WUI,Circuit miles,exact,0,,,SDG&E,2023,2,v3.1,0,4,SDGE_2023_Q4_Tables1-15.xlsx,Table 9,17,N17,https://efiling.energysafety.ca.gov/eFiling/Getfile.aspx?fileid=53475&shareable=true
T9R-66cfdacc8351e20b,1090000007,1.d.2.a.ii,metric_label_update,1. Number of overhead circuit miles upgraded,Distribution,HFTD Tier 2,Urban,Non-WUI,Circuit miles,exact,0,,,SDG&E,2023,3,v3.1,0,4,SDGE_2023_Q4_Tables1-15.xlsx,Table 9,17,O17,https://efiling.energysafety.ca.gov/eFiling/Getfile.aspx?fileid=53475&shareable=true
T9R-14cf3525404fefbb,1090000007,1.d.2.a.ii,metric_label_update,1. Number of overhead circuit miles upgraded,Distribution,HFTD Tier 2,Urban,Non-WUI,Circuit miles,exact,0.28977272,,,SDG&E,2023,4,v3.1,0,4,SDGE_2023_Q4_Tables1-15.xlsx,Table 9,17,P17,https://efiling.energysafety.ca.gov/eFiling/Getfile.aspx?fileid=53475&shareable=true
T9R-3748d0201a998671,1090000008,1.d.2.b.i,metric_label_update,1. Number of overhead circuit miles upgraded,Distribution,HFTD Tier 2,Rural,WUI,Circuit miles,exact,0.37797852,,,SDG&E,2023,1,v3.1,0,4,SDGE_2023_Q4_Tables1-15.xlsx,Table 9,18,M18,https://efiling.energysafety.ca.gov/eFiling/Getfile.aspx?fileid=53475&shareable=true
T9R-63e402000ab06966,1090000008,1.d.2.b.i,metric_label_update,1. Number of overhead circuit miles upgraded,Distribution,HFTD Tier 2,Rural,WUI,Circuit miles,exact,4.012121191,,,SDG&E,2023,2,v3.1,0,4,SDGE_2023_Q4_Tables1-15.xlsx,Table 9,18,N18,https://efiling.energysafety.ca.gov/eFiling/Getfile.aspx?fileid=53475&shareable=true
T9R-974b34b2f2ff7fb6,1090000008,1.d.2.b.i,metric_label_update,1. Number of overhead circuit miles upgraded,Distribution,HFTD Tier 2,Rural,WUI,Circuit miles,exact,0,,,SDG&E,2023,3,v3.1,0,4,SDGE_2023_Q4_Tables1-15.xlsx,Table 9,18,O18,https://efiling.energysafety.ca.gov/eFiling/Getfile.aspx?fileid=53475&shareable=true
T9R-e4ac24d91ae2dfe6,1090000008,1.d.2.b.i,metric_label_update,1. Number of overhead circuit miles upgraded,Distribution,HFTD Tier 2,Rural,WUI,Circuit miles,exact,1.939166978,,,SDG&E,2023,4,v3.1,0,4,SDGE_2023_Q4_Tables1-15.xlsx,Table 9,18,P18,https://efiling.energysafety.ca.gov/eFiling/Getfile.aspx?fileid=53475&shareable=true
T9R-7ecf6e4faaa20927,1090000009,1.d.2.b.ii,metric_label_update,1. Number of overhead circuit miles upgraded,Distribution,HFTD Tier 2,Rural,Non-WUI,Circuit miles,exact,1.068181834,,,SDG&E,2023,1,v3.1,0,4,SDGE_2023_Q4_Tables1-15.xlsx,Table 9,19,M19,https://efiling.energysafety.ca.gov/eFiling/Getfile.aspx?fileid=53475&shareable=true
T9R-2c524f1bb0b1d6be,1090000009,1.d.2.b.ii,metric_label_update,1. Number of overhead circuit miles upgraded,Distribution,HFTD Tier 2,Rural,Non-WUI,Circuit miles,exact,4.739856521,,,SDG&E,2023,2,v3.1,0,4,SDGE_2023_Q4_Tables1-15.xlsx,Table 9,19,N19,https://efiling.energysafety.ca.gov/eFiling/Getfile.aspx?fileid=53475&shareable=true
T9R-f28bca681af44357,1090000009,1.d.2.b.ii,metric_label_update,1. Number of overhead circuit miles upgraded,Distribution,HFTD Tier 2,Rural,Non-WUI,Circuit miles,exact,0,,,SDG&E,2023,3,v3.1,0,4,SDGE_2023_Q4_Tables1-15.xlsx,Table 9,19,O19,https://efiling.energysafety.ca.gov/eFiling/Getfile.aspx?fileid=53475&shareable=true
T9R-d96a045e71be9374,1090000009,1.d.2.b.ii,metric_label_update,1. Number of overhead circuit miles upgraded,Distribution,HFTD Tier 2,Rural,Non-WUI,Circuit miles,exact,12.54094547,,,SDG&E,2023,4,v3.1,0,4,SDGE_2023_Q4_Tables1-15.xlsx,Table 9,19,P19,https://efiling.energysafety.ca.gov/eFiling/Getfile.aspx?fileid=53475&shareable=true
T9R-b17520836479b76c,1090000010,1.d.2.c.i,metric_label_update,1. Number of overhead circuit miles upgraded,Distribution,HFTD Tier 2,Highly rural,WUI,Circuit miles,exact,0,,,SDG&E,2023,1,v3.1,0,4,SDGE_2023_Q4_Tables1-15.xlsx,Table 9,20,M20,https://efiling.energysafety.ca.gov/eFiling/Getfile.aspx?fileid=53475&shareable=true
T9R-b915bcd61803249f,1090000010,1.d.2.c.i,metric_label_update,1. Number of overhead circuit miles upgraded,Distribution,HFTD Tier 2,Highly rural,WUI,Circuit miles,exact,0,,,SDG&E,2023,2,v3.1,0,4,SDGE_2023_Q4_Tables1-15.xlsx,Table 9,20,N20,https://efiling.energysafety.ca.gov/eFiling/Getfile.aspx?fileid=53475&shareable=true
T9R-49547f542e3d7fc9,1090000010,1.d.2.c.i,metric_label_update,1. Number of overhead circuit miles upgraded,Distribution,HFTD Tier 2,Highly rural,WUI,Circuit miles,exact,5.596136107,,,SDG&E,2023,3,v3.1,0,4,SDGE_2023_Q4_Tables1-15.xlsx,Table 9,20,O20,https://efiling.energysafety.ca.gov/eFiling/Getfile.aspx?fileid=53475&shareable=true
T9R-bc84e92c926e36d7,1090000010,1.d.2.c.i,metric_label_update,1. Number of overhead circuit miles upgraded,Distribution,HFTD Tier 2,Highly rural,WUI,Circuit miles,exact,2.73599134,,,SDG&E,2023,4,v3.1,0,4,SDGE_2023_Q4_Tables1-15.xlsx,Table 9,20,P20,https://efiling.energysafety.ca.gov/eFiling/Getfile.aspx?fileid=53475&shareable=true
T9R-0c7142c90a41bbde,1090000011,1.d.2.c.ii,metric_label_update,1. Number of overhead circuit miles upgraded,Distribution,HFTD Tier 2,Highly rural,Non-WUI,Circuit miles,exact,0,,,SDG&E,2023,1,v3.1,0,4,SDGE_2023_Q4_Tables1-15.xlsx,Table 9,21,M21,https://efiling.energysafety.ca.gov/eFiling/Getfile.aspx?fileid=53475&shareable=true
T9R-fd233b7ef24aac1c,1090000011,1.d.2.c.ii,metric_label_update,1. Number of overhead circuit miles upgraded,Distribution,HFTD Tier 2,Highly rural,Non-WUI,Circuit miles,exact,0,,,SDG&E,2023,2,v3.1,0,4,SDGE_2023_Q4_Tables1-15.xlsx,Table 9,21,N21,https://efiling.energysafety.ca.gov/eFiling/Getfile.aspx?fileid=53475&shareable=true
T9R-e29e2d0b40e8840b,1090000011,1.d.2.c.ii,metric_label_update,1. Number of overhead circuit miles upgraded,Distribution,HFTD Tier 2,Highly rural,Non-WUI,Circuit miles,exact,3.139959647,,,SDG&E,2023,3,v3.1,0,4,SDGE_2023_Q4_Tables1-15.xlsx,Table 9,21,O21,https://efiling.energysafety.ca.gov/eFiling/Getfile.aspx?fileid=53475&shareable=true
T9R-2f9d37b4b883d240,1090000011,1.d.2.c.ii,metric_label_update,1. Number of overhead circuit miles upgraded,Distribution,HFTD Tier 2,Highly rural,Non-WUI,Circuit miles,exact,1.553983459,,,SDG&E,2023,4,v3.1,0,4,SDGE_2023_Q4_Tables1-15.xlsx,Table 9,21,P21,https://efiling.energysafety.ca.gov/eFiling/Getfile.aspx?fileid=53475&shareable=true
T9R-21160c6c484e872e,1090000012,1.d.3.a.i,metric_label_update,1. Number of overhead circuit miles upgraded,Distribution,HFTD Tier 3,Urban,WUI,Circuit miles,exact,0,,,SDG&E,2023,1,v3.1,0,4,SDGE_2023_Q4_Tables1-15.xlsx,Table 9,22,M22,https://efiling.energysafety.ca.gov/eFiling/Getfile.aspx?fileid=53475&shareable=true
T9R-678297b5180dfd92,1090000012,1.d.3.a.i,metric_label_update,1. Number of overhead circuit miles upgraded,Distribution,HFTD Tier 3,Urban,WUI,Circuit miles,exact,0,,,SDG&E,2023,2,v3.1,0,4,SDGE_2023_Q4_Tables1-15.xlsx,Table 9,22,N22,https://efiling.energysafety.ca.gov/eFiling/Getfile.aspx?fileid=53475&shareable=true
T9R-65e19534d907d3cb,1090000012,1.d.3.a.i,metric_label_update,1. Number of overhead circuit miles upgraded,Distribution,HFTD Tier 3,Urban,WUI,Circuit miles,exact,0,,,SDG&E,2023,3,v3.1,0,4,SDGE_2023_Q4_Tables1-15.xlsx,Table 9,22,O22,https://efiling.energysafety.ca.gov/eFiling/Getfile.aspx?fileid=53475&shareable=true
T9R-dae5bd6b8ec2bd07,1090000012,1.d.3.a.i,metric_label_update,1. Number of overhead circuit miles upgraded,Distribution,HFTD Tier 3,Urban,WUI,Circuit miles,exact,0,,,SDG&E,2023,4,v3.1,0,4,SDGE_2023_Q4_Tables1-15.xlsx,Table 9,22,P22,https://efiling.energysafety.ca.gov/eFiling/Getfile.aspx?fileid=53475&shareable=true
T9R-bb06ad9b0e0c9723,1090000013,1.d.3.a.ii,metric_label_update,1. Number of overhead circuit miles upgraded,Distribution,HFTD Tier 3,Urban,Non-WUI,Circuit miles,exact,0,,,SDG&E,2023,1,v3.1,0,4,SDGE_2023_Q4_Tables1-15.xlsx,Table 9,23,M23,https://efiling.energysafety.ca.gov/eFiling/Getfile.aspx?fileid=53475&shareable=true
T9R-392538a35804f653,1090000013,1.d.3.a.ii,metric_label_update,1. Number of overhead circuit miles upgraded,Distribution,HFTD Tier 3,Urban,Non-WUI,Circuit miles,exact,0,,,SDG&E,2023,2,v3.1,0,4,SDGE_2023_Q4_Tables1-15.xlsx,Table 9,23,N23,https://efiling.energysafety.ca.gov/eFiling/Getfile.aspx?fileid=53475&shareable=true
T9R-5538518417d66da6,1090000013,1.d.3.a.ii,metric_label_update,1. Number of overhead circuit miles upgraded,Distribution,HFTD Tier 3,Urban,Non-WUI,Circuit miles,exact,0,,,SDG&E,2023,3,v3.1,0,4,SDGE_2023_Q4_Tables1-15.xlsx,Table 9,23,O23,https://efiling.energysafety.ca.gov/eFiling/Getfile.aspx?fileid=53475&shareable=true
T9R-536c3597fee82f2c,1090000013,1.d.3.a.ii,metric_label_update,1. Number of overhead circuit miles upgraded,Distribution,HFTD Tier 3,Urban,Non-WUI,Circuit miles,exact,0,,,SDG&E,2023,4,v3.1,0,4,SDGE_2023_Q4_Tables1-15.xlsx,Table 9,23,P23,https://efiling.energysafety.ca.gov/eFiling/Getfile.aspx?fileid=53475&shareable=true
T9R-c02c021c57191083,1090000014,1.d.3.b.i,metric_label_update,1. Number of overhead circuit miles upgraded,Distribution,HFTD Tier 3,Rural,WUI,Circuit miles,exact,2.757494074,,,SDG&E,2023,1,v3.1,0,4,SDGE_2023_Q4_Tables1-15.xlsx,Table 9,24,M24,https://efiling.energysafety.ca.gov/eFiling/Getfile.aspx?fileid=53475&shareable=true
T9R-30a59b1a29f2205f,1090000014,1.d.3.b.i,metric_label_update,1. Number of overhead circuit miles upgraded,Distribution,HFTD Tier 3,Rural,WUI,Circuit miles,exact,2.657643181,,,SDG&E,2023,2,v3.1,0,4,SDGE_2023_Q4_Tables1-15.xlsx,Table 9,24,N24,https://efiling.energysafety.ca.gov/eFiling/Getfile.aspx?fileid=53475&shareable=true
T9R-ca0f4e41263f8cb9,1090000014,1.d.3.b.i,metric_label_update,1. Number of overhead circuit miles upgraded,Distribution,HFTD Tier 3,Rural,WUI,Circuit miles,exact,12.18905437,,,SDG&E,2023,3,v3.1,0,4,SDGE_2023_Q4_Tables1-15.xlsx,Table 9,24,O24,https://efiling.energysafety.ca.gov/eFiling/Getfile.aspx?fileid=53475&shareable=true
T9R-01c4a3c27ff482f8,1090000014,1.d.3.b.i,metric_label_update,1. Number of overhead circuit miles upgraded,Distribution,HFTD Tier 3,Rural,WUI,Circuit miles,exact,4.103691034,,,SDG&E,2023,4,v3.1,0,4,SDGE_2023_Q4_Tables1-15.xlsx,Table 9,24,P24,https://efiling.energysafety.ca.gov/eFiling/Getfile.aspx?fileid=53475&shareable=true
T9R-54ad121e4d3eaaaf,1090000015,1.d.3.b.ii,metric_label_update,1. Number of overhead circuit miles upgraded,Distribution,HFTD Tier 3,Rural,Non-WUI,Circuit miles,exact,2.016681805,,,SDG&E,2023,1,v3.1,0,4,SDGE_2023_Q4_Tables1-15.xlsx,Table 9,25,M25,https://efiling.energysafety.ca.gov/eFiling/Getfile.aspx?fileid=53475&shareable=true
T9R-f6fbb5101d05ee37,1090000015,1.d.3.b.ii,metric_label_update,1. Number of overhead circuit miles upgraded,Distribution,HFTD Tier 3,Rural,Non-WUI,Circuit miles,exact,10.87713849,,,SDG&E,2023,2,v3.1,0,4,SDGE_2023_Q4_Tables1-15.xlsx,Table 9,25,N25,https://efiling.energysafety.ca.gov/eFiling/Getfile.aspx?fileid=53475&shareable=true
T9R-b45d2942e572bb30,1090000015,1.d.3.b.ii,metric_label_update,1. Number of overhead circuit miles upgraded,Distribution,HFTD Tier 3,Rural,Non-WUI,Circuit miles,exact,16.28338819,,,SDG&E,2023,3,v3.1,0,4,SDGE_2023_Q4_Tables1-15.xlsx,Table 9,25,O25,https://efiling.energysafety.ca.gov/eFiling/Getfile.aspx?fileid=53475&shareable=true
T9R-6d504c14aaaa7024,1090000015,1.d.3.b.ii,metric_label_update,1. Number of overhead circuit miles upgraded,Distribution,HFTD Tier 3,Rural,Non-WUI,Circuit miles,exact,9.610864114,,,SDG&E,2023,4,v3.1,0,4,SDGE_2023_Q4_Tables1-15.xlsx,Table 9,25,P25,https://efiling.energysafety.ca.gov/eFiling/Getfile.aspx?fileid=53475&shareable=true
T9R-4210575729ca0db9,1090000016,1.d.3.c.i,metric_label_update,1. Number of overhead circuit miles upgraded,Distribution,HFTD Tier 3,Highly rural,WUI,Circuit miles,exact,0,,,SDG&E,2023,1,v3.1,0,4,SDGE_2023_Q4_Tables1-15.xlsx,Table 9,26,M26,https://efiling.energysafety.ca.gov/eFiling/Getfile.aspx?fileid=53475&shareable=true
T9R-3a31f578f06af7c6,1090000016,1.d.3.c.i,metric_label_update,1. Number of overhead circuit miles upgraded,Distribution,HFTD Tier 3,Highly rural,WUI,Circuit miles,exact,0,,,SDG&E,2023,2,v3.1,0,4,SDGE_2023_Q4_Tables1-15.xlsx,Table 9,26,N26,https://efiling.energysafety.ca.gov/eFiling/Getfile.aspx?fileid=53475&shareable=true
T9R-46cc475a0af3c7a2,1090000016,1.d.3.c.i,metric_label_update,1. Number of overhead circuit miles upgraded,Distribution,HFTD Tier 3,Highly rural,WUI,Circuit miles,exact,0.06035595,,,SDG&E,2023,3,v3.1,0,4,SDGE_2023_Q4_Tables1-15.xlsx,Table 9,26,O26,https://efiling.energysafety.ca.gov/eFiling/Getfile.aspx?fileid=53475&shareable=true
T9R-8864e8c27e984461,1090000016,1.d.3.c.i,metric_label_update,1. Number of overhead circuit miles upgraded,Distribution,HFTD Tier 3,Highly rural,WUI,Circuit miles,exact,0,,,SDG&E,2023,4,v3.1,0,4,SDGE_2023_Q4_Tables1-15.xlsx,Table 9,26,P26,https://efiling.energysafety.ca.gov/eFiling/Getfile.aspx?fileid=53475&shareable=true
T9R-d9a8037a3552d526,1090000017,1.d.3.c.ii,metric_label_update,1. Number of overhead circuit miles upgraded,Distribution,HFTD Tier 3,Highly rural,Non-WUI,Circuit miles,exact,0,,,SDG&E,2023,1,v3.1,0,4,SDGE_2023_Q4_Tables1-15.xlsx,Table 9,27,M27,https://efiling.energysafety.ca.gov/eFiling/Getfile.aspx?fileid=53475&shareable=true
T9R-e9f690d372b59768,1090000017,1.d.3.c.ii,metric_label_update,1. Number of overhead circuit miles upgraded,Distribution,HFTD Tier 3,Highly rural,Non-WUI,Circuit miles,exact,0.469114245,,,SDG&E,2023,2,v3.1,0,4,SDGE_2023_Q4_Tables1-15.xlsx,Table 9,27,N27,https://efiling.energysafety.ca.gov/eFiling/Getfile.aspx?fileid=53475&shareable=true
T9R-3755c2ff95f958fc,1090000017,1.d.3.c.ii,metric_label_update,1. Number of overhead circuit miles upgraded,Distribution,HFTD Tier 3,Highly rural,Non-WUI,Circuit miles,exact,0,,,SDG&E,2023,3,v3.1,0,4,SDGE_2023_Q4_Tables1-15.xlsx,Table 9,27,O27,https://efiling.energysafety.ca.gov/eFiling/Getfile.aspx?fileid=53475&shareable=true
T9R-5c650d58c0bb4fc2,1090000017,1.d.3.c.ii,metric_label_update,1. Number of overhead circuit miles upgraded,Distribution,HFTD Tier 3,Highly rural,Non-WUI,Circuit miles,exact,0,,,SDG&E,2023,4,v3.1,0,4,SDGE_2023_Q4_Tables1-15.xlsx,Table 9,27,P27,https://efiling.energysafety.ca.gov/eFiling/Getfile.aspx?fileid=53475&shareable=true
T9R-ab5b71d32507ded3,1090000018,1.t.0.a.i,metric_label_update,1. Number of overhead circuit miles upgraded,Transmission,Non-HFTD,Urban,WUI,Circuit miles,exact,0,,,SDG&E,2023,1,v3.1,0,4,SDGE_2023_Q4_Tables1-15.xlsx,Table 9,28,M28,https://efiling.energysafety.ca.gov/eFiling/Getfile.aspx?fileid=53475&shareable=true
T9R-2bbd681e40b9d8e4,1090000018,1.t.0.a.i,metric_label_update,1. Number of overhead circuit miles upgraded,Transmission,Non-HFTD,Urban,WUI,Circuit miles,exact,0,,,SDG&E,2023,2,v3.1,0,4,SDGE_2023_Q4_Tables1-15.xlsx,Table 9,28,N28,https://efiling.energysafety.ca.gov/eFiling/Getfile.aspx?fileid=53475&shareable=true
T9R-1c0c50225ab2221e,1090000018,1.t.0.a.i,metric_label_update,1. Number of overhead circuit miles upgraded,Transmission,Non-HFTD,Urban,WUI,Circuit miles,exact,0,,,SDG&E,2023,3,v3.1,0,4,SDGE_2023_Q4_Tables1-15.xlsx,Table 9,28,O28,https://efiling.energysafety.ca.gov/eFiling/Getfile.aspx?fileid=53475&shareable=true
T9R-a10af50befabd48e,1090000018,1.t.0.a.i,metric_label_update,1. Number of overhead circuit miles upgraded,Transmission,Non-HFTD,Urban,WUI,Circuit miles,exact,0,,,SDG&E,2023,4,v3.1,0,4,SDGE_2023_Q4_Tables1-15.xlsx,Table 9,28,P28,https://efiling.energysafety.ca.gov/eFiling/Getfile.aspx?fileid=53475&shareable=true
T9R-4ce1c90d7b9fee6c,1090000019,1.t.0.a.ii,metric_label_update,1. Number of overhead circuit miles upgraded,Transmission,Non-HFTD,Urban,Non-WUI,Circuit miles,exact,0,,,SDG&E,2023,1,v3.1,0,4,SDGE_2023_Q4_Tables1-15.xlsx,Table 9,29,M29,https://efiling.energysafety.ca.gov/eFiling/Getfile.aspx?fileid=53475&shareable=true
T9R-17e003f9a4f6078f,1090000019,1.t.0.a.ii,metric_label_update,1. Number of overhead circuit miles upgraded,Transmission,Non-HFTD,Urban,Non-WUI,Circuit miles,exact,0,,,SDG&E,2023,2,v3.1,0,4,SDGE_2023_Q4_Tables1-15.xlsx,Table 9,29,N29,https://efiling.energysafety.ca.gov/eFiling/Getfile.aspx?fileid=53475&shareable=true
T9R-d07bdfbb9d2d25e1,1090000019,1.t.0.a.ii,metric_label_update,1. Number of overhead circuit miles upgraded,Transmission,Non-HFTD,Urban,Non-WUI,Circuit miles,exact,0,,,SDG&E,2023,3,v3.1,0,4,SDGE_2023_Q4_Tables1-15.xlsx,Table 9,29,O29,https://efiling.energysafety.ca.gov/eFiling/Getfile.aspx?fileid=53475&shareable=true
T9R-8d6beb9c5b0ed990,1090000019,1.t.0.a.ii,metric_label_update,1. Number of overhead circuit miles upgraded,Transmission,Non-HFTD,Urban,Non-WUI,Circuit miles,exact,0,,,SDG&E,2023,4,v3.1,0,4,SDGE_2023_Q4_Tables1-15.xlsx,Table 9,29,P29,https://efiling.energysafety.ca.gov/eFiling/Getfile.aspx?fileid=53475&shareable=true
T9R-eba6a7fca25294af,1090000020,1.t.0.b.i,metric_label_update,1. Number of overhead circuit miles upgraded,Transmission,Non-HFTD,Rural,WUI,Circuit miles,exact,0,,,SDG&E,2023,1,v3.1,0,4,SDGE_2023_Q4_Tables1-15.xlsx,Table 9,30,M30,https://efiling.energysafety.ca.gov/eFiling/Getfile.aspx?fileid=53475&shareable=true
T9R-3d84142bff56ae9b,1090000020,1.t.0.b.i,metric_label_update,1. Number of overhead circuit miles upgraded,Transmission,Non-HFTD,Rural,WUI,Circuit miles,exact,0,,,SDG&E,2023,2,v3.1,0,4,SDGE_2023_Q4_Tables1-15.xlsx,Table 9,30,N30,https://efiling.energysafety.ca.gov/eFiling/Getfile.aspx?fileid=53475&shareable=true
T9R-86a78566123704d8,1090000020,1.t.0.b.i,metric_label_update,1. Number of overhead circuit miles upgraded,Transmission,Non-HFTD,Rural,WUI,Circuit miles,exact,0,,,SDG&E,2023,3,v3.1,0,4,SDGE_2023_Q4_Tables1-15.xlsx,Table 9,30,O30,https://efiling.energysafety.ca.gov/eFiling/Getfile.aspx?fileid=53475&shareable=true
T9R-47e7cfd945d7428d,1090000020,1.t.0.b.i,metric_label_update,1. Number of overhead circuit miles upgraded,Transmission,Non-HFTD,Rural,WUI,Circuit miles,exact,0,,,SDG&E,2023,4,v3.1,0,4,SDGE_2023_Q4_Tables1-15.xlsx,Table 9,30,P30,https://efiling.energysafety.ca.gov/eFiling/Getfile.aspx?fileid=53475&shareable=true
T9R-a4189c16f40f7c41,1090000021,1.t.0.b.ii,metric_label_update,1. Number of overhead circuit miles upgraded,Transmission,Non-HFTD,Rural,Non-WUI,Circuit miles,exact,0,,,SDG&E,2023,1,v3.1,0,4,SDGE_2023_Q4_Tables1-15.xlsx,Table 9,31,M31,https://efiling.energysafety.ca.gov/eFiling/Getfile.aspx?fileid=53475&shareable=true
T9R-3f3f747baffc652e,1090000021,1.t.0.b.ii,metric_label_update,1. Number of overhead circuit miles upgraded,Transmission,Non-HFTD,Rural,Non-WUI,Circuit miles,exact,0,,,SDG&E,2023,2,v3.1,0,4,SDGE_2023_Q4_Tables1-15.xlsx,Table 9,31,N31,https://efiling.energysafety.ca.gov/eFiling/Getfile.aspx?fileid=53475&shareable=true
T9R-d077bbe0a8437d36,1090000021,1.t.0.b.ii,metric_label_update,1. Number of overhead circuit miles upgraded,Transmission,Non-HFTD,Rural,Non-WUI,Circuit miles,exact,0,,,SDG&E,2023,3,v3.1,0,4,SDGE_2023_Q4_Tables1-15.xlsx,Table 9,31,O31,https://efiling.energysafety.ca.gov/eFiling/Getfile.aspx?fileid=53475&shareable=true
T9R-090fe7652be3045f,1090000021,1.t.0.b.ii,metric_label_update,1. Number of overhead circuit miles upgraded,Transmission,Non-HFTD,Rural,Non-WUI,Circuit miles,exact,0,,,SDG&E,2023,4,v3.1,0,4,SDGE_2023_Q4_Tables1-15.xlsx,Table 9,31,P31,https://efiling.energysafety.ca.gov/eFiling/Getfile.aspx?fileid=53475&shareable=true
T9R-785a416a9f2325d8,1090000022,1.t.0.c.i,metric_label_update,1. Number of overhead circuit miles upgraded,Transmission,Non-HFTD,Highly rural,WUI,Circuit miles,exact,0,,,SDG&E,2023,1,v3.1,0,4,SDGE_2023_Q4_Tables1-15.xlsx,Table 9,32,M32,https://efiling.energysafety.ca.gov/eFiling/Getfile.aspx?fileid=53475&shareable=true
T9R-d1765c6ad66089ea,1090000022,1.t.0.c.i,metric_label_update,1. Number of overhead circuit miles upgraded,Transmission,Non-HFTD,Highly rural,WUI,Circuit miles,exact,0,,,SDG&E,2023,2,v3.1,0,4,SDGE_2023_Q4_Tables1-15.xlsx,Table 9,32,N32,https://efiling.energysafety.ca.gov/eFiling/Getfile.aspx?fileid=53475&shareable=true
T9R-e9115da22a1158e1,1090000022,1.t.0.c.i,metric_label_update,1. Number of overhead circuit miles upgraded,Transmission,Non-HFTD,Highly rural,WUI,Circuit miles,exact,0,,,SDG&E,2023,3,v3.1,0,4,SDGE_2023_Q4_Tables1-15.xlsx,Table 9,32,O32,https://efiling.energysafety.ca.gov/eFiling/Getfile.aspx?fileid=53475&shareable=true
T9R-6d9dbb857da819e5,1090000022,1.t.0.c.i,metric_label_update,1. Number of overhead circuit miles upgraded,Transmission,Non-HFTD,Highly rural,WUI,Circuit miles,exact,0,,,SDG&E,2023,4,v3.1,0,4,SDGE_2023_Q4_Tables1-15.xlsx,Table 9,32,P32,https://efiling.energysafety.ca.gov/eFiling/Getfile.aspx?fileid=53475&shareable=true
T9R-41ba35c6b59da2d2,1090000023,1.t.0.c.ii,metric_label_update,1. Number of overhead circuit miles upgraded,Transmission,Non-HFTD,Highly rural,Non-WUI,Circuit miles,exact,0,,,SDG&E,2023,1,v3.1,0,4,SDGE_2023_Q4_Tables1-15.xlsx,Table 9,33,M33,https://efiling.energysafety.ca.gov/eFiling/Getfile.aspx?fileid=53475&shareable=true
T9R-31f8955e2457e345,1090000023,1.t.0.c.ii,metric_label_update,1. Number of overhead circuit miles upgraded,Transmission,Non-HFTD,Highly rural,Non-WUI,Circuit miles,exact,0,,,SDG&E,2023,2,v3.1,0,4,SDGE_2023_Q4_Tables1-15.xlsx,Table 9,33,N33,https://efiling.energysafety.ca.gov/eFiling/Getfile.aspx?fileid=53475&shareable=true
T9R-0f07bc48899c68b6,1090000023,1.t.0.c.ii,metric_label_update,1. Number of overhead circuit miles upgraded,Transmission,Non-HFTD,Highly rural,Non-WUI,Circuit miles,exact,0,,,SDG&E,2023,3,v3.1,0,4,SDGE_2023_Q4_Tables1-15.xlsx,Table 9,33,O33,https://efiling.energysafety.ca.gov/eFiling/Getfile.aspx?fileid=53475&shareable=true
T9R-4b348e2b58a14769,1090000023,1.t.0.c.ii,metric_label_update,1. Number of overhead circuit miles upgraded,Transmission,Non-HFTD,Highly rural,Non-WUI,Circuit miles,exact,0,,,SDG&E,2023,4,v3.1,0,4,SDGE_2023_Q4_Tables1-15.xlsx,Table 9,33,P33,https://efiling.energysafety.ca.gov/eFiling/Getfile.aspx?fileid=53475&shareable=true
T9R-7f7798f4373d12ef,1090000024,1.t.2.a.i,metric_label_update,1. Number of overhead circuit miles upgraded,Transmission,HFTD Tier 2,Urban,WUI,Circuit miles,exact,0,,,SDG&E,2023,1,v3.1,0,4,SDGE_2023_Q4_Tables1-15.xlsx,Table 9,34,M34,https://efiling.energysafety.ca.gov/eFiling/Getfile.aspx?fileid=53475&shareable=true
T9R-83e926bdfac69175,1090000024,1.t.2.a.i,metric_label_update,1. Number of overhead circuit miles upgraded,Transmission,HFTD Tier 2,Urban,WUI,Circuit miles,exact,0,,,SDG&E,2023,2,v3.1,0,4,SDGE_2023_Q4_Tables1-15.xlsx,Table 9,34,N34,https://efiling.energysafety.ca.gov/eFiling/Getfile.aspx?fileid=53475&shareable=true
T9R-849dc3719275470d,1090000024,1.t.2.a.i,metric_label_update,1. Number of overhead circuit miles upgraded,Transmission,HFTD Tier 2,Urban,WUI,Circuit miles,exact,0,,,SDG&E,2023,3,v3.1,0,4,SDGE_2023_Q4_Tables1-15.xlsx,Table 9,34,O34,https://efiling.energysafety.ca.gov/eFiling/Getfile.aspx?fileid=53475&shareable=true
T9R-5586cc12a6897ec6,1090000024,1.t.2.a.i,metric_label_update,1. Number of overhead circuit miles upgraded,Transmission,HFTD Tier 2,Urban,WUI,Circuit miles,exact,0,,,SDG&E,2023,4,v3.1,0,4,SDGE_2023_Q4_Tables1-15.xlsx,Table 9,34,P34,https://efiling.energysafety.ca.gov/eFiling/Getfile.aspx?fileid=53475&shareable=true
T9R-c7164c7ec6810d91,1090000025,1.t.2.a.ii,metric_label_update,1. Number of overhead circuit miles upgraded,Transmission,HFTD Tier 2,Urban,Non-WUI,Circuit miles,exact,0,,,SDG&E,2023,1,v3.1,0,4,SDGE_2023_Q4_Tables1-15.xlsx,Table 9,35,M35,https://efiling.energysafety.ca.gov/eFiling/Getfile.aspx?fileid=53475&shareable=true
T9R-e1f3b7814b428834,1090000025,1.t.2.a.ii,metric_label_update,1. Number of overhead circuit miles upgraded,Transmission,HFTD Tier 2,Urban,Non-WUI,Circuit miles,exact,0,,,SDG&E,2023,2,v3.1,0,4,SDGE_2023_Q4_Tables1-15.xlsx,Table 9,35,N35,https://efiling.energysafety.ca.gov/eFiling/Getfile.aspx?fileid=53475&shareable=true
T9R-98858a779fdeb0ee,1090000025,1.t.2.a.ii,metric_label_update,1. Number of overhead circuit miles upgraded,Transmission,HFTD Tier 2,Urban,Non-WUI,Circuit miles,exact,0,,,SDG&E,2023,3,v3.1,0,4,SDGE_2023_Q4_Tables1-15.xlsx,Table 9,35,O35,https://efiling.energysafety.ca.gov/eFiling/Getfile.aspx?fileid=53475&shareable=true
T9R-4c58f3a3fca15d83,1090000025,1.t.2.a.ii,metric_label_update,1. Number of overhead circuit miles upgraded,Transmission,HFTD Tier 2,Urban,Non-WUI,Circuit miles,exact,0.286931807,,,SDG&E,2023,4,v3.1,0,4,SDGE_2023_Q4_Tables1-15.xlsx,Table 9,35,P35,https://efiling.energysafety.ca.gov/eFiling/Getfile.aspx?fileid=53475&shareable=true
T9R-0734f24c5ce810e3,1090000026,1.t.2.b.i,metric_label_update,1. Number of overhead circuit miles upgraded,Transmission,HFTD Tier 2,Rural,WUI,Circuit miles,exact,0,,,SDG&E,2023,1,v3.1,0,4,SDGE_2023_Q4_Tables1-15.xlsx,Table 9,36,M36,https://efiling.energysafety.ca.gov/eFiling/Getfile.aspx?fileid=53475&shareable=true
T9R-d9e1d3039c2c61c9,1090000026,1.t.2.b.i,metric_label_update,1. Number of overhead circuit miles upgraded,Transmission,HFTD Tier 2,Rural,WUI,Circuit miles,exact,0,,,SDG&E,2023,2,v3.1,0,4,SDGE_2023_Q4_Tables1-15.xlsx,Table 9,36,N36,https://efiling.energysafety.ca.gov/eFiling/Getfile.aspx?fileid=53475&shareable=true
T9R-26696ae2c6b05ede,1090000026,1.t.2.b.i,metric_label_update,1. Number of overhead circuit miles upgraded,Transmission,HFTD Tier 2,Rural,WUI,Circuit miles,exact,0,,,SDG&E,2023,3,v3.1,0,4,SDGE_2023_Q4_Tables1-15.xlsx,Table 9,36,O36,https://efiling.energysafety.ca.gov/eFiling/Getfile.aspx?fileid=53475&shareable=true
T9R-cef84a6a4110610d,1090000026,1.t.2.b.i,metric_label_update,1. Number of overhead circuit miles upgraded,Transmission,HFTD Tier 2,Rural,WUI,Circuit miles,exact,0.425378777,,,SDG&E,2023,4,v3.1,0,4,SDGE_2023_Q4_Tables1-15.xlsx,Table 9,36,P36,https://efiling.energysafety.ca.gov/eFiling/Getfile.aspx?fileid=53475&shareable=true
T9R-1e3737a421e7ee6d,1090000027,1.t.2.b.ii,metric_label_update,1. Number of overhead circuit miles upgraded,Transmission,HFTD Tier 2,Rural,Non-WUI,Circuit miles,exact,3.355367384,,,SDG&E,2023,1,v3.1,0,4,SDGE_2023_Q4_Tables1-15.xlsx,Table 9,37,M37,https://efiling.energysafety.ca.gov/eFiling/Getfile.aspx?fileid=53475&shareable=true
T9R-010d5a8336a433cc,1090000027,1.t.2.b.ii,metric_label_update,1. Number of overhead circuit miles upgraded,Transmission,HFTD Tier 2,Rural,Non-WUI,Circuit miles,exact,0,,,SDG&E,2023,2,v3.1,0,4,SDGE_2023_Q4_Tables1-15.xlsx,Table 9,37,N37,https://efiling.energysafety.ca.gov/eFiling/Getfile.aspx?fileid=53475&shareable=true
T9R-7be4b40e6f9eedf2,1090000027,1.t.2.b.ii,metric_label_update,1. Number of overhead circuit miles upgraded,Transmission,HFTD Tier 2,Rural,Non-WUI,Circuit miles,exact,0.291507974,,,SDG&E,2023,3,v3.1,0,4,SDGE_2023_Q4_Tables1-15.xlsx,Table 9,37,O37,https://efiling.energysafety.ca.gov/eFiling/Getfile.aspx?fileid=53475&shareable=true
T9R-7b138f3b10c031ca,1090000027,1.t.2.b.ii,metric_label_update,1. Number of overhead circuit miles upgraded,Transmission,HFTD Tier 2,Rural,Non-WUI,Circuit miles,exact,11.38901517,,,SDG&E,2023,4,v3.1,0,4,SDGE_2023_Q4_Tables1-15.xlsx,Table 9,37,P37,https://efiling.energysafety.ca.gov/eFiling/Getfile.aspx?fileid=53475&shareable=true
T9R-edd0ee5317cabadb,1090000028,1.t.2.c.i,metric_label_update,1. Number of overhead circuit miles upgraded,Transmission,HFTD Tier 2,Highly rural,WUI,Circuit miles,exact,0,,,SDG&E,2023,1,v3.1,0,4,SDGE_2023_Q4_Tables1-15.xlsx,Table 9,38,M38,https://efiling.energysafety.ca.gov/eFiling/Getfile.aspx?fileid=53475&shareable=true
T9R-8a874911c82ee180,1090000028,1.t.2.c.i,metric_label_update,1. Number of overhead circuit miles upgraded,Transmission,HFTD Tier 2,Highly rural,WUI,Circuit miles,exact,0,,,SDG&E,2023,2,v3.1,0,4,SDGE_2023_Q4_Tables1-15.xlsx,Table 9,38,N38,https://efiling.energysafety.ca.gov/eFiling/Getfile.aspx?fileid=53475&shareable=true
T9R-89c5634ce651d537,1090000028,1.t.2.c.i,metric_label_update,1. Number of overhead circuit miles upgraded,Transmission,HFTD Tier 2,Highly rural,WUI,Circuit miles,exact,0,,,SDG&E,2023,3,v3.1,0,4,SDGE_2023_Q4_Tables1-15.xlsx,Table 9,38,O38,https://efiling.energysafety.ca.gov/eFiling/Getfile.aspx?fileid=53475&shareable=true
T9R-35089816d897f74c,1090000028,1.t.2.c.i,metric_label_update,1. Number of overhead circuit miles upgraded,Transmission,HFTD Tier 2,Highly rural,WUI,Circuit miles,exact,0,,,SDG&E,2023,4,v3.1,0,4,SDGE_2023_Q4_Tables1-15.xlsx,Table 9,38,P38,https://efiling.energysafety.ca.gov/eFiling/Getfile.aspx?fileid=53475&shareable=true
T9R-e45f64e83dfa676c,1090000029,1.t.2.c.ii,metric_label_update,1. Number of overhead circuit miles upgraded,Transmission,HFTD Tier 2,Highly rural,Non-WUI,Circuit miles,exact,0,,,SDG&E,2023,1,v3.1,0,4,SDGE_2023_Q4_Tables1-15.xlsx,Table 9,39,M39,https://efiling.energysafety.ca.gov/eFiling/Getfile.aspx?fileid=53475&shareable=true
T9R-911a644aa2634676,1090000029,1.t.2.c.ii,metric_label_update,1. Number of overhead circuit miles upgraded,Transmission,HFTD Tier 2,Highly rural,Non-WUI,Circuit miles,exact,0,,,SDG&E,2023,2,v3.1,0,4,SDGE_2023_Q4_Tables1-15.xlsx,Table 9,39,N39,https://efiling.energysafety.ca.gov/eFiling/Getfile.aspx?fileid=53475&shareable=true
T9R-c1aea47e611553d6,1090000029,1.t.2.c.ii,metric_label_update,1. Number of overhead circuit miles upgraded,Transmission,HFTD Tier 2,Highly rural,Non-WUI,Circuit miles,exact,0,,,SDG&E,2023,3,v3.1,0,4,SDGE_2023_Q4_Tables1-15.xlsx,Table 9,39,O39,https://efiling.energysafety.ca.gov/eFiling/Getfile.aspx?fileid=53475&shareable=true
T9R-f559310a979d84e7,1090000029,1.t.2.c.ii,metric_label_update,1. Number of overhead circuit miles upgraded,Transmission,HFTD Tier 2,Highly rural,Non-WUI,Circuit miles,exact,0,,,SDG&E,2023,4,v3.1,0,4,SDGE_2023_Q4_Tables1-15.xlsx,Table 9,39,P39,https://efiling.energysafety.ca.gov/eFiling/Getfile.aspx?fileid=53475&shareable=true
T9R-37d1eba93c25f242,1090000030,1.t.3.a.i,metric_label_update,1. Number of overhead circuit miles upgraded,Transmission,HFTD Tier 3,Urban,WUI,Circuit miles,exact,0,,,SDG&E,2023,1,v3.1,0,4,SDGE_2023_Q4_Tables1-15.xlsx,Table 9,40,M40,https://efiling.energysafety.ca.gov/eFiling/Getfile.aspx?fileid=53475&shareable=true
T9R-85f1d0ebf3538859,1090000030,1.t.3.a.i,metric_label_update,1. Number of overhead circuit miles upgraded,Transmission,HFTD Tier 3,Urban,WUI,Circuit miles,exact,0,,,SDG&E,2023,2,v3.1,0,4,SDGE_2023_Q4_Tables1-15.xlsx,Table 9,40,N40,https://efiling.energysafety.ca.gov/eFiling/Getfile.aspx?fileid=53475&shareable=true
T9R-975c3d8b7801e21e,1090000030,1.t.3.a.i,metric_label_update,1. Number of overhead circuit miles upgraded,Transmission,HFTD Tier 3,Urban,WUI,Circuit miles,exact,0,,,SDG&E,2023,3,v3.1,0,4,SDGE_2023_Q4_Tables1-15.xlsx,Table 9,40,O40,https://efiling.energysafety.ca.gov/eFiling/Getfile.aspx?fileid=53475&shareable=true
T9R-6ec212858b28ec90,1090000030,1.t.3.a.i,metric_label_update,1. Number of overhead circuit miles upgraded,Transmission,HFTD Tier 3,Urban,WUI,Circuit miles,exact,0,,,SDG&E,2023,4,v3.1,0,4,SDGE_2023_Q4_Tables1-15.xlsx,Table 9,40,P40,https://efiling.energysafety.ca.gov/eFiling/Getfile.aspx?fileid=53475&shareable=true
T9R-e57414f15869c318,1090000031,1.t.3.a.ii,metric_label_update,1. Number of overhead circuit miles upgraded,Transmission,HFTD Tier 3,Urban,Non-WUI,Circuit miles,exact,0,,,SDG&E,2023,1,v3.1,0,4,SDGE_2023_Q4_Tables1-15.xlsx,Table 9,41,M41,https://efiling.energysafety.ca.gov/eFiling/Getfile.aspx?fileid=53475&shareable=true
T9R-033dbda239867232,1090000031,1.t.3.a.ii,metric_label_update,1. Number of overhead circuit miles upgraded,Transmission,HFTD Tier 3,Urban,Non-WUI,Circuit miles,exact,0,,,SDG&E,2023,2,v3.1,0,4,SDGE_2023_Q4_Tables1-15.xlsx,Table 9,41,N41,https://efiling.energysafety.ca.gov/eFiling/Getfile.aspx?fileid=53475&shareable=true
T9R-126d22b9665276de,1090000031,1.t.3.a.ii,metric_label_update,1. Number of overhead circuit miles upgraded,Transmission,HFTD Tier 3,Urban,Non-WUI,Circuit miles,exact,0,,,SDG&E,2023,3,v3.1,0,4,SDGE_2023_Q4_Tables1-15.xlsx,Table 9,41,O41,https://efiling.energysafety.ca.gov/eFiling/Getfile.aspx?fileid=53475&shareable=true
T9R-1b035ec16c79b481,1090000031,1.t.3.a.ii,metric_label_update,1. Number of overhead circuit miles upgraded,Transmission,HFTD Tier 3,Urban,Non-WUI,Circuit miles,exact,0,,,SDG&E,2023,4,v3.1,0,4,SDGE_2023_Q4_Tables1-15.xlsx,Table 9,41,P41,https://efiling.energysafety.ca.gov/eFiling/Getfile.aspx?fileid=53475&shareable=true
T9R-e37c7b4267ea9bf2,1090000032,1.t.3.b.i,metric_label_update,1. Number of overhead circuit miles upgraded,Transmission,HFTD Tier 3,Rural,WUI,Circuit miles,exact,0,,,SDG&E,2023,1,v3.1,0,4,SDGE_2023_Q4_Tables1-15.xlsx,Table 9,42,M42,https://efiling.energysafety.ca.gov/eFiling/Getfile.aspx?fileid=53475&shareable=true
T9R-3f899db267356a12,1090000032,1.t.3.b.i,metric_label_update,1. Number of overhead circuit miles upgraded,Transmission,HFTD Tier 3,Rural,WUI,Circuit miles,exact,0,,,SDG&E,2023,2,v3.1,0,4,SDGE_2023_Q4_Tables1-15.xlsx,Table 9,42,N42,https://efiling.energysafety.ca.gov/eFiling/Getfile.aspx?fileid=53475&shareable=true
T9R-89a08fcf2470cdc4,1090000032,1.t.3.b.i,metric_label_update,1. Number of overhead circuit miles upgraded,Transmission,HFTD Tier 3,Rural,WUI,Circuit miles,exact,0,,,SDG&E,2023,3,v3.1,0,4,SDGE_2023_Q4_Tables1-15.xlsx,Table 9,42,O42,https://efiling.energysafety.ca.gov/eFiling/Getfile.aspx?fileid=53475&shareable=true
T9R-06e738c321b9f744,1090000032,1.t.3.b.i,metric_label_update,1. Number of overhead circuit miles upgraded,Transmission,HFTD Tier 3,Rural,WUI,Circuit miles,exact,0,,,SDG&E,2023,4,v3.1,0,4,SDGE_2023_Q4_Tables1-15.xlsx,Table 9,42,P42,https://efiling.energysafety.ca.gov/eFiling/Getfile.aspx?fileid=53475&shareable=true
T9R-4794d7f0aa6014d8,1090000033,1.t.3.b.ii,metric_label_update,1. Number of overhead circuit miles upgraded,Transmission,HFTD Tier 3,Rural,Non-WUI,Circuit miles,exact,0,,,SDG&E,2023,1,v3.1,0,4,SDGE_2023_Q4_Tables1-15.xlsx,Table 9,43,M43,https://efiling.energysafety.ca.gov/eFiling/Getfile.aspx?fileid=53475&shareable=true
T9R-7ef20e504e31485b,1090000033,1.t.3.b.ii,metric_label_update,1. Number of overhead circuit miles upgraded,Transmission,HFTD Tier 3,Rural,Non-WUI,Circuit miles,exact,0,,,SDG&E,2023,2,v3.1,0,4,SDGE_2023_Q4_Tables1-15.xlsx,Table 9,43,N43,https://efiling.energysafety.ca.gov/eFiling/Getfile.aspx?fileid=53475&shareable=true
T9R-2e811528b339cb9f,1090000033,1.t.3.b.ii,metric_label_update,1. Number of overhead circuit miles upgraded,Transmission,HFTD Tier 3,Rural,Non-WUI,Circuit miles,exact,0,,,SDG&E,2023,3,v3.1,0,4,SDGE_2023_Q4_Tables1-15.xlsx,Table 9,43,O43,https://efiling.energysafety.ca.gov/eFiling/Getfile.aspx?fileid=53475&shareable=true
T9R-90d539e1a1f8e687,1090000033,1.t.3.b.ii,metric_label_update,1. Number of overhead circuit miles upgraded,Transmission,HFTD Tier 3,Rural,Non-WUI,Circuit miles,exact,0,,,SDG&E,2023,4,v3.1,0,4,SDGE_2023_Q4_Tables1-15.xlsx,Table 9,43,P43,https://efiling.energysafety.ca.gov/eFiling/Getfile.aspx?fileid=53475&shareable=true
T9R-4d583a61fbc9adc0,1090000034,1.t.3.c.i,metric_label_update,1. Number of overhead circuit miles upgraded,Transmission,HFTD Tier 3,Highly rural,WUI,Circuit miles,exact,0,,,SDG&E,2023,1,v3.1,0,4,SDGE_2023_Q4_Tables1-15.xlsx,Table 9,44,M44,https://efiling.energysafety.ca.gov/eFiling/Getfile.aspx?fileid=53475&shareable=true
T9R-960028c50e16d52a,1090000034,1.t.3.c.i,metric_label_update,1. Number of overhead circuit miles upgraded,Transmission,HFTD Tier 3,Highly rural,WUI,Circuit miles,exact,0,,,SDG&E,2023,2,v3.1,0,4,SDGE_2023_Q4_Tables1-15.xlsx,Table 9,44,N44,https://efiling.energysafety.ca.gov/eFiling/Getfile.aspx?fileid=53475&shareable=true
T9R-4d0d1e04bce7cd42,1090000034,1.t.3.c.i,metric_label_update,1. Number of overhead circuit miles upgraded,Transmission,HFTD Tier 3,Highly rural,WUI,Circuit miles,exact,0,,,SDG&E,2023,3,v3.1,0,4,SDGE_2023_Q4_Tables1-15.xlsx,Table 9,44,O44,https://efiling.energysafety.ca.gov/eFiling/Getfile.aspx?fileid=53475&shareable=true
T9R-22ab1f1f24c8f3c5,1090000034,1.t.3.c.i,metric_label_update,1. Number of overhead circuit miles upgraded,Transmission,HFTD Tier 3,Highly rural,WUI,Circuit miles,exact,0,,,SDG&E,2023,4,v3.1,0,4,SDGE_2023_Q4_Tables1-15.xlsx,Table 9,44,P44,https://efiling.energysafety.ca.gov/eFiling/Getfile.aspx?fileid=53475&shareable=true
T9R-7b2d3e60ac143e06,1090000035,1.t.3.c.ii,metric_label_update,1. Number of overhead circuit miles upgraded,Transmission,HFTD Tier 3,Highly rural,Non-WUI,Circuit miles,exact,0,,,SDG&E,2023,1,v3.1,0,4,SDGE_2023_Q4_Tables1-15.xlsx,Table 9,45,M45,https://efiling.energysafety.ca.gov/eFiling/Getfile.aspx?fileid=53475&shareable=true
T9R-87bfb809786ec0bc,1090000035,1.t.3.c.ii,metric_label_update,1. Number of overhead circuit miles upgraded,Transmission,HFTD Tier 3,Highly rural,Non-WUI,Circuit miles,exact,0,,,SDG&E,2023,2,v3.1,0,4,SDGE_2023_Q4_Tables1-15.xlsx,Table 9,45,N45,https://efiling.energysafety.ca.gov/eFiling/Getfile.aspx?fileid=53475&shareable=true
T9R-7803b5fb989683dc,1090000035,1.t.3.c.ii,metric_label_update,1. Number of overhead circuit miles upgraded,Transmission,HFTD Tier 3,Highly rural,Non-WUI,Circuit miles,exact,0,,,SDG&E,2023,3,v3.1,0,4,SDGE_2023_Q4_Tables1-15.xlsx,Table 9,45,O45,https://efiling.energysafety.ca.gov/eFiling/Getfile.aspx?fileid=53475&shareable=true
T9R-bbc756029fc69bb4,1090000035,1.t.3.c.ii,metric_label_update,1. Number of overhead circuit miles upgraded,Transmission,HFTD Tier 3,Highly rural,Non-WUI,Circuit miles,exact,0,,,SDG&E,2023,4,v3.1,0,4,SDGE_2023_Q4_Tables1-15.xlsx,Table 9,45,P45,https://efiling.energysafety.ca.gov/eFiling/Getfile.aspx?fileid=53475&shareable=true
T9R-df22ca290752f2e0,1090000036,2.0.a.i,metric_label_update_and_na_to_null,2. Number of substations upgraded,,Non-HFTD,Urban,WUI,Number of substations,exact,0,,,SDG&E,2023,1,v3.1,0,4,SDGE_2023_Q4_Tables1-15.xlsx,Table 9,46,M46,https://efiling.energysafety.ca.gov/eFiling/Getfile.aspx?fileid=53475&shareable=true
T9R-464a477327869cd0,1090000036,2.0.a.i,metric_label_update_and_na_to_null,2. Number of substations upgraded,,Non-HFTD,Urban,WUI,Number of substations,exact,0,,,SDG&E,2023,2,v3.1,0,4,SDGE_2023_Q4_Tables1-15.xlsx,Table 9,46,N46,https://efiling.energysafety.ca.gov/eFiling/Getfile.aspx?fileid=53475&shareable=true
T9R-3f19a066e6d75d85,1090000036,2.0.a.i,metric_label_update_and_na_to_null,2. Number of substations upgraded,,Non-HFTD,Urban,WUI,Number of substations,exact,0,,,SDG&E,2023,3,v3.1,0,4,SDGE_2023_Q4_Tables1-15.xlsx,Table 9,46,O46,https://efiling.energysafety.ca.gov/eFiling/Getfile.aspx?fileid=53475&shareable=true
T9R-86bec908c72d1d8e,1090000036,2.0.a.i,metric_label_update_and_na_to_null,2. Number of substations upgraded,,Non-HFTD,Urban,WUI,Number of substations,exact,0,,,SDG&E,2023,4,v3.1,0,4,SDGE_2023_Q4_Tables1-15.xlsx,Table 9,46,P46,https://efiling.energysafety.ca.gov/eFiling/Getfile.aspx?fileid=53475&shareable=true
T9R-c4695615eac3c909,1090000037,2.0.a.ii,metric_label_update_and_na_to_null,2. Number of substations upgraded,,Non-HFTD,Urban,Non-WUI,Number of substations,exact,0,,,SDG&E,2023,1,v3.1,0,4,SDGE_2023_Q4_Tables1-15.xlsx,Table 9,47,M47,https://efiling.energysafety.ca.gov/eFiling/Getfile.aspx?fileid=53475&shareable=true
T9R-bb2adeb74be4bdf7,1090000037,2.0.a.ii,metric_label_update_and_na_to_null,2. Number of substations upgraded,,Non-HFTD,Urban,Non-WUI,Number of substations,exact,0,,,SDG&E,2023,2,v3.1,0,4,SDGE_2023_Q4_Tables1-15.xlsx,Table 9,47,N47,https://efiling.energysafety.ca.gov/eFiling/Getfile.aspx?fileid=53475&shareable=true
T9R-9dc42a4476c00811,1090000037,2.0.a.ii,metric_label_update_and_na_to_null,2. Number of substations upgraded,,Non-HFTD,Urban,Non-WUI,Number of substations,exact,0,,,SDG&E,2023,3,v3.1,0,4,SDGE_2023_Q4_Tables1-15.xlsx,Table 9,47,O47,https://efiling.energysafety.ca.gov/eFiling/Getfile.aspx?fileid=53475&shareable=true
T9R-030c5c4e19346e2f,1090000037,2.0.a.ii,metric_label_update_and_na_to_null,2. Number of substations upgraded,,Non-HFTD,Urban,Non-WUI,Number of substations,exact,0,,,SDG&E,2023,4,v3.1,0,4,SDGE_2023_Q4_Tables1-15.xlsx,Table 9,47,P47,https://efiling.energysafety.ca.gov/eFiling/Getfile.aspx?fileid=53475&shareable=true
T9R-d65e2230ce3c2bbe,1090000038,2.0.b.i,metric_label_update_and_na_to_null,2. Number of substations upgraded,,Non-HFTD,Rural,WUI,Number of substations,exact,0,,,SDG&E,2023,1,v3.1,0,4,SDGE_2023_Q4_Tables1-15.xlsx,Table 9,48,M48,https://efiling.energysafety.ca.gov/eFiling/Getfile.aspx?fileid=53475&shareable=true
T9R-c85476b777635f81,1090000038,2.0.b.i,metric_label_update_and_na_to_null,2. Number of substations upgraded,,Non-HFTD,Rural,WUI,Number of substations,exact,0,,,SDG&E,2023,2,v3.1,0,4,SDGE_2023_Q4_Tables1-15.xlsx,Table 9,48,N48,https://efiling.energysafety.ca.gov/eFiling/Getfile.aspx?fileid=53475&shareable=true
T9R-38cc64a731adf732,1090000038,2.0.b.i,metric_label_update_and_na_to_null,2. Number of substations upgraded,,Non-HFTD,Rural,WUI,Number of substations,exact,0,,,SDG&E,2023,3,v3.1,0,4,SDGE_2023_Q4_Tables1-15.xlsx,Table 9,48,O48,https://efiling.energysafety.ca.gov/eFiling/Getfile.aspx?fileid=53475&shareable=true
T9R-cbd6ad94e576b93a,1090000038,2.0.b.i,metric_label_update_and_na_to_null,2. Number of substations upgraded,,Non-HFTD,Rural,WUI,Number of substations,exact,0,,,SDG&E,2023,4,v3.1,0,4,SDGE_2023_Q4_Tables1-15.xlsx,Table 9,48,P48,https://efiling.energysafety.ca.gov/eFiling/Getfile.aspx?fileid=53475&shareable=true
T9R-ce6adf086e414643,1090000039,2.0.b.ii,metric_label_update_and_na_to_null,2. Number of substations upgraded,,Non-HFTD,Rural,Non-WUI,Number of substations,exact,0,,,SDG&E,2023,1,v3.1,0,4,SDGE_2023_Q4_Tables1-15.xlsx,Table 9,49,M49,https://efiling.energysafety.ca.gov/eFiling/Getfile.aspx?fileid=53475&shareable=true
T9R-db7096d85edcef58,1090000039,2.0.b.ii,metric_label_update_and_na_to_null,2. Number of substations upgraded,,Non-HFTD,Rural,Non-WUI,Number of substations,exact,0,,,SDG&E,2023,2,v3.1,0,4,SDGE_2023_Q4_Tables1-15.xlsx,Table 9,49,N49,https://efiling.energysafety.ca.gov/eFiling/Getfile.aspx?fileid=53475&shareable=true
T9R-73ebf17c304ff00a,1090000039,2.0.b.ii,metric_label_update_and_na_to_null,2. Number of substations upgraded,,Non-HFTD,Rural,Non-WUI,Number of substations,exact,0,,,SDG&E,2023,3,v3.1,0,4,SDGE_2023_Q4_Tables1-15.xlsx,Table 9,49,O49,https://efiling.energysafety.ca.gov/eFiling/Getfile.aspx?fileid=53475&shareable=true
T9R-b2150f0558071906,1090000039,2.0.b.ii,metric_label_update_and_na_to_null,2. Number of substations upgraded,,Non-HFTD,Rural,Non-WUI,Number of substations,exact,0,,,SDG&E,2023,4,v3.1,0,4,SDGE_2023_Q4_Tables1-15.xlsx,Table 9,49,P49,https://efiling.energysafety.ca.gov/eFiling/Getfile.aspx?fileid=53475&shareable=true
T9R-7d07d4ff95634059,1090000040,2.0.c.i,metric_label_update_and_na_to_null,2. Number of substations upgraded,,Non-HFTD,Highly rural,WUI,Number of substations,exact,0,,,SDG&E,2023,1,v3.1,0,4,SDGE_2023_Q4_Tables1-15.xlsx,Table 9,50,M50,https://efiling.energysafety.ca.gov/eFiling/Getfile.aspx?fileid=53475&shareable=true
T9R-e776b46abed83ee0,1090000040,2.0.c.i,metric_label_update_and_na_to_null,2. Number of substations upgraded,,Non-HFTD,Highly rural,WUI,Number of substations,exact,0,,,SDG&E,2023,2,v3.1,0,4,SDGE_2023_Q4_Tables1-15.xlsx,Table 9,50,N50,https://efiling.energysafety.ca.gov/eFiling/Getfile.aspx?fileid=53475&shareable=true
T9R-667d9086511646e2,1090000040,2.0.c.i,metric_label_update_and_na_to_null,2. Number of substations upgraded,,Non-HFTD,Highly rural,WUI,Number of substations,exact,0,,,SDG&E,2023,3,v3.1,0,4,SDGE_2023_Q4_Tables1-15.xlsx,Table 9,50,O50,https://efiling.energysafety.ca.gov/eFiling/Getfile.aspx?fileid=53475&shareable=true
T9R-38ccd61de35257d1,1090000040,2.0.c.i,metric_label_update_and_na_to_null,2. Number of substations upgraded,,Non-HFTD,Highly rural,WUI,Number of substations,exact,0,,,SDG&E,2023,4,v3.1,0,4,SDGE_2023_Q4_Tables1-15.xlsx,Table 9,50,P50,https://efiling.energysafety.ca.gov/eFiling/Getfile.aspx?fileid=53475&shareable=true
T9R-298189bb0070ad96,1090000041,2.0.c.ii,metric_label_update_and_na_to_null,2. Number of substations upgraded,,Non-HFTD,Highly rural,Non-WUI,Number of substations,exact,0,,,SDG&E,2023,1,v3.1,0,4,SDGE_2023_Q4_Tables1-15.xlsx,Table 9,51,M51,https://efiling.energysafety.ca.gov/eFiling/Getfile.aspx?fileid=53475&shareable=true
T9R-f6fb7ac38e31ca76,1090000041,2.0.c.ii,metric_label_update_and_na_to_null,2. Number of substations upgraded,,Non-HFTD,Highly rural,Non-WUI,Number of substations,exact,0,,,SDG&E,2023,2,v3.1,0,4,SDGE_2023_Q4_Tables1-15.xlsx,Table 9,51,N51,https://efiling.energysafety.ca.gov/eFiling/Getfile.aspx?fileid=53475&shareable=true
T9R-6e5d41938cc41240,1090000041,2.0.c.ii,metric_label_update_and_na_to_null,2. Number of substations upgraded,,Non-HFTD,Highly rural,Non-WUI,Number of substations,exact,0,,,SDG&E,2023,3,v3.1,0,4,SDGE_2023_Q4_Tables1-15.xlsx,Table 9,51,O51,https://efiling.energysafety.ca.gov/eFiling/Getfile.aspx?fileid=53475&shareable=true
T9R-b95766fa1dd67bff,1090000041,2.0.c.ii,metric_label_update_and_na_to_null,2. Number of substations upgraded,,Non-HFTD,Highly rural,Non-WUI,Number of substations,exact,0,,,SDG&E,2023,4,v3.1,0,4,SDGE_2023_Q4_Tables1-15.xlsx,Table 9,51,P51,https://efiling.energysafety.ca.gov/eFiling/Getfile.aspx?fileid=53475&shareable=true
T9R-1657e7510f852ef5,1090000042,2.2.a.i,metric_label_update_and_na_to_null,2. Number of substations upgraded,,HFTD Tier 2,Urban,WUI,Number of substations,exact,0,,,SDG&E,2023,1,v3.1,0,4,SDGE_2023_Q4_Tables1-15.xlsx,Table 9,52,M52,https://efiling.energysafety.ca.gov/eFiling/Getfile.aspx?fileid=53475&shareable=true
T9R-a083d075a49e0592,1090000042,2.2.a.i,metric_label_update_and_na_to_null,2. Number of substations upgraded,,HFTD Tier 2,Urban,WUI,Number of substations,exact,0,,,SDG&E,2023,2,v3.1,0,4,SDGE_2023_Q4_Tables1-15.xlsx,Table 9,52,N52,https://efiling.energysafety.ca.gov/eFiling/Getfile.aspx?fileid=53475&shareable=true
T9R-44168c4166ef62f1,1090000042,2.2.a.i,metric_label_update_and_na_to_null,2. Number of substations upgraded,,HFTD Tier 2,Urban,WUI,Number of substations,exact,0,,,SDG&E,2023,3,v3.1,0,4,SDGE_2023_Q4_Tables1-15.xlsx,Table 9,52,O52,https://efiling.energysafety.ca.gov/eFiling/Getfile.aspx?fileid=53475&shareable=true
T9R-122732f183969522,1090000042,2.2.a.i,metric_label_update_and_na_to_null,2. Number of substations upgraded,,HFTD Tier 2,Urban,WUI,Number of substations,exact,0,,,SDG&E,2023,4,v3.1,0,4,SDGE_2023_Q4_Tables1-15.xlsx,Table 9,52,P52,https://efiling.energysafety.ca.gov/eFiling/Getfile.aspx?fileid=53475&shareable=true
T9R-a7978df8f0a10a1f,1090000043,2.2.a.ii,metric_label_update_and_na_to_null,2. Number of substations upgraded,,HFTD Tier 2,Urban,Non-WUI,Number of substations,exact,0,,,SDG&E,2023,1,v3.1,0,4,SDGE_2023_Q4_Tables1-15.xlsx,Table 9,53,M53,https://efiling.energysafety.ca.gov/eFiling/Getfile.aspx?fileid=53475&shareable=true
T9R-702cba4995c54542,1090000043,2.2.a.ii,metric_label_update_and_na_to_null,2. Number of substations upgraded,,HFTD Tier 2,Urban,Non-WUI,Number of substations,exact,0,,,SDG&E,2023,2,v3.1,0,4,SDGE_2023_Q4_Tables1-15.xlsx,Table 9,53,N53,https://efiling.energysafety.ca.gov/eFiling/Getfile.aspx?fileid=53475&shareable=true
T9R-b8d3190755e7d5f0,1090000043,2.2.a.ii,metric_label_update_and_na_to_null,2. Number of substations upgraded,,HFTD Tier 2,Urban,Non-WUI,Number of substations,exact,0,,,SDG&E,2023,3,v3.1,0,4,SDGE_2023_Q4_Tables1-15.xlsx,Table 9,53,O53,https://efiling.energysafety.ca.gov/eFiling/Getfile.aspx?fileid=53475&shareable=true
T9R-a15316f9292f39a6,1090000043,2.2.a.ii,metric_label_update_and_na_to_null,2. Number of substations upgraded,,HFTD Tier 2,Urban,Non-WUI,Number of substations,exact,0,,,SDG&E,2023,4,v3.1,0,4,SDGE_2023_Q4_Tables1-15.xlsx,Table 9,53,P53,https://efiling.energysafety.ca.gov/eFiling/Getfile.aspx?fileid=53475&shareable=true
T9R-4c5ceb1688c654cc,1090000044,2.2.b.i,metric_label_update_and_na_to_null,2. Number of substations upgraded,,HFTD Tier 2,Rural,WUI,Number of substations,exact,0,,,SDG&E,2023,1,v3.1,0,4,SDGE_2023_Q4_Tables1-15.xlsx,Table 9,54,M54,https://efiling.energysafety.ca.gov/eFiling/Getfile.aspx?fileid=53475&shareable=true
T9R-c78ab7fcdb038ca1,1090000044,2.2.b.i,metric_label_update_and_na_to_null,2. Number of substations upgraded,,HFTD Tier 2,Rural,WUI,Number of substations,exact,0,,,SDG&E,2023,2,v3.1,0,4,SDGE_2023_Q4_Tables1-15.xlsx,Table 9,54,N54,https://efiling.energysafety.ca.gov/eFiling/Getfile.aspx?fileid=53475&shareable=true
T9R-5411e61ee90d0ed0,1090000044,2.2.b.i,metric_label_update_and_na_to_null,2. Number of substations upgraded,,HFTD Tier 2,Rural,WUI,Number of substations,exact,0,,,SDG&E,2023,3,v3.1,0,4,SDGE_2023_Q4_Tables1-15.xlsx,Table 9,54,O54,https://efiling.energysafety.ca.gov/eFiling/Getfile.aspx?fileid=53475&shareable=true
T9R-144ec284c58dda50,1090000044,2.2.b.i,metric_label_update_and_na_to_null,2. Number of substations upgraded,,HFTD Tier 2,Rural,WUI,Number of substations,exact,0,,,SDG&E,2023,4,v3.1,0,4,SDGE_2023_Q4_Tables1-15.xlsx,Table 9,54,P54,https://efiling.energysafety.ca.gov/eFiling/Getfile.aspx?fileid=53475&shareable=true
T9R-0bdbcd5ee6e249c9,1090000045,2.2.b.ii,metric_label_update_and_na_to_null,2. Number of substations upgraded,,HFTD Tier 2,Rural,Non-WUI,Number of substations,exact,0,,,SDG&E,2023,1,v3.1,0,4,SDGE_2023_Q4_Tables1-15.xlsx,Table 9,55,M55,https://efiling.energysafety.ca.gov/eFiling/Getfile.aspx?fileid=53475&shareable=true
T9R-6134c5dc3582aec6,1090000045,2.2.b.ii,metric_label_update_and_na_to_null,2. Number of substations upgraded,,HFTD Tier 2,Rural,Non-WUI,Number of substations,exact,0,,,SDG&E,2023,2,v3.1,0,4,SDGE_2023_Q4_Tables1-15.xlsx,Table 9,55,N55,https://efiling.energysafety.ca.gov/eFiling/Getfile.aspx?fileid=53475&shareable=true
T9R-ae3a594a79b174a9,1090000045,2.2.b.ii,metric_label_update_and_na_to_null,2. Number of substations upgraded,,HFTD Tier 2,Rural,Non-WUI,Number of substations,exact,0,,,SDG&E,2023,3,v3.1,0,4,SDGE_2023_Q4_Tables1-15.xlsx,Table 9,55,O55,https://efiling.energysafety.ca.gov/eFiling/Getfile.aspx?fileid=53475&shareable=true
T9R-ace7a62ef6e52311,1090000045,2.2.b.ii,metric_label_update_and_na_to_null,2. Number of substations upgraded,,HFTD Tier 2,Rural,Non-WUI,Number of substations,exact,0,,,SDG&E,2023,4,v3.1,0,4,SDGE_2023_Q4_Tables1-15.xlsx,Table 9,55,P55,https://efiling.energysafety.ca.gov/eFiling/Getfile.aspx?fileid=53475&shareable=true
T9R-6ce24d652e89a0bd,1090000046,2.2.c.i,metric_label_update_and_na_to_null,2. Number of substations upgraded,,HFTD Tier 2,Highly rural,WUI,Number of substations,exact,0,,,SDG&E,2023,1,v3.1,0,4,SDGE_2023_Q4_Tables1-15.xlsx,Table 9,56,M56,https://efiling.energysafety.ca.gov/eFiling/Getfile.aspx?fileid=53475&shareable=true
T9R-aa790f45a091d396,1090000046,2.2.c.i,metric_label_update_and_na_to_null,2. Number of substations upgraded,,HFTD Tier 2,Highly rural,WUI,Number of substations,exact,0,,,SDG&E,2023,2,v3.1,0,4,SDGE_2023_Q4_Tables1-15.xlsx,Table 9,56,N56,https://efiling.energysafety.ca.gov/eFiling/Getfile.aspx?fileid=53475&shareable=true
T9R-3234f9a033602296,1090000046,2.2.c.i,metric_label_update_and_na_to_null,2. Number of substations upgraded,,HFTD Tier 2,Highly rural,WUI,Number of substations,exact,0,,,SDG&E,2023,3,v3.1,0,4,SDGE_2023_Q4_Tables1-15.xlsx,Table 9,56,O56,https://efiling.energysafety.ca.gov/eFiling/Getfile.aspx?fileid=53475&shareable=true
T9R-4403ad07a95a2fbf,1090000046,2.2.c.i,metric_label_update_and_na_to_null,2. Number of substations upgraded,,HFTD Tier 2,Highly rural,WUI,Number of substations,exact,0,,,SDG&E,2023,4,v3.1,0,4,SDGE_2023_Q4_Tables1-15.xlsx,Table 9,56,P56,https://efiling.energysafety.ca.gov/eFiling/Getfile.aspx?fileid=53475&shareable=true
T9R-70178ecad8739a96,1090000047,2.2.c.ii,metric_label_update_and_na_to_null,2. Number of substations upgraded,,HFTD Tier 2,Highly rural,Non-WUI,Number of substations,exact,0,,,SDG&E,2023,1,v3.1,0,4,SDGE_2023_Q4_Tables1-15.xlsx,Table 9,57,M57,https://efiling.energysafety.ca.gov/eFiling/Getfile.aspx?fileid=53475&shareable=true
T9R-5e8a8ea2cbd66f3b,1090000047,2.2.c.ii,metric_label_update_and_na_to_null,2. Number of substations upgraded,,HFTD Tier 2,Highly rural,Non-WUI,Number of substations,exact,0,,,SDG&E,2023,2,v3.1,0,4,SDGE_2023_Q4_Tables1-15.xlsx,Table 9,57,N57,https://efiling.energysafety.ca.gov/eFiling/Getfile.aspx?fileid=53475&shareable=true
T9R-a37ede434a01f3f2,1090000047,2.2.c.ii,metric_label_update_and_na_to_null,2. Number of substations upgraded,,HFTD Tier 2,Highly rural,Non-WUI,Number of substations,exact,0,,,SDG&E,2023,3,v3.1,0,4,SDGE_2023_Q4_Tables1-15.xlsx,Table 9,57,O57,https://efiling.energysafety.ca.gov/eFiling/Getfile.aspx?fileid=53475&shareable=true
T9R-b1b1d723423617ef,1090000047,2.2.c.ii,metric_label_update_and_na_to_null,2. Number of substations upgraded,,HFTD Tier 2,Highly rural,Non-WUI,Number of substations,exact,0,,,SDG&E,2023,4,v3.1,0,4,SDGE_2023_Q4_Tables1-15.xlsx,Table 9,57,P57,https://efiling.energysafety.ca.gov/eFiling/Getfile.aspx?fileid=53475&shareable=true
T9R-abf85c58cff11aa4,1090000048,2.3.a.i,metric_label_update_and_na_to_null,2. Number of substations upgraded,,HFTD Tier 3,Urban,WUI,Number of substations,exact,0,,,SDG&E,2023,1,v3.1,0,4,SDGE_2023_Q4_Tables1-15.xlsx,Table 9,58,M58,https://efiling.energysafety.ca.gov/eFiling/Getfile.aspx?fileid=53475&shareable=true
T9R-203b19527e4c7f0e,1090000048,2.3.a.i,metric_label_update_and_na_to_null,2. Number of substations upgraded,,HFTD Tier 3,Urban,WUI,Number of substations,exact,0,,,SDG&E,2023,2,v3.1,0,4,SDGE_2023_Q4_Tables1-15.xlsx,Table 9,58,N58,https://efiling.energysafety.ca.gov/eFiling/Getfile.aspx?fileid=53475&shareable=true
T9R-4279d25b8554955e,1090000048,2.3.a.i,metric_label_update_and_na_to_null,2. Number of substations upgraded,,HFTD Tier 3,Urban,WUI,Number of substations,exact,0,,,SDG&E,2023,3,v3.1,0,4,SDGE_2023_Q4_Tables1-15.xlsx,Table 9,58,O58,https://efiling.energysafety.ca.gov/eFiling/Getfile.aspx?fileid=53475&shareable=true
T9R-0557abb3458b5078,1090000048,2.3.a.i,metric_label_update_and_na_to_null,2. Number of substations upgraded,,HFTD Tier 3,Urban,WUI,Number of substations,exact,0,,,SDG&E,2023,4,v3.1,0,4,SDGE_2023_Q4_Tables1-15.xlsx,Table 9,58,P58,https://efiling.energysafety.ca.gov/eFiling/Getfile.aspx?fileid=53475&shareable=true
T9R-789c184f32766c95,1090000049,2.3.a.ii,metric_label_update_and_na_to_null,2. Number of substations upgraded,,HFTD Tier 3,Urban,Non-WUI,Number of substations,exact,0,,,SDG&E,2023,1,v3.1,0,4,SDGE_2023_Q4_Tables1-15.xlsx,Table 9,59,M59,https://efiling.energysafety.ca.gov/eFiling/Getfile.aspx?fileid=53475&shareable=true
T9R-56696be7816f8406,1090000049,2.3.a.ii,metric_label_update_and_na_to_null,2. Number of substations upgraded,,HFTD Tier 3,Urban,Non-WUI,Number of substations,exact,0,,,SDG&E,2023,2,v3.1,0,4,SDGE_2023_Q4_Tables1-15.xlsx,Table 9,59,N59,https://efiling.energysafety.ca.gov/eFiling/Getfile.aspx?fileid=53475&shareable=true
T9R-43f9b980ca8f1a45,1090000049,2.3.a.ii,metric_label_update_and_na_to_null,2. Number of substations upgraded,,HFTD Tier 3,Urban,Non-WUI,Number of substations,exact,0,,,SDG&E,2023,3,v3.1,0,4,SDGE_2023_Q4_Tables1-15.xlsx,Table 9,59,O59,https://efiling.energysafety.ca.gov/eFiling/Getfile.aspx?fileid=53475&shareable=true
T9R-4d1bddb97b9e3c88,1090000049,2.3.a.ii,metric_label_update_and_na_to_null,2. Number of substations upgraded,,HFTD Tier 3,Urban,Non-WUI,Number of substations,exact,0,,,SDG&E,2023,4,v3.1,0,4,SDGE_2023_Q4_Tables1-15.xlsx,Table 9,59,P59,https://efiling.energysafety.ca.gov/eFiling/Getfile.aspx?fileid=53475&shareable=true
T9R-b845d65d42d8bc1f,1090000050,2.3.b.i,metric_label_update_and_na_to_null,2. Number of substations upgraded,,HFTD Tier 3,Rural,WUI,Number of substations,exact,0,,,SDG&E,2023,1,v3.1,0,4,SDGE_2023_Q4_Tables1-15.xlsx,Table 9,60,M60,https://efiling.energysafety.ca.gov/eFiling/Getfile.aspx?fileid=53475&shareable=true
T9R-8f7762d8977df20e,1090000050,2.3.b.i,metric_label_update_and_na_to_null,2. Number of substations upgraded,,HFTD Tier 3,Rural,WUI,Number of substations,exact,0,,,SDG&E,2023,2,v3.1,0,4,SDGE_2023_Q4_Tables1-15.xlsx,Table 9,60,N60,https://efiling.energysafety.ca.gov/eFiling/Getfile.aspx?fileid=53475&shareable=true
T9R-066a68a153f5dc54,1090000050,2.3.b.i,metric_label_update_and_na_to_null,2. Number of substations upgraded,,HFTD Tier 3,Rural,WUI,Number of substations,exact,0,,,SDG&E,2023,3,v3.1,0,4,SDGE_2023_Q4_Tables1-15.xlsx,Table 9,60,O60,https://efiling.energysafety.ca.gov/eFiling/Getfile.aspx?fileid=53475&shareable=true
T9R-7dde21573230c9c9,1090000050,2.3.b.i,metric_label_update_and_na_to_null,2. Number of substations upgraded,,HFTD Tier 3,Rural,WUI,Number of substations,exact,0,,,SDG&E,2023,4,v3.1,0,4,SDGE_2023_Q4_Tables1-15.xlsx,Table 9,60,P60,https://efiling.energysafety.ca.gov/eFiling/Getfile.aspx?fileid=53475&shareable=true
T9R-377044669fde7723,1090000051,2.3.b.ii,metric_label_update_and_na_to_null,2. Number of substations upgraded,,HFTD Tier 3,Rural,Non-WUI,Number of substations,exact,0,,,SDG&E,2023,1,v3.1,0,4,SDGE_2023_Q4_Tables1-15.xlsx,Table 9,61,M61,https://efiling.energysafety.ca.gov/eFiling/Getfile.aspx?fileid=53475&shareable=true
T9R-a6a679d4973f46cb,1090000051,2.3.b.ii,metric_label_update_and_na_to_null,2. Number of substations upgraded,,HFTD Tier 3,Rural,Non-WUI,Number of substations,exact,0,,,SDG&E,2023,2,v3.1,0,4,SDGE_2023_Q4_Tables1-15.xlsx,Table 9,61,N61,https://efiling.energysafety.ca.gov/eFiling/Getfile.aspx?fileid=53475&shareable=true
T9R-9502be7626544f80,1090000051,2.3.b.ii,metric_label_update_and_na_to_null,2. Number of substations upgraded,,HFTD Tier 3,Rural,Non-WUI,Number of substations,exact,0,,,SDG&E,2023,3,v3.1,0,4,SDGE_2023_Q4_Tables1-15.xlsx,Table 9,61,O61,https://efiling.energysafety.ca.gov/eFiling/Getfile.aspx?fileid=53475&shareable=true
T9R-f9992ff0807428d2,1090000051,2.3.b.ii,metric_label_update_and_na_to_null,2. Number of substations upgraded,,HFTD Tier 3,Rural,Non-WUI,Number of substations,exact,1,,,SDG&E,2023,4,v3.1,0,4,SDGE_2023_Q4_Tables1-15.xlsx,Table 9,61,P61,https://efiling.energysafety.ca.gov/eFiling/Getfile.aspx?fileid=53475&shareable=true
T9R-be22875f0b8bf78a,1090000052,2.3.c.i,metric_label_update_and_na_to_null,2. Number of substations upgraded,,HFTD Tier 3,Highly rural,WUI,Number of substations,exact,0,,,SDG&E,2023,1,v3.1,0,4,SDGE_2023_Q4_Tables1-15.xlsx,Table 9,62,M62,https://efiling.energysafety.ca.gov/eFiling/Getfile.aspx?fileid=53475&shareable=true
T9R-14a0f4e2c620864a,1090000052,2.3.c.i,metric_label_update_and_na_to_null,2. Number of substations upgraded,,HFTD Tier 3,Highly rural,WUI,Number of substations,exact,0,,,SDG&E,2023,2,v3.1,0,4,SDGE_2023_Q4_Tables1-15.xlsx,Table 9,62,N62,https://efiling.energysafety.ca.gov/eFiling/Getfile.aspx?fileid=53475&shareable=true
T9R-437882a364ff0f4a,1090000052,2.3.c.i,metric_label_update_and_na_to_null,2. Number of substations upgraded,,HFTD Tier 3,Highly rural,WUI,Number of substations,exact,0,,,SDG&E,2023,3,v3.1,0,4,SDGE_2023_Q4_Tables1-15.xlsx,Table 9,62,O62,https://efiling.energysafety.ca.gov/eFiling/Getfile.aspx?fileid=53475&shareable=true
T9R-8e44fa8c704da953,1090000052,2.3.c.i,metric_label_update_and_na_to_null,2. Number of substations upgraded,,HFTD Tier 3,Highly rural,WUI,Number of substations,exact,0,,,SDG&E,2023,4,v3.1,0,4,SDGE_2023_Q4_Tables1-15.xlsx,Table 9,62,P62,https://efiling.energysafety.ca.gov/eFiling/Getfile.aspx?fileid=53475&shareable=true
T9R-f2389fdff87270cd,1090000053,2.3.c.ii,metric_label_update_and_na_to_null,2. Number of substations upgraded,,HFTD Tier 3,Highly rural,Non-WUI,Number of substations,exact,0,,,SDG&E,2023,1,v3.1,0,4,SDGE_2023_Q4_Tables1-15.xlsx,Table 9,63,M63,https://efiling.energysafety.ca.gov/eFiling/Getfile.aspx?fileid=53475&shareable=true
T9R-f07119c9af2ad092,1090000053,2.3.c.ii,metric_label_update_and_na_to_null,2. Number of substations upgraded,,HFTD Tier 3,Highly rural,Non-WUI,Number of substations,exact,0,,,SDG&E,2023,2,v3.1,0,4,SDGE_2023_Q4_Tables1-15.xlsx,Table 9,63,N63,https://efiling.energysafety.ca.gov/eFiling/Getfile.aspx?fileid=53475&shareable=true
T9R-86fb2f3439629250,1090000053,2.3.c.ii,metric_label_update_and_na_to_null,2. Number of substations upgraded,,HFTD Tier 3,Highly rural,Non-WUI,Number of substations,exact,0,,,SDG&E,2023,3,v3.1,0,4,SDGE_2023_Q4_Tables1-15.xlsx,Table 9,63,O63,https://efiling.energysafety.ca.gov/eFiling/Getfile.aspx?fileid=53475&shareable=true
T9R-a95269049dc0ed0c,1090000053,2.3.c.ii,metric_label_update_and_na_to_null,2. Number of substations upgraded,,HFTD Tier 3,Highly rural,Non-WUI,Number of substations,exact,0,,,SDG&E,2023,4,v3.1,0,4,SDGE_2023_Q4_Tables1-15.xlsx,Table 9,63,P63,https://efiling.energysafety.ca.gov/eFiling/Getfile.aspx?fileid=53475&shareable=true
T9R-d2cafb246cf5f55d,1090000054,3.0.a.i,metric_label_update_and_na_to_null,3. Number of weather stations with hardware upgraded,,Non-HFTD,Urban,WUI,Number of weather stations,exact,0,,,SDG&E,2023,1,v3.1,0,4,SDGE_2023_Q4_Tables1-15.xlsx,Table 9,64,M64,https://efiling.energysafety.ca.gov/eFiling/Getfile.aspx?fileid=53475&shareable=true
T9R-dd682b748e240610,1090000054,3.0.a.i,metric_label_update_and_na_to_null,3. Number of weather stations with hardware upgraded,,Non-HFTD,Urban,WUI,Number of weather stations,exact,0,,,SDG&E,2023,2,v3.1,0,4,SDGE_2023_Q4_Tables1-15.xlsx,Table 9,64,N64,https://efiling.energysafety.ca.gov/eFiling/Getfile.aspx?fileid=53475&shareable=true
T9R-8d4443fde83b8d01,1090000054,3.0.a.i,metric_label_update_and_na_to_null,3. Number of weather stations with hardware upgraded,,Non-HFTD,Urban,WUI,Number of weather stations,exact,0,,,SDG&E,2023,3,v3.1,0,4,SDGE_2023_Q4_Tables1-15.xlsx,Table 9,64,O64,https://efiling.energysafety.ca.gov/eFiling/Getfile.aspx?fileid=53475&shareable=true
T9R-3d52010f4b9fd7ce,1090000054,3.0.a.i,metric_label_update_and_na_to_null,3. Number of weather stations with hardware upgraded,,Non-HFTD,Urban,WUI,Number of weather stations,exact,0,,,SDG&E,2023,4,v3.1,0,4,SDGE_2023_Q4_Tables1-15.xlsx,Table 9,64,P64,https://efiling.energysafety.ca.gov/eFiling/Getfile.aspx?fileid=53475&shareable=true
T9R-81792adcee4078ac,1090000055,3.0.a.ii,metric_label_update_and_na_to_null,3. Number of weather stations with hardware upgraded,,Non-HFTD,Urban,Non-WUI,Number of weather stations,exact,0,,,SDG&E,2023,1,v3.1,0,4,SDGE_2023_Q4_Tables1-15.xlsx,Table 9,65,M65,https://efiling.energysafety.ca.gov/eFiling/Getfile.aspx?fileid=53475&shareable=true
T9R-8291f86ed410488c,1090000055,3.0.a.ii,metric_label_update_and_na_to_null,3. Number of weather stations with hardware upgraded,,Non-HFTD,Urban,Non-WUI,Number of weather stations,exact,0,,,SDG&E,2023,2,v3.1,0,4,SDGE_2023_Q4_Tables1-15.xlsx,Table 9,65,N65,https://efiling.energysafety.ca.gov/eFiling/Getfile.aspx?fileid=53475&shareable=true
T9R-cd6172c38a0b19a1,1090000055,3.0.a.ii,metric_label_update_and_na_to_null,3. Number of weather stations with hardware upgraded,,Non-HFTD,Urban,Non-WUI,Number of weather stations,exact,0,,,SDG&E,2023,3,v3.1,0,4,SDGE_2023_Q4_Tables1-15.xlsx,Table 9,65,O65,https://efiling.energysafety.ca.gov/eFiling/Getfile.aspx?fileid=53475&shareable=true
T9R-a763caa172e253c8,1090000055,3.0.a.ii,metric_label_update_and_na_to_null,3. Number of weather stations with hardware upgraded,,Non-HFTD,Urban,Non-WUI,Number of weather stations,exact,0,,,SDG&E,2023,4,v3.1,0,4,SDGE_2023_Q4_Tables1-15.xlsx,Table 9,65,P65,https://efiling.energysafety.ca.gov/eFiling/Getfile.aspx?fileid=53475&shareable=true
T9R-9ccd8a980e96bcd7,1090000056,3.0.b.i,metric_label_update_and_na_to_null,3. Number of weather stations with hardware upgraded,,Non-HFTD,Rural,WUI,Number of weather stations,exact,0,,,SDG&E,2023,1,v3.1,0,4,SDGE_2023_Q4_Tables1-15.xlsx,Table 9,66,M66,https://efiling.energysafety.ca.gov/eFiling/Getfile.aspx?fileid=53475&shareable=true
T9R-0175840b91b55d2b,1090000056,3.0.b.i,metric_label_update_and_na_to_null,3. Number of weather stations with hardware upgraded,,Non-HFTD,Rural,WUI,Number of weather stations,exact,0,,,SDG&E,2023,2,v3.1,0,4,SDGE_2023_Q4_Tables1-15.xlsx,Table 9,66,N66,https://efiling.energysafety.ca.gov/eFiling/Getfile.aspx?fileid=53475&shareable=true
T9R-8b4b98a8f7a949c0,1090000056,3.0.b.i,metric_label_update_and_na_to_null,3. Number of weather stations with hardware upgraded,,Non-HFTD,Rural,WUI,Number of weather stations,exact,0,,,SDG&E,2023,3,v3.1,0,4,SDGE_2023_Q4_Tables1-15.xlsx,Table 9,66,O66,https://efiling.energysafety.ca.gov/eFiling/Getfile.aspx?fileid=53475&shareable=true
T9R-73397981998d7d2a,1090000056,3.0.b.i,metric_label_update_and_na_to_null,3. Number of weather stations with hardware upgraded,,Non-HFTD,Rural,WUI,Number of weather stations,exact,0,,,SDG&E,2023,4,v3.1,0,4,SDGE_2023_Q4_Tables1-15.xlsx,Table 9,66,P66,https://efiling.energysafety.ca.gov/eFiling/Getfile.aspx?fileid=53475&shareable=true
T9R-fd558146f9d28d60,1090000057,3.0.b.ii,metric_label_update_and_na_to_null,3. Number of weather stations with hardware upgraded,,Non-HFTD,Rural,Non-WUI,Number of weather stations,exact,0,,,SDG&E,2023,1,v3.1,0,4,SDGE_2023_Q4_Tables1-15.xlsx,Table 9,67,M67,https://efiling.energysafety.ca.gov/eFiling/Getfile.aspx?fileid=53475&shareable=true
T9R-6d780453b8d67dca,1090000057,3.0.b.ii,metric_label_update_and_na_to_null,3. Number of weather stations with hardware upgraded,,Non-HFTD,Rural,Non-WUI,Number of weather stations,exact,0,,,SDG&E,2023,2,v3.1,0,4,SDGE_2023_Q4_Tables1-15.xlsx,Table 9,67,N67,https://efiling.energysafety.ca.gov/eFiling/Getfile.aspx?fileid=53475&shareable=true
T9R-0c5f2069dd78483d,1090000057,3.0.b.ii,metric_label_update_and_na_to_null,3. Number of weather stations with hardware upgraded,,Non-HFTD,Rural,Non-WUI,Number of weather stations,exact,0,,,SDG&E,2023,3,v3.1,0,4,SDGE_2023_Q4_Tables1-15.xlsx,Table 9,67,O67,https://efiling.energysafety.ca.gov/eFiling/Getfile.aspx?fileid=53475&shareable=true
T9R-245117468adc8306,1090000057,3.0.b.ii,metric_label_update_and_na_to_null,3. Number of weather stations with hardware upgraded,,Non-HFTD,Rural,Non-WUI,Number of weather stations,exact,0,,,SDG&E,2023,4,v3.1,0,4,SDGE_2023_Q4_Tables1-15.xlsx,Table 9,67,P67,https://efiling.energysafety.ca.gov/eFiling/Getfile.aspx?fileid=53475&shareable=true
T9R-02f3fdc7420702af,1090000058,3.0.c.i,metric_label_update_and_na_to_null,3. Number of weather stations with hardware upgraded,,Non-HFTD,Highly rural,WUI,Number of weather stations,exact,0,,,SDG&E,2023,1,v3.1,0,4,SDGE_2023_Q4_Tables1-15.xlsx,Table 9,68,M68,https://efiling.energysafety.ca.gov/eFiling/Getfile.aspx?fileid=53475&shareable=true
T9R-5ca25d36378da205,1090000058,3.0.c.i,metric_label_update_and_na_to_null,3. Number of weather stations with hardware upgraded,,Non-HFTD,Highly rural,WUI,Number of weather stations,exact,0,,,SDG&E,2023,2,v3.1,0,4,SDGE_2023_Q4_Tables1-15.xlsx,Table 9,68,N68,https://efiling.energysafety.ca.gov/eFiling/Getfile.aspx?fileid=53475&shareable=true
T9R-b4142a34dd3f588a,1090000058,3.0.c.i,metric_label_update_and_na_to_null,3. Number of weather stations with hardware upgraded,,Non-HFTD,Highly rural,WUI,Number of weather stations,exact,0,,,SDG&E,2023,3,v3.1,0,4,SDGE_2023_Q4_Tables1-15.xlsx,Table 9,68,O68,https://efiling.energysafety.ca.gov/eFiling/Getfile.aspx?fileid=53475&shareable=true
T9R-2e2d5929c31c70c8,1090000058,3.0.c.i,metric_label_update_and_na_to_null,3. Number of weather stations with hardware upgraded,,Non-HFTD,Highly rural,WUI,Number of weather stations,exact,0,,,SDG&E,2023,4,v3.1,0,4,SDGE_2023_Q4_Tables1-15.xlsx,Table 9,68,P68,https://efiling.energysafety.ca.gov/eFiling/Getfile.aspx?fileid=53475&shareable=true
T9R-74fc7c6086f4b99c,1090000059,3.0.c.ii,metric_label_update_and_na_to_null,3. Number of weather stations with hardware upgraded,,Non-HFTD,Highly rural,Non-WUI,Number of weather stations,exact,1,,,SDG&E,2023,1,v3.1,0,4,SDGE_2023_Q4_Tables1-15.xlsx,Table 9,69,M69,https://efiling.energysafety.ca.gov/eFiling/Getfile.aspx?fileid=53475&shareable=true
T9R-c2f3770c0251884f,1090000059,3.0.c.ii,metric_label_update_and_na_to_null,3. Number of weather stations with hardware upgraded,,Non-HFTD,Highly rural,Non-WUI,Number of weather stations,exact,0,,,SDG&E,2023,2,v3.1,0,4,SDGE_2023_Q4_Tables1-15.xlsx,Table 9,69,N69,https://efiling.energysafety.ca.gov/eFiling/Getfile.aspx?fileid=53475&shareable=true
T9R-67dd5f59fe0255be,1090000059,3.0.c.ii,metric_label_update_and_na_to_null,3. Number of weather stations with hardware upgraded,,Non-HFTD,Highly rural,Non-WUI,Number of weather stations,exact,0,,,SDG&E,2023,3,v3.1,0,4,SDGE_2023_Q4_Tables1-15.xlsx,Table 9,69,O69,https://efiling.energysafety.ca.gov/eFiling/Getfile.aspx?fileid=53475&shareable=true
T9R-74a6171e9e87d395,1090000059,3.0.c.ii,metric_label_update_and_na_to_null,3. Number of weather stations with hardware upgraded,,Non-HFTD,Highly rural,Non-WUI,Number of weather stations,exact,0,,,SDG&E,2023,4,v3.1,0,4,SDGE_2023_Q4_Tables1-15.xlsx,Table 9,69,P69,https://efiling.energysafety.ca.gov/eFiling/Getfile.aspx?fileid=53475&shareable=true
T9R-e75d3343817e13c1,1090000060,3.2.a.i,metric_label_update_and_na_to_null,3. Number of weather stations with hardware upgraded,,HFTD Tier 2,Urban,WUI,Number of weather stations,exact,0,,,SDG&E,2023,1,v3.1,0,4,SDGE_2023_Q4_Tables1-15.xlsx,Table 9,70,M70,https://efiling.energysafety.ca.gov/eFiling/Getfile.aspx?fileid=53475&shareable=true
T9R-e620941b624ccad3,1090000060,3.2.a.i,metric_label_update_and_na_to_null,3. Number of weather stations with hardware upgraded,,HFTD Tier 2,Urban,WUI,Number of weather stations,exact,0,,,SDG&E,2023,2,v3.1,0,4,SDGE_2023_Q4_Tables1-15.xlsx,Table 9,70,N70,https://efiling.energysafety.ca.gov/eFiling/Getfile.aspx?fileid=53475&shareable=true
T9R-8d46f8122435a6ee,1090000060,3.2.a.i,metric_label_update_and_na_to_null,3. Number of weather stations with hardware upgraded,,HFTD Tier 2,Urban,WUI,Number of weather stations,exact,0,,,SDG&E,2023,3,v3.1,0,4,SDGE_2023_Q4_Tables1-15.xlsx,Table 9,70,O70,https://efiling.energysafety.ca.gov/eFiling/Getfile.aspx?fileid=53475&shareable=true
T9R-123e0183bfb7e520,1090000060,3.2.a.i,metric_label_update_and_na_to_null,3. Number of weather stations with hardware upgraded,,HFTD Tier 2,Urban,WUI,Number of weather stations,exact,0,,,SDG&E,2023,4,v3.1,0,4,SDGE_2023_Q4_Tables1-15.xlsx,Table 9,70,P70,https://efiling.energysafety.ca.gov/eFiling/Getfile.aspx?fileid=53475&shareable=true
T9R-ff81a5b203c97350,1090000061,3.2.a.ii,metric_label_update_and_na_to_null,3. Number of weather stations with hardware upgraded,,HFTD Tier 2,Urban,Non-WUI,Number of weather stations,exact,0,,,SDG&E,2023,1,v3.1,0,4,SDGE_2023_Q4_Tables1-15.xlsx,Table 9,71,M71,https://efiling.energysafety.ca.gov/eFiling/Getfile.aspx?fileid=53475&shareable=true
T9R-5ae3dde741c54c2b,1090000061,3.2.a.ii,metric_label_update_and_na_to_null,3. Number of weather stations with hardware upgraded,,HFTD Tier 2,Urban,Non-WUI,Number of weather stations,exact,0,,,SDG&E,2023,2,v3.1,0,4,SDGE_2023_Q4_Tables1-15.xlsx,Table 9,71,N71,https://efiling.energysafety.ca.gov/eFiling/Getfile.aspx?fileid=53475&shareable=true
T9R-f219eb8cf5b830e4,1090000061,3.2.a.ii,metric_label_update_and_na_to_null,3. Number of weather stations with hardware upgraded,,HFTD Tier 2,Urban,Non-WUI,Number of weather stations,exact,0,,,SDG&E,2023,3,v3.1,0,4,SDGE_2023_Q4_Tables1-15.xlsx,Table 9,71,O71,https://efiling.energysafety.ca.gov/eFiling/Getfile.aspx?fileid=53475&shareable=true
T9R-8b0a94619f6e8f55,1090000061,3.2.a.ii,metric_label_update_and_na_to_null,3. Number of weather stations with hardware upgraded,,HFTD Tier 2,Urban,Non-WUI,Number of weather stations,exact,0,,,SDG&E,2023,4,v3.1,0,4,SDGE_2023_Q4_Tables1-15.xlsx,Table 9,71,P71,https://efiling.energysafety.ca.gov/eFiling/Getfile.aspx?fileid=53475&shareable=true
T9R-d8506d1ce7cfcc46,1090000062,3.2.b.i,metric_label_update_and_na_to_null,3. Number of weather stations with hardware upgraded,,HFTD Tier 2,Rural,WUI,Number of weather stations,exact,0,,,SDG&E,2023,1,v3.1,0,4,SDGE_2023_Q4_Tables1-15.xlsx,Table 9,72,M72,https://efiling.energysafety.ca.gov/eFiling/Getfile.aspx?fileid=53475&shareable=true
T9R-190e1ad80827bf29,1090000062,3.2.b.i,metric_label_update_and_na_to_null,3. Number of weather stations with hardware upgraded,,HFTD Tier 2,Rural,WUI,Number of weather stations,exact,0,,,SDG&E,2023,2,v3.1,0,4,SDGE_2023_Q4_Tables1-15.xlsx,Table 9,72,N72,https://efiling.energysafety.ca.gov/eFiling/Getfile.aspx?fileid=53475&shareable=true
T9R-bd2b6c3e6c5441a4,1090000062,3.2.b.i,metric_label_update_and_na_to_null,3. Number of weather stations with hardware upgraded,,HFTD Tier 2,Rural,WUI,Number of weather stations,exact,1,,,SDG&E,2023,3,v3.1,0,4,SDGE_2023_Q4_Tables1-15.xlsx,Table 9,72,O72,https://efiling.energysafety.ca.gov/eFiling/Getfile.aspx?fileid=53475&shareable=true
T9R-ca0992b4967a2159,1090000062,3.2.b.i,metric_label_update_and_na_to_null,3. Number of weather stations with hardware upgraded,,HFTD Tier 2,Rural,WUI,Number of weather stations,exact,0,,,SDG&E,2023,4,v3.1,0,4,SDGE_2023_Q4_Tables1-15.xlsx,Table 9,72,P72,https://efiling.energysafety.ca.gov/eFiling/Getfile.aspx?fileid=53475&shareable=true
T9R-dfdaf7fc15e346c5,1090000063,3.2.b.ii,metric_label_update_and_na_to_null,3. Number of weather stations with hardware upgraded,,HFTD Tier 2,Rural,Non-WUI,Number of weather stations,exact,4,,,SDG&E,2023,1,v3.1,0,4,SDGE_2023_Q4_Tables1-15.xlsx,Table 9,73,M73,https://efiling.energysafety.ca.gov/eFiling/Getfile.aspx?fileid=53475&shareable=true
T9R-e663f28c8f41cfd1,1090000063,3.2.b.ii,metric_label_update_and_na_to_null,3. Number of weather stations with hardware upgraded,,HFTD Tier 2,Rural,Non-WUI,Number of weather stations,exact,0,,,SDG&E,2023,2,v3.1,0,4,SDGE_2023_Q4_Tables1-15.xlsx,Table 9,73,N73,https://efiling.energysafety.ca.gov/eFiling/Getfile.aspx?fileid=53475&shareable=true
T9R-eb8010acaca8555d,1090000063,3.2.b.ii,metric_label_update_and_na_to_null,3. Number of weather stations with hardware upgraded,,HFTD Tier 2,Rural,Non-WUI,Number of weather stations,exact,5,,,SDG&E,2023,3,v3.1,0,4,SDGE_2023_Q4_Tables1-15.xlsx,Table 9,73,O73,https://efiling.energysafety.ca.gov/eFiling/Getfile.aspx?fileid=53475&shareable=true
T9R-3637e138ee8e7a39,1090000063,3.2.b.ii,metric_label_update_and_na_to_null,3. Number of weather stations with hardware upgraded,,HFTD Tier 2,Rural,Non-WUI,Number of weather stations,exact,0,,,SDG&E,2023,4,v3.1,0,4,SDGE_2023_Q4_Tables1-15.xlsx,Table 9,73,P73,https://efiling.energysafety.ca.gov/eFiling/Getfile.aspx?fileid=53475&shareable=true
T9R-9cca6bf0a9878b01,1090000064,3.2.c.i,metric_label_update_and_na_to_null,3. Number of weather stations with hardware upgraded,,HFTD Tier 2,Highly rural,WUI,Number of weather stations,exact,0,,,SDG&E,2023,1,v3.1,0,4,SDGE_2023_Q4_Tables1-15.xlsx,Table 9,74,M74,https://efiling.energysafety.ca.gov/eFiling/Getfile.aspx?fileid=53475&shareable=true
T9R-375e7de5a0f7e257,1090000064,3.2.c.i,metric_label_update_and_na_to_null,3. Number of weather stations with hardware upgraded,,HFTD Tier 2,Highly rural,WUI,Number of weather stations,exact,0,,,SDG&E,2023,2,v3.1,0,4,SDGE_2023_Q4_Tables1-15.xlsx,Table 9,74,N74,https://efiling.energysafety.ca.gov/eFiling/Getfile.aspx?fileid=53475&shareable=true
T9R-e871c7159178aa24,1090000064,3.2.c.i,metric_label_update_and_na_to_null,3. Number of weather stations with hardware upgraded,,HFTD Tier 2,Highly rural,WUI,Number of weather stations,exact,0,,,SDG&E,2023,3,v3.1,0,4,SDGE_2023_Q4_Tables1-15.xlsx,Table 9,74,O74,https://efiling.energysafety.ca.gov/eFiling/Getfile.aspx?fileid=53475&shareable=true
T9R-022429decb8c0dcb,1090000064,3.2.c.i,metric_label_update_and_na_to_null,3. Number of weather stations with hardware upgraded,,HFTD Tier 2,Highly rural,WUI,Number of weather stations,exact,0,,,SDG&E,2023,4,v3.1,0,4,SDGE_2023_Q4_Tables1-15.xlsx,Table 9,74,P74,https://efiling.energysafety.ca.gov/eFiling/Getfile.aspx?fileid=53475&shareable=true
T9R-d9b826c3d1bb1a79,1090000065,3.2.c.ii,metric_label_update_and_na_to_null,3. Number of weather stations with hardware upgraded,,HFTD Tier 2,Highly rural,Non-WUI,Number of weather stations,exact,0,,,SDG&E,2023,1,v3.1,0,4,SDGE_2023_Q4_Tables1-15.xlsx,Table 9,75,M75,https://efiling.energysafety.ca.gov/eFiling/Getfile.aspx?fileid=53475&shareable=true
T9R-ee5b9aaea4478443,1090000065,3.2.c.ii,metric_label_update_and_na_to_null,3. Number of weather stations with hardware upgraded,,HFTD Tier 2,Highly rural,Non-WUI,Number of weather stations,exact,1,,,SDG&E,2023,2,v3.1,0,4,SDGE_2023_Q4_Tables1-15.xlsx,Table 9,75,N75,https://efiling.energysafety.ca.gov/eFiling/Getfile.aspx?fileid=53475&shareable=true
T9R-f5accc84c2254b99,1090000065,3.2.c.ii,metric_label_update_and_na_to_null,3. Number of weather stations with hardware upgraded,,HFTD Tier 2,Highly rural,Non-WUI,Number of weather stations,exact,1,,,SDG&E,2023,3,v3.1,0,4,SDGE_2023_Q4_Tables1-15.xlsx,Table 9,75,O75,https://efiling.energysafety.ca.gov/eFiling/Getfile.aspx?fileid=53475&shareable=true
T9R-cc60da3bd7756b7e,1090000065,3.2.c.ii,metric_label_update_and_na_to_null,3. Number of weather stations with hardware upgraded,,HFTD Tier 2,Highly rural,Non-WUI,Number of weather stations,exact,0,,,SDG&E,2023,4,v3.1,0,4,SDGE_2023_Q4_Tables1-15.xlsx,Table 9,75,P75,https://efiling.energysafety.ca.gov/eFiling/Getfile.aspx?fileid=53475&shareable=true
T9R-eda94e7fffea27c9,1090000066,3.3.a.i,metric_label_update_and_na_to_null,3. Number of weather stations with hardware upgraded,,HFTD Tier 3,Urban,WUI,Number of weather stations,exact,0,,,SDG&E,2023,1,v3.1,0,4,SDGE_2023_Q4_Tables1-15.xlsx,Table 9,76,M76,https://efiling.energysafety.ca.gov/eFiling/Getfile.aspx?fileid=53475&shareable=true
T9R-85afdcb7b431c905,1090000066,3.3.a.i,metric_label_update_and_na_to_null,3. Number of weather stations with hardware upgraded,,HFTD Tier 3,Urban,WUI,Number of weather stations,exact,0,,,SDG&E,2023,2,v3.1,0,4,SDGE_2023_Q4_Tables1-15.xlsx,Table 9,76,N76,https://efiling.energysafety.ca.gov/eFiling/Getfile.aspx?fileid=53475&shareable=true
T9R-335658d8fc8349c7,1090000066,3.3.a.i,metric_label_update_and_na_to_null,3. Number of weather stations with hardware upgraded,,HFTD Tier 3,Urban,WUI,Number of weather stations,exact,0,,,SDG&E,2023,3,v3.1,0,4,SDGE_2023_Q4_Tables1-15.xlsx,Table 9,76,O76,https://efiling.energysafety.ca.gov/eFiling/Getfile.aspx?fileid=53475&shareable=true
T9R-f17dd7678c8fffae,1090000066,3.3.a.i,metric_label_update_and_na_to_null,3. Number of weather stations with hardware upgraded,,HFTD Tier 3,Urban,WUI,Number of weather stations,exact,0,,,SDG&E,2023,4,v3.1,0,4,SDGE_2023_Q4_Tables1-15.xlsx,Table 9,76,P76,https://efiling.energysafety.ca.gov/eFiling/Getfile.aspx?fileid=53475&shareable=true
T9R-819c526af64f6a86,1090000067,3.3.a.ii,metric_label_update_and_na_to_null,3. Number of weather stations with hardware upgraded,,HFTD Tier 3,Urban,Non-WUI,Number of weather stations,exact,0,,,SDG&E,2023,1,v3.1,0,4,SDGE_2023_Q4_Tables1-15.xlsx,Table 9,77,M77,https://efiling.energysafety.ca.gov/eFiling/Getfile.aspx?fileid=53475&shareable=true
T9R-4eecffaf04df00df,1090000067,3.3.a.ii,metric_label_update_and_na_to_null,3. Number of weather stations with hardware upgraded,,HFTD Tier 3,Urban,Non-WUI,Number of weather stations,exact,0,,,SDG&E,2023,2,v3.1,0,4,SDGE_2023_Q4_Tables1-15.xlsx,Table 9,77,N77,https://efiling.energysafety.ca.gov/eFiling/Getfile.aspx?fileid=53475&shareable=true
T9R-8333d9bdde5c56ef,1090000067,3.3.a.ii,metric_label_update_and_na_to_null,3. Number of weather stations with hardware upgraded,,HFTD Tier 3,Urban,Non-WUI,Number of weather stations,exact,0,,,SDG&E,2023,3,v3.1,0,4,SDGE_2023_Q4_Tables1-15.xlsx,Table 9,77,O77,https://efiling.energysafety.ca.gov/eFiling/Getfile.aspx?fileid=53475&shareable=true
T9R-e1b89a1629cd27bf,1090000067,3.3.a.ii,metric_label_update_and_na_to_null,3. Number of weather stations with hardware upgraded,,HFTD Tier 3,Urban,Non-WUI,Number of weather stations,exact,0,,,SDG&E,2023,4,v3.1,0,4,SDGE_2023_Q4_Tables1-15.xlsx,Table 9,77,P77,https://efiling.energysafety.ca.gov/eFiling/Getfile.aspx?fileid=53475&shareable=true
T9R-7f3128c35a2af31a,1090000068,3.3.b.i,metric_label_update_and_na_to_null,3. Number of weather stations with hardware upgraded,,HFTD Tier 3,Rural,WUI,Number of weather stations,exact,0,,,SDG&E,2023,1,v3.1,0,4,SDGE_2023_Q4_Tables1-15.xlsx,Table 9,78,M78,https://efiling.energysafety.ca.gov/eFiling/Getfile.aspx?fileid=53475&shareable=true
T9R-f8b48c962077d58e,1090000068,3.3.b.i,metric_label_update_and_na_to_null,3. Number of weather stations with hardware upgraded,,HFTD Tier 3,Rural,WUI,Number of weather stations,exact,2,,,SDG&E,2023,2,v3.1,0,4,SDGE_2023_Q4_Tables1-15.xlsx,Table 9,78,N78,https://efiling.energysafety.ca.gov/eFiling/Getfile.aspx?fileid=53475&shareable=true
T9R-3320e73182ad36da,1090000068,3.3.b.i,metric_label_update_and_na_to_null,3. Number of weather stations with hardware upgraded,,HFTD Tier 3,Rural,WUI,Number of weather stations,exact,1,,,SDG&E,2023,3,v3.1,0,4,SDGE_2023_Q4_Tables1-15.xlsx,Table 9,78,O78,https://efiling.energysafety.ca.gov/eFiling/Getfile.aspx?fileid=53475&shareable=true
T9R-3a19dd2de0b1353a,1090000068,3.3.b.i,metric_label_update_and_na_to_null,3. Number of weather stations with hardware upgraded,,HFTD Tier 3,Rural,WUI,Number of weather stations,exact,0,,,SDG&E,2023,4,v3.1,0,4,SDGE_2023_Q4_Tables1-15.xlsx,Table 9,78,P78,https://efiling.energysafety.ca.gov/eFiling/Getfile.aspx?fileid=53475&shareable=true
T9R-d43613e9a9e0b9b4,1090000069,3.3.b.ii,metric_label_update_and_na_to_null,3. Number of weather stations with hardware upgraded,,HFTD Tier 3,Rural,Non-WUI,Number of weather stations,exact,0,,,SDG&E,2023,1,v3.1,0,4,SDGE_2023_Q4_Tables1-15.xlsx,Table 9,79,M79,https://efiling.energysafety.ca.gov/eFiling/Getfile.aspx?fileid=53475&shareable=true
T9R-c408796af29ee86b,1090000069,3.3.b.ii,metric_label_update_and_na_to_null,3. Number of weather stations with hardware upgraded,,HFTD Tier 3,Rural,Non-WUI,Number of weather stations,exact,5,,,SDG&E,2023,2,v3.1,0,4,SDGE_2023_Q4_Tables1-15.xlsx,Table 9,79,N79,https://efiling.energysafety.ca.gov/eFiling/Getfile.aspx?fileid=53475&shareable=true
T9R-8cc3e04d8372d643,1090000069,3.3.b.ii,metric_label_update_and_na_to_null,3. Number of weather stations with hardware upgraded,,HFTD Tier 3,Rural,Non-WUI,Number of weather stations,exact,4,,,SDG&E,2023,3,v3.1,0,4,SDGE_2023_Q4_Tables1-15.xlsx,Table 9,79,O79,https://efiling.energysafety.ca.gov/eFiling/Getfile.aspx?fileid=53475&shareable=true
T9R-0b9ae79e3f8dad49,1090000069,3.3.b.ii,metric_label_update_and_na_to_null,3. Number of weather stations with hardware upgraded,,HFTD Tier 3,Rural,Non-WUI,Number of weather stations,exact,0,,,SDG&E,2023,4,v3.1,0,4,SDGE_2023_Q4_Tables1-15.xlsx,Table 9,79,P79,https://efiling.energysafety.ca.gov/eFiling/Getfile.aspx?fileid=53475&shareable=true
T9R-8748b5eeefb6d5e2,1090000070,3.3.c.i,metric_label_update_and_na_to_null,3. Number of weather stations with hardware upgraded,,HFTD Tier 3,Highly rural,WUI,Number of weather stations,exact,0,,,SDG&E,2023,1,v3.1,0,4,SDGE_2023_Q4_Tables1-15.xlsx,Table 9,80,M80,https://efiling.energysafety.ca.gov/eFiling/Getfile.aspx?fileid=53475&shareable=true
T9R-b2a721df72bebf9f,1090000070,3.3.c.i,metric_label_update_and_na_to_null,3. Number of weather stations with hardware upgraded,,HFTD Tier 3,Highly rural,WUI,Number of weather stations,exact,0,,,SDG&E,2023,2,v3.1,0,4,SDGE_2023_Q4_Tables1-15.xlsx,Table 9,80,N80,https://efiling.energysafety.ca.gov/eFiling/Getfile.aspx?fileid=53475&shareable=true
T9R-4f771357b4d96dd7,1090000070,3.3.c.i,metric_label_update_and_na_to_null,3. Number of weather stations with hardware upgraded,,HFTD Tier 3,Highly rural,WUI,Number of weather stations,exact,0,,,SDG&E,2023,3,v3.1,0,4,SDGE_2023_Q4_Tables1-15.xlsx,Table 9,80,O80,https://efiling.energysafety.ca.gov/eFiling/Getfile.aspx?fileid=53475&shareable=true
T9R-a7ce2ace69d5a626,1090000070,3.3.c.i,metric_label_update_and_na_to_null,3. Number of weather stations with hardware upgraded,,HFTD Tier 3,Highly rural,WUI,Number of weather stations,exact,0,,,SDG&E,2023,4,v3.1,0,4,SDGE_2023_Q4_Tables1-15.xlsx,Table 9,80,P80,https://efiling.energysafety.ca.gov/eFiling/Getfile.aspx?fileid=53475&shareable=true
T9R-46f2a0f67b811ffa,1090000071,3.3.c.ii,metric_label_update_and_na_to_null,3. Number of weather stations with hardware upgraded,,HFTD Tier 3,Highly rural,Non-WUI,Number of weather stations,exact,0,,,SDG&E,2023,1,v3.1,0,4,SDGE_2023_Q4_Tables1-15.xlsx,Table 9,81,M81,https://efiling.energysafety.ca.gov/eFiling/Getfile.aspx?fileid=53475&shareable=true
T9R-71e6fd158300e0e3,1090000071,3.3.c.ii,metric_label_update_and_na_to_null,3. Number of weather stations with hardware upgraded,,HFTD Tier 3,Highly rural,Non-WUI,Number of weather stations,exact,2,,,SDG&E,2023,2,v3.1,0,4,SDGE_2023_Q4_Tables1-15.xlsx,Table 9,81,N81,https://efiling.energysafety.ca.gov/eFiling/Getfile.aspx?fileid=53475&shareable=true
T9R-6d0fc1797e916445,1090000071,3.3.c.ii,metric_label_update_and_na_to_null,3. Number of weather stations with hardware upgraded,,HFTD Tier 3,Highly rural,Non-WUI,Number of weather stations,exact,0,,,SDG&E,2023,3,v3.1,0,4,SDGE_2023_Q4_Tables1-15.xlsx,Table 9,81,O81,https://efiling.energysafety.ca.gov/eFiling/Getfile.aspx?fileid=53475&shareable=true
T9R-462bbd104d09749d,1090000071,3.3.c.ii,metric_label_update_and_na_to_null,3. Number of weather stations with hardware upgraded,,HFTD Tier 3,Highly rural,Non-WUI,Number of weather stations,exact,0,,,SDG&E,2023,4,v3.1,0,4,SDGE_2023_Q4_Tables1-15.xlsx,Table 9,81,P81,https://efiling.energysafety.ca.gov/eFiling/Getfile.aspx?fileid=53475&shareable=true
T9R-63c6e2c73db7c675,1090000000,1.d.0.a.i,metric_label_update,1. Number of overhead circuit miles upgraded,Distribution,Non-HFTD,Urban,WUI,Circuit miles,exact,0,,,SDG&E,2024,1,v3.2,2,1,SDGE_2024_Q1_Tables1-15_R2.xlsx,Table 9,10,I10,https://efiling.energysafety.ca.gov/eFiling/Getfile.aspx?fileid=56226&shareable=true
T9R-af894ed648007ca3,1090000001,1.d.0.a.ii,metric_label_update,1. Number of overhead circuit miles upgraded,Distribution,Non-HFTD,Urban,Non-WUI,Circuit miles,exact,0,,,SDG&E,2024,1,v3.2,2,1,SDGE_2024_Q1_Tables1-15_R2.xlsx,Table 9,11,I11,https://efiling.energysafety.ca.gov/eFiling/Getfile.aspx?fileid=56226&shareable=true
T9R-332b14c7ad74e226,1090000002,1.d.0.b.i,metric_label_update,1. Number of overhead circuit miles upgraded,Distribution,Non-HFTD,Rural,WUI,Circuit miles,exact,0,,,SDG&E,2024,1,v3.2,2,1,SDGE_2024_Q1_Tables1-15_R2.xlsx,Table 9,12,I12,https://efiling.energysafety.ca.gov/eFiling/Getfile.aspx?fileid=56226&shareable=true
T9R-d79d3472f50dac91,1090000003,1.d.0.b.ii,metric_label_update,1. Number of overhead circuit miles upgraded,Distribution,Non-HFTD,Rural,Non-WUI,Circuit miles,exact,0,,,SDG&E,2024,1,v3.2,2,1,SDGE_2024_Q1_Tables1-15_R2.xlsx,Table 9,13,I13,https://efiling.energysafety.ca.gov/eFiling/Getfile.aspx?fileid=56226&shareable=true
T9R-3c8c71bc2281ce06,1090000004,1.d.0.c.i,metric_label_update,1. Number of overhead circuit miles upgraded,Distribution,Non-HFTD,Highly rural,WUI,Circuit miles,exact,0,,,SDG&E,2024,1,v3.2,2,1,SDGE_2024_Q1_Tables1-15_R2.xlsx,Table 9,14,I14,https://efiling.energysafety.ca.gov/eFiling/Getfile.aspx?fileid=56226&shareable=true
T9R-ad065c8a188e0010,1090000005,1.d.0.c.ii,metric_label_update,1. Number of overhead circuit miles upgraded,Distribution,Non-HFTD,Highly rural,Non-WUI,Circuit miles,exact,0,,,SDG&E,2024,1,v3.2,2,1,SDGE_2024_Q1_Tables1-15_R2.xlsx,Table 9,15,I15,https://efiling.energysafety.ca.gov/eFiling/Getfile.aspx?fileid=56226&shareable=true
T9R-11c35dd5fb32a0e5,1090000006,1.d.2.a.i,metric_label_update,1. Number of overhead circuit miles upgraded,Distribution,HFTD Tier 2,Urban,WUI,Circuit miles,exact,0,,,SDG&E,2024,1,v3.2,2,1,SDGE_2024_Q1_Tables1-15_R2.xlsx,Table 9,16,I16,https://efiling.energysafety.ca.gov/eFiling/Getfile.aspx?fileid=56226&shareable=true
T9R-1ce54fb12f718e55,1090000007,1.d.2.a.ii,metric_label_update,1. Number of overhead circuit miles upgraded,Distribution,HFTD Tier 2,Urban,Non-WUI,Circuit miles,exact,0.02,,,SDG&E,2024,1,v3.2,2,1,SDGE_2024_Q1_Tables1-15_R2.xlsx,Table 9,17,I17,https://efiling.energysafety.ca.gov/eFiling/Getfile.aspx?fileid=56226&shareable=true
T9R-1460fafa42e3787d,1090000008,1.d.2.b.i,metric_label_update,1. Number of overhead circuit miles upgraded,Distribution,HFTD Tier 2,Rural,WUI,Circuit miles,exact,0.38,,,SDG&E,2024,1,v3.2,2,1,SDGE_2024_Q1_Tables1-15_R2.xlsx,Table 9,18,I18,https://efiling.energysafety.ca.gov/eFiling/Getfile.aspx?fileid=56226&shareable=true
T9R-eb55c527f0085ffc,1090000009,1.d.2.b.ii,metric_label_update,1. Number of overhead circuit miles upgraded,Distribution,HFTD Tier 2,Rural,Non-WUI,Circuit miles,exact,6.44,,,SDG&E,2024,1,v3.2,2,1,SDGE_2024_Q1_Tables1-15_R2.xlsx,Table 9,19,I19,https://efiling.energysafety.ca.gov/eFiling/Getfile.aspx?fileid=56226&shareable=true
T9R-0c47598aad55dcb2,1090000010,1.d.2.c.i,metric_label_update,1. Number of overhead circuit miles upgraded,Distribution,HFTD Tier 2,Highly rural,WUI,Circuit miles,exact,0,,,SDG&E,2024,1,v3.2,2,1,SDGE_2024_Q1_Tables1-15_R2.xlsx,Table 9,20,I20,https://efiling.energysafety.ca.gov/eFiling/Getfile.aspx?fileid=56226&shareable=true
T9R-2465901a08d3e261,1090000011,1.d.2.c.ii,metric_label_update,1. Number of overhead circuit miles upgraded,Distribution,HFTD Tier 2,Highly rural,Non-WUI,Circuit miles,exact,0,,,SDG&E,2024,1,v3.2,2,1,SDGE_2024_Q1_Tables1-15_R2.xlsx,Table 9,21,I21,https://efiling.energysafety.ca.gov/eFiling/Getfile.aspx?fileid=56226&shareable=true
T9R-62d4ec19bb51e6d0,1090000012,1.d.3.a.i,metric_label_update,1. Number of overhead circuit miles upgraded,Distribution,HFTD Tier 3,Urban,WUI,Circuit miles,exact,0,,,SDG&E,2024,1,v3.2,2,1,SDGE_2024_Q1_Tables1-15_R2.xlsx,Table 9,22,I22,https://efiling.energysafety.ca.gov/eFiling/Getfile.aspx?fileid=56226&shareable=true
T9R-e0d0b4345afe7b39,1090000013,1.d.3.a.ii,metric_label_update,1. Number of overhead circuit miles upgraded,Distribution,HFTD Tier 3,Urban,Non-WUI,Circuit miles,exact,0,,,SDG&E,2024,1,v3.2,2,1,SDGE_2024_Q1_Tables1-15_R2.xlsx,Table 9,23,I23,https://efiling.energysafety.ca.gov/eFiling/Getfile.aspx?fileid=56226&shareable=true
T9R-b6c91acf158284db,1090000014,1.d.3.b.i,metric_label_update,1. Number of overhead circuit miles upgraded,Distribution,HFTD Tier 3,Rural,WUI,Circuit miles,exact,0.75,,,SDG&E,2024,1,v3.2,2,1,SDGE_2024_Q1_Tables1-15_R2.xlsx,Table 9,24,I24,https://efiling.energysafety.ca.gov/eFiling/Getfile.aspx?fileid=56226&shareable=true
T9R-20d51e0d665a6a4d,1090000015,1.d.3.b.ii,metric_label_update,1. Number of overhead circuit miles upgraded,Distribution,HFTD Tier 3,Rural,Non-WUI,Circuit miles,exact,0.8,,,SDG&E,2024,1,v3.2,2,1,SDGE_2024_Q1_Tables1-15_R2.xlsx,Table 9,25,I25,https://efiling.energysafety.ca.gov/eFiling/Getfile.aspx?fileid=56226&shareable=true
T9R-d59291a64727dce0,1090000016,1.d.3.c.i,metric_label_update,1. Number of overhead circuit miles upgraded,Distribution,HFTD Tier 3,Highly rural,WUI,Circuit miles,exact,0,,,SDG&E,2024,1,v3.2,2,1,SDGE_2024_Q1_Tables1-15_R2.xlsx,Table 9,26,I26,https://efiling.energysafety.ca.gov/eFiling/Getfile.aspx?fileid=56226&shareable=true
T9R-9c370558af6823d4,1090000017,1.d.3.c.ii,metric_label_update,1. Number of overhead circuit miles upgraded,Distribution,HFTD Tier 3,Highly rural,Non-WUI,Circuit miles,exact,0,,,SDG&E,2024,1,v3.2,2,1,SDGE_2024_Q1_Tables1-15_R2.xlsx,Table 9,27,I27,https://efiling.energysafety.ca.gov/eFiling/Getfile.aspx?fileid=56226&shareable=true
T9R-80176b5f312a3d91,1090000018,1.t.0.a.i,metric_label_update,1. Number of overhead circuit miles upgraded,Transmission,Non-HFTD,Urban,WUI,Circuit miles,exact,0,,,SDG&E,2024,1,v3.2,2,1,SDGE_2024_Q1_Tables1-15_R2.xlsx,Table 9,28,I28,https://efiling.energysafety.ca.gov/eFiling/Getfile.aspx?fileid=56226&shareable=true
T9R-1a2380146e8e2ce7,1090000019,1.t.0.a.ii,metric_label_update,1. Number of overhead circuit miles upgraded,Transmission,Non-HFTD,Urban,Non-WUI,Circuit miles,exact,0,,,SDG&E,2024,1,v3.2,2,1,SDGE_2024_Q1_Tables1-15_R2.xlsx,Table 9,29,I29,https://efiling.energysafety.ca.gov/eFiling/Getfile.aspx?fileid=56226&shareable=true
T9R-d24a19e9e34e857c,1090000020,1.t.0.b.i,metric_label_update,1. Number of overhead circuit miles upgraded,Transmission,Non-HFTD,Rural,WUI,Circuit miles,exact,0,,,SDG&E,2024,1,v3.2,2,1,SDGE_2024_Q1_Tables1-15_R2.xlsx,Table 9,30,I30,https://efiling.energysafety.ca.gov/eFiling/Getfile.aspx?fileid=56226&shareable=true
T9R-6bbbc22c9c13ec3a,1090000021,1.t.0.b.ii,metric_label_update,1. Number of overhead circuit miles upgraded,Transmission,Non-HFTD,Rural,Non-WUI,Circuit miles,exact,0,,,SDG&E,2024,1,v3.2,2,1,SDGE_2024_Q1_Tables1-15_R2.xlsx,Table 9,31,I31,https://efiling.energysafety.ca.gov/eFiling/Getfile.aspx?fileid=56226&shareable=true
T9R-622107f1d15091fa,1090000022,1.t.0.c.i,metric_label_update,1. Number of overhead circuit miles upgraded,Transmission,Non-HFTD,Highly rural,WUI,Circuit miles,exact,0,,,SDG&E,2024,1,v3.2,2,1,SDGE_2024_Q1_Tables1-15_R2.xlsx,Table 9,32,I32,https://efiling.energysafety.ca.gov/eFiling/Getfile.aspx?fileid=56226&shareable=true
T9R-2334967b79696f55,1090000023,1.t.0.c.ii,metric_label_update,1. Number of overhead circuit miles upgraded,Transmission,Non-HFTD,Highly rural,Non-WUI,Circuit miles,exact,0,,,SDG&E,2024,1,v3.2,2,1,SDGE_2024_Q1_Tables1-15_R2.xlsx,Table 9,33,I33,https://efiling.energysafety.ca.gov/eFiling/Getfile.aspx?fileid=56226&shareable=true
T9R-5b53149d9a492ab8,1090000024,1.t.2.a.i,metric_label_update,1. Number of overhead circuit miles upgraded,Transmission,HFTD Tier 2,Urban,WUI,Circuit miles,exact,0,,,SDG&E,2024,1,v3.2,2,1,SDGE_2024_Q1_Tables1-15_R2.xlsx,Table 9,34,I34,https://efiling.energysafety.ca.gov/eFiling/Getfile.aspx?fileid=56226&shareable=true
T9R-0718873759677537,1090000025,1.t.2.a.ii,metric_label_update,1. Number of overhead circuit miles upgraded,Transmission,HFTD Tier 2,Urban,Non-WUI,Circuit miles,exact,0,,,SDG&E,2024,1,v3.2,2,1,SDGE_2024_Q1_Tables1-15_R2.xlsx,Table 9,35,I35,https://efiling.energysafety.ca.gov/eFiling/Getfile.aspx?fileid=56226&shareable=true
T9R-0c009a1b0ac2f238,1090000026,1.t.2.b.i,metric_label_update,1. Number of overhead circuit miles upgraded,Transmission,HFTD Tier 2,Rural,WUI,Circuit miles,exact,0.1,,,SDG&E,2024,1,v3.2,2,1,SDGE_2024_Q1_Tables1-15_R2.xlsx,Table 9,36,I36,https://efiling.energysafety.ca.gov/eFiling/Getfile.aspx?fileid=56226&shareable=true
T9R-8f254d2ca55e0138,1090000027,1.t.2.b.ii,metric_label_update,1. Number of overhead circuit miles upgraded,Transmission,HFTD Tier 2,Rural,Non-WUI,Circuit miles,exact,1.04,,,SDG&E,2024,1,v3.2,2,1,SDGE_2024_Q1_Tables1-15_R2.xlsx,Table 9,37,I37,https://efiling.energysafety.ca.gov/eFiling/Getfile.aspx?fileid=56226&shareable=true
T9R-89c069e41de0795b,1090000028,1.t.2.c.i,metric_label_update,1. Number of overhead circuit miles upgraded,Transmission,HFTD Tier 2,Highly rural,WUI,Circuit miles,exact,0,,,SDG&E,2024,1,v3.2,2,1,SDGE_2024_Q1_Tables1-15_R2.xlsx,Table 9,38,I38,https://efiling.energysafety.ca.gov/eFiling/Getfile.aspx?fileid=56226&shareable=true
T9R-2343e144603d1b64,1090000029,1.t.2.c.ii,metric_label_update,1. Number of overhead circuit miles upgraded,Transmission,HFTD Tier 2,Highly rural,Non-WUI,Circuit miles,exact,0,,,SDG&E,2024,1,v3.2,2,1,SDGE_2024_Q1_Tables1-15_R2.xlsx,Table 9,39,I39,https://efiling.energysafety.ca.gov/eFiling/Getfile.aspx?fileid=56226&shareable=true
T9R-60ed55fc837aa18a,1090000030,1.t.3.a.i,metric_label_update,1. Number of overhead circuit miles upgraded,Transmission,HFTD Tier 3,Urban,WUI,Circuit miles,exact,0,,,SDG&E,2024,1,v3.2,2,1,SDGE_2024_Q1_Tables1-15_R2.xlsx,Table 9,40,I40,https://efiling.energysafety.ca.gov/eFiling/Getfile.aspx?fileid=56226&shareable=true
T9R-c41ab161f6f81767,1090000031,1.t.3.a.ii,metric_label_update,1. Number of overhead circuit miles upgraded,Transmission,HFTD Tier 3,Urban,Non-WUI,Circuit miles,exact,0,,,SDG&E,2024,1,v3.2,2,1,SDGE_2024_Q1_Tables1-15_R2.xlsx,Table 9,41,I41,https://efiling.energysafety.ca.gov/eFiling/Getfile.aspx?fileid=56226&shareable=true
T9R-13d1125031c686b0,1090000032,1.t.3.b.i,metric_label_update,1. Number of overhead circuit miles upgraded,Transmission,HFTD Tier 3,Rural,WUI,Circuit miles,exact,0,,,SDG&E,2024,1,v3.2,2,1,SDGE_2024_Q1_Tables1-15_R2.xlsx,Table 9,42,I42,https://efiling.energysafety.ca.gov/eFiling/Getfile.aspx?fileid=56226&shareable=true
T9R-e95676a8d4ac4391,1090000033,1.t.3.b.ii,metric_label_update,1. Number of overhead circuit miles upgraded,Transmission,HFTD Tier 3,Rural,Non-WUI,Circuit miles,exact,0,,,SDG&E,2024,1,v3.2,2,1,SDGE_2024_Q1_Tables1-15_R2.xlsx,Table 9,43,I43,https://efiling.energysafety.ca.gov/eFiling/Getfile.aspx?fileid=56226&shareable=true
T9R-dc3d6b10d6f5a48e,1090000034,1.t.3.c.i,metric_label_update,1. Number of overhead circuit miles upgraded,Transmission,HFTD Tier 3,Highly rural,WUI,Circuit miles,exact,0,,,SDG&E,2024,1,v3.2,2,1,SDGE_2024_Q1_Tables1-15_R2.xlsx,Table 9,44,I44,https://efiling.energysafety.ca.gov/eFiling/Getfile.aspx?fileid=56226&shareable=true
T9R-09941ff1831532c6,1090000035,1.t.3.c.ii,metric_label_update,1. Number of overhead circuit miles upgraded,Transmission,HFTD Tier 3,Highly rural,Non-WUI,Circuit miles,exact,0,,,SDG&E,2024,1,v3.2,2,1,SDGE_2024_Q1_Tables1-15_R2.xlsx,Table 9,45,I45,https://efiling.energysafety.ca.gov/eFiling/Getfile.aspx?fileid=56226&shareable=true
T9R-389015ef709c83a7,1090000036,2.0.a.i,metric_label_update_and_na_to_null,2. Number of substations upgraded,,Non-HFTD,Urban,WUI,Number of substations,exact,0,,,SDG&E,2024,1,v3.2,2,1,SDGE_2024_Q1_Tables1-15_R2.xlsx,Table 9,46,I46,https://efiling.energysafety.ca.gov/eFiling/Getfile.aspx?fileid=56226&shareable=true
T9R-90ea2e790608ef96,1090000037,2.0.a.ii,metric_label_update_and_na_to_null,2. Number of substations upgraded,,Non-HFTD,Urban,Non-WUI,Number of substations,exact,0,,,SDG&E,2024,1,v3.2,2,1,SDGE_2024_Q1_Tables1-15_R2.xlsx,Table 9,47,I47,https://efiling.energysafety.ca.gov/eFiling/Getfile.aspx?fileid=56226&shareable=true
T9R-56731d56dec84896,1090000038,2.0.b.i,metric_label_update_and_na_to_null,2. Number of substations upgraded,,Non-HFTD,Rural,WUI,Number of substations,exact,0,,,SDG&E,2024,1,v3.2,2,1,SDGE_2024_Q1_Tables1-15_R2.xlsx,Table 9,48,I48,https://efiling.energysafety.ca.gov/eFiling/Getfile.aspx?fileid=56226&shareable=true
T9R-e3142ef7a2127580,1090000039,2.0.b.ii,metric_label_update_and_na_to_null,2. Number of substations upgraded,,Non-HFTD,Rural,Non-WUI,Number of substations,exact,0,,,SDG&E,2024,1,v3.2,2,1,SDGE_2024_Q1_Tables1-15_R2.xlsx,Table 9,49,I49,https://efiling.energysafety.ca.gov/eFiling/Getfile.aspx?fileid=56226&shareable=true
T9R-c2e9ef67cddb6abf,1090000040,2.0.c.i,metric_label_update_and_na_to_null,2. Number of substations upgraded,,Non-HFTD,Highly rural,WUI,Number of substations,exact,0,,,SDG&E,2024,1,v3.2,2,1,SDGE_2024_Q1_Tables1-15_R2.xlsx,Table 9,50,I50,https://efiling.energysafety.ca.gov/eFiling/Getfile.aspx?fileid=56226&shareable=true
T9R-d1402bd3bdc91f79,1090000041,2.0.c.ii,metric_label_update_and_na_to_null,2. Number of substations upgraded,,Non-HFTD,Highly rural,Non-WUI,Number of substations,exact,0,,,SDG&E,2024,1,v3.2,2,1,SDGE_2024_Q1_Tables1-15_R2.xlsx,Table 9,51,I51,https://efiling.energysafety.ca.gov/eFiling/Getfile.aspx?fileid=56226&shareable=true
T9R-ceff12a69bed3962,1090000042,2.2.a.i,metric_label_update_and_na_to_null,2. Number of substations upgraded,,HFTD Tier 2,Urban,WUI,Number of substations,exact,0,,,SDG&E,2024,1,v3.2,2,1,SDGE_2024_Q1_Tables1-15_R2.xlsx,Table 9,52,I52,https://efiling.energysafety.ca.gov/eFiling/Getfile.aspx?fileid=56226&shareable=true
T9R-b400ea927f17e1d4,1090000043,2.2.a.ii,metric_label_update_and_na_to_null,2. Number of substations upgraded,,HFTD Tier 2,Urban,Non-WUI,Number of substations,exact,0,,,SDG&E,2024,1,v3.2,2,1,SDGE_2024_Q1_Tables1-15_R2.xlsx,Table 9,53,I53,https://efiling.energysafety.ca.gov/eFiling/Getfile.aspx?fileid=56226&shareable=true
T9R-4dbfe3153abaa43d,1090000044,2.2.b.i,metric_label_update_and_na_to_null,2. Number of substations upgraded,,HFTD Tier 2,Rural,WUI,Number of substations,exact,0,,,SDG&E,2024,1,v3.2,2,1,SDGE_2024_Q1_Tables1-15_R2.xlsx,Table 9,54,I54,https://efiling.energysafety.ca.gov/eFiling/Getfile.aspx?fileid=56226&shareable=true
T9R-97afe341fb4169f1,1090000045,2.2.b.ii,metric_label_update_and_na_to_null,2. Number of substations upgraded,,HFTD Tier 2,Rural,Non-WUI,Number of substations,exact,0,,,SDG&E,2024,1,v3.2,2,1,SDGE_2024_Q1_Tables1-15_R2.xlsx,Table 9,55,I55,https://efiling.energysafety.ca.gov/eFiling/Getfile.aspx?fileid=56226&shareable=true
T9R-7a9993ef06257395,1090000046,2.2.c.i,metric_label_update_and_na_to_null,2. Number of substations upgraded,,HFTD Tier 2,Highly rural,WUI,Number of substations,exact,0,,,SDG&E,2024,1,v3.2,2,1,SDGE_2024_Q1_Tables1-15_R2.xlsx,Table 9,56,I56,https://efiling.energysafety.ca.gov/eFiling/Getfile.aspx?fileid=56226&shareable=true
T9R-6443b9df80cc034e,1090000047,2.2.c.ii,metric_label_update_and_na_to_null,2. Number of substations upgraded,,HFTD Tier 2,Highly rural,Non-WUI,Number of substations,exact,0,,,SDG&E,2024,1,v3.2,2,1,SDGE_2024_Q1_Tables1-15_R2.xlsx,Table 9,57,I57,https://efiling.energysafety.ca.gov/eFiling/Getfile.aspx?fileid=56226&shareable=true
T9R-afa9029248707977,1090000048,2.3.a.i,metric_label_update_and_na_to_null,2. Number of substations upgraded,,HFTD Tier 3,Urban,WUI,Number of substations,exact,0,,,SDG&E,2024,1,v3.2,2,1,SDGE_2024_Q1_Tables1-15_R2.xlsx,Table 9,58,I58,https://efiling.energysafety.ca.gov/eFiling/Getfile.aspx?fileid=56226&shareable=true
T9R-ade1239dfce32c34,1090000049,2.3.a.ii,metric_label_update_and_na_to_null,2. Number of substations upgraded,,HFTD Tier 3,Urban,Non-WUI,Number of substations,exact,0,,,SDG&E,2024,1,v3.2,2,1,SDGE_2024_Q1_Tables1-15_R2.xlsx,Table 9,59,I59,https://efiling.energysafety.ca.gov/eFiling/Getfile.aspx?fileid=56226&shareable=true
T9R-12138dc590e8a9c2,1090000050,2.3.b.i,metric_label_update_and_na_to_null,2. Number of substations upgraded,,HFTD Tier 3,Rural,WUI,Number of substations,exact,0,,,SDG&E,2024,1,v3.2,2,1,SDGE_2024_Q1_Tables1-15_R2.xlsx,Table 9,60,I60,https://efiling.energysafety.ca.gov/eFiling/Getfile.aspx?fileid=56226&shareable=true
T9R-27e1db19f5c53ea2,1090000051,2.3.b.ii,metric_label_update_and_na_to_null,2. Number of substations upgraded,,HFTD Tier 3,Rural,Non-WUI,Number of substations,exact,0,,,SDG&E,2024,1,v3.2,2,1,SDGE_2024_Q1_Tables1-15_R2.xlsx,Table 9,61,I61,https://efiling.energysafety.ca.gov/eFiling/Getfile.aspx?fileid=56226&shareable=true
T9R-6674a4bc4f0f2966,1090000052,2.3.c.i,metric_label_update_and_na_to_null,2. Number of substations upgraded,,HFTD Tier 3,Highly rural,WUI,Number of substations,exact,0,,,SDG&E,2024,1,v3.2,2,1,SDGE_2024_Q1_Tables1-15_R2.xlsx,Table 9,62,I62,https://efiling.energysafety.ca.gov/eFiling/Getfile.aspx?fileid=56226&shareable=true
T9R-dd3075ead61ccdc5,1090000053,2.3.c.ii,metric_label_update_and_na_to_null,2. Number of substations upgraded,,HFTD Tier 3,Highly rural,Non-WUI,Number of substations,exact,0,,,SDG&E,2024,1,v3.2,2,1,SDGE_2024_Q1_Tables1-15_R2.xlsx,Table 9,63,I63,https://efiling.energysafety.ca.gov/eFiling/Getfile.aspx?fileid=56226&shareable=true
T9R-72d9d3e4169a9d17,1090000054,3.0.a.i,metric_label_update_and_na_to_null,3. Number of weather stations with hardware upgraded,,Non-HFTD,Urban,WUI,Number of weather stations,exact,0,,,SDG&E,2024,1,v3.2,2,1,SDGE_2024_Q1_Tables1-15_R2.xlsx,Table 9,64,I64,https://efiling.energysafety.ca.gov/eFiling/Getfile.aspx?fileid=56226&shareable=true
T9R-0f89b24754be870c,1090000055,3.0.a.ii,metric_label_update_and_na_to_null,3. Number of weather stations with hardware upgraded,,Non-HFTD,Urban,Non-WUI,Number of weather stations,exact,0,,,SDG&E,2024,1,v3.2,2,1,SDGE_2024_Q1_Tables1-15_R2.xlsx,Table 9,65,I65,https://efiling.energysafety.ca.gov/eFiling/Getfile.aspx?fileid=56226&shareable=true
T9R-ffea9457c035bf1b,1090000056,3.0.b.i,metric_label_update_and_na_to_null,3. Number of weather stations with hardware upgraded,,Non-HFTD,Rural,WUI,Number of weather stations,exact,0,,,SDG&E,2024,1,v3.2,2,1,SDGE_2024_Q1_Tables1-15_R2.xlsx,Table 9,66,I66,https://efiling.energysafety.ca.gov/eFiling/Getfile.aspx?fileid=56226&shareable=true
T9R-00e14c15336b9c52,1090000057,3.0.b.ii,metric_label_update_and_na_to_null,3. Number of weather stations with hardware upgraded,,Non-HFTD,Rural,Non-WUI,Number of weather stations,exact,0,,,SDG&E,2024,1,v3.2,2,1,SDGE_2024_Q1_Tables1-15_R2.xlsx,Table 9,67,I67,https://efiling.energysafety.ca.gov/eFiling/Getfile.aspx?fileid=56226&shareable=true
T9R-5d926d4bd76451bb,1090000058,3.0.c.i,metric_label_update_and_na_to_null,3. Number of weather stations with hardware upgraded,,Non-HFTD,Highly rural,WUI,Number of weather stations,exact,0,,,SDG&E,2024,1,v3.2,2,1,SDGE_2024_Q1_Tables1-15_R2.xlsx,Table 9,68,I68,https://efiling.energysafety.ca.gov/eFiling/Getfile.aspx?fileid=56226&shareable=true
T9R-60ea9448926250d9,1090000059,3.0.c.ii,metric_label_update_and_na_to_null,3. Number of weather stations with hardware upgraded,,Non-HFTD,Highly rural,Non-WUI,Number of weather stations,exact,0,,,SDG&E,2024,1,v3.2,2,1,SDGE_2024_Q1_Tables1-15_R2.xlsx,Table 9,69,I69,https://efiling.energysafety.ca.gov/eFiling/Getfile.aspx?fileid=56226&shareable=true
T9R-3b2de5a868ab0f09,1090000060,3.2.a.i,metric_label_update_and_na_to_null,3. Number of weather stations with hardware upgraded,,HFTD Tier 2,Urban,WUI,Number of weather stations,exact,0,,,SDG&E,2024,1,v3.2,2,1,SDGE_2024_Q1_Tables1-15_R2.xlsx,Table 9,70,I70,https://efiling.energysafety.ca.gov/eFiling/Getfile.aspx?fileid=56226&shareable=true
T9R-c329f7dd359d2057,1090000061,3.2.a.ii,metric_label_update_and_na_to_null,3. Number of weather stations with hardware upgraded,,HFTD Tier 2,Urban,Non-WUI,Number of weather stations,exact,0,,,SDG&E,2024,1,v3.2,2,1,SDGE_2024_Q1_Tables1-15_R2.xlsx,Table 9,71,I71,https://efiling.energysafety.ca.gov/eFiling/Getfile.aspx?fileid=56226&shareable=true
T9R-8f3c0410d8bbf7a5,1090000062,3.2.b.i,metric_label_update_and_na_to_null,3. Number of weather stations with hardware upgraded,,HFTD Tier 2,Rural,WUI,Number of weather stations,exact,0,,,SDG&E,2024,1,v3.2,2,1,SDGE_2024_Q1_Tables1-15_R2.xlsx,Table 9,72,I72,https://efiling.energysafety.ca.gov/eFiling/Getfile.aspx?fileid=56226&shareable=true
T9R-65bdb3122e7c1498,1090000063,3.2.b.ii,metric_label_update_and_na_to_null,3. Number of weather stations with hardware upgraded,,HFTD Tier 2,Rural,Non-WUI,Number of weather stations,exact,0,,,SDG&E,2024,1,v3.2,2,1,SDGE_2024_Q1_Tables1-15_R2.xlsx,Table 9,73,I73,https://efiling.energysafety.ca.gov/eFiling/Getfile.aspx?fileid=56226&shareable=true
T9R-b4aaaac40c5fb8b4,1090000064,3.2.c.i,metric_label_update_and_na_to_null,3. Number of weather stations with hardware upgraded,,HFTD Tier 2,Highly rural,WUI,Number of weather stations,exact,0,,,SDG&E,2024,1,v3.2,2,1,SDGE_2024_Q1_Tables1-15_R2.xlsx,Table 9,74,I74,https://efiling.energysafety.ca.gov/eFiling/Getfile.aspx?fileid=56226&shareable=true
T9R-b66459daf2718a38,1090000065,3.2.c.ii,metric_label_update_and_na_to_null,3. Number of weather stations with hardware upgraded,,HFTD Tier 2,Highly rural,Non-WUI,Number of weather stations,exact,0,,,SDG&E,2024,1,v3.2,2,1,SDGE_2024_Q1_Tables1-15_R2.xlsx,Table 9,75,I75,https://efiling.energysafety.ca.gov/eFiling/Getfile.aspx?fileid=56226&shareable=true
T9R-4555132e4c2d2012,1090000066,3.3.a.i,metric_label_update_and_na_to_null,3. Number of weather stations with hardware upgraded,,HFTD Tier 3,Urban,WUI,Number of weather stations,exact,0,,,SDG&E,2024,1,v3.2,2,1,SDGE_2024_Q1_Tables1-15_R2.xlsx,Table 9,76,I76,https://efiling.energysafety.ca.gov/eFiling/Getfile.aspx?fileid=56226&shareable=true
T9R-54f1921fecf35f59,1090000067,3.3.a.ii,metric_label_update_and_na_to_null,3. Number of weather stations with hardware upgraded,,HFTD Tier 3,Urban,Non-WUI,Number of weather stations,exact,0,,,SDG&E,2024,1,v3.2,2,1,SDGE_2024_Q1_Tables1-15_R2.xlsx,Table 9,77,I77,https://efiling.energysafety.ca.gov/eFiling/Getfile.aspx?fileid=56226&shareable=true
T9R-6429b657c837b3c6,1090000068,3.3.b.i,metric_label_update_and_na_to_null,3. Number of weather stations with hardware upgraded,,HFTD Tier 3,Rural,WUI,Number of weather stations,exact,0,,,SDG&E,2024,1,v3.2,2,1,SDGE_2024_Q1_Tables1-15_R2.xlsx,Table 9,78,I78,https://efiling.energysafety.ca.gov/eFiling/Getfile.aspx?fileid=56226&shareable=true
T9R-46799d6ed5ef519c,1090000069,3.3.b.ii,metric_label_update_and_na_to_null,3. Number of weather stations with hardware upgraded,,HFTD Tier 3,Rural,Non-WUI,Number of weather stations,exact,0,,,SDG&E,2024,1,v3.2,2,1,SDGE_2024_Q1_Tables1-15_R2.xlsx,Table 9,79,I79,https://efiling.energysafety.ca.gov/eFiling/Getfile.aspx?fileid=56226&shareable=true
T9R-461da21321023af3,1090000070,3.3.c.i,metric_label_update_and_na_to_null,3. Number of weather stations with hardware upgraded,,HFTD Tier 3,Highly rural,WUI,Number of weather stations,exact,0,,,SDG&E,2024,1,v3.2,2,1,SDGE_2024_Q1_Tables1-15_R2.xlsx,Table 9,80,I80,https://efiling.energysafety.ca.gov/eFiling/Getfile.aspx?fileid=56226&shareable=true
T9R-8dd9e27ba1da9f36,1090000071,3.3.c.ii,metric_label_update_and_na_to_null,3. Number of weather stations with hardware upgraded,,HFTD Tier 3,Highly rural,Non-WUI,Number of weather stations,exact,0,,,SDG&E,2024,1,v3.2,2,1,SDGE_2024_Q1_Tables1-15_R2.xlsx,Table 9,81,I81,https://efiling.energysafety.ca.gov/eFiling/Getfile.aspx?fileid=56226&shareable=true
T9R-e1994a29b4131f9f,1090000000,1.d.0.a.i,metric_label_update,1. Number of overhead circuit miles upgraded,Distribution,Non-HFTD,Urban,WUI,Circuit miles,exact,0,,,SDG&E,2024,2,v3.2,1,2,SDGE_2024_Q2_Tables1-15_R1.xlsx,Table 9,10,I10,https://efiling.energysafety.ca.gov/eFiling/Getfile.aspx?fileid=56226&shareable=true
T9R-44061ad59acd1b60,1090000001,1.d.0.a.ii,metric_label_update,1. Number of overhead circuit miles upgraded,Distribution,Non-HFTD,Urban,Non-WUI,Circuit miles,exact,0,,,SDG&E,2024,2,v3.2,1,2,SDGE_2024_Q2_Tables1-15_R1.xlsx,Table 9,11,I11,https://efiling.energysafety.ca.gov/eFiling/Getfile.aspx?fileid=56226&shareable=true
T9R-8a2d90559deef5ab,1090000002,1.d.0.b.i,metric_label_update,1. Number of overhead circuit miles upgraded,Distribution,Non-HFTD,Rural,WUI,Circuit miles,exact,0,,,SDG&E,2024,2,v3.2,1,2,SDGE_2024_Q2_Tables1-15_R1.xlsx,Table 9,12,I12,https://efiling.energysafety.ca.gov/eFiling/Getfile.aspx?fileid=56226&shareable=true
T9R-bf1bf2366b486bf9,1090000003,1.d.0.b.ii,metric_label_update,1. Number of overhead circuit miles upgraded,Distribution,Non-HFTD,Rural,Non-WUI,Circuit miles,exact,0,,,SDG&E,2024,2,v3.2,1,2,SDGE_2024_Q2_Tables1-15_R1.xlsx,Table 9,13,I13,https://efiling.energysafety.ca.gov/eFiling/Getfile.aspx?fileid=56226&shareable=true
T9R-7075d3dbcf7df943,1090000004,1.d.0.c.i,metric_label_update,1. Number of overhead circuit miles upgraded,Distribution,Non-HFTD,Highly rural,WUI,Circuit miles,exact,0,,,SDG&E,2024,2,v3.2,1,2,SDGE_2024_Q2_Tables1-15_R1.xlsx,Table 9,14,I14,https://efiling.energysafety.ca.gov/eFiling/Getfile.aspx?fileid=56226&shareable=true
T9R-a9d2995f2bd3c5dc,1090000005,1.d.0.c.ii,metric_label_update,1. Number of overhead circuit miles upgraded,Distribution,Non-HFTD,Highly rural,Non-WUI,Circuit miles,exact,0,,,SDG&E,2024,2,v3.2,1,2,SDGE_2024_Q2_Tables1-15_R1.xlsx,Table 9,15,I15,https://efiling.energysafety.ca.gov/eFiling/Getfile.aspx?fileid=56226&shareable=true
T9R-e25de5874e4b77cb,1090000006,1.d.2.a.i,metric_label_update,1. Number of overhead circuit miles upgraded,Distribution,HFTD Tier 2,Urban,WUI,Circuit miles,exact,0.118560608,,,SDG&E,2024,2,v3.2,1,2,SDGE_2024_Q2_Tables1-15_R1.xlsx,Table 9,16,I16,https://efiling.energysafety.ca.gov/eFiling/Getfile.aspx?fileid=56226&shareable=true
T9R-3df09bb14f98a50e,1090000007,1.d.2.a.ii,metric_label_update,1. Number of overhead circuit miles upgraded,Distribution,HFTD Tier 2,Urban,Non-WUI,Circuit miles,exact,1.006628792,,,SDG&E,2024,2,v3.2,1,2,SDGE_2024_Q2_Tables1-15_R1.xlsx,Table 9,17,I17,https://efiling.energysafety.ca.gov/eFiling/Getfile.aspx?fileid=56226&shareable=true
T9R-c58d6ce6c720895d,1090000008,1.d.2.b.i,metric_label_update,1. Number of overhead circuit miles upgraded,Distribution,HFTD Tier 2,Rural,WUI,Circuit miles,exact,0.575581812,,,SDG&E,2024,2,v3.2,1,2,SDGE_2024_Q2_Tables1-15_R1.xlsx,Table 9,18,I18,https://efiling.energysafety.ca.gov/eFiling/Getfile.aspx?fileid=56226&shareable=true
T9R-69463e3e02a661bb,1090000009,1.d.2.b.ii,metric_label_update,1. Number of overhead circuit miles upgraded,Distribution,HFTD Tier 2,Rural,Non-WUI,Circuit miles,exact,4.441638131,,,SDG&E,2024,2,v3.2,1,2,SDGE_2024_Q2_Tables1-15_R1.xlsx,Table 9,19,I19,https://efiling.energysafety.ca.gov/eFiling/Getfile.aspx?fileid=56226&shareable=true
T9R-aef91931df06d1bd,1090000010,1.d.2.c.i,metric_label_update,1. Number of overhead circuit miles upgraded,Distribution,HFTD Tier 2,Highly rural,WUI,Circuit miles,exact,0,,,SDG&E,2024,2,v3.2,1,2,SDGE_2024_Q2_Tables1-15_R1.xlsx,Table 9,20,I20,https://efiling.energysafety.ca.gov/eFiling/Getfile.aspx?fileid=56226&shareable=true
T9R-4f5762973eedd348,1090000011,1.d.2.c.ii,metric_label_update,1. Number of overhead circuit miles upgraded,Distribution,HFTD Tier 2,Highly rural,Non-WUI,Circuit miles,exact,0,,,SDG&E,2024,2,v3.2,1,2,SDGE_2024_Q2_Tables1-15_R1.xlsx,Table 9,21,I21,https://efiling.energysafety.ca.gov/eFiling/Getfile.aspx?fileid=56226&shareable=true
T9R-1bc8d9951bab1f1c,1090000012,1.d.3.a.i,metric_label_update,1. Number of overhead circuit miles upgraded,Distribution,HFTD Tier 3,Urban,WUI,Circuit miles,exact,0,,,SDG&E,2024,2,v3.2,1,2,SDGE_2024_Q2_Tables1-15_R1.xlsx,Table 9,22,I22,https://efiling.energysafety.ca.gov/eFiling/Getfile.aspx?fileid=56226&shareable=true
T9R-4c3c8f86f2091a01,1090000013,1.d.3.a.ii,metric_label_update,1. Number of overhead circuit miles upgraded,Distribution,HFTD Tier 3,Urban,Non-WUI,Circuit miles,exact,0,,,SDG&E,2024,2,v3.2,1,2,SDGE_2024_Q2_Tables1-15_R1.xlsx,Table 9,23,I23,https://efiling.energysafety.ca.gov/eFiling/Getfile.aspx?fileid=56226&shareable=true
T9R-288e2c8fad6000ad,1090000014,1.d.3.b.i,metric_label_update,1. Number of overhead circuit miles upgraded,Distribution,HFTD Tier 3,Rural,WUI,Circuit miles,exact,2.39,,,SDG&E,2024,2,v3.2,1,2,SDGE_2024_Q2_Tables1-15_R1.xlsx,Table 9,24,I24,https://efiling.energysafety.ca.gov/eFiling/Getfile.aspx?fileid=56226&shareable=true
T9R-7b9dd61afbf3a76d,1090000015,1.d.3.b.ii,metric_label_update,1. Number of overhead circuit miles upgraded,Distribution,HFTD Tier 3,Rural,Non-WUI,Circuit miles,exact,0.6,,,SDG&E,2024,2,v3.2,1,2,SDGE_2024_Q2_Tables1-15_R1.xlsx,Table 9,25,I25,https://efiling.energysafety.ca.gov/eFiling/Getfile.aspx?fileid=56226&shareable=true
T9R-80cd7a6853ef04ea,1090000016,1.d.3.c.i,metric_label_update,1. Number of overhead circuit miles upgraded,Distribution,HFTD Tier 3,Highly rural,WUI,Circuit miles,exact,0,,,SDG&E,2024,2,v3.2,1,2,SDGE_2024_Q2_Tables1-15_R1.xlsx,Table 9,26,I26,https://efiling.energysafety.ca.gov/eFiling/Getfile.aspx?fileid=56226&shareable=true
T9R-0b76da2377b30657,1090000017,1.d.3.c.ii,metric_label_update,1. Number of overhead circuit miles upgraded,Distribution,HFTD Tier 3,Highly rural,Non-WUI,Circuit miles,exact,0,,,SDG&E,2024,2,v3.2,1,2,SDGE_2024_Q2_Tables1-15_R1.xlsx,Table 9,27,I27,https://efiling.energysafety.ca.gov/eFiling/Getfile.aspx?fileid=56226&shareable=true
T9R-54d76b28871766e7,1090000018,1.t.0.a.i,metric_label_update,1. Number of overhead circuit miles upgraded,Transmission,Non-HFTD,Urban,WUI,Circuit miles,exact,0,,,SDG&E,2024,2,v3.2,1,2,SDGE_2024_Q2_Tables1-15_R1.xlsx,Table 9,28,I28,https://efiling.energysafety.ca.gov/eFiling/Getfile.aspx?fileid=56226&shareable=true
T9R-1505fcd3ddfa26e9,1090000019,1.t.0.a.ii,metric_label_update,1. Number of overhead circuit miles upgraded,Transmission,Non-HFTD,Urban,Non-WUI,Circuit miles,exact,0,,,SDG&E,2024,2,v3.2,1,2,SDGE_2024_Q2_Tables1-15_R1.xlsx,Table 9,29,I29,https://efiling.energysafety.ca.gov/eFiling/Getfile.aspx?fileid=56226&shareable=true
T9R-e613d18efc426ce5,1090000020,1.t.0.b.i,metric_label_update,1. Number of overhead circuit miles upgraded,Transmission,Non-HFTD,Rural,WUI,Circuit miles,exact,0,,,SDG&E,2024,2,v3.2,1,2,SDGE_2024_Q2_Tables1-15_R1.xlsx,Table 9,30,I30,https://efiling.energysafety.ca.gov/eFiling/Getfile.aspx?fileid=56226&shareable=true
T9R-92522e8008754182,1090000021,1.t.0.b.ii,metric_label_update,1. Number of overhead circuit miles upgraded,Transmission,Non-HFTD,Rural,Non-WUI,Circuit miles,exact,0,,,SDG&E,2024,2,v3.2,1,2,SDGE_2024_Q2_Tables1-15_R1.xlsx,Table 9,31,I31,https://efiling.energysafety.ca.gov/eFiling/Getfile.aspx?fileid=56226&shareable=true
T9R-68558f5bca63298c,1090000022,1.t.0.c.i,metric_label_update,1. Number of overhead circuit miles upgraded,Transmission,Non-HFTD,Highly rural,WUI,Circuit miles,exact,0,,,SDG&E,2024,2,v3.2,1,2,SDGE_2024_Q2_Tables1-15_R1.xlsx,Table 9,32,I32,https://efiling.energysafety.ca.gov/eFiling/Getfile.aspx?fileid=56226&shareable=true
T9R-13f7ae6659330947,1090000023,1.t.0.c.ii,metric_label_update,1. Number of overhead circuit miles upgraded,Transmission,Non-HFTD,Highly rural,Non-WUI,Circuit miles,exact,0,,,SDG&E,2024,2,v3.2,1,2,SDGE_2024_Q2_Tables1-15_R1.xlsx,Table 9,33,I33,https://efiling.energysafety.ca.gov/eFiling/Getfile.aspx?fileid=56226&shareable=true
T9R-2f33103a76413cc9,1090000024,1.t.2.a.i,metric_label_update,1. Number of overhead circuit miles upgraded,Transmission,HFTD Tier 2,Urban,WUI,Circuit miles,exact,0.14356061,,,SDG&E,2024,2,v3.2,1,2,SDGE_2024_Q2_Tables1-15_R1.xlsx,Table 9,34,I34,https://efiling.energysafety.ca.gov/eFiling/Getfile.aspx?fileid=56226&shareable=true
T9R-89848004b5f972f8,1090000025,1.t.2.a.ii,metric_label_update,1. Number of overhead circuit miles upgraded,Transmission,HFTD Tier 2,Urban,Non-WUI,Circuit miles,exact,1.790719682,,,SDG&E,2024,2,v3.2,1,2,SDGE_2024_Q2_Tables1-15_R1.xlsx,Table 9,35,I35,https://efiling.energysafety.ca.gov/eFiling/Getfile.aspx?fileid=56226&shareable=true
T9R-420afccaa6fc7dac,1090000026,1.t.2.b.i,metric_label_update,1. Number of overhead circuit miles upgraded,Transmission,HFTD Tier 2,Rural,WUI,Circuit miles,exact,0.309848481,,,SDG&E,2024,2,v3.2,1,2,SDGE_2024_Q2_Tables1-15_R1.xlsx,Table 9,36,I36,https://efiling.energysafety.ca.gov/eFiling/Getfile.aspx?fileid=56226&shareable=true
T9R-0a12b744450adfd8,1090000027,1.t.2.b.ii,metric_label_update,1. Number of overhead circuit miles upgraded,Transmission,HFTD Tier 2,Rural,Non-WUI,Circuit miles,exact,0,,,SDG&E,2024,2,v3.2,1,2,SDGE_2024_Q2_Tables1-15_R1.xlsx,Table 9,37,I37,https://efiling.energysafety.ca.gov/eFiling/Getfile.aspx?fileid=56226&shareable=true
T9R-42f32d63a522ff2a,1090000028,1.t.2.c.i,metric_label_update,1. Number of overhead circuit miles upgraded,Transmission,HFTD Tier 2,Highly rural,WUI,Circuit miles,exact,0,,,SDG&E,2024,2,v3.2,1,2,SDGE_2024_Q2_Tables1-15_R1.xlsx,Table 9,38,I38,https://efiling.energysafety.ca.gov/eFiling/Getfile.aspx?fileid=56226&shareable=true
T9R-5d18c42bd9753100,1090000029,1.t.2.c.ii,metric_label_update,1. Number of overhead circuit miles upgraded,Transmission,HFTD Tier 2,Highly rural,Non-WUI,Circuit miles,exact,0,,,SDG&E,2024,2,v3.2,1,2,SDGE_2024_Q2_Tables1-15_R1.xlsx,Table 9,39,I39,https://efiling.energysafety.ca.gov/eFiling/Getfile.aspx?fileid=56226&shareable=true
T9R-cb8eb760853c5cdf,1090000030,1.t.3.a.i,metric_label_update,1. Number of overhead circuit miles upgraded,Transmission,HFTD Tier 3,Urban,WUI,Circuit miles,exact,0,,,SDG&E,2024,2,v3.2,1,2,SDGE_2024_Q2_Tables1-15_R1.xlsx,Table 9,40,I40,https://efiling.energysafety.ca.gov/eFiling/Getfile.aspx?fileid=56226&shareable=true
T9R-a25d5918bbd4021a,1090000031,1.t.3.a.ii,metric_label_update,1. Number of overhead circuit miles upgraded,Transmission,HFTD Tier 3,Urban,Non-WUI,Circuit miles,exact,0,,,SDG&E,2024,2,v3.2,1,2,SDGE_2024_Q2_Tables1-15_R1.xlsx,Table 9,41,I41,https://efiling.energysafety.ca.gov/eFiling/Getfile.aspx?fileid=56226&shareable=true
T9R-88fff59f5adce07e,1090000032,1.t.3.b.i,metric_label_update,1. Number of overhead circuit miles upgraded,Transmission,HFTD Tier 3,Rural,WUI,Circuit miles,exact,0,,,SDG&E,2024,2,v3.2,1,2,SDGE_2024_Q2_Tables1-15_R1.xlsx,Table 9,42,I42,https://efiling.energysafety.ca.gov/eFiling/Getfile.aspx?fileid=56226&shareable=true
T9R-3983911203d10559,1090000033,1.t.3.b.ii,metric_label_update,1. Number of overhead circuit miles upgraded,Transmission,HFTD Tier 3,Rural,Non-WUI,Circuit miles,exact,0,,,SDG&E,2024,2,v3.2,1,2,SDGE_2024_Q2_Tables1-15_R1.xlsx,Table 9,43,I43,https://efiling.energysafety.ca.gov/eFiling/Getfile.aspx?fileid=56226&shareable=true
T9R-6f25c11df868f028,1090000034,1.t.3.c.i,metric_label_update,1. Number of overhead circuit miles upgraded,Transmission,HFTD Tier 3,Highly rural,WUI,Circuit miles,exact,0,,,SDG&E,2024,2,v3.2,1,2,SDGE_2024_Q2_Tables1-15_R1.xlsx,Table 9,44,I44,https://efiling.energysafety.ca.gov/eFiling/Getfile.aspx?fileid=56226&shareable=true
T9R-db4bea9e32446de4,1090000035,1.t.3.c.ii,metric_label_update,1. Number of overhead circuit miles upgraded,Transmission,HFTD Tier 3,Highly rural,Non-WUI,Circuit miles,exact,0,,,SDG&E,2024,2,v3.2,1,2,SDGE_2024_Q2_Tables1-15_R1.xlsx,Table 9,45,I45,https://efiling.energysafety.ca.gov/eFiling/Getfile.aspx?fileid=56226&shareable=true
T9R-b9bbd0914b819fb2,1090000036,2.0.a.i,metric_label_update_and_na_to_null,2. Number of substations upgraded,,Non-HFTD,Urban,WUI,Number of substations,exact,0,,,SDG&E,2024,2,v3.2,1,2,SDGE_2024_Q2_Tables1-15_R1.xlsx,Table 9,46,I46,https://efiling.energysafety.ca.gov/eFiling/Getfile.aspx?fileid=56226&shareable=true
T9R-9f601bc5e97a6d1e,1090000037,2.0.a.ii,metric_label_update_and_na_to_null,2. Number of substations upgraded,,Non-HFTD,Urban,Non-WUI,Number of substations,exact,0,,,SDG&E,2024,2,v3.2,1,2,SDGE_2024_Q2_Tables1-15_R1.xlsx,Table 9,47,I47,https://efiling.energysafety.ca.gov/eFiling/Getfile.aspx?fileid=56226&shareable=true
T9R-005a5eaeb614b716,1090000038,2.0.b.i,metric_label_update_and_na_to_null,2. Number of substations upgraded,,Non-HFTD,Rural,WUI,Number of substations,exact,0,,,SDG&E,2024,2,v3.2,1,2,SDGE_2024_Q2_Tables1-15_R1.xlsx,Table 9,48,I48,https://efiling.energysafety.ca.gov/eFiling/Getfile.aspx?fileid=56226&shareable=true
T9R-c0f14ef1b6775bba,1090000039,2.0.b.ii,metric_label_update_and_na_to_null,2. Number of substations upgraded,,Non-HFTD,Rural,Non-WUI,Number of substations,exact,0,,,SDG&E,2024,2,v3.2,1,2,SDGE_2024_Q2_Tables1-15_R1.xlsx,Table 9,49,I49,https://efiling.energysafety.ca.gov/eFiling/Getfile.aspx?fileid=56226&shareable=true
T9R-81f55df3cd014515,1090000040,2.0.c.i,metric_label_update_and_na_to_null,2. Number of substations upgraded,,Non-HFTD,Highly rural,WUI,Number of substations,exact,0,,,SDG&E,2024,2,v3.2,1,2,SDGE_2024_Q2_Tables1-15_R1.xlsx,Table 9,50,I50,https://efiling.energysafety.ca.gov/eFiling/Getfile.aspx?fileid=56226&shareable=true
T9R-bf9c983b62adc400,1090000041,2.0.c.ii,metric_label_update_and_na_to_null,2. Number of substations upgraded,,Non-HFTD,Highly rural,Non-WUI,Number of substations,exact,0,,,SDG&E,2024,2,v3.2,1,2,SDGE_2024_Q2_Tables1-15_R1.xlsx,Table 9,51,I51,https://efiling.energysafety.ca.gov/eFiling/Getfile.aspx?fileid=56226&shareable=true
T9R-477af3a05ea85864,1090000042,2.2.a.i,metric_label_update_and_na_to_null,2. Number of substations upgraded,,HFTD Tier 2,Urban,WUI,Number of substations,exact,0,,,SDG&E,2024,2,v3.2,1,2,SDGE_2024_Q2_Tables1-15_R1.xlsx,Table 9,52,I52,https://efiling.energysafety.ca.gov/eFiling/Getfile.aspx?fileid=56226&shareable=true
T9R-3e5ae161524f94fc,1090000043,2.2.a.ii,metric_label_update_and_na_to_null,2. Number of substations upgraded,,HFTD Tier 2,Urban,Non-WUI,Number of substations,exact,0,,,SDG&E,2024,2,v3.2,1,2,SDGE_2024_Q2_Tables1-15_R1.xlsx,Table 9,53,I53,https://efiling.energysafety.ca.gov/eFiling/Getfile.aspx?fileid=56226&shareable=true
T9R-e2bad3b6150790f1,1090000044,2.2.b.i,metric_label_update_and_na_to_null,2. Number of substations upgraded,,HFTD Tier 2,Rural,WUI,Number of substations,exact,0,,,SDG&E,2024,2,v3.2,1,2,SDGE_2024_Q2_Tables1-15_R1.xlsx,Table 9,54,I54,https://efiling.energysafety.ca.gov/eFiling/Getfile.aspx?fileid=56226&shareable=true
T9R-82cbbdde5d0ede28,1090000045,2.2.b.ii,metric_label_update_and_na_to_null,2. Number of substations upgraded,,HFTD Tier 2,Rural,Non-WUI,Number of substations,exact,0,,,SDG&E,2024,2,v3.2,1,2,SDGE_2024_Q2_Tables1-15_R1.xlsx,Table 9,55,I55,https://efiling.energysafety.ca.gov/eFiling/Getfile.aspx?fileid=56226&shareable=true
T9R-0c5511538f5f0d8e,1090000046,2.2.c.i,metric_label_update_and_na_to_null,2. Number of substations upgraded,,HFTD Tier 2,Highly rural,WUI,Number of substations,exact,0,,,SDG&E,2024,2,v3.2,1,2,SDGE_2024_Q2_Tables1-15_R1.xlsx,Table 9,56,I56,https://efiling.energysafety.ca.gov/eFiling/Getfile.aspx?fileid=56226&shareable=true
T9R-f39509b884065b75,1090000047,2.2.c.ii,metric_label_update_and_na_to_null,2. Number of substations upgraded,,HFTD Tier 2,Highly rural,Non-WUI,Number of substations,exact,0,,,SDG&E,2024,2,v3.2,1,2,SDGE_2024_Q2_Tables1-15_R1.xlsx,Table 9,57,I57,https://efiling.energysafety.ca.gov/eFiling/Getfile.aspx?fileid=56226&shareable=true
T9R-a4ad7481275e8e75,1090000048,2.3.a.i,metric_label_update_and_na_to_null,2. Number of substations upgraded,,HFTD Tier 3,Urban,WUI,Number of substations,exact,0,,,SDG&E,2024,2,v3.2,1,2,SDGE_2024_Q2_Tables1-15_R1.xlsx,Table 9,58,I58,https://efiling.energysafety.ca.gov/eFiling/Getfile.aspx?fileid=56226&shareable=true
T9R-554f429f27e437c0,1090000049,2.3.a.ii,metric_label_update_and_na_to_null,2. Number of substations upgraded,,HFTD Tier 3,Urban,Non-WUI,Number of substations,exact,0,,,SDG&E,2024,2,v3.2,1,2,SDGE_2024_Q2_Tables1-15_R1.xlsx,Table 9,59,I59,https://efiling.energysafety.ca.gov/eFiling/Getfile.aspx?fileid=56226&shareable=true
T9R-61dfdfdeb073edae,1090000050,2.3.b.i,metric_label_update_and_na_to_null,2. Number of substations upgraded,,HFTD Tier 3,Rural,WUI,Number of substations,exact,0,,,SDG&E,2024,2,v3.2,1,2,SDGE_2024_Q2_Tables1-15_R1.xlsx,Table 9,60,I60,https://efiling.energysafety.ca.gov/eFiling/Getfile.aspx?fileid=56226&shareable=true
T9R-b60fbbfc235d62f2,1090000051,2.3.b.ii,metric_label_update_and_na_to_null,2. Number of substations upgraded,,HFTD Tier 3,Rural,Non-WUI,Number of substations,exact,0,,,SDG&E,2024,2,v3.2,1,2,SDGE_2024_Q2_Tables1-15_R1.xlsx,Table 9,61,I61,https://efiling.energysafety.ca.gov/eFiling/Getfile.aspx?fileid=56226&shareable=true
T9R-a25313e8c2cc3f49,1090000052,2.3.c.i,metric_label_update_and_na_to_null,2. Number of substations upgraded,,HFTD Tier 3,Highly rural,WUI,Number of substations,exact,0,,,SDG&E,2024,2,v3.2,1,2,SDGE_2024_Q2_Tables1-15_R1.xlsx,Table 9,62,I62,https://efiling.energysafety.ca.gov/eFiling/Getfile.aspx?fileid=56226&shareable=true
T9R-f1e8475c26b22f2f,1090000053,2.3.c.ii,metric_label_update_and_na_to_null,2. Number of substations upgraded,,HFTD Tier 3,Highly rural,Non-WUI,Number of substations,exact,0,,,SDG&E,2024,2,v3.2,1,2,SDGE_2024_Q2_Tables1-15_R1.xlsx,Table 9,63,I63,https://efiling.energysafety.ca.gov/eFiling/Getfile.aspx?fileid=56226&shareable=true
T9R-0a91da529d92f1f9,1090000054,3.0.a.i,metric_label_update_and_na_to_null,3. Number of weather stations with hardware upgraded,,Non-HFTD,Urban,WUI,Number of weather stations,exact,0,,,SDG&E,2024,2,v3.2,1,2,SDGE_2024_Q2_Tables1-15_R1.xlsx,Table 9,64,I64,https://efiling.energysafety.ca.gov/eFiling/Getfile.aspx?fileid=56226&shareable=true
T9R-e3df2ed2ec9ef915,1090000055,3.0.a.ii,metric_label_update_and_na_to_null,3. Number of weather stations with hardware upgraded,,Non-HFTD,Urban,Non-WUI,Number of weather stations,exact,0,,,SDG&E,2024,2,v3.2,1,2,SDGE_2024_Q2_Tables1-15_R1.xlsx,Table 9,65,I65,https://efiling.energysafety.ca.gov/eFiling/Getfile.aspx?fileid=56226&shareable=true
T9R-75b6867621ad5aaa,1090000056,3.0.b.i,metric_label_update_and_na_to_null,3. Number of weather stations with hardware upgraded,,Non-HFTD,Rural,WUI,Number of weather stations,exact,0,,,SDG&E,2024,2,v3.2,1,2,SDGE_2024_Q2_Tables1-15_R1.xlsx,Table 9,66,I66,https://efiling.energysafety.ca.gov/eFiling/Getfile.aspx?fileid=56226&shareable=true
T9R-dcf8467600077f8e,1090000057,3.0.b.ii,metric_label_update_and_na_to_null,3. Number of weather stations with hardware upgraded,,Non-HFTD,Rural,Non-WUI,Number of weather stations,exact,0,,,SDG&E,2024,2,v3.2,1,2,SDGE_2024_Q2_Tables1-15_R1.xlsx,Table 9,67,I67,https://efiling.energysafety.ca.gov/eFiling/Getfile.aspx?fileid=56226&shareable=true
T9R-86398036b18a9327,1090000058,3.0.c.i,metric_label_update_and_na_to_null,3. Number of weather stations with hardware upgraded,,Non-HFTD,Highly rural,WUI,Number of weather stations,exact,0,,,SDG&E,2024,2,v3.2,1,2,SDGE_2024_Q2_Tables1-15_R1.xlsx,Table 9,68,I68,https://efiling.energysafety.ca.gov/eFiling/Getfile.aspx?fileid=56226&shareable=true
T9R-19da70a31a423189,1090000059,3.0.c.ii,metric_label_update_and_na_to_null,3. Number of weather stations with hardware upgraded,,Non-HFTD,Highly rural,Non-WUI,Number of weather stations,exact,0,,,SDG&E,2024,2,v3.2,1,2,SDGE_2024_Q2_Tables1-15_R1.xlsx,Table 9,69,I69,https://efiling.energysafety.ca.gov/eFiling/Getfile.aspx?fileid=56226&shareable=true
T9R-2f92cd40a6839e26,1090000060,3.2.a.i,metric_label_update_and_na_to_null,3. Number of weather stations with hardware upgraded,,HFTD Tier 2,Urban,WUI,Number of weather stations,exact,0,,,SDG&E,2024,2,v3.2,1,2,SDGE_2024_Q2_Tables1-15_R1.xlsx,Table 9,70,I70,https://efiling.energysafety.ca.gov/eFiling/Getfile.aspx?fileid=56226&shareable=true
T9R-1c7702ca4a88d428,1090000061,3.2.a.ii,metric_label_update_and_na_to_null,3. Number of weather stations with hardware upgraded,,HFTD Tier 2,Urban,Non-WUI,Number of weather stations,exact,0,,,SDG&E,2024,2,v3.2,1,2,SDGE_2024_Q2_Tables1-15_R1.xlsx,Table 9,71,I71,https://efiling.energysafety.ca.gov/eFiling/Getfile.aspx?fileid=56226&shareable=true
T9R-4c3deae077bce9c9,1090000062,3.2.b.i,metric_label_update_and_na_to_null,3. Number of weather stations with hardware upgraded,,HFTD Tier 2,Rural,WUI,Number of weather stations,exact,0,,,SDG&E,2024,2,v3.2,1,2,SDGE_2024_Q2_Tables1-15_R1.xlsx,Table 9,72,I72,https://efiling.energysafety.ca.gov/eFiling/Getfile.aspx?fileid=56226&shareable=true
T9R-f6067976764fdb1f,1090000063,3.2.b.ii,metric_label_update_and_na_to_null,3. Number of weather stations with hardware upgraded,,HFTD Tier 2,Rural,Non-WUI,Number of weather stations,exact,0,,,SDG&E,2024,2,v3.2,1,2,SDGE_2024_Q2_Tables1-15_R1.xlsx,Table 9,73,I73,https://efiling.energysafety.ca.gov/eFiling/Getfile.aspx?fileid=56226&shareable=true
T9R-4e1b940500cd9e6c,1090000064,3.2.c.i,metric_label_update_and_na_to_null,3. Number of weather stations with hardware upgraded,,HFTD Tier 2,Highly rural,WUI,Number of weather stations,exact,0,,,SDG&E,2024,2,v3.2,1,2,SDGE_2024_Q2_Tables1-15_R1.xlsx,Table 9,74,I74,https://efiling.energysafety.ca.gov/eFiling/Getfile.aspx?fileid=56226&shareable=true
T9R-429ce909c45c1e76,1090000065,3.2.c.ii,metric_label_update_and_na_to_null,3. Number of weather stations with hardware upgraded,,HFTD Tier 2,Highly rural,Non-WUI,Number of weather stations,exact,0,,,SDG&E,2024,2,v3.2,1,2,SDGE_2024_Q2_Tables1-15_R1.xlsx,Table 9,75,I75,https://efiling.energysafety.ca.gov/eFiling/Getfile.aspx?fileid=56226&shareable=true
T9R-f885ba222a08883d,1090000066,3.3.a.i,metric_label_update_and_na_to_null,3. Number of weather stations with hardware upgraded,,HFTD Tier 3,Urban,WUI,Number of weather stations,exact,0,,,SDG&E,2024,2,v3.2,1,2,SDGE_2024_Q2_Tables1-15_R1.xlsx,Table 9,76,I76,https://efiling.energysafety.ca.gov/eFiling/Getfile.aspx?fileid=56226&shareable=true
T9R-6c6bd860f8d7112a,1090000067,3.3.a.ii,metric_label_update_and_na_to_null,3. Number of weather stations with hardware upgraded,,HFTD Tier 3,Urban,Non-WUI,Number of weather stations,exact,0,,,SDG&E,2024,2,v3.2,1,2,SDGE_2024_Q2_Tables1-15_R1.xlsx,Table 9,77,I77,https://efiling.energysafety.ca.gov/eFiling/Getfile.aspx?fileid=56226&shareable=true
T9R-4e37f5d6c5f5fa50,1090000068,3.3.b.i,metric_label_update_and_na_to_null,3. Number of weather stations with hardware upgraded,,HFTD Tier 3,Rural,WUI,Number of weather stations,exact,0,,,SDG&E,2024,2,v3.2,1,2,SDGE_2024_Q2_Tables1-15_R1.xlsx,Table 9,78,I78,https://efiling.energysafety.ca.gov/eFiling/Getfile.aspx?fileid=56226&shareable=true
T9R-248831624d0f0c8e,1090000069,3.3.b.ii,metric_label_update_and_na_to_null,3. Number of weather stations with hardware upgraded,,HFTD Tier 3,Rural,Non-WUI,Number of weather stations,exact,0,,,SDG&E,2024,2,v3.2,1,2,SDGE_2024_Q2_Tables1-15_R1.xlsx,Table 9,79,I79,https://efiling.energysafety.ca.gov/eFiling/Getfile.aspx?fileid=56226&shareable=true
T9R-0ff6dd65348c0028,1090000070,3.3.c.i,metric_label_update_and_na_to_null,3. Number of weather stations with hardware upgraded,,HFTD Tier 3,Highly rural,WUI,Number of weather stations,exact,0,,,SDG&E,2024,2,v3.2,1,2,SDGE_2024_Q2_Tables1-15_R1.xlsx,Table 9,80,I80,https://efiling.energysafety.ca.gov/eFiling/Getfile.aspx?fileid=56226&shareable=true
T9R-c709ff0990ebd009,1090000071,3.3.c.ii,metric_label_update_and_na_to_null,3. Number of weather stations with hardware upgraded,,HFTD Tier 3,Highly rural,Non-WUI,Number of weather stations,exact,0,,,SDG&E,2024,2,v3.2,1,2,SDGE_2024_Q2_Tables1-15_R1.xlsx,Table 9,81,I81,https://efiling.energysafety.ca.gov/eFiling/Getfile.aspx?fileid=56226&shareable=true
T9R-94836cc9d5943631,1090000000,1.d.0.a.i,metric_label_update,1. Number of overhead circuit miles upgraded,Distribution,Non-HFTD,Urban,WUI,Circuit miles,exact,0,,,SDG&E,2024,3,v3.2,1,3,SDGE_2024_Q3_Tables1-15_Rev1.xlsx,Table 9,10,I10,https://efiling.energysafety.ca.gov/eFiling/Getfile.aspx?fileid=56226&shareable=true
T9R-c9f04cac5f9d2495,1090000001,1.d.0.a.ii,metric_label_update,1. Number of overhead circuit miles upgraded,Distribution,Non-HFTD,Urban,Non-WUI,Circuit miles,exact,0,,,SDG&E,2024,3,v3.2,1,3,SDGE_2024_Q3_Tables1-15_Rev1.xlsx,Table 9,11,I11,https://efiling.energysafety.ca.gov/eFiling/Getfile.aspx?fileid=56226&shareable=true
T9R-e6ebb0269ec0d33f,1090000002,1.d.0.b.i,metric_label_update,1. Number of overhead circuit miles upgraded,Distribution,Non-HFTD,Rural,WUI,Circuit miles,exact,0,,,SDG&E,2024,3,v3.2,1,3,SDGE_2024_Q3_Tables1-15_Rev1.xlsx,Table 9,12,I12,https://efiling.energysafety.ca.gov/eFiling/Getfile.aspx?fileid=56226&shareable=true
T9R-c1a3afb06c00ea9a,1090000003,1.d.0.b.ii,metric_label_update,1. Number of overhead circuit miles upgraded,Distribution,Non-HFTD,Rural,Non-WUI,Circuit miles,exact,0,,,SDG&E,2024,3,v3.2,1,3,SDGE_2024_Q3_Tables1-15_Rev1.xlsx,Table 9,13,I13,https://efiling.energysafety.ca.gov/eFiling/Getfile.aspx?fileid=56226&shareable=true
T9R-ffe336e6b78a850f,1090000004,1.d.0.c.i,metric_label_update,1. Number of overhead circuit miles upgraded,Distribution,Non-HFTD,Highly rural,WUI,Circuit miles,exact,0,,,SDG&E,2024,3,v3.2,1,3,SDGE_2024_Q3_Tables1-15_Rev1.xlsx,Table 9,14,I14,https://efiling.energysafety.ca.gov/eFiling/Getfile.aspx?fileid=56226&shareable=true
T9R-be458416615b1bc5,1090000005,1.d.0.c.ii,metric_label_update,1. Number of overhead circuit miles upgraded,Distribution,Non-HFTD,Highly rural,Non-WUI,Circuit miles,exact,0,,,SDG&E,2024,3,v3.2,1,3,SDGE_2024_Q3_Tables1-15_Rev1.xlsx,Table 9,15,I15,https://efiling.energysafety.ca.gov/eFiling/Getfile.aspx?fileid=56226&shareable=true
T9R-57faff83994d2576,1090000006,1.d.2.a.i,metric_label_update,1. Number of overhead circuit miles upgraded,Distribution,HFTD Tier 2,Urban,WUI,Circuit miles,exact,0,,,SDG&E,2024,3,v3.2,1,3,SDGE_2024_Q3_Tables1-15_Rev1.xlsx,Table 9,16,I16,https://efiling.energysafety.ca.gov/eFiling/Getfile.aspx?fileid=56226&shareable=true
T9R-2194448b0a303e15,1090000007,1.d.2.a.ii,metric_label_update,1. Number of overhead circuit miles upgraded,Distribution,HFTD Tier 2,Urban,Non-WUI,Circuit miles,exact,0,,,SDG&E,2024,3,v3.2,1,3,SDGE_2024_Q3_Tables1-15_Rev1.xlsx,Table 9,17,I17,https://efiling.energysafety.ca.gov/eFiling/Getfile.aspx?fileid=56226&shareable=true
T9R-b3daedead7f9fa37,1090000008,1.d.2.b.i,metric_label_update,1. Number of overhead circuit miles upgraded,Distribution,HFTD Tier 2,Rural,WUI,Circuit miles,exact,0,,,SDG&E,2024,3,v3.2,1,3,SDGE_2024_Q3_Tables1-15_Rev1.xlsx,Table 9,18,I18,https://efiling.energysafety.ca.gov/eFiling/Getfile.aspx?fileid=56226&shareable=true
T9R-8916ce767e15a7eb,1090000009,1.d.2.b.ii,metric_label_update,1. Number of overhead circuit miles upgraded,Distribution,HFTD Tier 2,Rural,Non-WUI,Circuit miles,exact,0.326488,,,SDG&E,2024,3,v3.2,1,3,SDGE_2024_Q3_Tables1-15_Rev1.xlsx,Table 9,19,I19,https://efiling.energysafety.ca.gov/eFiling/Getfile.aspx?fileid=56226&shareable=true
T9R-5118a875a19b04fc,1090000010,1.d.2.c.i,metric_label_update,1. Number of overhead circuit miles upgraded,Distribution,HFTD Tier 2,Highly rural,WUI,Circuit miles,exact,0,,,SDG&E,2024,3,v3.2,1,3,SDGE_2024_Q3_Tables1-15_Rev1.xlsx,Table 9,20,I20,https://efiling.energysafety.ca.gov/eFiling/Getfile.aspx?fileid=56226&shareable=true
T9R-fecf81d1734c1c72,1090000011,1.d.2.c.ii,metric_label_update,1. Number of overhead circuit miles upgraded,Distribution,HFTD Tier 2,Highly rural,Non-WUI,Circuit miles,exact,0,,,SDG&E,2024,3,v3.2,1,3,SDGE_2024_Q3_Tables1-15_Rev1.xlsx,Table 9,21,I21,https://efiling.energysafety.ca.gov/eFiling/Getfile.aspx?fileid=56226&shareable=true
T9R-17793c504df0b118,1090000012,1.d.3.a.i,metric_label_update,1. Number of overhead circuit miles upgraded,Distribution,HFTD Tier 3,Urban,WUI,Circuit miles,exact,0,,,SDG&E,2024,3,v3.2,1,3,SDGE_2024_Q3_Tables1-15_Rev1.xlsx,Table 9,22,I22,https://efiling.energysafety.ca.gov/eFiling/Getfile.aspx?fileid=56226&shareable=true
T9R-d050ed9f103b1ef2,1090000013,1.d.3.a.ii,metric_label_update,1. Number of overhead circuit miles upgraded,Distribution,HFTD Tier 3,Urban,Non-WUI,Circuit miles,exact,0,,,SDG&E,2024,3,v3.2,1,3,SDGE_2024_Q3_Tables1-15_Rev1.xlsx,Table 9,23,I23,https://efiling.energysafety.ca.gov/eFiling/Getfile.aspx?fileid=56226&shareable=true
T9R-8565a6eb0f0b357d,1090000014,1.d.3.b.i,metric_label_update,1. Number of overhead circuit miles upgraded,Distribution,HFTD Tier 3,Rural,WUI,Circuit miles,exact,2.22852,,,SDG&E,2024,3,v3.2,1,3,SDGE_2024_Q3_Tables1-15_Rev1.xlsx,Table 9,24,I24,https://efiling.energysafety.ca.gov/eFiling/Getfile.aspx?fileid=56226&shareable=true
T9R-0b7e9c5997aaba0e,1090000015,1.d.3.b.ii,metric_label_update,1. Number of overhead circuit miles upgraded,Distribution,HFTD Tier 3,Rural,Non-WUI,Circuit miles,exact,1.931228,,,SDG&E,2024,3,v3.2,1,3,SDGE_2024_Q3_Tables1-15_Rev1.xlsx,Table 9,25,I25,https://efiling.energysafety.ca.gov/eFiling/Getfile.aspx?fileid=56226&shareable=true
T9R-8b3726fa060bcbe6,1090000016,1.d.3.c.i,metric_label_update,1. Number of overhead circuit miles upgraded,Distribution,HFTD Tier 3,Highly rural,WUI,Circuit miles,exact,0,,,SDG&E,2024,3,v3.2,1,3,SDGE_2024_Q3_Tables1-15_Rev1.xlsx,Table 9,26,I26,https://efiling.energysafety.ca.gov/eFiling/Getfile.aspx?fileid=56226&shareable=true
T9R-5018f3cfd576883a,1090000017,1.d.3.c.ii,metric_label_update,1. Number of overhead circuit miles upgraded,Distribution,HFTD Tier 3,Highly rural,Non-WUI,Circuit miles,exact,0,,,SDG&E,2024,3,v3.2,1,3,SDGE_2024_Q3_Tables1-15_Rev1.xlsx,Table 9,27,I27,https://efiling.energysafety.ca.gov/eFiling/Getfile.aspx?fileid=56226&shareable=true
T9R-f7a9544c99827b63,1090000018,1.t.0.a.i,metric_label_update,1. Number of overhead circuit miles upgraded,Transmission,Non-HFTD,Urban,WUI,Circuit miles,exact,0,,,SDG&E,2024,3,v3.2,1,3,SDGE_2024_Q3_Tables1-15_Rev1.xlsx,Table 9,28,I28,https://efiling.energysafety.ca.gov/eFiling/Getfile.aspx?fileid=56226&shareable=true
T9R-c6dd48cf4cf7a485,1090000019,1.t.0.a.ii,metric_label_update,1. Number of overhead circuit miles upgraded,Transmission,Non-HFTD,Urban,Non-WUI,Circuit miles,exact,0,,,SDG&E,2024,3,v3.2,1,3,SDGE_2024_Q3_Tables1-15_Rev1.xlsx,Table 9,29,I29,https://efiling.energysafety.ca.gov/eFiling/Getfile.aspx?fileid=56226&shareable=true
T9R-d631f01b95812a20,1090000020,1.t.0.b.i,metric_label_update,1. Number of overhead circuit miles upgraded,Transmission,Non-HFTD,Rural,WUI,Circuit miles,exact,0,,,SDG&E,2024,3,v3.2,1,3,SDGE_2024_Q3_Tables1-15_Rev1.xlsx,Table 9,30,I30,https://efiling.energysafety.ca.gov/eFiling/Getfile.aspx?fileid=56226&shareable=true
T9R-486361a2b22a67b0,1090000021,1.t.0.b.ii,metric_label_update,1. Number of overhead circuit miles upgraded,Transmission,Non-HFTD,Rural,Non-WUI,Circuit miles,exact,0,,,SDG&E,2024,3,v3.2,1,3,SDGE_2024_Q3_Tables1-15_Rev1.xlsx,Table 9,31,I31,https://efiling.energysafety.ca.gov/eFiling/Getfile.aspx?fileid=56226&shareable=true
T9R-a9c7378f182b212b,1090000022,1.t.0.c.i,metric_label_update,1. Number of overhead circuit miles upgraded,Transmission,Non-HFTD,Highly rural,WUI,Circuit miles,exact,0,,,SDG&E,2024,3,v3.2,1,3,SDGE_2024_Q3_Tables1-15_Rev1.xlsx,Table 9,32,I32,https://efiling.energysafety.ca.gov/eFiling/Getfile.aspx?fileid=56226&shareable=true
T9R-d1dd76f73d42e0da,1090000023,1.t.0.c.ii,metric_label_update,1. Number of overhead circuit miles upgraded,Transmission,Non-HFTD,Highly rural,Non-WUI,Circuit miles,exact,0,,,SDG&E,2024,3,v3.2,1,3,SDGE_2024_Q3_Tables1-15_Rev1.xlsx,Table 9,33,I33,https://efiling.energysafety.ca.gov/eFiling/Getfile.aspx?fileid=56226&shareable=true
T9R-013855788c076415,1090000024,1.t.2.a.i,metric_label_update,1. Number of overhead circuit miles upgraded,Transmission,HFTD Tier 2,Urban,WUI,Circuit miles,exact,0,,,SDG&E,2024,3,v3.2,1,3,SDGE_2024_Q3_Tables1-15_Rev1.xlsx,Table 9,34,I34,https://efiling.energysafety.ca.gov/eFiling/Getfile.aspx?fileid=56226&shareable=true
T9R-caf6c00ed2680bf2,1090000025,1.t.2.a.ii,metric_label_update,1. Number of overhead circuit miles upgraded,Transmission,HFTD Tier 2,Urban,Non-WUI,Circuit miles,exact,0,,,SDG&E,2024,3,v3.2,1,3,SDGE_2024_Q3_Tables1-15_Rev1.xlsx,Table 9,35,I35,https://efiling.energysafety.ca.gov/eFiling/Getfile.aspx?fileid=56226&shareable=true
T9R-699db763237b6cb2,1090000026,1.t.2.b.i,metric_label_update,1. Number of overhead circuit miles upgraded,Transmission,HFTD Tier 2,Rural,WUI,Circuit miles,exact,4.14,,,SDG&E,2024,3,v3.2,1,3,SDGE_2024_Q3_Tables1-15_Rev1.xlsx,Table 9,36,I36,https://efiling.energysafety.ca.gov/eFiling/Getfile.aspx?fileid=56226&shareable=true
T9R-4c6036aaa84e147e,1090000027,1.t.2.b.ii,metric_label_update,1. Number of overhead circuit miles upgraded,Transmission,HFTD Tier 2,Rural,Non-WUI,Circuit miles,exact,0.317045,,,SDG&E,2024,3,v3.2,1,3,SDGE_2024_Q3_Tables1-15_Rev1.xlsx,Table 9,37,I37,https://efiling.energysafety.ca.gov/eFiling/Getfile.aspx?fileid=56226&shareable=true
T9R-f17290a4f4f2aa51,1090000028,1.t.2.c.i,metric_label_update,1. Number of overhead circuit miles upgraded,Transmission,HFTD Tier 2,Highly rural,WUI,Circuit miles,exact,0,,,SDG&E,2024,3,v3.2,1,3,SDGE_2024_Q3_Tables1-15_Rev1.xlsx,Table 9,38,I38,https://efiling.energysafety.ca.gov/eFiling/Getfile.aspx?fileid=56226&shareable=true
T9R-9096a9928b86ec91,1090000029,1.t.2.c.ii,metric_label_update,1. Number of overhead circuit miles upgraded,Transmission,HFTD Tier 2,Highly rural,Non-WUI,Circuit miles,exact,0,,,SDG&E,2024,3,v3.2,1,3,SDGE_2024_Q3_Tables1-15_Rev1.xlsx,Table 9,39,I39,https://efiling.energysafety.ca.gov/eFiling/Getfile.aspx?fileid=56226&shareable=true
T9R-7def1ff93a8503d6,1090000030,1.t.3.a.i,metric_label_update,1. Number of overhead circuit miles upgraded,Transmission,HFTD Tier 3,Urban,WUI,Circuit miles,exact,0.088636,,,SDG&E,2024,3,v3.2,1,3,SDGE_2024_Q3_Tables1-15_Rev1.xlsx,Table 9,40,I40,https://efiling.energysafety.ca.gov/eFiling/Getfile.aspx?fileid=56226&shareable=true
T9R-f4b1cc40a189f634,1090000031,1.t.3.a.ii,metric_label_update,1. Number of overhead circuit miles upgraded,Transmission,HFTD Tier 3,Urban,Non-WUI,Circuit miles,exact,0,,,SDG&E,2024,3,v3.2,1,3,SDGE_2024_Q3_Tables1-15_Rev1.xlsx,Table 9,41,I41,https://efiling.energysafety.ca.gov/eFiling/Getfile.aspx?fileid=56226&shareable=true
T9R-d765d6fc8106fa68,1090000032,1.t.3.b.i,metric_label_update,1. Number of overhead circuit miles upgraded,Transmission,HFTD Tier 3,Rural,WUI,Circuit miles,exact,0,,,SDG&E,2024,3,v3.2,1,3,SDGE_2024_Q3_Tables1-15_Rev1.xlsx,Table 9,42,I42,https://efiling.energysafety.ca.gov/eFiling/Getfile.aspx?fileid=56226&shareable=true
T9R-0f94a93e4962f86f,1090000033,1.t.3.b.ii,metric_label_update,1. Number of overhead circuit miles upgraded,Transmission,HFTD Tier 3,Rural,Non-WUI,Circuit miles,exact,0,,,SDG&E,2024,3,v3.2,1,3,SDGE_2024_Q3_Tables1-15_Rev1.xlsx,Table 9,43,I43,https://efiling.energysafety.ca.gov/eFiling/Getfile.aspx?fileid=56226&shareable=true
T9R-84ed7e45a2bffd34,1090000034,1.t.3.c.i,metric_label_update,1. Number of overhead circuit miles upgraded,Transmission,HFTD Tier 3,Highly rural,WUI,Circuit miles,exact,0,,,SDG&E,2024,3,v3.2,1,3,SDGE_2024_Q3_Tables1-15_Rev1.xlsx,Table 9,44,I44,https://efiling.energysafety.ca.gov/eFiling/Getfile.aspx?fileid=56226&shareable=true
T9R-120b8dc61da330ef,1090000035,1.t.3.c.ii,metric_label_update,1. Number of overhead circuit miles upgraded,Transmission,HFTD Tier 3,Highly rural,Non-WUI,Circuit miles,exact,0,,,SDG&E,2024,3,v3.2,1,3,SDGE_2024_Q3_Tables1-15_Rev1.xlsx,Table 9,45,I45,https://efiling.energysafety.ca.gov/eFiling/Getfile.aspx?fileid=56226&shareable=true
T9R-e9625326c8724273,1090000036,2.0.a.i,metric_label_update_and_na_to_null,2. Number of substations upgraded,,Non-HFTD,Urban,WUI,Number of substations,exact,0,,,SDG&E,2024,3,v3.2,1,3,SDGE_2024_Q3_Tables1-15_Rev1.xlsx,Table 9,46,I46,https://efiling.energysafety.ca.gov/eFiling/Getfile.aspx?fileid=56226&shareable=true
T9R-9f3aa7bb20170f69,1090000037,2.0.a.ii,metric_label_update_and_na_to_null,2. Number of substations upgraded,,Non-HFTD,Urban,Non-WUI,Number of substations,exact,0,,,SDG&E,2024,3,v3.2,1,3,SDGE_2024_Q3_Tables1-15_Rev1.xlsx,Table 9,47,I47,https://efiling.energysafety.ca.gov/eFiling/Getfile.aspx?fileid=56226&shareable=true
T9R-d7ea3cd8808e42e6,1090000038,2.0.b.i,metric_label_update_and_na_to_null,2. Number of substations upgraded,,Non-HFTD,Rural,WUI,Number of substations,exact,0,,,SDG&E,2024,3,v3.2,1,3,SDGE_2024_Q3_Tables1-15_Rev1.xlsx,Table 9,48,I48,https://efiling.energysafety.ca.gov/eFiling/Getfile.aspx?fileid=56226&shareable=true
T9R-6bac30264ede479d,1090000039,2.0.b.ii,metric_label_update_and_na_to_null,2. Number of substations upgraded,,Non-HFTD,Rural,Non-WUI,Number of substations,exact,0,,,SDG&E,2024,3,v3.2,1,3,SDGE_2024_Q3_Tables1-15_Rev1.xlsx,Table 9,49,I49,https://efiling.energysafety.ca.gov/eFiling/Getfile.aspx?fileid=56226&shareable=true
T9R-b263dc0180e64e6c,1090000040,2.0.c.i,metric_label_update_and_na_to_null,2. Number of substations upgraded,,Non-HFTD,Highly rural,WUI,Number of substations,exact,0,,,SDG&E,2024,3,v3.2,1,3,SDGE_2024_Q3_Tables1-15_Rev1.xlsx,Table 9,50,I50,https://efiling.energysafety.ca.gov/eFiling/Getfile.aspx?fileid=56226&shareable=true
T9R-446682ab4bc7a9a1,1090000041,2.0.c.ii,metric_label_update_and_na_to_null,2. Number of substations upgraded,,Non-HFTD,Highly rural,Non-WUI,Number of substations,exact,0,,,SDG&E,2024,3,v3.2,1,3,SDGE_2024_Q3_Tables1-15_Rev1.xlsx,Table 9,51,I51,https://efiling.energysafety.ca.gov/eFiling/Getfile.aspx?fileid=56226&shareable=true
T9R-71247c47e0d16ba2,1090000042,2.2.a.i,metric_label_update_and_na_to_null,2. Number of substations upgraded,,HFTD Tier 2,Urban,WUI,Number of substations,exact,0,,,SDG&E,2024,3,v3.2,1,3,SDGE_2024_Q3_Tables1-15_Rev1.xlsx,Table 9,52,I52,https://efiling.energysafety.ca.gov/eFiling/Getfile.aspx?fileid=56226&shareable=true
T9R-92ab0d779d2487fc,1090000043,2.2.a.ii,metric_label_update_and_na_to_null,2. Number of substations upgraded,,HFTD Tier 2,Urban,Non-WUI,Number of substations,exact,0,,,SDG&E,2024,3,v3.2,1,3,SDGE_2024_Q3_Tables1-15_Rev1.xlsx,Table 9,53,I53,https://efiling.energysafety.ca.gov/eFiling/Getfile.aspx?fileid=56226&shareable=true
T9R-864586bd872bf57f,1090000044,2.2.b.i,metric_label_update_and_na_to_null,2. Number of substations upgraded,,HFTD Tier 2,Rural,WUI,Number of substations,exact,0,,,SDG&E,2024,3,v3.2,1,3,SDGE_2024_Q3_Tables1-15_Rev1.xlsx,Table 9,54,I54,https://efiling.energysafety.ca.gov/eFiling/Getfile.aspx?fileid=56226&shareable=true
T9R-75039ed84a1c0548,1090000045,2.2.b.ii,metric_label_update_and_na_to_null,2. Number of substations upgraded,,HFTD Tier 2,Rural,Non-WUI,Number of substations,exact,0,,,SDG&E,2024,3,v3.2,1,3,SDGE_2024_Q3_Tables1-15_Rev1.xlsx,Table 9,55,I55,https://efiling.energysafety.ca.gov/eFiling/Getfile.aspx?fileid=56226&shareable=true
T9R-a7ba3ad5c38fba2b,1090000046,2.2.c.i,metric_label_update_and_na_to_null,2. Number of substations upgraded,,HFTD Tier 2,Highly rural,WUI,Number of substations,exact,0,,,SDG&E,2024,3,v3.2,1,3,SDGE_2024_Q3_Tables1-15_Rev1.xlsx,Table 9,56,I56,https://efiling.energysafety.ca.gov/eFiling/Getfile.aspx?fileid=56226&shareable=true
T9R-f3845272aa44ed17,1090000047,2.2.c.ii,metric_label_update_and_na_to_null,2. Number of substations upgraded,,HFTD Tier 2,Highly rural,Non-WUI,Number of substations,exact,0,,,SDG&E,2024,3,v3.2,1,3,SDGE_2024_Q3_Tables1-15_Rev1.xlsx,Table 9,57,I57,https://efiling.energysafety.ca.gov/eFiling/Getfile.aspx?fileid=56226&shareable=true
T9R-b266139bb5e2cc7b,1090000048,2.3.a.i,metric_label_update_and_na_to_null,2. Number of substations upgraded,,HFTD Tier 3,Urban,WUI,Number of substations,exact,0,,,SDG&E,2024,3,v3.2,1,3,SDGE_2024_Q3_Tables1-15_Rev1.xlsx,Table 9,58,I58,https://efiling.energysafety.ca.gov/eFiling/Getfile.aspx?fileid=56226&shareable=true
T9R-676c53e5dbf53186,1090000049,2.3.a.ii,metric_label_update_and_na_to_null,2. Number of substations upgraded,,HFTD Tier 3,Urban,Non-WUI,Number of substations,exact,0,,,SDG&E,2024,3,v3.2,1,3,SDGE_2024_Q3_Tables1-15_Rev1.xlsx,Table 9,59,I59,https://efiling.energysafety.ca.gov/eFiling/Getfile.aspx?fileid=56226&shareable=true
T9R-3e9d832b07189f64,1090000050,2.3.b.i,metric_label_update_and_na_to_null,2. Number of substations upgraded,,HFTD Tier 3,Rural,WUI,Number of substations,exact,0,,,SDG&E,2024,3,v3.2,1,3,SDGE_2024_Q3_Tables1-15_Rev1.xlsx,Table 9,60,I60,https://efiling.energysafety.ca.gov/eFiling/Getfile.aspx?fileid=56226&shareable=true
T9R-7a1812192c73c48c,1090000051,2.3.b.ii,metric_label_update_and_na_to_null,2. Number of substations upgraded,,HFTD Tier 3,Rural,Non-WUI,Number of substations,exact,0,,,SDG&E,2024,3,v3.2,1,3,SDGE_2024_Q3_Tables1-15_Rev1.xlsx,Table 9,61,I61,https://efiling.energysafety.ca.gov/eFiling/Getfile.aspx?fileid=56226&shareable=true
T9R-7bdec9b2d75dee40,1090000052,2.3.c.i,metric_label_update_and_na_to_null,2. Number of substations upgraded,,HFTD Tier 3,Highly rural,WUI,Number of substations,exact,0,,,SDG&E,2024,3,v3.2,1,3,SDGE_2024_Q3_Tables1-15_Rev1.xlsx,Table 9,62,I62,https://efiling.energysafety.ca.gov/eFiling/Getfile.aspx?fileid=56226&shareable=true
T9R-5179494a8ca568b7,1090000053,2.3.c.ii,metric_label_update_and_na_to_null,2. Number of substations upgraded,,HFTD Tier 3,Highly rural,Non-WUI,Number of substations,exact,0,,,SDG&E,2024,3,v3.2,1,3,SDGE_2024_Q3_Tables1-15_Rev1.xlsx,Table 9,63,I63,https://efiling.energysafety.ca.gov/eFiling/Getfile.aspx?fileid=56226&shareable=true
T9R-e5463547d1379274,1090000054,3.0.a.i,metric_label_update_and_na_to_null,3. Number of weather stations with hardware upgraded,,Non-HFTD,Urban,WUI,Number of weather stations,exact,1,,,SDG&E,2024,3,v3.2,1,3,SDGE_2024_Q3_Tables1-15_Rev1.xlsx,Table 9,64,I64,https://efiling.energysafety.ca.gov/eFiling/Getfile.aspx?fileid=56226&shareable=true
T9R-9aa1d79bbf2406e5,1090000055,3.0.a.ii,metric_label_update_and_na_to_null,3. Number of weather stations with hardware upgraded,,Non-HFTD,Urban,Non-WUI,Number of weather stations,exact,6,,,SDG&E,2024,3,v3.2,1,3,SDGE_2024_Q3_Tables1-15_Rev1.xlsx,Table 9,65,I65,https://efiling.energysafety.ca.gov/eFiling/Getfile.aspx?fileid=56226&shareable=true
T9R-8cfee4f99cc9808a,1090000056,3.0.b.i,metric_label_update_and_na_to_null,3. Number of weather stations with hardware upgraded,,Non-HFTD,Rural,WUI,Number of weather stations,exact,0,,,SDG&E,2024,3,v3.2,1,3,SDGE_2024_Q3_Tables1-15_Rev1.xlsx,Table 9,66,I66,https://efiling.energysafety.ca.gov/eFiling/Getfile.aspx?fileid=56226&shareable=true
T9R-acf8614b6d2748af,1090000057,3.0.b.ii,metric_label_update_and_na_to_null,3. Number of weather stations with hardware upgraded,,Non-HFTD,Rural,Non-WUI,Number of weather stations,exact,1,,,SDG&E,2024,3,v3.2,1,3,SDGE_2024_Q3_Tables1-15_Rev1.xlsx,Table 9,67,I67,https://efiling.energysafety.ca.gov/eFiling/Getfile.aspx?fileid=56226&shareable=true
T9R-1f7a2c635f26d60f,1090000058,3.0.c.i,metric_label_update_and_na_to_null,3. Number of weather stations with hardware upgraded,,Non-HFTD,Highly rural,WUI,Number of weather stations,exact,0,,,SDG&E,2024,3,v3.2,1,3,SDGE_2024_Q3_Tables1-15_Rev1.xlsx,Table 9,68,I68,https://efiling.energysafety.ca.gov/eFiling/Getfile.aspx?fileid=56226&shareable=true
T9R-be4e830547c4b047,1090000059,3.0.c.ii,metric_label_update_and_na_to_null,3. Number of weather stations with hardware upgraded,,Non-HFTD,Highly rural,Non-WUI,Number of weather stations,exact,0,,,SDG&E,2024,3,v3.2,1,3,SDGE_2024_Q3_Tables1-15_Rev1.xlsx,Table 9,69,I69,https://efiling.energysafety.ca.gov/eFiling/Getfile.aspx?fileid=56226&shareable=true
T9R-7263993deb97dc6a,1090000060,3.2.a.i,metric_label_update_and_na_to_null,3. Number of weather stations with hardware upgraded,,HFTD Tier 2,Urban,WUI,Number of weather stations,exact,0,,,SDG&E,2024,3,v3.2,1,3,SDGE_2024_Q3_Tables1-15_Rev1.xlsx,Table 9,70,I70,https://efiling.energysafety.ca.gov/eFiling/Getfile.aspx?fileid=56226&shareable=true
T9R-e2150f1bf99c4cf9,1090000061,3.2.a.ii,metric_label_update_and_na_to_null,3. Number of weather stations with hardware upgraded,,HFTD Tier 2,Urban,Non-WUI,Number of weather stations,exact,1,,,SDG&E,2024,3,v3.2,1,3,SDGE_2024_Q3_Tables1-15_Rev1.xlsx,Table 9,71,I71,https://efiling.energysafety.ca.gov/eFiling/Getfile.aspx?fileid=56226&shareable=true
T9R-bac3373cf008e721,1090000062,3.2.b.i,metric_label_update_and_na_to_null,3. Number of weather stations with hardware upgraded,,HFTD Tier 2,Rural,WUI,Number of weather stations,exact,1,,,SDG&E,2024,3,v3.2,1,3,SDGE_2024_Q3_Tables1-15_Rev1.xlsx,Table 9,72,I72,https://efiling.energysafety.ca.gov/eFiling/Getfile.aspx?fileid=56226&shareable=true
T9R-c3f6693e36f4224a,1090000063,3.2.b.ii,metric_label_update_and_na_to_null,3. Number of weather stations with hardware upgraded,,HFTD Tier 2,Rural,Non-WUI,Number of weather stations,exact,7,,,SDG&E,2024,3,v3.2,1,3,SDGE_2024_Q3_Tables1-15_Rev1.xlsx,Table 9,73,I73,https://efiling.energysafety.ca.gov/eFiling/Getfile.aspx?fileid=56226&shareable=true
T9R-66938c64560fdb19,1090000064,3.2.c.i,metric_label_update_and_na_to_null,3. Number of weather stations with hardware upgraded,,HFTD Tier 2,Highly rural,WUI,Number of weather stations,exact,0,,,SDG&E,2024,3,v3.2,1,3,SDGE_2024_Q3_Tables1-15_Rev1.xlsx,Table 9,74,I74,https://efiling.energysafety.ca.gov/eFiling/Getfile.aspx?fileid=56226&shareable=true
T9R-42e6f9a840326a58,1090000065,3.2.c.ii,metric_label_update_and_na_to_null,3. Number of weather stations with hardware upgraded,,HFTD Tier 2,Highly rural,Non-WUI,Number of weather stations,exact,2,,,SDG&E,2024,3,v3.2,1,3,SDGE_2024_Q3_Tables1-15_Rev1.xlsx,Table 9,75,I75,https://efiling.energysafety.ca.gov/eFiling/Getfile.aspx?fileid=56226&shareable=true
T9R-953c9c8da1942806,1090000066,3.3.a.i,metric_label_update_and_na_to_null,3. Number of weather stations with hardware upgraded,,HFTD Tier 3,Urban,WUI,Number of weather stations,exact,0,,,SDG&E,2024,3,v3.2,1,3,SDGE_2024_Q3_Tables1-15_Rev1.xlsx,Table 9,76,I76,https://efiling.energysafety.ca.gov/eFiling/Getfile.aspx?fileid=56226&shareable=true
T9R-65b88171cc1c02e7,1090000067,3.3.a.ii,metric_label_update_and_na_to_null,3. Number of weather stations with hardware upgraded,,HFTD Tier 3,Urban,Non-WUI,Number of weather stations,exact,0,,,SDG&E,2024,3,v3.2,1,3,SDGE_2024_Q3_Tables1-15_Rev1.xlsx,Table 9,77,I77,https://efiling.energysafety.ca.gov/eFiling/Getfile.aspx?fileid=56226&shareable=true
T9R-acd9efcdc74c0479,1090000068,3.3.b.i,metric_label_update_and_na_to_null,3. Number of weather stations with hardware upgraded,,HFTD Tier 3,Rural,WUI,Number of weather stations,exact,1,,,SDG&E,2024,3,v3.2,1,3,SDGE_2024_Q3_Tables1-15_Rev1.xlsx,Table 9,78,I78,https://efiling.energysafety.ca.gov/eFiling/Getfile.aspx?fileid=56226&shareable=true
T9R-1854ca6db23b1bca,1090000069,3.3.b.ii,metric_label_update_and_na_to_null,3. Number of weather stations with hardware upgraded,,HFTD Tier 3,Rural,Non-WUI,Number of weather stations,exact,3,,,SDG&E,2024,3,v3.2,1,3,SDGE_2024_Q3_Tables1-15_Rev1.xlsx,Table 9,79,I79,https://efiling.energysafety.ca.gov/eFiling/Getfile.aspx?fileid=56226&shareable=true
T9R-f6bf2bfe9bc2762f,1090000070,3.3.c.i,metric_label_update_and_na_to_null,3. Number of weather stations with hardware upgraded,,HFTD Tier 3,Highly rural,WUI,Number of weather stations,exact,0,,,SDG&E,2024,3,v3.2,1,3,SDGE_2024_Q3_Tables1-15_Rev1.xlsx,Table 9,80,I80,https://efiling.energysafety.ca.gov/eFiling/Getfile.aspx?fileid=56226&shareable=true
T9R-53fab7629a2016a0,1090000071,3.3.c.ii,metric_label_update_and_na_to_null,3. Number of weather stations with hardware upgraded,,HFTD Tier 3,Highly rural,Non-WUI,Number of weather stations,exact,4,,,SDG&E,2024,3,v3.2,1,3,SDGE_2024_Q3_Tables1-15_Rev1.xlsx,Table 9,81,I81,https://efiling.energysafety.ca.gov/eFiling/Getfile.aspx?fileid=56226&shareable=true
T9R-bbe33123f4c590b6,1090000000,1.d.0.a.i,metric_label_update,1. Number of overhead circuit miles upgraded,Distribution,Non-HFTD,Urban,WUI,Circuit miles,exact,0,,,SDG&E,2024,4,v3.2,1,4,SDGE_2024_Q4_Tables1-15_R1.xlsx,Table 9,10,I10,https://efiling.energysafety.ca.gov/eFiling/Getfile.aspx?fileid=56226&shareable=true
T9R-7a4f1ef0298374af,1090000001,1.d.0.a.ii,metric_label_update,1. Number of overhead circuit miles upgraded,Distribution,Non-HFTD,Urban,Non-WUI,Circuit miles,exact,0,,,SDG&E,2024,4,v3.2,1,4,SDGE_2024_Q4_Tables1-15_R1.xlsx,Table 9,11,I11,https://efiling.energysafety.ca.gov/eFiling/Getfile.aspx?fileid=56226&shareable=true
T9R-92525ac599687e52,1090000002,1.d.0.b.i,metric_label_update,1. Number of overhead circuit miles upgraded,Distribution,Non-HFTD,Rural,WUI,Circuit miles,exact,0,,,SDG&E,2024,4,v3.2,1,4,SDGE_2024_Q4_Tables1-15_R1.xlsx,Table 9,12,I12,https://efiling.energysafety.ca.gov/eFiling/Getfile.aspx?fileid=56226&shareable=true
T9R-ac7121a814952580,1090000003,1.d.0.b.ii,metric_label_update,1. Number of overhead circuit miles upgraded,Distribution,Non-HFTD,Rural,Non-WUI,Circuit miles,exact,0,,,SDG&E,2024,4,v3.2,1,4,SDGE_2024_Q4_Tables1-15_R1.xlsx,Table 9,13,I13,https://efiling.energysafety.ca.gov/eFiling/Getfile.aspx?fileid=56226&shareable=true
T9R-ca2e8d53c2287162,1090000004,1.d.0.c.i,metric_label_update,1. Number of overhead circuit miles upgraded,Distribution,Non-HFTD,Highly rural,WUI,Circuit miles,exact,0,,,SDG&E,2024,4,v3.2,1,4,SDGE_2024_Q4_Tables1-15_R1.xlsx,Table 9,14,I14,https://efiling.energysafety.ca.gov/eFiling/Getfile.aspx?fileid=56226&shareable=true
T9R-1933a8f6f04bb617,1090000005,1.d.0.c.ii,metric_label_update,1. Number of overhead circuit miles upgraded,Distribution,Non-HFTD,Highly rural,Non-WUI,Circuit miles,exact,0,,,SDG&E,2024,4,v3.2,1,4,SDGE_2024_Q4_Tables1-15_R1.xlsx,Table 9,15,I15,https://efiling.energysafety.ca.gov/eFiling/Getfile.aspx?fileid=56226&shareable=true
T9R-0b7e13be1701b2b5,1090000006,1.d.2.a.i,metric_label_update,1. Number of overhead circuit miles upgraded,Distribution,HFTD Tier 2,Urban,WUI,Circuit miles,exact,0,,,SDG&E,2024,4,v3.2,1,4,SDGE_2024_Q4_Tables1-15_R1.xlsx,Table 9,16,I16,https://efiling.energysafety.ca.gov/eFiling/Getfile.aspx?fileid=56226&shareable=true
T9R-c30ba342d50e4b35,1090000007,1.d.2.a.ii,metric_label_update,1. Number of overhead circuit miles upgraded,Distribution,HFTD Tier 2,Urban,Non-WUI,Circuit miles,exact,0,,,SDG&E,2024,4,v3.2,1,4,SDGE_2024_Q4_Tables1-15_R1.xlsx,Table 9,17,I17,https://efiling.energysafety.ca.gov/eFiling/Getfile.aspx?fileid=56226&shareable=true
T9R-d485baf3cbebefe7,1090000008,1.d.2.b.i,metric_label_update,1. Number of overhead circuit miles upgraded,Distribution,HFTD Tier 2,Rural,WUI,Circuit miles,exact,3.488379333,,,SDG&E,2024,4,v3.2,1,4,SDGE_2024_Q4_Tables1-15_R1.xlsx,Table 9,18,I18,https://efiling.energysafety.ca.gov/eFiling/Getfile.aspx?fileid=56226&shareable=true
T9R-f18c975d4f39c308,1090000009,1.d.2.b.ii,metric_label_update,1. Number of overhead circuit miles upgraded,Distribution,HFTD Tier 2,Rural,Non-WUI,Circuit miles,exact,7.591909579,,,SDG&E,2024,4,v3.2,1,4,SDGE_2024_Q4_Tables1-15_R1.xlsx,Table 9,19,I19,https://efiling.energysafety.ca.gov/eFiling/Getfile.aspx?fileid=56226&shareable=true
T9R-627694d1b1cf15a6,1090000010,1.d.2.c.i,metric_label_update,1. Number of overhead circuit miles upgraded,Distribution,HFTD Tier 2,Highly rural,WUI,Circuit miles,exact,0,,,SDG&E,2024,4,v3.2,1,4,SDGE_2024_Q4_Tables1-15_R1.xlsx,Table 9,20,I20,https://efiling.energysafety.ca.gov/eFiling/Getfile.aspx?fileid=56226&shareable=true
T9R-d7fd6e923a546e39,1090000011,1.d.2.c.ii,metric_label_update,1. Number of overhead circuit miles upgraded,Distribution,HFTD Tier 2,Highly rural,Non-WUI,Circuit miles,exact,0,,,SDG&E,2024,4,v3.2,1,4,SDGE_2024_Q4_Tables1-15_R1.xlsx,Table 9,21,I21,https://efiling.energysafety.ca.gov/eFiling/Getfile.aspx?fileid=56226&shareable=true
T9R-d72780cde31514f8,1090000012,1.d.3.a.i,metric_label_update,1. Number of overhead circuit miles upgraded,Distribution,HFTD Tier 3,Urban,WUI,Circuit miles,exact,0,,,SDG&E,2024,4,v3.2,1,4,SDGE_2024_Q4_Tables1-15_R1.xlsx,Table 9,22,I22,https://efiling.energysafety.ca.gov/eFiling/Getfile.aspx?fileid=56226&shareable=true
T9R-b3815d16c88f1f29,1090000013,1.d.3.a.ii,metric_label_update,1. Number of overhead circuit miles upgraded,Distribution,HFTD Tier 3,Urban,Non-WUI,Circuit miles,exact,0,,,SDG&E,2024,4,v3.2,1,4,SDGE_2024_Q4_Tables1-15_R1.xlsx,Table 9,23,I23,https://efiling.energysafety.ca.gov/eFiling/Getfile.aspx?fileid=56226&shareable=true
T9R-cdda05225f8ebab2,1090000014,1.d.3.b.i,metric_label_update,1. Number of overhead circuit miles upgraded,Distribution,HFTD Tier 3,Rural,WUI,Circuit miles,exact,4.801858594,,,SDG&E,2024,4,v3.2,1,4,SDGE_2024_Q4_Tables1-15_R1.xlsx,Table 9,24,I24,https://efiling.energysafety.ca.gov/eFiling/Getfile.aspx?fileid=56226&shareable=true
T9R-775e1a972e2bd222,1090000015,1.d.3.b.ii,metric_label_update,1. Number of overhead circuit miles upgraded,Distribution,HFTD Tier 3,Rural,Non-WUI,Circuit miles,exact,2.049990099,,,SDG&E,2024,4,v3.2,1,4,SDGE_2024_Q4_Tables1-15_R1.xlsx,Table 9,25,I25,https://efiling.energysafety.ca.gov/eFiling/Getfile.aspx?fileid=56226&shareable=true
T9R-546db215905857e8,1090000016,1.d.3.c.i,metric_label_update,1. Number of overhead circuit miles upgraded,Distribution,HFTD Tier 3,Highly rural,WUI,Circuit miles,exact,0,,,SDG&E,2024,4,v3.2,1,4,SDGE_2024_Q4_Tables1-15_R1.xlsx,Table 9,26,I26,https://efiling.energysafety.ca.gov/eFiling/Getfile.aspx?fileid=56226&shareable=true
T9R-49ec782d7fb3d582,1090000017,1.d.3.c.ii,metric_label_update,1. Number of overhead circuit miles upgraded,Distribution,HFTD Tier 3,Highly rural,Non-WUI,Circuit miles,exact,0,,,SDG&E,2024,4,v3.2,1,4,SDGE_2024_Q4_Tables1-15_R1.xlsx,Table 9,27,I27,https://efiling.energysafety.ca.gov/eFiling/Getfile.aspx?fileid=56226&shareable=true
T9R-27edc66696d2166c,1090000018,1.t.0.a.i,metric_label_update,1. Number of overhead circuit miles upgraded,Transmission,Non-HFTD,Urban,WUI,Circuit miles,exact,0,,,SDG&E,2024,4,v3.2,1,4,SDGE_2024_Q4_Tables1-15_R1.xlsx,Table 9,28,I28,https://efiling.energysafety.ca.gov/eFiling/Getfile.aspx?fileid=56226&shareable=true
T9R-ad62342e1c630ceb,1090000019,1.t.0.a.ii,metric_label_update,1. Number of overhead circuit miles upgraded,Transmission,Non-HFTD,Urban,Non-WUI,Circuit miles,exact,0.11098485,,,SDG&E,2024,4,v3.2,1,4,SDGE_2024_Q4_Tables1-15_R1.xlsx,Table 9,29,I29,https://efiling.energysafety.ca.gov/eFiling/Getfile.aspx?fileid=56226&shareable=true
T9R-d77faf5918fe8097,1090000020,1.t.0.b.i,metric_label_update,1. Number of overhead circuit miles upgraded,Transmission,Non-HFTD,Rural,WUI,Circuit miles,exact,0,,,SDG&E,2024,4,v3.2,1,4,SDGE_2024_Q4_Tables1-15_R1.xlsx,Table 9,30,I30,https://efiling.energysafety.ca.gov/eFiling/Getfile.aspx?fileid=56226&shareable=true
T9R-b6bcc087a262522b,1090000021,1.t.0.b.ii,metric_label_update,1. Number of overhead circuit miles upgraded,Transmission,Non-HFTD,Rural,Non-WUI,Circuit miles,exact,0,,,SDG&E,2024,4,v3.2,1,4,SDGE_2024_Q4_Tables1-15_R1.xlsx,Table 9,31,I31,https://efiling.energysafety.ca.gov/eFiling/Getfile.aspx?fileid=56226&shareable=true
T9R-81e02468fc31e8b1,1090000022,1.t.0.c.i,metric_label_update,1. Number of overhead circuit miles upgraded,Transmission,Non-HFTD,Highly rural,WUI,Circuit miles,exact,0,,,SDG&E,2024,4,v3.2,1,4,SDGE_2024_Q4_Tables1-15_R1.xlsx,Table 9,32,I32,https://efiling.energysafety.ca.gov/eFiling/Getfile.aspx?fileid=56226&shareable=true
T9R-b083c531cf860540,1090000023,1.t.0.c.ii,metric_label_update,1. Number of overhead circuit miles upgraded,Transmission,Non-HFTD,Highly rural,Non-WUI,Circuit miles,exact,0,,,SDG&E,2024,4,v3.2,1,4,SDGE_2024_Q4_Tables1-15_R1.xlsx,Table 9,33,I33,https://efiling.energysafety.ca.gov/eFiling/Getfile.aspx?fileid=56226&shareable=true
T9R-b821cd1e47be4eb3,1090000024,1.t.2.a.i,metric_label_update,1. Number of overhead circuit miles upgraded,Transmission,HFTD Tier 2,Urban,WUI,Circuit miles,exact,1.33977273,,,SDG&E,2024,4,v3.2,1,4,SDGE_2024_Q4_Tables1-15_R1.xlsx,Table 9,34,I34,https://efiling.energysafety.ca.gov/eFiling/Getfile.aspx?fileid=56226&shareable=true
T9R-d885635839eff13d,1090000025,1.t.2.a.ii,metric_label_update,1. Number of overhead circuit miles upgraded,Transmission,HFTD Tier 2,Urban,Non-WUI,Circuit miles,exact,1.191287866,,,SDG&E,2024,4,v3.2,1,4,SDGE_2024_Q4_Tables1-15_R1.xlsx,Table 9,35,I35,https://efiling.energysafety.ca.gov/eFiling/Getfile.aspx?fileid=56226&shareable=true
T9R-7978ebbdd79d39f0,1090000026,1.t.2.b.i,metric_label_update,1. Number of overhead circuit miles upgraded,Transmission,HFTD Tier 2,Rural,WUI,Circuit miles,exact,0.757954546,,,SDG&E,2024,4,v3.2,1,4,SDGE_2024_Q4_Tables1-15_R1.xlsx,Table 9,36,I36,https://efiling.energysafety.ca.gov/eFiling/Getfile.aspx?fileid=56226&shareable=true
T9R-02e2c8873d879d52,1090000027,1.t.2.b.ii,metric_label_update,1. Number of overhead circuit miles upgraded,Transmission,HFTD Tier 2,Rural,Non-WUI,Circuit miles,exact,1.376893925,,,SDG&E,2024,4,v3.2,1,4,SDGE_2024_Q4_Tables1-15_R1.xlsx,Table 9,37,I37,https://efiling.energysafety.ca.gov/eFiling/Getfile.aspx?fileid=56226&shareable=true
T9R-53ede83c4b4e1157,1090000028,1.t.2.c.i,metric_label_update,1. Number of overhead circuit miles upgraded,Transmission,HFTD Tier 2,Highly rural,WUI,Circuit miles,exact,0,,,SDG&E,2024,4,v3.2,1,4,SDGE_2024_Q4_Tables1-15_R1.xlsx,Table 9,38,I38,https://efiling.energysafety.ca.gov/eFiling/Getfile.aspx?fileid=56226&shareable=true
T9R-375d9688950129af,1090000029,1.t.2.c.ii,metric_label_update,1. Number of overhead circuit miles upgraded,Transmission,HFTD Tier 2,Highly rural,Non-WUI,Circuit miles,exact,0,,,SDG&E,2024,4,v3.2,1,4,SDGE_2024_Q4_Tables1-15_R1.xlsx,Table 9,39,I39,https://efiling.energysafety.ca.gov/eFiling/Getfile.aspx?fileid=56226&shareable=true
T9R-9f1c08748d754716,1090000030,1.t.3.a.i,metric_label_update,1. Number of overhead circuit miles upgraded,Transmission,HFTD Tier 3,Urban,WUI,Circuit miles,exact,0,,,SDG&E,2024,4,v3.2,1,4,SDGE_2024_Q4_Tables1-15_R1.xlsx,Table 9,40,I40,https://efiling.energysafety.ca.gov/eFiling/Getfile.aspx?fileid=56226&shareable=true
T9R-632f30bdd3245b5c,1090000031,1.t.3.a.ii,metric_label_update,1. Number of overhead circuit miles upgraded,Transmission,HFTD Tier 3,Urban,Non-WUI,Circuit miles,exact,0,,,SDG&E,2024,4,v3.2,1,4,SDGE_2024_Q4_Tables1-15_R1.xlsx,Table 9,41,I41,https://efiling.energysafety.ca.gov/eFiling/Getfile.aspx?fileid=56226&shareable=true
T9R-883948a1d2476a74,1090000032,1.t.3.b.i,metric_label_update,1. Number of overhead circuit miles upgraded,Transmission,HFTD Tier 3,Rural,WUI,Circuit miles,exact,0,,,SDG&E,2024,4,v3.2,1,4,SDGE_2024_Q4_Tables1-15_R1.xlsx,Table 9,42,I42,https://efiling.energysafety.ca.gov/eFiling/Getfile.aspx?fileid=56226&shareable=true
T9R-17b55437b64bdcb4,1090000033,1.t.3.b.ii,metric_label_update,1. Number of overhead circuit miles upgraded,Transmission,HFTD Tier 3,Rural,Non-WUI,Circuit miles,exact,0,,,SDG&E,2024,4,v3.2,1,4,SDGE_2024_Q4_Tables1-15_R1.xlsx,Table 9,43,I43,https://efiling.energysafety.ca.gov/eFiling/Getfile.aspx?fileid=56226&shareable=true
T9R-e8e0741b216f59b8,1090000034,1.t.3.c.i,metric_label_update,1. Number of overhead circuit miles upgraded,Transmission,HFTD Tier 3,Highly rural,WUI,Circuit miles,exact,0,,,SDG&E,2024,4,v3.2,1,4,SDGE_2024_Q4_Tables1-15_R1.xlsx,Table 9,44,I44,https://efiling.energysafety.ca.gov/eFiling/Getfile.aspx?fileid=56226&shareable=true
T9R-c3c478c37eb2049c,1090000035,1.t.3.c.ii,metric_label_update,1. Number of overhead circuit miles upgraded,Transmission,HFTD Tier 3,Highly rural,Non-WUI,Circuit miles,exact,0,,,SDG&E,2024,4,v3.2,1,4,SDGE_2024_Q4_Tables1-15_R1.xlsx,Table 9,45,I45,https://efiling.energysafety.ca.gov/eFiling/Getfile.aspx?fileid=56226&shareable=true
T9R-8e4d561cc26df984,1090000036,2.0.a.i,metric_label_update_and_na_to_null,2. Number of substations upgraded,,Non-HFTD,Urban,WUI,Number of substations,exact,0,,,SDG&E,2024,4,v3.2,1,4,SDGE_2024_Q4_Tables1-15_R1.xlsx,Table 9,46,I46,https://efiling.energysafety.ca.gov/eFiling/Getfile.aspx?fileid=56226&shareable=true
T9R-6b26a3be6f6b1880,1090000037,2.0.a.ii,metric_label_update_and_na_to_null,2. Number of substations upgraded,,Non-HFTD,Urban,Non-WUI,Number of substations,exact,1,,,SDG&E,2024,4,v3.2,1,4,SDGE_2024_Q4_Tables1-15_R1.xlsx,Table 9,47,I47,https://efiling.energysafety.ca.gov/eFiling/Getfile.aspx?fileid=56226&shareable=true
T9R-e63f9463787f8a9e,1090000038,2.0.b.i,metric_label_update_and_na_to_null,2. Number of substations upgraded,,Non-HFTD,Rural,WUI,Number of substations,exact,0,,,SDG&E,2024,4,v3.2,1,4,SDGE_2024_Q4_Tables1-15_R1.xlsx,Table 9,48,I48,https://efiling.energysafety.ca.gov/eFiling/Getfile.aspx?fileid=56226&shareable=true
T9R-e453ac089d77e390,1090000039,2.0.b.ii,metric_label_update_and_na_to_null,2. Number of substations upgraded,,Non-HFTD,Rural,Non-WUI,Number of substations,exact,0,,,SDG&E,2024,4,v3.2,1,4,SDGE_2024_Q4_Tables1-15_R1.xlsx,Table 9,49,I49,https://efiling.energysafety.ca.gov/eFiling/Getfile.aspx?fileid=56226&shareable=true
T9R-e2f63b7e6197d6c7,1090000040,2.0.c.i,metric_label_update_and_na_to_null,2. Number of substations upgraded,,Non-HFTD,Highly rural,WUI,Number of substations,exact,0,,,SDG&E,2024,4,v3.2,1,4,SDGE_2024_Q4_Tables1-15_R1.xlsx,Table 9,50,I50,https://efiling.energysafety.ca.gov/eFiling/Getfile.aspx?fileid=56226&shareable=true
T9R-aa72c64fd85d1d78,1090000041,2.0.c.ii,metric_label_update_and_na_to_null,2. Number of substations upgraded,,Non-HFTD,Highly rural,Non-WUI,Number of substations,exact,0,,,SDG&E,2024,4,v3.2,1,4,SDGE_2024_Q4_Tables1-15_R1.xlsx,Table 9,51,I51,https://efiling.energysafety.ca.gov/eFiling/Getfile.aspx?fileid=56226&shareable=true
T9R-975311e45e4f7396,1090000042,2.2.a.i,metric_label_update_and_na_to_null,2. Number of substations upgraded,,HFTD Tier 2,Urban,WUI,Number of substations,exact,0,,,SDG&E,2024,4,v3.2,1,4,SDGE_2024_Q4_Tables1-15_R1.xlsx,Table 9,52,I52,https://efiling.energysafety.ca.gov/eFiling/Getfile.aspx?fileid=56226&shareable=true
T9R-ec7ae4fe822e6a38,1090000043,2.2.a.ii,metric_label_update_and_na_to_null,2. Number of substations upgraded,,HFTD Tier 2,Urban,Non-WUI,Number of substations,exact,0,,,SDG&E,2024,4,v3.2,1,4,SDGE_2024_Q4_Tables1-15_R1.xlsx,Table 9,53,I53,https://efiling.energysafety.ca.gov/eFiling/Getfile.aspx?fileid=56226&shareable=true
T9R-c4be40bb08266c8d,1090000044,2.2.b.i,metric_label_update_and_na_to_null,2. Number of substations upgraded,,HFTD Tier 2,Rural,WUI,Number of substations,exact,0,,,SDG&E,2024,4,v3.2,1,4,SDGE_2024_Q4_Tables1-15_R1.xlsx,Table 9,54,I54,https://efiling.energysafety.ca.gov/eFiling/Getfile.aspx?fileid=56226&shareable=true
T9R-05d646b2e283f48e,1090000045,2.2.b.ii,metric_label_update_and_na_to_null,2. Number of substations upgraded,,HFTD Tier 2,Rural,Non-WUI,Number of substations,exact,0,,,SDG&E,2024,4,v3.2,1,4,SDGE_2024_Q4_Tables1-15_R1.xlsx,Table 9,55,I55,https://efiling.energysafety.ca.gov/eFiling/Getfile.aspx?fileid=56226&shareable=true
T9R-f857129e69319034,1090000046,2.2.c.i,metric_label_update_and_na_to_null,2. Number of substations upgraded,,HFTD Tier 2,Highly rural,WUI,Number of substations,exact,0,,,SDG&E,2024,4,v3.2,1,4,SDGE_2024_Q4_Tables1-15_R1.xlsx,Table 9,56,I56,https://efiling.energysafety.ca.gov/eFiling/Getfile.aspx?fileid=56226&shareable=true
T9R-1c5f8ed2d8c46d85,1090000047,2.2.c.ii,metric_label_update_and_na_to_null,2. Number of substations upgraded,,HFTD Tier 2,Highly rural,Non-WUI,Number of substations,exact,0,,,SDG&E,2024,4,v3.2,1,4,SDGE_2024_Q4_Tables1-15_R1.xlsx,Table 9,57,I57,https://efiling.energysafety.ca.gov/eFiling/Getfile.aspx?fileid=56226&shareable=true
T9R-4ea2b22c50e23065,1090000048,2.3.a.i,metric_label_update_and_na_to_null,2. Number of substations upgraded,,HFTD Tier 3,Urban,WUI,Number of substations,exact,0,,,SDG&E,2024,4,v3.2,1,4,SDGE_2024_Q4_Tables1-15_R1.xlsx,Table 9,58,I58,https://efiling.energysafety.ca.gov/eFiling/Getfile.aspx?fileid=56226&shareable=true
T9R-c1531bbec6969d6a,1090000049,2.3.a.ii,metric_label_update_and_na_to_null,2. Number of substations upgraded,,HFTD Tier 3,Urban,Non-WUI,Number of substations,exact,0,,,SDG&E,2024,4,v3.2,1,4,SDGE_2024_Q4_Tables1-15_R1.xlsx,Table 9,59,I59,https://efiling.energysafety.ca.gov/eFiling/Getfile.aspx?fileid=56226&shareable=true
T9R-b6f92d133b7ca33b,1090000050,2.3.b.i,metric_label_update_and_na_to_null,2. Number of substations upgraded,,HFTD Tier 3,Rural,WUI,Number of substations,exact,0,,,SDG&E,2024,4,v3.2,1,4,SDGE_2024_Q4_Tables1-15_R1.xlsx,Table 9,60,I60,https://efiling.energysafety.ca.gov/eFiling/Getfile.aspx?fileid=56226&shareable=true
T9R-301bcc3b32ad01d6,1090000051,2.3.b.ii,metric_label_update_and_na_to_null,2. Number of substations upgraded,,HFTD Tier 3,Rural,Non-WUI,Number of substations,exact,0,,,SDG&E,2024,4,v3.2,1,4,SDGE_2024_Q4_Tables1-15_R1.xlsx,Table 9,61,I61,https://efiling.energysafety.ca.gov/eFiling/Getfile.aspx?fileid=56226&shareable=true
T9R-c568133f227c143a,1090000052,2.3.c.i,metric_label_update_and_na_to_null,2. Number of substations upgraded,,HFTD Tier 3,Highly rural,WUI,Number of substations,exact,0,,,SDG&E,2024,4,v3.2,1,4,SDGE_2024_Q4_Tables1-15_R1.xlsx,Table 9,62,I62,https://efiling.energysafety.ca.gov/eFiling/Getfile.aspx?fileid=56226&shareable=true
T9R-bf5925c884ec3b6a,1090000053,2.3.c.ii,metric_label_update_and_na_to_null,2. Number of substations upgraded,,HFTD Tier 3,Highly rural,Non-WUI,Number of substations,exact,0,,,SDG&E,2024,4,v3.2,1,4,SDGE_2024_Q4_Tables1-15_R1.xlsx,Table 9,63,I63,https://efiling.energysafety.ca.gov/eFiling/Getfile.aspx?fileid=56226&shareable=true
T9R-dbeacd6720809b9d,1090000054,3.0.a.i,metric_label_update_and_na_to_null,3. Number of weather stations with hardware upgraded,,Non-HFTD,Urban,WUI,Number of weather stations,exact,0,,,SDG&E,2024,4,v3.2,1,4,SDGE_2024_Q4_Tables1-15_R1.xlsx,Table 9,64,I64,https://efiling.energysafety.ca.gov/eFiling/Getfile.aspx?fileid=56226&shareable=true
T9R-047bbe4f6f4a9472,1090000055,3.0.a.ii,metric_label_update_and_na_to_null,3. Number of weather stations with hardware upgraded,,Non-HFTD,Urban,Non-WUI,Number of weather stations,exact,0,,,SDG&E,2024,4,v3.2,1,4,SDGE_2024_Q4_Tables1-15_R1.xlsx,Table 9,65,I65,https://efiling.energysafety.ca.gov/eFiling/Getfile.aspx?fileid=56226&shareable=true
T9R-15c7c46b3557cb43,1090000056,3.0.b.i,metric_label_update_and_na_to_null,3. Number of weather stations with hardware upgraded,,Non-HFTD,Rural,WUI,Number of weather stations,exact,0,,,SDG&E,2024,4,v3.2,1,4,SDGE_2024_Q4_Tables1-15_R1.xlsx,Table 9,66,I66,https://efiling.energysafety.ca.gov/eFiling/Getfile.aspx?fileid=56226&shareable=true
T9R-5301e2f6403b2acc,1090000057,3.0.b.ii,metric_label_update_and_na_to_null,3. Number of weather stations with hardware upgraded,,Non-HFTD,Rural,Non-WUI,Number of weather stations,exact,0,,,SDG&E,2024,4,v3.2,1,4,SDGE_2024_Q4_Tables1-15_R1.xlsx,Table 9,67,I67,https://efiling.energysafety.ca.gov/eFiling/Getfile.aspx?fileid=56226&shareable=true
T9R-a9740077236d80f7,1090000058,3.0.c.i,metric_label_update_and_na_to_null,3. Number of weather stations with hardware upgraded,,Non-HFTD,Highly rural,WUI,Number of weather stations,exact,0,,,SDG&E,2024,4,v3.2,1,4,SDGE_2024_Q4_Tables1-15_R1.xlsx,Table 9,68,I68,https://efiling.energysafety.ca.gov/eFiling/Getfile.aspx?fileid=56226&shareable=true
T9R-3b4856d75a05a3a0,1090000059,3.0.c.ii,metric_label_update_and_na_to_null,3. Number of weather stations with hardware upgraded,,Non-HFTD,Highly rural,Non-WUI,Number of weather stations,exact,0,,,SDG&E,2024,4,v3.2,1,4,SDGE_2024_Q4_Tables1-15_R1.xlsx,Table 9,69,I69,https://efiling.energysafety.ca.gov/eFiling/Getfile.aspx?fileid=56226&shareable=true
T9R-ad475d33b531b51b,1090000060,3.2.a.i,metric_label_update_and_na_to_null,3. Number of weather stations with hardware upgraded,,HFTD Tier 2,Urban,WUI,Number of weather stations,exact,0,,,SDG&E,2024,4,v3.2,1,4,SDGE_2024_Q4_Tables1-15_R1.xlsx,Table 9,70,I70,https://efiling.energysafety.ca.gov/eFiling/Getfile.aspx?fileid=56226&shareable=true
T9R-d8a216487ad659b8,1090000061,3.2.a.ii,metric_label_update_and_na_to_null,3. Number of weather stations with hardware upgraded,,HFTD Tier 2,Urban,Non-WUI,Number of weather stations,exact,0,,,SDG&E,2024,4,v3.2,1,4,SDGE_2024_Q4_Tables1-15_R1.xlsx,Table 9,71,I71,https://efiling.energysafety.ca.gov/eFiling/Getfile.aspx?fileid=56226&shareable=true
T9R-e97c3bf8e09121ea,1090000062,3.2.b.i,metric_label_update_and_na_to_null,3. Number of weather stations with hardware upgraded,,HFTD Tier 2,Rural,WUI,Number of weather stations,exact,0,,,SDG&E,2024,4,v3.2,1,4,SDGE_2024_Q4_Tables1-15_R1.xlsx,Table 9,72,I72,https://efiling.energysafety.ca.gov/eFiling/Getfile.aspx?fileid=56226&shareable=true
T9R-4f8043fcfcef53bf,1090000063,3.2.b.ii,metric_label_update_and_na_to_null,3. Number of weather stations with hardware upgraded,,HFTD Tier 2,Rural,Non-WUI,Number of weather stations,exact,0,,,SDG&E,2024,4,v3.2,1,4,SDGE_2024_Q4_Tables1-15_R1.xlsx,Table 9,73,I73,https://efiling.energysafety.ca.gov/eFiling/Getfile.aspx?fileid=56226&shareable=true
T9R-991618019b9354ac,1090000064,3.2.c.i,metric_label_update_and_na_to_null,3. Number of weather stations with hardware upgraded,,HFTD Tier 2,Highly rural,WUI,Number of weather stations,exact,0,,,SDG&E,2024,4,v3.2,1,4,SDGE_2024_Q4_Tables1-15_R1.xlsx,Table 9,74,I74,https://efiling.energysafety.ca.gov/eFiling/Getfile.aspx?fileid=56226&shareable=true
T9R-92bdd824c5c21319,1090000065,3.2.c.ii,metric_label_update_and_na_to_null,3. Number of weather stations with hardware upgraded,,HFTD Tier 2,Highly rural,Non-WUI,Number of weather stations,exact,0,,,SDG&E,2024,4,v3.2,1,4,SDGE_2024_Q4_Tables1-15_R1.xlsx,Table 9,75,I75,https://efiling.energysafety.ca.gov/eFiling/Getfile.aspx?fileid=56226&shareable=true
T9R-ea8346ae808390a8,1090000066,3.3.a.i,metric_label_update_and_na_to_null,3. Number of weather stations with hardware upgraded,,HFTD Tier 3,Urban,WUI,Number of weather stations,exact,0,,,SDG&E,2024,4,v3.2,1,4,SDGE_2024_Q4_Tables1-15_R1.xlsx,Table 9,76,I76,https://efiling.energysafety.ca.gov/eFiling/Getfile.aspx?fileid=56226&shareable=true
T9R-93609d9c87c5cd62,1090000067,3.3.a.ii,metric_label_update_and_na_to_null,3. Number of weather stations with hardware upgraded,,HFTD Tier 3,Urban,Non-WUI,Number of weather stations,exact,0,,,SDG&E,2024,4,v3.2,1,4,SDGE_2024_Q4_Tables1-15_R1.xlsx,Table 9,77,I77,https://efiling.energysafety.ca.gov/eFiling/Getfile.aspx?fileid=56226&shareable=true
T9R-0cf66b781749b846,1090000068,3.3.b.i,metric_label_update_and_na_to_null,3. Number of weather stations with hardware upgraded,,HFTD Tier 3,Rural,WUI,Number of weather stations,exact,0,,,SDG&E,2024,4,v3.2,1,4,SDGE_2024_Q4_Tables1-15_R1.xlsx,Table 9,78,I78,https://efiling.energysafety.ca.gov/eFiling/Getfile.aspx?fileid=56226&shareable=true
T9R-830c7783ab131808,1090000069,3.3.b.ii,metric_label_update_and_na_to_null,3. Number of weather stations with hardware upgraded,,HFTD Tier 3,Rural,Non-WUI,Number of weather stations,exact,0,,,SDG&E,2024,4,v3.2,1,4,SDGE_2024_Q4_Tables1-15_R1.xlsx,Table 9,79,I79,https://efiling.energysafety.ca.gov/eFiling/Getfile.aspx?fileid=56226&shareable=true
T9R-1d1fe27c295814d7,1090000070,3.3.c.i,metric_label_update_and_na_to_null,3. Number of weather stations with hardware upgraded,,HFTD Tier 3,Highly rural,WUI,Number of weather stations,exact,0,,,SDG&E,2024,4,v3.2,1,4,SDGE_2024_Q4_Tables1-15_R1.xlsx,Table 9,80,I80,https://efiling.energysafety.ca.gov/eFiling/Getfile.aspx?fileid=56226&shareable=true
T9R-55854986338a94c1,1090000071,3.3.c.ii,metric_label_update_and_na_to_null,3. Number of weather stations with hardware upgraded,,HFTD Tier 3,Highly rural,Non-WUI,Number of weather stations,exact,0,,,SDG&E,2024,4,v3.2,1,4,SDGE_2024_Q4_Tables1-15_R1.xlsx,Table 9,81,I81,https://efiling.energysafety.ca.gov/eFiling/Getfile.aspx?fileid=56226&shareable=true
T9R-c8fb65072c85ff84,1090000000,1.d.0.a.i,v4_native,1. Number of overhead circuit miles upgraded,Distribution,Non-HFTD,Urban,WUI,Circuit miles,v4_native,0,,,SDG&E,2025,1,v4.01,6,1,SDGE_2025_Q1_R6.xlsx,Table 9,2,M2,https://efiling.energysafety.ca.gov/eFiling/Getfile.aspx?fileid=58132&shareable=true
T9R-7944f1df65dec0f6,1090000001,1.d.0.a.ii,v4_native,1. Number of overhead circuit miles upgraded,Distribution,Non-HFTD,Urban,Non-WUI,Circuit miles,v4_native,0,,,SDG&E,2025,1,v4.01,6,1,SDGE_2025_Q1_R6.xlsx,Table 9,3,M3,https://efiling.energysafety.ca.gov/eFiling/Getfile.aspx?fileid=58132&shareable=true
T9R-246e2faeeff81e9a,1090000002,1.d.0.b.i,v4_native,1. Number of overhead circuit miles upgraded,Distribution,Non-HFTD,Rural,WUI,Circuit miles,v4_native,0,,,SDG&E,2025,1,v4.01,6,1,SDGE_2025_Q1_R6.xlsx,Table 9,4,M4,https://efiling.energysafety.ca.gov/eFiling/Getfile.aspx?fileid=58132&shareable=true
T9R-6b435c340aafb02a,1090000003,1.d.0.b.ii,v4_native,1. Number of overhead circuit miles upgraded,Distribution,Non-HFTD,Rural,Non-WUI,Circuit miles,v4_native,0,,,SDG&E,2025,1,v4.01,6,1,SDGE_2025_Q1_R6.xlsx,Table 9,5,M5,https://efiling.energysafety.ca.gov/eFiling/Getfile.aspx?fileid=58132&shareable=true
T9R-669f61e068d2010d,1090000004,1.d.0.c.i,v4_native,1. Number of overhead circuit miles upgraded,Distribution,Non-HFTD,Highly rural,WUI,Circuit miles,v4_native,0,,,SDG&E,2025,1,v4.01,6,1,SDGE_2025_Q1_R6.xlsx,Table 9,6,M6,https://efiling.energysafety.ca.gov/eFiling/Getfile.aspx?fileid=58132&shareable=true
T9R-dc9aba8687ee7002,1090000005,1.d.0.c.ii,v4_native,1. Number of overhead circuit miles upgraded,Distribution,Non-HFTD,Highly rural,Non-WUI,Circuit miles,v4_native,0,,,SDG&E,2025,1,v4.01,6,1,SDGE_2025_Q1_R6.xlsx,Table 9,7,M7,https://efiling.energysafety.ca.gov/eFiling/Getfile.aspx?fileid=58132&shareable=true
T9R-ad4e65c7f8b39379,1090000006,1.d.2.a.i,v4_native,1. Number of overhead circuit miles upgraded,Distribution,HFTD Tier 2,Urban,WUI,Circuit miles,v4_native,0,,,SDG&E,2025,1,v4.01,6,1,SDGE_2025_Q1_R6.xlsx,Table 9,8,M8,https://efiling.energysafety.ca.gov/eFiling/Getfile.aspx?fileid=58132&shareable=true
T9R-1f23613f654f59a6,1090000007,1.d.2.a.ii,v4_native,1. Number of overhead circuit miles upgraded,Distribution,HFTD Tier 2,Urban,Non-WUI,Circuit miles,v4_native,0,,,SDG&E,2025,1,v4.01,6,1,SDGE_2025_Q1_R6.xlsx,Table 9,9,M9,https://efiling.energysafety.ca.gov/eFiling/Getfile.aspx?fileid=58132&shareable=true
T9R-ae50f52eae792c14,1090000008,1.d.2.b.i,v4_native,1. Number of overhead circuit miles upgraded,Distribution,HFTD Tier 2,Rural,WUI,Circuit miles,v4_native,1.330527977,,,SDG&E,2025,1,v4.01,6,1,SDGE_2025_Q1_R6.xlsx,Table 9,10,M10,https://efiling.energysafety.ca.gov/eFiling/Getfile.aspx?fileid=58132&shareable=true
T9R-94a3047db6bd3286,1090000009,1.d.2.b.ii,v4_native,1. Number of overhead circuit miles upgraded,Distribution,HFTD Tier 2,Rural,Non-WUI,Circuit miles,v4_native,1.092973721,,,SDG&E,2025,1,v4.01,6,1,SDGE_2025_Q1_R6.xlsx,Table 9,11,M11,https://efiling.energysafety.ca.gov/eFiling/Getfile.aspx?fileid=58132&shareable=true
T9R-c224d079fe006e09,1090000010,1.d.2.c.i,v4_native,1. Number of overhead circuit miles upgraded,Distribution,HFTD Tier 2,Highly rural,WUI,Circuit miles,v4_native,0,,,SDG&E,2025,1,v4.01,6,1,SDGE_2025_Q1_R6.xlsx,Table 9,12,M12,https://efiling.energysafety.ca.gov/eFiling/Getfile.aspx?fileid=58132&shareable=true
T9R-8995d9e8e354c98b,1090000011,1.d.2.c.ii,v4_native,1. Number of overhead circuit miles upgraded,Distribution,HFTD Tier 2,Highly rural,Non-WUI,Circuit miles,v4_native,0,,,SDG&E,2025,1,v4.01,6,1,SDGE_2025_Q1_R6.xlsx,Table 9,13,M13,https://efiling.energysafety.ca.gov/eFiling/Getfile.aspx?fileid=58132&shareable=true
T9R-b5d285c70959d2b6,1090000012,1.d.3.a.i,v4_native,1. Number of overhead circuit miles upgraded,Distribution,HFTD Tier 3,Urban,WUI,Circuit miles,v4_native,0,,,SDG&E,2025,1,v4.01,6,1,SDGE_2025_Q1_R6.xlsx,Table 9,14,M14,https://efiling.energysafety.ca.gov/eFiling/Getfile.aspx?fileid=58132&shareable=true
T9R-db69909e46c9f686,1090000013,1.d.3.a.ii,v4_native,1. Number of overhead circuit miles upgraded,Distribution,HFTD Tier 3,Urban,Non-WUI,Circuit miles,v4_native,0,,,SDG&E,2025,1,v4.01,6,1,SDGE_2025_Q1_R6.xlsx,Table 9,15,M15,https://efiling.energysafety.ca.gov/eFiling/Getfile.aspx?fileid=58132&shareable=true
T9R-ac054c941e90a7da,1090000014,1.d.3.b.i,v4_native,1. Number of overhead circuit miles upgraded,Distribution,HFTD Tier 3,Rural,WUI,Circuit miles,v4_native,0.751061652,,,SDG&E,2025,1,v4.01,6,1,SDGE_2025_Q1_R6.xlsx,Table 9,16,M16,https://efiling.energysafety.ca.gov/eFiling/Getfile.aspx?fileid=58132&shareable=true
T9R-e468ad85ecb49aab,1090000015,1.d.3.b.ii,v4_native,1. Number of overhead circuit miles upgraded,Distribution,HFTD Tier 3,Rural,Non-WUI,Circuit miles,v4_native,0.777117576,,,SDG&E,2025,1,v4.01,6,1,SDGE_2025_Q1_R6.xlsx,Table 9,17,M17,https://efiling.energysafety.ca.gov/eFiling/Getfile.aspx?fileid=58132&shareable=true
T9R-c89110d740bd9669,1090000016,1.d.3.c.i,v4_native,1. Number of overhead circuit miles upgraded,Distribution,HFTD Tier 3,Highly rural,WUI,Circuit miles,v4_native,0,,,SDG&E,2025,1,v4.01,6,1,SDGE_2025_Q1_R6.xlsx,Table 9,18,M18,https://efiling.energysafety.ca.gov/eFiling/Getfile.aspx?fileid=58132&shareable=true
T9R-bb291995fd3eb160,1090000017,1.d.3.c.ii,v4_native,1. Number of overhead circuit miles upgraded,Distribution,HFTD Tier 3,Highly rural,Non-WUI,Circuit miles,v4_native,0,,,SDG&E,2025,1,v4.01,6,1,SDGE_2025_Q1_R6.xlsx,Table 9,19,M19,https://efiling.energysafety.ca.gov/eFiling/Getfile.aspx?fileid=58132&shareable=true
T9R-7d0cf034b98c478c,1090000018,1.t.0.a.i,v4_native,1. Number of overhead circuit miles upgraded,Transmission,Non-HFTD,Urban,WUI,Circuit miles,v4_native,0,,,SDG&E,2025,1,v4.01,6,1,SDGE_2025_Q1_R6.xlsx,Table 9,20,M20,https://efiling.energysafety.ca.gov/eFiling/Getfile.aspx?fileid=58132&shareable=true
T9R-0b0bbfc0100d3238,1090000019,1.t.0.a.ii,v4_native,1. Number of overhead circuit miles upgraded,Transmission,Non-HFTD,Urban,Non-WUI,Circuit miles,v4_native,0,,,SDG&E,2025,1,v4.01,6,1,SDGE_2025_Q1_R6.xlsx,Table 9,21,M21,https://efiling.energysafety.ca.gov/eFiling/Getfile.aspx?fileid=58132&shareable=true
T9R-d0c94398798df1e5,1090000020,1.t.0.b.i,v4_native,1. Number of overhead circuit miles upgraded,Transmission,Non-HFTD,Rural,WUI,Circuit miles,v4_native,0,,,SDG&E,2025,1,v4.01,6,1,SDGE_2025_Q1_R6.xlsx,Table 9,22,M22,https://efiling.energysafety.ca.gov/eFiling/Getfile.aspx?fileid=58132&shareable=true
T9R-1e5cc10e77c717a3,1090000021,1.t.0.b.ii,v4_native,1. Number of overhead circuit miles upgraded,Transmission,Non-HFTD,Rural,Non-WUI,Circuit miles,v4_native,0,,,SDG&E,2025,1,v4.01,6,1,SDGE_2025_Q1_R6.xlsx,Table 9,23,M23,https://efiling.energysafety.ca.gov/eFiling/Getfile.aspx?fileid=58132&shareable=true
T9R-d1eac1acb789e4d5,1090000022,1.t.0.c.i,v4_native,1. Number of overhead circuit miles upgraded,Transmission,Non-HFTD,Highly rural,WUI,Circuit miles,v4_native,0,,,SDG&E,2025,1,v4.01,6,1,SDGE_2025_Q1_R6.xlsx,Table 9,24,M24,https://efiling.energysafety.ca.gov/eFiling/Getfile.aspx?fileid=58132&shareable=true
T9R-c488ea574ca3eda7,1090000023,1.t.0.c.ii,v4_native,1. Number of overhead circuit miles upgraded,Transmission,Non-HFTD,Highly rural,Non-WUI,Circuit miles,v4_native,0,,,SDG&E,2025,1,v4.01,6,1,SDGE_2025_Q1_R6.xlsx,Table 9,25,M25,https://efiling.energysafety.ca.gov/eFiling/Getfile.aspx?fileid=58132&shareable=true
T9R-02d24efde3e59efc,1090000024,1.t.2.a.i,v4_native,1. Number of overhead circuit miles upgraded,Transmission,HFTD Tier 2,Urban,WUI,Circuit miles,v4_native,0,,,SDG&E,2025,1,v4.01,6,1,SDGE_2025_Q1_R6.xlsx,Table 9,26,M26,https://efiling.energysafety.ca.gov/eFiling/Getfile.aspx?fileid=58132&shareable=true
T9R-3df8d066cca1dda5,1090000025,1.t.2.a.ii,v4_native,1. Number of overhead circuit miles upgraded,Transmission,HFTD Tier 2,Urban,Non-WUI,Circuit miles,v4_native,0,,,SDG&E,2025,1,v4.01,6,1,SDGE_2025_Q1_R6.xlsx,Table 9,27,M27,https://efiling.energysafety.ca.gov/eFiling/Getfile.aspx?fileid=58132&shareable=true
T9R-9e72013d9c31dcb9,1090000026,1.t.2.b.i,v4_native,1. Number of overhead circuit miles upgraded,Transmission,HFTD Tier 2,Rural,WUI,Circuit miles,v4_native,0,,,SDG&E,2025,1,v4.01,6,1,SDGE_2025_Q1_R6.xlsx,Table 9,28,M28,https://efiling.energysafety.ca.gov/eFiling/Getfile.aspx?fileid=58132&shareable=true
T9R-129e905b675780a7,1090000027,1.t.2.b.ii,v4_native,1. Number of overhead circuit miles upgraded,Transmission,HFTD Tier 2,Rural,Non-WUI,Circuit miles,v4_native,0,,,SDG&E,2025,1,v4.01,6,1,SDGE_2025_Q1_R6.xlsx,Table 9,29,M29,https://efiling.energysafety.ca.gov/eFiling/Getfile.aspx?fileid=58132&shareable=true
T9R-ae480444708de522,1090000028,1.t.2.c.i,v4_native,1. Number of overhead circuit miles upgraded,Transmission,HFTD Tier 2,Highly rural,WUI,Circuit miles,v4_native,0,,,SDG&E,2025,1,v4.01,6,1,SDGE_2025_Q1_R6.xlsx,Table 9,30,M30,https://efiling.energysafety.ca.gov/eFiling/Getfile.aspx?fileid=58132&shareable=true
T9R-309a54a6db2979b6,1090000029,1.t.2.c.ii,v4_native,1. Number of overhead circuit miles upgraded,Transmission,HFTD Tier 2,Highly rural,Non-WUI,Circuit miles,v4_native,0,,,SDG&E,2025,1,v4.01,6,1,SDGE_2025_Q1_R6.xlsx,Table 9,31,M31,https://efiling.energysafety.ca.gov/eFiling/Getfile.aspx?fileid=58132&shareable=true
T9R-6456f2385ac25ff1,1090000030,1.t.3.a.i,v4_native,1. Number of overhead circuit miles upgraded,Transmission,HFTD Tier 3,Urban,WUI,Circuit miles,v4_native,0,,,SDG&E,2025,1,v4.01,6,1,SDGE_2025_Q1_R6.xlsx,Table 9,32,M32,https://efiling.energysafety.ca.gov/eFiling/Getfile.aspx?fileid=58132&shareable=true
T9R-9acf3da3043c5fec,1090000031,1.t.3.a.ii,v4_native,1. Number of overhead circuit miles upgraded,Transmission,HFTD Tier 3,Urban,Non-WUI,Circuit miles,v4_native,0,,,SDG&E,2025,1,v4.01,6,1,SDGE_2025_Q1_R6.xlsx,Table 9,33,M33,https://efiling.energysafety.ca.gov/eFiling/Getfile.aspx?fileid=58132&shareable=true
T9R-1dc67b88e30d23de,1090000032,1.t.3.b.i,v4_native,1. Number of overhead circuit miles upgraded,Transmission,HFTD Tier 3,Rural,WUI,Circuit miles,v4_native,0,,,SDG&E,2025,1,v4.01,6,1,SDGE_2025_Q1_R6.xlsx,Table 9,34,M34,https://efiling.energysafety.ca.gov/eFiling/Getfile.aspx?fileid=58132&shareable=true
T9R-aa279471d2395d54,1090000033,1.t.3.b.ii,v4_native,1. Number of overhead circuit miles upgraded,Transmission,HFTD Tier 3,Rural,Non-WUI,Circuit miles,v4_native,0,,,SDG&E,2025,1,v4.01,6,1,SDGE_2025_Q1_R6.xlsx,Table 9,35,M35,https://efiling.energysafety.ca.gov/eFiling/Getfile.aspx?fileid=58132&shareable=true
T9R-e6a66bbbc5706047,1090000034,1.t.3.c.i,v4_native,1. Number of overhead circuit miles upgraded,Transmission,HFTD Tier 3,Highly rural,WUI,Circuit miles,v4_native,0,,,SDG&E,2025,1,v4.01,6,1,SDGE_2025_Q1_R6.xlsx,Table 9,36,M36,https://efiling.energysafety.ca.gov/eFiling/Getfile.aspx?fileid=58132&shareable=true
T9R-a96dd0b9e19e86a9,1090000035,1.t.3.c.ii,v4_native,1. Number of overhead circuit miles upgraded,Transmission,HFTD Tier 3,Highly rural,Non-WUI,Circuit miles,v4_native,0,,,SDG&E,2025,1,v4.01,6,1,SDGE_2025_Q1_R6.xlsx,Table 9,37,M37,https://efiling.energysafety.ca.gov/eFiling/Getfile.aspx?fileid=58132&shareable=true
T9R-4f74dcec20d02a6d,1090000036,2.0.a.i,v4_native,2. Number of substations upgraded,,Non-HFTD,Urban,WUI,Number of substations,v4_native,0,,,SDG&E,2025,1,v4.01,6,1,SDGE_2025_Q1_R6.xlsx,Table 9,38,M38,https://efiling.energysafety.ca.gov/eFiling/Getfile.aspx?fileid=58132&shareable=true
T9R-19204ae919fde193,1090000037,2.0.a.ii,v4_native,2. Number of substations upgraded,,Non-HFTD,Urban,Non-WUI,Number of substations,v4_native,0,,,SDG&E,2025,1,v4.01,6,1,SDGE_2025_Q1_R6.xlsx,Table 9,39,M39,https://efiling.energysafety.ca.gov/eFiling/Getfile.aspx?fileid=58132&shareable=true
T9R-2cc367d39eb3e408,1090000038,2.0.b.i,v4_native,2. Number of substations upgraded,,Non-HFTD,Rural,WUI,Number of substations,v4_native,0,,,SDG&E,2025,1,v4.01,6,1,SDGE_2025_Q1_R6.xlsx,Table 9,40,M40,https://efiling.energysafety.ca.gov/eFiling/Getfile.aspx?fileid=58132&shareable=true
T9R-0872c8c6998d2278,1090000039,2.0.b.ii,v4_native,2. Number of substations upgraded,,Non-HFTD,Rural,Non-WUI,Number of substations,v4_native,0,,,SDG&E,2025,1,v4.01,6,1,SDGE_2025_Q1_R6.xlsx,Table 9,41,M41,https://efiling.energysafety.ca.gov/eFiling/Getfile.aspx?fileid=58132&shareable=true
T9R-c6f128a19db26a50,1090000040,2.0.c.i,v4_native,2. Number of substations upgraded,,Non-HFTD,Highly rural,WUI,Number of substations,v4_native,0,,,SDG&E,2025,1,v4.01,6,1,SDGE_2025_Q1_R6.xlsx,Table 9,42,M42,https://efiling.energysafety.ca.gov/eFiling/Getfile.aspx?fileid=58132&shareable=true
T9R-72acd5a2263732d5,1090000041,2.0.c.ii,v4_native,2. Number of substations upgraded,,Non-HFTD,Highly rural,Non-WUI,Number of substations,v4_native,0,,,SDG&E,2025,1,v4.01,6,1,SDGE_2025_Q1_R6.xlsx,Table 9,43,M43,https://efiling.energysafety.ca.gov/eFiling/Getfile.aspx?fileid=58132&shareable=true
T9R-bf5c163eaf15c1dc,1090000042,2.2.a.i,v4_native,2. Number of substations upgraded,,HFTD Tier 2,Urban,WUI,Number of substations,v4_native,0,,,SDG&E,2025,1,v4.01,6,1,SDGE_2025_Q1_R6.xlsx,Table 9,44,M44,https://efiling.energysafety.ca.gov/eFiling/Getfile.aspx?fileid=58132&shareable=true
T9R-21d6234fd67a6c15,1090000043,2.2.a.ii,v4_native,2. Number of substations upgraded,,HFTD Tier 2,Urban,Non-WUI,Number of substations,v4_native,0,,,SDG&E,2025,1,v4.01,6,1,SDGE_2025_Q1_R6.xlsx,Table 9,45,M45,https://efiling.energysafety.ca.gov/eFiling/Getfile.aspx?fileid=58132&shareable=true
T9R-7c40e10788c77de2,1090000044,2.2.b.i,v4_native,2. Number of substations upgraded,,HFTD Tier 2,Rural,WUI,Number of substations,v4_native,0,,,SDG&E,2025,1,v4.01,6,1,SDGE_2025_Q1_R6.xlsx,Table 9,46,M46,https://efiling.energysafety.ca.gov/eFiling/Getfile.aspx?fileid=58132&shareable=true
T9R-d9cac4cd10861bf0,1090000045,2.2.b.ii,v4_native,2. Number of substations upgraded,,HFTD Tier 2,Rural,Non-WUI,Number of substations,v4_native,0,,,SDG&E,2025,1,v4.01,6,1,SDGE_2025_Q1_R6.xlsx,Table 9,47,M47,https://efiling.energysafety.ca.gov/eFiling/Getfile.aspx?fileid=58132&shareable=true
T9R-a881e3406771d89b,1090000046,2.2.c.i,v4_native,2. Number of substations upgraded,,HFTD Tier 2,Highly rural,WUI,Number of substations,v4_native,0,,,SDG&E,2025,1,v4.01,6,1,SDGE_2025_Q1_R6.xlsx,Table 9,48,M48,https://efiling.energysafety.ca.gov/eFiling/Getfile.aspx?fileid=58132&shareable=true
T9R-ebd696cbe4f00346,1090000047,2.2.c.ii,v4_native,2. Number of substations upgraded,,HFTD Tier 2,Highly rural,Non-WUI,Number of substations,v4_native,0,,,SDG&E,2025,1,v4.01,6,1,SDGE_2025_Q1_R6.xlsx,Table 9,49,M49,https://efiling.energysafety.ca.gov/eFiling/Getfile.aspx?fileid=58132&shareable=true
T9R-5e382c3d352def14,1090000048,2.3.a.i,v4_native,2. Number of substations upgraded,,HFTD Tier 3,Urban,WUI,Number of substations,v4_native,0,,,SDG&E,2025,1,v4.01,6,1,SDGE_2025_Q1_R6.xlsx,Table 9,50,M50,https://efiling.energysafety.ca.gov/eFiling/Getfile.aspx?fileid=58132&shareable=true
T9R-770a37c1f38e88be,1090000049,2.3.a.ii,v4_native,2. Number of substations upgraded,,HFTD Tier 3,Urban,Non-WUI,Number of substations,v4_native,0,,,SDG&E,2025,1,v4.01,6,1,SDGE_2025_Q1_R6.xlsx,Table 9,51,M51,https://efiling.energysafety.ca.gov/eFiling/Getfile.aspx?fileid=58132&shareable=true
T9R-b2e46300f36a1978,1090000050,2.3.b.i,v4_native,2. Number of substations upgraded,,HFTD Tier 3,Rural,WUI,Number of substations,v4_native,0,,,SDG&E,2025,1,v4.01,6,1,SDGE_2025_Q1_R6.xlsx,Table 9,52,M52,https://efiling.energysafety.ca.gov/eFiling/Getfile.aspx?fileid=58132&shareable=true
T9R-889b5b5d66bdfadc,1090000051,2.3.b.ii,v4_native,2. Number of substations upgraded,,HFTD Tier 3,Rural,Non-WUI,Number of substations,v4_native,0,,,SDG&E,2025,1,v4.01,6,1,SDGE_2025_Q1_R6.xlsx,Table 9,53,M53,https://efiling.energysafety.ca.gov/eFiling/Getfile.aspx?fileid=58132&shareable=true
T9R-f8410930af75f35b,1090000052,2.3.c.i,v4_native,2. Number of substations upgraded,,HFTD Tier 3,Highly rural,WUI,Number of substations,v4_native,0,,,SDG&E,2025,1,v4.01,6,1,SDGE_2025_Q1_R6.xlsx,Table 9,54,M54,https://efiling.energysafety.ca.gov/eFiling/Getfile.aspx?fileid=58132&shareable=true
T9R-743ac2515d56acad,1090000053,2.3.c.ii,v4_native,2. Number of substations upgraded,,HFTD Tier 3,Highly rural,Non-WUI,Number of substations,v4_native,0,,,SDG&E,2025,1,v4.01,6,1,SDGE_2025_Q1_R6.xlsx,Table 9,55,M55,https://efiling.energysafety.ca.gov/eFiling/Getfile.aspx?fileid=58132&shareable=true
T9R-1f57ddbd94687ee1,1090000054,3.0.a.i,v4_native,3. Number of weather stations with hardware upgraded,,Non-HFTD,Urban,WUI,Number of weather stations,v4_native,0,,,SDG&E,2025,1,v4.01,6,1,SDGE_2025_Q1_R6.xlsx,Table 9,56,M56,https://efiling.energysafety.ca.gov/eFiling/Getfile.aspx?fileid=58132&shareable=true
T9R-4bf44e58db43385d,1090000055,3.0.a.ii,v4_native,3. Number of weather stations with hardware upgraded,,Non-HFTD,Urban,Non-WUI,Number of weather stations,v4_native,0,,,SDG&E,2025,1,v4.01,6,1,SDGE_2025_Q1_R6.xlsx,Table 9,57,M57,https://efiling.energysafety.ca.gov/eFiling/Getfile.aspx?fileid=58132&shareable=true
T9R-b54a43e045776971,1090000056,3.0.b.i,v4_native,3. Number of weather stations with hardware upgraded,,Non-HFTD,Rural,WUI,Number of weather stations,v4_native,0,,,SDG&E,2025,1,v4.01,6,1,SDGE_2025_Q1_R6.xlsx,Table 9,58,M58,https://efiling.energysafety.ca.gov/eFiling/Getfile.aspx?fileid=58132&shareable=true
T9R-1ccac7834922f913,1090000057,3.0.b.ii,v4_native,3. Number of weather stations with hardware upgraded,,Non-HFTD,Rural,Non-WUI,Number of weather stations,v4_native,0,,,SDG&E,2025,1,v4.01,6,1,SDGE_2025_Q1_R6.xlsx,Table 9,59,M59,https://efiling.energysafety.ca.gov/eFiling/Getfile.aspx?fileid=58132&shareable=true
T9R-8d219a43c34c5f21,1090000058,3.0.c.i,v4_native,3. Number of weather stations with hardware upgraded,,Non-HFTD,Highly rural,WUI,Number of weather stations,v4_native,0,,,SDG&E,2025,1,v4.01,6,1,SDGE_2025_Q1_R6.xlsx,Table 9,60,M60,https://efiling.energysafety.ca.gov/eFiling/Getfile.aspx?fileid=58132&shareable=true
T9R-ba2c0a900e3373f9,1090000059,3.0.c.ii,v4_native,3. Number of weather stations with hardware upgraded,,Non-HFTD,Highly rural,Non-WUI,Number of weather stations,v4_native,0,,,SDG&E,2025,1,v4.01,6,1,SDGE_2025_Q1_R6.xlsx,Table 9,61,M61,https://efiling.energysafety.ca.gov/eFiling/Getfile.aspx?fileid=58132&shareable=true
T9R-caf4b44537f9915c,1090000060,3.2.a.i,v4_native,3. Number of weather stations with hardware upgraded,,HFTD Tier 2,Urban,WUI,Number of weather stations,v4_native,0,,,SDG&E,2025,1,v4.01,6,1,SDGE_2025_Q1_R6.xlsx,Table 9,62,M62,https://efiling.energysafety.ca.gov/eFiling/Getfile.aspx?fileid=58132&shareable=true
T9R-4f42b77af8bdc8da,1090000061,3.2.a.ii,v4_native,3. Number of weather stations with hardware upgraded,,HFTD Tier 2,Urban,Non-WUI,Number of weather stations,v4_native,0,,,SDG&E,2025,1,v4.01,6,1,SDGE_2025_Q1_R6.xlsx,Table 9,63,M63,https://efiling.energysafety.ca.gov/eFiling/Getfile.aspx?fileid=58132&shareable=true
T9R-d75ac65904353ef1,1090000062,3.2.b.i,v4_native,3. Number of weather stations with hardware upgraded,,HFTD Tier 2,Rural,WUI,Number of weather stations,v4_native,0,,,SDG&E,2025,1,v4.01,6,1,SDGE_2025_Q1_R6.xlsx,Table 9,64,M64,https://efiling.energysafety.ca.gov/eFiling/Getfile.aspx?fileid=58132&shareable=true
T9R-37bab7ccd46d616e,1090000063,3.2.b.ii,v4_native,3. Number of weather stations with hardware upgraded,,HFTD Tier 2,Rural,Non-WUI,Number of weather stations,v4_native,0,,,SDG&E,2025,1,v4.01,6,1,SDGE_2025_Q1_R6.xlsx,Table 9,65,M65,https://efiling.energysafety.ca.gov/eFiling/Getfile.aspx?fileid=58132&shareable=true
T9R-6007f343fa4fafa4,1090000064,3.2.c.i,v4_native,3. Number of weather stations with hardware upgraded,,HFTD Tier 2,Highly rural,WUI,Number of weather stations,v4_native,0,,,SDG&E,2025,1,v4.01,6,1,SDGE_2025_Q1_R6.xlsx,Table 9,66,M66,https://efiling.energysafety.ca.gov/eFiling/Getfile.aspx?fileid=58132&shareable=true
T9R-b79f10d96ff829ea,1090000065,3.2.c.ii,v4_native,3. Number of weather stations with hardware upgraded,,HFTD Tier 2,Highly rural,Non-WUI,Number of weather stations,v4_native,0,,,SDG&E,2025,1,v4.01,6,1,SDGE_2025_Q1_R6.xlsx,Table 9,67,M67,https://efiling.energysafety.ca.gov/eFiling/Getfile.aspx?fileid=58132&shareable=true
T9R-a873277c31b9b386,1090000066,3.3.a.i,v4_native,3. Number of weather stations with hardware upgraded,,HFTD Tier 3,Urban,WUI,Number of weather stations,v4_native,0,,,SDG&E,2025,1,v4.01,6,1,SDGE_2025_Q1_R6.xlsx,Table 9,68,M68,https://efiling.energysafety.ca.gov/eFiling/Getfile.aspx?fileid=58132&shareable=true
T9R-85fffac93dc57b4f,1090000067,3.3.a.ii,v4_native,3. Number of weather stations with hardware upgraded,,HFTD Tier 3,Urban,Non-WUI,Number of weather stations,v4_native,0,,,SDG&E,2025,1,v4.01,6,1,SDGE_2025_Q1_R6.xlsx,Table 9,69,M69,https://efiling.energysafety.ca.gov/eFiling/Getfile.aspx?fileid=58132&shareable=true
T9R-2428dfb6768441ae,1090000068,3.3.b.i,v4_native,3. Number of weather stations with hardware upgraded,,HFTD Tier 3,Rural,WUI,Number of weather stations,v4_native,0,,,SDG&E,2025,1,v4.01,6,1,SDGE_2025_Q1_R6.xlsx,Table 9,70,M70,https://efiling.energysafety.ca.gov/eFiling/Getfile.aspx?fileid=58132&shareable=true
T9R-30cc7443759a7b2a,1090000069,3.3.b.ii,v4_native,3. Number of weather stations with hardware upgraded,,HFTD Tier 3,Rural,Non-WUI,Number of weather stations,v4_native,0,,,SDG&E,2025,1,v4.01,6,1,SDGE_2025_Q1_R6.xlsx,Table 9,71,M71,https://efiling.energysafety.ca.gov/eFiling/Getfile.aspx?fileid=58132&shareable=true
T9R-fc4aeeb0f386b28f,1090000070,3.3.c.i,v4_native,3. Number of weather stations with hardware upgraded,,HFTD Tier 3,Highly rural,WUI,Number of weather stations,v4_native,0,,,SDG&E,2025,1,v4.01,6,1,SDGE_2025_Q1_R6.xlsx,Table 9,72,M72,https://efiling.energysafety.ca.gov/eFiling/Getfile.aspx?fileid=58132&shareable=true
T9R-4adc4d09cfe669ee,1090000071,3.3.c.ii,v4_native,3. Number of weather stations with hardware upgraded,,HFTD Tier 3,Highly rural,Non-WUI,Number of weather stations,v4_native,0,,,SDG&E,2025,1,v4.01,6,1,SDGE_2025_Q1_R6.xlsx,Table 9,73,M73,https://efiling.energysafety.ca.gov/eFiling/Getfile.aspx?fileid=58132&shareable=true
T9R-afd77ad103d04bc3,1090000000,1.d.0.a.i,v4_native,1. Number of overhead circuit miles upgraded,Distribution,Non-HFTD,Urban,WUI,Circuit miles,v4_native,0,,,SDG&E,2025,2,v4.01,5,2,SDGE_2025_Q2_R5.xlsx,Table 9,2,M2,https://efiling.energysafety.ca.gov/eFiling/Getfile.aspx?fileid=58132&shareable=true
T9R-f876ffd75cd7e35f,1090000001,1.d.0.a.ii,v4_native,1. Number of overhead circuit miles upgraded,Distribution,Non-HFTD,Urban,Non-WUI,Circuit miles,v4_native,0,,,SDG&E,2025,2,v4.01,5,2,SDGE_2025_Q2_R5.xlsx,Table 9,3,M3,https://efiling.energysafety.ca.gov/eFiling/Getfile.aspx?fileid=58132&shareable=true
T9R-4224b319aa646f47,1090000002,1.d.0.b.i,v4_native,1. Number of overhead circuit miles upgraded,Distribution,Non-HFTD,Rural,WUI,Circuit miles,v4_native,0,,,SDG&E,2025,2,v4.01,5,2,SDGE_2025_Q2_R5.xlsx,Table 9,4,M4,https://efiling.energysafety.ca.gov/eFiling/Getfile.aspx?fileid=58132&shareable=true
T9R-e265ffffc5cedeaf,1090000003,1.d.0.b.ii,v4_native,1. Number of overhead circuit miles upgraded,Distribution,Non-HFTD,Rural,Non-WUI,Circuit miles,v4_native,0,,,SDG&E,2025,2,v4.01,5,2,SDGE_2025_Q2_R5.xlsx,Table 9,5,M5,https://efiling.energysafety.ca.gov/eFiling/Getfile.aspx?fileid=58132&shareable=true
T9R-b122fe78b44a896b,1090000004,1.d.0.c.i,v4_native,1. Number of overhead circuit miles upgraded,Distribution,Non-HFTD,Highly rural,WUI,Circuit miles,v4_native,0,,,SDG&E,2025,2,v4.01,5,2,SDGE_2025_Q2_R5.xlsx,Table 9,6,M6,https://efiling.energysafety.ca.gov/eFiling/Getfile.aspx?fileid=58132&shareable=true
T9R-cf5e0afac8ae3062,1090000005,1.d.0.c.ii,v4_native,1. Number of overhead circuit miles upgraded,Distribution,Non-HFTD,Highly rural,Non-WUI,Circuit miles,v4_native,0,,,SDG&E,2025,2,v4.01,5,2,SDGE_2025_Q2_R5.xlsx,Table 9,7,M7,https://efiling.energysafety.ca.gov/eFiling/Getfile.aspx?fileid=58132&shareable=true
T9R-ece0bc18d1f7144e,1090000006,1.d.2.a.i,v4_native,1. Number of overhead circuit miles upgraded,Distribution,HFTD Tier 2,Urban,WUI,Circuit miles,v4_native,0,,,SDG&E,2025,2,v4.01,5,2,SDGE_2025_Q2_R5.xlsx,Table 9,8,M8,https://efiling.energysafety.ca.gov/eFiling/Getfile.aspx?fileid=58132&shareable=true
T9R-6af581bce9037647,1090000007,1.d.2.a.ii,v4_native,1. Number of overhead circuit miles upgraded,Distribution,HFTD Tier 2,Urban,Non-WUI,Circuit miles,v4_native,0,,,SDG&E,2025,2,v4.01,5,2,SDGE_2025_Q2_R5.xlsx,Table 9,9,M9,https://efiling.energysafety.ca.gov/eFiling/Getfile.aspx?fileid=58132&shareable=true
T9R-acf3f548d3845ac7,1090000008,1.d.2.b.i,v4_native,1. Number of overhead circuit miles upgraded,Distribution,HFTD Tier 2,Rural,WUI,Circuit miles,v4_native,1.67970739499999,,,SDG&E,2025,2,v4.01,5,2,SDGE_2025_Q2_R5.xlsx,Table 9,10,M10,https://efiling.energysafety.ca.gov/eFiling/Getfile.aspx?fileid=58132&shareable=true
T9R-829cde32cee0db49,1090000009,1.d.2.b.ii,v4_native,1. Number of overhead circuit miles upgraded,Distribution,HFTD Tier 2,Rural,Non-WUI,Circuit miles,v4_native,2.866834568,,,SDG&E,2025,2,v4.01,5,2,SDGE_2025_Q2_R5.xlsx,Table 9,11,M11,https://efiling.energysafety.ca.gov/eFiling/Getfile.aspx?fileid=58132&shareable=true
T9R-4c261cec1df45264,1090000010,1.d.2.c.i,v4_native,1. Number of overhead circuit miles upgraded,Distribution,HFTD Tier 2,Highly rural,WUI,Circuit miles,v4_native,0,,,SDG&E,2025,2,v4.01,5,2,SDGE_2025_Q2_R5.xlsx,Table 9,12,M12,https://efiling.energysafety.ca.gov/eFiling/Getfile.aspx?fileid=58132&shareable=true
T9R-0551b1ea2818a068,1090000011,1.d.2.c.ii,v4_native,1. Number of overhead circuit miles upgraded,Distribution,HFTD Tier 2,Highly rural,Non-WUI,Circuit miles,v4_native,0.05699512,,,SDG&E,2025,2,v4.01,5,2,SDGE_2025_Q2_R5.xlsx,Table 9,13,M13,https://efiling.energysafety.ca.gov/eFiling/Getfile.aspx?fileid=58132&shareable=true
T9R-ea27446f56294a4a,1090000012,1.d.3.a.i,v4_native,1. Number of overhead circuit miles upgraded,Distribution,HFTD Tier 3,Urban,WUI,Circuit miles,v4_native,0,,,SDG&E,2025,2,v4.01,5,2,SDGE_2025_Q2_R5.xlsx,Table 9,14,M14,https://efiling.energysafety.ca.gov/eFiling/Getfile.aspx?fileid=58132&shareable=true
T9R-b3d99259972299cc,1090000013,1.d.3.a.ii,v4_native,1. Number of overhead circuit miles upgraded,Distribution,HFTD Tier 3,Urban,Non-WUI,Circuit miles,v4_native,0,,,SDG&E,2025,2,v4.01,5,2,SDGE_2025_Q2_R5.xlsx,Table 9,15,M15,https://efiling.energysafety.ca.gov/eFiling/Getfile.aspx?fileid=58132&shareable=true
T9R-3bf8402854edba7a,1090000014,1.d.3.b.i,v4_native,1. Number of overhead circuit miles upgraded,Distribution,HFTD Tier 3,Rural,WUI,Circuit miles,v4_native,0.368103319,,,SDG&E,2025,2,v4.01,5,2,SDGE_2025_Q2_R5.xlsx,Table 9,16,M16,https://efiling.energysafety.ca.gov/eFiling/Getfile.aspx?fileid=58132&shareable=true
T9R-4420404961b8d9c1,1090000015,1.d.3.b.ii,v4_native,1. Number of overhead circuit miles upgraded,Distribution,HFTD Tier 3,Rural,Non-WUI,Circuit miles,v4_native,0.113110277,,,SDG&E,2025,2,v4.01,5,2,SDGE_2025_Q2_R5.xlsx,Table 9,17,M17,https://efiling.energysafety.ca.gov/eFiling/Getfile.aspx?fileid=58132&shareable=true
T9R-fc0a431338847151,1090000016,1.d.3.c.i,v4_native,1. Number of overhead circuit miles upgraded,Distribution,HFTD Tier 3,Highly rural,WUI,Circuit miles,v4_native,0,,,SDG&E,2025,2,v4.01,5,2,SDGE_2025_Q2_R5.xlsx,Table 9,18,M18,https://efiling.energysafety.ca.gov/eFiling/Getfile.aspx?fileid=58132&shareable=true
T9R-4909198d2ff1938b,1090000017,1.d.3.c.ii,v4_native,1. Number of overhead circuit miles upgraded,Distribution,HFTD Tier 3,Highly rural,Non-WUI,Circuit miles,v4_native,0,,,SDG&E,2025,2,v4.01,5,2,SDGE_2025_Q2_R5.xlsx,Table 9,19,M19,https://efiling.energysafety.ca.gov/eFiling/Getfile.aspx?fileid=58132&shareable=true
T9R-3ba06e504e161119,1090000018,1.t.0.a.i,v4_native,1. Number of overhead circuit miles upgraded,Transmission,Non-HFTD,Urban,WUI,Circuit miles,v4_native,0,,,SDG&E,2025,2,v4.01,5,2,SDGE_2025_Q2_R5.xlsx,Table 9,20,M20,https://efiling.energysafety.ca.gov/eFiling/Getfile.aspx?fileid=58132&shareable=true
T9R-c75aebd4ae785c27,1090000019,1.t.0.a.ii,v4_native,1. Number of overhead circuit miles upgraded,Transmission,Non-HFTD,Urban,Non-WUI,Circuit miles,v4_native,0,,,SDG&E,2025,2,v4.01,5,2,SDGE_2025_Q2_R5.xlsx,Table 9,21,M21,https://efiling.energysafety.ca.gov/eFiling/Getfile.aspx?fileid=58132&shareable=true
T9R-88f8860e99a4645f,1090000020,1.t.0.b.i,v4_native,1. Number of overhead circuit miles upgraded,Transmission,Non-HFTD,Rural,WUI,Circuit miles,v4_native,0,,,SDG&E,2025,2,v4.01,5,2,SDGE_2025_Q2_R5.xlsx,Table 9,22,M22,https://efiling.energysafety.ca.gov/eFiling/Getfile.aspx?fileid=58132&shareable=true
T9R-6b2488c30102b9b0,1090000021,1.t.0.b.ii,v4_native,1. Number of overhead circuit miles upgraded,Transmission,Non-HFTD,Rural,Non-WUI,Circuit miles,v4_native,0,,,SDG&E,2025,2,v4.01,5,2,SDGE_2025_Q2_R5.xlsx,Table 9,23,M23,https://efiling.energysafety.ca.gov/eFiling/Getfile.aspx?fileid=58132&shareable=true
T9R-f8785a94fd9eb444,1090000022,1.t.0.c.i,v4_native,1. Number of overhead circuit miles upgraded,Transmission,Non-HFTD,Highly rural,WUI,Circuit miles,v4_native,0,,,SDG&E,2025,2,v4.01,5,2,SDGE_2025_Q2_R5.xlsx,Table 9,24,M24,https://efiling.energysafety.ca.gov/eFiling/Getfile.aspx?fileid=58132&shareable=true
T9R-240910022c61a129,1090000023,1.t.0.c.ii,v4_native,1. Number of overhead circuit miles upgraded,Transmission,Non-HFTD,Highly rural,Non-WUI,Circuit miles,v4_native,0,,,SDG&E,2025,2,v4.01,5,2,SDGE_2025_Q2_R5.xlsx,Table 9,25,M25,https://efiling.energysafety.ca.gov/eFiling/Getfile.aspx?fileid=58132&shareable=true
T9R-94497fbc14545f32,1090000024,1.t.2.a.i,v4_native,1. Number of overhead circuit miles upgraded,Transmission,HFTD Tier 2,Urban,WUI,Circuit miles,v4_native,0,,,SDG&E,2025,2,v4.01,5,2,SDGE_2025_Q2_R5.xlsx,Table 9,26,M26,https://efiling.energysafety.ca.gov/eFiling/Getfile.aspx?fileid=58132&shareable=true
T9R-821abd5ffea26836,1090000025,1.t.2.a.ii,v4_native,1. Number of overhead circuit miles upgraded,Transmission,HFTD Tier 2,Urban,Non-WUI,Circuit miles,v4_native,0,,,SDG&E,2025,2,v4.01,5,2,SDGE_2025_Q2_R5.xlsx,Table 9,27,M27,https://efiling.energysafety.ca.gov/eFiling/Getfile.aspx?fileid=58132&shareable=true
T9R-a8f2af8fb1d8d12b,1090000026,1.t.2.b.i,v4_native,1. Number of overhead circuit miles upgraded,Transmission,HFTD Tier 2,Rural,WUI,Circuit miles,v4_native,0,,,SDG&E,2025,2,v4.01,5,2,SDGE_2025_Q2_R5.xlsx,Table 9,28,M28,https://efiling.energysafety.ca.gov/eFiling/Getfile.aspx?fileid=58132&shareable=true
T9R-2582072e3f8f7b71,1090000027,1.t.2.b.ii,v4_native,1. Number of overhead circuit miles upgraded,Transmission,HFTD Tier 2,Rural,Non-WUI,Circuit miles,v4_native,0,,,SDG&E,2025,2,v4.01,5,2,SDGE_2025_Q2_R5.xlsx,Table 9,29,M29,https://efiling.energysafety.ca.gov/eFiling/Getfile.aspx?fileid=58132&shareable=true
T9R-3b282a878176c31a,1090000028,1.t.2.c.i,v4_native,1. Number of overhead circuit miles upgraded,Transmission,HFTD Tier 2,Highly rural,WUI,Circuit miles,v4_native,0,,,SDG&E,2025,2,v4.01,5,2,SDGE_2025_Q2_R5.xlsx,Table 9,30,M30,https://efiling.energysafety.ca.gov/eFiling/Getfile.aspx?fileid=58132&shareable=true
T9R-de170d91b0d6f3d8,1090000029,1.t.2.c.ii,v4_native,1. Number of overhead circuit miles upgraded,Transmission,HFTD Tier 2,Highly rural,Non-WUI,Circuit miles,v4_native,0,,,SDG&E,2025,2,v4.01,5,2,SDGE_2025_Q2_R5.xlsx,Table 9,31,M31,https://efiling.energysafety.ca.gov/eFiling/Getfile.aspx?fileid=58132&shareable=true
T9R-efe57eb8d5531a51,1090000030,1.t.3.a.i,v4_native,1. Number of overhead circuit miles upgraded,Transmission,HFTD Tier 3,Urban,WUI,Circuit miles,v4_native,0,,,SDG&E,2025,2,v4.01,5,2,SDGE_2025_Q2_R5.xlsx,Table 9,32,M32,https://efiling.energysafety.ca.gov/eFiling/Getfile.aspx?fileid=58132&shareable=true
T9R-6d0ecbd38602c8c9,1090000031,1.t.3.a.ii,v4_native,1. Number of overhead circuit miles upgraded,Transmission,HFTD Tier 3,Urban,Non-WUI,Circuit miles,v4_native,0,,,SDG&E,2025,2,v4.01,5,2,SDGE_2025_Q2_R5.xlsx,Table 9,33,M33,https://efiling.energysafety.ca.gov/eFiling/Getfile.aspx?fileid=58132&shareable=true
T9R-0a9e0e885a4bc7bd,1090000032,1.t.3.b.i,v4_native,1. Number of overhead circuit miles upgraded,Transmission,HFTD Tier 3,Rural,WUI,Circuit miles,v4_native,0,,,SDG&E,2025,2,v4.01,5,2,SDGE_2025_Q2_R5.xlsx,Table 9,34,M34,https://efiling.energysafety.ca.gov/eFiling/Getfile.aspx?fileid=58132&shareable=true
T9R-36ec739f5cc5c2ec,1090000033,1.t.3.b.ii,v4_native,1. Number of overhead circuit miles upgraded,Transmission,HFTD Tier 3,Rural,Non-WUI,Circuit miles,v4_native,0,,,SDG&E,2025,2,v4.01,5,2,SDGE_2025_Q2_R5.xlsx,Table 9,35,M35,https://efiling.energysafety.ca.gov/eFiling/Getfile.aspx?fileid=58132&shareable=true
T9R-4b83592ef758e7e0,1090000034,1.t.3.c.i,v4_native,1. Number of overhead circuit miles upgraded,Transmission,HFTD Tier 3,Highly rural,WUI,Circuit miles,v4_native,0,,,SDG&E,2025,2,v4.01,5,2,SDGE_2025_Q2_R5.xlsx,Table 9,36,M36,https://efiling.energysafety.ca.gov/eFiling/Getfile.aspx?fileid=58132&shareable=true
T9R-1914a60195b23786,1090000035,1.t.3.c.ii,v4_native,1. Number of overhead circuit miles upgraded,Transmission,HFTD Tier 3,Highly rural,Non-WUI,Circuit miles,v4_native,0,,,SDG&E,2025,2,v4.01,5,2,SDGE_2025_Q2_R5.xlsx,Table 9,37,M37,https://efiling.energysafety.ca.gov/eFiling/Getfile.aspx?fileid=58132&shareable=true
T9R-1edf04a106edd922,1090000036,2.0.a.i,v4_native,2. Number of substations upgraded,,Non-HFTD,Urban,WUI,Number of substations,v4_native,0,,,SDG&E,2025,2,v4.01,5,2,SDGE_2025_Q2_R5.xlsx,Table 9,38,M38,https://efiling.energysafety.ca.gov/eFiling/Getfile.aspx?fileid=58132&shareable=true
T9R-a7fa184c5199d864,1090000037,2.0.a.ii,v4_native,2. Number of substations upgraded,,Non-HFTD,Urban,Non-WUI,Number of substations,v4_native,0,,,SDG&E,2025,2,v4.01,5,2,SDGE_2025_Q2_R5.xlsx,Table 9,39,M39,https://efiling.energysafety.ca.gov/eFiling/Getfile.aspx?fileid=58132&shareable=true
T9R-a7f11bc0ff62729b,1090000038,2.0.b.i,v4_native,2. Number of substations upgraded,,Non-HFTD,Rural,WUI,Number of substations,v4_native,0,,,SDG&E,2025,2,v4.01,5,2,SDGE_2025_Q2_R5.xlsx,Table 9,40,M40,https://efiling.energysafety.ca.gov/eFiling/Getfile.aspx?fileid=58132&shareable=true
T9R-9d240d1435776590,1090000039,2.0.b.ii,v4_native,2. Number of substations upgraded,,Non-HFTD,Rural,Non-WUI,Number of substations,v4_native,0,,,SDG&E,2025,2,v4.01,5,2,SDGE_2025_Q2_R5.xlsx,Table 9,41,M41,https://efiling.energysafety.ca.gov/eFiling/Getfile.aspx?fileid=58132&shareable=true
T9R-6480e352cf91a5d8,1090000040,2.0.c.i,v4_native,2. Number of substations upgraded,,Non-HFTD,Highly rural,WUI,Number of substations,v4_native,0,,,SDG&E,2025,2,v4.01,5,2,SDGE_2025_Q2_R5.xlsx,Table 9,42,M42,https://efiling.energysafety.ca.gov/eFiling/Getfile.aspx?fileid=58132&shareable=true
T9R-596cfbb4725c85cd,1090000041,2.0.c.ii,v4_native,2. Number of substations upgraded,,Non-HFTD,Highly rural,Non-WUI,Number of substations,v4_native,0,,,SDG&E,2025,2,v4.01,5,2,SDGE_2025_Q2_R5.xlsx,Table 9,43,M43,https://efiling.energysafety.ca.gov/eFiling/Getfile.aspx?fileid=58132&shareable=true
T9R-2ce58116f7497c4b,1090000042,2.2.a.i,v4_native,2. Number of substations upgraded,,HFTD Tier 2,Urban,WUI,Number of substations,v4_native,0,,,SDG&E,2025,2,v4.01,5,2,SDGE_2025_Q2_R5.xlsx,Table 9,44,M44,https://efiling.energysafety.ca.gov/eFiling/Getfile.aspx?fileid=58132&shareable=true
T9R-7dfb87095af743a3,1090000043,2.2.a.ii,v4_native,2. Number of substations upgraded,,HFTD Tier 2,Urban,Non-WUI,Number of substations,v4_native,0,,,SDG&E,2025,2,v4.01,5,2,SDGE_2025_Q2_R5.xlsx,Table 9,45,M45,https://efiling.energysafety.ca.gov/eFiling/Getfile.aspx?fileid=58132&shareable=true
T9R-b603f68d7ad41cf5,1090000044,2.2.b.i,v4_native,2. Number of substations upgraded,,HFTD Tier 2,Rural,WUI,Number of substations,v4_native,0,,,SDG&E,2025,2,v4.01,5,2,SDGE_2025_Q2_R5.xlsx,Table 9,46,M46,https://efiling.energysafety.ca.gov/eFiling/Getfile.aspx?fileid=58132&shareable=true
T9R-be3d3ba9ccfa2d5f,1090000045,2.2.b.ii,v4_native,2. Number of substations upgraded,,HFTD Tier 2,Rural,Non-WUI,Number of substations,v4_native,0,,,SDG&E,2025,2,v4.01,5,2,SDGE_2025_Q2_R5.xlsx,Table 9,47,M47,https://efiling.energysafety.ca.gov/eFiling/Getfile.aspx?fileid=58132&shareable=true
T9R-f28149bbea513b4f,1090000046,2.2.c.i,v4_native,2. Number of substations upgraded,,HFTD Tier 2,Highly rural,WUI,Number of substations,v4_native,0,,,SDG&E,2025,2,v4.01,5,2,SDGE_2025_Q2_R5.xlsx,Table 9,48,M48,https://efiling.energysafety.ca.gov/eFiling/Getfile.aspx?fileid=58132&shareable=true
T9R-de34caa0ec1ff8be,1090000047,2.2.c.ii,v4_native,2. Number of substations upgraded,,HFTD Tier 2,Highly rural,Non-WUI,Number of substations,v4_native,0,,,SDG&E,2025,2,v4.01,5,2,SDGE_2025_Q2_R5.xlsx,Table 9,49,M49,https://efiling.energysafety.ca.gov/eFiling/Getfile.aspx?fileid=58132&shareable=true
T9R-b303cdf465b7c92c,1090000048,2.3.a.i,v4_native,2. Number of substations upgraded,,HFTD Tier 3,Urban,WUI,Number of substations,v4_native,0,,,SDG&E,2025,2,v4.01,5,2,SDGE_2025_Q2_R5.xlsx,Table 9,50,M50,https://efiling.energysafety.ca.gov/eFiling/Getfile.aspx?fileid=58132&shareable=true
T9R-0fd6b8c78977414f,1090000049,2.3.a.ii,v4_native,2. Number of substations upgraded,,HFTD Tier 3,Urban,Non-WUI,Number of substations,v4_native,0,,,SDG&E,2025,2,v4.01,5,2,SDGE_2025_Q2_R5.xlsx,Table 9,51,M51,https://efiling.energysafety.ca.gov/eFiling/Getfile.aspx?fileid=58132&shareable=true
T9R-a751d629f1e2b331,1090000050,2.3.b.i,v4_native,2. Number of substations upgraded,,HFTD Tier 3,Rural,WUI,Number of substations,v4_native,0,,,SDG&E,2025,2,v4.01,5,2,SDGE_2025_Q2_R5.xlsx,Table 9,52,M52,https://efiling.energysafety.ca.gov/eFiling/Getfile.aspx?fileid=58132&shareable=true
T9R-d032468b31bff114,1090000051,2.3.b.ii,v4_native,2. Number of substations upgraded,,HFTD Tier 3,Rural,Non-WUI,Number of substations,v4_native,0,,,SDG&E,2025,2,v4.01,5,2,SDGE_2025_Q2_R5.xlsx,Table 9,53,M53,https://efiling.energysafety.ca.gov/eFiling/Getfile.aspx?fileid=58132&shareable=true
T9R-63eaf5e0bd6fac04,1090000052,2.3.c.i,v4_native,2. Number of substations upgraded,,HFTD Tier 3,Highly rural,WUI,Number of substations,v4_native,0,,,SDG&E,2025,2,v4.01,5,2,SDGE_2025_Q2_R5.xlsx,Table 9,54,M54,https://efiling.energysafety.ca.gov/eFiling/Getfile.aspx?fileid=58132&shareable=true
T9R-7273e30d4b53583b,1090000053,2.3.c.ii,v4_native,2. Number of substations upgraded,,HFTD Tier 3,Highly rural,Non-WUI,Number of substations,v4_native,0,,,SDG&E,2025,2,v4.01,5,2,SDGE_2025_Q2_R5.xlsx,Table 9,55,M55,https://efiling.energysafety.ca.gov/eFiling/Getfile.aspx?fileid=58132&shareable=true
T9R-1a827d28a3da56cc,1090000054,3.0.a.i,v4_native,3. Number of weather stations with hardware upgraded,,Non-HFTD,Urban,WUI,Number of weather stations,v4_native,0,,,SDG&E,2025,2,v4.01,5,2,SDGE_2025_Q2_R5.xlsx,Table 9,56,M56,https://efiling.energysafety.ca.gov/eFiling/Getfile.aspx?fileid=58132&shareable=true
T9R-e95131ffbc4a95d3,1090000055,3.0.a.ii,v4_native,3. Number of weather stations with hardware upgraded,,Non-HFTD,Urban,Non-WUI,Number of weather stations,v4_native,0,,,SDG&E,2025,2,v4.01,5,2,SDGE_2025_Q2_R5.xlsx,Table 9,57,M57,https://efiling.energysafety.ca.gov/eFiling/Getfile.aspx?fileid=58132&shareable=true
T9R-fcb8b7f9cdebd11a,1090000056,3.0.b.i,v4_native,3. Number of weather stations with hardware upgraded,,Non-HFTD,Rural,WUI,Number of weather stations,v4_native,0,,,SDG&E,2025,2,v4.01,5,2,SDGE_2025_Q2_R5.xlsx,Table 9,58,M58,https://efiling.energysafety.ca.gov/eFiling/Getfile.aspx?fileid=58132&shareable=true
T9R-64d6d7e867325490,1090000057,3.0.b.ii,v4_native,3. Number of weather stations with hardware upgraded,,Non-HFTD,Rural,Non-WUI,Number of weather stations,v4_native,0,,,SDG&E,2025,2,v4.01,5,2,SDGE_2025_Q2_R5.xlsx,Table 9,59,M59,https://efiling.energysafety.ca.gov/eFiling/Getfile.aspx?fileid=58132&shareable=true
T9R-743c9393b39029ec,1090000058,3.0.c.i,v4_native,3. Number of weather stations with hardware upgraded,,Non-HFTD,Highly rural,WUI,Number of weather stations,v4_native,0,,,SDG&E,2025,2,v4.01,5,2,SDGE_2025_Q2_R5.xlsx,Table 9,60,M60,https://efiling.energysafety.ca.gov/eFiling/Getfile.aspx?fileid=58132&shareable=true
T9R-57e88ff9ec1961a6,1090000059,3.0.c.ii,v4_native,3. Number of weather stations with hardware upgraded,,Non-HFTD,Highly rural,Non-WUI,Number of weather stations,v4_native,0,,,SDG&E,2025,2,v4.01,5,2,SDGE_2025_Q2_R5.xlsx,Table 9,61,M61,https://efiling.energysafety.ca.gov/eFiling/Getfile.aspx?fileid=58132&shareable=true
T9R-2c53466cdf94e6d0,1090000060,3.2.a.i,v4_native,3. Number of weather stations with hardware upgraded,,HFTD Tier 2,Urban,WUI,Number of weather stations,v4_native,0,,,SDG&E,2025,2,v4.01,5,2,SDGE_2025_Q2_R5.xlsx,Table 9,62,M62,https://efiling.energysafety.ca.gov/eFiling/Getfile.aspx?fileid=58132&shareable=true
T9R-1d788b053816fbb3,1090000061,3.2.a.ii,v4_native,3. Number of weather stations with hardware upgraded,,HFTD Tier 2,Urban,Non-WUI,Number of weather stations,v4_native,0,,,SDG&E,2025,2,v4.01,5,2,SDGE_2025_Q2_R5.xlsx,Table 9,63,M63,https://efiling.energysafety.ca.gov/eFiling/Getfile.aspx?fileid=58132&shareable=true
T9R-8777ee9e64cfac5f,1090000062,3.2.b.i,v4_native,3. Number of weather stations with hardware upgraded,,HFTD Tier 2,Rural,WUI,Number of weather stations,v4_native,0,,,SDG&E,2025,2,v4.01,5,2,SDGE_2025_Q2_R5.xlsx,Table 9,64,M64,https://efiling.energysafety.ca.gov/eFiling/Getfile.aspx?fileid=58132&shareable=true
T9R-16685e0835a25e1c,1090000063,3.2.b.ii,v4_native,3. Number of weather stations with hardware upgraded,,HFTD Tier 2,Rural,Non-WUI,Number of weather stations,v4_native,0,,,SDG&E,2025,2,v4.01,5,2,SDGE_2025_Q2_R5.xlsx,Table 9,65,M65,https://efiling.energysafety.ca.gov/eFiling/Getfile.aspx?fileid=58132&shareable=true
T9R-199b2c663ee686a2,1090000064,3.2.c.i,v4_native,3. Number of weather stations with hardware upgraded,,HFTD Tier 2,Highly rural,WUI,Number of weather stations,v4_native,0,,,SDG&E,2025,2,v4.01,5,2,SDGE_2025_Q2_R5.xlsx,Table 9,66,M66,https://efiling.energysafety.ca.gov/eFiling/Getfile.aspx?fileid=58132&shareable=true
T9R-b48d931f690717bc,1090000065,3.2.c.ii,v4_native,3. Number of weather stations with hardware upgraded,,HFTD Tier 2,Highly rural,Non-WUI,Number of weather stations,v4_native,1,,,SDG&E,2025,2,v4.01,5,2,SDGE_2025_Q2_R5.xlsx,Table 9,67,M67,https://efiling.energysafety.ca.gov/eFiling/Getfile.aspx?fileid=58132&shareable=true
T9R-4145446b996d9585,1090000066,3.3.a.i,v4_native,3. Number of weather stations with hardware upgraded,,HFTD Tier 3,Urban,WUI,Number of weather stations,v4_native,0,,,SDG&E,2025,2,v4.01,5,2,SDGE_2025_Q2_R5.xlsx,Table 9,68,M68,https://efiling.energysafety.ca.gov/eFiling/Getfile.aspx?fileid=58132&shareable=true
T9R-f78bd660b0ea042f,1090000067,3.3.a.ii,v4_native,3. Number of weather stations with hardware upgraded,,HFTD Tier 3,Urban,Non-WUI,Number of weather stations,v4_native,0,,,SDG&E,2025,2,v4.01,5,2,SDGE_2025_Q2_R5.xlsx,Table 9,69,M69,https://efiling.energysafety.ca.gov/eFiling/Getfile.aspx?fileid=58132&shareable=true
T9R-e428d2ec651de839,1090000068,3.3.b.i,v4_native,3. Number of weather stations with hardware upgraded,,HFTD Tier 3,Rural,WUI,Number of weather stations,v4_native,0,,,SDG&E,2025,2,v4.01,5,2,SDGE_2025_Q2_R5.xlsx,Table 9,70,M70,https://efiling.energysafety.ca.gov/eFiling/Getfile.aspx?fileid=58132&shareable=true
T9R-e7bcbbf14e7bd8ed,1090000069,3.3.b.ii,v4_native,3. Number of weather stations with hardware upgraded,,HFTD Tier 3,Rural,Non-WUI,Number of weather stations,v4_native,5,,,SDG&E,2025,2,v4.01,5,2,SDGE_2025_Q2_R5.xlsx,Table 9,71,M71,https://efiling.energysafety.ca.gov/eFiling/Getfile.aspx?fileid=58132&shareable=true
T9R-674a0349a2d7f18a,1090000070,3.3.c.i,v4_native,3. Number of weather stations with hardware upgraded,,HFTD Tier 3,Highly rural,WUI,Number of weather stations,v4_native,0,,,SDG&E,2025,2,v4.01,5,2,SDGE_2025_Q2_R5.xlsx,Table 9,72,M72,https://efiling.energysafety.ca.gov/eFiling/Getfile.aspx?fileid=58132&shareable=true
T9R-222536d3d9a107b6,1090000071,3.3.c.ii,v4_native,3. Number of weather stations with hardware upgraded,,HFTD Tier 3,Highly rural,Non-WUI,Number of weather stations,v4_native,0,,,SDG&E,2025,2,v4.01,5,2,SDGE_2025_Q2_R5.xlsx,Table 9,73,M73,https://efiling.energysafety.ca.gov/eFiling/Getfile.aspx?fileid=58132&shareable=true
T9R-1ec0a5ffe9901555,1090000000,1.d.0.a.i,v4_native,1. Number of overhead circuit miles upgraded,Distribution,Non-HFTD,Urban,WUI,Circuit miles,v4_native,0,,,SDG&E,2025,3,v4.01,4,3,SDGE_2025_Q3_R4.xlsx,Table 9,2,M2,https://efiling.energysafety.ca.gov/eFiling/Getfile.aspx?fileid=58132&shareable=true
T9R-c4dd136326341f3a,1090000001,1.d.0.a.ii,v4_native,1. Number of overhead circuit miles upgraded,Distribution,Non-HFTD,Urban,Non-WUI,Circuit miles,v4_native,0,,,SDG&E,2025,3,v4.01,4,3,SDGE_2025_Q3_R4.xlsx,Table 9,3,M3,https://efiling.energysafety.ca.gov/eFiling/Getfile.aspx?fileid=58132&shareable=true
T9R-35aedc3137398681,1090000002,1.d.0.b.i,v4_native,1. Number of overhead circuit miles upgraded,Distribution,Non-HFTD,Rural,WUI,Circuit miles,v4_native,0,,,SDG&E,2025,3,v4.01,4,3,SDGE_2025_Q3_R4.xlsx,Table 9,4,M4,https://efiling.energysafety.ca.gov/eFiling/Getfile.aspx?fileid=58132&shareable=true
T9R-6c8688d945126c67,1090000003,1.d.0.b.ii,v4_native,1. Number of overhead circuit miles upgraded,Distribution,Non-HFTD,Rural,Non-WUI,Circuit miles,v4_native,0,,,SDG&E,2025,3,v4.01,4,3,SDGE_2025_Q3_R4.xlsx,Table 9,5,M5,https://efiling.energysafety.ca.gov/eFiling/Getfile.aspx?fileid=58132&shareable=true
T9R-74cbbe81dd526072,1090000004,1.d.0.c.i,v4_native,1. Number of overhead circuit miles upgraded,Distribution,Non-HFTD,Highly rural,WUI,Circuit miles,v4_native,0,,,SDG&E,2025,3,v4.01,4,3,SDGE_2025_Q3_R4.xlsx,Table 9,6,M6,https://efiling.energysafety.ca.gov/eFiling/Getfile.aspx?fileid=58132&shareable=true
T9R-d43ca69d8fb8b999,1090000005,1.d.0.c.ii,v4_native,1. Number of overhead circuit miles upgraded,Distribution,Non-HFTD,Highly rural,Non-WUI,Circuit miles,v4_native,0,,,SDG&E,2025,3,v4.01,4,3,SDGE_2025_Q3_R4.xlsx,Table 9,7,M7,https://efiling.energysafety.ca.gov/eFiling/Getfile.aspx?fileid=58132&shareable=true
T9R-789a0147d315ca75,1090000006,1.d.2.a.i,v4_native,1. Number of overhead circuit miles upgraded,Distribution,HFTD Tier 2,Urban,WUI,Circuit miles,v4_native,0,,,SDG&E,2025,3,v4.01,4,3,SDGE_2025_Q3_R4.xlsx,Table 9,8,M8,https://efiling.energysafety.ca.gov/eFiling/Getfile.aspx?fileid=58132&shareable=true
T9R-8ce6a90e3ffd1b9e,1090000007,1.d.2.a.ii,v4_native,1. Number of overhead circuit miles upgraded,Distribution,HFTD Tier 2,Urban,Non-WUI,Circuit miles,v4_native,0,,,SDG&E,2025,3,v4.01,4,3,SDGE_2025_Q3_R4.xlsx,Table 9,9,M9,https://efiling.energysafety.ca.gov/eFiling/Getfile.aspx?fileid=58132&shareable=true
T9R-e5c33aba4e269229,1090000008,1.d.2.b.i,v4_native,1. Number of overhead circuit miles upgraded,Distribution,HFTD Tier 2,Rural,WUI,Circuit miles,v4_native,6.359773969,,,SDG&E,2025,3,v4.01,4,3,SDGE_2025_Q3_R4.xlsx,Table 9,10,M10,https://efiling.energysafety.ca.gov/eFiling/Getfile.aspx?fileid=58132&shareable=true
T9R-8209874e83742214,1090000009,1.d.2.b.ii,v4_native,1. Number of overhead circuit miles upgraded,Distribution,HFTD Tier 2,Rural,Non-WUI,Circuit miles,v4_native,6.948020357,,,SDG&E,2025,3,v4.01,4,3,SDGE_2025_Q3_R4.xlsx,Table 9,11,M11,https://efiling.energysafety.ca.gov/eFiling/Getfile.aspx?fileid=58132&shareable=true
T9R-ed566589e4737cc4,1090000010,1.d.2.c.i,v4_native,1. Number of overhead circuit miles upgraded,Distribution,HFTD Tier 2,Highly rural,WUI,Circuit miles,v4_native,0,,,SDG&E,2025,3,v4.01,4,3,SDGE_2025_Q3_R4.xlsx,Table 9,12,M12,https://efiling.energysafety.ca.gov/eFiling/Getfile.aspx?fileid=58132&shareable=true
T9R-01543467e4b3e2f9,1090000011,1.d.2.c.ii,v4_native,1. Number of overhead circuit miles upgraded,Distribution,HFTD Tier 2,Highly rural,Non-WUI,Circuit miles,v4_native,0.592988109,,,SDG&E,2025,3,v4.01,4,3,SDGE_2025_Q3_R4.xlsx,Table 9,13,M13,https://efiling.energysafety.ca.gov/eFiling/Getfile.aspx?fileid=58132&shareable=true
T9R-4e552738d899453a,1090000012,1.d.3.a.i,v4_native,1. Number of overhead circuit miles upgraded,Distribution,HFTD Tier 3,Urban,WUI,Circuit miles,v4_native,0,,,SDG&E,2025,3,v4.01,4,3,SDGE_2025_Q3_R4.xlsx,Table 9,14,M14,https://efiling.energysafety.ca.gov/eFiling/Getfile.aspx?fileid=58132&shareable=true
T9R-1237b41254b07bf9,1090000013,1.d.3.a.ii,v4_native,1. Number of overhead circuit miles upgraded,Distribution,HFTD Tier 3,Urban,Non-WUI,Circuit miles,v4_native,0,,,SDG&E,2025,3,v4.01,4,3,SDGE_2025_Q3_R4.xlsx,Table 9,15,M15,https://efiling.energysafety.ca.gov/eFiling/Getfile.aspx?fileid=58132&shareable=true
T9R-0619608d5ca22bbf,1090000014,1.d.3.b.i,v4_native,1. Number of overhead circuit miles upgraded,Distribution,HFTD Tier 3,Rural,WUI,Circuit miles,v4_native,1.94268980499999,,,SDG&E,2025,3,v4.01,4,3,SDGE_2025_Q3_R4.xlsx,Table 9,16,M16,https://efiling.energysafety.ca.gov/eFiling/Getfile.aspx?fileid=58132&shareable=true
T9R-3a2f5a370f9832cf,1090000015,1.d.3.b.ii,v4_native,1. Number of overhead circuit miles upgraded,Distribution,HFTD Tier 3,Rural,Non-WUI,Circuit miles,v4_native,0.724395195999999,,,SDG&E,2025,3,v4.01,4,3,SDGE_2025_Q3_R4.xlsx,Table 9,17,M17,https://efiling.energysafety.ca.gov/eFiling/Getfile.aspx?fileid=58132&shareable=true
T9R-16e05cecd2515ad5,1090000016,1.d.3.c.i,v4_native,1. Number of overhead circuit miles upgraded,Distribution,HFTD Tier 3,Highly rural,WUI,Circuit miles,v4_native,0,,,SDG&E,2025,3,v4.01,4,3,SDGE_2025_Q3_R4.xlsx,Table 9,18,M18,https://efiling.energysafety.ca.gov/eFiling/Getfile.aspx?fileid=58132&shareable=true
T9R-2b884c039210042b,1090000017,1.d.3.c.ii,v4_native,1. Number of overhead circuit miles upgraded,Distribution,HFTD Tier 3,Highly rural,Non-WUI,Circuit miles,v4_native,0,,,SDG&E,2025,3,v4.01,4,3,SDGE_2025_Q3_R4.xlsx,Table 9,19,M19,https://efiling.energysafety.ca.gov/eFiling/Getfile.aspx?fileid=58132&shareable=true
T9R-2992f84255b966a3,1090000018,1.t.0.a.i,v4_native,1. Number of overhead circuit miles upgraded,Transmission,Non-HFTD,Urban,WUI,Circuit miles,v4_native,0,,,SDG&E,2025,3,v4.01,4,3,SDGE_2025_Q3_R4.xlsx,Table 9,20,M20,https://efiling.energysafety.ca.gov/eFiling/Getfile.aspx?fileid=58132&shareable=true
T9R-e0428f23109b53c4,1090000019,1.t.0.a.ii,v4_native,1. Number of overhead circuit miles upgraded,Transmission,Non-HFTD,Urban,Non-WUI,Circuit miles,v4_native,0,,,SDG&E,2025,3,v4.01,4,3,SDGE_2025_Q3_R4.xlsx,Table 9,21,M21,https://efiling.energysafety.ca.gov/eFiling/Getfile.aspx?fileid=58132&shareable=true
T9R-7cdaba7d69aef29a,1090000020,1.t.0.b.i,v4_native,1. Number of overhead circuit miles upgraded,Transmission,Non-HFTD,Rural,WUI,Circuit miles,v4_native,0,,,SDG&E,2025,3,v4.01,4,3,SDGE_2025_Q3_R4.xlsx,Table 9,22,M22,https://efiling.energysafety.ca.gov/eFiling/Getfile.aspx?fileid=58132&shareable=true
T9R-c83f779215e0d9af,1090000021,1.t.0.b.ii,v4_native,1. Number of overhead circuit miles upgraded,Transmission,Non-HFTD,Rural,Non-WUI,Circuit miles,v4_native,0,,,SDG&E,2025,3,v4.01,4,3,SDGE_2025_Q3_R4.xlsx,Table 9,23,M23,https://efiling.energysafety.ca.gov/eFiling/Getfile.aspx?fileid=58132&shareable=true
T9R-77d4907df6cb2fa3,1090000022,1.t.0.c.i,v4_native,1. Number of overhead circuit miles upgraded,Transmission,Non-HFTD,Highly rural,WUI,Circuit miles,v4_native,0,,,SDG&E,2025,3,v4.01,4,3,SDGE_2025_Q3_R4.xlsx,Table 9,24,M24,https://efiling.energysafety.ca.gov/eFiling/Getfile.aspx?fileid=58132&shareable=true
T9R-3863a9017b7ef752,1090000023,1.t.0.c.ii,v4_native,1. Number of overhead circuit miles upgraded,Transmission,Non-HFTD,Highly rural,Non-WUI,Circuit miles,v4_native,0,,,SDG&E,2025,3,v4.01,4,3,SDGE_2025_Q3_R4.xlsx,Table 9,25,M25,https://efiling.energysafety.ca.gov/eFiling/Getfile.aspx?fileid=58132&shareable=true
T9R-56c8eb6b7b8897e7,1090000024,1.t.2.a.i,v4_native,1. Number of overhead circuit miles upgraded,Transmission,HFTD Tier 2,Urban,WUI,Circuit miles,v4_native,0,,,SDG&E,2025,3,v4.01,4,3,SDGE_2025_Q3_R4.xlsx,Table 9,26,M26,https://efiling.energysafety.ca.gov/eFiling/Getfile.aspx?fileid=58132&shareable=true
T9R-389deb2fefa36814,1090000025,1.t.2.a.ii,v4_native,1. Number of overhead circuit miles upgraded,Transmission,HFTD Tier 2,Urban,Non-WUI,Circuit miles,v4_native,0,,,SDG&E,2025,3,v4.01,4,3,SDGE_2025_Q3_R4.xlsx,Table 9,27,M27,https://efiling.energysafety.ca.gov/eFiling/Getfile.aspx?fileid=58132&shareable=true
T9R-e6333330e1748006,1090000026,1.t.2.b.i,v4_native,1. Number of overhead circuit miles upgraded,Transmission,HFTD Tier 2,Rural,WUI,Circuit miles,v4_native,0,,,SDG&E,2025,3,v4.01,4,3,SDGE_2025_Q3_R4.xlsx,Table 9,28,M28,https://efiling.energysafety.ca.gov/eFiling/Getfile.aspx?fileid=58132&shareable=true
T9R-d15f2123f044b01c,1090000027,1.t.2.b.ii,v4_native,1. Number of overhead circuit miles upgraded,Transmission,HFTD Tier 2,Rural,Non-WUI,Circuit miles,v4_native,0,,,SDG&E,2025,3,v4.01,4,3,SDGE_2025_Q3_R4.xlsx,Table 9,29,M29,https://efiling.energysafety.ca.gov/eFiling/Getfile.aspx?fileid=58132&shareable=true
T9R-dac689cecb0cf487,1090000028,1.t.2.c.i,v4_native,1. Number of overhead circuit miles upgraded,Transmission,HFTD Tier 2,Highly rural,WUI,Circuit miles,v4_native,0,,,SDG&E,2025,3,v4.01,4,3,SDGE_2025_Q3_R4.xlsx,Table 9,30,M30,https://efiling.energysafety.ca.gov/eFiling/Getfile.aspx?fileid=58132&shareable=true
T9R-fffc6c9c84b1e57b,1090000029,1.t.2.c.ii,v4_native,1. Number of overhead circuit miles upgraded,Transmission,HFTD Tier 2,Highly rural,Non-WUI,Circuit miles,v4_native,0,,,SDG&E,2025,3,v4.01,4,3,SDGE_2025_Q3_R4.xlsx,Table 9,31,M31,https://efiling.energysafety.ca.gov/eFiling/Getfile.aspx?fileid=58132&shareable=true
T9R-c260c464d4f79f76,1090000030,1.t.3.a.i,v4_native,1. Number of overhead circuit miles upgraded,Transmission,HFTD Tier 3,Urban,WUI,Circuit miles,v4_native,0,,,SDG&E,2025,3,v4.01,4,3,SDGE_2025_Q3_R4.xlsx,Table 9,32,M32,https://efiling.energysafety.ca.gov/eFiling/Getfile.aspx?fileid=58132&shareable=true
T9R-3c01a76a4e767a6e,1090000031,1.t.3.a.ii,v4_native,1. Number of overhead circuit miles upgraded,Transmission,HFTD Tier 3,Urban,Non-WUI,Circuit miles,v4_native,0,,,SDG&E,2025,3,v4.01,4,3,SDGE_2025_Q3_R4.xlsx,Table 9,33,M33,https://efiling.energysafety.ca.gov/eFiling/Getfile.aspx?fileid=58132&shareable=true
T9R-c3747bd4bfaae0d1,1090000032,1.t.3.b.i,v4_native,1. Number of overhead circuit miles upgraded,Transmission,HFTD Tier 3,Rural,WUI,Circuit miles,v4_native,0,,,SDG&E,2025,3,v4.01,4,3,SDGE_2025_Q3_R4.xlsx,Table 9,34,M34,https://efiling.energysafety.ca.gov/eFiling/Getfile.aspx?fileid=58132&shareable=true
T9R-a7ad91cfb9725fdd,1090000033,1.t.3.b.ii,v4_native,1. Number of overhead circuit miles upgraded,Transmission,HFTD Tier 3,Rural,Non-WUI,Circuit miles,v4_native,0,,,SDG&E,2025,3,v4.01,4,3,SDGE_2025_Q3_R4.xlsx,Table 9,35,M35,https://efiling.energysafety.ca.gov/eFiling/Getfile.aspx?fileid=58132&shareable=true
T9R-9d5b609b250057d3,1090000034,1.t.3.c.i,v4_native,1. Number of overhead circuit miles upgraded,Transmission,HFTD Tier 3,Highly rural,WUI,Circuit miles,v4_native,0,,,SDG&E,2025,3,v4.01,4,3,SDGE_2025_Q3_R4.xlsx,Table 9,36,M36,https://efiling.energysafety.ca.gov/eFiling/Getfile.aspx?fileid=58132&shareable=true
T9R-d4e17f2f01ea8f8b,1090000035,1.t.3.c.ii,v4_native,1. Number of overhead circuit miles upgraded,Transmission,HFTD Tier 3,Highly rural,Non-WUI,Circuit miles,v4_native,0,,,SDG&E,2025,3,v4.01,4,3,SDGE_2025_Q3_R4.xlsx,Table 9,37,M37,https://efiling.energysafety.ca.gov/eFiling/Getfile.aspx?fileid=58132&shareable=true
T9R-feccabd573ea8999,1090000036,2.0.a.i,v4_native,2. Number of substations upgraded,,Non-HFTD,Urban,WUI,Number of substations,v4_native,0,,,SDG&E,2025,3,v4.01,4,3,SDGE_2025_Q3_R4.xlsx,Table 9,38,M38,https://efiling.energysafety.ca.gov/eFiling/Getfile.aspx?fileid=58132&shareable=true
T9R-0bcfa8a497dd34fe,1090000037,2.0.a.ii,v4_native,2. Number of substations upgraded,,Non-HFTD,Urban,Non-WUI,Number of substations,v4_native,0,,,SDG&E,2025,3,v4.01,4,3,SDGE_2025_Q3_R4.xlsx,Table 9,39,M39,https://efiling.energysafety.ca.gov/eFiling/Getfile.aspx?fileid=58132&shareable=true
T9R-eb7de6ef32de9677,1090000038,2.0.b.i,v4_native,2. Number of substations upgraded,,Non-HFTD,Rural,WUI,Number of substations,v4_native,0,,,SDG&E,2025,3,v4.01,4,3,SDGE_2025_Q3_R4.xlsx,Table 9,40,M40,https://efiling.energysafety.ca.gov/eFiling/Getfile.aspx?fileid=58132&shareable=true
T9R-803bf3843e24eb89,1090000039,2.0.b.ii,v4_native,2. Number of substations upgraded,,Non-HFTD,Rural,Non-WUI,Number of substations,v4_native,0,,,SDG&E,2025,3,v4.01,4,3,SDGE_2025_Q3_R4.xlsx,Table 9,41,M41,https://efiling.energysafety.ca.gov/eFiling/Getfile.aspx?fileid=58132&shareable=true
T9R-ef34c726cdf83085,1090000040,2.0.c.i,v4_native,2. Number of substations upgraded,,Non-HFTD,Highly rural,WUI,Number of substations,v4_native,0,,,SDG&E,2025,3,v4.01,4,3,SDGE_2025_Q3_R4.xlsx,Table 9,42,M42,https://efiling.energysafety.ca.gov/eFiling/Getfile.aspx?fileid=58132&shareable=true
T9R-ed35d094e3808456,1090000041,2.0.c.ii,v4_native,2. Number of substations upgraded,,Non-HFTD,Highly rural,Non-WUI,Number of substations,v4_native,0,,,SDG&E,2025,3,v4.01,4,3,SDGE_2025_Q3_R4.xlsx,Table 9,43,M43,https://efiling.energysafety.ca.gov/eFiling/Getfile.aspx?fileid=58132&shareable=true
T9R-c7f19891dbf01490,1090000042,2.2.a.i,v4_native,2. Number of substations upgraded,,HFTD Tier 2,Urban,WUI,Number of substations,v4_native,0,,,SDG&E,2025,3,v4.01,4,3,SDGE_2025_Q3_R4.xlsx,Table 9,44,M44,https://efiling.energysafety.ca.gov/eFiling/Getfile.aspx?fileid=58132&shareable=true
T9R-63914555d9f0f21b,1090000043,2.2.a.ii,v4_native,2. Number of substations upgraded,,HFTD Tier 2,Urban,Non-WUI,Number of substations,v4_native,0,,,SDG&E,2025,3,v4.01,4,3,SDGE_2025_Q3_R4.xlsx,Table 9,45,M45,https://efiling.energysafety.ca.gov/eFiling/Getfile.aspx?fileid=58132&shareable=true
T9R-c114ca63a2eff4dc,1090000044,2.2.b.i,v4_native,2. Number of substations upgraded,,HFTD Tier 2,Rural,WUI,Number of substations,v4_native,0,,,SDG&E,2025,3,v4.01,4,3,SDGE_2025_Q3_R4.xlsx,Table 9,46,M46,https://efiling.energysafety.ca.gov/eFiling/Getfile.aspx?fileid=58132&shareable=true
T9R-bb21e5f75e806ae6,1090000045,2.2.b.ii,v4_native,2. Number of substations upgraded,,HFTD Tier 2,Rural,Non-WUI,Number of substations,v4_native,0,,,SDG&E,2025,3,v4.01,4,3,SDGE_2025_Q3_R4.xlsx,Table 9,47,M47,https://efiling.energysafety.ca.gov/eFiling/Getfile.aspx?fileid=58132&shareable=true
T9R-372e0460b3476929,1090000046,2.2.c.i,v4_native,2. Number of substations upgraded,,HFTD Tier 2,Highly rural,WUI,Number of substations,v4_native,0,,,SDG&E,2025,3,v4.01,4,3,SDGE_2025_Q3_R4.xlsx,Table 9,48,M48,https://efiling.energysafety.ca.gov/eFiling/Getfile.aspx?fileid=58132&shareable=true
T9R-49fb221df1e6509b,1090000047,2.2.c.ii,v4_native,2. Number of substations upgraded,,HFTD Tier 2,Highly rural,Non-WUI,Number of substations,v4_native,0,,,SDG&E,2025,3,v4.01,4,3,SDGE_2025_Q3_R4.xlsx,Table 9,49,M49,https://efiling.energysafety.ca.gov/eFiling/Getfile.aspx?fileid=58132&shareable=true
T9R-7c8393bc928d2429,1090000048,2.3.a.i,v4_native,2. Number of substations upgraded,,HFTD Tier 3,Urban,WUI,Number of substations,v4_native,0,,,SDG&E,2025,3,v4.01,4,3,SDGE_2025_Q3_R4.xlsx,Table 9,50,M50,https://efiling.energysafety.ca.gov/eFiling/Getfile.aspx?fileid=58132&shareable=true
T9R-2f9168e538d01ac4,1090000049,2.3.a.ii,v4_native,2. Number of substations upgraded,,HFTD Tier 3,Urban,Non-WUI,Number of substations,v4_native,0,,,SDG&E,2025,3,v4.01,4,3,SDGE_2025_Q3_R4.xlsx,Table 9,51,M51,https://efiling.energysafety.ca.gov/eFiling/Getfile.aspx?fileid=58132&shareable=true
T9R-511da0b2cf811eb1,1090000050,2.3.b.i,v4_native,2. Number of substations upgraded,,HFTD Tier 3,Rural,WUI,Number of substations,v4_native,0,,,SDG&E,2025,3,v4.01,4,3,SDGE_2025_Q3_R4.xlsx,Table 9,52,M52,https://efiling.energysafety.ca.gov/eFiling/Getfile.aspx?fileid=58132&shareable=true
T9R-75d1de269d7c666e,1090000051,2.3.b.ii,v4_native,2. Number of substations upgraded,,HFTD Tier 3,Rural,Non-WUI,Number of substations,v4_native,0,,,SDG&E,2025,3,v4.01,4,3,SDGE_2025_Q3_R4.xlsx,Table 9,53,M53,https://efiling.energysafety.ca.gov/eFiling/Getfile.aspx?fileid=58132&shareable=true
T9R-c0ceb6afa1a78293,1090000052,2.3.c.i,v4_native,2. Number of substations upgraded,,HFTD Tier 3,Highly rural,WUI,Number of substations,v4_native,0,,,SDG&E,2025,3,v4.01,4,3,SDGE_2025_Q3_R4.xlsx,Table 9,54,M54,https://efiling.energysafety.ca.gov/eFiling/Getfile.aspx?fileid=58132&shareable=true
T9R-7411a889b66e9d31,1090000053,2.3.c.ii,v4_native,2. Number of substations upgraded,,HFTD Tier 3,Highly rural,Non-WUI,Number of substations,v4_native,0,,,SDG&E,2025,3,v4.01,4,3,SDGE_2025_Q3_R4.xlsx,Table 9,55,M55,https://efiling.energysafety.ca.gov/eFiling/Getfile.aspx?fileid=58132&shareable=true
T9R-d1cd28ac152dbd03,1090000054,3.0.a.i,v4_native,3. Number of weather stations with hardware upgraded,,Non-HFTD,Urban,WUI,Number of weather stations,v4_native,0,,,SDG&E,2025,3,v4.01,4,3,SDGE_2025_Q3_R4.xlsx,Table 9,56,M56,https://efiling.energysafety.ca.gov/eFiling/Getfile.aspx?fileid=58132&shareable=true
T9R-a4234baf9a13bd87,1090000055,3.0.a.ii,v4_native,3. Number of weather stations with hardware upgraded,,Non-HFTD,Urban,Non-WUI,Number of weather stations,v4_native,0,,,SDG&E,2025,3,v4.01,4,3,SDGE_2025_Q3_R4.xlsx,Table 9,57,M57,https://efiling.energysafety.ca.gov/eFiling/Getfile.aspx?fileid=58132&shareable=true
T9R-0fa4d81915c07210,1090000056,3.0.b.i,v4_native,3. Number of weather stations with hardware upgraded,,Non-HFTD,Rural,WUI,Number of weather stations,v4_native,0,,,SDG&E,2025,3,v4.01,4,3,SDGE_2025_Q3_R4.xlsx,Table 9,58,M58,https://efiling.energysafety.ca.gov/eFiling/Getfile.aspx?fileid=58132&shareable=true
T9R-f2c117d9d5e500b8,1090000057,3.0.b.ii,v4_native,3. Number of weather stations with hardware upgraded,,Non-HFTD,Rural,Non-WUI,Number of weather stations,v4_native,0,,,SDG&E,2025,3,v4.01,4,3,SDGE_2025_Q3_R4.xlsx,Table 9,59,M59,https://efiling.energysafety.ca.gov/eFiling/Getfile.aspx?fileid=58132&shareable=true
T9R-14cf5dc87e40b843,1090000058,3.0.c.i,v4_native,3. Number of weather stations with hardware upgraded,,Non-HFTD,Highly rural,WUI,Number of weather stations,v4_native,0,,,SDG&E,2025,3,v4.01,4,3,SDGE_2025_Q3_R4.xlsx,Table 9,60,M60,https://efiling.energysafety.ca.gov/eFiling/Getfile.aspx?fileid=58132&shareable=true
T9R-bbda0acb4d107fe6,1090000059,3.0.c.ii,v4_native,3. Number of weather stations with hardware upgraded,,Non-HFTD,Highly rural,Non-WUI,Number of weather stations,v4_native,0,,,SDG&E,2025,3,v4.01,4,3,SDGE_2025_Q3_R4.xlsx,Table 9,61,M61,https://efiling.energysafety.ca.gov/eFiling/Getfile.aspx?fileid=58132&shareable=true
T9R-85af7879f3edf87f,1090000060,3.2.a.i,v4_native,3. Number of weather stations with hardware upgraded,,HFTD Tier 2,Urban,WUI,Number of weather stations,v4_native,0,,,SDG&E,2025,3,v4.01,4,3,SDGE_2025_Q3_R4.xlsx,Table 9,62,M62,https://efiling.energysafety.ca.gov/eFiling/Getfile.aspx?fileid=58132&shareable=true
T9R-7b199f969daa49a0,1090000061,3.2.a.ii,v4_native,3. Number of weather stations with hardware upgraded,,HFTD Tier 2,Urban,Non-WUI,Number of weather stations,v4_native,0,,,SDG&E,2025,3,v4.01,4,3,SDGE_2025_Q3_R4.xlsx,Table 9,63,M63,https://efiling.energysafety.ca.gov/eFiling/Getfile.aspx?fileid=58132&shareable=true
T9R-8a72f2cc5db3e1a3,1090000062,3.2.b.i,v4_native,3. Number of weather stations with hardware upgraded,,HFTD Tier 2,Rural,WUI,Number of weather stations,v4_native,0,,,SDG&E,2025,3,v4.01,4,3,SDGE_2025_Q3_R4.xlsx,Table 9,64,M64,https://efiling.energysafety.ca.gov/eFiling/Getfile.aspx?fileid=58132&shareable=true
T9R-d12bbf7ea08cc57a,1090000063,3.2.b.ii,v4_native,3. Number of weather stations with hardware upgraded,,HFTD Tier 2,Rural,Non-WUI,Number of weather stations,v4_native,0,,,SDG&E,2025,3,v4.01,4,3,SDGE_2025_Q3_R4.xlsx,Table 9,65,M65,https://efiling.energysafety.ca.gov/eFiling/Getfile.aspx?fileid=58132&shareable=true
T9R-12fc791b41ef16f4,1090000064,3.2.c.i,v4_native,3. Number of weather stations with hardware upgraded,,HFTD Tier 2,Highly rural,WUI,Number of weather stations,v4_native,0,,,SDG&E,2025,3,v4.01,4,3,SDGE_2025_Q3_R4.xlsx,Table 9,66,M66,https://efiling.energysafety.ca.gov/eFiling/Getfile.aspx?fileid=58132&shareable=true
T9R-9b75101679792506,1090000065,3.2.c.ii,v4_native,3. Number of weather stations with hardware upgraded,,HFTD Tier 2,Highly rural,Non-WUI,Number of weather stations,v4_native,0,,,SDG&E,2025,3,v4.01,4,3,SDGE_2025_Q3_R4.xlsx,Table 9,67,M67,https://efiling.energysafety.ca.gov/eFiling/Getfile.aspx?fileid=58132&shareable=true
T9R-a161dd3e2ae68173,1090000066,3.3.a.i,v4_native,3. Number of weather stations with hardware upgraded,,HFTD Tier 3,Urban,WUI,Number of weather stations,v4_native,0,,,SDG&E,2025,3,v4.01,4,3,SDGE_2025_Q3_R4.xlsx,Table 9,68,M68,https://efiling.energysafety.ca.gov/eFiling/Getfile.aspx?fileid=58132&shareable=true
T9R-9df866657536798a,1090000067,3.3.a.ii,v4_native,3. Number of weather stations with hardware upgraded,,HFTD Tier 3,Urban,Non-WUI,Number of weather stations,v4_native,0,,,SDG&E,2025,3,v4.01,4,3,SDGE_2025_Q3_R4.xlsx,Table 9,69,M69,https://efiling.energysafety.ca.gov/eFiling/Getfile.aspx?fileid=58132&shareable=true
T9R-168e37d4372619a3,1090000068,3.3.b.i,v4_native,3. Number of weather stations with hardware upgraded,,HFTD Tier 3,Rural,WUI,Number of weather stations,v4_native,0,,,SDG&E,2025,3,v4.01,4,3,SDGE_2025_Q3_R4.xlsx,Table 9,70,M70,https://efiling.energysafety.ca.gov/eFiling/Getfile.aspx?fileid=58132&shareable=true
T9R-367f2cc2259d6c17,1090000069,3.3.b.ii,v4_native,3. Number of weather stations with hardware upgraded,,HFTD Tier 3,Rural,Non-WUI,Number of weather stations,v4_native,0,,,SDG&E,2025,3,v4.01,4,3,SDGE_2025_Q3_R4.xlsx,Table 9,71,M71,https://efiling.energysafety.ca.gov/eFiling/Getfile.aspx?fileid=58132&shareable=true
T9R-f3b5bf790268c210,1090000070,3.3.c.i,v4_native,3. Number of weather stations with hardware upgraded,,HFTD Tier 3,Highly rural,WUI,Number of weather stations,v4_native,0,,,SDG&E,2025,3,v4.01,4,3,SDGE_2025_Q3_R4.xlsx,Table 9,72,M72,https://efiling.energysafety.ca.gov/eFiling/Getfile.aspx?fileid=58132&shareable=true
T9R-8d3bc7688a9150fa,1090000071,3.3.c.ii,v4_native,3. Number of weather stations with hardware upgraded,,HFTD Tier 3,Highly rural,Non-WUI,Number of weather stations,v4_native,0,,,SDG&E,2025,3,v4.01,4,3,SDGE_2025_Q3_R4.xlsx,Table 9,73,M73,https://efiling.energysafety.ca.gov/eFiling/Getfile.aspx?fileid=58132&shareable=true
T9R-e25ca25c30474b5c,1090000000,1.d.0.a.i,v4_native,1. Number of overhead circuit miles upgraded,Distribution,Non-HFTD,Urban,WUI,Circuit miles,v4_native,0,,,SDG&E,2025,4,v4.01,3,4,SDGE_2025_Q4_R3.xlsx,Table 9,2,M2,https://efiling.energysafety.ca.gov/eFiling/Getfile.aspx?fileid=58132&shareable=true
T9R-1b61a368853e4401,1090000001,1.d.0.a.ii,v4_native,1. Number of overhead circuit miles upgraded,Distribution,Non-HFTD,Urban,Non-WUI,Circuit miles,v4_native,0,,,SDG&E,2025,4,v4.01,3,4,SDGE_2025_Q4_R3.xlsx,Table 9,3,M3,https://efiling.energysafety.ca.gov/eFiling/Getfile.aspx?fileid=58132&shareable=true
T9R-705fd3e6d36bfa68,1090000002,1.d.0.b.i,v4_native,1. Number of overhead circuit miles upgraded,Distribution,Non-HFTD,Rural,WUI,Circuit miles,v4_native,0,,,SDG&E,2025,4,v4.01,3,4,SDGE_2025_Q4_R3.xlsx,Table 9,4,M4,https://efiling.energysafety.ca.gov/eFiling/Getfile.aspx?fileid=58132&shareable=true
T9R-488a4ef45342c225,1090000003,1.d.0.b.ii,v4_native,1. Number of overhead circuit miles upgraded,Distribution,Non-HFTD,Rural,Non-WUI,Circuit miles,v4_native,0,,,SDG&E,2025,4,v4.01,3,4,SDGE_2025_Q4_R3.xlsx,Table 9,5,M5,https://efiling.energysafety.ca.gov/eFiling/Getfile.aspx?fileid=58132&shareable=true
T9R-7635eac32f46d345,1090000004,1.d.0.c.i,v4_native,1. Number of overhead circuit miles upgraded,Distribution,Non-HFTD,Highly rural,WUI,Circuit miles,v4_native,0,,,SDG&E,2025,4,v4.01,3,4,SDGE_2025_Q4_R3.xlsx,Table 9,6,M6,https://efiling.energysafety.ca.gov/eFiling/Getfile.aspx?fileid=58132&shareable=true
T9R-278467ce9a3a91b2,1090000005,1.d.0.c.ii,v4_native,1. Number of overhead circuit miles upgraded,Distribution,Non-HFTD,Highly rural,Non-WUI,Circuit miles,v4_native,0,,,SDG&E,2025,4,v4.01,3,4,SDGE_2025_Q4_R3.xlsx,Table 9,7,M7,https://efiling.energysafety.ca.gov/eFiling/Getfile.aspx?fileid=58132&shareable=true
T9R-9b6464613982806a,1090000006,1.d.2.a.i,v4_native,1. Number of overhead circuit miles upgraded,Distribution,HFTD Tier 2,Urban,WUI,Circuit miles,v4_native,0,,,SDG&E,2025,4,v4.01,3,4,SDGE_2025_Q4_R3.xlsx,Table 9,8,M8,https://efiling.energysafety.ca.gov/eFiling/Getfile.aspx?fileid=58132&shareable=true
T9R-be8420159de3aeb4,1090000007,1.d.2.a.ii,v4_native,1. Number of overhead circuit miles upgraded,Distribution,HFTD Tier 2,Urban,Non-WUI,Circuit miles,v4_native,0,,,SDG&E,2025,4,v4.01,3,4,SDGE_2025_Q4_R3.xlsx,Table 9,9,M9,https://efiling.energysafety.ca.gov/eFiling/Getfile.aspx?fileid=58132&shareable=true
T9R-c26af1940d8a2f01,1090000008,1.d.2.b.i,v4_native,1. Number of overhead circuit miles upgraded,Distribution,HFTD Tier 2,Rural,WUI,Circuit miles,v4_native,0.553360402584075,,,SDG&E,2025,4,v4.01,3,4,SDGE_2025_Q4_R3.xlsx,Table 9,10,M10,https://efiling.energysafety.ca.gov/eFiling/Getfile.aspx?fileid=58132&shareable=true
T9R-2f754ca93bc24dda,1090000009,1.d.2.b.ii,v4_native,1. Number of overhead circuit miles upgraded,Distribution,HFTD Tier 2,Rural,Non-WUI,Circuit miles,v4_native,2.88612209307029,,,SDG&E,2025,4,v4.01,3,4,SDGE_2025_Q4_R3.xlsx,Table 9,11,M11,https://efiling.energysafety.ca.gov/eFiling/Getfile.aspx?fileid=58132&shareable=true
T9R-d451be98a21df637,1090000010,1.d.2.c.i,v4_native,1. Number of overhead circuit miles upgraded,Distribution,HFTD Tier 2,Highly rural,WUI,Circuit miles,v4_native,2.07490858016535,,,SDG&E,2025,4,v4.01,3,4,SDGE_2025_Q4_R3.xlsx,Table 9,12,M12,https://efiling.energysafety.ca.gov/eFiling/Getfile.aspx?fileid=58132&shareable=true
T9R-9a941d4254155283,1090000011,1.d.2.c.ii,v4_native,1. Number of overhead circuit miles upgraded,Distribution,HFTD Tier 2,Highly rural,Non-WUI,Circuit miles,v4_native,6.26685884082689,,,SDG&E,2025,4,v4.01,3,4,SDGE_2025_Q4_R3.xlsx,Table 9,13,M13,https://efiling.energysafety.ca.gov/eFiling/Getfile.aspx?fileid=58132&shareable=true
T9R-ba26a24e862a7d40,1090000012,1.d.3.a.i,v4_native,1. Number of overhead circuit miles upgraded,Distribution,HFTD Tier 3,Urban,WUI,Circuit miles,v4_native,0,,,SDG&E,2025,4,v4.01,3,4,SDGE_2025_Q4_R3.xlsx,Table 9,14,M14,https://efiling.energysafety.ca.gov/eFiling/Getfile.aspx?fileid=58132&shareable=true
T9R-b4a2f39b9973fcd7,1090000013,1.d.3.a.ii,v4_native,1. Number of overhead circuit miles upgraded,Distribution,HFTD Tier 3,Urban,Non-WUI,Circuit miles,v4_native,0,,,SDG&E,2025,4,v4.01,3,4,SDGE_2025_Q4_R3.xlsx,Table 9,15,M15,https://efiling.energysafety.ca.gov/eFiling/Getfile.aspx?fileid=58132&shareable=true
T9R-52ae42aad9e145dc,1090000014,1.d.3.b.i,v4_native,1. Number of overhead circuit miles upgraded,Distribution,HFTD Tier 3,Rural,WUI,Circuit miles,v4_native,8.90901021566241,,,SDG&E,2025,4,v4.01,3,4,SDGE_2025_Q4_R3.xlsx,Table 9,16,M16,https://efiling.energysafety.ca.gov/eFiling/Getfile.aspx?fileid=58132&shareable=true
T9R-a8a3a8c535f44926,1090000015,1.d.3.b.ii,v4_native,1. Number of overhead circuit miles upgraded,Distribution,HFTD Tier 3,Rural,Non-WUI,Circuit miles,v4_native,5.84888603817671,,,SDG&E,2025,4,v4.01,3,4,SDGE_2025_Q4_R3.xlsx,Table 9,17,M17,https://efiling.energysafety.ca.gov/eFiling/Getfile.aspx?fileid=58132&shareable=true
T9R-8094e9f6af229c43,1090000016,1.d.3.c.i,v4_native,1. Number of overhead circuit miles upgraded,Distribution,HFTD Tier 3,Highly rural,WUI,Circuit miles,v4_native,0,,,SDG&E,2025,4,v4.01,3,4,SDGE_2025_Q4_R3.xlsx,Table 9,18,M18,https://efiling.energysafety.ca.gov/eFiling/Getfile.aspx?fileid=58132&shareable=true
T9R-48e6f0b4b35ecb24,1090000017,1.d.3.c.ii,v4_native,1. Number of overhead circuit miles upgraded,Distribution,HFTD Tier 3,Highly rural,Non-WUI,Circuit miles,v4_native,0,,,SDG&E,2025,4,v4.01,3,4,SDGE_2025_Q4_R3.xlsx,Table 9,19,M19,https://efiling.energysafety.ca.gov/eFiling/Getfile.aspx?fileid=58132&shareable=true
T9R-bc6fa9e141303545,1090000018,1.t.0.a.i,v4_native,1. Number of overhead circuit miles upgraded,Transmission,Non-HFTD,Urban,WUI,Circuit miles,v4_native,0,,,SDG&E,2025,4,v4.01,3,4,SDGE_2025_Q4_R3.xlsx,Table 9,20,M20,https://efiling.energysafety.ca.gov/eFiling/Getfile.aspx?fileid=58132&shareable=true
T9R-698066a6ddb10f1b,1090000019,1.t.0.a.ii,v4_native,1. Number of overhead circuit miles upgraded,Transmission,Non-HFTD,Urban,Non-WUI,Circuit miles,v4_native,0,,,SDG&E,2025,4,v4.01,3,4,SDGE_2025_Q4_R3.xlsx,Table 9,21,M21,https://efiling.energysafety.ca.gov/eFiling/Getfile.aspx?fileid=58132&shareable=true
T9R-736e85df201838f0,1090000020,1.t.0.b.i,v4_native,1. Number of overhead circuit miles upgraded,Transmission,Non-HFTD,Rural,WUI,Circuit miles,v4_native,0,,,SDG&E,2025,4,v4.01,3,4,SDGE_2025_Q4_R3.xlsx,Table 9,22,M22,https://efiling.energysafety.ca.gov/eFiling/Getfile.aspx?fileid=58132&shareable=true
T9R-178f5a8a393555f7,1090000021,1.t.0.b.ii,v4_native,1. Number of overhead circuit miles upgraded,Transmission,Non-HFTD,Rural,Non-WUI,Circuit miles,v4_native,0,,,SDG&E,2025,4,v4.01,3,4,SDGE_2025_Q4_R3.xlsx,Table 9,23,M23,https://efiling.energysafety.ca.gov/eFiling/Getfile.aspx?fileid=58132&shareable=true
T9R-1e28650e508470e4,1090000022,1.t.0.c.i,v4_native,1. Number of overhead circuit miles upgraded,Transmission,Non-HFTD,Highly rural,WUI,Circuit miles,v4_native,0,,,SDG&E,2025,4,v4.01,3,4,SDGE_2025_Q4_R3.xlsx,Table 9,24,M24,https://efiling.energysafety.ca.gov/eFiling/Getfile.aspx?fileid=58132&shareable=true
T9R-8108afc7c321d326,1090000023,1.t.0.c.ii,v4_native,1. Number of overhead circuit miles upgraded,Transmission,Non-HFTD,Highly rural,Non-WUI,Circuit miles,v4_native,0,,,SDG&E,2025,4,v4.01,3,4,SDGE_2025_Q4_R3.xlsx,Table 9,25,M25,https://efiling.energysafety.ca.gov/eFiling/Getfile.aspx?fileid=58132&shareable=true
T9R-5e3304c122f9ab58,1090000024,1.t.2.a.i,v4_native,1. Number of overhead circuit miles upgraded,Transmission,HFTD Tier 2,Urban,WUI,Circuit miles,v4_native,0.180153407156467,,,SDG&E,2025,4,v4.01,3,4,SDGE_2025_Q4_R3.xlsx,Table 9,26,M26,https://efiling.energysafety.ca.gov/eFiling/Getfile.aspx?fileid=58132&shareable=true
T9R-80e32b83e4403de1,1090000025,1.t.2.a.ii,v4_native,1. Number of overhead circuit miles upgraded,Transmission,HFTD Tier 2,Urban,Non-WUI,Circuit miles,v4_native,1.61689962446689,,,SDG&E,2025,4,v4.01,3,4,SDGE_2025_Q4_R3.xlsx,Table 9,27,M27,https://efiling.energysafety.ca.gov/eFiling/Getfile.aspx?fileid=58132&shareable=true
T9R-a5d583f87070b88d,1090000026,1.t.2.b.i,v4_native,1. Number of overhead circuit miles upgraded,Transmission,HFTD Tier 2,Rural,WUI,Circuit miles,v4_native,0.170346595346927,,,SDG&E,2025,4,v4.01,3,4,SDGE_2025_Q4_R3.xlsx,Table 9,28,M28,https://efiling.energysafety.ca.gov/eFiling/Getfile.aspx?fileid=58132&shareable=true
T9R-072a4a406061f2fb,1090000027,1.t.2.b.ii,v4_native,1. Number of overhead circuit miles upgraded,Transmission,HFTD Tier 2,Rural,Non-WUI,Circuit miles,v4_native,0,,,SDG&E,2025,4,v4.01,3,4,SDGE_2025_Q4_R3.xlsx,Table 9,29,M29,https://efiling.energysafety.ca.gov/eFiling/Getfile.aspx?fileid=58132&shareable=true
T9R-1bf2da68aab28e40,1090000028,1.t.2.c.i,v4_native,1. Number of overhead circuit miles upgraded,Transmission,HFTD Tier 2,Highly rural,WUI,Circuit miles,v4_native,0,,,SDG&E,2025,4,v4.01,3,4,SDGE_2025_Q4_R3.xlsx,Table 9,30,M30,https://efiling.energysafety.ca.gov/eFiling/Getfile.aspx?fileid=58132&shareable=true
T9R-d593fcf9929a5f3c,1090000029,1.t.2.c.ii,v4_native,1. Number of overhead circuit miles upgraded,Transmission,HFTD Tier 2,Highly rural,Non-WUI,Circuit miles,v4_native,0,,,SDG&E,2025,4,v4.01,3,4,SDGE_2025_Q4_R3.xlsx,Table 9,31,M31,https://efiling.energysafety.ca.gov/eFiling/Getfile.aspx?fileid=58132&shareable=true
T9R-6337f6087ab3e02c,1090000030,1.t.3.a.i,v4_native,1. Number of overhead circuit miles upgraded,Transmission,HFTD Tier 3,Urban,WUI,Circuit miles,v4_native,0,,,SDG&E,2025,4,v4.01,3,4,SDGE_2025_Q4_R3.xlsx,Table 9,32,M32,https://efiling.energysafety.ca.gov/eFiling/Getfile.aspx?fileid=58132&shareable=true
T9R-9b5e58106b838638,1090000031,1.t.3.a.ii,v4_native,1. Number of overhead circuit miles upgraded,Transmission,HFTD Tier 3,Urban,Non-WUI,Circuit miles,v4_native,0,,,SDG&E,2025,4,v4.01,3,4,SDGE_2025_Q4_R3.xlsx,Table 9,33,M33,https://efiling.energysafety.ca.gov/eFiling/Getfile.aspx?fileid=58132&shareable=true
T9R-5b02f8abf7ed07ff,1090000032,1.t.3.b.i,v4_native,1. Number of overhead circuit miles upgraded,Transmission,HFTD Tier 3,Rural,WUI,Circuit miles,v4_native,0,,,SDG&E,2025,4,v4.01,3,4,SDGE_2025_Q4_R3.xlsx,Table 9,34,M34,https://efiling.energysafety.ca.gov/eFiling/Getfile.aspx?fileid=58132&shareable=true
T9R-46102327d6c3ab67,1090000033,1.t.3.b.ii,v4_native,1. Number of overhead circuit miles upgraded,Transmission,HFTD Tier 3,Rural,Non-WUI,Circuit miles,v4_native,0,,,SDG&E,2025,4,v4.01,3,4,SDGE_2025_Q4_R3.xlsx,Table 9,35,M35,https://efiling.energysafety.ca.gov/eFiling/Getfile.aspx?fileid=58132&shareable=true
T9R-c07e7793cb448a30,1090000034,1.t.3.c.i,v4_native,1. Number of overhead circuit miles upgraded,Transmission,HFTD Tier 3,Highly rural,WUI,Circuit miles,v4_native,0,,,SDG&E,2025,4,v4.01,3,4,SDGE_2025_Q4_R3.xlsx,Table 9,36,M36,https://efiling.energysafety.ca.gov/eFiling/Getfile.aspx?fileid=58132&shareable=true
T9R-43bb6100e0f0b1b7,1090000035,1.t.3.c.ii,v4_native,1. Number of overhead circuit miles upgraded,Transmission,HFTD Tier 3,Highly rural,Non-WUI,Circuit miles,v4_native,0,,,SDG&E,2025,4,v4.01,3,4,SDGE_2025_Q4_R3.xlsx,Table 9,37,M37,https://efiling.energysafety.ca.gov/eFiling/Getfile.aspx?fileid=58132&shareable=true
T9R-1baa41f74170f379,1090000036,2.0.a.i,v4_native,2. Number of substations upgraded,,Non-HFTD,Urban,WUI,Number of substations,v4_native,0,,,SDG&E,2025,4,v4.01,3,4,SDGE_2025_Q4_R3.xlsx,Table 9,38,M38,https://efiling.energysafety.ca.gov/eFiling/Getfile.aspx?fileid=58132&shareable=true
T9R-6b4fc7ee51b3adc1,1090000037,2.0.a.ii,v4_native,2. Number of substations upgraded,,Non-HFTD,Urban,Non-WUI,Number of substations,v4_native,0,,,SDG&E,2025,4,v4.01,3,4,SDGE_2025_Q4_R3.xlsx,Table 9,39,M39,https://efiling.energysafety.ca.gov/eFiling/Getfile.aspx?fileid=58132&shareable=true
T9R-8be571b6ac373ca8,1090000038,2.0.b.i,v4_native,2. Number of substations upgraded,,Non-HFTD,Rural,WUI,Number of substations,v4_native,0,,,SDG&E,2025,4,v4.01,3,4,SDGE_2025_Q4_R3.xlsx,Table 9,40,M40,https://efiling.energysafety.ca.gov/eFiling/Getfile.aspx?fileid=58132&shareable=true
T9R-3f6de2f2c4e17343,1090000039,2.0.b.ii,v4_native,2. Number of substations upgraded,,Non-HFTD,Rural,Non-WUI,Number of substations,v4_native,0,,,SDG&E,2025,4,v4.01,3,4,SDGE_2025_Q4_R3.xlsx,Table 9,41,M41,https://efiling.energysafety.ca.gov/eFiling/Getfile.aspx?fileid=58132&shareable=true
T9R-e13fb07b17350607,1090000040,2.0.c.i,v4_native,2. Number of substations upgraded,,Non-HFTD,Highly rural,WUI,Number of substations,v4_native,0,,,SDG&E,2025,4,v4.01,3,4,SDGE_2025_Q4_R3.xlsx,Table 9,42,M42,https://efiling.energysafety.ca.gov/eFiling/Getfile.aspx?fileid=58132&shareable=true
T9R-1af22cbabd9f1332,1090000041,2.0.c.ii,v4_native,2. Number of substations upgraded,,Non-HFTD,Highly rural,Non-WUI,Number of substations,v4_native,0,,,SDG&E,2025,4,v4.01,3,4,SDGE_2025_Q4_R3.xlsx,Table 9,43,M43,https://efiling.energysafety.ca.gov/eFiling/Getfile.aspx?fileid=58132&shareable=true
T9R-dbedf01469f0a0bc,1090000042,2.2.a.i,v4_native,2. Number of substations upgraded,,HFTD Tier 2,Urban,WUI,Number of substations,v4_native,0,,,SDG&E,2025,4,v4.01,3,4,SDGE_2025_Q4_R3.xlsx,Table 9,44,M44,https://efiling.energysafety.ca.gov/eFiling/Getfile.aspx?fileid=58132&shareable=true
T9R-6ff593380552b83f,1090000043,2.2.a.ii,v4_native,2. Number of substations upgraded,,HFTD Tier 2,Urban,Non-WUI,Number of substations,v4_native,0,,,SDG&E,2025,4,v4.01,3,4,SDGE_2025_Q4_R3.xlsx,Table 9,45,M45,https://efiling.energysafety.ca.gov/eFiling/Getfile.aspx?fileid=58132&shareable=true
T9R-2a8136e2e73ff185,1090000044,2.2.b.i,v4_native,2. Number of substations upgraded,,HFTD Tier 2,Rural,WUI,Number of substations,v4_native,0,,,SDG&E,2025,4,v4.01,3,4,SDGE_2025_Q4_R3.xlsx,Table 9,46,M46,https://efiling.energysafety.ca.gov/eFiling/Getfile.aspx?fileid=58132&shareable=true
T9R-823eb0aad9b1dac8,1090000045,2.2.b.ii,v4_native,2. Number of substations upgraded,,HFTD Tier 2,Rural,Non-WUI,Number of substations,v4_native,0,,,SDG&E,2025,4,v4.01,3,4,SDGE_2025_Q4_R3.xlsx,Table 9,47,M47,https://efiling.energysafety.ca.gov/eFiling/Getfile.aspx?fileid=58132&shareable=true
T9R-6b11acca910e2aaa,1090000046,2.2.c.i,v4_native,2. Number of substations upgraded,,HFTD Tier 2,Highly rural,WUI,Number of substations,v4_native,0,,,SDG&E,2025,4,v4.01,3,4,SDGE_2025_Q4_R3.xlsx,Table 9,48,M48,https://efiling.energysafety.ca.gov/eFiling/Getfile.aspx?fileid=58132&shareable=true
T9R-14c15b1e82ebd89c,1090000047,2.2.c.ii,v4_native,2. Number of substations upgraded,,HFTD Tier 2,Highly rural,Non-WUI,Number of substations,v4_native,0,,,SDG&E,2025,4,v4.01,3,4,SDGE_2025_Q4_R3.xlsx,Table 9,49,M49,https://efiling.energysafety.ca.gov/eFiling/Getfile.aspx?fileid=58132&shareable=true
T9R-c8610132500b2e76,1090000048,2.3.a.i,v4_native,2. Number of substations upgraded,,HFTD Tier 3,Urban,WUI,Number of substations,v4_native,0,,,SDG&E,2025,4,v4.01,3,4,SDGE_2025_Q4_R3.xlsx,Table 9,50,M50,https://efiling.energysafety.ca.gov/eFiling/Getfile.aspx?fileid=58132&shareable=true
T9R-0ef2f49d4c9af8c2,1090000049,2.3.a.ii,v4_native,2. Number of substations upgraded,,HFTD Tier 3,Urban,Non-WUI,Number of substations,v4_native,0,,,SDG&E,2025,4,v4.01,3,4,SDGE_2025_Q4_R3.xlsx,Table 9,51,M51,https://efiling.energysafety.ca.gov/eFiling/Getfile.aspx?fileid=58132&shareable=true
T9R-f0e725cbac504880,1090000050,2.3.b.i,v4_native,2. Number of substations upgraded,,HFTD Tier 3,Rural,WUI,Number of substations,v4_native,0,,,SDG&E,2025,4,v4.01,3,4,SDGE_2025_Q4_R3.xlsx,Table 9,52,M52,https://efiling.energysafety.ca.gov/eFiling/Getfile.aspx?fileid=58132&shareable=true
T9R-0d49da1324f3c82c,1090000051,2.3.b.ii,v4_native,2. Number of substations upgraded,,HFTD Tier 3,Rural,Non-WUI,Number of substations,v4_native,0,,,SDG&E,2025,4,v4.01,3,4,SDGE_2025_Q4_R3.xlsx,Table 9,53,M53,https://efiling.energysafety.ca.gov/eFiling/Getfile.aspx?fileid=58132&shareable=true
T9R-a36f952266c288d6,1090000052,2.3.c.i,v4_native,2. Number of substations upgraded,,HFTD Tier 3,Highly rural,WUI,Number of substations,v4_native,0,,,SDG&E,2025,4,v4.01,3,4,SDGE_2025_Q4_R3.xlsx,Table 9,54,M54,https://efiling.energysafety.ca.gov/eFiling/Getfile.aspx?fileid=58132&shareable=true
T9R-31e58f3fbd455453,1090000053,2.3.c.ii,v4_native,2. Number of substations upgraded,,HFTD Tier 3,Highly rural,Non-WUI,Number of substations,v4_native,0,,,SDG&E,2025,4,v4.01,3,4,SDGE_2025_Q4_R3.xlsx,Table 9,55,M55,https://efiling.energysafety.ca.gov/eFiling/Getfile.aspx?fileid=58132&shareable=true
T9R-99e4bb3c1dd59757,1090000054,3.0.a.i,v4_native,3. Number of weather stations with hardware upgraded,,Non-HFTD,Urban,WUI,Number of weather stations,v4_native,0,,,SDG&E,2025,4,v4.01,3,4,SDGE_2025_Q4_R3.xlsx,Table 9,56,M56,https://efiling.energysafety.ca.gov/eFiling/Getfile.aspx?fileid=58132&shareable=true
T9R-6e1128539f6531a7,1090000055,3.0.a.ii,v4_native,3. Number of weather stations with hardware upgraded,,Non-HFTD,Urban,Non-WUI,Number of weather stations,v4_native,0,,,SDG&E,2025,4,v4.01,3,4,SDGE_2025_Q4_R3.xlsx,Table 9,57,M57,https://efiling.energysafety.ca.gov/eFiling/Getfile.aspx?fileid=58132&shareable=true
T9R-f434c5c1862c056d,1090000056,3.0.b.i,v4_native,3. Number of weather stations with hardware upgraded,,Non-HFTD,Rural,WUI,Number of weather stations,v4_native,0,,,SDG&E,2025,4,v4.01,3,4,SDGE_2025_Q4_R3.xlsx,Table 9,58,M58,https://efiling.energysafety.ca.gov/eFiling/Getfile.aspx?fileid=58132&shareable=true
T9R-f38c5d5bf389ce80,1090000057,3.0.b.ii,v4_native,3. Number of weather stations with hardware upgraded,,Non-HFTD,Rural,Non-WUI,Number of weather stations,v4_native,0,,,SDG&E,2025,4,v4.01,3,4,SDGE_2025_Q4_R3.xlsx,Table 9,59,M59,https://efiling.energysafety.ca.gov/eFiling/Getfile.aspx?fileid=58132&shareable=true
T9R-9426e42c803dcffd,1090000058,3.0.c.i,v4_native,3. Number of weather stations with hardware upgraded,,Non-HFTD,Highly rural,WUI,Number of weather stations,v4_native,0,,,SDG&E,2025,4,v4.01,3,4,SDGE_2025_Q4_R3.xlsx,Table 9,60,M60,https://efiling.energysafety.ca.gov/eFiling/Getfile.aspx?fileid=58132&shareable=true
T9R-ad79afb1a9f5f859,1090000059,3.0.c.ii,v4_native,3. Number of weather stations with hardware upgraded,,Non-HFTD,Highly rural,Non-WUI,Number of weather stations,v4_native,0,,,SDG&E,2025,4,v4.01,3,4,SDGE_2025_Q4_R3.xlsx,Table 9,61,M61,https://efiling.energysafety.ca.gov/eFiling/Getfile.aspx?fileid=58132&shareable=true
T9R-c4de93e5362b6615,1090000060,3.2.a.i,v4_native,3. Number of weather stations with hardware upgraded,,HFTD Tier 2,Urban,WUI,Number of weather stations,v4_native,0,,,SDG&E,2025,4,v4.01,3,4,SDGE_2025_Q4_R3.xlsx,Table 9,62,M62,https://efiling.energysafety.ca.gov/eFiling/Getfile.aspx?fileid=58132&shareable=true
T9R-cfe81281b1a1f312,1090000061,3.2.a.ii,v4_native,3. Number of weather stations with hardware upgraded,,HFTD Tier 2,Urban,Non-WUI,Number of weather stations,v4_native,0,,,SDG&E,2025,4,v4.01,3,4,SDGE_2025_Q4_R3.xlsx,Table 9,63,M63,https://efiling.energysafety.ca.gov/eFiling/Getfile.aspx?fileid=58132&shareable=true
T9R-34fa692aebf04c75,1090000062,3.2.b.i,v4_native,3. Number of weather stations with hardware upgraded,,HFTD Tier 2,Rural,WUI,Number of weather stations,v4_native,0,,,SDG&E,2025,4,v4.01,3,4,SDGE_2025_Q4_R3.xlsx,Table 9,64,M64,https://efiling.energysafety.ca.gov/eFiling/Getfile.aspx?fileid=58132&shareable=true
T9R-f715cd7190ef14b8,1090000063,3.2.b.ii,v4_native,3. Number of weather stations with hardware upgraded,,HFTD Tier 2,Rural,Non-WUI,Number of weather stations,v4_native,0,,,SDG&E,2025,4,v4.01,3,4,SDGE_2025_Q4_R3.xlsx,Table 9,65,M65,https://efiling.energysafety.ca.gov/eFiling/Getfile.aspx?fileid=58132&shareable=true
T9R-ca112acffe3aa10e,1090000064,3.2.c.i,v4_native,3. Number of weather stations with hardware upgraded,,HFTD Tier 2,Highly rural,WUI,Number of weather stations,v4_native,0,,,SDG&E,2025,4,v4.01,3,4,SDGE_2025_Q4_R3.xlsx,Table 9,66,M66,https://efiling.energysafety.ca.gov/eFiling/Getfile.aspx?fileid=58132&shareable=true
T9R-d3a1ae69861d9ccd,1090000065,3.2.c.ii,v4_native,3. Number of weather stations with hardware upgraded,,HFTD Tier 2,Highly rural,Non-WUI,Number of weather stations,v4_native,0,,,SDG&E,2025,4,v4.01,3,4,SDGE_2025_Q4_R3.xlsx,Table 9,67,M67,https://efiling.energysafety.ca.gov/eFiling/Getfile.aspx?fileid=58132&shareable=true
T9R-352ae8289b20f9d9,1090000066,3.3.a.i,v4_native,3. Number of weather stations with hardware upgraded,,HFTD Tier 3,Urban,WUI,Number of weather stations,v4_native,0,,,SDG&E,2025,4,v4.01,3,4,SDGE_2025_Q4_R3.xlsx,Table 9,68,M68,https://efiling.energysafety.ca.gov/eFiling/Getfile.aspx?fileid=58132&shareable=true
T9R-22481452f11e469f,1090000067,3.3.a.ii,v4_native,3. Number of weather stations with hardware upgraded,,HFTD Tier 3,Urban,Non-WUI,Number of weather stations,v4_native,0,,,SDG&E,2025,4,v4.01,3,4,SDGE_2025_Q4_R3.xlsx,Table 9,69,M69,https://efiling.energysafety.ca.gov/eFiling/Getfile.aspx?fileid=58132&shareable=true
T9R-0b2157ad760973bd,1090000068,3.3.b.i,v4_native,3. Number of weather stations with hardware upgraded,,HFTD Tier 3,Rural,WUI,Number of weather stations,v4_native,0,,,SDG&E,2025,4,v4.01,3,4,SDGE_2025_Q4_R3.xlsx,Table 9,70,M70,https://efiling.energysafety.ca.gov/eFiling/Getfile.aspx?fileid=58132&shareable=true
T9R-320b53c62fd13c5b,1090000069,3.3.b.ii,v4_native,3. Number of weather stations with hardware upgraded,,HFTD Tier 3,Rural,Non-WUI,Number of weather stations,v4_native,0,,,SDG&E,2025,4,v4.01,3,4,SDGE_2025_Q4_R3.xlsx,Table 9,71,M71,https://efiling.energysafety.ca.gov/eFiling/Getfile.aspx?fileid=58132&shareable=true
T9R-11740b5eb4bd8fcb,1090000070,3.3.c.i,v4_native,3. Number of weather stations with hardware upgraded,,HFTD Tier 3,Highly rural,WUI,Number of weather stations,v4_native,0,,,SDG&E,2025,4,v4.01,3,4,SDGE_2025_Q4_R3.xlsx,Table 9,72,M72,https://efiling.energysafety.ca.gov/eFiling/Getfile.aspx?fileid=58132&shareable=true
T9R-eea6824eb798671f,1090000071,3.3.c.ii,v4_native,3. Number of weather stations with hardware upgraded,,HFTD Tier 3,Highly rural,Non-WUI,Number of weather stations,v4_native,0,,,SDG&E,2025,4,v4.01,3,4,SDGE_2025_Q4_R3.xlsx,Table 9,73,M73,https://efiling.energysafety.ca.gov/eFiling/Getfile.aspx?fileid=58132&shareable=true
