record_id,metric_number,row_aligned_v4_metric_number,legacy_metric_number_mapped,legacy_metric_number_status,semantic_crosswalk_status,metric_type,metric_name,wind_warning_status,unit_canonical,unit_crosswalk_status,actual_value,comments,blank_meaning,utility_id,reporting_year,reporting_quarter,schema_version,source_revision,source_report_quarter,source_file,source_sheet,source_row,source_value_cell,guideline_url
T10R-3a626775531501b6,1100000000,1100000000,1.a.,stable,exact_wind_status,1. Recent use of PSPS and fast-trip,Frequency of PSPS events (total),RFW only,Number of events,simplified_label_same_measurement,0,,,SDG&E,2023,1,v3.1,0,4,SDGE_2023_Q4_Tables1-15.xlsx,Table 10,10,K10,https://efiling.energysafety.ca.gov/eFiling/Getfile.aspx?fileid=53475&shareable=true
T10R-46d8733d70ca2679,1100000000,1100000000,1.a.,stable,exact_wind_status,1. Recent use of PSPS and fast-trip,Frequency of PSPS events (total),RFW only,Number of events,simplified_label_same_measurement,0,,,SDG&E,2023,2,v3.1,0,4,SDGE_2023_Q4_Tables1-15.xlsx,Table 10,10,L10,https://efiling.energysafety.ca.gov/eFiling/Getfile.aspx?fileid=53475&shareable=true
T10R-62208300212c8d0a,1100000000,1100000000,1.a.,stable,exact_wind_status,1. Recent use of PSPS and fast-trip,Frequency of PSPS events (total),RFW only,Number of events,simplified_label_same_measurement,0,,,SDG&E,2023,3,v3.1,0,4,SDGE_2023_Q4_Tables1-15.xlsx,Table 10,10,M10,https://efiling.energysafety.ca.gov/eFiling/Getfile.aspx?fileid=53475&shareable=true
T10R-59b791f750193fd5,1100000000,1100000000,1.a.,stable,exact_wind_status,1. Recent use of PSPS and fast-trip,Frequency of PSPS events (total),RFW only,Number of events,simplified_label_same_measurement,0,,,SDG&E,2023,4,v3.1,0,4,SDGE_2023_Q4_Tables1-15.xlsx,Table 10,10,N10,https://efiling.energysafety.ca.gov/eFiling/Getfile.aspx?fileid=53475&shareable=true
T10R-6fe0cc3d649fcdef,1100000001,1100000001,1.a.,stable,exact_wind_status,1. Recent use of PSPS and fast-trip,Frequency of PSPS events (total),HWW only,Number of events,simplified_label_same_measurement,0,,,SDG&E,2023,1,v3.1,0,4,SDGE_2023_Q4_Tables1-15.xlsx,Table 10,11,K11,https://efiling.energysafety.ca.gov/eFiling/Getfile.aspx?fileid=53475&shareable=true
T10R-e689e654d89a4820,1100000001,1100000001,1.a.,stable,exact_wind_status,1. Recent use of PSPS and fast-trip,Frequency of PSPS events (total),HWW only,Number of events,simplified_label_same_measurement,0,,,SDG&E,2023,2,v3.1,0,4,SDGE_2023_Q4_Tables1-15.xlsx,Table 10,11,L11,https://efiling.energysafety.ca.gov/eFiling/Getfile.aspx?fileid=53475&shareable=true
T10R-6b770989c91bb6d5,1100000001,1100000001,1.a.,stable,exact_wind_status,1. Recent use of PSPS and fast-trip,Frequency of PSPS events (total),HWW only,Number of events,simplified_label_same_measurement,0,,,SDG&E,2023,3,v3.1,0,4,SDGE_2023_Q4_Tables1-15.xlsx,Table 10,11,M11,https://efiling.energysafety.ca.gov/eFiling/Getfile.aspx?fileid=53475&shareable=true
T10R-bfdaf0e96b984f43,1100000001,1100000001,1.a.,stable,exact_wind_status,1. Recent use of PSPS and fast-trip,Frequency of PSPS events (total),HWW only,Number of events,simplified_label_same_measurement,0,,,SDG&E,2023,4,v3.1,0,4,SDGE_2023_Q4_Tables1-15.xlsx,Table 10,11,N11,https://efiling.energysafety.ca.gov/eFiling/Getfile.aspx?fileid=53475&shareable=true
T10R-8e2f1a6c1a913663,1100000002,1100000002,1.a.,stable,exact_wind_status,1. Recent use of PSPS and fast-trip,Frequency of PSPS events (total),HWW & RFW,Number of events,simplified_label_same_measurement,0,,,SDG&E,2023,1,v3.1,0,4,SDGE_2023_Q4_Tables1-15.xlsx,Table 10,12,K12,https://efiling.energysafety.ca.gov/eFiling/Getfile.aspx?fileid=53475&shareable=true
T10R-d26771b69b708264,1100000002,1100000002,1.a.,stable,exact_wind_status,1. Recent use of PSPS and fast-trip,Frequency of PSPS events (total),HWW & RFW,Number of events,simplified_label_same_measurement,0,,,SDG&E,2023,2,v3.1,0,4,SDGE_2023_Q4_Tables1-15.xlsx,Table 10,12,L12,https://efiling.energysafety.ca.gov/eFiling/Getfile.aspx?fileid=53475&shareable=true
T10R-dfabcdb97736273f,1100000002,1100000002,1.a.,stable,exact_wind_status,1. Recent use of PSPS and fast-trip,Frequency of PSPS events (total),HWW & RFW,Number of events,simplified_label_same_measurement,0,,,SDG&E,2023,3,v3.1,0,4,SDGE_2023_Q4_Tables1-15.xlsx,Table 10,12,M12,https://efiling.energysafety.ca.gov/eFiling/Getfile.aspx?fileid=53475&shareable=true
T10R-3ab4ad255a30cd72,1100000002,1100000002,1.a.,stable,exact_wind_status,1. Recent use of PSPS and fast-trip,Frequency of PSPS events (total),HWW & RFW,Number of events,simplified_label_same_measurement,0,,,SDG&E,2023,4,v3.1,0,4,SDGE_2023_Q4_Tables1-15.xlsx,Table 10,12,N12,https://efiling.energysafety.ca.gov/eFiling/Getfile.aspx?fileid=53475&shareable=true
T10R-87ba2dd52f6f1a88,,1100000003,1.a.,stable,legacy_total_not_equivalent_to_v4_neither,1. Recent use of PSPS and fast-trip,Frequency of PSPS events (total),All statuses (legacy total),Number of events,simplified_label_same_measurement,0,,,SDG&E,2023,1,v3.1,0,4,SDGE_2023_Q4_Tables1-15.xlsx,Table 10,13,K13,https://efiling.energysafety.ca.gov/eFiling/Getfile.aspx?fileid=53475&shareable=true
T10R-eaddb55d68b3288e,,1100000003,1.a.,stable,legacy_total_not_equivalent_to_v4_neither,1. Recent use of PSPS and fast-trip,Frequency of PSPS events (total),All statuses (legacy total),Number of events,simplified_label_same_measurement,0,,,SDG&E,2023,2,v3.1,0,4,SDGE_2023_Q4_Tables1-15.xlsx,Table 10,13,L13,https://efiling.energysafety.ca.gov/eFiling/Getfile.aspx?fileid=53475&shareable=true
T10R-7c8273ce8417bd9c,,1100000003,1.a.,stable,legacy_total_not_equivalent_to_v4_neither,1. Recent use of PSPS and fast-trip,Frequency of PSPS events (total),All statuses (legacy total),Number of events,simplified_label_same_measurement,0,,,SDG&E,2023,3,v3.1,0,4,SDGE_2023_Q4_Tables1-15.xlsx,Table 10,13,M13,https://efiling.energysafety.ca.gov/eFiling/Getfile.aspx?fileid=53475&shareable=true
T10R-267affdebdee4c44,,1100000003,1.a.,stable,legacy_total_not_equivalent_to_v4_neither,1. Recent use of PSPS and fast-trip,Frequency of PSPS events (total),All statuses (legacy total),Number of events,simplified_label_same_measurement,0,,,SDG&E,2023,4,v3.1,0,4,SDGE_2023_Q4_Tables1-15.xlsx,Table 10,13,N13,https://efiling.energysafety.ca.gov/eFiling/Getfile.aspx?fileid=53475&shareable=true
T10R-c7834e40831dc55c,1100000004,1100000004,1.b.,stable,exact_wind_status,1. Recent use of PSPS and fast-trip,Scope of PSPS events (total),RFW only,"Circuit-events, measured in number of events multiplied by number of circuits de-energized",simplified_label_same_measurement,0,,,SDG&E,2023,1,v3.1,0,4,SDGE_2023_Q4_Tables1-15.xlsx,Table 10,14,K14,https://efiling.energysafety.ca.gov/eFiling/Getfile.aspx?fileid=53475&shareable=true
T10R-a17eb032b8e122e0,1100000004,1100000004,1.b.,stable,exact_wind_status,1. Recent use of PSPS and fast-trip,Scope of PSPS events (total),RFW only,"Circuit-events, measured in number of events multiplied by number of circuits de-energized",simplified_label_same_measurement,0,,,SDG&E,2023,2,v3.1,0,4,SDGE_2023_Q4_Tables1-15.xlsx,Table 10,14,L14,https://efiling.energysafety.ca.gov/eFiling/Getfile.aspx?fileid=53475&shareable=true
T10R-f4613810e08e4797,1100000004,1100000004,1.b.,stable,exact_wind_status,1. Recent use of PSPS and fast-trip,Scope of PSPS events (total),RFW only,"Circuit-events, measured in number of events multiplied by number of circuits de-energized",simplified_label_same_measurement,0,,,SDG&E,2023,3,v3.1,0,4,SDGE_2023_Q4_Tables1-15.xlsx,Table 10,14,M14,https://efiling.energysafety.ca.gov/eFiling/Getfile.aspx?fileid=53475&shareable=true
T10R-c130f611ef02ed63,1100000004,1100000004,1.b.,stable,exact_wind_status,1. Recent use of PSPS and fast-trip,Scope of PSPS events (total),RFW only,"Circuit-events, measured in number of events multiplied by number of circuits de-energized",simplified_label_same_measurement,0,,,SDG&E,2023,4,v3.1,0,4,SDGE_2023_Q4_Tables1-15.xlsx,Table 10,14,N14,https://efiling.energysafety.ca.gov/eFiling/Getfile.aspx?fileid=53475&shareable=true
T10R-4ff296e635914d07,1100000005,1100000005,1.b.,stable,exact_wind_status,1. Recent use of PSPS and fast-trip,Scope of PSPS events (total),HWW only,"Circuit-events, measured in number of events multiplied by number of circuits de-energized",simplified_label_same_measurement,0,,,SDG&E,2023,1,v3.1,0,4,SDGE_2023_Q4_Tables1-15.xlsx,Table 10,15,K15,https://efiling.energysafety.ca.gov/eFiling/Getfile.aspx?fileid=53475&shareable=true
T10R-a122d496d3cc4119,1100000005,1100000005,1.b.,stable,exact_wind_status,1. Recent use of PSPS and fast-trip,Scope of PSPS events (total),HWW only,"Circuit-events, measured in number of events multiplied by number of circuits de-energized",simplified_label_same_measurement,0,,,SDG&E,2023,2,v3.1,0,4,SDGE_2023_Q4_Tables1-15.xlsx,Table 10,15,L15,https://efiling.energysafety.ca.gov/eFiling/Getfile.aspx?fileid=53475&shareable=true
T10R-9cd8901b31ed4891,1100000005,1100000005,1.b.,stable,exact_wind_status,1. Recent use of PSPS and fast-trip,Scope of PSPS events (total),HWW only,"Circuit-events, measured in number of events multiplied by number of circuits de-energized",simplified_label_same_measurement,0,,,SDG&E,2023,3,v3.1,0,4,SDGE_2023_Q4_Tables1-15.xlsx,Table 10,15,M15,https://efiling.energysafety.ca.gov/eFiling/Getfile.aspx?fileid=53475&shareable=true
T10R-e902f07a6653492e,1100000005,1100000005,1.b.,stable,exact_wind_status,1. Recent use of PSPS and fast-trip,Scope of PSPS events (total),HWW only,"Circuit-events, measured in number of events multiplied by number of circuits de-energized",simplified_label_same_measurement,0,,,SDG&E,2023,4,v3.1,0,4,SDGE_2023_Q4_Tables1-15.xlsx,Table 10,15,N15,https://efiling.energysafety.ca.gov/eFiling/Getfile.aspx?fileid=53475&shareable=true
T10R-3037082b5a04e6ee,1100000006,1100000006,1.b.,stable,exact_wind_status,1. Recent use of PSPS and fast-trip,Scope of PSPS events (total),HWW & RFW,"Circuit-events, measured in number of events multiplied by number of circuits de-energized",simplified_label_same_measurement,0,,,SDG&E,2023,1,v3.1,0,4,SDGE_2023_Q4_Tables1-15.xlsx,Table 10,16,K16,https://efiling.energysafety.ca.gov/eFiling/Getfile.aspx?fileid=53475&shareable=true
T10R-a8c252cb05282fd1,1100000006,1100000006,1.b.,stable,exact_wind_status,1. Recent use of PSPS and fast-trip,Scope of PSPS events (total),HWW & RFW,"Circuit-events, measured in number of events multiplied by number of circuits de-energized",simplified_label_same_measurement,0,,,SDG&E,2023,2,v3.1,0,4,SDGE_2023_Q4_Tables1-15.xlsx,Table 10,16,L16,https://efiling.energysafety.ca.gov/eFiling/Getfile.aspx?fileid=53475&shareable=true
T10R-66801b8a72fac950,1100000006,1100000006,1.b.,stable,exact_wind_status,1. Recent use of PSPS and fast-trip,Scope of PSPS events (total),HWW & RFW,"Circuit-events, measured in number of events multiplied by number of circuits de-energized",simplified_label_same_measurement,0,,,SDG&E,2023,3,v3.1,0,4,SDGE_2023_Q4_Tables1-15.xlsx,Table 10,16,M16,https://efiling.energysafety.ca.gov/eFiling/Getfile.aspx?fileid=53475&shareable=true
T10R-63966dffeb43d73b,1100000006,1100000006,1.b.,stable,exact_wind_status,1. Recent use of PSPS and fast-trip,Scope of PSPS events (total),HWW & RFW,"Circuit-events, measured in number of events multiplied by number of circuits de-energized",simplified_label_same_measurement,0,,,SDG&E,2023,4,v3.1,0,4,SDGE_2023_Q4_Tables1-15.xlsx,Table 10,16,N16,https://efiling.energysafety.ca.gov/eFiling/Getfile.aspx?fileid=53475&shareable=true
T10R-a02dc5594ac22810,,1100000007,1.b.,stable,legacy_total_not_equivalent_to_v4_neither,1. Recent use of PSPS and fast-trip,Scope of PSPS events (total),All statuses (legacy total),"Circuit-events, measured in number of events multiplied by number of circuits de-energized",simplified_label_same_measurement,0,,,SDG&E,2023,1,v3.1,0,4,SDGE_2023_Q4_Tables1-15.xlsx,Table 10,17,K17,https://efiling.energysafety.ca.gov/eFiling/Getfile.aspx?fileid=53475&shareable=true
T10R-2d1f51457ed798cc,,1100000007,1.b.,stable,legacy_total_not_equivalent_to_v4_neither,1. Recent use of PSPS and fast-trip,Scope of PSPS events (total),All statuses (legacy total),"Circuit-events, measured in number of events multiplied by number of circuits de-energized",simplified_label_same_measurement,0,,,SDG&E,2023,2,v3.1,0,4,SDGE_2023_Q4_Tables1-15.xlsx,Table 10,17,L17,https://efiling.energysafety.ca.gov/eFiling/Getfile.aspx?fileid=53475&shareable=true
T10R-0f5d466937120dc9,,1100000007,1.b.,stable,legacy_total_not_equivalent_to_v4_neither,1. Recent use of PSPS and fast-trip,Scope of PSPS events (total),All statuses (legacy total),"Circuit-events, measured in number of events multiplied by number of circuits de-energized",simplified_label_same_measurement,0,,,SDG&E,2023,3,v3.1,0,4,SDGE_2023_Q4_Tables1-15.xlsx,Table 10,17,M17,https://efiling.energysafety.ca.gov/eFiling/Getfile.aspx?fileid=53475&shareable=true
T10R-d8d1ad6f8eed5b43,,1100000007,1.b.,stable,legacy_total_not_equivalent_to_v4_neither,1. Recent use of PSPS and fast-trip,Scope of PSPS events (total),All statuses (legacy total),"Circuit-events, measured in number of events multiplied by number of circuits de-energized",simplified_label_same_measurement,0,,,SDG&E,2023,4,v3.1,0,4,SDGE_2023_Q4_Tables1-15.xlsx,Table 10,17,N17,https://efiling.energysafety.ca.gov/eFiling/Getfile.aspx?fileid=53475&shareable=true
T10R-4b3f8d2f1ddf4ebc,1100000008,1100000008,1.c.,stable,exact_wind_status,1. Recent use of PSPS and fast-trip,Duration of PSPS events (total),RFW only,Customer hours,simplified_label_same_measurement,0,,,SDG&E,2023,1,v3.1,0,4,SDGE_2023_Q4_Tables1-15.xlsx,Table 10,18,K18,https://efiling.energysafety.ca.gov/eFiling/Getfile.aspx?fileid=53475&shareable=true
T10R-c722590c0b5b0851,1100000008,1100000008,1.c.,stable,exact_wind_status,1. Recent use of PSPS and fast-trip,Duration of PSPS events (total),RFW only,Customer hours,simplified_label_same_measurement,0,,,SDG&E,2023,2,v3.1,0,4,SDGE_2023_Q4_Tables1-15.xlsx,Table 10,18,L18,https://efiling.energysafety.ca.gov/eFiling/Getfile.aspx?fileid=53475&shareable=true
T10R-ee3bc23f1858db51,1100000008,1100000008,1.c.,stable,exact_wind_status,1. Recent use of PSPS and fast-trip,Duration of PSPS events (total),RFW only,Customer hours,simplified_label_same_measurement,0,,,SDG&E,2023,3,v3.1,0,4,SDGE_2023_Q4_Tables1-15.xlsx,Table 10,18,M18,https://efiling.energysafety.ca.gov/eFiling/Getfile.aspx?fileid=53475&shareable=true
T10R-bd09ab04d5fb0524,1100000008,1100000008,1.c.,stable,exact_wind_status,1. Recent use of PSPS and fast-trip,Duration of PSPS events (total),RFW only,Customer hours,simplified_label_same_measurement,0,,,SDG&E,2023,4,v3.1,0,4,SDGE_2023_Q4_Tables1-15.xlsx,Table 10,18,N18,https://efiling.energysafety.ca.gov/eFiling/Getfile.aspx?fileid=53475&shareable=true
T10R-d4125cebf9704e04,1100000009,1100000009,1.c.,stable,exact_wind_status,1. Recent use of PSPS and fast-trip,Duration of PSPS events (total),HWW only,Customer hours,simplified_label_same_measurement,0,,,SDG&E,2023,1,v3.1,0,4,SDGE_2023_Q4_Tables1-15.xlsx,Table 10,19,K19,https://efiling.energysafety.ca.gov/eFiling/Getfile.aspx?fileid=53475&shareable=true
T10R-a1249eaa5a19fba6,1100000009,1100000009,1.c.,stable,exact_wind_status,1. Recent use of PSPS and fast-trip,Duration of PSPS events (total),HWW only,Customer hours,simplified_label_same_measurement,0,,,SDG&E,2023,2,v3.1,0,4,SDGE_2023_Q4_Tables1-15.xlsx,Table 10,19,L19,https://efiling.energysafety.ca.gov/eFiling/Getfile.aspx?fileid=53475&shareable=true
T10R-efc2421407653fff,1100000009,1100000009,1.c.,stable,exact_wind_status,1. Recent use of PSPS and fast-trip,Duration of PSPS events (total),HWW only,Customer hours,simplified_label_same_measurement,0,,,SDG&E,2023,3,v3.1,0,4,SDGE_2023_Q4_Tables1-15.xlsx,Table 10,19,M19,https://efiling.energysafety.ca.gov/eFiling/Getfile.aspx?fileid=53475&shareable=true
T10R-a8a674fc9860dea2,1100000009,1100000009,1.c.,stable,exact_wind_status,1. Recent use of PSPS and fast-trip,Duration of PSPS events (total),HWW only,Customer hours,simplified_label_same_measurement,0,,,SDG&E,2023,4,v3.1,0,4,SDGE_2023_Q4_Tables1-15.xlsx,Table 10,19,N19,https://efiling.energysafety.ca.gov/eFiling/Getfile.aspx?fileid=53475&shareable=true
T10R-aa235eabc7f7435e,1100000010,1100000010,1.c.,stable,exact_wind_status,1. Recent use of PSPS and fast-trip,Duration of PSPS events (total),HWW & RFW,Customer hours,simplified_label_same_measurement,0,,,SDG&E,2023,1,v3.1,0,4,SDGE_2023_Q4_Tables1-15.xlsx,Table 10,20,K20,https://efiling.energysafety.ca.gov/eFiling/Getfile.aspx?fileid=53475&shareable=true
T10R-5414d2e794e2e63f,1100000010,1100000010,1.c.,stable,exact_wind_status,1. Recent use of PSPS and fast-trip,Duration of PSPS events (total),HWW & RFW,Customer hours,simplified_label_same_measurement,0,,,SDG&E,2023,2,v3.1,0,4,SDGE_2023_Q4_Tables1-15.xlsx,Table 10,20,L20,https://efiling.energysafety.ca.gov/eFiling/Getfile.aspx?fileid=53475&shareable=true
T10R-8682f7adf78ff399,1100000010,1100000010,1.c.,stable,exact_wind_status,1. Recent use of PSPS and fast-trip,Duration of PSPS events (total),HWW & RFW,Customer hours,simplified_label_same_measurement,0,,,SDG&E,2023,3,v3.1,0,4,SDGE_2023_Q4_Tables1-15.xlsx,Table 10,20,M20,https://efiling.energysafety.ca.gov/eFiling/Getfile.aspx?fileid=53475&shareable=true
T10R-d82a6e788af5dfe8,1100000010,1100000010,1.c.,stable,exact_wind_status,1. Recent use of PSPS and fast-trip,Duration of PSPS events (total),HWW & RFW,Customer hours,simplified_label_same_measurement,0,,,SDG&E,2023,4,v3.1,0,4,SDGE_2023_Q4_Tables1-15.xlsx,Table 10,20,N20,https://efiling.energysafety.ca.gov/eFiling/Getfile.aspx?fileid=53475&shareable=true
T10R-1a66a9210d210a00,,1100000011,1.c.,stable,legacy_total_not_equivalent_to_v4_neither,1. Recent use of PSPS and fast-trip,Duration of PSPS events (total),All statuses (legacy total),Customer hours,simplified_label_same_measurement,0,,,SDG&E,2023,1,v3.1,0,4,SDGE_2023_Q4_Tables1-15.xlsx,Table 10,21,K21,https://efiling.energysafety.ca.gov/eFiling/Getfile.aspx?fileid=53475&shareable=true
T10R-4f5e2d15fc6da5d6,,1100000011,1.c.,stable,legacy_total_not_equivalent_to_v4_neither,1. Recent use of PSPS and fast-trip,Duration of PSPS events (total),All statuses (legacy total),Customer hours,simplified_label_same_measurement,0,,,SDG&E,2023,2,v3.1,0,4,SDGE_2023_Q4_Tables1-15.xlsx,Table 10,21,L21,https://efiling.energysafety.ca.gov/eFiling/Getfile.aspx?fileid=53475&shareable=true
T10R-a3f833de199d4630,,1100000011,1.c.,stable,legacy_total_not_equivalent_to_v4_neither,1. Recent use of PSPS and fast-trip,Duration of PSPS events (total),All statuses (legacy total),Customer hours,simplified_label_same_measurement,0,,,SDG&E,2023,3,v3.1,0,4,SDGE_2023_Q4_Tables1-15.xlsx,Table 10,21,M21,https://efiling.energysafety.ca.gov/eFiling/Getfile.aspx?fileid=53475&shareable=true
T10R-c7fc22e7170f3670,,1100000011,1.c.,stable,legacy_total_not_equivalent_to_v4_neither,1. Recent use of PSPS and fast-trip,Duration of PSPS events (total),All statuses (legacy total),Customer hours,simplified_label_same_measurement,0,,,SDG&E,2023,4,v3.1,0,4,SDGE_2023_Q4_Tables1-15.xlsx,Table 10,21,N21,https://efiling.energysafety.ca.gov/eFiling/Getfile.aspx?fileid=53475&shareable=true
T10R-52c1e56219a887f0,1100000012,1100000012,1.d.,stable,exact_wind_status,1. Recent use of PSPS and fast-trip,Frequency of fast-trip events (total),RFW only,Number of events,exact,0,,,SDG&E,2023,1,v3.1,0,4,SDGE_2023_Q4_Tables1-15.xlsx,Table 10,22,K22,https://efiling.energysafety.ca.gov/eFiling/Getfile.aspx?fileid=53475&shareable=true
T10R-a636b5f2ed3fe350,1100000012,1100000012,1.d.,stable,exact_wind_status,1. Recent use of PSPS and fast-trip,Frequency of fast-trip events (total),RFW only,Number of events,exact,0,,,SDG&E,2023,2,v3.1,0,4,SDGE_2023_Q4_Tables1-15.xlsx,Table 10,22,L22,https://efiling.energysafety.ca.gov/eFiling/Getfile.aspx?fileid=53475&shareable=true
T10R-dfb3e3429d012b1a,1100000012,1100000012,1.d.,stable,exact_wind_status,1. Recent use of PSPS and fast-trip,Frequency of fast-trip events (total),RFW only,Number of events,exact,0,,,SDG&E,2023,3,v3.1,0,4,SDGE_2023_Q4_Tables1-15.xlsx,Table 10,22,M22,https://efiling.energysafety.ca.gov/eFiling/Getfile.aspx?fileid=53475&shareable=true
T10R-b1f52988212567fe,1100000012,1100000012,1.d.,stable,exact_wind_status,1. Recent use of PSPS and fast-trip,Frequency of fast-trip events (total),RFW only,Number of events,exact,0,,,SDG&E,2023,4,v3.1,0,4,SDGE_2023_Q4_Tables1-15.xlsx,Table 10,22,N22,https://efiling.energysafety.ca.gov/eFiling/Getfile.aspx?fileid=53475&shareable=true
T10R-ff814d087f7820cd,1100000013,1100000013,1.d.,stable,exact_wind_status,1. Recent use of PSPS and fast-trip,Frequency of fast-trip events (total),HWW only,Number of events,exact,0,,,SDG&E,2023,1,v3.1,0,4,SDGE_2023_Q4_Tables1-15.xlsx,Table 10,23,K23,https://efiling.energysafety.ca.gov/eFiling/Getfile.aspx?fileid=53475&shareable=true
T10R-6bf2c7009f4beb23,1100000013,1100000013,1.d.,stable,exact_wind_status,1. Recent use of PSPS and fast-trip,Frequency of fast-trip events (total),HWW only,Number of events,exact,0,,,SDG&E,2023,2,v3.1,0,4,SDGE_2023_Q4_Tables1-15.xlsx,Table 10,23,L23,https://efiling.energysafety.ca.gov/eFiling/Getfile.aspx?fileid=53475&shareable=true
T10R-990818054d9a34b5,1100000013,1100000013,1.d.,stable,exact_wind_status,1. Recent use of PSPS and fast-trip,Frequency of fast-trip events (total),HWW only,Number of events,exact,0,,,SDG&E,2023,3,v3.1,0,4,SDGE_2023_Q4_Tables1-15.xlsx,Table 10,23,M23,https://efiling.energysafety.ca.gov/eFiling/Getfile.aspx?fileid=53475&shareable=true
T10R-d4867eba10bdda8f,1100000013,1100000013,1.d.,stable,exact_wind_status,1. Recent use of PSPS and fast-trip,Frequency of fast-trip events (total),HWW only,Number of events,exact,0,,,SDG&E,2023,4,v3.1,0,4,SDGE_2023_Q4_Tables1-15.xlsx,Table 10,23,N23,https://efiling.energysafety.ca.gov/eFiling/Getfile.aspx?fileid=53475&shareable=true
T10R-675438cd79bd4d3c,1100000014,1100000014,1.d.,stable,exact_wind_status,1. Recent use of PSPS and fast-trip,Frequency of fast-trip events (total),HWW & RFW,Number of events,exact,0,,,SDG&E,2023,1,v3.1,0,4,SDGE_2023_Q4_Tables1-15.xlsx,Table 10,24,K24,https://efiling.energysafety.ca.gov/eFiling/Getfile.aspx?fileid=53475&shareable=true
T10R-21ee1045e4c85063,1100000014,1100000014,1.d.,stable,exact_wind_status,1. Recent use of PSPS and fast-trip,Frequency of fast-trip events (total),HWW & RFW,Number of events,exact,0,,,SDG&E,2023,2,v3.1,0,4,SDGE_2023_Q4_Tables1-15.xlsx,Table 10,24,L24,https://efiling.energysafety.ca.gov/eFiling/Getfile.aspx?fileid=53475&shareable=true
T10R-cb9fefa320e54be3,1100000014,1100000014,1.d.,stable,exact_wind_status,1. Recent use of PSPS and fast-trip,Frequency of fast-trip events (total),HWW & RFW,Number of events,exact,0,,,SDG&E,2023,3,v3.1,0,4,SDGE_2023_Q4_Tables1-15.xlsx,Table 10,24,M24,https://efiling.energysafety.ca.gov/eFiling/Getfile.aspx?fileid=53475&shareable=true
T10R-6a04d0d13435ba0a,1100000014,1100000014,1.d.,stable,exact_wind_status,1. Recent use of PSPS and fast-trip,Frequency of fast-trip events (total),HWW & RFW,Number of events,exact,0,,,SDG&E,2023,4,v3.1,0,4,SDGE_2023_Q4_Tables1-15.xlsx,Table 10,24,N24,https://efiling.energysafety.ca.gov/eFiling/Getfile.aspx?fileid=53475&shareable=true
T10R-798fec866b964ab4,1100000015,1100000015,1.d.,stable,normalized_none_to_neither,1. Recent use of PSPS and fast-trip,Frequency of fast-trip events (total),Neither,Number of events,exact,0,,,SDG&E,2023,1,v3.1,0,4,SDGE_2023_Q4_Tables1-15.xlsx,Table 10,25,K25,https://efiling.energysafety.ca.gov/eFiling/Getfile.aspx?fileid=53475&shareable=true
T10R-bfa32e8527d1eacd,1100000015,1100000015,1.d.,stable,normalized_none_to_neither,1. Recent use of PSPS and fast-trip,Frequency of fast-trip events (total),Neither,Number of events,exact,0,,,SDG&E,2023,2,v3.1,0,4,SDGE_2023_Q4_Tables1-15.xlsx,Table 10,25,L25,https://efiling.energysafety.ca.gov/eFiling/Getfile.aspx?fileid=53475&shareable=true
T10R-80657abaff73b613,1100000015,1100000015,1.d.,stable,normalized_none_to_neither,1. Recent use of PSPS and fast-trip,Frequency of fast-trip events (total),Neither,Number of events,exact,0,,,SDG&E,2023,3,v3.1,0,4,SDGE_2023_Q4_Tables1-15.xlsx,Table 10,25,M25,https://efiling.energysafety.ca.gov/eFiling/Getfile.aspx?fileid=53475&shareable=true
T10R-5849df9ddd695623,1100000015,1100000015,1.d.,stable,normalized_none_to_neither,1. Recent use of PSPS and fast-trip,Frequency of fast-trip events (total),Neither,Number of events,exact,5,,,SDG&E,2023,4,v3.1,0,4,SDGE_2023_Q4_Tables1-15.xlsx,Table 10,25,N25,https://efiling.energysafety.ca.gov/eFiling/Getfile.aspx?fileid=53475&shareable=true
T10R-7491d25e3e6f8d00,1100000016,1100000016,1.e,stable,exact_wind_status,1. Recent use of PSPS and fast-trip,Circuit mile days with fast-trip settings enabled (total),RFW only,Circuit mile days,exact,0,,,SDG&E,2023,1,v3.1,0,4,SDGE_2023_Q4_Tables1-15.xlsx,Table 10,26,K26,https://efiling.energysafety.ca.gov/eFiling/Getfile.aspx?fileid=53475&shareable=true
T10R-72e8ccaec9347dff,1100000016,1100000016,1.e,stable,exact_wind_status,1. Recent use of PSPS and fast-trip,Circuit mile days with fast-trip settings enabled (total),RFW only,Circuit mile days,exact,0,,,SDG&E,2023,2,v3.1,0,4,SDGE_2023_Q4_Tables1-15.xlsx,Table 10,26,L26,https://efiling.energysafety.ca.gov/eFiling/Getfile.aspx?fileid=53475&shareable=true
T10R-2c9acaee32333c61,1100000016,1100000016,1.e,stable,exact_wind_status,1. Recent use of PSPS and fast-trip,Circuit mile days with fast-trip settings enabled (total),RFW only,Circuit mile days,exact,0,,,SDG&E,2023,3,v3.1,0,4,SDGE_2023_Q4_Tables1-15.xlsx,Table 10,26,M26,https://efiling.energysafety.ca.gov/eFiling/Getfile.aspx?fileid=53475&shareable=true
T10R-6d5341ba1afdad57,1100000016,1100000016,1.e,stable,exact_wind_status,1. Recent use of PSPS and fast-trip,Circuit mile days with fast-trip settings enabled (total),RFW only,Circuit mile days,exact,0,,,SDG&E,2023,4,v3.1,0,4,SDGE_2023_Q4_Tables1-15.xlsx,Table 10,26,N26,https://efiling.energysafety.ca.gov/eFiling/Getfile.aspx?fileid=53475&shareable=true
T10R-d40738d1b17e52bc,1100000017,1100000017,1.e,stable,exact_wind_status,1. Recent use of PSPS and fast-trip,Circuit mile days with fast-trip settings enabled (total),HWW only,Circuit mile days,exact,0,,,SDG&E,2023,1,v3.1,0,4,SDGE_2023_Q4_Tables1-15.xlsx,Table 10,27,K27,https://efiling.energysafety.ca.gov/eFiling/Getfile.aspx?fileid=53475&shareable=true
T10R-b4b879274d9567d5,1100000017,1100000017,1.e,stable,exact_wind_status,1. Recent use of PSPS and fast-trip,Circuit mile days with fast-trip settings enabled (total),HWW only,Circuit mile days,exact,0,,,SDG&E,2023,2,v3.1,0,4,SDGE_2023_Q4_Tables1-15.xlsx,Table 10,27,L27,https://efiling.energysafety.ca.gov/eFiling/Getfile.aspx?fileid=53475&shareable=true
T10R-d49609eca0b97757,1100000017,1100000017,1.e,stable,exact_wind_status,1. Recent use of PSPS and fast-trip,Circuit mile days with fast-trip settings enabled (total),HWW only,Circuit mile days,exact,0,,,SDG&E,2023,3,v3.1,0,4,SDGE_2023_Q4_Tables1-15.xlsx,Table 10,27,M27,https://efiling.energysafety.ca.gov/eFiling/Getfile.aspx?fileid=53475&shareable=true
T10R-2a3d250588d2f0b4,1100000017,1100000017,1.e,stable,exact_wind_status,1. Recent use of PSPS and fast-trip,Circuit mile days with fast-trip settings enabled (total),HWW only,Circuit mile days,exact,0,,,SDG&E,2023,4,v3.1,0,4,SDGE_2023_Q4_Tables1-15.xlsx,Table 10,27,N27,https://efiling.energysafety.ca.gov/eFiling/Getfile.aspx?fileid=53475&shareable=true
T10R-f4e8cf863721bb58,1100000018,1100000018,1.e,stable,exact_wind_status,1. Recent use of PSPS and fast-trip,Circuit mile days with fast-trip settings enabled (total),HWW & RFW,Circuit mile days,exact,0,,,SDG&E,2023,1,v3.1,0,4,SDGE_2023_Q4_Tables1-15.xlsx,Table 10,28,K28,https://efiling.energysafety.ca.gov/eFiling/Getfile.aspx?fileid=53475&shareable=true
T10R-52e4f2bb8e566b66,1100000018,1100000018,1.e,stable,exact_wind_status,1. Recent use of PSPS and fast-trip,Circuit mile days with fast-trip settings enabled (total),HWW & RFW,Circuit mile days,exact,0,,,SDG&E,2023,2,v3.1,0,4,SDGE_2023_Q4_Tables1-15.xlsx,Table 10,28,L28,https://efiling.energysafety.ca.gov/eFiling/Getfile.aspx?fileid=53475&shareable=true
T10R-d8a7f224a5c53dcc,1100000018,1100000018,1.e,stable,exact_wind_status,1. Recent use of PSPS and fast-trip,Circuit mile days with fast-trip settings enabled (total),HWW & RFW,Circuit mile days,exact,0,,,SDG&E,2023,3,v3.1,0,4,SDGE_2023_Q4_Tables1-15.xlsx,Table 10,28,M28,https://efiling.energysafety.ca.gov/eFiling/Getfile.aspx?fileid=53475&shareable=true
T10R-fd4f3fe346ae5822,1100000018,1100000018,1.e,stable,exact_wind_status,1. Recent use of PSPS and fast-trip,Circuit mile days with fast-trip settings enabled (total),HWW & RFW,Circuit mile days,exact,0,,,SDG&E,2023,4,v3.1,0,4,SDGE_2023_Q4_Tables1-15.xlsx,Table 10,28,N28,https://efiling.energysafety.ca.gov/eFiling/Getfile.aspx?fileid=53475&shareable=true
T10R-7877127d7c6dac0a,1100000019,1100000019,1.e,stable,normalized_none_to_neither,1. Recent use of PSPS and fast-trip,Circuit mile days with fast-trip settings enabled (total),Neither,Circuit mile days,exact,0,,,SDG&E,2023,1,v3.1,0,4,SDGE_2023_Q4_Tables1-15.xlsx,Table 10,29,K29,https://efiling.energysafety.ca.gov/eFiling/Getfile.aspx?fileid=53475&shareable=true
T10R-cd5f1f698be350df,1100000019,1100000019,1.e,stable,normalized_none_to_neither,1. Recent use of PSPS and fast-trip,Circuit mile days with fast-trip settings enabled (total),Neither,Circuit mile days,exact,0,,,SDG&E,2023,2,v3.1,0,4,SDGE_2023_Q4_Tables1-15.xlsx,Table 10,29,L29,https://efiling.energysafety.ca.gov/eFiling/Getfile.aspx?fileid=53475&shareable=true
T10R-824bd72f1d0d23c7,1100000019,1100000019,1.e,stable,normalized_none_to_neither,1. Recent use of PSPS and fast-trip,Circuit mile days with fast-trip settings enabled (total),Neither,Circuit mile days,exact,0,,,SDG&E,2023,3,v3.1,0,4,SDGE_2023_Q4_Tables1-15.xlsx,Table 10,29,M29,https://efiling.energysafety.ca.gov/eFiling/Getfile.aspx?fileid=53475&shareable=true
T10R-994d5b14a60debb7,1100000019,1100000019,1.e,stable,normalized_none_to_neither,1. Recent use of PSPS and fast-trip,Circuit mile days with fast-trip settings enabled (total),Neither,Circuit mile days,exact,1206,,,SDG&E,2023,4,v3.1,0,4,SDGE_2023_Q4_Tables1-15.xlsx,Table 10,29,N29,https://efiling.energysafety.ca.gov/eFiling/Getfile.aspx?fileid=53475&shareable=true
T10R-f6e8bcf17038d1ea,1100000020,1100000020,2.a.,stable,normalized_na_to_null,2. Customer hours of PSPS and other outages,Customer hours of planned outages including PSPS (total),,Customer hours,simplified_label_same_measurement,264046.76666666,,,SDG&E,2023,1,v3.1,0,4,SDGE_2023_Q4_Tables1-15.xlsx,Table 10,30,K30,https://efiling.energysafety.ca.gov/eFiling/Getfile.aspx?fileid=53475&shareable=true
T10R-2d5ff66cff3ccf9d,1100000020,1100000020,2.a.,stable,normalized_na_to_null,2. Customer hours of PSPS and other outages,Customer hours of planned outages including PSPS (total),,Customer hours,simplified_label_same_measurement,374569.82,,,SDG&E,2023,2,v3.1,0,4,SDGE_2023_Q4_Tables1-15.xlsx,Table 10,30,L30,https://efiling.energysafety.ca.gov/eFiling/Getfile.aspx?fileid=53475&shareable=true
T10R-cbfefb2706a983bf,1100000020,1100000020,2.a.,stable,normalized_na_to_null,2. Customer hours of PSPS and other outages,Customer hours of planned outages including PSPS (total),,Customer hours,simplified_label_same_measurement,357165.32,,,SDG&E,2023,3,v3.1,0,4,SDGE_2023_Q4_Tables1-15.xlsx,Table 10,30,M30,https://efiling.energysafety.ca.gov/eFiling/Getfile.aspx?fileid=53475&shareable=true
T10R-cc67b388b087e8f7,1100000020,1100000020,2.a.,stable,normalized_na_to_null,2. Customer hours of PSPS and other outages,Customer hours of planned outages including PSPS (total),,Customer hours,simplified_label_same_measurement,290432,,,SDG&E,2023,4,v3.1,0,4,SDGE_2023_Q4_Tables1-15.xlsx,Table 10,30,N30,https://efiling.energysafety.ca.gov/eFiling/Getfile.aspx?fileid=53475&shareable=true
T10R-e4f761828d36ee52,1100000021,1100000021,2.b.,stable,normalized_na_to_null,2. Customer hours of PSPS and other outages,"Customer hours of unplanned outages, not including PSPS or fast-trip (total)",,Customer hours,simplified_label_same_measurement,676516.5,,,SDG&E,2023,1,v3.1,0,4,SDGE_2023_Q4_Tables1-15.xlsx,Table 10,31,K31,https://efiling.energysafety.ca.gov/eFiling/Getfile.aspx?fileid=53475&shareable=true
T10R-9c99dd87e967c068,1100000021,1100000021,2.b.,stable,normalized_na_to_null,2. Customer hours of PSPS and other outages,"Customer hours of unplanned outages, not including PSPS or fast-trip (total)",,Customer hours,simplified_label_same_measurement,324041.73333333334,,,SDG&E,2023,2,v3.1,0,4,SDGE_2023_Q4_Tables1-15.xlsx,Table 10,31,L31,https://efiling.energysafety.ca.gov/eFiling/Getfile.aspx?fileid=53475&shareable=true
T10R-1c7efbc60c3e81b6,1100000021,1100000021,2.b.,stable,normalized_na_to_null,2. Customer hours of PSPS and other outages,"Customer hours of unplanned outages, not including PSPS or fast-trip (total)",,Customer hours,simplified_label_same_measurement,414481.65,,,SDG&E,2023,3,v3.1,0,4,SDGE_2023_Q4_Tables1-15.xlsx,Table 10,31,M31,https://efiling.energysafety.ca.gov/eFiling/Getfile.aspx?fileid=53475&shareable=true
T10R-e22005a301f35eba,1100000021,1100000021,2.b.,stable,normalized_na_to_null,2. Customer hours of PSPS and other outages,"Customer hours of unplanned outages, not including PSPS or fast-trip (total)",,Customer hours,simplified_label_same_measurement,204367.6,,,SDG&E,2023,4,v3.1,0,4,SDGE_2023_Q4_Tables1-15.xlsx,Table 10,31,N31,https://efiling.energysafety.ca.gov/eFiling/Getfile.aspx?fileid=53475&shareable=true
T10R-de4e16b08f526297,1100000022,1100000022,2.c.,stable,normalized_na_to_null,2. Customer hours of PSPS and other outages,Customer hours of unplanned outages resulting from fast-trip,,Customer hours,simplified_label_same_measurement,0,,,SDG&E,2023,1,v3.1,0,4,SDGE_2023_Q4_Tables1-15.xlsx,Table 10,32,K32,https://efiling.energysafety.ca.gov/eFiling/Getfile.aspx?fileid=53475&shareable=true
T10R-d95a4972cf877724,1100000022,1100000022,2.c.,stable,normalized_na_to_null,2. Customer hours of PSPS and other outages,Customer hours of unplanned outages resulting from fast-trip,,Customer hours,simplified_label_same_measurement,0,,,SDG&E,2023,2,v3.1,0,4,SDGE_2023_Q4_Tables1-15.xlsx,Table 10,32,L32,https://efiling.energysafety.ca.gov/eFiling/Getfile.aspx?fileid=53475&shareable=true
T10R-7d93be19320b38ba,1100000022,1100000022,2.c.,stable,normalized_na_to_null,2. Customer hours of PSPS and other outages,Customer hours of unplanned outages resulting from fast-trip,,Customer hours,simplified_label_same_measurement,0,,,SDG&E,2023,3,v3.1,0,4,SDGE_2023_Q4_Tables1-15.xlsx,Table 10,32,M32,https://efiling.energysafety.ca.gov/eFiling/Getfile.aspx?fileid=53475&shareable=true
T10R-c43cd63044164cd2,1100000022,1100000022,2.c.,stable,normalized_na_to_null,2. Customer hours of PSPS and other outages,Customer hours of unplanned outages resulting from fast-trip,,Customer hours,simplified_label_same_measurement,4930.266666666666,,,SDG&E,2023,4,v3.1,0,4,SDGE_2023_Q4_Tables1-15.xlsx,Table 10,32,N32,https://efiling.energysafety.ca.gov/eFiling/Getfile.aspx?fileid=53475&shareable=true
T10R-63306bb8c5921c73,1100000023,1100000023,2.d.,stable,normalized_na_to_null,2. Customer hours of PSPS and other outages,System Average Interruption Duration Index (SAIDI) (including PSPS),,SAIDI index value = sum of all interruptions in time period where each interruption is defined as sum(duration of interruption * # of customer interruptions) / Total number of customers served,exact,26.83,,,SDG&E,2023,1,v3.1,0,4,SDGE_2023_Q4_Tables1-15.xlsx,Table 10,33,K33,https://efiling.energysafety.ca.gov/eFiling/Getfile.aspx?fileid=53475&shareable=true
T10R-aa672e2ebfff4724,1100000023,1100000023,2.d.,stable,normalized_na_to_null,2. Customer hours of PSPS and other outages,System Average Interruption Duration Index (SAIDI) (including PSPS),,SAIDI index value = sum of all interruptions in time period where each interruption is defined as sum(duration of interruption * # of customer interruptions) / Total number of customers served,exact,12.85,,,SDG&E,2023,2,v3.1,0,4,SDGE_2023_Q4_Tables1-15.xlsx,Table 10,33,L33,https://efiling.energysafety.ca.gov/eFiling/Getfile.aspx?fileid=53475&shareable=true
T10R-310a52ddeed622ce,1100000023,1100000023,2.d.,stable,normalized_na_to_null,2. Customer hours of PSPS and other outages,System Average Interruption Duration Index (SAIDI) (including PSPS),,SAIDI index value = sum of all interruptions in time period where each interruption is defined as sum(duration of interruption * # of customer interruptions) / Total number of customers served,exact,16.44,,,SDG&E,2023,3,v3.1,0,4,SDGE_2023_Q4_Tables1-15.xlsx,Table 10,33,M33,https://efiling.energysafety.ca.gov/eFiling/Getfile.aspx?fileid=53475&shareable=true
T10R-73d2f48bb0f98b84,1100000023,1100000023,2.d.,stable,normalized_na_to_null,2. Customer hours of PSPS and other outages,System Average Interruption Duration Index (SAIDI) (including PSPS),,SAIDI index value = sum of all interruptions in time period where each interruption is defined as sum(duration of interruption * # of customer interruptions) / Total number of customers served,exact,8.3,,,SDG&E,2023,4,v3.1,0,4,SDGE_2023_Q4_Tables1-15.xlsx,Table 10,33,N33,https://efiling.energysafety.ca.gov/eFiling/Getfile.aspx?fileid=53475&shareable=true
T10R-c2399138c74cea8c,1100000024,1100000024,2.e.,stable,normalized_na_to_null,2. Customer hours of PSPS and other outages,System Average Interruption Duration Index (SAIDI) (excluding PSPS),,SAIDI index value = sum of all interruptions in time period where each interruption is defined as sum(duration of interruption * # of customer interruptions) / Total number of customers served,exact,26.83,,,SDG&E,2023,1,v3.1,0,4,SDGE_2023_Q4_Tables1-15.xlsx,Table 10,34,K34,https://efiling.energysafety.ca.gov/eFiling/Getfile.aspx?fileid=53475&shareable=true
T10R-b2b5cd5589a23760,1100000024,1100000024,2.e.,stable,normalized_na_to_null,2. Customer hours of PSPS and other outages,System Average Interruption Duration Index (SAIDI) (excluding PSPS),,SAIDI index value = sum of all interruptions in time period where each interruption is defined as sum(duration of interruption * # of customer interruptions) / Total number of customers served,exact,12.85,,,SDG&E,2023,2,v3.1,0,4,SDGE_2023_Q4_Tables1-15.xlsx,Table 10,34,L34,https://efiling.energysafety.ca.gov/eFiling/Getfile.aspx?fileid=53475&shareable=true
T10R-6c149f422b91cf99,1100000024,1100000024,2.e.,stable,normalized_na_to_null,2. Customer hours of PSPS and other outages,System Average Interruption Duration Index (SAIDI) (excluding PSPS),,SAIDI index value = sum of all interruptions in time period where each interruption is defined as sum(duration of interruption * # of customer interruptions) / Total number of customers served,exact,16.44,,,SDG&E,2023,3,v3.1,0,4,SDGE_2023_Q4_Tables1-15.xlsx,Table 10,34,M34,https://efiling.energysafety.ca.gov/eFiling/Getfile.aspx?fileid=53475&shareable=true
T10R-debf713221b17f22,1100000024,1100000024,2.e.,stable,normalized_na_to_null,2. Customer hours of PSPS and other outages,System Average Interruption Duration Index (SAIDI) (excluding PSPS),,SAIDI index value = sum of all interruptions in time period where each interruption is defined as sum(duration of interruption * # of customer interruptions) / Total number of customers served,exact,8.3,,,SDG&E,2023,4,v3.1,0,4,SDGE_2023_Q4_Tables1-15.xlsx,Table 10,34,N34,https://efiling.energysafety.ca.gov/eFiling/Getfile.aspx?fileid=53475&shareable=true
T10R-06fa49a76d8dca16,1100000025,1100000025,2.f.,stable,normalized_na_to_null,2. Customer hours of PSPS and other outages,System Average Interruption Frequency Index (SAIFI) (including PSPS),,SAIFI index value = sum of all interruptions in time period where each interruption is defined as (total # of customer interruptions) / (total # of customers served),exact,0.217,,,SDG&E,2023,1,v3.1,0,4,SDGE_2023_Q4_Tables1-15.xlsx,Table 10,35,K35,https://efiling.energysafety.ca.gov/eFiling/Getfile.aspx?fileid=53475&shareable=true
T10R-9ce675b6d62f7034,1100000025,1100000025,2.f.,stable,normalized_na_to_null,2. Customer hours of PSPS and other outages,System Average Interruption Frequency Index (SAIFI) (including PSPS),,SAIFI index value = sum of all interruptions in time period where each interruption is defined as (total # of customer interruptions) / (total # of customers served),exact,0.103,,,SDG&E,2023,2,v3.1,0,4,SDGE_2023_Q4_Tables1-15.xlsx,Table 10,35,L35,https://efiling.energysafety.ca.gov/eFiling/Getfile.aspx?fileid=53475&shareable=true
T10R-5c7e146577b29b37,1100000025,1100000025,2.f.,stable,normalized_na_to_null,2. Customer hours of PSPS and other outages,System Average Interruption Frequency Index (SAIFI) (including PSPS),,SAIFI index value = sum of all interruptions in time period where each interruption is defined as (total # of customer interruptions) / (total # of customers served),exact,0.15,,,SDG&E,2023,3,v3.1,0,4,SDGE_2023_Q4_Tables1-15.xlsx,Table 10,35,M35,https://efiling.energysafety.ca.gov/eFiling/Getfile.aspx?fileid=53475&shareable=true
T10R-432e4f8d7d636a24,1100000025,1100000025,2.f.,stable,normalized_na_to_null,2. Customer hours of PSPS and other outages,System Average Interruption Frequency Index (SAIFI) (including PSPS),,SAIFI index value = sum of all interruptions in time period where each interruption is defined as (total # of customer interruptions) / (total # of customers served),exact,0.0673,,,SDG&E,2023,4,v3.1,0,4,SDGE_2023_Q4_Tables1-15.xlsx,Table 10,35,N35,https://efiling.energysafety.ca.gov/eFiling/Getfile.aspx?fileid=53475&shareable=true
T10R-f91afdc7a66b2455,1100000026,1100000026,2.g.,stable,normalized_na_to_null,2. Customer hours of PSPS and other outages,System Average Interruption Frequency Index (SAIFI) (excluding PSPS),,SAIFI index value = sum of all interruptions in time period where each interruption is defined as (total # of customer interruptions) / (total # of customers served),exact,0.217,,,SDG&E,2023,1,v3.1,0,4,SDGE_2023_Q4_Tables1-15.xlsx,Table 10,36,K36,https://efiling.energysafety.ca.gov/eFiling/Getfile.aspx?fileid=53475&shareable=true
T10R-2a8381d6d8293aff,1100000026,1100000026,2.g.,stable,normalized_na_to_null,2. Customer hours of PSPS and other outages,System Average Interruption Frequency Index (SAIFI) (excluding PSPS),,SAIFI index value = sum of all interruptions in time period where each interruption is defined as (total # of customer interruptions) / (total # of customers served),exact,0.103,,,SDG&E,2023,2,v3.1,0,4,SDGE_2023_Q4_Tables1-15.xlsx,Table 10,36,L36,https://efiling.energysafety.ca.gov/eFiling/Getfile.aspx?fileid=53475&shareable=true
T10R-dbb825d69c0897f2,1100000026,1100000026,2.g.,stable,normalized_na_to_null,2. Customer hours of PSPS and other outages,System Average Interruption Frequency Index (SAIFI) (excluding PSPS),,SAIFI index value = sum of all interruptions in time period where each interruption is defined as (total # of customer interruptions) / (total # of customers served),exact,0.15,,,SDG&E,2023,3,v3.1,0,4,SDGE_2023_Q4_Tables1-15.xlsx,Table 10,36,M36,https://efiling.energysafety.ca.gov/eFiling/Getfile.aspx?fileid=53475&shareable=true
T10R-0a0a081d154292ce,1100000026,1100000026,2.g.,stable,normalized_na_to_null,2. Customer hours of PSPS and other outages,System Average Interruption Frequency Index (SAIFI) (excluding PSPS),,SAIFI index value = sum of all interruptions in time period where each interruption is defined as (total # of customer interruptions) / (total # of customers served),exact,0.0673,,,SDG&E,2023,4,v3.1,0,4,SDGE_2023_Q4_Tables1-15.xlsx,Table 10,36,N36,https://efiling.energysafety.ca.gov/eFiling/Getfile.aspx?fileid=53475&shareable=true
T10R-36404c6f1aa77415,1100000027,1100000027,3.a.,stable,normalized_na_to_null,3. Critical infrastructure impacted by PSPS,Critical infrastructure impacted by PSPS,,Number of critical infrastructure (in accordance with D.19-05-042) locations impacted multiplied by hours offline,simplified_label_same_measurement,0,,,SDG&E,2023,1,v3.1,0,4,SDGE_2023_Q4_Tables1-15.xlsx,Table 10,37,K37,https://efiling.energysafety.ca.gov/eFiling/Getfile.aspx?fileid=53475&shareable=true
T10R-2f5099530a0064cd,1100000027,1100000027,3.a.,stable,normalized_na_to_null,3. Critical infrastructure impacted by PSPS,Critical infrastructure impacted by PSPS,,Number of critical infrastructure (in accordance with D.19-05-042) locations impacted multiplied by hours offline,simplified_label_same_measurement,0,,,SDG&E,2023,2,v3.1,0,4,SDGE_2023_Q4_Tables1-15.xlsx,Table 10,37,L37,https://efiling.energysafety.ca.gov/eFiling/Getfile.aspx?fileid=53475&shareable=true
T10R-e5f648190582ceba,1100000027,1100000027,3.a.,stable,normalized_na_to_null,3. Critical infrastructure impacted by PSPS,Critical infrastructure impacted by PSPS,,Number of critical infrastructure (in accordance with D.19-05-042) locations impacted multiplied by hours offline,simplified_label_same_measurement,0,,,SDG&E,2023,3,v3.1,0,4,SDGE_2023_Q4_Tables1-15.xlsx,Table 10,37,M37,https://efiling.energysafety.ca.gov/eFiling/Getfile.aspx?fileid=53475&shareable=true
T10R-df900d896d5c707b,1100000027,1100000027,3.a.,stable,normalized_na_to_null,3. Critical infrastructure impacted by PSPS,Critical infrastructure impacted by PSPS,,Number of critical infrastructure (in accordance with D.19-05-042) locations impacted multiplied by hours offline,simplified_label_same_measurement,0,,,SDG&E,2023,4,v3.1,0,4,SDGE_2023_Q4_Tables1-15.xlsx,Table 10,37,N37,https://efiling.energysafety.ca.gov/eFiling/Getfile.aspx?fileid=53475&shareable=true
T10R-9386a39f9b106c25,1100000028,1100000028,4.a.,stable,normalized_na_to_null,4. Community outreach of PSPS metrics,# of customers impacted by PSPS,,"# of customers impacted by PSPS (if multiple PSPS events impact the same customer, count each event as a separate customer)",exact,0,,,SDG&E,2023,1,v3.1,0,4,SDGE_2023_Q4_Tables1-15.xlsx,Table 10,38,K38,https://efiling.energysafety.ca.gov/eFiling/Getfile.aspx?fileid=53475&shareable=true
T10R-1fbfc9fcc32e784d,1100000028,1100000028,4.a.,stable,normalized_na_to_null,4. Community outreach of PSPS metrics,# of customers impacted by PSPS,,"# of customers impacted by PSPS (if multiple PSPS events impact the same customer, count each event as a separate customer)",exact,0,,,SDG&E,2023,2,v3.1,0,4,SDGE_2023_Q4_Tables1-15.xlsx,Table 10,38,L38,https://efiling.energysafety.ca.gov/eFiling/Getfile.aspx?fileid=53475&shareable=true
T10R-0a7c0e71b0704d24,1100000028,1100000028,4.a.,stable,normalized_na_to_null,4. Community outreach of PSPS metrics,# of customers impacted by PSPS,,"# of customers impacted by PSPS (if multiple PSPS events impact the same customer, count each event as a separate customer)",exact,0,,,SDG&E,2023,3,v3.1,0,4,SDGE_2023_Q4_Tables1-15.xlsx,Table 10,38,M38,https://efiling.energysafety.ca.gov/eFiling/Getfile.aspx?fileid=53475&shareable=true
T10R-e5d72e583b961bbc,1100000028,1100000028,4.a.,stable,normalized_na_to_null,4. Community outreach of PSPS metrics,# of customers impacted by PSPS,,"# of customers impacted by PSPS (if multiple PSPS events impact the same customer, count each event as a separate customer)",exact,0,,,SDG&E,2023,4,v3.1,0,4,SDGE_2023_Q4_Tables1-15.xlsx,Table 10,38,N38,https://efiling.energysafety.ca.gov/eFiling/Getfile.aspx?fileid=53475&shareable=true
T10R-a6985dd61aa3e51d,1100000029,1100000029,4.b.,stable,normalized_na_to_null,4. Community outreach of PSPS metrics,# of medical baseline customers impacted by PSPS,,"# of customers impacted by PSPS (if multiple PSPS events impact the same customer, count each event as a separate customer)",exact,0,,,SDG&E,2023,1,v3.1,0,4,SDGE_2023_Q4_Tables1-15.xlsx,Table 10,39,K39,https://efiling.energysafety.ca.gov/eFiling/Getfile.aspx?fileid=53475&shareable=true
T10R-044176802bc847ee,1100000029,1100000029,4.b.,stable,normalized_na_to_null,4. Community outreach of PSPS metrics,# of medical baseline customers impacted by PSPS,,"# of customers impacted by PSPS (if multiple PSPS events impact the same customer, count each event as a separate customer)",exact,0,,,SDG&E,2023,2,v3.1,0,4,SDGE_2023_Q4_Tables1-15.xlsx,Table 10,39,L39,https://efiling.energysafety.ca.gov/eFiling/Getfile.aspx?fileid=53475&shareable=true
T10R-63d37f0ad9c33bf7,1100000029,1100000029,4.b.,stable,normalized_na_to_null,4. Community outreach of PSPS metrics,# of medical baseline customers impacted by PSPS,,"# of customers impacted by PSPS (if multiple PSPS events impact the same customer, count each event as a separate customer)",exact,0,,,SDG&E,2023,3,v3.1,0,4,SDGE_2023_Q4_Tables1-15.xlsx,Table 10,39,M39,https://efiling.energysafety.ca.gov/eFiling/Getfile.aspx?fileid=53475&shareable=true
T10R-220e29203b150d78,1100000029,1100000029,4.b.,stable,normalized_na_to_null,4. Community outreach of PSPS metrics,# of medical baseline customers impacted by PSPS,,"# of customers impacted by PSPS (if multiple PSPS events impact the same customer, count each event as a separate customer)",exact,0,,,SDG&E,2023,4,v3.1,0,4,SDGE_2023_Q4_Tables1-15.xlsx,Table 10,39,N39,https://efiling.energysafety.ca.gov/eFiling/Getfile.aspx?fileid=53475&shareable=true
T10R-492101b06959a1f5,1100000030,1100000030,4.c.,stable,normalized_na_to_null,4. Community outreach of PSPS metrics,# of customers notified prior to initiation of PSPS event,,"# of customers notified (if multiple PSPS events impact the same customer, count each event as a separate customer)",simplified_label_same_measurement,0,,,SDG&E,2023,1,v3.1,0,4,SDGE_2023_Q4_Tables1-15.xlsx,Table 10,40,K40,https://efiling.energysafety.ca.gov/eFiling/Getfile.aspx?fileid=53475&shareable=true
T10R-24755736ca9dc5cc,1100000030,1100000030,4.c.,stable,normalized_na_to_null,4. Community outreach of PSPS metrics,# of customers notified prior to initiation of PSPS event,,"# of customers notified (if multiple PSPS events impact the same customer, count each event as a separate customer)",simplified_label_same_measurement,0,,,SDG&E,2023,2,v3.1,0,4,SDGE_2023_Q4_Tables1-15.xlsx,Table 10,40,L40,https://efiling.energysafety.ca.gov/eFiling/Getfile.aspx?fileid=53475&shareable=true
T10R-ec04455d7bb7d67f,1100000030,1100000030,4.c.,stable,normalized_na_to_null,4. Community outreach of PSPS metrics,# of customers notified prior to initiation of PSPS event,,"# of customers notified (if multiple PSPS events impact the same customer, count each event as a separate customer)",simplified_label_same_measurement,0,,,SDG&E,2023,3,v3.1,0,4,SDGE_2023_Q4_Tables1-15.xlsx,Table 10,40,M40,https://efiling.energysafety.ca.gov/eFiling/Getfile.aspx?fileid=53475&shareable=true
T10R-fc2845dfe92c749b,1100000030,1100000030,4.c.,stable,normalized_na_to_null,4. Community outreach of PSPS metrics,# of customers notified prior to initiation of PSPS event,,"# of customers notified (if multiple PSPS events impact the same customer, count each event as a separate customer)",simplified_label_same_measurement,1109,,,SDG&E,2023,4,v3.1,0,4,SDGE_2023_Q4_Tables1-15.xlsx,Table 10,40,N40,https://efiling.energysafety.ca.gov/eFiling/Getfile.aspx?fileid=53475&shareable=true
T10R-ab38f0ebbefd4b27,1100000031,1100000031,4.d.,stable,normalized_na_to_null,4. Community outreach of PSPS metrics,# of medical baseline customers notified prior to initiation of PSPS event,,"# of customers notified (if multiple PSPS events impact the same customer, count each event as a separate customer)",simplified_label_same_measurement,0,,,SDG&E,2023,1,v3.1,0,4,SDGE_2023_Q4_Tables1-15.xlsx,Table 10,41,K41,https://efiling.energysafety.ca.gov/eFiling/Getfile.aspx?fileid=53475&shareable=true
T10R-9f49c6aa6d64ef82,1100000031,1100000031,4.d.,stable,normalized_na_to_null,4. Community outreach of PSPS metrics,# of medical baseline customers notified prior to initiation of PSPS event,,"# of customers notified (if multiple PSPS events impact the same customer, count each event as a separate customer)",simplified_label_same_measurement,0,,,SDG&E,2023,2,v3.1,0,4,SDGE_2023_Q4_Tables1-15.xlsx,Table 10,41,L41,https://efiling.energysafety.ca.gov/eFiling/Getfile.aspx?fileid=53475&shareable=true
T10R-b240ac441f345d5d,1100000031,1100000031,4.d.,stable,normalized_na_to_null,4. Community outreach of PSPS metrics,# of medical baseline customers notified prior to initiation of PSPS event,,"# of customers notified (if multiple PSPS events impact the same customer, count each event as a separate customer)",simplified_label_same_measurement,0,,,SDG&E,2023,3,v3.1,0,4,SDGE_2023_Q4_Tables1-15.xlsx,Table 10,41,M41,https://efiling.energysafety.ca.gov/eFiling/Getfile.aspx?fileid=53475&shareable=true
T10R-9339c60c3a00e1e1,1100000031,1100000031,4.d.,stable,normalized_na_to_null,4. Community outreach of PSPS metrics,# of medical baseline customers notified prior to initiation of PSPS event,,"# of customers notified (if multiple PSPS events impact the same customer, count each event as a separate customer)",simplified_label_same_measurement,75,,,SDG&E,2023,4,v3.1,0,4,SDGE_2023_Q4_Tables1-15.xlsx,Table 10,41,N41,https://efiling.energysafety.ca.gov/eFiling/Getfile.aspx?fileid=53475&shareable=true
T10R-b848e5b96fcaa2ee,1100000032,1100000032,4.e.,stable,normalized_na_to_null,4. Community outreach of PSPS metrics,# of customers notified prior to a PSPS event impacting them,,"# of customers notified (if multiple PSPS events impact the same customer, count each event as a separate customer)",simplified_label_same_measurement,0,,,SDG&E,2023,1,v3.1,0,4,SDGE_2023_Q4_Tables1-15.xlsx,Table 10,42,K42,https://efiling.energysafety.ca.gov/eFiling/Getfile.aspx?fileid=53475&shareable=true
T10R-fe453010faf2e1f4,1100000032,1100000032,4.e.,stable,normalized_na_to_null,4. Community outreach of PSPS metrics,# of customers notified prior to a PSPS event impacting them,,"# of customers notified (if multiple PSPS events impact the same customer, count each event as a separate customer)",simplified_label_same_measurement,0,,,SDG&E,2023,2,v3.1,0,4,SDGE_2023_Q4_Tables1-15.xlsx,Table 10,42,L42,https://efiling.energysafety.ca.gov/eFiling/Getfile.aspx?fileid=53475&shareable=true
T10R-2ed222091b87a3ec,1100000032,1100000032,4.e.,stable,normalized_na_to_null,4. Community outreach of PSPS metrics,# of customers notified prior to a PSPS event impacting them,,"# of customers notified (if multiple PSPS events impact the same customer, count each event as a separate customer)",simplified_label_same_measurement,0,,,SDG&E,2023,3,v3.1,0,4,SDGE_2023_Q4_Tables1-15.xlsx,Table 10,42,M42,https://efiling.energysafety.ca.gov/eFiling/Getfile.aspx?fileid=53475&shareable=true
T10R-bd9ecee9bee8ffa8,1100000032,1100000032,4.e.,stable,normalized_na_to_null,4. Community outreach of PSPS metrics,# of customers notified prior to a PSPS event impacting them,,"# of customers notified (if multiple PSPS events impact the same customer, count each event as a separate customer)",simplified_label_same_measurement,0,,,SDG&E,2023,4,v3.1,0,4,SDGE_2023_Q4_Tables1-15.xlsx,Table 10,42,N42,https://efiling.energysafety.ca.gov/eFiling/Getfile.aspx?fileid=53475&shareable=true
T10R-31880e6772fe44a7,1100000033,1100000033,4.f.,stable,normalized_na_to_null,4. Community outreach of PSPS metrics,# of medical baseline customers notified prior to a PSPS event impacting them,,"# of customers notified (if multiple PSPS events impact the same customer, count each event as a separate customer)",simplified_label_same_measurement,0,,,SDG&E,2023,1,v3.1,0,4,SDGE_2023_Q4_Tables1-15.xlsx,Table 10,43,K43,https://efiling.energysafety.ca.gov/eFiling/Getfile.aspx?fileid=53475&shareable=true
T10R-2c7d2e305b573331,1100000033,1100000033,4.f.,stable,normalized_na_to_null,4. Community outreach of PSPS metrics,# of medical baseline customers notified prior to a PSPS event impacting them,,"# of customers notified (if multiple PSPS events impact the same customer, count each event as a separate customer)",simplified_label_same_measurement,0,,,SDG&E,2023,2,v3.1,0,4,SDGE_2023_Q4_Tables1-15.xlsx,Table 10,43,L43,https://efiling.energysafety.ca.gov/eFiling/Getfile.aspx?fileid=53475&shareable=true
T10R-7819adca16aada3b,1100000033,1100000033,4.f.,stable,normalized_na_to_null,4. Community outreach of PSPS metrics,# of medical baseline customers notified prior to a PSPS event impacting them,,"# of customers notified (if multiple PSPS events impact the same customer, count each event as a separate customer)",simplified_label_same_measurement,0,,,SDG&E,2023,3,v3.1,0,4,SDGE_2023_Q4_Tables1-15.xlsx,Table 10,43,M43,https://efiling.energysafety.ca.gov/eFiling/Getfile.aspx?fileid=53475&shareable=true
T10R-54f2697f534aae14,1100000033,1100000033,4.f.,stable,normalized_na_to_null,4. Community outreach of PSPS metrics,# of medical baseline customers notified prior to a PSPS event impacting them,,"# of customers notified (if multiple PSPS events impact the same customer, count each event as a separate customer)",simplified_label_same_measurement,0,,,SDG&E,2023,4,v3.1,0,4,SDGE_2023_Q4_Tables1-15.xlsx,Table 10,43,N43,https://efiling.energysafety.ca.gov/eFiling/Getfile.aspx?fileid=53475&shareable=true
T10R-fa9148709b54ea7c,1100000034,1100000034,5.a.,stable,normalized_na_to_null,5. Other PSPS metrics,Number of PSPS events in which a notification was sent but no de-energization occurred,,Number of events,exact,0,,,SDG&E,2023,1,v3.1,0,4,SDGE_2023_Q4_Tables1-15.xlsx,Table 10,44,K44,https://efiling.energysafety.ca.gov/eFiling/Getfile.aspx?fileid=53475&shareable=true
T10R-604e38b9038c02e2,1100000034,1100000034,5.a.,stable,normalized_na_to_null,5. Other PSPS metrics,Number of PSPS events in which a notification was sent but no de-energization occurred,,Number of events,exact,0,,,SDG&E,2023,2,v3.1,0,4,SDGE_2023_Q4_Tables1-15.xlsx,Table 10,44,L44,https://efiling.energysafety.ca.gov/eFiling/Getfile.aspx?fileid=53475&shareable=true
T10R-ed651f9444dd3552,1100000034,1100000034,5.a.,stable,normalized_na_to_null,5. Other PSPS metrics,Number of PSPS events in which a notification was sent but no de-energization occurred,,Number of events,exact,0,,,SDG&E,2023,3,v3.1,0,4,SDGE_2023_Q4_Tables1-15.xlsx,Table 10,44,M44,https://efiling.energysafety.ca.gov/eFiling/Getfile.aspx?fileid=53475&shareable=true
T10R-ce53b37200e0858e,1100000034,1100000034,5.a.,stable,normalized_na_to_null,5. Other PSPS metrics,Number of PSPS events in which a notification was sent but no de-energization occurred,,Number of events,exact,1,,,SDG&E,2023,4,v3.1,0,4,SDGE_2023_Q4_Tables1-15.xlsx,Table 10,44,N44,https://efiling.energysafety.ca.gov/eFiling/Getfile.aspx?fileid=53475&shareable=true
T10R-1cbda504b96d6b92,1100000035,1100000035,5.b.,stable,normalized_na_to_null,5. Other PSPS metrics,Average number of customers located on de-energized circuit,,Number of customers,exact,0,,,SDG&E,2023,1,v3.1,0,4,SDGE_2023_Q4_Tables1-15.xlsx,Table 10,45,K45,https://efiling.energysafety.ca.gov/eFiling/Getfile.aspx?fileid=53475&shareable=true
T10R-258f5aa5a9f9d821,1100000035,1100000035,5.b.,stable,normalized_na_to_null,5. Other PSPS metrics,Average number of customers located on de-energized circuit,,Number of customers,exact,0,,,SDG&E,2023,2,v3.1,0,4,SDGE_2023_Q4_Tables1-15.xlsx,Table 10,45,L45,https://efiling.energysafety.ca.gov/eFiling/Getfile.aspx?fileid=53475&shareable=true
T10R-329da69f5f17432a,1100000035,1100000035,5.b.,stable,normalized_na_to_null,5. Other PSPS metrics,Average number of customers located on de-energized circuit,,Number of customers,exact,0,,,SDG&E,2023,3,v3.1,0,4,SDGE_2023_Q4_Tables1-15.xlsx,Table 10,45,M45,https://efiling.energysafety.ca.gov/eFiling/Getfile.aspx?fileid=53475&shareable=true
T10R-88e8143ee80d751b,1100000035,1100000035,5.b.,stable,normalized_na_to_null,5. Other PSPS metrics,Average number of customers located on de-energized circuit,,Number of customers,exact,0,,,SDG&E,2023,4,v3.1,0,4,SDGE_2023_Q4_Tables1-15.xlsx,Table 10,45,N45,https://efiling.energysafety.ca.gov/eFiling/Getfile.aspx?fileid=53475&shareable=true
T10R-ddc7f4c9ae1c6e34,1100000036,1100000036,5.c.,stable,normalized_na_to_null,5. Other PSPS metrics,Customer hours of PSPS per RFW OH circuit mile day,,Customer hours per RFW OH circuit mile day in time period,simplified_label_same_measurement,0,,,SDG&E,2023,1,v3.1,0,4,SDGE_2023_Q4_Tables1-15.xlsx,Table 10,46,K46,https://efiling.energysafety.ca.gov/eFiling/Getfile.aspx?fileid=53475&shareable=true
T10R-9958a90b652201e7,1100000036,1100000036,5.c.,stable,normalized_na_to_null,5. Other PSPS metrics,Customer hours of PSPS per RFW OH circuit mile day,,Customer hours per RFW OH circuit mile day in time period,simplified_label_same_measurement,0,,,SDG&E,2023,2,v3.1,0,4,SDGE_2023_Q4_Tables1-15.xlsx,Table 10,46,L46,https://efiling.energysafety.ca.gov/eFiling/Getfile.aspx?fileid=53475&shareable=true
T10R-28bd2f82fbfe45b4,1100000036,1100000036,5.c.,stable,normalized_na_to_null,5. Other PSPS metrics,Customer hours of PSPS per RFW OH circuit mile day,,Customer hours per RFW OH circuit mile day in time period,simplified_label_same_measurement,0,,,SDG&E,2023,3,v3.1,0,4,SDGE_2023_Q4_Tables1-15.xlsx,Table 10,46,M46,https://efiling.energysafety.ca.gov/eFiling/Getfile.aspx?fileid=53475&shareable=true
T10R-08a6c933b4a99c4e,1100000036,1100000036,5.c.,stable,normalized_na_to_null,5. Other PSPS metrics,Customer hours of PSPS per RFW OH circuit mile day,,Customer hours per RFW OH circuit mile day in time period,simplified_label_same_measurement,0,,,SDG&E,2023,4,v3.1,0,4,SDGE_2023_Q4_Tables1-15.xlsx,Table 10,46,N46,https://efiling.energysafety.ca.gov/eFiling/Getfile.aspx?fileid=53475&shareable=true
T10R-264369b1788a39d3,1100000037,1100000037,5.c.,stable,normalized_na_to_null,5. Other PSPS metrics,Customer hours of PSPS per HWW OH circuit mile day,,Customer hours per HWW OH circuit mile day in time period,simplified_label_same_measurement,0,,,SDG&E,2023,1,v3.1,0,4,SDGE_2023_Q4_Tables1-15.xlsx,Table 10,47,K47,https://efiling.energysafety.ca.gov/eFiling/Getfile.aspx?fileid=53475&shareable=true
T10R-24c51c70e343cb02,1100000037,1100000037,5.c.,stable,normalized_na_to_null,5. Other PSPS metrics,Customer hours of PSPS per HWW OH circuit mile day,,Customer hours per HWW OH circuit mile day in time period,simplified_label_same_measurement,0,,,SDG&E,2023,2,v3.1,0,4,SDGE_2023_Q4_Tables1-15.xlsx,Table 10,47,L47,https://efiling.energysafety.ca.gov/eFiling/Getfile.aspx?fileid=53475&shareable=true
T10R-459d307f1515a202,1100000037,1100000037,5.c.,stable,normalized_na_to_null,5. Other PSPS metrics,Customer hours of PSPS per HWW OH circuit mile day,,Customer hours per HWW OH circuit mile day in time period,simplified_label_same_measurement,0,,,SDG&E,2023,3,v3.1,0,4,SDGE_2023_Q4_Tables1-15.xlsx,Table 10,47,M47,https://efiling.energysafety.ca.gov/eFiling/Getfile.aspx?fileid=53475&shareable=true
T10R-69892fae2a519c5b,1100000037,1100000037,5.c.,stable,normalized_na_to_null,5. Other PSPS metrics,Customer hours of PSPS per HWW OH circuit mile day,,Customer hours per HWW OH circuit mile day in time period,simplified_label_same_measurement,0,,,SDG&E,2023,4,v3.1,0,4,SDGE_2023_Q4_Tables1-15.xlsx,Table 10,47,N47,https://efiling.energysafety.ca.gov/eFiling/Getfile.aspx?fileid=53475&shareable=true
T10R-493734b73052d4f7,1100000038,1100000038,5.c.,stable,normalized_na_to_null,5. Other PSPS metrics,Customer hours of PSPS per high FPIOH circuit mile day,,Customer hours per FPI OH circuit mile day in time period,simplified_label_same_measurement,0,,,SDG&E,2023,1,v3.1,0,4,SDGE_2023_Q4_Tables1-15.xlsx,Table 10,48,K48,https://efiling.energysafety.ca.gov/eFiling/Getfile.aspx?fileid=53475&shareable=true
T10R-42280777c8f4c6f2,1100000038,1100000038,5.c.,stable,normalized_na_to_null,5. Other PSPS metrics,Customer hours of PSPS per high FPIOH circuit mile day,,Customer hours per FPI OH circuit mile day in time period,simplified_label_same_measurement,0,,,SDG&E,2023,2,v3.1,0,4,SDGE_2023_Q4_Tables1-15.xlsx,Table 10,48,L48,https://efiling.energysafety.ca.gov/eFiling/Getfile.aspx?fileid=53475&shareable=true
T10R-fc47e642fee8b1cf,1100000038,1100000038,5.c.,stable,normalized_na_to_null,5. Other PSPS metrics,Customer hours of PSPS per high FPIOH circuit mile day,,Customer hours per FPI OH circuit mile day in time period,simplified_label_same_measurement,0,,,SDG&E,2023,3,v3.1,0,4,SDGE_2023_Q4_Tables1-15.xlsx,Table 10,48,M48,https://efiling.energysafety.ca.gov/eFiling/Getfile.aspx?fileid=53475&shareable=true
T10R-e285448ab7458818,1100000038,1100000038,5.c.,stable,normalized_na_to_null,5. Other PSPS metrics,Customer hours of PSPS per high FPIOH circuit mile day,,Customer hours per FPI OH circuit mile day in time period,simplified_label_same_measurement,0,,,SDG&E,2023,4,v3.1,0,4,SDGE_2023_Q4_Tables1-15.xlsx,Table 10,48,N48,https://efiling.energysafety.ca.gov/eFiling/Getfile.aspx?fileid=53475&shareable=true
T10R-369591242cfb1b1d,1100000039,1100000039,5.d.,corrected_in_v3_2,normalized_na_to_null,5. Other PSPS metrics,"Median time between de-energization, due to PSPS, and inspection of a circuit segment",,hours,simplified_label_same_measurement,0,,,SDG&E,2023,1,v3.1,0,4,SDGE_2023_Q4_Tables1-15.xlsx,Table 10,49,K49,https://efiling.energysafety.ca.gov/eFiling/Getfile.aspx?fileid=53475&shareable=true
T10R-9f2456c5c3ee9e67,1100000039,1100000039,5.d.,corrected_in_v3_2,normalized_na_to_null,5. Other PSPS metrics,"Median time between de-energization, due to PSPS, and inspection of a circuit segment",,hours,simplified_label_same_measurement,0,,,SDG&E,2023,2,v3.1,0,4,SDGE_2023_Q4_Tables1-15.xlsx,Table 10,49,L49,https://efiling.energysafety.ca.gov/eFiling/Getfile.aspx?fileid=53475&shareable=true
T10R-aed014d16dcab9b7,1100000039,1100000039,5.d.,corrected_in_v3_2,normalized_na_to_null,5. Other PSPS metrics,"Median time between de-energization, due to PSPS, and inspection of a circuit segment",,hours,simplified_label_same_measurement,0,,,SDG&E,2023,3,v3.1,0,4,SDGE_2023_Q4_Tables1-15.xlsx,Table 10,49,M49,https://efiling.energysafety.ca.gov/eFiling/Getfile.aspx?fileid=53475&shareable=true
T10R-d2f7c5a8509eee4d,1100000039,1100000039,5.d.,corrected_in_v3_2,normalized_na_to_null,5. Other PSPS metrics,"Median time between de-energization, due to PSPS, and inspection of a circuit segment",,hours,simplified_label_same_measurement,0,,,SDG&E,2023,4,v3.1,0,4,SDGE_2023_Q4_Tables1-15.xlsx,Table 10,49,N49,https://efiling.energysafety.ca.gov/eFiling/Getfile.aspx?fileid=53475&shareable=true
T10R-a0f311903e3136e7,1100000040,1100000040,5.e.,stable,normalized_na_to_null,5. Other PSPS metrics,"95 percentile of time between de-energization, due to PSPS, and inspection of a circuit segment",,hours,simplified_label_same_measurement,0,,,SDG&E,2023,1,v3.1,0,4,SDGE_2023_Q4_Tables1-15.xlsx,Table 10,50,K50,https://efiling.energysafety.ca.gov/eFiling/Getfile.aspx?fileid=53475&shareable=true
T10R-b7d86e21a92d168d,1100000040,1100000040,5.e.,stable,normalized_na_to_null,5. Other PSPS metrics,"95 percentile of time between de-energization, due to PSPS, and inspection of a circuit segment",,hours,simplified_label_same_measurement,0,,,SDG&E,2023,2,v3.1,0,4,SDGE_2023_Q4_Tables1-15.xlsx,Table 10,50,L50,https://efiling.energysafety.ca.gov/eFiling/Getfile.aspx?fileid=53475&shareable=true
T10R-98b244b7c04fc485,1100000040,1100000040,5.e.,stable,normalized_na_to_null,5. Other PSPS metrics,"95 percentile of time between de-energization, due to PSPS, and inspection of a circuit segment",,hours,simplified_label_same_measurement,0,,,SDG&E,2023,3,v3.1,0,4,SDGE_2023_Q4_Tables1-15.xlsx,Table 10,50,M50,https://efiling.energysafety.ca.gov/eFiling/Getfile.aspx?fileid=53475&shareable=true
T10R-b9889e8703e120c3,1100000040,1100000040,5.e.,stable,normalized_na_to_null,5. Other PSPS metrics,"95 percentile of time between de-energization, due to PSPS, and inspection of a circuit segment",,hours,simplified_label_same_measurement,0,,,SDG&E,2023,4,v3.1,0,4,SDGE_2023_Q4_Tables1-15.xlsx,Table 10,50,N50,https://efiling.energysafety.ca.gov/eFiling/Getfile.aspx?fileid=53475&shareable=true
T10R-5f1f9fe69a1081c1,1100000041,1100000041,5.f.,stable,normalized_na_to_null,5. Other PSPS metrics,"Median time between de-energization, due to fast-trip, and inspection of a circuit segment",,hours,simplified_label_same_measurement,0,,,SDG&E,2023,1,v3.1,0,4,SDGE_2023_Q4_Tables1-15.xlsx,Table 10,51,K51,https://efiling.energysafety.ca.gov/eFiling/Getfile.aspx?fileid=53475&shareable=true
T10R-2500072d878f1d20,1100000041,1100000041,5.f.,stable,normalized_na_to_null,5. Other PSPS metrics,"Median time between de-energization, due to fast-trip, and inspection of a circuit segment",,hours,simplified_label_same_measurement,0,,,SDG&E,2023,2,v3.1,0,4,SDGE_2023_Q4_Tables1-15.xlsx,Table 10,51,L51,https://efiling.energysafety.ca.gov/eFiling/Getfile.aspx?fileid=53475&shareable=true
T10R-15f3489c8a4043b5,1100000041,1100000041,5.f.,stable,normalized_na_to_null,5. Other PSPS metrics,"Median time between de-energization, due to fast-trip, and inspection of a circuit segment",,hours,simplified_label_same_measurement,0,,,SDG&E,2023,3,v3.1,0,4,SDGE_2023_Q4_Tables1-15.xlsx,Table 10,51,M51,https://efiling.energysafety.ca.gov/eFiling/Getfile.aspx?fileid=53475&shareable=true
T10R-9878b27614813f2e,1100000041,1100000041,5.f.,stable,normalized_na_to_null,5. Other PSPS metrics,"Median time between de-energization, due to fast-trip, and inspection of a circuit segment",,hours,simplified_label_same_measurement,0.8500000000640284,,,SDG&E,2023,4,v3.1,0,4,SDGE_2023_Q4_Tables1-15.xlsx,Table 10,51,N51,https://efiling.energysafety.ca.gov/eFiling/Getfile.aspx?fileid=53475&shareable=true
T10R-ee4958d0c8622cd5,1100000042,1100000042,5.g.,stable,normalized_na_to_null,5. Other PSPS metrics,"95 percentile of time between de-energization, due to fast-trip, and inspection of a circuit segment",,hours,simplified_label_same_measurement,0,,,SDG&E,2023,1,v3.1,0,4,SDGE_2023_Q4_Tables1-15.xlsx,Table 10,52,K52,https://efiling.energysafety.ca.gov/eFiling/Getfile.aspx?fileid=53475&shareable=true
T10R-23115b72b92f8091,1100000042,1100000042,5.g.,stable,normalized_na_to_null,5. Other PSPS metrics,"95 percentile of time between de-energization, due to fast-trip, and inspection of a circuit segment",,hours,simplified_label_same_measurement,0,,,SDG&E,2023,2,v3.1,0,4,SDGE_2023_Q4_Tables1-15.xlsx,Table 10,52,L52,https://efiling.energysafety.ca.gov/eFiling/Getfile.aspx?fileid=53475&shareable=true
T10R-bdb34d9ec82a2047,1100000042,1100000042,5.g.,stable,normalized_na_to_null,5. Other PSPS metrics,"95 percentile of time between de-energization, due to fast-trip, and inspection of a circuit segment",,hours,simplified_label_same_measurement,0,,,SDG&E,2023,3,v3.1,0,4,SDGE_2023_Q4_Tables1-15.xlsx,Table 10,52,M52,https://efiling.energysafety.ca.gov/eFiling/Getfile.aspx?fileid=53475&shareable=true
T10R-40be780ec17dd392,1100000042,1100000042,5.g.,stable,normalized_na_to_null,5. Other PSPS metrics,"95 percentile of time between de-energization, due to fast-trip, and inspection of a circuit segment",,hours,simplified_label_same_measurement,2.8891666666808296,,,SDG&E,2023,4,v3.1,0,4,SDGE_2023_Q4_Tables1-15.xlsx,Table 10,52,N52,https://efiling.energysafety.ca.gov/eFiling/Getfile.aspx?fileid=53475&shareable=true
T10R-691ec1e9b1787dbe,1100000043,1100000043,5.h.,stable,normalized_na_to_null,5. Other PSPS metrics,Number of risk events occurring on a de-energized circuit,,Number of risk events,exact,0,,,SDG&E,2023,1,v3.1,0,4,SDGE_2023_Q4_Tables1-15.xlsx,Table 10,53,K53,https://efiling.energysafety.ca.gov/eFiling/Getfile.aspx?fileid=53475&shareable=true
T10R-e7ada62b0c0afe27,1100000043,1100000043,5.h.,stable,normalized_na_to_null,5. Other PSPS metrics,Number of risk events occurring on a de-energized circuit,,Number of risk events,exact,0,,,SDG&E,2023,2,v3.1,0,4,SDGE_2023_Q4_Tables1-15.xlsx,Table 10,53,L53,https://efiling.energysafety.ca.gov/eFiling/Getfile.aspx?fileid=53475&shareable=true
T10R-cfc71e4a058ce40e,1100000043,1100000043,5.h.,stable,normalized_na_to_null,5. Other PSPS metrics,Number of risk events occurring on a de-energized circuit,,Number of risk events,exact,0,,,SDG&E,2023,3,v3.1,0,4,SDGE_2023_Q4_Tables1-15.xlsx,Table 10,53,M53,https://efiling.energysafety.ca.gov/eFiling/Getfile.aspx?fileid=53475&shareable=true
T10R-c5b03a4632f1083a,1100000043,1100000043,5.h.,stable,normalized_na_to_null,5. Other PSPS metrics,Number of risk events occurring on a de-energized circuit,,Number of risk events,exact,0,,,SDG&E,2023,4,v3.1,0,4,SDGE_2023_Q4_Tables1-15.xlsx,Table 10,53,N53,https://efiling.energysafety.ca.gov/eFiling/Getfile.aspx?fileid=53475&shareable=true
T10R-067e2c30dcfc6e71,1100000000,1100000000,1.a.,stable,exact_wind_status,1. Recent use of PSPS and fast-trip,Frequency of PSPS events (total),RFW only,Number of events,simplified_label_same_measurement,0,,,SDG&E,2024,1,v3.2,2,1,SDGE_2024_Q1_Tables1-15_R2.xlsx,Table 10,10,G10,https://efiling.energysafety.ca.gov/eFiling/Getfile.aspx?fileid=56226&shareable=true
T10R-fd7686f11212c9d2,1100000001,1100000001,1.a.,stable,exact_wind_status,1. Recent use of PSPS and fast-trip,Frequency of PSPS events (total),HWW only,Number of events,simplified_label_same_measurement,0,,,SDG&E,2024,1,v3.2,2,1,SDGE_2024_Q1_Tables1-15_R2.xlsx,Table 10,11,G11,https://efiling.energysafety.ca.gov/eFiling/Getfile.aspx?fileid=56226&shareable=true
T10R-f0abecd289fd746c,1100000002,1100000002,1.a.,stable,exact_wind_status,1. Recent use of PSPS and fast-trip,Frequency of PSPS events (total),HWW & RFW,Number of events,simplified_label_same_measurement,0,,,SDG&E,2024,1,v3.2,2,1,SDGE_2024_Q1_Tables1-15_R2.xlsx,Table 10,12,G12,https://efiling.energysafety.ca.gov/eFiling/Getfile.aspx?fileid=56226&shareable=true
T10R-350265958743d1a7,,1100000003,1.a.,stable,legacy_total_not_equivalent_to_v4_neither,1. Recent use of PSPS and fast-trip,Frequency of PSPS events (total),All statuses (legacy total),Number of events,simplified_label_same_measurement,0,,,SDG&E,2024,1,v3.2,2,1,SDGE_2024_Q1_Tables1-15_R2.xlsx,Table 10,13,G13,https://efiling.energysafety.ca.gov/eFiling/Getfile.aspx?fileid=56226&shareable=true
T10R-b095c7b692b81fa5,1100000004,1100000004,1.b.,stable,exact_wind_status,1. Recent use of PSPS and fast-trip,Scope of PSPS events (total),RFW only,"Circuit-events, measured in number of events multiplied by number of circuits de-energized",simplified_label_same_measurement,0,,,SDG&E,2024,1,v3.2,2,1,SDGE_2024_Q1_Tables1-15_R2.xlsx,Table 10,14,G14,https://efiling.energysafety.ca.gov/eFiling/Getfile.aspx?fileid=56226&shareable=true
T10R-34c069d06c2afdbb,1100000005,1100000005,1.b.,stable,exact_wind_status,1. Recent use of PSPS and fast-trip,Scope of PSPS events (total),HWW only,"Circuit-events, measured in number of events multiplied by number of circuits de-energized",simplified_label_same_measurement,0,,,SDG&E,2024,1,v3.2,2,1,SDGE_2024_Q1_Tables1-15_R2.xlsx,Table 10,15,G15,https://efiling.energysafety.ca.gov/eFiling/Getfile.aspx?fileid=56226&shareable=true
T10R-4d14518ee527822e,1100000006,1100000006,1.b.,stable,exact_wind_status,1. Recent use of PSPS and fast-trip,Scope of PSPS events (total),HWW & RFW,"Circuit-events, measured in number of events multiplied by number of circuits de-energized",simplified_label_same_measurement,0,,,SDG&E,2024,1,v3.2,2,1,SDGE_2024_Q1_Tables1-15_R2.xlsx,Table 10,16,G16,https://efiling.energysafety.ca.gov/eFiling/Getfile.aspx?fileid=56226&shareable=true
T10R-90899c12ecd2f3e5,,1100000007,1.b.,stable,legacy_total_not_equivalent_to_v4_neither,1. Recent use of PSPS and fast-trip,Scope of PSPS events (total),All statuses (legacy total),"Circuit-events, measured in number of events multiplied by number of circuits de-energized",simplified_label_same_measurement,0,,,SDG&E,2024,1,v3.2,2,1,SDGE_2024_Q1_Tables1-15_R2.xlsx,Table 10,17,G17,https://efiling.energysafety.ca.gov/eFiling/Getfile.aspx?fileid=56226&shareable=true
T10R-49c076808d3c8daf,1100000008,1100000008,1.c.,stable,exact_wind_status,1. Recent use of PSPS and fast-trip,Duration of PSPS events (total),RFW only,Customer hours,simplified_label_same_measurement,0,,,SDG&E,2024,1,v3.2,2,1,SDGE_2024_Q1_Tables1-15_R2.xlsx,Table 10,18,G18,https://efiling.energysafety.ca.gov/eFiling/Getfile.aspx?fileid=56226&shareable=true
T10R-6ad4db4145bb0283,1100000009,1100000009,1.c.,stable,exact_wind_status,1. Recent use of PSPS and fast-trip,Duration of PSPS events (total),HWW only,Customer hours,simplified_label_same_measurement,0,,,SDG&E,2024,1,v3.2,2,1,SDGE_2024_Q1_Tables1-15_R2.xlsx,Table 10,19,G19,https://efiling.energysafety.ca.gov/eFiling/Getfile.aspx?fileid=56226&shareable=true
T10R-07fd86cc6b4e0f0f,1100000010,1100000010,1.c.,stable,exact_wind_status,1. Recent use of PSPS and fast-trip,Duration of PSPS events (total),HWW & RFW,Customer hours,simplified_label_same_measurement,0,,,SDG&E,2024,1,v3.2,2,1,SDGE_2024_Q1_Tables1-15_R2.xlsx,Table 10,20,G20,https://efiling.energysafety.ca.gov/eFiling/Getfile.aspx?fileid=56226&shareable=true
T10R-91420cabd6eb969e,,1100000011,1.c.,stable,legacy_total_not_equivalent_to_v4_neither,1. Recent use of PSPS and fast-trip,Duration of PSPS events (total),All statuses (legacy total),Customer hours,simplified_label_same_measurement,0,,,SDG&E,2024,1,v3.2,2,1,SDGE_2024_Q1_Tables1-15_R2.xlsx,Table 10,21,G21,https://efiling.energysafety.ca.gov/eFiling/Getfile.aspx?fileid=56226&shareable=true
T10R-7305d6b6efe9a58d,1100000012,1100000012,1.d.,stable,exact_wind_status,1. Recent use of PSPS and fast-trip,Frequency of fast-trip events (total),RFW only,Number of events,exact,0,,,SDG&E,2024,1,v3.2,2,1,SDGE_2024_Q1_Tables1-15_R2.xlsx,Table 10,22,G22,https://efiling.energysafety.ca.gov/eFiling/Getfile.aspx?fileid=56226&shareable=true
T10R-cb8ba9dfa1c4fe1e,1100000013,1100000013,1.d.,stable,exact_wind_status,1. Recent use of PSPS and fast-trip,Frequency of fast-trip events (total),HWW only,Number of events,exact,0,,,SDG&E,2024,1,v3.2,2,1,SDGE_2024_Q1_Tables1-15_R2.xlsx,Table 10,23,G23,https://efiling.energysafety.ca.gov/eFiling/Getfile.aspx?fileid=56226&shareable=true
T10R-040183cdef51edd1,1100000014,1100000014,1.d.,stable,exact_wind_status,1. Recent use of PSPS and fast-trip,Frequency of fast-trip events (total),HWW & RFW,Number of events,exact,0,,,SDG&E,2024,1,v3.2,2,1,SDGE_2024_Q1_Tables1-15_R2.xlsx,Table 10,24,G24,https://efiling.energysafety.ca.gov/eFiling/Getfile.aspx?fileid=56226&shareable=true
T10R-5e2528f963e4fce5,1100000015,1100000015,1.d.,stable,normalized_none_to_neither,1. Recent use of PSPS and fast-trip,Frequency of fast-trip events (total),Neither,Number of events,exact,0,,,SDG&E,2024,1,v3.2,2,1,SDGE_2024_Q1_Tables1-15_R2.xlsx,Table 10,25,G25,https://efiling.energysafety.ca.gov/eFiling/Getfile.aspx?fileid=56226&shareable=true
T10R-7b2cccfd89e156fb,1100000016,1100000016,1.e,stable,exact_wind_status,1. Recent use of PSPS and fast-trip,Circuit mile days with fast-trip settings enabled (total),RFW only,Circuit mile days,exact,0,,,SDG&E,2024,1,v3.2,2,1,SDGE_2024_Q1_Tables1-15_R2.xlsx,Table 10,26,G26,https://efiling.energysafety.ca.gov/eFiling/Getfile.aspx?fileid=56226&shareable=true
T10R-515855a9e28827ca,1100000017,1100000017,1.e,stable,exact_wind_status,1. Recent use of PSPS and fast-trip,Circuit mile days with fast-trip settings enabled (total),HWW only,Circuit mile days,exact,0,,,SDG&E,2024,1,v3.2,2,1,SDGE_2024_Q1_Tables1-15_R2.xlsx,Table 10,27,G27,https://efiling.energysafety.ca.gov/eFiling/Getfile.aspx?fileid=56226&shareable=true
T10R-a413c8adb6b84cbc,1100000018,1100000018,1.e,stable,exact_wind_status,1. Recent use of PSPS and fast-trip,Circuit mile days with fast-trip settings enabled (total),HWW & RFW,Circuit mile days,exact,0,,,SDG&E,2024,1,v3.2,2,1,SDGE_2024_Q1_Tables1-15_R2.xlsx,Table 10,28,G28,https://efiling.energysafety.ca.gov/eFiling/Getfile.aspx?fileid=56226&shareable=true
T10R-e2834eeddd30bd05,1100000019,1100000019,1.e,stable,normalized_none_to_neither,1. Recent use of PSPS and fast-trip,Circuit mile days with fast-trip settings enabled (total),Neither,Circuit mile days,exact,0,,,SDG&E,2024,1,v3.2,2,1,SDGE_2024_Q1_Tables1-15_R2.xlsx,Table 10,29,G29,https://efiling.energysafety.ca.gov/eFiling/Getfile.aspx?fileid=56226&shareable=true
T10R-11d6815582b5f8db,1100000020,1100000020,2.a.,stable,normalized_na_to_null,2. Customer hours of PSPS and other outages,Customer hours of planned outages including PSPS (total),,Customer hours,simplified_label_same_measurement,548077.7,,,SDG&E,2024,1,v3.2,2,1,SDGE_2024_Q1_Tables1-15_R2.xlsx,Table 10,30,G30,https://efiling.energysafety.ca.gov/eFiling/Getfile.aspx?fileid=56226&shareable=true
T10R-e9e518c0d237cda4,1100000021,1100000021,2.b.,stable,normalized_na_to_null,2. Customer hours of PSPS and other outages,"Customer hours of unplanned outages, not including PSPS or fast-trip (total)",,Customer hours,simplified_label_same_measurement,517634.9666666667,,,SDG&E,2024,1,v3.2,2,1,SDGE_2024_Q1_Tables1-15_R2.xlsx,Table 10,31,G31,https://efiling.energysafety.ca.gov/eFiling/Getfile.aspx?fileid=56226&shareable=true
T10R-4d71c6d09fe21056,1100000022,1100000022,2.c.,stable,normalized_na_to_null,2. Customer hours of PSPS and other outages,Customer hours of unplanned outages resulting from fast-trip,,Customer hours,simplified_label_same_measurement,0,,,SDG&E,2024,1,v3.2,2,1,SDGE_2024_Q1_Tables1-15_R2.xlsx,Table 10,32,G32,https://efiling.energysafety.ca.gov/eFiling/Getfile.aspx?fileid=56226&shareable=true
T10R-5a0954e867ed84f3,1100000023,1100000023,2.d.,stable,normalized_na_to_null,2. Customer hours of PSPS and other outages,System Average Interruption Duration Index (SAIDI) (including PSPS),,SAIDI index value = sum of all interruptions in time period where each interruption is defined as sum(duration of interruption * # of customer interruptions) / Total number of customers served,exact,20.49,,,SDG&E,2024,1,v3.2,2,1,SDGE_2024_Q1_Tables1-15_R2.xlsx,Table 10,33,G33,https://efiling.energysafety.ca.gov/eFiling/Getfile.aspx?fileid=56226&shareable=true
T10R-c73ef09b3e695be6,1100000024,1100000024,2.e.,stable,normalized_na_to_null,2. Customer hours of PSPS and other outages,System Average Interruption Duration Index (SAIDI) (excluding PSPS),,SAIDI index value = sum of all interruptions in time period where each interruption is defined as sum(duration of interruption * # of customer interruptions) / Total number of customers served,exact,20.49,,,SDG&E,2024,1,v3.2,2,1,SDGE_2024_Q1_Tables1-15_R2.xlsx,Table 10,34,G34,https://efiling.energysafety.ca.gov/eFiling/Getfile.aspx?fileid=56226&shareable=true
T10R-efaae22d70f60c76,1100000025,1100000025,2.f.,stable,normalized_na_to_null,2. Customer hours of PSPS and other outages,System Average Interruption Frequency Index (SAIFI) (including PSPS),,SAIFI index value = sum of all interruptions in time period where each interruption is defined as (total # of customer interruptions) / (total # of customers served),exact,0.14,,,SDG&E,2024,1,v3.2,2,1,SDGE_2024_Q1_Tables1-15_R2.xlsx,Table 10,35,G35,https://efiling.energysafety.ca.gov/eFiling/Getfile.aspx?fileid=56226&shareable=true
T10R-631a041f5b1a4906,1100000026,1100000026,2.g.,stable,normalized_na_to_null,2. Customer hours of PSPS and other outages,System Average Interruption Frequency Index (SAIFI) (excluding PSPS),,SAIFI index value = sum of all interruptions in time period where each interruption is defined as (total # of customer interruptions) / (total # of customers served),exact,0.14,,,SDG&E,2024,1,v3.2,2,1,SDGE_2024_Q1_Tables1-15_R2.xlsx,Table 10,36,G36,https://efiling.energysafety.ca.gov/eFiling/Getfile.aspx?fileid=56226&shareable=true
T10R-ff077e657d873ae2,1100000027,1100000027,3.a.,stable,normalized_na_to_null,3. Critical infrastructure impacted by PSPS,Critical infrastructure impacted by PSPS,,Number of critical infrastructure (in accordance with D.19-05-042) locations impacted multiplied by hours offline,simplified_label_same_measurement,0,,,SDG&E,2024,1,v3.2,2,1,SDGE_2024_Q1_Tables1-15_R2.xlsx,Table 10,37,G37,https://efiling.energysafety.ca.gov/eFiling/Getfile.aspx?fileid=56226&shareable=true
T10R-0239acb4f1c43844,1100000028,1100000028,4.a.,stable,normalized_na_to_null,4. Community outreach of PSPS metrics,# of customers impacted by PSPS,,"# of customers impacted by PSPS (if multiple PSPS events impact the same customer, count each event as a separate customer)",exact,0,,,SDG&E,2024,1,v3.2,2,1,SDGE_2024_Q1_Tables1-15_R2.xlsx,Table 10,38,G38,https://efiling.energysafety.ca.gov/eFiling/Getfile.aspx?fileid=56226&shareable=true
T10R-629b9668104ef679,1100000029,1100000029,4.b.,stable,normalized_na_to_null,4. Community outreach of PSPS metrics,# of medical baseline customers impacted by PSPS,,"# of customers impacted by PSPS (if multiple PSPS events impact the same customer, count each event as a separate customer)",exact,0,,,SDG&E,2024,1,v3.2,2,1,SDGE_2024_Q1_Tables1-15_R2.xlsx,Table 10,39,G39,https://efiling.energysafety.ca.gov/eFiling/Getfile.aspx?fileid=56226&shareable=true
T10R-97db69d5a14bd2d9,1100000030,1100000030,4.c.,stable,normalized_na_to_null,4. Community outreach of PSPS metrics,# of customers notified prior to initiation of PSPS event,,"# of customers notified (if multiple PSPS events impact the same customer, count each event as a separate customer)",simplified_label_same_measurement,0,,,SDG&E,2024,1,v3.2,2,1,SDGE_2024_Q1_Tables1-15_R2.xlsx,Table 10,40,G40,https://efiling.energysafety.ca.gov/eFiling/Getfile.aspx?fileid=56226&shareable=true
T10R-3005731ff6d182e1,1100000031,1100000031,4.d.,stable,normalized_na_to_null,4. Community outreach of PSPS metrics,# of medical baseline customers notified prior to initiation of PSPS event,,"# of customers notified (if multiple PSPS events impact the same customer, count each event as a separate customer)",simplified_label_same_measurement,0,,,SDG&E,2024,1,v3.2,2,1,SDGE_2024_Q1_Tables1-15_R2.xlsx,Table 10,41,G41,https://efiling.energysafety.ca.gov/eFiling/Getfile.aspx?fileid=56226&shareable=true
T10R-acbbcbac0055d8f8,1100000032,1100000032,4.e.,stable,normalized_na_to_null,4. Community outreach of PSPS metrics,# of customers notified prior to a PSPS event impacting them,,"# of customers notified (if multiple PSPS events impact the same customer, count each event as a separate customer)",simplified_label_same_measurement,0,,,SDG&E,2024,1,v3.2,2,1,SDGE_2024_Q1_Tables1-15_R2.xlsx,Table 10,42,G42,https://efiling.energysafety.ca.gov/eFiling/Getfile.aspx?fileid=56226&shareable=true
T10R-0d7b85871841c39b,1100000033,1100000033,4.f.,stable,normalized_na_to_null,4. Community outreach of PSPS metrics,# of medical baseline customers notified prior to a PSPS event impacting them,,"# of customers notified (if multiple PSPS events impact the same customer, count each event as a separate customer)",simplified_label_same_measurement,0,,,SDG&E,2024,1,v3.2,2,1,SDGE_2024_Q1_Tables1-15_R2.xlsx,Table 10,43,G43,https://efiling.energysafety.ca.gov/eFiling/Getfile.aspx?fileid=56226&shareable=true
T10R-60cec5c47f641ade,1100000034,1100000034,5.a.,stable,normalized_na_to_null,5. Other PSPS metrics,Number of PSPS events in which a notification was sent but no de-energization occurred,,Number of events,exact,0,,,SDG&E,2024,1,v3.2,2,1,SDGE_2024_Q1_Tables1-15_R2.xlsx,Table 10,44,G44,https://efiling.energysafety.ca.gov/eFiling/Getfile.aspx?fileid=56226&shareable=true
T10R-abf993c7cdb16f6f,1100000035,1100000035,5.b.,stable,normalized_na_to_null,5. Other PSPS metrics,Average number of customers located on de-energized circuit,,Number of customers,exact,0,,,SDG&E,2024,1,v3.2,2,1,SDGE_2024_Q1_Tables1-15_R2.xlsx,Table 10,45,G45,https://efiling.energysafety.ca.gov/eFiling/Getfile.aspx?fileid=56226&shareable=true
T10R-ecdb6631dc194c70,1100000036,1100000036,5.c.,stable,normalized_na_to_null,5. Other PSPS metrics,Customer hours of PSPS per RFW OH circuit mile day,,Customer hours per RFW OH circuit mile day in time period,simplified_label_same_measurement,0,,,SDG&E,2024,1,v3.2,2,1,SDGE_2024_Q1_Tables1-15_R2.xlsx,Table 10,46,G46,https://efiling.energysafety.ca.gov/eFiling/Getfile.aspx?fileid=56226&shareable=true
T10R-0e21b80141e65c49,1100000037,1100000037,5.c.,stable,normalized_na_to_null,5. Other PSPS metrics,Customer hours of PSPS per HWW OH circuit mile day,,Customer hours per HWW OH circuit mile day in time period,simplified_label_same_measurement,0,,,SDG&E,2024,1,v3.2,2,1,SDGE_2024_Q1_Tables1-15_R2.xlsx,Table 10,47,G47,https://efiling.energysafety.ca.gov/eFiling/Getfile.aspx?fileid=56226&shareable=true
T10R-74040dcd4defeccd,1100000038,1100000038,5.c.,stable,normalized_na_to_null,5. Other PSPS metrics,Customer hours of PSPS per high FPIOH circuit mile day,,Customer hours per FPI OH circuit mile day in time period,simplified_label_same_measurement,0,,,SDG&E,2024,1,v3.2,2,1,SDGE_2024_Q1_Tables1-15_R2.xlsx,Table 10,48,G48,https://efiling.energysafety.ca.gov/eFiling/Getfile.aspx?fileid=56226&shareable=true
T10R-812455d7b8b62da0,1100000039,1100000039,5.d.,corrected_in_v3_2,normalized_na_to_null,5. Other PSPS metrics,"Median time between de-energization, due to PSPS, and inspection of a circuit segment",,hours,simplified_label_same_measurement,0,,,SDG&E,2024,1,v3.2,2,1,SDGE_2024_Q1_Tables1-15_R2.xlsx,Table 10,49,G49,https://efiling.energysafety.ca.gov/eFiling/Getfile.aspx?fileid=56226&shareable=true
T10R-2b8e2690f479134c,1100000040,1100000040,5.e.,stable,normalized_na_to_null,5. Other PSPS metrics,"95 percentile of time between de-energization, due to PSPS, and inspection of a circuit segment",,hours,simplified_label_same_measurement,0,,,SDG&E,2024,1,v3.2,2,1,SDGE_2024_Q1_Tables1-15_R2.xlsx,Table 10,50,G50,https://efiling.energysafety.ca.gov/eFiling/Getfile.aspx?fileid=56226&shareable=true
T10R-196a2972a4e21700,1100000041,1100000041,5.f.,stable,normalized_na_to_null,5. Other PSPS metrics,"Median time between de-energization, due to fast-trip, and inspection of a circuit segment",,hours,simplified_label_same_measurement,0,,,SDG&E,2024,1,v3.2,2,1,SDGE_2024_Q1_Tables1-15_R2.xlsx,Table 10,51,G51,https://efiling.energysafety.ca.gov/eFiling/Getfile.aspx?fileid=56226&shareable=true
T10R-de87fccf76610e2f,1100000042,1100000042,5.g.,stable,normalized_na_to_null,5. Other PSPS metrics,"95 percentile of time between de-energization, due to fast-trip, and inspection of a circuit segment",,hours,simplified_label_same_measurement,0,,,SDG&E,2024,1,v3.2,2,1,SDGE_2024_Q1_Tables1-15_R2.xlsx,Table 10,52,G52,https://efiling.energysafety.ca.gov/eFiling/Getfile.aspx?fileid=56226&shareable=true
T10R-1d1a033b1fa73afb,1100000043,1100000043,5.h.,stable,normalized_na_to_null,5. Other PSPS metrics,Number of risk events occurring on a de-energized circuit,,Number of risk events,exact,0,,,SDG&E,2024,1,v3.2,2,1,SDGE_2024_Q1_Tables1-15_R2.xlsx,Table 10,53,G53,https://efiling.energysafety.ca.gov/eFiling/Getfile.aspx?fileid=56226&shareable=true
T10R-132048507642dcdb,1100000000,1100000000,1.a.,stable,exact_wind_status,1. Recent use of PSPS and fast-trip,Frequency of PSPS events (total),RFW only,Number of events,simplified_label_same_measurement,0,,,SDG&E,2024,2,v3.2,1,2,SDGE_2024_Q2_Tables1-15_R1.xlsx,Table 10,10,G10,https://efiling.energysafety.ca.gov/eFiling/Getfile.aspx?fileid=56226&shareable=true
T10R-6c5154484cebbdab,1100000001,1100000001,1.a.,stable,exact_wind_status,1. Recent use of PSPS and fast-trip,Frequency of PSPS events (total),HWW only,Number of events,simplified_label_same_measurement,0,,,SDG&E,2024,2,v3.2,1,2,SDGE_2024_Q2_Tables1-15_R1.xlsx,Table 10,11,G11,https://efiling.energysafety.ca.gov/eFiling/Getfile.aspx?fileid=56226&shareable=true
T10R-b230a8ff6c03de49,1100000002,1100000002,1.a.,stable,exact_wind_status,1. Recent use of PSPS and fast-trip,Frequency of PSPS events (total),HWW & RFW,Number of events,simplified_label_same_measurement,0,,,SDG&E,2024,2,v3.2,1,2,SDGE_2024_Q2_Tables1-15_R1.xlsx,Table 10,12,G12,https://efiling.energysafety.ca.gov/eFiling/Getfile.aspx?fileid=56226&shareable=true
T10R-5ea22ab6deef2b45,,1100000003,1.a.,stable,legacy_total_not_equivalent_to_v4_neither,1. Recent use of PSPS and fast-trip,Frequency of PSPS events (total),All statuses (legacy total),Number of events,simplified_label_same_measurement,0,,,SDG&E,2024,2,v3.2,1,2,SDGE_2024_Q2_Tables1-15_R1.xlsx,Table 10,13,G13,https://efiling.energysafety.ca.gov/eFiling/Getfile.aspx?fileid=56226&shareable=true
T10R-0bf3fa27e83ff713,1100000004,1100000004,1.b.,stable,exact_wind_status,1. Recent use of PSPS and fast-trip,Scope of PSPS events (total),RFW only,"Circuit-events, measured in number of events multiplied by number of circuits de-energized",simplified_label_same_measurement,0,,,SDG&E,2024,2,v3.2,1,2,SDGE_2024_Q2_Tables1-15_R1.xlsx,Table 10,14,G14,https://efiling.energysafety.ca.gov/eFiling/Getfile.aspx?fileid=56226&shareable=true
T10R-cb3fb55b60877350,1100000005,1100000005,1.b.,stable,exact_wind_status,1. Recent use of PSPS and fast-trip,Scope of PSPS events (total),HWW only,"Circuit-events, measured in number of events multiplied by number of circuits de-energized",simplified_label_same_measurement,0,,,SDG&E,2024,2,v3.2,1,2,SDGE_2024_Q2_Tables1-15_R1.xlsx,Table 10,15,G15,https://efiling.energysafety.ca.gov/eFiling/Getfile.aspx?fileid=56226&shareable=true
T10R-e01f3dbcecc9927a,1100000006,1100000006,1.b.,stable,exact_wind_status,1. Recent use of PSPS and fast-trip,Scope of PSPS events (total),HWW & RFW,"Circuit-events, measured in number of events multiplied by number of circuits de-energized",simplified_label_same_measurement,0,,,SDG&E,2024,2,v3.2,1,2,SDGE_2024_Q2_Tables1-15_R1.xlsx,Table 10,16,G16,https://efiling.energysafety.ca.gov/eFiling/Getfile.aspx?fileid=56226&shareable=true
T10R-211842df62935211,,1100000007,1.b.,stable,legacy_total_not_equivalent_to_v4_neither,1. Recent use of PSPS and fast-trip,Scope of PSPS events (total),All statuses (legacy total),"Circuit-events, measured in number of events multiplied by number of circuits de-energized",simplified_label_same_measurement,0,,,SDG&E,2024,2,v3.2,1,2,SDGE_2024_Q2_Tables1-15_R1.xlsx,Table 10,17,G17,https://efiling.energysafety.ca.gov/eFiling/Getfile.aspx?fileid=56226&shareable=true
T10R-d36deb1bf1dd6482,1100000008,1100000008,1.c.,stable,exact_wind_status,1. Recent use of PSPS and fast-trip,Duration of PSPS events (total),RFW only,Customer hours,simplified_label_same_measurement,0,,,SDG&E,2024,2,v3.2,1,2,SDGE_2024_Q2_Tables1-15_R1.xlsx,Table 10,18,G18,https://efiling.energysafety.ca.gov/eFiling/Getfile.aspx?fileid=56226&shareable=true
T10R-9f1910be53b39af0,1100000009,1100000009,1.c.,stable,exact_wind_status,1. Recent use of PSPS and fast-trip,Duration of PSPS events (total),HWW only,Customer hours,simplified_label_same_measurement,0,,,SDG&E,2024,2,v3.2,1,2,SDGE_2024_Q2_Tables1-15_R1.xlsx,Table 10,19,G19,https://efiling.energysafety.ca.gov/eFiling/Getfile.aspx?fileid=56226&shareable=true
T10R-404acc1f64a06e97,1100000010,1100000010,1.c.,stable,exact_wind_status,1. Recent use of PSPS and fast-trip,Duration of PSPS events (total),HWW & RFW,Customer hours,simplified_label_same_measurement,0,,,SDG&E,2024,2,v3.2,1,2,SDGE_2024_Q2_Tables1-15_R1.xlsx,Table 10,20,G20,https://efiling.energysafety.ca.gov/eFiling/Getfile.aspx?fileid=56226&shareable=true
T10R-370d49e1d99cc62b,,1100000011,1.c.,stable,legacy_total_not_equivalent_to_v4_neither,1. Recent use of PSPS and fast-trip,Duration of PSPS events (total),All statuses (legacy total),Customer hours,simplified_label_same_measurement,0,,,SDG&E,2024,2,v3.2,1,2,SDGE_2024_Q2_Tables1-15_R1.xlsx,Table 10,21,G21,https://efiling.energysafety.ca.gov/eFiling/Getfile.aspx?fileid=56226&shareable=true
T10R-0d6b0f9be976b837,1100000012,1100000012,1.d.,stable,exact_wind_status,1. Recent use of PSPS and fast-trip,Frequency of fast-trip events (total),RFW only,Number of events,exact,0,,,SDG&E,2024,2,v3.2,1,2,SDGE_2024_Q2_Tables1-15_R1.xlsx,Table 10,22,G22,https://efiling.energysafety.ca.gov/eFiling/Getfile.aspx?fileid=56226&shareable=true
T10R-56089ae8251bb536,1100000013,1100000013,1.d.,stable,exact_wind_status,1. Recent use of PSPS and fast-trip,Frequency of fast-trip events (total),HWW only,Number of events,exact,0,,,SDG&E,2024,2,v3.2,1,2,SDGE_2024_Q2_Tables1-15_R1.xlsx,Table 10,23,G23,https://efiling.energysafety.ca.gov/eFiling/Getfile.aspx?fileid=56226&shareable=true
T10R-0166ec18fd2b09fd,1100000014,1100000014,1.d.,stable,exact_wind_status,1. Recent use of PSPS and fast-trip,Frequency of fast-trip events (total),HWW & RFW,Number of events,exact,0,,,SDG&E,2024,2,v3.2,1,2,SDGE_2024_Q2_Tables1-15_R1.xlsx,Table 10,24,G24,https://efiling.energysafety.ca.gov/eFiling/Getfile.aspx?fileid=56226&shareable=true
T10R-5c40e5caf9ecbb41,1100000015,1100000015,1.d.,stable,normalized_none_to_neither,1. Recent use of PSPS and fast-trip,Frequency of fast-trip events (total),Neither,Number of events,exact,0,,,SDG&E,2024,2,v3.2,1,2,SDGE_2024_Q2_Tables1-15_R1.xlsx,Table 10,25,G25,https://efiling.energysafety.ca.gov/eFiling/Getfile.aspx?fileid=56226&shareable=true
T10R-af82d160ac08c689,1100000016,1100000016,1.e,stable,exact_wind_status,1. Recent use of PSPS and fast-trip,Circuit mile days with fast-trip settings enabled (total),RFW only,Circuit mile days,exact,0,,,SDG&E,2024,2,v3.2,1,2,SDGE_2024_Q2_Tables1-15_R1.xlsx,Table 10,26,G26,https://efiling.energysafety.ca.gov/eFiling/Getfile.aspx?fileid=56226&shareable=true
T10R-58829896d6481292,1100000017,1100000017,1.e,stable,exact_wind_status,1. Recent use of PSPS and fast-trip,Circuit mile days with fast-trip settings enabled (total),HWW only,Circuit mile days,exact,0,,,SDG&E,2024,2,v3.2,1,2,SDGE_2024_Q2_Tables1-15_R1.xlsx,Table 10,27,G27,https://efiling.energysafety.ca.gov/eFiling/Getfile.aspx?fileid=56226&shareable=true
T10R-077d756251c91c56,1100000018,1100000018,1.e,stable,exact_wind_status,1. Recent use of PSPS and fast-trip,Circuit mile days with fast-trip settings enabled (total),HWW & RFW,Circuit mile days,exact,0,,,SDG&E,2024,2,v3.2,1,2,SDGE_2024_Q2_Tables1-15_R1.xlsx,Table 10,28,G28,https://efiling.energysafety.ca.gov/eFiling/Getfile.aspx?fileid=56226&shareable=true
T10R-9af36846711f4127,1100000019,1100000019,1.e,stable,normalized_none_to_neither,1. Recent use of PSPS and fast-trip,Circuit mile days with fast-trip settings enabled (total),Neither,Circuit mile days,exact,0,,,SDG&E,2024,2,v3.2,1,2,SDGE_2024_Q2_Tables1-15_R1.xlsx,Table 10,29,G29,https://efiling.energysafety.ca.gov/eFiling/Getfile.aspx?fileid=56226&shareable=true
T10R-77ccf7a712a34563,1100000020,1100000020,2.a.,stable,normalized_na_to_null,2. Customer hours of PSPS and other outages,Customer hours of planned outages including PSPS (total),,Customer hours,simplified_label_same_measurement,409419.88,,,SDG&E,2024,2,v3.2,1,2,SDGE_2024_Q2_Tables1-15_R1.xlsx,Table 10,30,G30,https://efiling.energysafety.ca.gov/eFiling/Getfile.aspx?fileid=56226&shareable=true
T10R-d1ca45c5f48b081a,1100000021,1100000021,2.b.,stable,normalized_na_to_null,2. Customer hours of PSPS and other outages,"Customer hours of unplanned outages, not including PSPS or fast-trip (total)",,Customer hours,simplified_label_same_measurement,310231.08,,,SDG&E,2024,2,v3.2,1,2,SDGE_2024_Q2_Tables1-15_R1.xlsx,Table 10,31,G31,https://efiling.energysafety.ca.gov/eFiling/Getfile.aspx?fileid=56226&shareable=true
T10R-1dfd9cf37f95348c,1100000022,1100000022,2.c.,stable,normalized_na_to_null,2. Customer hours of PSPS and other outages,Customer hours of unplanned outages resulting from fast-trip,,Customer hours,simplified_label_same_measurement,0,,,SDG&E,2024,2,v3.2,1,2,SDGE_2024_Q2_Tables1-15_R1.xlsx,Table 10,32,G32,https://efiling.energysafety.ca.gov/eFiling/Getfile.aspx?fileid=56226&shareable=true
T10R-af6460a5fbe5d484,1100000023,1100000023,2.d.,stable,normalized_na_to_null,2. Customer hours of PSPS and other outages,System Average Interruption Duration Index (SAIDI) (including PSPS),,SAIDI index value = sum of all interruptions in time period where each interruption is defined as sum(duration of interruption * # of customer interruptions) / Total number of customers served,exact,12.25,,,SDG&E,2024,2,v3.2,1,2,SDGE_2024_Q2_Tables1-15_R1.xlsx,Table 10,33,G33,https://efiling.energysafety.ca.gov/eFiling/Getfile.aspx?fileid=56226&shareable=true
T10R-1866669d2a6b3ba4,1100000024,1100000024,2.e.,stable,normalized_na_to_null,2. Customer hours of PSPS and other outages,System Average Interruption Duration Index (SAIDI) (excluding PSPS),,SAIDI index value = sum of all interruptions in time period where each interruption is defined as sum(duration of interruption * # of customer interruptions) / Total number of customers served,exact,12.25,,,SDG&E,2024,2,v3.2,1,2,SDGE_2024_Q2_Tables1-15_R1.xlsx,Table 10,34,G34,https://efiling.energysafety.ca.gov/eFiling/Getfile.aspx?fileid=56226&shareable=true
T10R-d07dbb43a16e0408,1100000025,1100000025,2.f.,stable,normalized_na_to_null,2. Customer hours of PSPS and other outages,System Average Interruption Frequency Index (SAIFI) (including PSPS),,SAIFI index value = sum of all interruptions in time period where each interruption is defined as (total # of customer interruptions) / (total # of customers served),exact,0.0945,,,SDG&E,2024,2,v3.2,1,2,SDGE_2024_Q2_Tables1-15_R1.xlsx,Table 10,35,G35,https://efiling.energysafety.ca.gov/eFiling/Getfile.aspx?fileid=56226&shareable=true
T10R-4c2579c0ac79b1f2,1100000026,1100000026,2.g.,stable,normalized_na_to_null,2. Customer hours of PSPS and other outages,System Average Interruption Frequency Index (SAIFI) (excluding PSPS),,SAIFI index value = sum of all interruptions in time period where each interruption is defined as (total # of customer interruptions) / (total # of customers served),exact,0.0945,,,SDG&E,2024,2,v3.2,1,2,SDGE_2024_Q2_Tables1-15_R1.xlsx,Table 10,36,G36,https://efiling.energysafety.ca.gov/eFiling/Getfile.aspx?fileid=56226&shareable=true
T10R-08c1b999443c4656,1100000027,1100000027,3.a.,stable,normalized_na_to_null,3. Critical infrastructure impacted by PSPS,Critical infrastructure impacted by PSPS,,Number of critical infrastructure (in accordance with D.19-05-042) locations impacted multiplied by hours offline,simplified_label_same_measurement,0,,,SDG&E,2024,2,v3.2,1,2,SDGE_2024_Q2_Tables1-15_R1.xlsx,Table 10,37,G37,https://efiling.energysafety.ca.gov/eFiling/Getfile.aspx?fileid=56226&shareable=true
T10R-de1000923d7643f4,1100000028,1100000028,4.a.,stable,normalized_na_to_null,4. Community outreach of PSPS metrics,# of customers impacted by PSPS,,"# of customers impacted by PSPS (if multiple PSPS events impact the same customer, count each event as a separate customer)",exact,0,,,SDG&E,2024,2,v3.2,1,2,SDGE_2024_Q2_Tables1-15_R1.xlsx,Table 10,38,G38,https://efiling.energysafety.ca.gov/eFiling/Getfile.aspx?fileid=56226&shareable=true
T10R-db4ef5bf3093333a,1100000029,1100000029,4.b.,stable,normalized_na_to_null,4. Community outreach of PSPS metrics,# of medical baseline customers impacted by PSPS,,"# of customers impacted by PSPS (if multiple PSPS events impact the same customer, count each event as a separate customer)",exact,0,,,SDG&E,2024,2,v3.2,1,2,SDGE_2024_Q2_Tables1-15_R1.xlsx,Table 10,39,G39,https://efiling.energysafety.ca.gov/eFiling/Getfile.aspx?fileid=56226&shareable=true
T10R-22ced3be698952c1,1100000030,1100000030,4.c.,stable,normalized_na_to_null,4. Community outreach of PSPS metrics,# of customers notified prior to initiation of PSPS event,,"# of customers notified (if multiple PSPS events impact the same customer, count each event as a separate customer)",simplified_label_same_measurement,0,,,SDG&E,2024,2,v3.2,1,2,SDGE_2024_Q2_Tables1-15_R1.xlsx,Table 10,40,G40,https://efiling.energysafety.ca.gov/eFiling/Getfile.aspx?fileid=56226&shareable=true
T10R-1676a69980a8e79e,1100000031,1100000031,4.d.,stable,normalized_na_to_null,4. Community outreach of PSPS metrics,# of medical baseline customers notified prior to initiation of PSPS event,,"# of customers notified (if multiple PSPS events impact the same customer, count each event as a separate customer)",simplified_label_same_measurement,0,,,SDG&E,2024,2,v3.2,1,2,SDGE_2024_Q2_Tables1-15_R1.xlsx,Table 10,41,G41,https://efiling.energysafety.ca.gov/eFiling/Getfile.aspx?fileid=56226&shareable=true
T10R-b253895073a7523e,1100000032,1100000032,4.e.,stable,normalized_na_to_null,4. Community outreach of PSPS metrics,# of customers notified prior to a PSPS event impacting them,,"# of customers notified (if multiple PSPS events impact the same customer, count each event as a separate customer)",simplified_label_same_measurement,0,,,SDG&E,2024,2,v3.2,1,2,SDGE_2024_Q2_Tables1-15_R1.xlsx,Table 10,42,G42,https://efiling.energysafety.ca.gov/eFiling/Getfile.aspx?fileid=56226&shareable=true
T10R-98702f3fc29d1d27,1100000033,1100000033,4.f.,stable,normalized_na_to_null,4. Community outreach of PSPS metrics,# of medical baseline customers notified prior to a PSPS event impacting them,,"# of customers notified (if multiple PSPS events impact the same customer, count each event as a separate customer)",simplified_label_same_measurement,0,,,SDG&E,2024,2,v3.2,1,2,SDGE_2024_Q2_Tables1-15_R1.xlsx,Table 10,43,G43,https://efiling.energysafety.ca.gov/eFiling/Getfile.aspx?fileid=56226&shareable=true
T10R-153ca61dc7f42b55,1100000034,1100000034,5.a.,stable,normalized_na_to_null,5. Other PSPS metrics,Number of PSPS events in which a notification was sent but no de-energization occurred,,Number of events,exact,0,,,SDG&E,2024,2,v3.2,1,2,SDGE_2024_Q2_Tables1-15_R1.xlsx,Table 10,44,G44,https://efiling.energysafety.ca.gov/eFiling/Getfile.aspx?fileid=56226&shareable=true
T10R-ea6619dc349400db,1100000035,1100000035,5.b.,stable,normalized_na_to_null,5. Other PSPS metrics,Average number of customers located on de-energized circuit,,Number of customers,exact,0,,,SDG&E,2024,2,v3.2,1,2,SDGE_2024_Q2_Tables1-15_R1.xlsx,Table 10,45,G45,https://efiling.energysafety.ca.gov/eFiling/Getfile.aspx?fileid=56226&shareable=true
T10R-9806f822af59a3f2,1100000036,1100000036,5.c.,stable,normalized_na_to_null,5. Other PSPS metrics,Customer hours of PSPS per RFW OH circuit mile day,,Customer hours per RFW OH circuit mile day in time period,simplified_label_same_measurement,0,,,SDG&E,2024,2,v3.2,1,2,SDGE_2024_Q2_Tables1-15_R1.xlsx,Table 10,46,G46,https://efiling.energysafety.ca.gov/eFiling/Getfile.aspx?fileid=56226&shareable=true
T10R-2a78c24fe4d0d752,1100000037,1100000037,5.c.,stable,normalized_na_to_null,5. Other PSPS metrics,Customer hours of PSPS per HWW OH circuit mile day,,Customer hours per HWW OH circuit mile day in time period,simplified_label_same_measurement,0,,,SDG&E,2024,2,v3.2,1,2,SDGE_2024_Q2_Tables1-15_R1.xlsx,Table 10,47,G47,https://efiling.energysafety.ca.gov/eFiling/Getfile.aspx?fileid=56226&shareable=true
T10R-be702f366757dbaa,1100000038,1100000038,5.c.,stable,normalized_na_to_null,5. Other PSPS metrics,Customer hours of PSPS per high FPIOH circuit mile day,,Customer hours per FPI OH circuit mile day in time period,simplified_label_same_measurement,0,,,SDG&E,2024,2,v3.2,1,2,SDGE_2024_Q2_Tables1-15_R1.xlsx,Table 10,48,G48,https://efiling.energysafety.ca.gov/eFiling/Getfile.aspx?fileid=56226&shareable=true
T10R-7d862ac0ff8a5a04,1100000039,1100000039,5.d.,corrected_in_v3_2,normalized_na_to_null,5. Other PSPS metrics,"Median time between de-energization, due to PSPS, and inspection of a circuit segment",,hours,simplified_label_same_measurement,0,,,SDG&E,2024,2,v3.2,1,2,SDGE_2024_Q2_Tables1-15_R1.xlsx,Table 10,49,G49,https://efiling.energysafety.ca.gov/eFiling/Getfile.aspx?fileid=56226&shareable=true
T10R-e22f8da0b2a8ddcf,1100000040,1100000040,5.e.,stable,normalized_na_to_null,5. Other PSPS metrics,"95 percentile of time between de-energization, due to PSPS, and inspection of a circuit segment",,hours,simplified_label_same_measurement,0,,,SDG&E,2024,2,v3.2,1,2,SDGE_2024_Q2_Tables1-15_R1.xlsx,Table 10,50,G50,https://efiling.energysafety.ca.gov/eFiling/Getfile.aspx?fileid=56226&shareable=true
T10R-ee78045f264566a2,1100000041,1100000041,5.f.,stable,normalized_na_to_null,5. Other PSPS metrics,"Median time between de-energization, due to fast-trip, and inspection of a circuit segment",,hours,simplified_label_same_measurement,0,,,SDG&E,2024,2,v3.2,1,2,SDGE_2024_Q2_Tables1-15_R1.xlsx,Table 10,51,G51,https://efiling.energysafety.ca.gov/eFiling/Getfile.aspx?fileid=56226&shareable=true
T10R-b2ba4fea769ea8d9,1100000042,1100000042,5.g.,stable,normalized_na_to_null,5. Other PSPS metrics,"95 percentile of time between de-energization, due to fast-trip, and inspection of a circuit segment",,hours,simplified_label_same_measurement,0,,,SDG&E,2024,2,v3.2,1,2,SDGE_2024_Q2_Tables1-15_R1.xlsx,Table 10,52,G52,https://efiling.energysafety.ca.gov/eFiling/Getfile.aspx?fileid=56226&shareable=true
T10R-4ce46c119e450e5e,1100000043,1100000043,5.h.,stable,normalized_na_to_null,5. Other PSPS metrics,Number of risk events occurring on a de-energized circuit,,Number of risk events,exact,0,,,SDG&E,2024,2,v3.2,1,2,SDGE_2024_Q2_Tables1-15_R1.xlsx,Table 10,53,G53,https://efiling.energysafety.ca.gov/eFiling/Getfile.aspx?fileid=56226&shareable=true
T10R-e73cafd970beb6a6,1100000000,1100000000,1.a.,stable,exact_wind_status,1. Recent use of PSPS and fast-trip,Frequency of PSPS events (total),RFW only,Number of events,simplified_label_same_measurement,0,,,SDG&E,2024,3,v3.2,1,3,SDGE_2024_Q3_Tables1-15_Rev1.xlsx,Table 10,10,G10,https://efiling.energysafety.ca.gov/eFiling/Getfile.aspx?fileid=56226&shareable=true
T10R-cf5636a95fcabf12,1100000001,1100000001,1.a.,stable,exact_wind_status,1. Recent use of PSPS and fast-trip,Frequency of PSPS events (total),HWW only,Number of events,simplified_label_same_measurement,0,,,SDG&E,2024,3,v3.2,1,3,SDGE_2024_Q3_Tables1-15_Rev1.xlsx,Table 10,11,G11,https://efiling.energysafety.ca.gov/eFiling/Getfile.aspx?fileid=56226&shareable=true
T10R-51ffd0bfae9433be,1100000002,1100000002,1.a.,stable,exact_wind_status,1. Recent use of PSPS and fast-trip,Frequency of PSPS events (total),HWW & RFW,Number of events,simplified_label_same_measurement,0,,,SDG&E,2024,3,v3.2,1,3,SDGE_2024_Q3_Tables1-15_Rev1.xlsx,Table 10,12,G12,https://efiling.energysafety.ca.gov/eFiling/Getfile.aspx?fileid=56226&shareable=true
T10R-4c25c4fc2f1c8d7a,,1100000003,1.a.,stable,legacy_total_not_equivalent_to_v4_neither,1. Recent use of PSPS and fast-trip,Frequency of PSPS events (total),All statuses (legacy total),Number of events,simplified_label_same_measurement,0,,,SDG&E,2024,3,v3.2,1,3,SDGE_2024_Q3_Tables1-15_Rev1.xlsx,Table 10,13,G13,https://efiling.energysafety.ca.gov/eFiling/Getfile.aspx?fileid=56226&shareable=true
T10R-65097545f6bce736,1100000004,1100000004,1.b.,stable,exact_wind_status,1. Recent use of PSPS and fast-trip,Scope of PSPS events (total),RFW only,"Circuit-events, measured in number of events multiplied by number of circuits de-energized",simplified_label_same_measurement,0,,,SDG&E,2024,3,v3.2,1,3,SDGE_2024_Q3_Tables1-15_Rev1.xlsx,Table 10,14,G14,https://efiling.energysafety.ca.gov/eFiling/Getfile.aspx?fileid=56226&shareable=true
T10R-9b29006571c44186,1100000005,1100000005,1.b.,stable,exact_wind_status,1. Recent use of PSPS and fast-trip,Scope of PSPS events (total),HWW only,"Circuit-events, measured in number of events multiplied by number of circuits de-energized",simplified_label_same_measurement,0,,,SDG&E,2024,3,v3.2,1,3,SDGE_2024_Q3_Tables1-15_Rev1.xlsx,Table 10,15,G15,https://efiling.energysafety.ca.gov/eFiling/Getfile.aspx?fileid=56226&shareable=true
T10R-473f939efe222dc4,1100000006,1100000006,1.b.,stable,exact_wind_status,1. Recent use of PSPS and fast-trip,Scope of PSPS events (total),HWW & RFW,"Circuit-events, measured in number of events multiplied by number of circuits de-energized",simplified_label_same_measurement,0,,,SDG&E,2024,3,v3.2,1,3,SDGE_2024_Q3_Tables1-15_Rev1.xlsx,Table 10,16,G16,https://efiling.energysafety.ca.gov/eFiling/Getfile.aspx?fileid=56226&shareable=true
T10R-9ba9dee120fafde1,,1100000007,1.b.,stable,legacy_total_not_equivalent_to_v4_neither,1. Recent use of PSPS and fast-trip,Scope of PSPS events (total),All statuses (legacy total),"Circuit-events, measured in number of events multiplied by number of circuits de-energized",simplified_label_same_measurement,0,,,SDG&E,2024,3,v3.2,1,3,SDGE_2024_Q3_Tables1-15_Rev1.xlsx,Table 10,17,G17,https://efiling.energysafety.ca.gov/eFiling/Getfile.aspx?fileid=56226&shareable=true
T10R-3aad2dfdad67ec2a,1100000008,1100000008,1.c.,stable,exact_wind_status,1. Recent use of PSPS and fast-trip,Duration of PSPS events (total),RFW only,Customer hours,simplified_label_same_measurement,0,,,SDG&E,2024,3,v3.2,1,3,SDGE_2024_Q3_Tables1-15_Rev1.xlsx,Table 10,18,G18,https://efiling.energysafety.ca.gov/eFiling/Getfile.aspx?fileid=56226&shareable=true
T10R-0bb817cf82900231,1100000009,1100000009,1.c.,stable,exact_wind_status,1. Recent use of PSPS and fast-trip,Duration of PSPS events (total),HWW only,Customer hours,simplified_label_same_measurement,0,,,SDG&E,2024,3,v3.2,1,3,SDGE_2024_Q3_Tables1-15_Rev1.xlsx,Table 10,19,G19,https://efiling.energysafety.ca.gov/eFiling/Getfile.aspx?fileid=56226&shareable=true
T10R-4292843bc89d50b0,1100000010,1100000010,1.c.,stable,exact_wind_status,1. Recent use of PSPS and fast-trip,Duration of PSPS events (total),HWW & RFW,Customer hours,simplified_label_same_measurement,0,,,SDG&E,2024,3,v3.2,1,3,SDGE_2024_Q3_Tables1-15_Rev1.xlsx,Table 10,20,G20,https://efiling.energysafety.ca.gov/eFiling/Getfile.aspx?fileid=56226&shareable=true
T10R-8c38c242d9df426a,,1100000011,1.c.,stable,legacy_total_not_equivalent_to_v4_neither,1. Recent use of PSPS and fast-trip,Duration of PSPS events (total),All statuses (legacy total),Customer hours,simplified_label_same_measurement,0,,,SDG&E,2024,3,v3.2,1,3,SDGE_2024_Q3_Tables1-15_Rev1.xlsx,Table 10,21,G21,https://efiling.energysafety.ca.gov/eFiling/Getfile.aspx?fileid=56226&shareable=true
T10R-a361b18038b07ef6,1100000012,1100000012,1.d.,stable,exact_wind_status,1. Recent use of PSPS and fast-trip,Frequency of fast-trip events (total),RFW only,Number of events,exact,0,,,SDG&E,2024,3,v3.2,1,3,SDGE_2024_Q3_Tables1-15_Rev1.xlsx,Table 10,22,G22,https://efiling.energysafety.ca.gov/eFiling/Getfile.aspx?fileid=56226&shareable=true
T10R-303fb99557d42d58,1100000013,1100000013,1.d.,stable,exact_wind_status,1. Recent use of PSPS and fast-trip,Frequency of fast-trip events (total),HWW only,Number of events,exact,0,,,SDG&E,2024,3,v3.2,1,3,SDGE_2024_Q3_Tables1-15_Rev1.xlsx,Table 10,23,G23,https://efiling.energysafety.ca.gov/eFiling/Getfile.aspx?fileid=56226&shareable=true
T10R-eb44a72785e7e3df,1100000014,1100000014,1.d.,stable,exact_wind_status,1. Recent use of PSPS and fast-trip,Frequency of fast-trip events (total),HWW & RFW,Number of events,exact,0,,,SDG&E,2024,3,v3.2,1,3,SDGE_2024_Q3_Tables1-15_Rev1.xlsx,Table 10,24,G24,https://efiling.energysafety.ca.gov/eFiling/Getfile.aspx?fileid=56226&shareable=true
T10R-cba537ce1893aec3,1100000015,1100000015,1.d.,stable,normalized_none_to_neither,1. Recent use of PSPS and fast-trip,Frequency of fast-trip events (total),Neither,Number of events,exact,0,,,SDG&E,2024,3,v3.2,1,3,SDGE_2024_Q3_Tables1-15_Rev1.xlsx,Table 10,25,G25,https://efiling.energysafety.ca.gov/eFiling/Getfile.aspx?fileid=56226&shareable=true
T10R-c714023f201bae51,1100000016,1100000016,1.e,stable,exact_wind_status,1. Recent use of PSPS and fast-trip,Circuit mile days with fast-trip settings enabled (total),RFW only,Circuit mile days,exact,0,,,SDG&E,2024,3,v3.2,1,3,SDGE_2024_Q3_Tables1-15_Rev1.xlsx,Table 10,26,G26,https://efiling.energysafety.ca.gov/eFiling/Getfile.aspx?fileid=56226&shareable=true
T10R-b01c31801df185c6,1100000017,1100000017,1.e,stable,exact_wind_status,1. Recent use of PSPS and fast-trip,Circuit mile days with fast-trip settings enabled (total),HWW only,Circuit mile days,exact,0,,,SDG&E,2024,3,v3.2,1,3,SDGE_2024_Q3_Tables1-15_Rev1.xlsx,Table 10,27,G27,https://efiling.energysafety.ca.gov/eFiling/Getfile.aspx?fileid=56226&shareable=true
T10R-d3c191c0079f5a58,1100000018,1100000018,1.e,stable,exact_wind_status,1. Recent use of PSPS and fast-trip,Circuit mile days with fast-trip settings enabled (total),HWW & RFW,Circuit mile days,exact,0,,,SDG&E,2024,3,v3.2,1,3,SDGE_2024_Q3_Tables1-15_Rev1.xlsx,Table 10,28,G28,https://efiling.energysafety.ca.gov/eFiling/Getfile.aspx?fileid=56226&shareable=true
T10R-578f8263afc4218e,1100000019,1100000019,1.e,stable,normalized_none_to_neither,1. Recent use of PSPS and fast-trip,Circuit mile days with fast-trip settings enabled (total),Neither,Circuit mile days,exact,0,,,SDG&E,2024,3,v3.2,1,3,SDGE_2024_Q3_Tables1-15_Rev1.xlsx,Table 10,29,G29,https://efiling.energysafety.ca.gov/eFiling/Getfile.aspx?fileid=56226&shareable=true
T10R-1780abb9acc415fb,1100000020,1100000020,2.a.,stable,normalized_na_to_null,2. Customer hours of PSPS and other outages,Customer hours of planned outages including PSPS (total),,Customer hours,simplified_label_same_measurement,232438.08,,,SDG&E,2024,3,v3.2,1,3,SDGE_2024_Q3_Tables1-15_Rev1.xlsx,Table 10,30,G30,https://efiling.energysafety.ca.gov/eFiling/Getfile.aspx?fileid=56226&shareable=true
T10R-5452eb950a944105,1100000021,1100000021,2.b.,stable,normalized_na_to_null,2. Customer hours of PSPS and other outages,"Customer hours of unplanned outages, not including PSPS or fast-trip (total)",,Customer hours,simplified_label_same_measurement,453866.87,,,SDG&E,2024,3,v3.2,1,3,SDGE_2024_Q3_Tables1-15_Rev1.xlsx,Table 10,31,G31,https://efiling.energysafety.ca.gov/eFiling/Getfile.aspx?fileid=56226&shareable=true
T10R-35bd43e10448b56e,1100000022,1100000022,2.c.,stable,normalized_na_to_null,2. Customer hours of PSPS and other outages,Customer hours of unplanned outages resulting from fast-trip,,Customer hours,simplified_label_same_measurement,0,,,SDG&E,2024,3,v3.2,1,3,SDGE_2024_Q3_Tables1-15_Rev1.xlsx,Table 10,32,G32,https://efiling.energysafety.ca.gov/eFiling/Getfile.aspx?fileid=56226&shareable=true
T10R-f5ddc2962fcf3da0,1100000023,1100000023,2.d.,stable,normalized_na_to_null,2. Customer hours of PSPS and other outages,System Average Interruption Duration Index (SAIDI) (including PSPS),,SAIDI index value = sum of all interruptions in time period where each interruption is defined as sum(duration of interruption * # of customer interruptions) / Total number of customers served,exact,17.88,,,SDG&E,2024,3,v3.2,1,3,SDGE_2024_Q3_Tables1-15_Rev1.xlsx,Table 10,33,G33,https://efiling.energysafety.ca.gov/eFiling/Getfile.aspx?fileid=56226&shareable=true
T10R-cb641c1348aade29,1100000024,1100000024,2.e.,stable,normalized_na_to_null,2. Customer hours of PSPS and other outages,System Average Interruption Duration Index (SAIDI) (excluding PSPS),,SAIDI index value = sum of all interruptions in time period where each interruption is defined as sum(duration of interruption * # of customer interruptions) / Total number of customers served,exact,17.88,,,SDG&E,2024,3,v3.2,1,3,SDGE_2024_Q3_Tables1-15_Rev1.xlsx,Table 10,34,G34,https://efiling.energysafety.ca.gov/eFiling/Getfile.aspx?fileid=56226&shareable=true
T10R-170d32036011e94a,1100000025,1100000025,2.f.,stable,normalized_na_to_null,2. Customer hours of PSPS and other outages,System Average Interruption Frequency Index (SAIFI) (including PSPS),,SAIFI index value = sum of all interruptions in time period where each interruption is defined as (total # of customer interruptions) / (total # of customers served),exact,0.1355,,,SDG&E,2024,3,v3.2,1,3,SDGE_2024_Q3_Tables1-15_Rev1.xlsx,Table 10,35,G35,https://efiling.energysafety.ca.gov/eFiling/Getfile.aspx?fileid=56226&shareable=true
T10R-02a0f8beb3aed6ae,1100000026,1100000026,2.g.,stable,normalized_na_to_null,2. Customer hours of PSPS and other outages,System Average Interruption Frequency Index (SAIFI) (excluding PSPS),,SAIFI index value = sum of all interruptions in time period where each interruption is defined as (total # of customer interruptions) / (total # of customers served),exact,0.1355,,,SDG&E,2024,3,v3.2,1,3,SDGE_2024_Q3_Tables1-15_Rev1.xlsx,Table 10,36,G36,https://efiling.energysafety.ca.gov/eFiling/Getfile.aspx?fileid=56226&shareable=true
T10R-99096afa15b24cc5,1100000027,1100000027,3.a.,stable,normalized_na_to_null,3. Critical infrastructure impacted by PSPS,Critical infrastructure impacted by PSPS,,Number of critical infrastructure (in accordance with D.19-05-042) locations impacted multiplied by hours offline,simplified_label_same_measurement,0,,,SDG&E,2024,3,v3.2,1,3,SDGE_2024_Q3_Tables1-15_Rev1.xlsx,Table 10,37,G37,https://efiling.energysafety.ca.gov/eFiling/Getfile.aspx?fileid=56226&shareable=true
T10R-7a22b4c7912ebb26,1100000028,1100000028,4.a.,stable,normalized_na_to_null,4. Community outreach of PSPS metrics,# of customers impacted by PSPS,,"# of customers impacted by PSPS (if multiple PSPS events impact the same customer, count each event as a separate customer)",exact,0,,,SDG&E,2024,3,v3.2,1,3,SDGE_2024_Q3_Tables1-15_Rev1.xlsx,Table 10,38,G38,https://efiling.energysafety.ca.gov/eFiling/Getfile.aspx?fileid=56226&shareable=true
T10R-c71dd138dab41042,1100000029,1100000029,4.b.,stable,normalized_na_to_null,4. Community outreach of PSPS metrics,# of medical baseline customers impacted by PSPS,,"# of customers impacted by PSPS (if multiple PSPS events impact the same customer, count each event as a separate customer)",exact,0,,,SDG&E,2024,3,v3.2,1,3,SDGE_2024_Q3_Tables1-15_Rev1.xlsx,Table 10,39,G39,https://efiling.energysafety.ca.gov/eFiling/Getfile.aspx?fileid=56226&shareable=true
T10R-27e458eebcf5986d,1100000030,1100000030,4.c.,stable,normalized_na_to_null,4. Community outreach of PSPS metrics,# of customers notified prior to initiation of PSPS event,,"# of customers notified (if multiple PSPS events impact the same customer, count each event as a separate customer)",simplified_label_same_measurement,0,,,SDG&E,2024,3,v3.2,1,3,SDGE_2024_Q3_Tables1-15_Rev1.xlsx,Table 10,40,G40,https://efiling.energysafety.ca.gov/eFiling/Getfile.aspx?fileid=56226&shareable=true
T10R-713871f7e2853155,1100000031,1100000031,4.d.,stable,normalized_na_to_null,4. Community outreach of PSPS metrics,# of medical baseline customers notified prior to initiation of PSPS event,,"# of customers notified (if multiple PSPS events impact the same customer, count each event as a separate customer)",simplified_label_same_measurement,0,,,SDG&E,2024,3,v3.2,1,3,SDGE_2024_Q3_Tables1-15_Rev1.xlsx,Table 10,41,G41,https://efiling.energysafety.ca.gov/eFiling/Getfile.aspx?fileid=56226&shareable=true
T10R-2663b04a68cd222d,1100000032,1100000032,4.e.,stable,normalized_na_to_null,4. Community outreach of PSPS metrics,# of customers notified prior to a PSPS event impacting them,,"# of customers notified (if multiple PSPS events impact the same customer, count each event as a separate customer)",simplified_label_same_measurement,0,,,SDG&E,2024,3,v3.2,1,3,SDGE_2024_Q3_Tables1-15_Rev1.xlsx,Table 10,42,G42,https://efiling.energysafety.ca.gov/eFiling/Getfile.aspx?fileid=56226&shareable=true
T10R-58c8ca2d31c0a532,1100000033,1100000033,4.f.,stable,normalized_na_to_null,4. Community outreach of PSPS metrics,# of medical baseline customers notified prior to a PSPS event impacting them,,"# of customers notified (if multiple PSPS events impact the same customer, count each event as a separate customer)",simplified_label_same_measurement,0,,,SDG&E,2024,3,v3.2,1,3,SDGE_2024_Q3_Tables1-15_Rev1.xlsx,Table 10,43,G43,https://efiling.energysafety.ca.gov/eFiling/Getfile.aspx?fileid=56226&shareable=true
T10R-862f3e4172c1f576,1100000034,1100000034,5.a.,stable,normalized_na_to_null,5. Other PSPS metrics,Number of PSPS events in which a notification was sent but no de-energization occurred,,Number of events,exact,0,,,SDG&E,2024,3,v3.2,1,3,SDGE_2024_Q3_Tables1-15_Rev1.xlsx,Table 10,44,G44,https://efiling.energysafety.ca.gov/eFiling/Getfile.aspx?fileid=56226&shareable=true
T10R-35e1fd13fb983d5f,1100000035,1100000035,5.b.,stable,normalized_na_to_null,5. Other PSPS metrics,Average number of customers located on de-energized circuit,,Number of customers,exact,0,,,SDG&E,2024,3,v3.2,1,3,SDGE_2024_Q3_Tables1-15_Rev1.xlsx,Table 10,45,G45,https://efiling.energysafety.ca.gov/eFiling/Getfile.aspx?fileid=56226&shareable=true
T10R-9461617f55f8b1d7,1100000036,1100000036,5.c.,stable,normalized_na_to_null,5. Other PSPS metrics,Customer hours of PSPS per RFW OH circuit mile day,,Customer hours per RFW OH circuit mile day in time period,simplified_label_same_measurement,0,,,SDG&E,2024,3,v3.2,1,3,SDGE_2024_Q3_Tables1-15_Rev1.xlsx,Table 10,46,G46,https://efiling.energysafety.ca.gov/eFiling/Getfile.aspx?fileid=56226&shareable=true
T10R-7773e9bcdb6cfe26,1100000037,1100000037,5.c.,stable,normalized_na_to_null,5. Other PSPS metrics,Customer hours of PSPS per HWW OH circuit mile day,,Customer hours per HWW OH circuit mile day in time period,simplified_label_same_measurement,0,,,SDG&E,2024,3,v3.2,1,3,SDGE_2024_Q3_Tables1-15_Rev1.xlsx,Table 10,47,G47,https://efiling.energysafety.ca.gov/eFiling/Getfile.aspx?fileid=56226&shareable=true
T10R-46f5721d59c8e109,1100000038,1100000038,5.c.,stable,normalized_na_to_null,5. Other PSPS metrics,Customer hours of PSPS per high FPIOH circuit mile day,,Customer hours per FPI OH circuit mile day in time period,simplified_label_same_measurement,0,,,SDG&E,2024,3,v3.2,1,3,SDGE_2024_Q3_Tables1-15_Rev1.xlsx,Table 10,48,G48,https://efiling.energysafety.ca.gov/eFiling/Getfile.aspx?fileid=56226&shareable=true
T10R-ba2a3bd82cc51b3a,1100000039,1100000039,5.d.,corrected_in_v3_2,normalized_na_to_null,5. Other PSPS metrics,"Median time between de-energization, due to PSPS, and inspection of a circuit segment",,hours,simplified_label_same_measurement,0,,,SDG&E,2024,3,v3.2,1,3,SDGE_2024_Q3_Tables1-15_Rev1.xlsx,Table 10,49,G49,https://efiling.energysafety.ca.gov/eFiling/Getfile.aspx?fileid=56226&shareable=true
T10R-5f71933d202af1de,1100000040,1100000040,5.e.,stable,normalized_na_to_null,5. Other PSPS metrics,"95 percentile of time between de-energization, due to PSPS, and inspection of a circuit segment",,hours,simplified_label_same_measurement,0,,,SDG&E,2024,3,v3.2,1,3,SDGE_2024_Q3_Tables1-15_Rev1.xlsx,Table 10,50,G50,https://efiling.energysafety.ca.gov/eFiling/Getfile.aspx?fileid=56226&shareable=true
T10R-994ea79437015fdb,1100000041,1100000041,5.f.,stable,normalized_na_to_null,5. Other PSPS metrics,"Median time between de-energization, due to fast-trip, and inspection of a circuit segment",,hours,simplified_label_same_measurement,0,,,SDG&E,2024,3,v3.2,1,3,SDGE_2024_Q3_Tables1-15_Rev1.xlsx,Table 10,51,G51,https://efiling.energysafety.ca.gov/eFiling/Getfile.aspx?fileid=56226&shareable=true
T10R-8d9ee48eb559888b,1100000042,1100000042,5.g.,stable,normalized_na_to_null,5. Other PSPS metrics,"95 percentile of time between de-energization, due to fast-trip, and inspection of a circuit segment",,hours,simplified_label_same_measurement,0,,,SDG&E,2024,3,v3.2,1,3,SDGE_2024_Q3_Tables1-15_Rev1.xlsx,Table 10,52,G52,https://efiling.energysafety.ca.gov/eFiling/Getfile.aspx?fileid=56226&shareable=true
T10R-c6fbd1e091269432,1100000043,1100000043,5.h.,stable,normalized_na_to_null,5. Other PSPS metrics,Number of risk events occurring on a de-energized circuit,,Number of risk events,exact,0,,,SDG&E,2024,3,v3.2,1,3,SDGE_2024_Q3_Tables1-15_Rev1.xlsx,Table 10,53,G53,https://efiling.energysafety.ca.gov/eFiling/Getfile.aspx?fileid=56226&shareable=true
T10R-1ed03c51ee6e7a32,1100000000,1100000000,1.a.,stable,exact_wind_status,1. Recent use of PSPS and fast-trip,Frequency of PSPS events (total),RFW only,Number of events,simplified_label_same_measurement,2,,,SDG&E,2024,4,v3.2,1,4,SDGE_2024_Q4_Tables1-15_R1.xlsx,Table 10,10,G10,https://efiling.energysafety.ca.gov/eFiling/Getfile.aspx?fileid=56226&shareable=true
T10R-bed43d368eb9260c,1100000001,1100000001,1.a.,stable,exact_wind_status,1. Recent use of PSPS and fast-trip,Frequency of PSPS events (total),HWW only,Number of events,simplified_label_same_measurement,0,,,SDG&E,2024,4,v3.2,1,4,SDGE_2024_Q4_Tables1-15_R1.xlsx,Table 10,11,G11,https://efiling.energysafety.ca.gov/eFiling/Getfile.aspx?fileid=56226&shareable=true
T10R-a3c8929b29d1ca47,1100000002,1100000002,1.a.,stable,exact_wind_status,1. Recent use of PSPS and fast-trip,Frequency of PSPS events (total),HWW & RFW,Number of events,simplified_label_same_measurement,0,,,SDG&E,2024,4,v3.2,1,4,SDGE_2024_Q4_Tables1-15_R1.xlsx,Table 10,12,G12,https://efiling.energysafety.ca.gov/eFiling/Getfile.aspx?fileid=56226&shareable=true
T10R-3758bc57d7279468,,1100000003,1.a.,stable,legacy_total_not_equivalent_to_v4_neither,1. Recent use of PSPS and fast-trip,Frequency of PSPS events (total),All statuses (legacy total),Number of events,simplified_label_same_measurement,2,,,SDG&E,2024,4,v3.2,1,4,SDGE_2024_Q4_Tables1-15_R1.xlsx,Table 10,13,G13,https://efiling.energysafety.ca.gov/eFiling/Getfile.aspx?fileid=56226&shareable=true
T10R-dfe1c43306fe9a7b,1100000004,1100000004,1.b.,stable,exact_wind_status,1. Recent use of PSPS and fast-trip,Scope of PSPS events (total),RFW only,"Circuit-events, measured in number of events multiplied by number of circuits de-energized",simplified_label_same_measurement,72,,,SDG&E,2024,4,v3.2,1,4,SDGE_2024_Q4_Tables1-15_R1.xlsx,Table 10,14,G14,https://efiling.energysafety.ca.gov/eFiling/Getfile.aspx?fileid=56226&shareable=true
T10R-b9e3711766fa8a32,1100000005,1100000005,1.b.,stable,exact_wind_status,1. Recent use of PSPS and fast-trip,Scope of PSPS events (total),HWW only,"Circuit-events, measured in number of events multiplied by number of circuits de-energized",simplified_label_same_measurement,0,,,SDG&E,2024,4,v3.2,1,4,SDGE_2024_Q4_Tables1-15_R1.xlsx,Table 10,15,G15,https://efiling.energysafety.ca.gov/eFiling/Getfile.aspx?fileid=56226&shareable=true
T10R-cd89fe25d4acec4b,1100000006,1100000006,1.b.,stable,exact_wind_status,1. Recent use of PSPS and fast-trip,Scope of PSPS events (total),HWW & RFW,"Circuit-events, measured in number of events multiplied by number of circuits de-energized",simplified_label_same_measurement,0,,,SDG&E,2024,4,v3.2,1,4,SDGE_2024_Q4_Tables1-15_R1.xlsx,Table 10,16,G16,https://efiling.energysafety.ca.gov/eFiling/Getfile.aspx?fileid=56226&shareable=true
T10R-c9c3f2cab6e8e83c,,1100000007,1.b.,stable,legacy_total_not_equivalent_to_v4_neither,1. Recent use of PSPS and fast-trip,Scope of PSPS events (total),All statuses (legacy total),"Circuit-events, measured in number of events multiplied by number of circuits de-energized",simplified_label_same_measurement,0,,,SDG&E,2024,4,v3.2,1,4,SDGE_2024_Q4_Tables1-15_R1.xlsx,Table 10,17,G17,https://efiling.energysafety.ca.gov/eFiling/Getfile.aspx?fileid=56226&shareable=true
T10R-b2f8871a01088c5a,1100000008,1100000008,1.c.,stable,exact_wind_status,1. Recent use of PSPS and fast-trip,Duration of PSPS events (total),RFW only,Customer hours,simplified_label_same_measurement,2021485.95,,,SDG&E,2024,4,v3.2,1,4,SDGE_2024_Q4_Tables1-15_R1.xlsx,Table 10,18,G18,https://efiling.energysafety.ca.gov/eFiling/Getfile.aspx?fileid=56226&shareable=true
T10R-ea4bd1be52a62f45,1100000009,1100000009,1.c.,stable,exact_wind_status,1. Recent use of PSPS and fast-trip,Duration of PSPS events (total),HWW only,Customer hours,simplified_label_same_measurement,0,,,SDG&E,2024,4,v3.2,1,4,SDGE_2024_Q4_Tables1-15_R1.xlsx,Table 10,19,G19,https://efiling.energysafety.ca.gov/eFiling/Getfile.aspx?fileid=56226&shareable=true
T10R-9edbe91a3ca4211a,1100000010,1100000010,1.c.,stable,exact_wind_status,1. Recent use of PSPS and fast-trip,Duration of PSPS events (total),HWW & RFW,Customer hours,simplified_label_same_measurement,0,,,SDG&E,2024,4,v3.2,1,4,SDGE_2024_Q4_Tables1-15_R1.xlsx,Table 10,20,G20,https://efiling.energysafety.ca.gov/eFiling/Getfile.aspx?fileid=56226&shareable=true
T10R-078d86e90b0c04aa,,1100000011,1.c.,stable,legacy_total_not_equivalent_to_v4_neither,1. Recent use of PSPS and fast-trip,Duration of PSPS events (total),All statuses (legacy total),Customer hours,simplified_label_same_measurement,2021485.95,,,SDG&E,2024,4,v3.2,1,4,SDGE_2024_Q4_Tables1-15_R1.xlsx,Table 10,21,G21,https://efiling.energysafety.ca.gov/eFiling/Getfile.aspx?fileid=56226&shareable=true
T10R-e32f007479506705,1100000012,1100000012,1.d.,stable,exact_wind_status,1. Recent use of PSPS and fast-trip,Frequency of fast-trip events (total),RFW only,Number of events,exact,2,,,SDG&E,2024,4,v3.2,1,4,SDGE_2024_Q4_Tables1-15_R1.xlsx,Table 10,22,G22,https://efiling.energysafety.ca.gov/eFiling/Getfile.aspx?fileid=56226&shareable=true
T10R-5f93b4280ff591a6,1100000013,1100000013,1.d.,stable,exact_wind_status,1. Recent use of PSPS and fast-trip,Frequency of fast-trip events (total),HWW only,Number of events,exact,0,,,SDG&E,2024,4,v3.2,1,4,SDGE_2024_Q4_Tables1-15_R1.xlsx,Table 10,23,G23,https://efiling.energysafety.ca.gov/eFiling/Getfile.aspx?fileid=56226&shareable=true
T10R-460d792db15ef57d,1100000014,1100000014,1.d.,stable,exact_wind_status,1. Recent use of PSPS and fast-trip,Frequency of fast-trip events (total),HWW & RFW,Number of events,exact,0,,,SDG&E,2024,4,v3.2,1,4,SDGE_2024_Q4_Tables1-15_R1.xlsx,Table 10,24,G24,https://efiling.energysafety.ca.gov/eFiling/Getfile.aspx?fileid=56226&shareable=true
T10R-083e46757a6bb36f,1100000015,1100000015,1.d.,stable,normalized_none_to_neither,1. Recent use of PSPS and fast-trip,Frequency of fast-trip events (total),Neither,Number of events,exact,1,,,SDG&E,2024,4,v3.2,1,4,SDGE_2024_Q4_Tables1-15_R1.xlsx,Table 10,25,G25,https://efiling.energysafety.ca.gov/eFiling/Getfile.aspx?fileid=56226&shareable=true
T10R-5f6780038c03fc66,1100000016,1100000016,1.e,stable,exact_wind_status,1. Recent use of PSPS and fast-trip,Circuit mile days with fast-trip settings enabled (total),RFW only,Circuit mile days,exact,5224.9,,,SDG&E,2024,4,v3.2,1,4,SDGE_2024_Q4_Tables1-15_R1.xlsx,Table 10,26,G26,https://efiling.energysafety.ca.gov/eFiling/Getfile.aspx?fileid=56226&shareable=true
T10R-b5295bec24d98b31,1100000017,1100000017,1.e,stable,exact_wind_status,1. Recent use of PSPS and fast-trip,Circuit mile days with fast-trip settings enabled (total),HWW only,Circuit mile days,exact,0,,,SDG&E,2024,4,v3.2,1,4,SDGE_2024_Q4_Tables1-15_R1.xlsx,Table 10,27,G27,https://efiling.energysafety.ca.gov/eFiling/Getfile.aspx?fileid=56226&shareable=true
T10R-cff99f4acf445cb0,1100000018,1100000018,1.e,stable,exact_wind_status,1. Recent use of PSPS and fast-trip,Circuit mile days with fast-trip settings enabled (total),HWW & RFW,Circuit mile days,exact,0,,,SDG&E,2024,4,v3.2,1,4,SDGE_2024_Q4_Tables1-15_R1.xlsx,Table 10,28,G28,https://efiling.energysafety.ca.gov/eFiling/Getfile.aspx?fileid=56226&shareable=true
T10R-8ae0be8b5befeb75,1100000019,1100000019,1.e,stable,normalized_none_to_neither,1. Recent use of PSPS and fast-trip,Circuit mile days with fast-trip settings enabled (total),Neither,Circuit mile days,exact,250.5,,,SDG&E,2024,4,v3.2,1,4,SDGE_2024_Q4_Tables1-15_R1.xlsx,Table 10,29,G29,https://efiling.energysafety.ca.gov/eFiling/Getfile.aspx?fileid=56226&shareable=true
T10R-28448b2950eb2edf,1100000020,1100000020,2.a.,stable,normalized_na_to_null,2. Customer hours of PSPS and other outages,Customer hours of planned outages including PSPS (total),,Customer hours,simplified_label_same_measurement,2294199,,,SDG&E,2024,4,v3.2,1,4,SDGE_2024_Q4_Tables1-15_R1.xlsx,Table 10,30,G30,https://efiling.energysafety.ca.gov/eFiling/Getfile.aspx?fileid=56226&shareable=true
T10R-aaa202e98f0b6e37,1100000021,1100000021,2.b.,stable,normalized_na_to_null,2. Customer hours of PSPS and other outages,"Customer hours of unplanned outages, not including PSPS or fast-trip (total)",,Customer hours,simplified_label_same_measurement,456659.65,,,SDG&E,2024,4,v3.2,1,4,SDGE_2024_Q4_Tables1-15_R1.xlsx,Table 10,31,G31,https://efiling.energysafety.ca.gov/eFiling/Getfile.aspx?fileid=56226&shareable=true
T10R-368721410774b0de,1100000022,1100000022,2.c.,stable,normalized_na_to_null,2. Customer hours of PSPS and other outages,Customer hours of unplanned outages resulting from fast-trip,,Customer hours,simplified_label_same_measurement,9341.1,,,SDG&E,2024,4,v3.2,1,4,SDGE_2024_Q4_Tables1-15_R1.xlsx,Table 10,32,G32,https://efiling.energysafety.ca.gov/eFiling/Getfile.aspx?fileid=56226&shareable=true
T10R-23ebc234deaa6cf9,1100000023,1100000023,2.d.,stable,normalized_na_to_null,2. Customer hours of PSPS and other outages,System Average Interruption Duration Index (SAIDI) (including PSPS),,SAIDI index value = sum of all interruptions in time period where each interruption is defined as sum(duration of interruption * # of customer interruptions) / Total number of customers served,exact,93.56,,,SDG&E,2024,4,v3.2,1,4,SDGE_2024_Q4_Tables1-15_R1.xlsx,Table 10,33,G33,https://efiling.energysafety.ca.gov/eFiling/Getfile.aspx?fileid=56226&shareable=true
T10R-b1b599b135724aa1,1100000024,1100000024,2.e.,stable,normalized_na_to_null,2. Customer hours of PSPS and other outages,System Average Interruption Duration Index (SAIDI) (excluding PSPS),,SAIDI index value = sum of all interruptions in time period where each interruption is defined as sum(duration of interruption * # of customer interruptions) / Total number of customers served,exact,16.94,,,SDG&E,2024,4,v3.2,1,4,SDGE_2024_Q4_Tables1-15_R1.xlsx,Table 10,34,G34,https://efiling.energysafety.ca.gov/eFiling/Getfile.aspx?fileid=56226&shareable=true
T10R-3be5960836dbbbee,1100000025,1100000025,2.f.,stable,normalized_na_to_null,2. Customer hours of PSPS and other outages,System Average Interruption Frequency Index (SAIFI) (including PSPS),,SAIFI index value = sum of all interruptions in time period where each interruption is defined as (total # of customer interruptions) / (total # of customers served),exact,0.1526,,,SDG&E,2024,4,v3.2,1,4,SDGE_2024_Q4_Tables1-15_R1.xlsx,Table 10,35,G35,https://efiling.energysafety.ca.gov/eFiling/Getfile.aspx?fileid=56226&shareable=true
T10R-d9d4797073185085,1100000026,1100000026,2.g.,stable,normalized_na_to_null,2. Customer hours of PSPS and other outages,System Average Interruption Frequency Index (SAIFI) (excluding PSPS),,SAIFI index value = sum of all interruptions in time period where each interruption is defined as (total # of customer interruptions) / (total # of customers served),exact,0.119,,,SDG&E,2024,4,v3.2,1,4,SDGE_2024_Q4_Tables1-15_R1.xlsx,Table 10,36,G36,https://efiling.energysafety.ca.gov/eFiling/Getfile.aspx?fileid=56226&shareable=true
T10R-bf5c966d0bc06120,1100000027,1100000027,3.a.,stable,normalized_na_to_null,3. Critical infrastructure impacted by PSPS,Critical infrastructure impacted by PSPS,,Number of critical infrastructure (in accordance with D.19-05-042) locations impacted multiplied by hours offline,simplified_label_same_measurement,2057,,,SDG&E,2024,4,v3.2,1,4,SDGE_2024_Q4_Tables1-15_R1.xlsx,Table 10,37,G37,https://efiling.energysafety.ca.gov/eFiling/Getfile.aspx?fileid=56226&shareable=true
T10R-f700891d9018da35,1100000028,1100000028,4.a.,stable,normalized_na_to_null,4. Community outreach of PSPS metrics,# of customers impacted by PSPS,,"# of customers impacted by PSPS (if multiple PSPS events impact the same customer, count each event as a separate customer)",exact,53185,,,SDG&E,2024,4,v3.2,1,4,SDGE_2024_Q4_Tables1-15_R1.xlsx,Table 10,38,G38,https://efiling.energysafety.ca.gov/eFiling/Getfile.aspx?fileid=56226&shareable=true
T10R-8db6045f66b3b300,1100000029,1100000029,4.b.,stable,normalized_na_to_null,4. Community outreach of PSPS metrics,# of medical baseline customers impacted by PSPS,,"# of customers impacted by PSPS (if multiple PSPS events impact the same customer, count each event as a separate customer)",exact,3863,,,SDG&E,2024,4,v3.2,1,4,SDGE_2024_Q4_Tables1-15_R1.xlsx,Table 10,39,G39,https://efiling.energysafety.ca.gov/eFiling/Getfile.aspx?fileid=56226&shareable=true
T10R-cc24175bd4661a77,1100000030,1100000030,4.c.,stable,normalized_na_to_null,4. Community outreach of PSPS metrics,# of customers notified prior to initiation of PSPS event,,"# of customers notified (if multiple PSPS events impact the same customer, count each event as a separate customer)",simplified_label_same_measurement,141053,,,SDG&E,2024,4,v3.2,1,4,SDGE_2024_Q4_Tables1-15_R1.xlsx,Table 10,40,G40,https://efiling.energysafety.ca.gov/eFiling/Getfile.aspx?fileid=56226&shareable=true
T10R-eabf24736bcb914f,1100000031,1100000031,4.d.,stable,normalized_na_to_null,4. Community outreach of PSPS metrics,# of medical baseline customers notified prior to initiation of PSPS event,,"# of customers notified (if multiple PSPS events impact the same customer, count each event as a separate customer)",simplified_label_same_measurement,8982,,,SDG&E,2024,4,v3.2,1,4,SDGE_2024_Q4_Tables1-15_R1.xlsx,Table 10,41,G41,https://efiling.energysafety.ca.gov/eFiling/Getfile.aspx?fileid=56226&shareable=true
T10R-a351622d0dae546e,1100000032,1100000032,4.e.,stable,normalized_na_to_null,4. Community outreach of PSPS metrics,# of customers notified prior to a PSPS event impacting them,,"# of customers notified (if multiple PSPS events impact the same customer, count each event as a separate customer)",simplified_label_same_measurement,52125,,,SDG&E,2024,4,v3.2,1,4,SDGE_2024_Q4_Tables1-15_R1.xlsx,Table 10,42,G42,https://efiling.energysafety.ca.gov/eFiling/Getfile.aspx?fileid=56226&shareable=true
T10R-9ecb5268e08ea5d4,1100000033,1100000033,4.f.,stable,normalized_na_to_null,4. Community outreach of PSPS metrics,# of medical baseline customers notified prior to a PSPS event impacting them,,"# of customers notified (if multiple PSPS events impact the same customer, count each event as a separate customer)",simplified_label_same_measurement,3761,,,SDG&E,2024,4,v3.2,1,4,SDGE_2024_Q4_Tables1-15_R1.xlsx,Table 10,43,G43,https://efiling.energysafety.ca.gov/eFiling/Getfile.aspx?fileid=56226&shareable=true
T10R-9ac5464981fbd9ae,1100000034,1100000034,5.a.,stable,normalized_na_to_null,5. Other PSPS metrics,Number of PSPS events in which a notification was sent but no de-energization occurred,,Number of events,exact,0,,,SDG&E,2024,4,v3.2,1,4,SDGE_2024_Q4_Tables1-15_R1.xlsx,Table 10,44,G44,https://efiling.energysafety.ca.gov/eFiling/Getfile.aspx?fileid=56226&shareable=true
T10R-cd230d6dba8df10b,1100000035,1100000035,5.b.,stable,normalized_na_to_null,5. Other PSPS metrics,Average number of customers located on de-energized circuit,,Number of customers,exact,1096,,,SDG&E,2024,4,v3.2,1,4,SDGE_2024_Q4_Tables1-15_R1.xlsx,Table 10,45,G45,https://efiling.energysafety.ca.gov/eFiling/Getfile.aspx?fileid=56226&shareable=true
T10R-07e30dfa62763da8,1100000036,1100000036,5.c.,stable,normalized_na_to_null,5. Other PSPS metrics,Customer hours of PSPS per RFW OH circuit mile day,,Customer hours per RFW OH circuit mile day in time period,simplified_label_same_measurement,134.81273804133042,,,SDG&E,2024,4,v3.2,1,4,SDGE_2024_Q4_Tables1-15_R1.xlsx,Table 10,46,G46,https://efiling.energysafety.ca.gov/eFiling/Getfile.aspx?fileid=56226&shareable=true
T10R-acaafd5c61a9723a,1100000037,1100000037,5.c.,stable,normalized_na_to_null,5. Other PSPS metrics,Customer hours of PSPS per HWW OH circuit mile day,,Customer hours per HWW OH circuit mile day in time period,simplified_label_same_measurement,0,,,SDG&E,2024,4,v3.2,1,4,SDGE_2024_Q4_Tables1-15_R1.xlsx,Table 10,47,G47,https://efiling.energysafety.ca.gov/eFiling/Getfile.aspx?fileid=56226&shareable=true
T10R-dc38e997f35be5f9,1100000038,1100000038,5.c.,stable,normalized_na_to_null,5. Other PSPS metrics,Customer hours of PSPS per high FPIOH circuit mile day,,Customer hours per FPI OH circuit mile day in time period,simplified_label_same_measurement,4.580481002099717,,,SDG&E,2024,4,v3.2,1,4,SDGE_2024_Q4_Tables1-15_R1.xlsx,Table 10,48,G48,https://efiling.energysafety.ca.gov/eFiling/Getfile.aspx?fileid=56226&shareable=true
T10R-d57bdfa09d875b64,1100000039,1100000039,5.d.,corrected_in_v3_2,normalized_na_to_null,5. Other PSPS metrics,"Median time between de-energization, due to PSPS, and inspection of a circuit segment",,hours,simplified_label_same_measurement,5.683333333,,,SDG&E,2024,4,v3.2,1,4,SDGE_2024_Q4_Tables1-15_R1.xlsx,Table 10,49,G49,https://efiling.energysafety.ca.gov/eFiling/Getfile.aspx?fileid=56226&shareable=true
T10R-f6d27056f1a261aa,1100000040,1100000040,5.e.,stable,normalized_na_to_null,5. Other PSPS metrics,"95 percentile of time between de-energization, due to PSPS, and inspection of a circuit segment",,hours,simplified_label_same_measurement,10.41666667,,,SDG&E,2024,4,v3.2,1,4,SDGE_2024_Q4_Tables1-15_R1.xlsx,Table 10,50,G50,https://efiling.energysafety.ca.gov/eFiling/Getfile.aspx?fileid=56226&shareable=true
T10R-258581e1134aeb6c,1100000041,1100000041,5.f.,stable,normalized_na_to_null,5. Other PSPS metrics,"Median time between de-energization, due to fast-trip, and inspection of a circuit segment",,hours,simplified_label_same_measurement,2.53,,,SDG&E,2024,4,v3.2,1,4,SDGE_2024_Q4_Tables1-15_R1.xlsx,Table 10,51,G51,https://efiling.energysafety.ca.gov/eFiling/Getfile.aspx?fileid=56226&shareable=true
T10R-b5a5fce83260c200,1100000042,1100000042,5.g.,stable,normalized_na_to_null,5. Other PSPS metrics,"95 percentile of time between de-energization, due to fast-trip, and inspection of a circuit segment",,hours,simplified_label_same_measurement,10.11,,,SDG&E,2024,4,v3.2,1,4,SDGE_2024_Q4_Tables1-15_R1.xlsx,Table 10,52,G52,https://efiling.energysafety.ca.gov/eFiling/Getfile.aspx?fileid=56226&shareable=true
T10R-6efd8a250b0a2320,1100000043,1100000043,5.h.,stable,normalized_na_to_null,5. Other PSPS metrics,Number of risk events occurring on a de-energized circuit,,Number of risk events,exact,2,,,SDG&E,2024,4,v3.2,1,4,SDGE_2024_Q4_Tables1-15_R1.xlsx,Table 10,53,G53,https://efiling.energysafety.ca.gov/eFiling/Getfile.aspx?fileid=56226&shareable=true
T10R-f230d8eef2976bc6,1100000000,1100000000,1.a.,stable,v4_native,1. Recent use of PSPS and fast-trip,Frequency of PSPS events (total),RFW only,Number of events,v4_native,0,,,SDG&E,2025,1,v4.01,6,1,SDGE_2025_Q1_R6.xlsx,Table 10,2,K2,https://efiling.energysafety.ca.gov/eFiling/Getfile.aspx?fileid=58132&shareable=true
T10R-2b64ff5343d425d5,1100000001,1100000001,1.a.,stable,v4_native,1. Recent use of PSPS and fast-trip,Frequency of PSPS events (total),HWW only,Number of events,v4_native,0,,,SDG&E,2025,1,v4.01,6,1,SDGE_2025_Q1_R6.xlsx,Table 10,3,K3,https://efiling.energysafety.ca.gov/eFiling/Getfile.aspx?fileid=58132&shareable=true
T10R-626ff3a138f19018,1100000002,1100000002,1.a.,stable,v4_native,1. Recent use of PSPS and fast-trip,Frequency of PSPS events (total),HWW & RFW,Number of events,v4_native,2,,,SDG&E,2025,1,v4.01,6,1,SDGE_2025_Q1_R6.xlsx,Table 10,4,K4,https://efiling.energysafety.ca.gov/eFiling/Getfile.aspx?fileid=58132&shareable=true
T10R-60daad55c735d367,1100000003,1100000003,1.a.,stable,v4_neither_no_legacy_equivalent,1. Recent use of PSPS and fast-trip,Frequency of PSPS events (total),Neither,Number of events,v4_native,0,,,SDG&E,2025,1,v4.01,6,1,SDGE_2025_Q1_R6.xlsx,Table 10,5,K5,https://efiling.energysafety.ca.gov/eFiling/Getfile.aspx?fileid=58132&shareable=true
T10R-f0ddacb9cf95bce4,1100000004,1100000004,1.b.,stable,v4_native,1. Recent use of PSPS and fast-trip,Scope of PSPS events (total),RFW only,"Circuit-events, measured in number of events multiplied by number of circuits de-energized",v4_native,0,,,SDG&E,2025,1,v4.01,6,1,SDGE_2025_Q1_R6.xlsx,Table 10,6,K6,https://efiling.energysafety.ca.gov/eFiling/Getfile.aspx?fileid=58132&shareable=true
T10R-44f82a5fa599b691,1100000005,1100000005,1.b.,stable,v4_native,1. Recent use of PSPS and fast-trip,Scope of PSPS events (total),HWW only,"Circuit-events, measured in number of events multiplied by number of circuits de-energized",v4_native,0,,,SDG&E,2025,1,v4.01,6,1,SDGE_2025_Q1_R6.xlsx,Table 10,7,K7,https://efiling.energysafety.ca.gov/eFiling/Getfile.aspx?fileid=58132&shareable=true
T10R-2836b95a10cccdd9,1100000006,1100000006,1.b.,stable,v4_native,1. Recent use of PSPS and fast-trip,Scope of PSPS events (total),HWW & RFW,"Circuit-events, measured in number of events multiplied by number of circuits de-energized",v4_native,76,,,SDG&E,2025,1,v4.01,6,1,SDGE_2025_Q1_R6.xlsx,Table 10,8,K8,https://efiling.energysafety.ca.gov/eFiling/Getfile.aspx?fileid=58132&shareable=true
T10R-a4039275e91a611c,1100000007,1100000007,1.b.,stable,v4_neither_no_legacy_equivalent,1. Recent use of PSPS and fast-trip,Scope of PSPS events (total),Neither,"Circuit-events, measured in number of events multiplied by number of circuits de-energized",v4_native,0,,,SDG&E,2025,1,v4.01,6,1,SDGE_2025_Q1_R6.xlsx,Table 10,9,K9,https://efiling.energysafety.ca.gov/eFiling/Getfile.aspx?fileid=58132&shareable=true
T10R-260d619b1f5cbcf1,1100000008,1100000008,1.c.,stable,v4_native,1. Recent use of PSPS and fast-trip,Duration of PSPS events (total),RFW only,Customer hours,v4_native,1022143.0833333336,,,SDG&E,2025,1,v4.01,6,1,SDGE_2025_Q1_R6.xlsx,Table 10,10,K10,https://efiling.energysafety.ca.gov/eFiling/Getfile.aspx?fileid=58132&shareable=true
T10R-4827d446fe95ea41,1100000009,1100000009,1.c.,stable,v4_native,1. Recent use of PSPS and fast-trip,Duration of PSPS events (total),HWW only,Customer hours,v4_native,230850.05000000005,,,SDG&E,2025,1,v4.01,6,1,SDGE_2025_Q1_R6.xlsx,Table 10,11,K11,https://efiling.energysafety.ca.gov/eFiling/Getfile.aspx?fileid=58132&shareable=true
T10R-a5b1729dad425a0a,1100000010,1100000010,1.c.,stable,v4_native,1. Recent use of PSPS and fast-trip,Duration of PSPS events (total),HWW & RFW,Customer hours,v4_native,454814.98333333316,,,SDG&E,2025,1,v4.01,6,1,SDGE_2025_Q1_R6.xlsx,Table 10,12,K12,https://efiling.energysafety.ca.gov/eFiling/Getfile.aspx?fileid=58132&shareable=true
T10R-b8d70c5b8980c4bc,1100000011,1100000011,1.c.,stable,v4_neither_no_legacy_equivalent,1. Recent use of PSPS and fast-trip,Duration of PSPS events (total),Neither,Customer hours,v4_native,139277.3333333333,,,SDG&E,2025,1,v4.01,6,1,SDGE_2025_Q1_R6.xlsx,Table 10,13,K13,https://efiling.energysafety.ca.gov/eFiling/Getfile.aspx?fileid=58132&shareable=true
T10R-e758fa223b4abc12,1100000012,1100000012,1.d.,stable,v4_native,1. Recent use of PSPS and fast-trip,Frequency of fast-trip events (total),RFW only,Number of events,v4_native,2,,,SDG&E,2025,1,v4.01,6,1,SDGE_2025_Q1_R6.xlsx,Table 10,14,K14,https://efiling.energysafety.ca.gov/eFiling/Getfile.aspx?fileid=58132&shareable=true
T10R-975750bb359a0205,1100000013,1100000013,1.d.,stable,v4_native,1. Recent use of PSPS and fast-trip,Frequency of fast-trip events (total),HWW only,Number of events,v4_native,0,,,SDG&E,2025,1,v4.01,6,1,SDGE_2025_Q1_R6.xlsx,Table 10,15,K15,https://efiling.energysafety.ca.gov/eFiling/Getfile.aspx?fileid=58132&shareable=true
T10R-a3a980e9c8d8fd38,1100000014,1100000014,1.d.,stable,v4_native,1. Recent use of PSPS and fast-trip,Frequency of fast-trip events (total),HWW & RFW,Number of events,v4_native,2,,,SDG&E,2025,1,v4.01,6,1,SDGE_2025_Q1_R6.xlsx,Table 10,16,K16,https://efiling.energysafety.ca.gov/eFiling/Getfile.aspx?fileid=58132&shareable=true
T10R-c8daad84b177c328,1100000015,1100000015,1.d.,stable,v4_native,1. Recent use of PSPS and fast-trip,Frequency of fast-trip events (total),Neither,Number of events,v4_native,1,,,SDG&E,2025,1,v4.01,6,1,SDGE_2025_Q1_R6.xlsx,Table 10,17,K17,https://efiling.energysafety.ca.gov/eFiling/Getfile.aspx?fileid=58132&shareable=true
T10R-681b5b23f681dc0a,1100000016,1100000016,1.e,stable,v4_native,1. Recent use of PSPS and fast-trip,Circuit mile days with fast-trip settings enabled (total),RFW only,Circuit mile days,v4_native,3961.67,,,SDG&E,2025,1,v4.01,6,1,SDGE_2025_Q1_R6.xlsx,Table 10,18,K18,https://efiling.energysafety.ca.gov/eFiling/Getfile.aspx?fileid=58132&shareable=true
T10R-1a8badfe3f8f788e,1100000017,1100000017,1.e,stable,v4_native,1. Recent use of PSPS and fast-trip,Circuit mile days with fast-trip settings enabled (total),HWW only,Circuit mile days,v4_native,0,,,SDG&E,2025,1,v4.01,6,1,SDGE_2025_Q1_R6.xlsx,Table 10,19,K19,https://efiling.energysafety.ca.gov/eFiling/Getfile.aspx?fileid=58132&shareable=true
T10R-a03ea9e415513007,1100000018,1100000018,1.e,stable,v4_native,1. Recent use of PSPS and fast-trip,Circuit mile days with fast-trip settings enabled (total),HWW & RFW,Circuit mile days,v4_native,16172,,,SDG&E,2025,1,v4.01,6,1,SDGE_2025_Q1_R6.xlsx,Table 10,20,K20,https://efiling.energysafety.ca.gov/eFiling/Getfile.aspx?fileid=58132&shareable=true
T10R-86e1e8168fc6de40,1100000019,1100000019,1.e,stable,v4_native,1. Recent use of PSPS and fast-trip,Circuit mile days with fast-trip settings enabled (total),Neither,Circuit mile days,v4_native,99.74,,,SDG&E,2025,1,v4.01,6,1,SDGE_2025_Q1_R6.xlsx,Table 10,21,K21,https://efiling.energysafety.ca.gov/eFiling/Getfile.aspx?fileid=58132&shareable=true
T10R-9bd905f955b89a93,1100000020,1100000020,2.a.,stable,v4_native,2. Customer hours of PSPS and other outages,Customer hours of planned outages including PSPS (total),,Customer hours,v4_native,2191287.586666667,,,SDG&E,2025,1,v4.01,6,1,SDGE_2025_Q1_R6.xlsx,Table 10,22,K22,https://efiling.energysafety.ca.gov/eFiling/Getfile.aspx?fileid=58132&shareable=true
T10R-c78c704e7b22bf8d,1100000021,1100000021,2.b.,stable,v4_native,2. Customer hours of PSPS and other outages,"Customer hours of unplanned outages, not including PSPS or fast-trip (total)",,Customer hours,v4_native,385580,,,SDG&E,2025,1,v4.01,6,1,SDGE_2025_Q1_R6.xlsx,Table 10,23,K23,https://efiling.energysafety.ca.gov/eFiling/Getfile.aspx?fileid=58132&shareable=true
T10R-e1242b84fb5264a5,1100000022,1100000022,2.c.,stable,v4_native,2. Customer hours of PSPS and other outages,Customer hours of unplanned outages resulting from fast-trip,,Customer hours,v4_native,76284.37,,,SDG&E,2025,1,v4.01,6,1,SDGE_2025_Q1_R6.xlsx,Table 10,24,K24,https://efiling.energysafety.ca.gov/eFiling/Getfile.aspx?fileid=58132&shareable=true
T10R-25fa38500d372a1c,1100000023,1100000023,2.d.,stable,v4_native,2. Customer hours of PSPS and other outages,System Average Interruption Duration Index (SAIDI) (including PSPS),,SAIDI index value = sum of all interruptions in time period where each interruption is defined as sum(duration of interruption * # of customer interruptions) / Total number of customers served,v4_native,81.4196553,,,SDG&E,2025,1,v4.01,6,1,SDGE_2025_Q1_R6.xlsx,Table 10,25,K25,https://efiling.energysafety.ca.gov/eFiling/Getfile.aspx?fileid=58132&shareable=true
T10R-756578a36da5cd95,1100000024,1100000024,2.e.,stable,v4_native,2. Customer hours of PSPS and other outages,System Average Interruption Duration Index (SAIDI) (excluding PSPS),,SAIDI index value = sum of all interruptions in time period where each interruption is defined as sum(duration of interruption * # of customer interruptions) / Total number of customers served,v4_native,15.85,,,SDG&E,2025,1,v4.01,6,1,SDGE_2025_Q1_R6.xlsx,Table 10,26,K26,https://efiling.energysafety.ca.gov/eFiling/Getfile.aspx?fileid=58132&shareable=true
T10R-5462a087f618bf51,1100000025,1100000025,2.f.,stable,v4_native,2. Customer hours of PSPS and other outages,System Average Interruption Frequency Index (SAIFI) (including PSPS),,SAIFI index value = sum of all interruptions in time period where each interruption is defined as (total # of customer interruptions) / (total # of customers served),v4_native,0.14325876699999998,,,SDG&E,2025,1,v4.01,6,1,SDGE_2025_Q1_R6.xlsx,Table 10,27,K27,https://efiling.energysafety.ca.gov/eFiling/Getfile.aspx?fileid=58132&shareable=true
T10R-d5e682c97b864ba6,1100000026,1100000026,2.g.,stable,v4_native,2. Customer hours of PSPS and other outages,System Average Interruption Frequency Index (SAIFI) (excluding PSPS),,SAIFI index value = sum of all interruptions in time period where each interruption is defined as (total # of customer interruptions) / (total # of customers served),v4_native,0.1113,,,SDG&E,2025,1,v4.01,6,1,SDGE_2025_Q1_R6.xlsx,Table 10,28,K28,https://efiling.energysafety.ca.gov/eFiling/Getfile.aspx?fileid=58132&shareable=true
T10R-86182431089febde,1100000027,1100000027,3.a.,stable,v4_native,3. Critical infrastructure impacted by PSPS,Critical infrastructure impacted by PSPS,,Number of critical infrastructure (in accordance with D.19-05-042) locations impacted multiplied by hours offline,v4_native,2582,,,SDG&E,2025,1,v4.01,6,1,SDGE_2025_Q1_R6.xlsx,Table 10,29,K29,https://efiling.energysafety.ca.gov/eFiling/Getfile.aspx?fileid=58132&shareable=true
T10R-eacf391156edc517,1100000028,1100000028,4.a.,stable,v4_native,4. Community outreach of PSPS metrics,# of customers impacted by PSPS,,"# of customers impacted by PSPS (if multiple PSPS events impact the same customer, count each event as a separate customer)",v4_native,52993,,,SDG&E,2025,1,v4.01,6,1,SDGE_2025_Q1_R6.xlsx,Table 10,30,K30,https://efiling.energysafety.ca.gov/eFiling/Getfile.aspx?fileid=58132&shareable=true
T10R-334c24fc9d9bfb05,1100000029,1100000029,4.b.,stable,v4_native,4. Community outreach of PSPS metrics,# of medical baseline customers impacted by PSPS,,"# of customers impacted by PSPS (if multiple PSPS events impact the same customer, count each event as a separate customer)",v4_native,3147,,,SDG&E,2025,1,v4.01,6,1,SDGE_2025_Q1_R6.xlsx,Table 10,31,K31,https://efiling.energysafety.ca.gov/eFiling/Getfile.aspx?fileid=58132&shareable=true
T10R-eaf6c1fcdba3ea84,1100000030,1100000030,4.c.,stable,v4_native,4. Community outreach of PSPS metrics,# of customers notified prior to initiation of PSPS event,,"# of customers notified (if multiple PSPS events impact the same customer, count each event as a separate customer)",v4_native,158277,,,SDG&E,2025,1,v4.01,6,1,SDGE_2025_Q1_R6.xlsx,Table 10,32,K32,https://efiling.energysafety.ca.gov/eFiling/Getfile.aspx?fileid=58132&shareable=true
T10R-fffd5018e59dae85,1100000031,1100000031,4.d.,stable,v4_native,4. Community outreach of PSPS metrics,# of medical baseline customers notified prior to initiation of PSPS event,,"# of customers notified (if multiple PSPS events impact the same customer, count each event as a separate customer)",v4_native,11149,,,SDG&E,2025,1,v4.01,6,1,SDGE_2025_Q1_R6.xlsx,Table 10,33,K33,https://efiling.energysafety.ca.gov/eFiling/Getfile.aspx?fileid=58132&shareable=true
T10R-9755634bfee1506f,1100000032,1100000032,4.e.,stable,v4_native,4. Community outreach of PSPS metrics,# of customers notified prior to a PSPS event impacting them,,"# of customers notified (if multiple PSPS events impact the same customer, count each event as a separate customer)",v4_native,51371,,,SDG&E,2025,1,v4.01,6,1,SDGE_2025_Q1_R6.xlsx,Table 10,34,K34,https://efiling.energysafety.ca.gov/eFiling/Getfile.aspx?fileid=58132&shareable=true
T10R-032b85e236295c6b,1100000033,1100000033,4.f.,stable,v4_native,4. Community outreach of PSPS metrics,# of medical baseline customers notified prior to a PSPS event impacting them,,"# of customers notified (if multiple PSPS events impact the same customer, count each event as a separate customer)",v4_native,3076,,,SDG&E,2025,1,v4.01,6,1,SDGE_2025_Q1_R6.xlsx,Table 10,35,K35,https://efiling.energysafety.ca.gov/eFiling/Getfile.aspx?fileid=58132&shareable=true
T10R-25e972001b7226ca,1100000034,1100000034,5.a.,stable,v4_native,5. Other PSPS metrics,Number of PSPS events in which a notification was sent but no de-energization occurred,,Number of events,v4_native,0,,,SDG&E,2025,1,v4.01,6,1,SDGE_2025_Q1_R6.xlsx,Table 10,36,K36,https://efiling.energysafety.ca.gov/eFiling/Getfile.aspx?fileid=58132&shareable=true
T10R-d8ac0d3792119e45,1100000035,1100000035,5.b.,stable,v4_native,5. Other PSPS metrics,Average number of customers located on de-energized circuit,,Number of customers,v4_native,1142,,,SDG&E,2025,1,v4.01,6,1,SDGE_2025_Q1_R6.xlsx,Table 10,37,K37,https://efiling.energysafety.ca.gov/eFiling/Getfile.aspx?fileid=58132&shareable=true
T10R-6555569d21210f9f,1100000036,1100000036,5.c.,stable,v4_native,5. Other PSPS metrics,Customer hours of PSPS per RFW OH circuit mile day,,Customer hours per RFW OH circuit mile day in time period,v4_native,0.11380278948521841,,,SDG&E,2025,1,v4.01,6,1,SDGE_2025_Q1_R6.xlsx,Table 10,38,K38,https://efiling.energysafety.ca.gov/eFiling/Getfile.aspx?fileid=58132&shareable=true
T10R-8b0d83f062852785,1100000037,1100000037,5.c.,stable,v4_native,5. Other PSPS metrics,Customer hours of PSPS per HWW OH circuit mile day,,Customer hours per HWW OH circuit mile day in time period,v4_native,0.43359634004656034,,,SDG&E,2025,1,v4.01,6,1,SDGE_2025_Q1_R6.xlsx,Table 10,39,K39,https://efiling.energysafety.ca.gov/eFiling/Getfile.aspx?fileid=58132&shareable=true
T10R-e75614482272fcea,1100000038,1100000038,5.c.,stable,v4_native,5. Other PSPS metrics,Customer hours of PSPS per high FPIOH circuit mile day,,Customer hours per FPI OH circuit mile day in time period,v4_native,13.80209535692552,,,SDG&E,2025,1,v4.01,6,1,SDGE_2025_Q1_R6.xlsx,Table 10,40,K40,https://efiling.energysafety.ca.gov/eFiling/Getfile.aspx?fileid=58132&shareable=true
T10R-3dc4934f889bc83e,1100000039,1100000039,5.d.,corrected_in_v3_2,v4_native,5. Other PSPS metrics,"Median time between de-energization, due to PSPS, and inspection of a circuit segment",,hours,v4_native,2.69,,,SDG&E,2025,1,v4.01,6,1,SDGE_2025_Q1_R6.xlsx,Table 10,41,K41,https://efiling.energysafety.ca.gov/eFiling/Getfile.aspx?fileid=58132&shareable=true
T10R-96f129bedaa1c390,1100000040,1100000040,5.e.,stable,v4_native,5. Other PSPS metrics,"95 percentile of time between de-energization, due to PSPS, and inspection of a circuit segment",,hours,v4_native,8.68,,,SDG&E,2025,1,v4.01,6,1,SDGE_2025_Q1_R6.xlsx,Table 10,42,K42,https://efiling.energysafety.ca.gov/eFiling/Getfile.aspx?fileid=58132&shareable=true
T10R-ad41531cf9925b26,1100000041,1100000041,5.f.,stable,v4_native,5. Other PSPS metrics,"Median time between de-energization, due to fast-trip, and inspection of a circuit segment",,hours,v4_native,6.18,,,SDG&E,2025,1,v4.01,6,1,SDGE_2025_Q1_R6.xlsx,Table 10,43,K43,https://efiling.energysafety.ca.gov/eFiling/Getfile.aspx?fileid=58132&shareable=true
T10R-932218f98cdc1749,1100000042,1100000042,5.g.,stable,v4_native,5. Other PSPS metrics,"95 percentile of time between de-energization, due to fast-trip, and inspection of a circuit segment",,hours,v4_native,23.4,,,SDG&E,2025,1,v4.01,6,1,SDGE_2025_Q1_R6.xlsx,Table 10,44,K44,https://efiling.energysafety.ca.gov/eFiling/Getfile.aspx?fileid=58132&shareable=true
T10R-2cdcfea44996707b,1100000043,1100000043,5.h.,stable,v4_native,5. Other PSPS metrics,Number of risk events occurring on a de-energized circuit,,Number of risk events,v4_native,2,,,SDG&E,2025,1,v4.01,6,1,SDGE_2025_Q1_R6.xlsx,Table 10,45,K45,https://efiling.energysafety.ca.gov/eFiling/Getfile.aspx?fileid=58132&shareable=true
T10R-955947bb024c9a02,1100000000,1100000000,1.a.,stable,v4_native,1. Recent use of PSPS and fast-trip,Frequency of PSPS events (total),RFW only,Number of events,v4_native,0,,,SDG&E,2025,2,v4.01,5,2,SDGE_2025_Q2_R5.xlsx,Table 10,2,K2,https://efiling.energysafety.ca.gov/eFiling/Getfile.aspx?fileid=58132&shareable=true
T10R-240195161044725b,1100000001,1100000001,1.a.,stable,v4_native,1. Recent use of PSPS and fast-trip,Frequency of PSPS events (total),HWW only,Number of events,v4_native,0,,,SDG&E,2025,2,v4.01,5,2,SDGE_2025_Q2_R5.xlsx,Table 10,3,K3,https://efiling.energysafety.ca.gov/eFiling/Getfile.aspx?fileid=58132&shareable=true
T10R-5bc92b090d9e0f63,1100000002,1100000002,1.a.,stable,v4_native,1. Recent use of PSPS and fast-trip,Frequency of PSPS events (total),HWW & RFW,Number of events,v4_native,0,,,SDG&E,2025,2,v4.01,5,2,SDGE_2025_Q2_R5.xlsx,Table 10,4,K4,https://efiling.energysafety.ca.gov/eFiling/Getfile.aspx?fileid=58132&shareable=true
T10R-deb7b94c7456e882,1100000003,1100000003,1.a.,stable,v4_neither_no_legacy_equivalent,1. Recent use of PSPS and fast-trip,Frequency of PSPS events (total),Neither,Number of events,v4_native,0,,,SDG&E,2025,2,v4.01,5,2,SDGE_2025_Q2_R5.xlsx,Table 10,5,K5,https://efiling.energysafety.ca.gov/eFiling/Getfile.aspx?fileid=58132&shareable=true
T10R-9a8875ade82e6ce4,1100000004,1100000004,1.b.,stable,v4_native,1. Recent use of PSPS and fast-trip,Scope of PSPS events (total),RFW only,"Circuit-events, measured in number of events multiplied by number of circuits de-energized",v4_native,0,,,SDG&E,2025,2,v4.01,5,2,SDGE_2025_Q2_R5.xlsx,Table 10,6,K6,https://efiling.energysafety.ca.gov/eFiling/Getfile.aspx?fileid=58132&shareable=true
T10R-821842fa29638538,1100000005,1100000005,1.b.,stable,v4_native,1. Recent use of PSPS and fast-trip,Scope of PSPS events (total),HWW only,"Circuit-events, measured in number of events multiplied by number of circuits de-energized",v4_native,0,,,SDG&E,2025,2,v4.01,5,2,SDGE_2025_Q2_R5.xlsx,Table 10,7,K7,https://efiling.energysafety.ca.gov/eFiling/Getfile.aspx?fileid=58132&shareable=true
T10R-1a906668d4446b83,1100000006,1100000006,1.b.,stable,v4_native,1. Recent use of PSPS and fast-trip,Scope of PSPS events (total),HWW & RFW,"Circuit-events, measured in number of events multiplied by number of circuits de-energized",v4_native,0,,,SDG&E,2025,2,v4.01,5,2,SDGE_2025_Q2_R5.xlsx,Table 10,8,K8,https://efiling.energysafety.ca.gov/eFiling/Getfile.aspx?fileid=58132&shareable=true
T10R-c980879192e062bf,1100000007,1100000007,1.b.,stable,v4_neither_no_legacy_equivalent,1. Recent use of PSPS and fast-trip,Scope of PSPS events (total),Neither,"Circuit-events, measured in number of events multiplied by number of circuits de-energized",v4_native,0,,,SDG&E,2025,2,v4.01,5,2,SDGE_2025_Q2_R5.xlsx,Table 10,9,K9,https://efiling.energysafety.ca.gov/eFiling/Getfile.aspx?fileid=58132&shareable=true
T10R-8cacb674d6e1af48,1100000008,1100000008,1.c.,stable,v4_native,1. Recent use of PSPS and fast-trip,Duration of PSPS events (total),RFW only,Customer hours,v4_native,0,,,SDG&E,2025,2,v4.01,5,2,SDGE_2025_Q2_R5.xlsx,Table 10,10,K10,https://efiling.energysafety.ca.gov/eFiling/Getfile.aspx?fileid=58132&shareable=true
T10R-98fbb2f4827adadd,1100000009,1100000009,1.c.,stable,v4_native,1. Recent use of PSPS and fast-trip,Duration of PSPS events (total),HWW only,Customer hours,v4_native,0,,,SDG&E,2025,2,v4.01,5,2,SDGE_2025_Q2_R5.xlsx,Table 10,11,K11,https://efiling.energysafety.ca.gov/eFiling/Getfile.aspx?fileid=58132&shareable=true
T10R-9e703722c5182074,1100000010,1100000010,1.c.,stable,v4_native,1. Recent use of PSPS and fast-trip,Duration of PSPS events (total),HWW & RFW,Customer hours,v4_native,0,,,SDG&E,2025,2,v4.01,5,2,SDGE_2025_Q2_R5.xlsx,Table 10,12,K12,https://efiling.energysafety.ca.gov/eFiling/Getfile.aspx?fileid=58132&shareable=true
T10R-a44b83b227ef6aff,1100000011,1100000011,1.c.,stable,v4_neither_no_legacy_equivalent,1. Recent use of PSPS and fast-trip,Duration of PSPS events (total),Neither,Customer hours,v4_native,0,,,SDG&E,2025,2,v4.01,5,2,SDGE_2025_Q2_R5.xlsx,Table 10,13,K13,https://efiling.energysafety.ca.gov/eFiling/Getfile.aspx?fileid=58132&shareable=true
T10R-8721d31fa3f865e4,1100000012,1100000012,1.d.,stable,v4_native,1. Recent use of PSPS and fast-trip,Frequency of fast-trip events (total),RFW only,Number of events,v4_native,0,,,SDG&E,2025,2,v4.01,5,2,SDGE_2025_Q2_R5.xlsx,Table 10,14,K14,https://efiling.energysafety.ca.gov/eFiling/Getfile.aspx?fileid=58132&shareable=true
T10R-404a7de890b86557,1100000013,1100000013,1.d.,stable,v4_native,1. Recent use of PSPS and fast-trip,Frequency of fast-trip events (total),HWW only,Number of events,v4_native,0,,,SDG&E,2025,2,v4.01,5,2,SDGE_2025_Q2_R5.xlsx,Table 10,15,K15,https://efiling.energysafety.ca.gov/eFiling/Getfile.aspx?fileid=58132&shareable=true
T10R-3cb452c46f3ca2a0,1100000014,1100000014,1.d.,stable,v4_native,1. Recent use of PSPS and fast-trip,Frequency of fast-trip events (total),HWW & RFW,Number of events,v4_native,0,,,SDG&E,2025,2,v4.01,5,2,SDGE_2025_Q2_R5.xlsx,Table 10,16,K16,https://efiling.energysafety.ca.gov/eFiling/Getfile.aspx?fileid=58132&shareable=true
T10R-bb0a6c425ca8ceb5,1100000015,1100000015,1.d.,stable,v4_native,1. Recent use of PSPS and fast-trip,Frequency of fast-trip events (total),Neither,Number of events,v4_native,0,,,SDG&E,2025,2,v4.01,5,2,SDGE_2025_Q2_R5.xlsx,Table 10,17,K17,https://efiling.energysafety.ca.gov/eFiling/Getfile.aspx?fileid=58132&shareable=true
T10R-ae4148748e5e8460,1100000016,1100000016,1.e,stable,v4_native,1. Recent use of PSPS and fast-trip,Circuit mile days with fast-trip settings enabled (total),RFW only,Circuit mile days,v4_native,0,,,SDG&E,2025,2,v4.01,5,2,SDGE_2025_Q2_R5.xlsx,Table 10,18,K18,https://efiling.energysafety.ca.gov/eFiling/Getfile.aspx?fileid=58132&shareable=true
T10R-cfbbd4e4ecd8bed2,1100000017,1100000017,1.e,stable,v4_native,1. Recent use of PSPS and fast-trip,Circuit mile days with fast-trip settings enabled (total),HWW only,Circuit mile days,v4_native,0,,,SDG&E,2025,2,v4.01,5,2,SDGE_2025_Q2_R5.xlsx,Table 10,19,K19,https://efiling.energysafety.ca.gov/eFiling/Getfile.aspx?fileid=58132&shareable=true
T10R-15963670920253b2,1100000018,1100000018,1.e,stable,v4_native,1. Recent use of PSPS and fast-trip,Circuit mile days with fast-trip settings enabled (total),HWW & RFW,Circuit mile days,v4_native,0,,,SDG&E,2025,2,v4.01,5,2,SDGE_2025_Q2_R5.xlsx,Table 10,20,K20,https://efiling.energysafety.ca.gov/eFiling/Getfile.aspx?fileid=58132&shareable=true
T10R-3b8a1f61841474f7,1100000019,1100000019,1.e,stable,v4_native,1. Recent use of PSPS and fast-trip,Circuit mile days with fast-trip settings enabled (total),Neither,Circuit mile days,v4_native,0,,,SDG&E,2025,2,v4.01,5,2,SDGE_2025_Q2_R5.xlsx,Table 10,21,K21,https://efiling.energysafety.ca.gov/eFiling/Getfile.aspx?fileid=58132&shareable=true
T10R-46e4636ff910432c,1100000020,1100000020,2.a.,stable,v4_native,2. Customer hours of PSPS and other outages,Customer hours of planned outages including PSPS (total),,Customer hours,v4_native,0,,,SDG&E,2025,2,v4.01,5,2,SDGE_2025_Q2_R5.xlsx,Table 10,22,K22,https://efiling.energysafety.ca.gov/eFiling/Getfile.aspx?fileid=58132&shareable=true
T10R-a4b3c17187bccc46,1100000021,1100000021,2.b.,stable,v4_native,2. Customer hours of PSPS and other outages,"Customer hours of unplanned outages, not including PSPS or fast-trip (total)",,Customer hours,v4_native,228592.99,,,SDG&E,2025,2,v4.01,5,2,SDGE_2025_Q2_R5.xlsx,Table 10,23,K23,https://efiling.energysafety.ca.gov/eFiling/Getfile.aspx?fileid=58132&shareable=true
T10R-1345a2b7647ae5e2,1100000022,1100000022,2.c.,stable,v4_native,2. Customer hours of PSPS and other outages,Customer hours of unplanned outages resulting from fast-trip,,Customer hours,v4_native,0,,,SDG&E,2025,2,v4.01,5,2,SDGE_2025_Q2_R5.xlsx,Table 10,24,K24,https://efiling.energysafety.ca.gov/eFiling/Getfile.aspx?fileid=58132&shareable=true
T10R-3ba63c1070da86a2,1100000023,1100000023,2.d.,stable,v4_native,2. Customer hours of PSPS and other outages,System Average Interruption Duration Index (SAIDI) (including PSPS),,SAIDI index value = sum of all interruptions in time period where each interruption is defined as sum(duration of interruption * # of customer interruptions) / Total number of customers served,v4_native,8.92,,,SDG&E,2025,2,v4.01,5,2,SDGE_2025_Q2_R5.xlsx,Table 10,25,K25,https://efiling.energysafety.ca.gov/eFiling/Getfile.aspx?fileid=58132&shareable=true
T10R-fffd4224caa06c7b,1100000024,1100000024,2.e.,stable,v4_native,2. Customer hours of PSPS and other outages,System Average Interruption Duration Index (SAIDI) (excluding PSPS),,SAIDI index value = sum of all interruptions in time period where each interruption is defined as sum(duration of interruption * # of customer interruptions) / Total number of customers served,v4_native,8.92,,,SDG&E,2025,2,v4.01,5,2,SDGE_2025_Q2_R5.xlsx,Table 10,26,K26,https://efiling.energysafety.ca.gov/eFiling/Getfile.aspx?fileid=58132&shareable=true
T10R-778597eca3753944,1100000025,1100000025,2.f.,stable,v4_native,2. Customer hours of PSPS and other outages,System Average Interruption Frequency Index (SAIFI) (including PSPS),,SAIFI index value = sum of all interruptions in time period where each interruption is defined as (total # of customer interruptions) / (total # of customers served),v4_native,0.0864,,,SDG&E,2025,2,v4.01,5,2,SDGE_2025_Q2_R5.xlsx,Table 10,27,K27,https://efiling.energysafety.ca.gov/eFiling/Getfile.aspx?fileid=58132&shareable=true
T10R-ac9dc96ec06b73c4,1100000026,1100000026,2.g.,stable,v4_native,2. Customer hours of PSPS and other outages,System Average Interruption Frequency Index (SAIFI) (excluding PSPS),,SAIFI index value = sum of all interruptions in time period where each interruption is defined as (total # of customer interruptions) / (total # of customers served),v4_native,0.0864,,,SDG&E,2025,2,v4.01,5,2,SDGE_2025_Q2_R5.xlsx,Table 10,28,K28,https://efiling.energysafety.ca.gov/eFiling/Getfile.aspx?fileid=58132&shareable=true
T10R-d5c4c30d82d0295e,1100000027,1100000027,3.a.,stable,v4_native,3. Critical infrastructure impacted by PSPS,Critical infrastructure impacted by PSPS,,Number of critical infrastructure (in accordance with D.19-05-042) locations impacted multiplied by hours offline,v4_native,0,,,SDG&E,2025,2,v4.01,5,2,SDGE_2025_Q2_R5.xlsx,Table 10,29,K29,https://efiling.energysafety.ca.gov/eFiling/Getfile.aspx?fileid=58132&shareable=true
T10R-c9f5ea965e619809,1100000028,1100000028,4.a.,stable,v4_native,4. Community outreach of PSPS metrics,# of customers impacted by PSPS,,"# of customers impacted by PSPS (if multiple PSPS events impact the same customer, count each event as a separate customer)",v4_native,0,,,SDG&E,2025,2,v4.01,5,2,SDGE_2025_Q2_R5.xlsx,Table 10,30,K30,https://efiling.energysafety.ca.gov/eFiling/Getfile.aspx?fileid=58132&shareable=true
T10R-f401b6d6e70be0d0,1100000029,1100000029,4.b.,stable,v4_native,4. Community outreach of PSPS metrics,# of medical baseline customers impacted by PSPS,,"# of customers impacted by PSPS (if multiple PSPS events impact the same customer, count each event as a separate customer)",v4_native,0,,,SDG&E,2025,2,v4.01,5,2,SDGE_2025_Q2_R5.xlsx,Table 10,31,K31,https://efiling.energysafety.ca.gov/eFiling/Getfile.aspx?fileid=58132&shareable=true
T10R-90627ff58e8c0688,1100000030,1100000030,4.c.,stable,v4_native,4. Community outreach of PSPS metrics,# of customers notified prior to initiation of PSPS event,,"# of customers notified (if multiple PSPS events impact the same customer, count each event as a separate customer)",v4_native,0,,,SDG&E,2025,2,v4.01,5,2,SDGE_2025_Q2_R5.xlsx,Table 10,32,K32,https://efiling.energysafety.ca.gov/eFiling/Getfile.aspx?fileid=58132&shareable=true
T10R-b0c6b08274b45a6f,1100000031,1100000031,4.d.,stable,v4_native,4. Community outreach of PSPS metrics,# of medical baseline customers notified prior to initiation of PSPS event,,"# of customers notified (if multiple PSPS events impact the same customer, count each event as a separate customer)",v4_native,0,,,SDG&E,2025,2,v4.01,5,2,SDGE_2025_Q2_R5.xlsx,Table 10,33,K33,https://efiling.energysafety.ca.gov/eFiling/Getfile.aspx?fileid=58132&shareable=true
T10R-92bc2766bf434cf8,1100000032,1100000032,4.e.,stable,v4_native,4. Community outreach of PSPS metrics,# of customers notified prior to a PSPS event impacting them,,"# of customers notified (if multiple PSPS events impact the same customer, count each event as a separate customer)",v4_native,0,,,SDG&E,2025,2,v4.01,5,2,SDGE_2025_Q2_R5.xlsx,Table 10,34,K34,https://efiling.energysafety.ca.gov/eFiling/Getfile.aspx?fileid=58132&shareable=true
T10R-aa7a1ca56cad4306,1100000033,1100000033,4.f.,stable,v4_native,4. Community outreach of PSPS metrics,# of medical baseline customers notified prior to a PSPS event impacting them,,"# of customers notified (if multiple PSPS events impact the same customer, count each event as a separate customer)",v4_native,0,,,SDG&E,2025,2,v4.01,5,2,SDGE_2025_Q2_R5.xlsx,Table 10,35,K35,https://efiling.energysafety.ca.gov/eFiling/Getfile.aspx?fileid=58132&shareable=true
T10R-f5179f73eea88809,1100000034,1100000034,5.a.,stable,v4_native,5. Other PSPS metrics,Number of PSPS events in which a notification was sent but no de-energization occurred,,Number of events,v4_native,0,,,SDG&E,2025,2,v4.01,5,2,SDGE_2025_Q2_R5.xlsx,Table 10,36,K36,https://efiling.energysafety.ca.gov/eFiling/Getfile.aspx?fileid=58132&shareable=true
T10R-fa58289526b8adf8,1100000035,1100000035,5.b.,stable,v4_native,5. Other PSPS metrics,Average number of customers located on de-energized circuit,,Number of customers,v4_native,0,,,SDG&E,2025,2,v4.01,5,2,SDGE_2025_Q2_R5.xlsx,Table 10,37,K37,https://efiling.energysafety.ca.gov/eFiling/Getfile.aspx?fileid=58132&shareable=true
T10R-6c06962cd9933087,1100000036,1100000036,5.c.,stable,v4_native,5. Other PSPS metrics,Customer hours of PSPS per RFW OH circuit mile day,,Customer hours per RFW OH circuit mile day in time period,v4_native,0,,,SDG&E,2025,2,v4.01,5,2,SDGE_2025_Q2_R5.xlsx,Table 10,38,K38,https://efiling.energysafety.ca.gov/eFiling/Getfile.aspx?fileid=58132&shareable=true
T10R-90321150ae0c5004,1100000037,1100000037,5.c.,stable,v4_native,5. Other PSPS metrics,Customer hours of PSPS per HWW OH circuit mile day,,Customer hours per HWW OH circuit mile day in time period,v4_native,0,,,SDG&E,2025,2,v4.01,5,2,SDGE_2025_Q2_R5.xlsx,Table 10,39,K39,https://efiling.energysafety.ca.gov/eFiling/Getfile.aspx?fileid=58132&shareable=true
T10R-2390908191b7c3e5,1100000038,1100000038,5.c.,stable,v4_native,5. Other PSPS metrics,Customer hours of PSPS per high FPIOH circuit mile day,,Customer hours per FPI OH circuit mile day in time period,v4_native,0,,,SDG&E,2025,2,v4.01,5,2,SDGE_2025_Q2_R5.xlsx,Table 10,40,K40,https://efiling.energysafety.ca.gov/eFiling/Getfile.aspx?fileid=58132&shareable=true
T10R-d35c7fcc3454c149,1100000039,1100000039,5.d.,corrected_in_v3_2,v4_native,5. Other PSPS metrics,"Median time between de-energization, due to PSPS, and inspection of a circuit segment",,hours,v4_native,0,,,SDG&E,2025,2,v4.01,5,2,SDGE_2025_Q2_R5.xlsx,Table 10,41,K41,https://efiling.energysafety.ca.gov/eFiling/Getfile.aspx?fileid=58132&shareable=true
T10R-f21b775c5e7c8b42,1100000040,1100000040,5.e.,stable,v4_native,5. Other PSPS metrics,"95 percentile of time between de-energization, due to PSPS, and inspection of a circuit segment",,hours,v4_native,0,,,SDG&E,2025,2,v4.01,5,2,SDGE_2025_Q2_R5.xlsx,Table 10,42,K42,https://efiling.energysafety.ca.gov/eFiling/Getfile.aspx?fileid=58132&shareable=true
T10R-8f52906d34606660,1100000041,1100000041,5.f.,stable,v4_native,5. Other PSPS metrics,"Median time between de-energization, due to fast-trip, and inspection of a circuit segment",,hours,v4_native,0,,,SDG&E,2025,2,v4.01,5,2,SDGE_2025_Q2_R5.xlsx,Table 10,43,K43,https://efiling.energysafety.ca.gov/eFiling/Getfile.aspx?fileid=58132&shareable=true
T10R-3b0ef035319a5f24,1100000042,1100000042,5.g.,stable,v4_native,5. Other PSPS metrics,"95 percentile of time between de-energization, due to fast-trip, and inspection of a circuit segment",,hours,v4_native,0,,,SDG&E,2025,2,v4.01,5,2,SDGE_2025_Q2_R5.xlsx,Table 10,44,K44,https://efiling.energysafety.ca.gov/eFiling/Getfile.aspx?fileid=58132&shareable=true
T10R-1e6160f5539db75a,1100000043,1100000043,5.h.,stable,v4_native,5. Other PSPS metrics,Number of risk events occurring on a de-energized circuit,,Number of risk events,v4_native,0,,,SDG&E,2025,2,v4.01,5,2,SDGE_2025_Q2_R5.xlsx,Table 10,45,K45,https://efiling.energysafety.ca.gov/eFiling/Getfile.aspx?fileid=58132&shareable=true
T10R-e631ba45c21148d5,1100000000,1100000000,1.a.,stable,v4_native,1. Recent use of PSPS and fast-trip,Frequency of PSPS events (total),RFW only,Number of events,v4_native,0,,,SDG&E,2025,3,v4.01,4,3,SDGE_2025_Q3_R4.xlsx,Table 10,2,K2,https://efiling.energysafety.ca.gov/eFiling/Getfile.aspx?fileid=58132&shareable=true
T10R-7bdea270c6c4bba3,1100000001,1100000001,1.a.,stable,v4_native,1. Recent use of PSPS and fast-trip,Frequency of PSPS events (total),HWW only,Number of events,v4_native,0,,,SDG&E,2025,3,v4.01,4,3,SDGE_2025_Q3_R4.xlsx,Table 10,3,K3,https://efiling.energysafety.ca.gov/eFiling/Getfile.aspx?fileid=58132&shareable=true
T10R-6a0260c0fa11ad24,1100000002,1100000002,1.a.,stable,v4_native,1. Recent use of PSPS and fast-trip,Frequency of PSPS events (total),HWW & RFW,Number of events,v4_native,0,,,SDG&E,2025,3,v4.01,4,3,SDGE_2025_Q3_R4.xlsx,Table 10,4,K4,https://efiling.energysafety.ca.gov/eFiling/Getfile.aspx?fileid=58132&shareable=true
T10R-c113ab13e715203a,1100000003,1100000003,1.a.,stable,v4_neither_no_legacy_equivalent,1. Recent use of PSPS and fast-trip,Frequency of PSPS events (total),Neither,Number of events,v4_native,0,,,SDG&E,2025,3,v4.01,4,3,SDGE_2025_Q3_R4.xlsx,Table 10,5,K5,https://efiling.energysafety.ca.gov/eFiling/Getfile.aspx?fileid=58132&shareable=true
T10R-4dd8c78f63a1c7d3,1100000004,1100000004,1.b.,stable,v4_native,1. Recent use of PSPS and fast-trip,Scope of PSPS events (total),RFW only,"Circuit-events, measured in number of events multiplied by number of circuits de-energized",v4_native,0,,,SDG&E,2025,3,v4.01,4,3,SDGE_2025_Q3_R4.xlsx,Table 10,6,K6,https://efiling.energysafety.ca.gov/eFiling/Getfile.aspx?fileid=58132&shareable=true
T10R-cd7e6605f5780d51,1100000005,1100000005,1.b.,stable,v4_native,1. Recent use of PSPS and fast-trip,Scope of PSPS events (total),HWW only,"Circuit-events, measured in number of events multiplied by number of circuits de-energized",v4_native,0,,,SDG&E,2025,3,v4.01,4,3,SDGE_2025_Q3_R4.xlsx,Table 10,7,K7,https://efiling.energysafety.ca.gov/eFiling/Getfile.aspx?fileid=58132&shareable=true
T10R-2df17adad15d3f8f,1100000006,1100000006,1.b.,stable,v4_native,1. Recent use of PSPS and fast-trip,Scope of PSPS events (total),HWW & RFW,"Circuit-events, measured in number of events multiplied by number of circuits de-energized",v4_native,0,,,SDG&E,2025,3,v4.01,4,3,SDGE_2025_Q3_R4.xlsx,Table 10,8,K8,https://efiling.energysafety.ca.gov/eFiling/Getfile.aspx?fileid=58132&shareable=true
T10R-fd6ceb55cef35ed1,1100000007,1100000007,1.b.,stable,v4_neither_no_legacy_equivalent,1. Recent use of PSPS and fast-trip,Scope of PSPS events (total),Neither,"Circuit-events, measured in number of events multiplied by number of circuits de-energized",v4_native,0,,,SDG&E,2025,3,v4.01,4,3,SDGE_2025_Q3_R4.xlsx,Table 10,9,K9,https://efiling.energysafety.ca.gov/eFiling/Getfile.aspx?fileid=58132&shareable=true
T10R-e8a8643851dc0d24,1100000008,1100000008,1.c.,stable,v4_native,1. Recent use of PSPS and fast-trip,Duration of PSPS events (total),RFW only,Customer hours,v4_native,0,,,SDG&E,2025,3,v4.01,4,3,SDGE_2025_Q3_R4.xlsx,Table 10,10,K10,https://efiling.energysafety.ca.gov/eFiling/Getfile.aspx?fileid=58132&shareable=true
T10R-0470af170c04a633,1100000009,1100000009,1.c.,stable,v4_native,1. Recent use of PSPS and fast-trip,Duration of PSPS events (total),HWW only,Customer hours,v4_native,0,,,SDG&E,2025,3,v4.01,4,3,SDGE_2025_Q3_R4.xlsx,Table 10,11,K11,https://efiling.energysafety.ca.gov/eFiling/Getfile.aspx?fileid=58132&shareable=true
T10R-e50929060608ad07,1100000010,1100000010,1.c.,stable,v4_native,1. Recent use of PSPS and fast-trip,Duration of PSPS events (total),HWW & RFW,Customer hours,v4_native,0,,,SDG&E,2025,3,v4.01,4,3,SDGE_2025_Q3_R4.xlsx,Table 10,12,K12,https://efiling.energysafety.ca.gov/eFiling/Getfile.aspx?fileid=58132&shareable=true
T10R-6c3a688d9e7ff570,1100000011,1100000011,1.c.,stable,v4_neither_no_legacy_equivalent,1. Recent use of PSPS and fast-trip,Duration of PSPS events (total),Neither,Customer hours,v4_native,0,,,SDG&E,2025,3,v4.01,4,3,SDGE_2025_Q3_R4.xlsx,Table 10,13,K13,https://efiling.energysafety.ca.gov/eFiling/Getfile.aspx?fileid=58132&shareable=true
T10R-0cd90a2266c5b6d7,1100000012,1100000012,1.d.,stable,v4_native,1. Recent use of PSPS and fast-trip,Frequency of fast-trip events (total),RFW only,Number of events,v4_native,0,,,SDG&E,2025,3,v4.01,4,3,SDGE_2025_Q3_R4.xlsx,Table 10,14,K14,https://efiling.energysafety.ca.gov/eFiling/Getfile.aspx?fileid=58132&shareable=true
T10R-15e2837b3830bca7,1100000013,1100000013,1.d.,stable,v4_native,1. Recent use of PSPS and fast-trip,Frequency of fast-trip events (total),HWW only,Number of events,v4_native,0,,,SDG&E,2025,3,v4.01,4,3,SDGE_2025_Q3_R4.xlsx,Table 10,15,K15,https://efiling.energysafety.ca.gov/eFiling/Getfile.aspx?fileid=58132&shareable=true
T10R-d946cf86e6c2387a,1100000014,1100000014,1.d.,stable,v4_native,1. Recent use of PSPS and fast-trip,Frequency of fast-trip events (total),HWW & RFW,Number of events,v4_native,0,,,SDG&E,2025,3,v4.01,4,3,SDGE_2025_Q3_R4.xlsx,Table 10,16,K16,https://efiling.energysafety.ca.gov/eFiling/Getfile.aspx?fileid=58132&shareable=true
T10R-48e02a2426359ce9,1100000015,1100000015,1.d.,stable,v4_native,1. Recent use of PSPS and fast-trip,Frequency of fast-trip events (total),Neither,Number of events,v4_native,0,,,SDG&E,2025,3,v4.01,4,3,SDGE_2025_Q3_R4.xlsx,Table 10,17,K17,https://efiling.energysafety.ca.gov/eFiling/Getfile.aspx?fileid=58132&shareable=true
T10R-493fdf677833b84b,1100000016,1100000016,1.e,stable,v4_native,1. Recent use of PSPS and fast-trip,Circuit mile days with fast-trip settings enabled (total),RFW only,Circuit mile days,v4_native,0,,,SDG&E,2025,3,v4.01,4,3,SDGE_2025_Q3_R4.xlsx,Table 10,18,K18,https://efiling.energysafety.ca.gov/eFiling/Getfile.aspx?fileid=58132&shareable=true
T10R-d91bff70ca97b1c3,1100000017,1100000017,1.e,stable,v4_native,1. Recent use of PSPS and fast-trip,Circuit mile days with fast-trip settings enabled (total),HWW only,Circuit mile days,v4_native,0,,,SDG&E,2025,3,v4.01,4,3,SDGE_2025_Q3_R4.xlsx,Table 10,19,K19,https://efiling.energysafety.ca.gov/eFiling/Getfile.aspx?fileid=58132&shareable=true
T10R-b7e326f695ca3b86,1100000018,1100000018,1.e,stable,v4_native,1. Recent use of PSPS and fast-trip,Circuit mile days with fast-trip settings enabled (total),HWW & RFW,Circuit mile days,v4_native,0,,,SDG&E,2025,3,v4.01,4,3,SDGE_2025_Q3_R4.xlsx,Table 10,20,K20,https://efiling.energysafety.ca.gov/eFiling/Getfile.aspx?fileid=58132&shareable=true
T10R-bb54684526629aa1,1100000019,1100000019,1.e,stable,v4_native,1. Recent use of PSPS and fast-trip,Circuit mile days with fast-trip settings enabled (total),Neither,Circuit mile days,v4_native,0,,,SDG&E,2025,3,v4.01,4,3,SDGE_2025_Q3_R4.xlsx,Table 10,21,K21,https://efiling.energysafety.ca.gov/eFiling/Getfile.aspx?fileid=58132&shareable=true
T10R-24cbd449bf6a41f0,1100000020,1100000020,2.a.,stable,v4_native,2. Customer hours of PSPS and other outages,Customer hours of planned outages including PSPS (total),,Customer hours,v4_native,307106.76,,,SDG&E,2025,3,v4.01,4,3,SDGE_2025_Q3_R4.xlsx,Table 10,22,K22,https://efiling.energysafety.ca.gov/eFiling/Getfile.aspx?fileid=58132&shareable=true
T10R-cff9f4f621a33b97,1100000021,1100000021,2.b.,stable,v4_native,2. Customer hours of PSPS and other outages,"Customer hours of unplanned outages, not including PSPS or fast-trip (total)",,Customer hours,v4_native,309744.65,,,SDG&E,2025,3,v4.01,4,3,SDGE_2025_Q3_R4.xlsx,Table 10,23,K23,https://efiling.energysafety.ca.gov/eFiling/Getfile.aspx?fileid=58132&shareable=true
T10R-2115607e6b7e20b6,1100000022,1100000022,2.c.,stable,v4_native,2. Customer hours of PSPS and other outages,Customer hours of unplanned outages resulting from fast-trip,,Customer hours,v4_native,0,,,SDG&E,2025,3,v4.01,4,3,SDGE_2025_Q3_R4.xlsx,Table 10,24,K24,https://efiling.energysafety.ca.gov/eFiling/Getfile.aspx?fileid=58132&shareable=true
T10R-f2da1d7c26323194,1100000023,1100000023,2.d.,stable,v4_native,2. Customer hours of PSPS and other outages,System Average Interruption Duration Index (SAIDI) (including PSPS),,SAIDI index value = sum of all interruptions in time period where each interruption is defined as sum(duration of interruption * # of customer interruptions) / Total number of customers served,v4_native,12.13,,,SDG&E,2025,3,v4.01,4,3,SDGE_2025_Q3_R4.xlsx,Table 10,25,K25,https://efiling.energysafety.ca.gov/eFiling/Getfile.aspx?fileid=58132&shareable=true
T10R-6bba9c388dd3b2a4,1100000024,1100000024,2.e.,stable,v4_native,2. Customer hours of PSPS and other outages,System Average Interruption Duration Index (SAIDI) (excluding PSPS),,SAIDI index value = sum of all interruptions in time period where each interruption is defined as sum(duration of interruption * # of customer interruptions) / Total number of customers served,v4_native,12.13,,,SDG&E,2025,3,v4.01,4,3,SDGE_2025_Q3_R4.xlsx,Table 10,26,K26,https://efiling.energysafety.ca.gov/eFiling/Getfile.aspx?fileid=58132&shareable=true
T10R-5c36594b0e73a39a,1100000025,1100000025,2.f.,stable,v4_native,2. Customer hours of PSPS and other outages,System Average Interruption Frequency Index (SAIFI) (including PSPS),,SAIFI index value = sum of all interruptions in time period where each interruption is defined as (total # of customer interruptions) / (total # of customers served),v4_native,0.0807,,,SDG&E,2025,3,v4.01,4,3,SDGE_2025_Q3_R4.xlsx,Table 10,27,K27,https://efiling.energysafety.ca.gov/eFiling/Getfile.aspx?fileid=58132&shareable=true
T10R-03ee235fc9e54d85,1100000026,1100000026,2.g.,stable,v4_native,2. Customer hours of PSPS and other outages,System Average Interruption Frequency Index (SAIFI) (excluding PSPS),,SAIFI index value = sum of all interruptions in time period where each interruption is defined as (total # of customer interruptions) / (total # of customers served),v4_native,0.0807,,,SDG&E,2025,3,v4.01,4,3,SDGE_2025_Q3_R4.xlsx,Table 10,28,K28,https://efiling.energysafety.ca.gov/eFiling/Getfile.aspx?fileid=58132&shareable=true
T10R-643b7ec9496506d0,1100000027,1100000027,3.a.,stable,v4_native,3. Critical infrastructure impacted by PSPS,Critical infrastructure impacted by PSPS,,Number of critical infrastructure (in accordance with D.19-05-042) locations impacted multiplied by hours offline,v4_native,0,,,SDG&E,2025,3,v4.01,4,3,SDGE_2025_Q3_R4.xlsx,Table 10,29,K29,https://efiling.energysafety.ca.gov/eFiling/Getfile.aspx?fileid=58132&shareable=true
T10R-2f5de0f409c19852,1100000028,1100000028,4.a.,stable,v4_native,4. Community outreach of PSPS metrics,# of customers impacted by PSPS,,"# of customers impacted by PSPS (if multiple PSPS events impact the same customer, count each event as a separate customer)",v4_native,0,,,SDG&E,2025,3,v4.01,4,3,SDGE_2025_Q3_R4.xlsx,Table 10,30,K30,https://efiling.energysafety.ca.gov/eFiling/Getfile.aspx?fileid=58132&shareable=true
T10R-0dce8948af49fe0d,1100000029,1100000029,4.b.,stable,v4_native,4. Community outreach of PSPS metrics,# of medical baseline customers impacted by PSPS,,"# of customers impacted by PSPS (if multiple PSPS events impact the same customer, count each event as a separate customer)",v4_native,0,,,SDG&E,2025,3,v4.01,4,3,SDGE_2025_Q3_R4.xlsx,Table 10,31,K31,https://efiling.energysafety.ca.gov/eFiling/Getfile.aspx?fileid=58132&shareable=true
T10R-bbe9114b48e4b225,1100000030,1100000030,4.c.,stable,v4_native,4. Community outreach of PSPS metrics,# of customers notified prior to initiation of PSPS event,,"# of customers notified (if multiple PSPS events impact the same customer, count each event as a separate customer)",v4_native,0,,,SDG&E,2025,3,v4.01,4,3,SDGE_2025_Q3_R4.xlsx,Table 10,32,K32,https://efiling.energysafety.ca.gov/eFiling/Getfile.aspx?fileid=58132&shareable=true
T10R-07e972c02843f3bd,1100000031,1100000031,4.d.,stable,v4_native,4. Community outreach of PSPS metrics,# of medical baseline customers notified prior to initiation of PSPS event,,"# of customers notified (if multiple PSPS events impact the same customer, count each event as a separate customer)",v4_native,0,,,SDG&E,2025,3,v4.01,4,3,SDGE_2025_Q3_R4.xlsx,Table 10,33,K33,https://efiling.energysafety.ca.gov/eFiling/Getfile.aspx?fileid=58132&shareable=true
T10R-5baf54c389d6f237,1100000032,1100000032,4.e.,stable,v4_native,4. Community outreach of PSPS metrics,# of customers notified prior to a PSPS event impacting them,,"# of customers notified (if multiple PSPS events impact the same customer, count each event as a separate customer)",v4_native,0,,,SDG&E,2025,3,v4.01,4,3,SDGE_2025_Q3_R4.xlsx,Table 10,34,K34,https://efiling.energysafety.ca.gov/eFiling/Getfile.aspx?fileid=58132&shareable=true
T10R-27361c3d6159ab43,1100000033,1100000033,4.f.,stable,v4_native,4. Community outreach of PSPS metrics,# of medical baseline customers notified prior to a PSPS event impacting them,,"# of customers notified (if multiple PSPS events impact the same customer, count each event as a separate customer)",v4_native,0,,,SDG&E,2025,3,v4.01,4,3,SDGE_2025_Q3_R4.xlsx,Table 10,35,K35,https://efiling.energysafety.ca.gov/eFiling/Getfile.aspx?fileid=58132&shareable=true
T10R-c5bbd3ef391ff51d,1100000034,1100000034,5.a.,stable,v4_native,5. Other PSPS metrics,Number of PSPS events in which a notification was sent but no de-energization occurred,,Number of events,v4_native,0,,,SDG&E,2025,3,v4.01,4,3,SDGE_2025_Q3_R4.xlsx,Table 10,36,K36,https://efiling.energysafety.ca.gov/eFiling/Getfile.aspx?fileid=58132&shareable=true
T10R-2e29ea590f1da051,1100000035,1100000035,5.b.,stable,v4_native,5. Other PSPS metrics,Average number of customers located on de-energized circuit,,Number of customers,v4_native,0,,,SDG&E,2025,3,v4.01,4,3,SDGE_2025_Q3_R4.xlsx,Table 10,37,K37,https://efiling.energysafety.ca.gov/eFiling/Getfile.aspx?fileid=58132&shareable=true
T10R-ba361d462ebc8bd6,1100000036,1100000036,5.c.,stable,v4_native,5. Other PSPS metrics,Customer hours of PSPS per RFW OH circuit mile day,,Customer hours per RFW OH circuit mile day in time period,v4_native,0,,,SDG&E,2025,3,v4.01,4,3,SDGE_2025_Q3_R4.xlsx,Table 10,38,K38,https://efiling.energysafety.ca.gov/eFiling/Getfile.aspx?fileid=58132&shareable=true
T10R-7bc0e69655218f96,1100000037,1100000037,5.c.,stable,v4_native,5. Other PSPS metrics,Customer hours of PSPS per HWW OH circuit mile day,,Customer hours per HWW OH circuit mile day in time period,v4_native,0,,,SDG&E,2025,3,v4.01,4,3,SDGE_2025_Q3_R4.xlsx,Table 10,39,K39,https://efiling.energysafety.ca.gov/eFiling/Getfile.aspx?fileid=58132&shareable=true
T10R-082513452c19dea5,1100000038,1100000038,5.c.,stable,v4_native,5. Other PSPS metrics,Customer hours of PSPS per high FPIOH circuit mile day,,Customer hours per FPI OH circuit mile day in time period,v4_native,0,,,SDG&E,2025,3,v4.01,4,3,SDGE_2025_Q3_R4.xlsx,Table 10,40,K40,https://efiling.energysafety.ca.gov/eFiling/Getfile.aspx?fileid=58132&shareable=true
T10R-d5604f037b96ecec,1100000039,1100000039,5.d.,corrected_in_v3_2,v4_native,5. Other PSPS metrics,"Median time between de-energization, due to PSPS, and inspection of a circuit segment",,hours,v4_native,0,,,SDG&E,2025,3,v4.01,4,3,SDGE_2025_Q3_R4.xlsx,Table 10,41,K41,https://efiling.energysafety.ca.gov/eFiling/Getfile.aspx?fileid=58132&shareable=true
T10R-a606fa899945bf5a,1100000040,1100000040,5.e.,stable,v4_native,5. Other PSPS metrics,"95 percentile of time between de-energization, due to PSPS, and inspection of a circuit segment",,hours,v4_native,0,,,SDG&E,2025,3,v4.01,4,3,SDGE_2025_Q3_R4.xlsx,Table 10,42,K42,https://efiling.energysafety.ca.gov/eFiling/Getfile.aspx?fileid=58132&shareable=true
T10R-1b94f5bca030e7c0,1100000041,1100000041,5.f.,stable,v4_native,5. Other PSPS metrics,"Median time between de-energization, due to fast-trip, and inspection of a circuit segment",,hours,v4_native,0,,,SDG&E,2025,3,v4.01,4,3,SDGE_2025_Q3_R4.xlsx,Table 10,43,K43,https://efiling.energysafety.ca.gov/eFiling/Getfile.aspx?fileid=58132&shareable=true
T10R-e22fc2b6c4b1533e,1100000042,1100000042,5.g.,stable,v4_native,5. Other PSPS metrics,"95 percentile of time between de-energization, due to fast-trip, and inspection of a circuit segment",,hours,v4_native,0,,,SDG&E,2025,3,v4.01,4,3,SDGE_2025_Q3_R4.xlsx,Table 10,44,K44,https://efiling.energysafety.ca.gov/eFiling/Getfile.aspx?fileid=58132&shareable=true
T10R-b98babb70d7509de,1100000043,1100000043,5.h.,stable,v4_native,5. Other PSPS metrics,Number of risk events occurring on a de-energized circuit,,Number of risk events,v4_native,0,,,SDG&E,2025,3,v4.01,4,3,SDGE_2025_Q3_R4.xlsx,Table 10,45,K45,https://efiling.energysafety.ca.gov/eFiling/Getfile.aspx?fileid=58132&shareable=true
T10R-a9872d2651505b23,1100000000,1100000000,1.a.,stable,v4_native,1. Recent use of PSPS and fast-trip,Frequency of PSPS events (total),RFW only,Number of events,v4_native,0,,,SDG&E,2025,4,v4.01,3,4,SDGE_2025_Q4_R3.xlsx,Table 10,2,K2,https://efiling.energysafety.ca.gov/eFiling/Getfile.aspx?fileid=58132&shareable=true
T10R-83a5b371d2b750fc,1100000001,1100000001,1.a.,stable,v4_native,1. Recent use of PSPS and fast-trip,Frequency of PSPS events (total),HWW only,Number of events,v4_native,0,,,SDG&E,2025,4,v4.01,3,4,SDGE_2025_Q4_R3.xlsx,Table 10,3,K3,https://efiling.energysafety.ca.gov/eFiling/Getfile.aspx?fileid=58132&shareable=true
T10R-7b89fbb472cc2861,1100000002,1100000002,1.a.,stable,v4_native,1. Recent use of PSPS and fast-trip,Frequency of PSPS events (total),HWW & RFW,Number of events,v4_native,0,,,SDG&E,2025,4,v4.01,3,4,SDGE_2025_Q4_R3.xlsx,Table 10,4,K4,https://efiling.energysafety.ca.gov/eFiling/Getfile.aspx?fileid=58132&shareable=true
T10R-c98e6803c55f2d1a,1100000003,1100000003,1.a.,stable,v4_neither_no_legacy_equivalent,1. Recent use of PSPS and fast-trip,Frequency of PSPS events (total),Neither,Number of events,v4_native,0,,,SDG&E,2025,4,v4.01,3,4,SDGE_2025_Q4_R3.xlsx,Table 10,5,K5,https://efiling.energysafety.ca.gov/eFiling/Getfile.aspx?fileid=58132&shareable=true
T10R-630b40b073046a05,1100000004,1100000004,1.b.,stable,v4_native,1. Recent use of PSPS and fast-trip,Scope of PSPS events (total),RFW only,"Circuit-events, measured in number of events multiplied by number of circuits de-energized",v4_native,0,,,SDG&E,2025,4,v4.01,3,4,SDGE_2025_Q4_R3.xlsx,Table 10,6,K6,https://efiling.energysafety.ca.gov/eFiling/Getfile.aspx?fileid=58132&shareable=true
T10R-ec3651c0b4f935b5,1100000005,1100000005,1.b.,stable,v4_native,1. Recent use of PSPS and fast-trip,Scope of PSPS events (total),HWW only,"Circuit-events, measured in number of events multiplied by number of circuits de-energized",v4_native,0,,,SDG&E,2025,4,v4.01,3,4,SDGE_2025_Q4_R3.xlsx,Table 10,7,K7,https://efiling.energysafety.ca.gov/eFiling/Getfile.aspx?fileid=58132&shareable=true
T10R-5eecf76834860b4c,1100000006,1100000006,1.b.,stable,v4_native,1. Recent use of PSPS and fast-trip,Scope of PSPS events (total),HWW & RFW,"Circuit-events, measured in number of events multiplied by number of circuits de-energized",v4_native,0,,,SDG&E,2025,4,v4.01,3,4,SDGE_2025_Q4_R3.xlsx,Table 10,8,K8,https://efiling.energysafety.ca.gov/eFiling/Getfile.aspx?fileid=58132&shareable=true
T10R-ef6fd38f6d8f4b3c,1100000007,1100000007,1.b.,stable,v4_neither_no_legacy_equivalent,1. Recent use of PSPS and fast-trip,Scope of PSPS events (total),Neither,"Circuit-events, measured in number of events multiplied by number of circuits de-energized",v4_native,0,,,SDG&E,2025,4,v4.01,3,4,SDGE_2025_Q4_R3.xlsx,Table 10,9,K9,https://efiling.energysafety.ca.gov/eFiling/Getfile.aspx?fileid=58132&shareable=true
T10R-903e74a742723598,1100000008,1100000008,1.c.,stable,v4_native,1. Recent use of PSPS and fast-trip,Duration of PSPS events (total),RFW only,Customer hours,v4_native,0,,,SDG&E,2025,4,v4.01,3,4,SDGE_2025_Q4_R3.xlsx,Table 10,10,K10,https://efiling.energysafety.ca.gov/eFiling/Getfile.aspx?fileid=58132&shareable=true
T10R-a2cbe7ebcba8d7f6,1100000009,1100000009,1.c.,stable,v4_native,1. Recent use of PSPS and fast-trip,Duration of PSPS events (total),HWW only,Customer hours,v4_native,0,,,SDG&E,2025,4,v4.01,3,4,SDGE_2025_Q4_R3.xlsx,Table 10,11,K11,https://efiling.energysafety.ca.gov/eFiling/Getfile.aspx?fileid=58132&shareable=true
T10R-537d4df927f5b313,1100000010,1100000010,1.c.,stable,v4_native,1. Recent use of PSPS and fast-trip,Duration of PSPS events (total),HWW & RFW,Customer hours,v4_native,0,,,SDG&E,2025,4,v4.01,3,4,SDGE_2025_Q4_R3.xlsx,Table 10,12,K12,https://efiling.energysafety.ca.gov/eFiling/Getfile.aspx?fileid=58132&shareable=true
T10R-224f7631b9c91492,1100000011,1100000011,1.c.,stable,v4_neither_no_legacy_equivalent,1. Recent use of PSPS and fast-trip,Duration of PSPS events (total),Neither,Customer hours,v4_native,0,,,SDG&E,2025,4,v4.01,3,4,SDGE_2025_Q4_R3.xlsx,Table 10,13,K13,https://efiling.energysafety.ca.gov/eFiling/Getfile.aspx?fileid=58132&shareable=true
T10R-99bb2e43daedb7a7,1100000012,1100000012,1.d.,stable,v4_native,1. Recent use of PSPS and fast-trip,Frequency of fast-trip events (total),RFW only,Number of events,v4_native,0,,,SDG&E,2025,4,v4.01,3,4,SDGE_2025_Q4_R3.xlsx,Table 10,14,K14,https://efiling.energysafety.ca.gov/eFiling/Getfile.aspx?fileid=58132&shareable=true
T10R-5ef8841f6448c607,1100000013,1100000013,1.d.,stable,v4_native,1. Recent use of PSPS and fast-trip,Frequency of fast-trip events (total),HWW only,Number of events,v4_native,0,,,SDG&E,2025,4,v4.01,3,4,SDGE_2025_Q4_R3.xlsx,Table 10,15,K15,https://efiling.energysafety.ca.gov/eFiling/Getfile.aspx?fileid=58132&shareable=true
T10R-2d7b6506eb8ea860,1100000014,1100000014,1.d.,stable,v4_native,1. Recent use of PSPS and fast-trip,Frequency of fast-trip events (total),HWW & RFW,Number of events,v4_native,0,,,SDG&E,2025,4,v4.01,3,4,SDGE_2025_Q4_R3.xlsx,Table 10,16,K16,https://efiling.energysafety.ca.gov/eFiling/Getfile.aspx?fileid=58132&shareable=true
T10R-64e0934aea81cbe5,1100000015,1100000015,1.d.,stable,v4_native,1. Recent use of PSPS and fast-trip,Frequency of fast-trip events (total),Neither,Number of events,v4_native,0,,,SDG&E,2025,4,v4.01,3,4,SDGE_2025_Q4_R3.xlsx,Table 10,17,K17,https://efiling.energysafety.ca.gov/eFiling/Getfile.aspx?fileid=58132&shareable=true
T10R-f26ed8370f57214b,1100000016,1100000016,1.e,stable,v4_native,1. Recent use of PSPS and fast-trip,Circuit mile days with fast-trip settings enabled (total),RFW only,Circuit mile days,v4_native,0,,,SDG&E,2025,4,v4.01,3,4,SDGE_2025_Q4_R3.xlsx,Table 10,18,K18,https://efiling.energysafety.ca.gov/eFiling/Getfile.aspx?fileid=58132&shareable=true
T10R-a24bac6291b9a1f5,1100000017,1100000017,1.e,stable,v4_native,1. Recent use of PSPS and fast-trip,Circuit mile days with fast-trip settings enabled (total),HWW only,Circuit mile days,v4_native,0,,,SDG&E,2025,4,v4.01,3,4,SDGE_2025_Q4_R3.xlsx,Table 10,19,K19,https://efiling.energysafety.ca.gov/eFiling/Getfile.aspx?fileid=58132&shareable=true
T10R-66af4d40998bd28b,1100000018,1100000018,1.e,stable,v4_native,1. Recent use of PSPS and fast-trip,Circuit mile days with fast-trip settings enabled (total),HWW & RFW,Circuit mile days,v4_native,0,,,SDG&E,2025,4,v4.01,3,4,SDGE_2025_Q4_R3.xlsx,Table 10,20,K20,https://efiling.energysafety.ca.gov/eFiling/Getfile.aspx?fileid=58132&shareable=true
T10R-7caacaa4d83d050e,1100000019,1100000019,1.e,stable,v4_native,1. Recent use of PSPS and fast-trip,Circuit mile days with fast-trip settings enabled (total),Neither,Circuit mile days,v4_native,0,,,SDG&E,2025,4,v4.01,3,4,SDGE_2025_Q4_R3.xlsx,Table 10,21,K21,https://efiling.energysafety.ca.gov/eFiling/Getfile.aspx?fileid=58132&shareable=true
T10R-c8abf80fc4586bbd,1100000020,1100000020,2.a.,stable,v4_native,2. Customer hours of PSPS and other outages,Customer hours of planned outages including PSPS (total),,Customer hours,v4_native,464356.01666666,,,SDG&E,2025,4,v4.01,3,4,SDGE_2025_Q4_R3.xlsx,Table 10,22,K22,https://efiling.energysafety.ca.gov/eFiling/Getfile.aspx?fileid=58132&shareable=true
T10R-31b4aaf1c1f0d510,1100000021,1100000021,2.b.,stable,v4_native,2. Customer hours of PSPS and other outages,"Customer hours of unplanned outages, not including PSPS or fast-trip (total)",,Customer hours,v4_native,363641.18,,,SDG&E,2025,4,v4.01,3,4,SDGE_2025_Q4_R3.xlsx,Table 10,23,K23,https://efiling.energysafety.ca.gov/eFiling/Getfile.aspx?fileid=58132&shareable=true
T10R-4415dae6a1df37d3,1100000022,1100000022,2.c.,stable,v4_native,2. Customer hours of PSPS and other outages,Customer hours of unplanned outages resulting from fast-trip,,Customer hours,v4_native,0,,,SDG&E,2025,4,v4.01,3,4,SDGE_2025_Q4_R3.xlsx,Table 10,24,K24,https://efiling.energysafety.ca.gov/eFiling/Getfile.aspx?fileid=58132&shareable=true
T10R-b0bc9e205fb0f4d3,1100000023,1100000023,2.d.,stable,v4_native,2. Customer hours of PSPS and other outages,System Average Interruption Duration Index (SAIDI) (including PSPS),,SAIDI index value = sum of all interruptions in time period where each interruption is defined as sum(duration of interruption * # of customer interruptions) / Total number of customers served,v4_native,14.16,,,SDG&E,2025,4,v4.01,3,4,SDGE_2025_Q4_R3.xlsx,Table 10,25,K25,https://efiling.energysafety.ca.gov/eFiling/Getfile.aspx?fileid=58132&shareable=true
T10R-9ba3ab17bcbab642,1100000024,1100000024,2.e.,stable,v4_native,2. Customer hours of PSPS and other outages,System Average Interruption Duration Index (SAIDI) (excluding PSPS),,SAIDI index value = sum of all interruptions in time period where each interruption is defined as sum(duration of interruption * # of customer interruptions) / Total number of customers served,v4_native,14.16,,,SDG&E,2025,4,v4.01,3,4,SDGE_2025_Q4_R3.xlsx,Table 10,26,K26,https://efiling.energysafety.ca.gov/eFiling/Getfile.aspx?fileid=58132&shareable=true
T10R-40767efe7add7f90,1100000025,1100000025,2.f.,stable,v4_native,2. Customer hours of PSPS and other outages,System Average Interruption Frequency Index (SAIFI) (including PSPS),,SAIFI index value = sum of all interruptions in time period where each interruption is defined as (total # of customer interruptions) / (total # of customers served),v4_native,0.133,,,SDG&E,2025,4,v4.01,3,4,SDGE_2025_Q4_R3.xlsx,Table 10,27,K27,https://efiling.energysafety.ca.gov/eFiling/Getfile.aspx?fileid=58132&shareable=true
T10R-7bc17e094bcbf0b7,1100000026,1100000026,2.g.,stable,v4_native,2. Customer hours of PSPS and other outages,System Average Interruption Frequency Index (SAIFI) (excluding PSPS),,SAIFI index value = sum of all interruptions in time period where each interruption is defined as (total # of customer interruptions) / (total # of customers served),v4_native,0.133,,,SDG&E,2025,4,v4.01,3,4,SDGE_2025_Q4_R3.xlsx,Table 10,28,K28,https://efiling.energysafety.ca.gov/eFiling/Getfile.aspx?fileid=58132&shareable=true
T10R-5c0bf6a34b010823,1100000027,1100000027,3.a.,stable,v4_native,3. Critical infrastructure impacted by PSPS,Critical infrastructure impacted by PSPS,,Number of critical infrastructure (in accordance with D.19-05-042) locations impacted multiplied by hours offline,v4_native,,No PSPS events in 2025 Q4,Not Applicable,SDG&E,2025,4,v4.01,3,4,SDGE_2025_Q4_R3.xlsx,Table 10,29,K29,https://efiling.energysafety.ca.gov/eFiling/Getfile.aspx?fileid=58132&shareable=true
T10R-9acf8a15cb69de0e,1100000028,1100000028,4.a.,stable,v4_native,4. Community outreach of PSPS metrics,# of customers impacted by PSPS,,"# of customers impacted by PSPS (if multiple PSPS events impact the same customer, count each event as a separate customer)",v4_native,,No PSPS events in 2025 Q4,Not Applicable,SDG&E,2025,4,v4.01,3,4,SDGE_2025_Q4_R3.xlsx,Table 10,30,K30,https://efiling.energysafety.ca.gov/eFiling/Getfile.aspx?fileid=58132&shareable=true
T10R-f476015fe92a9be2,1100000029,1100000029,4.b.,stable,v4_native,4. Community outreach of PSPS metrics,# of medical baseline customers impacted by PSPS,,"# of customers impacted by PSPS (if multiple PSPS events impact the same customer, count each event as a separate customer)",v4_native,,No PSPS events in 2025 Q4,Not Applicable,SDG&E,2025,4,v4.01,3,4,SDGE_2025_Q4_R3.xlsx,Table 10,31,K31,https://efiling.energysafety.ca.gov/eFiling/Getfile.aspx?fileid=58132&shareable=true
T10R-db645f048883d57c,1100000030,1100000030,4.c.,stable,v4_native,4. Community outreach of PSPS metrics,# of customers notified prior to initiation of PSPS event,,"# of customers notified (if multiple PSPS events impact the same customer, count each event as a separate customer)",v4_native,,No PSPS events in 2025 Q4,Not Applicable,SDG&E,2025,4,v4.01,3,4,SDGE_2025_Q4_R3.xlsx,Table 10,32,K32,https://efiling.energysafety.ca.gov/eFiling/Getfile.aspx?fileid=58132&shareable=true
T10R-cb2175a5ba1dca64,1100000031,1100000031,4.d.,stable,v4_native,4. Community outreach of PSPS metrics,# of medical baseline customers notified prior to initiation of PSPS event,,"# of customers notified (if multiple PSPS events impact the same customer, count each event as a separate customer)",v4_native,,No PSPS events in 2025 Q4,Not Applicable,SDG&E,2025,4,v4.01,3,4,SDGE_2025_Q4_R3.xlsx,Table 10,33,K33,https://efiling.energysafety.ca.gov/eFiling/Getfile.aspx?fileid=58132&shareable=true
T10R-b323746a7c9d1f89,1100000032,1100000032,4.e.,stable,v4_native,4. Community outreach of PSPS metrics,# of customers notified prior to a PSPS event impacting them,,"# of customers notified (if multiple PSPS events impact the same customer, count each event as a separate customer)",v4_native,,No PSPS events in 2025 Q4,Not Applicable,SDG&E,2025,4,v4.01,3,4,SDGE_2025_Q4_R3.xlsx,Table 10,34,K34,https://efiling.energysafety.ca.gov/eFiling/Getfile.aspx?fileid=58132&shareable=true
T10R-7127aeffcb4c36b6,1100000033,1100000033,4.f.,stable,v4_native,4. Community outreach of PSPS metrics,# of medical baseline customers notified prior to a PSPS event impacting them,,"# of customers notified (if multiple PSPS events impact the same customer, count each event as a separate customer)",v4_native,,No PSPS events in 2025 Q4,Not Applicable,SDG&E,2025,4,v4.01,3,4,SDGE_2025_Q4_R3.xlsx,Table 10,35,K35,https://efiling.energysafety.ca.gov/eFiling/Getfile.aspx?fileid=58132&shareable=true
T10R-e5995123b56faaac,1100000034,1100000034,5.a.,stable,v4_native,5. Other PSPS metrics,Number of PSPS events in which a notification was sent but no de-energization occurred,,Number of events,v4_native,,No PSPS events in 2025 Q4,Not Applicable,SDG&E,2025,4,v4.01,3,4,SDGE_2025_Q4_R3.xlsx,Table 10,36,K36,https://efiling.energysafety.ca.gov/eFiling/Getfile.aspx?fileid=58132&shareable=true
T10R-91791e2ab3c8cad1,1100000035,1100000035,5.b.,stable,v4_native,5. Other PSPS metrics,Average number of customers located on de-energized circuit,,Number of customers,v4_native,,No PSPS events in 2025 Q4,Not Applicable,SDG&E,2025,4,v4.01,3,4,SDGE_2025_Q4_R3.xlsx,Table 10,37,K37,https://efiling.energysafety.ca.gov/eFiling/Getfile.aspx?fileid=58132&shareable=true
T10R-472c6a1b37b6e89b,1100000036,1100000036,5.c.,stable,v4_native,5. Other PSPS metrics,Customer hours of PSPS per RFW OH circuit mile day,,Customer hours per RFW OH circuit mile day in time period,v4_native,,No PSPS events in 2025 Q4,Not Applicable,SDG&E,2025,4,v4.01,3,4,SDGE_2025_Q4_R3.xlsx,Table 10,38,K38,https://efiling.energysafety.ca.gov/eFiling/Getfile.aspx?fileid=58132&shareable=true
T10R-6d211da1b41ec2a5,1100000037,1100000037,5.c.,stable,v4_native,5. Other PSPS metrics,Customer hours of PSPS per HWW OH circuit mile day,,Customer hours per HWW OH circuit mile day in time period,v4_native,,No PSPS events in 2025 Q4,Not Applicable,SDG&E,2025,4,v4.01,3,4,SDGE_2025_Q4_R3.xlsx,Table 10,39,K39,https://efiling.energysafety.ca.gov/eFiling/Getfile.aspx?fileid=58132&shareable=true
T10R-38bc5863deaebf08,1100000038,1100000038,5.c.,stable,v4_native,5. Other PSPS metrics,Customer hours of PSPS per high FPIOH circuit mile day,,Customer hours per FPI OH circuit mile day in time period,v4_native,,No PSPS events in 2025 Q4,Not Applicable,SDG&E,2025,4,v4.01,3,4,SDGE_2025_Q4_R3.xlsx,Table 10,40,K40,https://efiling.energysafety.ca.gov/eFiling/Getfile.aspx?fileid=58132&shareable=true
T10R-6d75556b87c24421,1100000039,1100000039,5.d.,corrected_in_v3_2,v4_native,5. Other PSPS metrics,"Median time between de-energization, due to PSPS, and inspection of a circuit segment",,hours,v4_native,,No PSPS events in 2025 Q4,Not Applicable,SDG&E,2025,4,v4.01,3,4,SDGE_2025_Q4_R3.xlsx,Table 10,41,K41,https://efiling.energysafety.ca.gov/eFiling/Getfile.aspx?fileid=58132&shareable=true
T10R-534e55f90a51e976,1100000040,1100000040,5.e.,stable,v4_native,5. Other PSPS metrics,"95 percentile of time between de-energization, due to PSPS, and inspection of a circuit segment",,hours,v4_native,,No PSPS events in 2025 Q4,Not Applicable,SDG&E,2025,4,v4.01,3,4,SDGE_2025_Q4_R3.xlsx,Table 10,42,K42,https://efiling.energysafety.ca.gov/eFiling/Getfile.aspx?fileid=58132&shareable=true
T10R-e582a09bb2ab3b32,1100000041,1100000041,5.f.,stable,v4_native,5. Other PSPS metrics,"Median time between de-energization, due to fast-trip, and inspection of a circuit segment",,hours,v4_native,,No PSPS events in 2025 Q4,Not Applicable,SDG&E,2025,4,v4.01,3,4,SDGE_2025_Q4_R3.xlsx,Table 10,43,K43,https://efiling.energysafety.ca.gov/eFiling/Getfile.aspx?fileid=58132&shareable=true
T10R-8ceb134a9a9230c2,1100000042,1100000042,5.g.,stable,v4_native,5. Other PSPS metrics,"95 percentile of time between de-energization, due to fast-trip, and inspection of a circuit segment",,hours,v4_native,,No PSPS events in 2025 Q4,Not Applicable,SDG&E,2025,4,v4.01,3,4,SDGE_2025_Q4_R3.xlsx,Table 10,44,K44,https://efiling.energysafety.ca.gov/eFiling/Getfile.aspx?fileid=58132&shareable=true
T10R-b9fffe8754615053,1100000043,1100000043,5.h.,stable,v4_native,5. Other PSPS metrics,Number of risk events occurring on a de-energized circuit,,Number of risk events,v4_native,,No PSPS events in 2025 Q4,Not Applicable,SDG&E,2025,4,v4.01,3,4,SDGE_2025_Q4_R3.xlsx,Table 10,45,K45,https://efiling.energysafety.ca.gov/eFiling/Getfile.aspx?fileid=58132&shareable=true
