record_id,comparison_group_id,metric_number,distribution_metric_number_crosswalk,transmission_metric_number_crosswalk,legacy_metric_number_mapped,crosswalk_status,metric_type,metric_name,line_type,line_type_scope,hftd_tier,unit_canonical,unit_crosswalk_status,actual_value,comments,blank_meaning,utility_id,reporting_year,reporting_quarter,schema_version,source_revision,source_report_quarter,source_file,source_sheet,source_row,source_value_cell,guideline_url
T4R-584ec30b2d0c1f74,T4-8e80c5d3a208b9,,1040000000,1040000003,1.a.,legacy_all_line_types_to_v4_line_type_pair,1. Red flag warning only overhead circuit mile days,Red Flag Warning Only overhead circuit mile days,All line types (legacy aggregate),reported_all_line_types,HFTD Tier 2,Red flag warning overhead circuit mile days,same_measurement_definition_simplified_label,0,,,SDG&E,2023,1,v3.1,0,4,SDGE_2023_Q4_Tables1-15.xlsx,Table 4,10,J10,https://efiling.energysafety.ca.gov/eFiling/Getfile.aspx?fileid=53475&shareable=true
T4R-23b57faabca2954c,T4-8e80c5d3a208b9,,1040000000,1040000003,1.a.,legacy_all_line_types_to_v4_line_type_pair,1. Red flag warning only overhead circuit mile days,Red Flag Warning Only overhead circuit mile days,All line types (legacy aggregate),reported_all_line_types,HFTD Tier 2,Red flag warning overhead circuit mile days,same_measurement_definition_simplified_label,0,,,SDG&E,2023,2,v3.1,0,4,SDGE_2023_Q4_Tables1-15.xlsx,Table 4,10,K10,https://efiling.energysafety.ca.gov/eFiling/Getfile.aspx?fileid=53475&shareable=true
T4R-aa2bbaf107ec949f,T4-8e80c5d3a208b9,,1040000000,1040000003,1.a.,legacy_all_line_types_to_v4_line_type_pair,1. Red flag warning only overhead circuit mile days,Red Flag Warning Only overhead circuit mile days,All line types (legacy aggregate),reported_all_line_types,HFTD Tier 2,Red flag warning overhead circuit mile days,same_measurement_definition_simplified_label,0,,,SDG&E,2023,3,v3.1,0,4,SDGE_2023_Q4_Tables1-15.xlsx,Table 4,10,L10,https://efiling.energysafety.ca.gov/eFiling/Getfile.aspx?fileid=53475&shareable=true
T4R-baa2f4bdbc28a27c,T4-8e80c5d3a208b9,,1040000000,1040000003,1.a.,legacy_all_line_types_to_v4_line_type_pair,1. Red flag warning only overhead circuit mile days,Red Flag Warning Only overhead circuit mile days,All line types (legacy aggregate),reported_all_line_types,HFTD Tier 2,Red flag warning overhead circuit mile days,same_measurement_definition_simplified_label,0,,,SDG&E,2023,4,v3.1,0,4,SDGE_2023_Q4_Tables1-15.xlsx,Table 4,10,M10,https://efiling.energysafety.ca.gov/eFiling/Getfile.aspx?fileid=53475&shareable=true
T4R-6c46560a7f0aba1e,T4-3550b2867635d4,,1040000001,1040000004,1.b.,legacy_all_line_types_to_v4_line_type_pair,1. Red flag warning only overhead circuit mile days,Red Flag Warning Only overhead circuit mile days,All line types (legacy aggregate),reported_all_line_types,HFTD Tier 3,Red flag warning overhead circuit mile days,same_measurement_definition_simplified_label,0,,,SDG&E,2023,1,v3.1,0,4,SDGE_2023_Q4_Tables1-15.xlsx,Table 4,11,J11,https://efiling.energysafety.ca.gov/eFiling/Getfile.aspx?fileid=53475&shareable=true
T4R-a81a60dafb630e79,T4-3550b2867635d4,,1040000001,1040000004,1.b.,legacy_all_line_types_to_v4_line_type_pair,1. Red flag warning only overhead circuit mile days,Red Flag Warning Only overhead circuit mile days,All line types (legacy aggregate),reported_all_line_types,HFTD Tier 3,Red flag warning overhead circuit mile days,same_measurement_definition_simplified_label,0,,,SDG&E,2023,2,v3.1,0,4,SDGE_2023_Q4_Tables1-15.xlsx,Table 4,11,K11,https://efiling.energysafety.ca.gov/eFiling/Getfile.aspx?fileid=53475&shareable=true
T4R-050cc83efa8ef7b3,T4-3550b2867635d4,,1040000001,1040000004,1.b.,legacy_all_line_types_to_v4_line_type_pair,1. Red flag warning only overhead circuit mile days,Red Flag Warning Only overhead circuit mile days,All line types (legacy aggregate),reported_all_line_types,HFTD Tier 3,Red flag warning overhead circuit mile days,same_measurement_definition_simplified_label,0,,,SDG&E,2023,3,v3.1,0,4,SDGE_2023_Q4_Tables1-15.xlsx,Table 4,11,L11,https://efiling.energysafety.ca.gov/eFiling/Getfile.aspx?fileid=53475&shareable=true
T4R-518768396912b6f7,T4-3550b2867635d4,,1040000001,1040000004,1.b.,legacy_all_line_types_to_v4_line_type_pair,1. Red flag warning only overhead circuit mile days,Red Flag Warning Only overhead circuit mile days,All line types (legacy aggregate),reported_all_line_types,HFTD Tier 3,Red flag warning overhead circuit mile days,same_measurement_definition_simplified_label,0,,,SDG&E,2023,4,v3.1,0,4,SDGE_2023_Q4_Tables1-15.xlsx,Table 4,11,M11,https://efiling.energysafety.ca.gov/eFiling/Getfile.aspx?fileid=53475&shareable=true
T4R-f9e5e6060be13084,T4-eff34c8f752257,,1040000002,1040000005,1.c.,legacy_all_line_types_to_v4_line_type_pair,1. Red flag warning only overhead circuit mile days,Red Flag Warning Only overhead circuit mile days,All line types (legacy aggregate),reported_all_line_types,Non-HFTD,Red flag warning overhead circuit mile days,same_measurement_definition_simplified_label,0,,,SDG&E,2023,1,v3.1,0,4,SDGE_2023_Q4_Tables1-15.xlsx,Table 4,12,J12,https://efiling.energysafety.ca.gov/eFiling/Getfile.aspx?fileid=53475&shareable=true
T4R-b3ab9acf2fdcd317,T4-eff34c8f752257,,1040000002,1040000005,1.c.,legacy_all_line_types_to_v4_line_type_pair,1. Red flag warning only overhead circuit mile days,Red Flag Warning Only overhead circuit mile days,All line types (legacy aggregate),reported_all_line_types,Non-HFTD,Red flag warning overhead circuit mile days,same_measurement_definition_simplified_label,0,,,SDG&E,2023,2,v3.1,0,4,SDGE_2023_Q4_Tables1-15.xlsx,Table 4,12,K12,https://efiling.energysafety.ca.gov/eFiling/Getfile.aspx?fileid=53475&shareable=true
T4R-5d130872042eea1f,T4-eff34c8f752257,,1040000002,1040000005,1.c.,legacy_all_line_types_to_v4_line_type_pair,1. Red flag warning only overhead circuit mile days,Red Flag Warning Only overhead circuit mile days,All line types (legacy aggregate),reported_all_line_types,Non-HFTD,Red flag warning overhead circuit mile days,same_measurement_definition_simplified_label,0,,,SDG&E,2023,3,v3.1,0,4,SDGE_2023_Q4_Tables1-15.xlsx,Table 4,12,L12,https://efiling.energysafety.ca.gov/eFiling/Getfile.aspx?fileid=53475&shareable=true
T4R-6b4b006ba6ee3905,T4-eff34c8f752257,,1040000002,1040000005,1.c.,legacy_all_line_types_to_v4_line_type_pair,1. Red flag warning only overhead circuit mile days,Red Flag Warning Only overhead circuit mile days,All line types (legacy aggregate),reported_all_line_types,Non-HFTD,Red flag warning overhead circuit mile days,same_measurement_definition_simplified_label,0,,,SDG&E,2023,4,v3.1,0,4,SDGE_2023_Q4_Tables1-15.xlsx,Table 4,12,M12,https://efiling.energysafety.ca.gov/eFiling/Getfile.aspx?fileid=53475&shareable=true
T4R-0442c504c7e078ca,T4-66e4b15c6a0742,,1040000006,1040000009,2.a.,legacy_all_line_types_to_v4_line_type_pair,2. Wind condition overhead circuit mile days,High Wind Warning Only overhead circuit mile days,All line types (legacy aggregate),reported_all_line_types,HFTD Tier 2,High Wind Warning overhead circuit mile days,same_measurement_definition_simplified_label,3464,,,SDG&E,2023,1,v3.1,0,4,SDGE_2023_Q4_Tables1-15.xlsx,Table 4,13,J13,https://efiling.energysafety.ca.gov/eFiling/Getfile.aspx?fileid=53475&shareable=true
T4R-d55e25a652b34046,T4-66e4b15c6a0742,,1040000006,1040000009,2.a.,legacy_all_line_types_to_v4_line_type_pair,2. Wind condition overhead circuit mile days,High Wind Warning Only overhead circuit mile days,All line types (legacy aggregate),reported_all_line_types,HFTD Tier 2,High Wind Warning overhead circuit mile days,same_measurement_definition_simplified_label,291,,,SDG&E,2023,2,v3.1,0,4,SDGE_2023_Q4_Tables1-15.xlsx,Table 4,13,K13,https://efiling.energysafety.ca.gov/eFiling/Getfile.aspx?fileid=53475&shareable=true
T4R-5380ed2e6706ff99,T4-66e4b15c6a0742,,1040000006,1040000009,2.a.,legacy_all_line_types_to_v4_line_type_pair,2. Wind condition overhead circuit mile days,High Wind Warning Only overhead circuit mile days,All line types (legacy aggregate),reported_all_line_types,HFTD Tier 2,High Wind Warning overhead circuit mile days,same_measurement_definition_simplified_label,0,,,SDG&E,2023,3,v3.1,0,4,SDGE_2023_Q4_Tables1-15.xlsx,Table 4,13,L13,https://efiling.energysafety.ca.gov/eFiling/Getfile.aspx?fileid=53475&shareable=true
T4R-31ed7d0120948b18,T4-66e4b15c6a0742,,1040000006,1040000009,2.a.,legacy_all_line_types_to_v4_line_type_pair,2. Wind condition overhead circuit mile days,High Wind Warning Only overhead circuit mile days,All line types (legacy aggregate),reported_all_line_types,HFTD Tier 2,High Wind Warning overhead circuit mile days,same_measurement_definition_simplified_label,295,,,SDG&E,2023,4,v3.1,0,4,SDGE_2023_Q4_Tables1-15.xlsx,Table 4,13,M13,https://efiling.energysafety.ca.gov/eFiling/Getfile.aspx?fileid=53475&shareable=true
T4R-3ae3aebbaebc8851,T4-1d3962106381ab,,1040000007,1040000010,2.b.,legacy_all_line_types_to_v4_line_type_pair,2. Wind condition overhead circuit mile days,High Wind Warning Only overhead circuit mile days,All line types (legacy aggregate),reported_all_line_types,HFTD Tier 3,High Wind Warning overhead circuit mile days,same_measurement_definition_simplified_label,2832,,,SDG&E,2023,1,v3.1,0,4,SDGE_2023_Q4_Tables1-15.xlsx,Table 4,14,J14,https://efiling.energysafety.ca.gov/eFiling/Getfile.aspx?fileid=53475&shareable=true
T4R-27ae0547a124f2e5,T4-1d3962106381ab,,1040000007,1040000010,2.b.,legacy_all_line_types_to_v4_line_type_pair,2. Wind condition overhead circuit mile days,High Wind Warning Only overhead circuit mile days,All line types (legacy aggregate),reported_all_line_types,HFTD Tier 3,High Wind Warning overhead circuit mile days,same_measurement_definition_simplified_label,468,,,SDG&E,2023,2,v3.1,0,4,SDGE_2023_Q4_Tables1-15.xlsx,Table 4,14,K14,https://efiling.energysafety.ca.gov/eFiling/Getfile.aspx?fileid=53475&shareable=true
T4R-dc32f2d19045d4fe,T4-1d3962106381ab,,1040000007,1040000010,2.b.,legacy_all_line_types_to_v4_line_type_pair,2. Wind condition overhead circuit mile days,High Wind Warning Only overhead circuit mile days,All line types (legacy aggregate),reported_all_line_types,HFTD Tier 3,High Wind Warning overhead circuit mile days,same_measurement_definition_simplified_label,0,,,SDG&E,2023,3,v3.1,0,4,SDGE_2023_Q4_Tables1-15.xlsx,Table 4,14,L14,https://efiling.energysafety.ca.gov/eFiling/Getfile.aspx?fileid=53475&shareable=true
T4R-62edcfc19de7c706,T4-1d3962106381ab,,1040000007,1040000010,2.b.,legacy_all_line_types_to_v4_line_type_pair,2. Wind condition overhead circuit mile days,High Wind Warning Only overhead circuit mile days,All line types (legacy aggregate),reported_all_line_types,HFTD Tier 3,High Wind Warning overhead circuit mile days,same_measurement_definition_simplified_label,0,,,SDG&E,2023,4,v3.1,0,4,SDGE_2023_Q4_Tables1-15.xlsx,Table 4,14,M14,https://efiling.energysafety.ca.gov/eFiling/Getfile.aspx?fileid=53475&shareable=true
T4R-46ece7d36c03c649,T4-5db1270315ca0f,,1040000008,1040000011,2.c.,legacy_all_line_types_to_v4_line_type_pair,2. Wind condition overhead circuit mile days,High Wind Warning Only overhead circuit mile days,All line types (legacy aggregate),reported_all_line_types,Non-HFTD,High Wind Warning overhead circuit mile days,same_measurement_definition_simplified_label,5292,,,SDG&E,2023,1,v3.1,0,4,SDGE_2023_Q4_Tables1-15.xlsx,Table 4,15,J15,https://efiling.energysafety.ca.gov/eFiling/Getfile.aspx?fileid=53475&shareable=true
T4R-658329460c9fccd8,T4-5db1270315ca0f,,1040000008,1040000011,2.c.,legacy_all_line_types_to_v4_line_type_pair,2. Wind condition overhead circuit mile days,High Wind Warning Only overhead circuit mile days,All line types (legacy aggregate),reported_all_line_types,Non-HFTD,High Wind Warning overhead circuit mile days,same_measurement_definition_simplified_label,130,,,SDG&E,2023,2,v3.1,0,4,SDGE_2023_Q4_Tables1-15.xlsx,Table 4,15,K15,https://efiling.energysafety.ca.gov/eFiling/Getfile.aspx?fileid=53475&shareable=true
T4R-c9f7a8426b84267b,T4-5db1270315ca0f,,1040000008,1040000011,2.c.,legacy_all_line_types_to_v4_line_type_pair,2. Wind condition overhead circuit mile days,High Wind Warning Only overhead circuit mile days,All line types (legacy aggregate),reported_all_line_types,Non-HFTD,High Wind Warning overhead circuit mile days,same_measurement_definition_simplified_label,0,,,SDG&E,2023,3,v3.1,0,4,SDGE_2023_Q4_Tables1-15.xlsx,Table 4,15,L15,https://efiling.energysafety.ca.gov/eFiling/Getfile.aspx?fileid=53475&shareable=true
T4R-995912faf7b87c24,T4-5db1270315ca0f,,1040000008,1040000011,2.c.,legacy_all_line_types_to_v4_line_type_pair,2. Wind condition overhead circuit mile days,High Wind Warning Only overhead circuit mile days,All line types (legacy aggregate),reported_all_line_types,Non-HFTD,High Wind Warning overhead circuit mile days,same_measurement_definition_simplified_label,109,,,SDG&E,2023,4,v3.1,0,4,SDGE_2023_Q4_Tables1-15.xlsx,Table 4,15,M15,https://efiling.energysafety.ca.gov/eFiling/Getfile.aspx?fileid=53475&shareable=true
T4R-7f8e47a27c416af0,T4-b3609e3d1405ed,,1040000012,1040000015,3.a.,legacy_all_line_types_to_v4_line_type_pair,3. Wind condition and Red flag warning overhead circuit mile days,High Wind Warning and Red Flag Warning overhead circuit mile days,All line types (legacy aggregate),reported_all_line_types,HFTD Tier 2,High wind warning and red flag warning overhead circuit mile days,same_measurement_definition_simplified_label,0,,,SDG&E,2023,1,v3.1,0,4,SDGE_2023_Q4_Tables1-15.xlsx,Table 4,16,J16,https://efiling.energysafety.ca.gov/eFiling/Getfile.aspx?fileid=53475&shareable=true
T4R-07d2a584fddee273,T4-b3609e3d1405ed,,1040000012,1040000015,3.a.,legacy_all_line_types_to_v4_line_type_pair,3. Wind condition and Red flag warning overhead circuit mile days,High Wind Warning and Red Flag Warning overhead circuit mile days,All line types (legacy aggregate),reported_all_line_types,HFTD Tier 2,High wind warning and red flag warning overhead circuit mile days,same_measurement_definition_simplified_label,0,,,SDG&E,2023,2,v3.1,0,4,SDGE_2023_Q4_Tables1-15.xlsx,Table 4,16,K16,https://efiling.energysafety.ca.gov/eFiling/Getfile.aspx?fileid=53475&shareable=true
T4R-8d24244b105b2222,T4-b3609e3d1405ed,,1040000012,1040000015,3.a.,legacy_all_line_types_to_v4_line_type_pair,3. Wind condition and Red flag warning overhead circuit mile days,High Wind Warning and Red Flag Warning overhead circuit mile days,All line types (legacy aggregate),reported_all_line_types,HFTD Tier 2,High wind warning and red flag warning overhead circuit mile days,same_measurement_definition_simplified_label,0,,,SDG&E,2023,3,v3.1,0,4,SDGE_2023_Q4_Tables1-15.xlsx,Table 4,16,L16,https://efiling.energysafety.ca.gov/eFiling/Getfile.aspx?fileid=53475&shareable=true
T4R-d2e8f7b0f8e5d0c6,T4-b3609e3d1405ed,,1040000012,1040000015,3.a.,legacy_all_line_types_to_v4_line_type_pair,3. Wind condition and Red flag warning overhead circuit mile days,High Wind Warning and Red Flag Warning overhead circuit mile days,All line types (legacy aggregate),reported_all_line_types,HFTD Tier 2,High wind warning and red flag warning overhead circuit mile days,same_measurement_definition_simplified_label,0,,,SDG&E,2023,4,v3.1,0,4,SDGE_2023_Q4_Tables1-15.xlsx,Table 4,16,M16,https://efiling.energysafety.ca.gov/eFiling/Getfile.aspx?fileid=53475&shareable=true
T4R-c7a723e2f0a25aaf,T4-9d2cb861840e2c,,1040000013,1040000016,3.b.,legacy_all_line_types_to_v4_line_type_pair,3. Wind condition and Red flag warning overhead circuit mile days,High Wind Warning and Red Flag Warning overhead circuit mile days,All line types (legacy aggregate),reported_all_line_types,HFTD Tier 3,High wind warning and red flag warning overhead circuit mile days,same_measurement_definition_simplified_label,0,,,SDG&E,2023,1,v3.1,0,4,SDGE_2023_Q4_Tables1-15.xlsx,Table 4,17,J17,https://efiling.energysafety.ca.gov/eFiling/Getfile.aspx?fileid=53475&shareable=true
T4R-4904a72a36089069,T4-9d2cb861840e2c,,1040000013,1040000016,3.b.,legacy_all_line_types_to_v4_line_type_pair,3. Wind condition and Red flag warning overhead circuit mile days,High Wind Warning and Red Flag Warning overhead circuit mile days,All line types (legacy aggregate),reported_all_line_types,HFTD Tier 3,High wind warning and red flag warning overhead circuit mile days,same_measurement_definition_simplified_label,0,,,SDG&E,2023,2,v3.1,0,4,SDGE_2023_Q4_Tables1-15.xlsx,Table 4,17,K17,https://efiling.energysafety.ca.gov/eFiling/Getfile.aspx?fileid=53475&shareable=true
T4R-c8cf22ef91d97314,T4-9d2cb861840e2c,,1040000013,1040000016,3.b.,legacy_all_line_types_to_v4_line_type_pair,3. Wind condition and Red flag warning overhead circuit mile days,High Wind Warning and Red Flag Warning overhead circuit mile days,All line types (legacy aggregate),reported_all_line_types,HFTD Tier 3,High wind warning and red flag warning overhead circuit mile days,same_measurement_definition_simplified_label,0,,,SDG&E,2023,3,v3.1,0,4,SDGE_2023_Q4_Tables1-15.xlsx,Table 4,17,L17,https://efiling.energysafety.ca.gov/eFiling/Getfile.aspx?fileid=53475&shareable=true
T4R-8202fa12f9fb5606,T4-9d2cb861840e2c,,1040000013,1040000016,3.b.,legacy_all_line_types_to_v4_line_type_pair,3. Wind condition and Red flag warning overhead circuit mile days,High Wind Warning and Red Flag Warning overhead circuit mile days,All line types (legacy aggregate),reported_all_line_types,HFTD Tier 3,High wind warning and red flag warning overhead circuit mile days,same_measurement_definition_simplified_label,0,,,SDG&E,2023,4,v3.1,0,4,SDGE_2023_Q4_Tables1-15.xlsx,Table 4,17,M17,https://efiling.energysafety.ca.gov/eFiling/Getfile.aspx?fileid=53475&shareable=true
T4R-bba95e54df03921e,T4-14d6d4829b631e,,1040000014,1040000017,3.c.,legacy_all_line_types_to_v4_line_type_pair,3. Wind condition and Red flag warning overhead circuit mile days,High Wind Warning and Red Flag Warning overhead circuit mile days,All line types (legacy aggregate),reported_all_line_types,Non-HFTD,High wind warning and red flag warning overhead circuit mile days,same_measurement_definition_simplified_label,0,,,SDG&E,2023,1,v3.1,0,4,SDGE_2023_Q4_Tables1-15.xlsx,Table 4,18,J18,https://efiling.energysafety.ca.gov/eFiling/Getfile.aspx?fileid=53475&shareable=true
T4R-04312138af091f3b,T4-14d6d4829b631e,,1040000014,1040000017,3.c.,legacy_all_line_types_to_v4_line_type_pair,3. Wind condition and Red flag warning overhead circuit mile days,High Wind Warning and Red Flag Warning overhead circuit mile days,All line types (legacy aggregate),reported_all_line_types,Non-HFTD,High wind warning and red flag warning overhead circuit mile days,same_measurement_definition_simplified_label,0,,,SDG&E,2023,2,v3.1,0,4,SDGE_2023_Q4_Tables1-15.xlsx,Table 4,18,K18,https://efiling.energysafety.ca.gov/eFiling/Getfile.aspx?fileid=53475&shareable=true
T4R-c0757803c791afe4,T4-14d6d4829b631e,,1040000014,1040000017,3.c.,legacy_all_line_types_to_v4_line_type_pair,3. Wind condition and Red flag warning overhead circuit mile days,High Wind Warning and Red Flag Warning overhead circuit mile days,All line types (legacy aggregate),reported_all_line_types,Non-HFTD,High wind warning and red flag warning overhead circuit mile days,same_measurement_definition_simplified_label,0,,,SDG&E,2023,3,v3.1,0,4,SDGE_2023_Q4_Tables1-15.xlsx,Table 4,18,L18,https://efiling.energysafety.ca.gov/eFiling/Getfile.aspx?fileid=53475&shareable=true
T4R-9944948390dd354a,T4-14d6d4829b631e,,1040000014,1040000017,3.c.,legacy_all_line_types_to_v4_line_type_pair,3. Wind condition and Red flag warning overhead circuit mile days,High Wind Warning and Red Flag Warning overhead circuit mile days,All line types (legacy aggregate),reported_all_line_types,Non-HFTD,High wind warning and red flag warning overhead circuit mile days,same_measurement_definition_simplified_label,0,,,SDG&E,2023,4,v3.1,0,4,SDGE_2023_Q4_Tables1-15.xlsx,Table 4,18,M18,https://efiling.energysafety.ca.gov/eFiling/Getfile.aspx?fileid=53475&shareable=true
T4R-8fe0a048f7aef611,T4-bab50aaf57a531,,1040000018,1040000021,4.a.,legacy_all_line_types_to_v4_line_type_pair,4. Fire potential index overhead circuit mile days,Fire potential index circuit mile days,All line types (legacy aggregate),reported_all_line_types,HFTD Tier 2,High fire potential index (as defined by the utility in its WMP) overhead circuit mile days,same_measurement_definition_simplified_label,0,,,SDG&E,2023,1,v3.1,0,4,SDGE_2023_Q4_Tables1-15.xlsx,Table 4,19,J19,https://efiling.energysafety.ca.gov/eFiling/Getfile.aspx?fileid=53475&shareable=true
T4R-09792e0a39f7972a,T4-bab50aaf57a531,,1040000018,1040000021,4.a.,legacy_all_line_types_to_v4_line_type_pair,4. Fire potential index overhead circuit mile days,Fire potential index circuit mile days,All line types (legacy aggregate),reported_all_line_types,HFTD Tier 2,High fire potential index (as defined by the utility in its WMP) overhead circuit mile days,same_measurement_definition_simplified_label,9479.76,,,SDG&E,2023,2,v3.1,0,4,SDGE_2023_Q4_Tables1-15.xlsx,Table 4,19,K19,https://efiling.energysafety.ca.gov/eFiling/Getfile.aspx?fileid=53475&shareable=true
T4R-6aa9e812ddf14085,T4-bab50aaf57a531,,1040000018,1040000021,4.a.,legacy_all_line_types_to_v4_line_type_pair,4. Fire potential index overhead circuit mile days,Fire potential index circuit mile days,All line types (legacy aggregate),reported_all_line_types,HFTD Tier 2,High fire potential index (as defined by the utility in its WMP) overhead circuit mile days,same_measurement_definition_simplified_label,143227,,,SDG&E,2023,3,v3.1,0,4,SDGE_2023_Q4_Tables1-15.xlsx,Table 4,19,L19,https://efiling.energysafety.ca.gov/eFiling/Getfile.aspx?fileid=53475&shareable=true
T4R-88ec24aee5c0646c,T4-bab50aaf57a531,,1040000018,1040000021,4.a.,legacy_all_line_types_to_v4_line_type_pair,4. Fire potential index overhead circuit mile days,Fire potential index circuit mile days,All line types (legacy aggregate),reported_all_line_types,HFTD Tier 2,High fire potential index (as defined by the utility in its WMP) overhead circuit mile days,same_measurement_definition_simplified_label,39811.6,,,SDG&E,2023,4,v3.1,0,4,SDGE_2023_Q4_Tables1-15.xlsx,Table 4,19,M19,https://efiling.energysafety.ca.gov/eFiling/Getfile.aspx?fileid=53475&shareable=true
T4R-0f8581d05a455e9d,T4-ec42fee6908963,,1040000019,1040000022,4.b.,legacy_all_line_types_to_v4_line_type_pair,4. Fire potential index overhead circuit mile days,Fire potential index circuit mile days,All line types (legacy aggregate),reported_all_line_types,HFTD Tier 3,High fire potential index (as defined by the utility in its WMP) overhead circuit mile days,same_measurement_definition_simplified_label,0,,,SDG&E,2023,1,v3.1,0,4,SDGE_2023_Q4_Tables1-15.xlsx,Table 4,20,J20,https://efiling.energysafety.ca.gov/eFiling/Getfile.aspx?fileid=53475&shareable=true
T4R-7f05a890f812d3f5,T4-ec42fee6908963,,1040000019,1040000022,4.b.,legacy_all_line_types_to_v4_line_type_pair,4. Fire potential index overhead circuit mile days,Fire potential index circuit mile days,All line types (legacy aggregate),reported_all_line_types,HFTD Tier 3,High fire potential index (as defined by the utility in its WMP) overhead circuit mile days,same_measurement_definition_simplified_label,10911.58,,,SDG&E,2023,2,v3.1,0,4,SDGE_2023_Q4_Tables1-15.xlsx,Table 4,20,K20,https://efiling.energysafety.ca.gov/eFiling/Getfile.aspx?fileid=53475&shareable=true
T4R-c5caa0d5429e93b0,T4-ec42fee6908963,,1040000019,1040000022,4.b.,legacy_all_line_types_to_v4_line_type_pair,4. Fire potential index overhead circuit mile days,Fire potential index circuit mile days,All line types (legacy aggregate),reported_all_line_types,HFTD Tier 3,High fire potential index (as defined by the utility in its WMP) overhead circuit mile days,same_measurement_definition_simplified_label,127551,,,SDG&E,2023,3,v3.1,0,4,SDGE_2023_Q4_Tables1-15.xlsx,Table 4,20,L20,https://efiling.energysafety.ca.gov/eFiling/Getfile.aspx?fileid=53475&shareable=true
T4R-46bcb58bbb44ac63,T4-ec42fee6908963,,1040000019,1040000022,4.b.,legacy_all_line_types_to_v4_line_type_pair,4. Fire potential index overhead circuit mile days,Fire potential index circuit mile days,All line types (legacy aggregate),reported_all_line_types,HFTD Tier 3,High fire potential index (as defined by the utility in its WMP) overhead circuit mile days,same_measurement_definition_simplified_label,40925,,,SDG&E,2023,4,v3.1,0,4,SDGE_2023_Q4_Tables1-15.xlsx,Table 4,20,M20,https://efiling.energysafety.ca.gov/eFiling/Getfile.aspx?fileid=53475&shareable=true
T4R-2371a8a7f4a390ba,T4-415343ed66f7a0,,1040000020,1040000023,4.c.,legacy_all_line_types_to_v4_line_type_pair,4. Fire potential index overhead circuit mile days,Fire potential index circuit mile days,All line types (legacy aggregate),reported_all_line_types,Non-HFTD,High fire potential index (as defined by the utility in its WMP) overhead circuit mile days,same_measurement_definition_simplified_label,0,,,SDG&E,2023,1,v3.1,0,4,SDGE_2023_Q4_Tables1-15.xlsx,Table 4,21,J21,https://efiling.energysafety.ca.gov/eFiling/Getfile.aspx?fileid=53475&shareable=true
T4R-13b6119a937c7919,T4-415343ed66f7a0,,1040000020,1040000023,4.c.,legacy_all_line_types_to_v4_line_type_pair,4. Fire potential index overhead circuit mile days,Fire potential index circuit mile days,All line types (legacy aggregate),reported_all_line_types,Non-HFTD,High fire potential index (as defined by the utility in its WMP) overhead circuit mile days,same_measurement_definition_simplified_label,6005.72,,,SDG&E,2023,2,v3.1,0,4,SDGE_2023_Q4_Tables1-15.xlsx,Table 4,21,K21,https://efiling.energysafety.ca.gov/eFiling/Getfile.aspx?fileid=53475&shareable=true
T4R-4f93d615d1ceed88,T4-415343ed66f7a0,,1040000020,1040000023,4.c.,legacy_all_line_types_to_v4_line_type_pair,4. Fire potential index overhead circuit mile days,Fire potential index circuit mile days,All line types (legacy aggregate),reported_all_line_types,Non-HFTD,High fire potential index (as defined by the utility in its WMP) overhead circuit mile days,same_measurement_definition_simplified_label,127388,,,SDG&E,2023,3,v3.1,0,4,SDGE_2023_Q4_Tables1-15.xlsx,Table 4,21,L21,https://efiling.energysafety.ca.gov/eFiling/Getfile.aspx?fileid=53475&shareable=true
T4R-621256be8bacaf48,T4-415343ed66f7a0,,1040000020,1040000023,4.c.,legacy_all_line_types_to_v4_line_type_pair,4. Fire potential index overhead circuit mile days,Fire potential index circuit mile days,All line types (legacy aggregate),reported_all_line_types,Non-HFTD,High fire potential index (as defined by the utility in its WMP) overhead circuit mile days,same_measurement_definition_simplified_label,26164,,,SDG&E,2023,4,v3.1,0,4,SDGE_2023_Q4_Tables1-15.xlsx,Table 4,21,M21,https://efiling.energysafety.ca.gov/eFiling/Getfile.aspx?fileid=53475&shareable=true
T4R-1fecb1407967f74a,T4-d355c8abcd298d,,,,5.a.,legacy_only_other_placeholder,5. Other,Other relevant weather pattern metrics tracked (add additional rows as needed),All line types (legacy aggregate),reported_all_line_types,,,legacy_only,,,,SDG&E,2023,1,v3.1,0,4,SDGE_2023_Q4_Tables1-15.xlsx,Table 4,22,J22,https://efiling.energysafety.ca.gov/eFiling/Getfile.aspx?fileid=53475&shareable=true
T4R-ebb65d3970d69d16,T4-d355c8abcd298d,,,,5.a.,legacy_only_other_placeholder,5. Other,Other relevant weather pattern metrics tracked (add additional rows as needed),All line types (legacy aggregate),reported_all_line_types,,,legacy_only,,,,SDG&E,2023,2,v3.1,0,4,SDGE_2023_Q4_Tables1-15.xlsx,Table 4,22,K22,https://efiling.energysafety.ca.gov/eFiling/Getfile.aspx?fileid=53475&shareable=true
T4R-27ae138b564f6478,T4-d355c8abcd298d,,,,5.a.,legacy_only_other_placeholder,5. Other,Other relevant weather pattern metrics tracked (add additional rows as needed),All line types (legacy aggregate),reported_all_line_types,,,legacy_only,,,,SDG&E,2023,3,v3.1,0,4,SDGE_2023_Q4_Tables1-15.xlsx,Table 4,22,L22,https://efiling.energysafety.ca.gov/eFiling/Getfile.aspx?fileid=53475&shareable=true
T4R-48c0c507a690619a,T4-d355c8abcd298d,,,,5.a.,legacy_only_other_placeholder,5. Other,Other relevant weather pattern metrics tracked (add additional rows as needed),All line types (legacy aggregate),reported_all_line_types,,,legacy_only,,,,SDG&E,2023,4,v3.1,0,4,SDGE_2023_Q4_Tables1-15.xlsx,Table 4,22,M22,https://efiling.energysafety.ca.gov/eFiling/Getfile.aspx?fileid=53475&shareable=true
T4R-f731412cc11cda5a,T4-8e80c5d3a208b9,,1040000000,1040000003,1.a.,legacy_all_line_types_to_v4_line_type_pair,1. Red flag warning only overhead circuit mile days,Red Flag Warning Only overhead circuit mile days,All line types (legacy aggregate),reported_all_line_types,HFTD Tier 2,Red flag warning overhead circuit mile days,same_measurement_definition_simplified_label,0,,,SDG&E,2024,1,v3.2,2,1,SDGE_2024_Q1_Tables1-15_R2.xlsx,Table 4,10,F10,https://efiling.energysafety.ca.gov/eFiling/Getfile.aspx?fileid=56226&shareable=true
T4R-b1b618e075d52c71,T4-3550b2867635d4,,1040000001,1040000004,1.b.,legacy_all_line_types_to_v4_line_type_pair,1. Red flag warning only overhead circuit mile days,Red Flag Warning Only overhead circuit mile days,All line types (legacy aggregate),reported_all_line_types,HFTD Tier 3,Red flag warning overhead circuit mile days,same_measurement_definition_simplified_label,0,,,SDG&E,2024,1,v3.2,2,1,SDGE_2024_Q1_Tables1-15_R2.xlsx,Table 4,11,F11,https://efiling.energysafety.ca.gov/eFiling/Getfile.aspx?fileid=56226&shareable=true
T4R-be5219d4e1cf29db,T4-eff34c8f752257,,1040000002,1040000005,1.c.,legacy_all_line_types_to_v4_line_type_pair,1. Red flag warning only overhead circuit mile days,Red Flag Warning Only overhead circuit mile days,All line types (legacy aggregate),reported_all_line_types,Non-HFTD,Red flag warning overhead circuit mile days,same_measurement_definition_simplified_label,0,,,SDG&E,2024,1,v3.2,2,1,SDGE_2024_Q1_Tables1-15_R2.xlsx,Table 4,12,F12,https://efiling.energysafety.ca.gov/eFiling/Getfile.aspx?fileid=56226&shareable=true
T4R-30db11969c1a6c90,T4-66e4b15c6a0742,,1040000006,1040000009,2.a.,legacy_all_line_types_to_v4_line_type_pair,2. Wind condition overhead circuit mile days,High Wind Warning Only overhead circuit mile days,All line types (legacy aggregate),reported_all_line_types,HFTD Tier 2,High Wind Warning overhead circuit mile days,same_measurement_definition_simplified_label,504,,,SDG&E,2024,1,v3.2,2,1,SDGE_2024_Q1_Tables1-15_R2.xlsx,Table 4,13,F13,https://efiling.energysafety.ca.gov/eFiling/Getfile.aspx?fileid=56226&shareable=true
T4R-3fecb57157473687,T4-1d3962106381ab,,1040000007,1040000010,2.b.,legacy_all_line_types_to_v4_line_type_pair,2. Wind condition overhead circuit mile days,High Wind Warning Only overhead circuit mile days,All line types (legacy aggregate),reported_all_line_types,HFTD Tier 3,High Wind Warning overhead circuit mile days,same_measurement_definition_simplified_label,744,,,SDG&E,2024,1,v3.2,2,1,SDGE_2024_Q1_Tables1-15_R2.xlsx,Table 4,14,F14,https://efiling.energysafety.ca.gov/eFiling/Getfile.aspx?fileid=56226&shareable=true
T4R-0a657f12a6536956,T4-5db1270315ca0f,,1040000008,1040000011,2.c.,legacy_all_line_types_to_v4_line_type_pair,2. Wind condition overhead circuit mile days,High Wind Warning Only overhead circuit mile days,All line types (legacy aggregate),reported_all_line_types,Non-HFTD,High Wind Warning overhead circuit mile days,same_measurement_definition_simplified_label,71,,,SDG&E,2024,1,v3.2,2,1,SDGE_2024_Q1_Tables1-15_R2.xlsx,Table 4,15,F15,https://efiling.energysafety.ca.gov/eFiling/Getfile.aspx?fileid=56226&shareable=true
T4R-5891492a909cb368,T4-b3609e3d1405ed,,1040000012,1040000015,3.a.,legacy_all_line_types_to_v4_line_type_pair,3. Wind condition and Red flag warning overhead circuit mile days,High Wind Warning and Red Flag Warning overhead circuit mile days,All line types (legacy aggregate),reported_all_line_types,HFTD Tier 2,High wind warning and red flag warning overhead circuit mile days,same_measurement_definition_simplified_label,0,,,SDG&E,2024,1,v3.2,2,1,SDGE_2024_Q1_Tables1-15_R2.xlsx,Table 4,16,F16,https://efiling.energysafety.ca.gov/eFiling/Getfile.aspx?fileid=56226&shareable=true
T4R-192f3e1fedc3b4e2,T4-9d2cb861840e2c,,1040000013,1040000016,3.b.,legacy_all_line_types_to_v4_line_type_pair,3. Wind condition and Red flag warning overhead circuit mile days,High Wind Warning and Red Flag Warning overhead circuit mile days,All line types (legacy aggregate),reported_all_line_types,HFTD Tier 3,High wind warning and red flag warning overhead circuit mile days,same_measurement_definition_simplified_label,0,,,SDG&E,2024,1,v3.2,2,1,SDGE_2024_Q1_Tables1-15_R2.xlsx,Table 4,17,F17,https://efiling.energysafety.ca.gov/eFiling/Getfile.aspx?fileid=56226&shareable=true
T4R-cf8598d3cbef46b4,T4-14d6d4829b631e,,1040000014,1040000017,3.c.,legacy_all_line_types_to_v4_line_type_pair,3. Wind condition and Red flag warning overhead circuit mile days,High Wind Warning and Red Flag Warning overhead circuit mile days,All line types (legacy aggregate),reported_all_line_types,Non-HFTD,High wind warning and red flag warning overhead circuit mile days,same_measurement_definition_simplified_label,0,,,SDG&E,2024,1,v3.2,2,1,SDGE_2024_Q1_Tables1-15_R2.xlsx,Table 4,18,F18,https://efiling.energysafety.ca.gov/eFiling/Getfile.aspx?fileid=56226&shareable=true
T4R-698ec8876f0533ff,T4-bab50aaf57a531,,1040000018,1040000021,4.a.,legacy_all_line_types_to_v4_line_type_pair,4. Fire potential index overhead circuit mile days,Fire potential index circuit mile days,All line types (legacy aggregate),reported_all_line_types,HFTD Tier 2,High fire potential index (as defined by the utility in its WMP) overhead circuit mile days,same_measurement_definition_simplified_label,0,,,SDG&E,2024,1,v3.2,2,1,SDGE_2024_Q1_Tables1-15_R2.xlsx,Table 4,19,F19,https://efiling.energysafety.ca.gov/eFiling/Getfile.aspx?fileid=56226&shareable=true
T4R-c7465f5ebc242dfa,T4-ec42fee6908963,,1040000019,1040000022,4.b.,legacy_all_line_types_to_v4_line_type_pair,4. Fire potential index overhead circuit mile days,Fire potential index circuit mile days,All line types (legacy aggregate),reported_all_line_types,HFTD Tier 3,High fire potential index (as defined by the utility in its WMP) overhead circuit mile days,same_measurement_definition_simplified_label,0,,,SDG&E,2024,1,v3.2,2,1,SDGE_2024_Q1_Tables1-15_R2.xlsx,Table 4,20,F20,https://efiling.energysafety.ca.gov/eFiling/Getfile.aspx?fileid=56226&shareable=true
T4R-a0a70065a277c6d0,T4-415343ed66f7a0,,1040000020,1040000023,4.c.,legacy_all_line_types_to_v4_line_type_pair,4. Fire potential index overhead circuit mile days,Fire potential index circuit mile days,All line types (legacy aggregate),reported_all_line_types,Non-HFTD,High fire potential index (as defined by the utility in its WMP) overhead circuit mile days,same_measurement_definition_simplified_label,0,,,SDG&E,2024,1,v3.2,2,1,SDGE_2024_Q1_Tables1-15_R2.xlsx,Table 4,21,F21,https://efiling.energysafety.ca.gov/eFiling/Getfile.aspx?fileid=56226&shareable=true
T4R-6ba224a8fee4d206,T4-d355c8abcd298d,,,,5.a.,legacy_only_other_placeholder,5. Other,Other relevant weather pattern metrics tracked (add additional rows as needed),All line types (legacy aggregate),reported_all_line_types,,,legacy_only,,,,SDG&E,2024,1,v3.2,2,1,SDGE_2024_Q1_Tables1-15_R2.xlsx,Table 4,22,F22,https://efiling.energysafety.ca.gov/eFiling/Getfile.aspx?fileid=56226&shareable=true
T4R-1af039ef3807f38a,T4-8e80c5d3a208b9,,1040000000,1040000003,1.a.,legacy_all_line_types_to_v4_line_type_pair,1. Red flag warning only overhead circuit mile days,Red Flag Warning Only overhead circuit mile days,All line types (legacy aggregate),reported_all_line_types,HFTD Tier 2,Red flag warning overhead circuit mile days,same_measurement_definition_simplified_label,0,,,SDG&E,2024,2,v3.2,1,2,SDGE_2024_Q2_Tables1-15_R1.xlsx,Table 4,10,F10,https://efiling.energysafety.ca.gov/eFiling/Getfile.aspx?fileid=56226&shareable=true
T4R-5d537f12f240e72e,T4-3550b2867635d4,,1040000001,1040000004,1.b.,legacy_all_line_types_to_v4_line_type_pair,1. Red flag warning only overhead circuit mile days,Red Flag Warning Only overhead circuit mile days,All line types (legacy aggregate),reported_all_line_types,HFTD Tier 3,Red flag warning overhead circuit mile days,same_measurement_definition_simplified_label,0,,,SDG&E,2024,2,v3.2,1,2,SDGE_2024_Q2_Tables1-15_R1.xlsx,Table 4,11,F11,https://efiling.energysafety.ca.gov/eFiling/Getfile.aspx?fileid=56226&shareable=true
T4R-00ce8db78c4948d2,T4-eff34c8f752257,,1040000002,1040000005,1.c.,legacy_all_line_types_to_v4_line_type_pair,1. Red flag warning only overhead circuit mile days,Red Flag Warning Only overhead circuit mile days,All line types (legacy aggregate),reported_all_line_types,Non-HFTD,Red flag warning overhead circuit mile days,same_measurement_definition_simplified_label,0,,,SDG&E,2024,2,v3.2,1,2,SDGE_2024_Q2_Tables1-15_R1.xlsx,Table 4,12,F12,https://efiling.energysafety.ca.gov/eFiling/Getfile.aspx?fileid=56226&shareable=true
T4R-e51d70bb3a197dae,T4-66e4b15c6a0742,,1040000006,1040000009,2.a.,legacy_all_line_types_to_v4_line_type_pair,2. Wind condition overhead circuit mile days,High Wind Warning Only overhead circuit mile days,All line types (legacy aggregate),reported_all_line_types,HFTD Tier 2,High Wind Warning overhead circuit mile days,same_measurement_definition_simplified_label,0,,,SDG&E,2024,2,v3.2,1,2,SDGE_2024_Q2_Tables1-15_R1.xlsx,Table 4,13,F13,https://efiling.energysafety.ca.gov/eFiling/Getfile.aspx?fileid=56226&shareable=true
T4R-6a59ce7fe33bc27d,T4-1d3962106381ab,,1040000007,1040000010,2.b.,legacy_all_line_types_to_v4_line_type_pair,2. Wind condition overhead circuit mile days,High Wind Warning Only overhead circuit mile days,All line types (legacy aggregate),reported_all_line_types,HFTD Tier 3,High Wind Warning overhead circuit mile days,same_measurement_definition_simplified_label,0,,,SDG&E,2024,2,v3.2,1,2,SDGE_2024_Q2_Tables1-15_R1.xlsx,Table 4,14,F14,https://efiling.energysafety.ca.gov/eFiling/Getfile.aspx?fileid=56226&shareable=true
T4R-6e5ed96fcb5fde26,T4-5db1270315ca0f,,1040000008,1040000011,2.c.,legacy_all_line_types_to_v4_line_type_pair,2. Wind condition overhead circuit mile days,High Wind Warning Only overhead circuit mile days,All line types (legacy aggregate),reported_all_line_types,Non-HFTD,High Wind Warning overhead circuit mile days,same_measurement_definition_simplified_label,0,,,SDG&E,2024,2,v3.2,1,2,SDGE_2024_Q2_Tables1-15_R1.xlsx,Table 4,15,F15,https://efiling.energysafety.ca.gov/eFiling/Getfile.aspx?fileid=56226&shareable=true
T4R-5802739bd2b2b0dc,T4-b3609e3d1405ed,,1040000012,1040000015,3.a.,legacy_all_line_types_to_v4_line_type_pair,3. Wind condition and Red flag warning overhead circuit mile days,High Wind Warning and Red Flag Warning overhead circuit mile days,All line types (legacy aggregate),reported_all_line_types,HFTD Tier 2,High wind warning and red flag warning overhead circuit mile days,same_measurement_definition_simplified_label,0,,,SDG&E,2024,2,v3.2,1,2,SDGE_2024_Q2_Tables1-15_R1.xlsx,Table 4,16,F16,https://efiling.energysafety.ca.gov/eFiling/Getfile.aspx?fileid=56226&shareable=true
T4R-9fd2a7417096972e,T4-9d2cb861840e2c,,1040000013,1040000016,3.b.,legacy_all_line_types_to_v4_line_type_pair,3. Wind condition and Red flag warning overhead circuit mile days,High Wind Warning and Red Flag Warning overhead circuit mile days,All line types (legacy aggregate),reported_all_line_types,HFTD Tier 3,High wind warning and red flag warning overhead circuit mile days,same_measurement_definition_simplified_label,0,,,SDG&E,2024,2,v3.2,1,2,SDGE_2024_Q2_Tables1-15_R1.xlsx,Table 4,17,F17,https://efiling.energysafety.ca.gov/eFiling/Getfile.aspx?fileid=56226&shareable=true
T4R-d80a21eba6ccc6fe,T4-14d6d4829b631e,,1040000014,1040000017,3.c.,legacy_all_line_types_to_v4_line_type_pair,3. Wind condition and Red flag warning overhead circuit mile days,High Wind Warning and Red Flag Warning overhead circuit mile days,All line types (legacy aggregate),reported_all_line_types,Non-HFTD,High wind warning and red flag warning overhead circuit mile days,same_measurement_definition_simplified_label,0,,,SDG&E,2024,2,v3.2,1,2,SDGE_2024_Q2_Tables1-15_R1.xlsx,Table 4,18,F18,https://efiling.energysafety.ca.gov/eFiling/Getfile.aspx?fileid=56226&shareable=true
T4R-357adf320f9a5bb2,T4-bab50aaf57a531,,1040000018,1040000021,4.a.,legacy_all_line_types_to_v4_line_type_pair,4. Fire potential index overhead circuit mile days,Fire potential index circuit mile days,All line types (legacy aggregate),reported_all_line_types,HFTD Tier 2,High fire potential index (as defined by the utility in its WMP) overhead circuit mile days,same_measurement_definition_simplified_label,31782,,,SDG&E,2024,2,v3.2,1,2,SDGE_2024_Q2_Tables1-15_R1.xlsx,Table 4,19,F19,https://efiling.energysafety.ca.gov/eFiling/Getfile.aspx?fileid=56226&shareable=true
T4R-9dd402dac1b418fc,T4-ec42fee6908963,,1040000019,1040000022,4.b.,legacy_all_line_types_to_v4_line_type_pair,4. Fire potential index overhead circuit mile days,Fire potential index circuit mile days,All line types (legacy aggregate),reported_all_line_types,HFTD Tier 3,High fire potential index (as defined by the utility in its WMP) overhead circuit mile days,same_measurement_definition_simplified_label,34294,,,SDG&E,2024,2,v3.2,1,2,SDGE_2024_Q2_Tables1-15_R1.xlsx,Table 4,20,F20,https://efiling.energysafety.ca.gov/eFiling/Getfile.aspx?fileid=56226&shareable=true
T4R-a996e119a5b8e09b,T4-415343ed66f7a0,,1040000020,1040000023,4.c.,legacy_all_line_types_to_v4_line_type_pair,4. Fire potential index overhead circuit mile days,Fire potential index circuit mile days,All line types (legacy aggregate),reported_all_line_types,Non-HFTD,High fire potential index (as defined by the utility in its WMP) overhead circuit mile days,same_measurement_definition_simplified_label,20582,,,SDG&E,2024,2,v3.2,1,2,SDGE_2024_Q2_Tables1-15_R1.xlsx,Table 4,21,F21,https://efiling.energysafety.ca.gov/eFiling/Getfile.aspx?fileid=56226&shareable=true
T4R-432338bfae2fe9ba,T4-d355c8abcd298d,,,,5.a.,legacy_only_other_placeholder,5. Other,Other relevant weather pattern metrics tracked (add additional rows as needed),All line types (legacy aggregate),reported_all_line_types,,,legacy_only,,,,SDG&E,2024,2,v3.2,1,2,SDGE_2024_Q2_Tables1-15_R1.xlsx,Table 4,22,F22,https://efiling.energysafety.ca.gov/eFiling/Getfile.aspx?fileid=56226&shareable=true
T4R-192e9846c37ecbf6,T4-8e80c5d3a208b9,,1040000000,1040000003,1.a.,legacy_all_line_types_to_v4_line_type_pair,1. Red flag warning only overhead circuit mile days,Red Flag Warning Only overhead circuit mile days,All line types (legacy aggregate),reported_all_line_types,HFTD Tier 2,Red flag warning overhead circuit mile days,same_measurement_definition_simplified_label,0,,,SDG&E,2024,3,v3.2,1,3,SDGE_2024_Q3_Tables1-15_Rev1.xlsx,Table 4,10,F10,https://efiling.energysafety.ca.gov/eFiling/Getfile.aspx?fileid=56226&shareable=true
T4R-f2473e76c48962d2,T4-3550b2867635d4,,1040000001,1040000004,1.b.,legacy_all_line_types_to_v4_line_type_pair,1. Red flag warning only overhead circuit mile days,Red Flag Warning Only overhead circuit mile days,All line types (legacy aggregate),reported_all_line_types,HFTD Tier 3,Red flag warning overhead circuit mile days,same_measurement_definition_simplified_label,0,,,SDG&E,2024,3,v3.2,1,3,SDGE_2024_Q3_Tables1-15_Rev1.xlsx,Table 4,11,F11,https://efiling.energysafety.ca.gov/eFiling/Getfile.aspx?fileid=56226&shareable=true
T4R-335f973a09bf0a53,T4-eff34c8f752257,,1040000002,1040000005,1.c.,legacy_all_line_types_to_v4_line_type_pair,1. Red flag warning only overhead circuit mile days,Red Flag Warning Only overhead circuit mile days,All line types (legacy aggregate),reported_all_line_types,Non-HFTD,Red flag warning overhead circuit mile days,same_measurement_definition_simplified_label,0,,,SDG&E,2024,3,v3.2,1,3,SDGE_2024_Q3_Tables1-15_Rev1.xlsx,Table 4,12,F12,https://efiling.energysafety.ca.gov/eFiling/Getfile.aspx?fileid=56226&shareable=true
T4R-3caabc84db70edc5,T4-66e4b15c6a0742,,1040000006,1040000009,2.a.,legacy_all_line_types_to_v4_line_type_pair,2. Wind condition overhead circuit mile days,High Wind Warning Only overhead circuit mile days,All line types (legacy aggregate),reported_all_line_types,HFTD Tier 2,High Wind Warning overhead circuit mile days,same_measurement_definition_simplified_label,0,,,SDG&E,2024,3,v3.2,1,3,SDGE_2024_Q3_Tables1-15_Rev1.xlsx,Table 4,13,F13,https://efiling.energysafety.ca.gov/eFiling/Getfile.aspx?fileid=56226&shareable=true
T4R-d52cfb9bcc78e81c,T4-1d3962106381ab,,1040000007,1040000010,2.b.,legacy_all_line_types_to_v4_line_type_pair,2. Wind condition overhead circuit mile days,High Wind Warning Only overhead circuit mile days,All line types (legacy aggregate),reported_all_line_types,HFTD Tier 3,High Wind Warning overhead circuit mile days,same_measurement_definition_simplified_label,0,,,SDG&E,2024,3,v3.2,1,3,SDGE_2024_Q3_Tables1-15_Rev1.xlsx,Table 4,14,F14,https://efiling.energysafety.ca.gov/eFiling/Getfile.aspx?fileid=56226&shareable=true
T4R-5796c220d52815f2,T4-5db1270315ca0f,,1040000008,1040000011,2.c.,legacy_all_line_types_to_v4_line_type_pair,2. Wind condition overhead circuit mile days,High Wind Warning Only overhead circuit mile days,All line types (legacy aggregate),reported_all_line_types,Non-HFTD,High Wind Warning overhead circuit mile days,same_measurement_definition_simplified_label,0,,,SDG&E,2024,3,v3.2,1,3,SDGE_2024_Q3_Tables1-15_Rev1.xlsx,Table 4,15,F15,https://efiling.energysafety.ca.gov/eFiling/Getfile.aspx?fileid=56226&shareable=true
T4R-67a186d1cbf7091d,T4-b3609e3d1405ed,,1040000012,1040000015,3.a.,legacy_all_line_types_to_v4_line_type_pair,3. Wind condition and Red flag warning overhead circuit mile days,High Wind Warning and Red Flag Warning overhead circuit mile days,All line types (legacy aggregate),reported_all_line_types,HFTD Tier 2,High wind warning and red flag warning overhead circuit mile days,same_measurement_definition_simplified_label,0,,,SDG&E,2024,3,v3.2,1,3,SDGE_2024_Q3_Tables1-15_Rev1.xlsx,Table 4,16,F16,https://efiling.energysafety.ca.gov/eFiling/Getfile.aspx?fileid=56226&shareable=true
T4R-d49a8c444dec16da,T4-9d2cb861840e2c,,1040000013,1040000016,3.b.,legacy_all_line_types_to_v4_line_type_pair,3. Wind condition and Red flag warning overhead circuit mile days,High Wind Warning and Red Flag Warning overhead circuit mile days,All line types (legacy aggregate),reported_all_line_types,HFTD Tier 3,High wind warning and red flag warning overhead circuit mile days,same_measurement_definition_simplified_label,0,,,SDG&E,2024,3,v3.2,1,3,SDGE_2024_Q3_Tables1-15_Rev1.xlsx,Table 4,17,F17,https://efiling.energysafety.ca.gov/eFiling/Getfile.aspx?fileid=56226&shareable=true
T4R-31992e44b2acce35,T4-14d6d4829b631e,,1040000014,1040000017,3.c.,legacy_all_line_types_to_v4_line_type_pair,3. Wind condition and Red flag warning overhead circuit mile days,High Wind Warning and Red Flag Warning overhead circuit mile days,All line types (legacy aggregate),reported_all_line_types,Non-HFTD,High wind warning and red flag warning overhead circuit mile days,same_measurement_definition_simplified_label,0,,,SDG&E,2024,3,v3.2,1,3,SDGE_2024_Q3_Tables1-15_Rev1.xlsx,Table 4,18,F18,https://efiling.energysafety.ca.gov/eFiling/Getfile.aspx?fileid=56226&shareable=true
T4R-cbacac28b5bfd37e,T4-bab50aaf57a531,,1040000018,1040000021,4.a.,legacy_all_line_types_to_v4_line_type_pair,4. Fire potential index overhead circuit mile days,Fire potential index circuit mile days,All line types (legacy aggregate),reported_all_line_types,HFTD Tier 2,High fire potential index (as defined by the utility in its WMP) overhead circuit mile days,same_measurement_definition_simplified_label,187662,,,SDG&E,2024,3,v3.2,1,3,SDGE_2024_Q3_Tables1-15_Rev1.xlsx,Table 4,19,F19,https://efiling.energysafety.ca.gov/eFiling/Getfile.aspx?fileid=56226&shareable=true
T4R-1d049b2140f1af81,T4-ec42fee6908963,,1040000019,1040000022,4.b.,legacy_all_line_types_to_v4_line_type_pair,4. Fire potential index overhead circuit mile days,Fire potential index circuit mile days,All line types (legacy aggregate),reported_all_line_types,HFTD Tier 3,High fire potential index (as defined by the utility in its WMP) overhead circuit mile days,same_measurement_definition_simplified_label,166142,,,SDG&E,2024,3,v3.2,1,3,SDGE_2024_Q3_Tables1-15_Rev1.xlsx,Table 4,20,F20,https://efiling.energysafety.ca.gov/eFiling/Getfile.aspx?fileid=56226&shareable=true
T4R-1fdc706ee2a8cdfc,T4-415343ed66f7a0,,1040000020,1040000023,4.c.,legacy_all_line_types_to_v4_line_type_pair,4. Fire potential index overhead circuit mile days,Fire potential index circuit mile days,All line types (legacy aggregate),reported_all_line_types,Non-HFTD,High fire potential index (as defined by the utility in its WMP) overhead circuit mile days,same_measurement_definition_simplified_label,139670,,,SDG&E,2024,3,v3.2,1,3,SDGE_2024_Q3_Tables1-15_Rev1.xlsx,Table 4,21,F21,https://efiling.energysafety.ca.gov/eFiling/Getfile.aspx?fileid=56226&shareable=true
T4R-4240b37ecf69b21a,T4-d355c8abcd298d,,,,5.a.,legacy_only_other_placeholder,5. Other,Other relevant weather pattern metrics tracked (add additional rows as needed),All line types (legacy aggregate),reported_all_line_types,,,legacy_only,,,,SDG&E,2024,3,v3.2,1,3,SDGE_2024_Q3_Tables1-15_Rev1.xlsx,Table 4,22,F22,https://efiling.energysafety.ca.gov/eFiling/Getfile.aspx?fileid=56226&shareable=true
T4R-dd7653dd7d11ad14,T4-8e80c5d3a208b9,,1040000000,1040000003,1.a.,legacy_all_line_types_to_v4_line_type_pair,1. Red flag warning only overhead circuit mile days,Red Flag Warning Only overhead circuit mile days,All line types (legacy aggregate),reported_all_line_types,HFTD Tier 2,Red flag warning overhead circuit mile days,same_measurement_definition_simplified_label,6022.27,,,SDG&E,2024,4,v3.2,1,4,SDGE_2024_Q4_Tables1-15_R1.xlsx,Table 4,10,F10,https://efiling.energysafety.ca.gov/eFiling/Getfile.aspx?fileid=56226&shareable=true
T4R-32bd4ae6ea78f1d0,T4-3550b2867635d4,,1040000001,1040000004,1.b.,legacy_all_line_types_to_v4_line_type_pair,1. Red flag warning only overhead circuit mile days,Red Flag Warning Only overhead circuit mile days,All line types (legacy aggregate),reported_all_line_types,HFTD Tier 3,Red flag warning overhead circuit mile days,same_measurement_definition_simplified_label,5731.19,,,SDG&E,2024,4,v3.2,1,4,SDGE_2024_Q4_Tables1-15_R1.xlsx,Table 4,11,F11,https://efiling.energysafety.ca.gov/eFiling/Getfile.aspx?fileid=56226&shareable=true
T4R-88420c2c493c7c09,T4-eff34c8f752257,,1040000002,1040000005,1.c.,legacy_all_line_types_to_v4_line_type_pair,1. Red flag warning only overhead circuit mile days,Red Flag Warning Only overhead circuit mile days,All line types (legacy aggregate),reported_all_line_types,Non-HFTD,Red flag warning overhead circuit mile days,same_measurement_definition_simplified_label,3241.31,,,SDG&E,2024,4,v3.2,1,4,SDGE_2024_Q4_Tables1-15_R1.xlsx,Table 4,12,F12,https://efiling.energysafety.ca.gov/eFiling/Getfile.aspx?fileid=56226&shareable=true
T4R-fa8c669da7bb6da7,T4-66e4b15c6a0742,,1040000006,1040000009,2.a.,legacy_all_line_types_to_v4_line_type_pair,2. Wind condition overhead circuit mile days,High Wind Warning Only overhead circuit mile days,All line types (legacy aggregate),reported_all_line_types,HFTD Tier 2,High Wind Warning overhead circuit mile days,same_measurement_definition_simplified_label,0,,,SDG&E,2024,4,v3.2,1,4,SDGE_2024_Q4_Tables1-15_R1.xlsx,Table 4,13,F13,https://efiling.energysafety.ca.gov/eFiling/Getfile.aspx?fileid=56226&shareable=true
T4R-3d550b24464fba52,T4-1d3962106381ab,,1040000007,1040000010,2.b.,legacy_all_line_types_to_v4_line_type_pair,2. Wind condition overhead circuit mile days,High Wind Warning Only overhead circuit mile days,All line types (legacy aggregate),reported_all_line_types,HFTD Tier 3,High Wind Warning overhead circuit mile days,same_measurement_definition_simplified_label,0,,,SDG&E,2024,4,v3.2,1,4,SDGE_2024_Q4_Tables1-15_R1.xlsx,Table 4,14,F14,https://efiling.energysafety.ca.gov/eFiling/Getfile.aspx?fileid=56226&shareable=true
T4R-e765f1d19572676b,T4-5db1270315ca0f,,1040000008,1040000011,2.c.,legacy_all_line_types_to_v4_line_type_pair,2. Wind condition overhead circuit mile days,High Wind Warning Only overhead circuit mile days,All line types (legacy aggregate),reported_all_line_types,Non-HFTD,High Wind Warning overhead circuit mile days,same_measurement_definition_simplified_label,0,,,SDG&E,2024,4,v3.2,1,4,SDGE_2024_Q4_Tables1-15_R1.xlsx,Table 4,15,F15,https://efiling.energysafety.ca.gov/eFiling/Getfile.aspx?fileid=56226&shareable=true
T4R-e79834ddefbf3f12,T4-b3609e3d1405ed,,1040000012,1040000015,3.a.,legacy_all_line_types_to_v4_line_type_pair,3. Wind condition and Red flag warning overhead circuit mile days,High Wind Warning and Red Flag Warning overhead circuit mile days,All line types (legacy aggregate),reported_all_line_types,HFTD Tier 2,High wind warning and red flag warning overhead circuit mile days,same_measurement_definition_simplified_label,84.68,,,SDG&E,2024,4,v3.2,1,4,SDGE_2024_Q4_Tables1-15_R1.xlsx,Table 4,16,F16,https://efiling.energysafety.ca.gov/eFiling/Getfile.aspx?fileid=56226&shareable=true
T4R-b30e246fabd052e1,T4-9d2cb861840e2c,,1040000013,1040000016,3.b.,legacy_all_line_types_to_v4_line_type_pair,3. Wind condition and Red flag warning overhead circuit mile days,High Wind Warning and Red Flag Warning overhead circuit mile days,All line types (legacy aggregate),reported_all_line_types,HFTD Tier 3,High wind warning and red flag warning overhead circuit mile days,same_measurement_definition_simplified_label,0,,,SDG&E,2024,4,v3.2,1,4,SDGE_2024_Q4_Tables1-15_R1.xlsx,Table 4,17,F17,https://efiling.energysafety.ca.gov/eFiling/Getfile.aspx?fileid=56226&shareable=true
T4R-663ea8c9453ce779,T4-14d6d4829b631e,,1040000014,1040000017,3.c.,legacy_all_line_types_to_v4_line_type_pair,3. Wind condition and Red flag warning overhead circuit mile days,High Wind Warning and Red Flag Warning overhead circuit mile days,All line types (legacy aggregate),reported_all_line_types,Non-HFTD,High wind warning and red flag warning overhead circuit mile days,same_measurement_definition_simplified_label,35.59,,,SDG&E,2024,4,v3.2,1,4,SDGE_2024_Q4_Tables1-15_R1.xlsx,Table 4,18,F18,https://efiling.energysafety.ca.gov/eFiling/Getfile.aspx?fileid=56226&shareable=true
T4R-847a1fd2ff753352,T4-bab50aaf57a531,,1040000018,1040000021,4.a.,legacy_all_line_types_to_v4_line_type_pair,4. Fire potential index overhead circuit mile days,Fire potential index circuit mile days,All line types (legacy aggregate),reported_all_line_types,HFTD Tier 2,High fire potential index (as defined by the utility in its WMP) overhead circuit mile days,same_measurement_definition_simplified_label,157247.88,,,SDG&E,2024,4,v3.2,1,4,SDGE_2024_Q4_Tables1-15_R1.xlsx,Table 4,19,F19,https://efiling.energysafety.ca.gov/eFiling/Getfile.aspx?fileid=56226&shareable=true
T4R-43a97cb2dcd950ab,T4-ec42fee6908963,,1040000019,1040000022,4.b.,legacy_all_line_types_to_v4_line_type_pair,4. Fire potential index overhead circuit mile days,Fire potential index circuit mile days,All line types (legacy aggregate),reported_all_line_types,HFTD Tier 3,High fire potential index (as defined by the utility in its WMP) overhead circuit mile days,same_measurement_definition_simplified_label,138312.43,,,SDG&E,2024,4,v3.2,1,4,SDGE_2024_Q4_Tables1-15_R1.xlsx,Table 4,20,F20,https://efiling.energysafety.ca.gov/eFiling/Getfile.aspx?fileid=56226&shareable=true
T4R-f49fb2bfa23b2d20,T4-415343ed66f7a0,,1040000020,1040000023,4.c.,legacy_all_line_types_to_v4_line_type_pair,4. Fire potential index overhead circuit mile days,Fire potential index circuit mile days,All line types (legacy aggregate),reported_all_line_types,Non-HFTD,High fire potential index (as defined by the utility in its WMP) overhead circuit mile days,same_measurement_definition_simplified_label,145765.83,,,SDG&E,2024,4,v3.2,1,4,SDGE_2024_Q4_Tables1-15_R1.xlsx,Table 4,21,F21,https://efiling.energysafety.ca.gov/eFiling/Getfile.aspx?fileid=56226&shareable=true
T4R-463c4b0cdf676b6a,T4-d355c8abcd298d,,,,5.a.,legacy_only_other_placeholder,5. Other,Other relevant weather pattern metrics tracked (add additional rows as needed),All line types (legacy aggregate),reported_all_line_types,,,legacy_only,,,,SDG&E,2024,4,v3.2,1,4,SDGE_2024_Q4_Tables1-15_R1.xlsx,Table 4,22,F22,https://efiling.energysafety.ca.gov/eFiling/Getfile.aspx?fileid=56226&shareable=true
T4R-2f106d40fe91b174,T4-8e80c5d3a208b9,1040000000,1040000000,1040000003,1.a.,v4_line_type_specific,1. Red flag warning only overhead circuit mile days,Red Flag Warning Only overhead circuit mile days,Distribution,line_type_specific,HFTD Tier 2,Red flag warning overhead circuit mile days,v4_native,2708024,,,SDG&E,2025,1,v4.01,6,1,SDGE_2025_Q1_R6.xlsx,Table 4,2,L2,https://efiling.energysafety.ca.gov/eFiling/Getfile.aspx?fileid=58132&shareable=true
T4R-4d0c5bd6bdf64ffb,T4-3550b2867635d4,1040000001,1040000001,1040000004,1.b.,v4_line_type_specific,1. Red flag warning only overhead circuit mile days,Red Flag Warning Only overhead circuit mile days,Distribution,line_type_specific,HFTD Tier 3,Red flag warning overhead circuit mile days,v4_native,2618201,,,SDG&E,2025,1,v4.01,6,1,SDGE_2025_Q1_R6.xlsx,Table 4,3,L3,https://efiling.energysafety.ca.gov/eFiling/Getfile.aspx?fileid=58132&shareable=true
T4R-0d54c135f4088b58,T4-eff34c8f752257,1040000002,1040000002,1040000005,1.c.,v4_line_type_specific,1. Red flag warning only overhead circuit mile days,Red Flag Warning Only overhead circuit mile days,Distribution,line_type_specific,Non-HFTD,Red flag warning overhead circuit mile days,v4_native,2100634,,,SDG&E,2025,1,v4.01,6,1,SDGE_2025_Q1_R6.xlsx,Table 4,4,L4,https://efiling.energysafety.ca.gov/eFiling/Getfile.aspx?fileid=58132&shareable=true
T4R-8591ca9de70d1c22,T4-8e80c5d3a208b9,1040000003,1040000000,1040000003,1.a.,v4_line_type_specific,1. Red flag warning only overhead circuit mile days,Red Flag Warning Only overhead circuit mile days,Transmission,line_type_specific,HFTD Tier 2,Red flag warning overhead circuit mile days,v4_native,771817,,,SDG&E,2025,1,v4.01,6,1,SDGE_2025_Q1_R6.xlsx,Table 4,5,L5,https://efiling.energysafety.ca.gov/eFiling/Getfile.aspx?fileid=58132&shareable=true
T4R-0f990945bc3a48bb,T4-3550b2867635d4,1040000004,1040000001,1040000004,1.b.,v4_line_type_specific,1. Red flag warning only overhead circuit mile days,Red Flag Warning Only overhead circuit mile days,Transmission,line_type_specific,HFTD Tier 3,Red flag warning overhead circuit mile days,v4_native,439790,,,SDG&E,2025,1,v4.01,6,1,SDGE_2025_Q1_R6.xlsx,Table 4,6,L6,https://efiling.energysafety.ca.gov/eFiling/Getfile.aspx?fileid=58132&shareable=true
T4R-f81c329e8d057269,T4-eff34c8f752257,1040000005,1040000002,1040000005,1.c.,v4_line_type_specific,1. Red flag warning only overhead circuit mile days,Red Flag Warning Only overhead circuit mile days,Transmission,line_type_specific,Non-HFTD,Red flag warning overhead circuit mile days,v4_native,343239,,,SDG&E,2025,1,v4.01,6,1,SDGE_2025_Q1_R6.xlsx,Table 4,7,L7,https://efiling.energysafety.ca.gov/eFiling/Getfile.aspx?fileid=58132&shareable=true
T4R-9fa9156a7ee6b932,T4-66e4b15c6a0742,1040000006,1040000006,1040000009,2.a.,v4_line_type_specific,2. Wind condition overhead circuit mile days,High Wind Warning Only overhead circuit mile days,Distribution,line_type_specific,HFTD Tier 2,High Wind Warning overhead circuit mile days,v4_native,1209272,,,SDG&E,2025,1,v4.01,6,1,SDGE_2025_Q1_R6.xlsx,Table 4,8,L8,https://efiling.energysafety.ca.gov/eFiling/Getfile.aspx?fileid=58132&shareable=true
T4R-2efcaea42dab9d63,T4-1d3962106381ab,1040000007,1040000007,1040000010,2.b.,v4_line_type_specific,2. Wind condition overhead circuit mile days,High Wind Warning Only overhead circuit mile days,Distribution,line_type_specific,HFTD Tier 3,High Wind Warning overhead circuit mile days,v4_native,1258728,,,SDG&E,2025,1,v4.01,6,1,SDGE_2025_Q1_R6.xlsx,Table 4,9,L9,https://efiling.energysafety.ca.gov/eFiling/Getfile.aspx?fileid=58132&shareable=true
T4R-8f581ab6ad92835f,T4-5db1270315ca0f,1040000008,1040000008,1040000011,2.c.,v4_line_type_specific,2. Wind condition overhead circuit mile days,High Wind Warning Only overhead circuit mile days,Distribution,line_type_specific,Non-HFTD,High Wind Warning overhead circuit mile days,v4_native,970323,,,SDG&E,2025,1,v4.01,6,1,SDGE_2025_Q1_R6.xlsx,Table 4,10,L10,https://efiling.energysafety.ca.gov/eFiling/Getfile.aspx?fileid=58132&shareable=true
T4R-032d9e6639b9d660,T4-66e4b15c6a0742,1040000009,1040000006,1040000009,2.a.,v4_line_type_specific,2. Wind condition overhead circuit mile days,High Wind Warning Only overhead circuit mile days,Transmission,line_type_specific,HFTD Tier 2,High Wind Warning overhead circuit mile days,v4_native,344186,,,SDG&E,2025,1,v4.01,6,1,SDGE_2025_Q1_R6.xlsx,Table 4,11,L11,https://efiling.energysafety.ca.gov/eFiling/Getfile.aspx?fileid=58132&shareable=true
T4R-b2b7c59ccf12a166,T4-1d3962106381ab,1040000010,1040000007,1040000010,2.b.,v4_line_type_specific,2. Wind condition overhead circuit mile days,High Wind Warning Only overhead circuit mile days,Transmission,line_type_specific,HFTD Tier 3,High Wind Warning overhead circuit mile days,v4_native,218498,,,SDG&E,2025,1,v4.01,6,1,SDGE_2025_Q1_R6.xlsx,Table 4,12,L12,https://efiling.energysafety.ca.gov/eFiling/Getfile.aspx?fileid=58132&shareable=true
T4R-2f5d841db7ac1428,T4-5db1270315ca0f,1040000011,1040000008,1040000011,2.c.,v4_line_type_specific,2. Wind condition overhead circuit mile days,High Wind Warning Only overhead circuit mile days,Transmission,line_type_specific,Non-HFTD,High Wind Warning overhead circuit mile days,v4_native,166896,,,SDG&E,2025,1,v4.01,6,1,SDGE_2025_Q1_R6.xlsx,Table 4,13,L13,https://efiling.energysafety.ca.gov/eFiling/Getfile.aspx?fileid=58132&shareable=true
T4R-339b7ae14c4cb8fd,T4-b3609e3d1405ed,1040000012,1040000012,1040000015,3.a.,v4_line_type_specific,3. Wind condition and Red flag warning overhead circuit mile days,High Wind Warning and Red Flag Warning overhead circuit mile days,Distribution,line_type_specific,HFTD Tier 2,High wind warning and red flag warning overhead circuit mile days,v4_native,286554,,,SDG&E,2025,1,v4.01,6,1,SDGE_2025_Q1_R6.xlsx,Table 4,14,L14,https://efiling.energysafety.ca.gov/eFiling/Getfile.aspx?fileid=58132&shareable=true
T4R-6e70c2e4cf00273a,T4-9d2cb861840e2c,1040000013,1040000013,1040000016,3.b.,v4_line_type_specific,3. Wind condition and Red flag warning overhead circuit mile days,High Wind Warning and Red Flag Warning overhead circuit mile days,Distribution,line_type_specific,HFTD Tier 3,High wind warning and red flag warning overhead circuit mile days,v4_native,329718,,,SDG&E,2025,1,v4.01,6,1,SDGE_2025_Q1_R6.xlsx,Table 4,15,L15,https://efiling.energysafety.ca.gov/eFiling/Getfile.aspx?fileid=58132&shareable=true
T4R-324096d2761ddb24,T4-14d6d4829b631e,1040000014,1040000014,1040000017,3.c.,v4_line_type_specific,3. Wind condition and Red flag warning overhead circuit mile days,High Wind Warning and Red Flag Warning overhead circuit mile days,Distribution,line_type_specific,Non-HFTD,High wind warning and red flag warning overhead circuit mile days,v4_native,124766,,,SDG&E,2025,1,v4.01,6,1,SDGE_2025_Q1_R6.xlsx,Table 4,16,L16,https://efiling.energysafety.ca.gov/eFiling/Getfile.aspx?fileid=58132&shareable=true
T4R-2ceb1bffe0ffb10a,T4-b3609e3d1405ed,1040000015,1040000012,1040000015,3.a.,v4_line_type_specific,3. Wind condition and Red flag warning overhead circuit mile days,High Wind Warning and Red Flag Warning overhead circuit mile days,Transmission,line_type_specific,HFTD Tier 2,High wind warning and red flag warning overhead circuit mile days,v4_native,76860,,,SDG&E,2025,1,v4.01,6,1,SDGE_2025_Q1_R6.xlsx,Table 4,17,L17,https://efiling.energysafety.ca.gov/eFiling/Getfile.aspx?fileid=58132&shareable=true
T4R-028603543d778dd3,T4-9d2cb861840e2c,1040000016,1040000013,1040000016,3.b.,v4_line_type_specific,3. Wind condition and Red flag warning overhead circuit mile days,High Wind Warning and Red Flag Warning overhead circuit mile days,Transmission,line_type_specific,HFTD Tier 3,High wind warning and red flag warning overhead circuit mile days,v4_native,59200,,,SDG&E,2025,1,v4.01,6,1,SDGE_2025_Q1_R6.xlsx,Table 4,18,L18,https://efiling.energysafety.ca.gov/eFiling/Getfile.aspx?fileid=58132&shareable=true
T4R-c6764f14825658e2,T4-14d6d4829b631e,1040000017,1040000014,1040000017,3.c.,v4_line_type_specific,3. Wind condition and Red flag warning overhead circuit mile days,High Wind Warning and Red Flag Warning overhead circuit mile days,Transmission,line_type_specific,Non-HFTD,High wind warning and red flag warning overhead circuit mile days,v4_native,19975,,,SDG&E,2025,1,v4.01,6,1,SDGE_2025_Q1_R6.xlsx,Table 4,19,L19,https://efiling.energysafety.ca.gov/eFiling/Getfile.aspx?fileid=58132&shareable=true
T4R-c9ecea39347047cd,T4-bab50aaf57a531,1040000018,1040000018,1040000021,4.a.,v4_line_type_specific,4. Fire potential index overhead circuit mile days,Fire potential index circuit mile days,Distribution,line_type_specific,HFTD Tier 2,High fire potential index (as defined by the utility in its WMP) overhead circuit mile days,v4_native,39711.79,,,SDG&E,2025,1,v4.01,6,1,SDGE_2025_Q1_R6.xlsx,Table 4,20,L20,https://efiling.energysafety.ca.gov/eFiling/Getfile.aspx?fileid=58132&shareable=true
T4R-c6322f597e1f4197,T4-ec42fee6908963,1040000019,1040000019,1040000022,4.b.,v4_line_type_specific,4. Fire potential index overhead circuit mile days,Fire potential index circuit mile days,Distribution,line_type_specific,HFTD Tier 3,High fire potential index (as defined by the utility in its WMP) overhead circuit mile days,v4_native,37497.9,,,SDG&E,2025,1,v4.01,6,1,SDGE_2025_Q1_R6.xlsx,Table 4,21,L21,https://efiling.energysafety.ca.gov/eFiling/Getfile.aspx?fileid=58132&shareable=true
T4R-ba79f4d9eee64916,T4-415343ed66f7a0,1040000020,1040000020,1040000023,4.c.,v4_line_type_specific,4. Fire potential index overhead circuit mile days,Fire potential index circuit mile days,Distribution,line_type_specific,Non-HFTD,High fire potential index (as defined by the utility in its WMP) overhead circuit mile days,v4_native,54086,,,SDG&E,2025,1,v4.01,6,1,SDGE_2025_Q1_R6.xlsx,Table 4,22,L22,https://efiling.energysafety.ca.gov/eFiling/Getfile.aspx?fileid=58132&shareable=true
T4R-c66cedec5929b0d5,T4-bab50aaf57a531,1040000021,1040000018,1040000021,4.a.,v4_line_type_specific,4. Fire potential index overhead circuit mile days,Fire potential index circuit mile days,Transmission,line_type_specific,HFTD Tier 2,High fire potential index (as defined by the utility in its WMP) overhead circuit mile days,v4_native,13670.93,,,SDG&E,2025,1,v4.01,6,1,SDGE_2025_Q1_R6.xlsx,Table 4,23,L23,https://efiling.energysafety.ca.gov/eFiling/Getfile.aspx?fileid=58132&shareable=true
T4R-2337dd8eaaaf226a,T4-ec42fee6908963,1040000022,1040000019,1040000022,4.b.,v4_line_type_specific,4. Fire potential index overhead circuit mile days,Fire potential index circuit mile days,Transmission,line_type_specific,HFTD Tier 3,High fire potential index (as defined by the utility in its WMP) overhead circuit mile days,v4_native,7718.54,,,SDG&E,2025,1,v4.01,6,1,SDGE_2025_Q1_R6.xlsx,Table 4,24,L24,https://efiling.energysafety.ca.gov/eFiling/Getfile.aspx?fileid=58132&shareable=true
T4R-f9855cef55c1d12e,T4-415343ed66f7a0,1040000023,1040000020,1040000023,4.c.,v4_line_type_specific,4. Fire potential index overhead circuit mile days,Fire potential index circuit mile days,Transmission,line_type_specific,Non-HFTD,High fire potential index (as defined by the utility in its WMP) overhead circuit mile days,v4_native,10662.05,,,SDG&E,2025,1,v4.01,6,1,SDGE_2025_Q1_R6.xlsx,Table 4,25,L25,https://efiling.energysafety.ca.gov/eFiling/Getfile.aspx?fileid=58132&shareable=true
T4R-ffe15cad526e7dd7,T4-8e80c5d3a208b9,1040000000,1040000000,1040000003,1.a.,v4_line_type_specific,1. Red flag warning only overhead circuit mile days,Red Flag Warning Only overhead circuit mile days,Distribution,line_type_specific,HFTD Tier 2,Red flag warning overhead circuit mile days,v4_native,0,,,SDG&E,2025,2,v4.01,5,2,SDGE_2025_Q2_R5.xlsx,Table 4,2,L2,https://efiling.energysafety.ca.gov/eFiling/Getfile.aspx?fileid=58132&shareable=true
T4R-519b7f3dedae0d67,T4-3550b2867635d4,1040000001,1040000001,1040000004,1.b.,v4_line_type_specific,1. Red flag warning only overhead circuit mile days,Red Flag Warning Only overhead circuit mile days,Distribution,line_type_specific,HFTD Tier 3,Red flag warning overhead circuit mile days,v4_native,0,,,SDG&E,2025,2,v4.01,5,2,SDGE_2025_Q2_R5.xlsx,Table 4,3,L3,https://efiling.energysafety.ca.gov/eFiling/Getfile.aspx?fileid=58132&shareable=true
T4R-b40862cc9ed669a0,T4-eff34c8f752257,1040000002,1040000002,1040000005,1.c.,v4_line_type_specific,1. Red flag warning only overhead circuit mile days,Red Flag Warning Only overhead circuit mile days,Distribution,line_type_specific,Non-HFTD,Red flag warning overhead circuit mile days,v4_native,0,,,SDG&E,2025,2,v4.01,5,2,SDGE_2025_Q2_R5.xlsx,Table 4,4,L4,https://efiling.energysafety.ca.gov/eFiling/Getfile.aspx?fileid=58132&shareable=true
T4R-7dc9ae4f640859a1,T4-8e80c5d3a208b9,1040000003,1040000000,1040000003,1.a.,v4_line_type_specific,1. Red flag warning only overhead circuit mile days,Red Flag Warning Only overhead circuit mile days,Transmission,line_type_specific,HFTD Tier 2,Red flag warning overhead circuit mile days,v4_native,0,,,SDG&E,2025,2,v4.01,5,2,SDGE_2025_Q2_R5.xlsx,Table 4,5,L5,https://efiling.energysafety.ca.gov/eFiling/Getfile.aspx?fileid=58132&shareable=true
T4R-b078c4990e4b2cb4,T4-3550b2867635d4,1040000004,1040000001,1040000004,1.b.,v4_line_type_specific,1. Red flag warning only overhead circuit mile days,Red Flag Warning Only overhead circuit mile days,Transmission,line_type_specific,HFTD Tier 3,Red flag warning overhead circuit mile days,v4_native,0,,,SDG&E,2025,2,v4.01,5,2,SDGE_2025_Q2_R5.xlsx,Table 4,6,L6,https://efiling.energysafety.ca.gov/eFiling/Getfile.aspx?fileid=58132&shareable=true
T4R-2a6ccdc0f1d090d2,T4-eff34c8f752257,1040000005,1040000002,1040000005,1.c.,v4_line_type_specific,1. Red flag warning only overhead circuit mile days,Red Flag Warning Only overhead circuit mile days,Transmission,line_type_specific,Non-HFTD,Red flag warning overhead circuit mile days,v4_native,0,,,SDG&E,2025,2,v4.01,5,2,SDGE_2025_Q2_R5.xlsx,Table 4,7,L7,https://efiling.energysafety.ca.gov/eFiling/Getfile.aspx?fileid=58132&shareable=true
T4R-bf27efea58763277,T4-66e4b15c6a0742,1040000006,1040000006,1040000009,2.a.,v4_line_type_specific,2. Wind condition overhead circuit mile days,High Wind Warning Only overhead circuit mile days,Distribution,line_type_specific,HFTD Tier 2,High Wind Warning overhead circuit mile days,v4_native,0,,,SDG&E,2025,2,v4.01,5,2,SDGE_2025_Q2_R5.xlsx,Table 4,8,L8,https://efiling.energysafety.ca.gov/eFiling/Getfile.aspx?fileid=58132&shareable=true
T4R-ecf40ab73de109a4,T4-1d3962106381ab,1040000007,1040000007,1040000010,2.b.,v4_line_type_specific,2. Wind condition overhead circuit mile days,High Wind Warning Only overhead circuit mile days,Distribution,line_type_specific,HFTD Tier 3,High Wind Warning overhead circuit mile days,v4_native,0,,,SDG&E,2025,2,v4.01,5,2,SDGE_2025_Q2_R5.xlsx,Table 4,9,L9,https://efiling.energysafety.ca.gov/eFiling/Getfile.aspx?fileid=58132&shareable=true
T4R-b54df056d03aac2e,T4-5db1270315ca0f,1040000008,1040000008,1040000011,2.c.,v4_line_type_specific,2. Wind condition overhead circuit mile days,High Wind Warning Only overhead circuit mile days,Distribution,line_type_specific,Non-HFTD,High Wind Warning overhead circuit mile days,v4_native,0,,,SDG&E,2025,2,v4.01,5,2,SDGE_2025_Q2_R5.xlsx,Table 4,10,L10,https://efiling.energysafety.ca.gov/eFiling/Getfile.aspx?fileid=58132&shareable=true
T4R-c866758bcd6a33de,T4-66e4b15c6a0742,1040000009,1040000006,1040000009,2.a.,v4_line_type_specific,2. Wind condition overhead circuit mile days,High Wind Warning Only overhead circuit mile days,Transmission,line_type_specific,HFTD Tier 2,High Wind Warning overhead circuit mile days,v4_native,0,,,SDG&E,2025,2,v4.01,5,2,SDGE_2025_Q2_R5.xlsx,Table 4,11,L11,https://efiling.energysafety.ca.gov/eFiling/Getfile.aspx?fileid=58132&shareable=true
T4R-2465fa9b417bf7cd,T4-1d3962106381ab,1040000010,1040000007,1040000010,2.b.,v4_line_type_specific,2. Wind condition overhead circuit mile days,High Wind Warning Only overhead circuit mile days,Transmission,line_type_specific,HFTD Tier 3,High Wind Warning overhead circuit mile days,v4_native,0,,,SDG&E,2025,2,v4.01,5,2,SDGE_2025_Q2_R5.xlsx,Table 4,12,L12,https://efiling.energysafety.ca.gov/eFiling/Getfile.aspx?fileid=58132&shareable=true
T4R-10379a5388209beb,T4-5db1270315ca0f,1040000011,1040000008,1040000011,2.c.,v4_line_type_specific,2. Wind condition overhead circuit mile days,High Wind Warning Only overhead circuit mile days,Transmission,line_type_specific,Non-HFTD,High Wind Warning overhead circuit mile days,v4_native,0,,,SDG&E,2025,2,v4.01,5,2,SDGE_2025_Q2_R5.xlsx,Table 4,13,L13,https://efiling.energysafety.ca.gov/eFiling/Getfile.aspx?fileid=58132&shareable=true
T4R-2d1172d9e1a71824,T4-b3609e3d1405ed,1040000012,1040000012,1040000015,3.a.,v4_line_type_specific,3. Wind condition and Red flag warning overhead circuit mile days,High Wind Warning and Red Flag Warning overhead circuit mile days,Distribution,line_type_specific,HFTD Tier 2,High wind warning and red flag warning overhead circuit mile days,v4_native,0,,,SDG&E,2025,2,v4.01,5,2,SDGE_2025_Q2_R5.xlsx,Table 4,14,L14,https://efiling.energysafety.ca.gov/eFiling/Getfile.aspx?fileid=58132&shareable=true
T4R-de9c5358d2d3dd0b,T4-9d2cb861840e2c,1040000013,1040000013,1040000016,3.b.,v4_line_type_specific,3. Wind condition and Red flag warning overhead circuit mile days,High Wind Warning and Red Flag Warning overhead circuit mile days,Distribution,line_type_specific,HFTD Tier 3,High wind warning and red flag warning overhead circuit mile days,v4_native,0,,,SDG&E,2025,2,v4.01,5,2,SDGE_2025_Q2_R5.xlsx,Table 4,15,L15,https://efiling.energysafety.ca.gov/eFiling/Getfile.aspx?fileid=58132&shareable=true
T4R-93717d0ebe457613,T4-14d6d4829b631e,1040000014,1040000014,1040000017,3.c.,v4_line_type_specific,3. Wind condition and Red flag warning overhead circuit mile days,High Wind Warning and Red Flag Warning overhead circuit mile days,Distribution,line_type_specific,Non-HFTD,High wind warning and red flag warning overhead circuit mile days,v4_native,0,,,SDG&E,2025,2,v4.01,5,2,SDGE_2025_Q2_R5.xlsx,Table 4,16,L16,https://efiling.energysafety.ca.gov/eFiling/Getfile.aspx?fileid=58132&shareable=true
T4R-cc5d73de8083e975,T4-b3609e3d1405ed,1040000015,1040000012,1040000015,3.a.,v4_line_type_specific,3. Wind condition and Red flag warning overhead circuit mile days,High Wind Warning and Red Flag Warning overhead circuit mile days,Transmission,line_type_specific,HFTD Tier 2,High wind warning and red flag warning overhead circuit mile days,v4_native,0,,,SDG&E,2025,2,v4.01,5,2,SDGE_2025_Q2_R5.xlsx,Table 4,17,L17,https://efiling.energysafety.ca.gov/eFiling/Getfile.aspx?fileid=58132&shareable=true
T4R-1d8a5a4ad8496a48,T4-9d2cb861840e2c,1040000016,1040000013,1040000016,3.b.,v4_line_type_specific,3. Wind condition and Red flag warning overhead circuit mile days,High Wind Warning and Red Flag Warning overhead circuit mile days,Transmission,line_type_specific,HFTD Tier 3,High wind warning and red flag warning overhead circuit mile days,v4_native,0,,,SDG&E,2025,2,v4.01,5,2,SDGE_2025_Q2_R5.xlsx,Table 4,18,L18,https://efiling.energysafety.ca.gov/eFiling/Getfile.aspx?fileid=58132&shareable=true
T4R-cf6d3f0b723b8841,T4-14d6d4829b631e,1040000017,1040000014,1040000017,3.c.,v4_line_type_specific,3. Wind condition and Red flag warning overhead circuit mile days,High Wind Warning and Red Flag Warning overhead circuit mile days,Transmission,line_type_specific,Non-HFTD,High wind warning and red flag warning overhead circuit mile days,v4_native,0,,,SDG&E,2025,2,v4.01,5,2,SDGE_2025_Q2_R5.xlsx,Table 4,19,L19,https://efiling.energysafety.ca.gov/eFiling/Getfile.aspx?fileid=58132&shareable=true
T4R-2228b3da4d8da9ac,T4-bab50aaf57a531,1040000018,1040000018,1040000021,4.a.,v4_line_type_specific,4. Fire potential index overhead circuit mile days,Fire potential index circuit mile days,Distribution,line_type_specific,HFTD Tier 2,High fire potential index (as defined by the utility in its WMP) overhead circuit mile days,v4_native,28959.64,,,SDG&E,2025,2,v4.01,5,2,SDGE_2025_Q2_R5.xlsx,Table 4,20,L20,https://efiling.energysafety.ca.gov/eFiling/Getfile.aspx?fileid=58132&shareable=true
T4R-7069d2dc36725d58,T4-ec42fee6908963,1040000019,1040000019,1040000022,4.b.,v4_line_type_specific,4. Fire potential index overhead circuit mile days,Fire potential index circuit mile days,Distribution,line_type_specific,HFTD Tier 3,High fire potential index (as defined by the utility in its WMP) overhead circuit mile days,v4_native,31394.87,,,SDG&E,2025,2,v4.01,5,2,SDGE_2025_Q2_R5.xlsx,Table 4,21,L21,https://efiling.energysafety.ca.gov/eFiling/Getfile.aspx?fileid=58132&shareable=true
T4R-8adc3016a5323857,T4-415343ed66f7a0,1040000020,1040000020,1040000023,4.c.,v4_line_type_specific,4. Fire potential index overhead circuit mile days,Fire potential index circuit mile days,Distribution,line_type_specific,Non-HFTD,High fire potential index (as defined by the utility in its WMP) overhead circuit mile days,v4_native,21219.37,,,SDG&E,2025,2,v4.01,5,2,SDGE_2025_Q2_R5.xlsx,Table 4,22,L22,https://efiling.energysafety.ca.gov/eFiling/Getfile.aspx?fileid=58132&shareable=true
T4R-d6e564cc226307fb,T4-bab50aaf57a531,1040000021,1040000018,1040000021,4.a.,v4_line_type_specific,4. Fire potential index overhead circuit mile days,Fire potential index circuit mile days,Transmission,line_type_specific,HFTD Tier 2,High fire potential index (as defined by the utility in its WMP) overhead circuit mile days,v4_native,7588.85,,,SDG&E,2025,2,v4.01,5,2,SDGE_2025_Q2_R5.xlsx,Table 4,23,L23,https://efiling.energysafety.ca.gov/eFiling/Getfile.aspx?fileid=58132&shareable=true
T4R-78ecf7d1e095c8be,T4-ec42fee6908963,1040000022,1040000019,1040000022,4.b.,v4_line_type_specific,4. Fire potential index overhead circuit mile days,Fire potential index circuit mile days,Transmission,line_type_specific,HFTD Tier 3,High fire potential index (as defined by the utility in its WMP) overhead circuit mile days,v4_native,5426.41,,,SDG&E,2025,2,v4.01,5,2,SDGE_2025_Q2_R5.xlsx,Table 4,24,L24,https://efiling.energysafety.ca.gov/eFiling/Getfile.aspx?fileid=58132&shareable=true
T4R-aa2197601237a48c,T4-415343ed66f7a0,1040000023,1040000020,1040000023,4.c.,v4_line_type_specific,4. Fire potential index overhead circuit mile days,Fire potential index circuit mile days,Transmission,line_type_specific,Non-HFTD,High fire potential index (as defined by the utility in its WMP) overhead circuit mile days,v4_native,3234.57,,,SDG&E,2025,2,v4.01,5,2,SDGE_2025_Q2_R5.xlsx,Table 4,25,L25,https://efiling.energysafety.ca.gov/eFiling/Getfile.aspx?fileid=58132&shareable=true
T4R-f0af3d9ccf305376,T4-8e80c5d3a208b9,1040000000,1040000000,1040000003,1.a.,v4_line_type_specific,1. Red flag warning only overhead circuit mile days,Red Flag Warning Only overhead circuit mile days,Distribution,line_type_specific,HFTD Tier 2,Red flag warning overhead circuit mile days,v4_native,0,,,SDG&E,2025,3,v4.01,4,3,SDGE_2025_Q3_R4.xlsx,Table 4,2,L2,https://efiling.energysafety.ca.gov/eFiling/Getfile.aspx?fileid=58132&shareable=true
T4R-73cb9a69752dbc45,T4-3550b2867635d4,1040000001,1040000001,1040000004,1.b.,v4_line_type_specific,1. Red flag warning only overhead circuit mile days,Red Flag Warning Only overhead circuit mile days,Distribution,line_type_specific,HFTD Tier 3,Red flag warning overhead circuit mile days,v4_native,0,,,SDG&E,2025,3,v4.01,4,3,SDGE_2025_Q3_R4.xlsx,Table 4,3,L3,https://efiling.energysafety.ca.gov/eFiling/Getfile.aspx?fileid=58132&shareable=true
T4R-c2221b628cf9c776,T4-eff34c8f752257,1040000002,1040000002,1040000005,1.c.,v4_line_type_specific,1. Red flag warning only overhead circuit mile days,Red Flag Warning Only overhead circuit mile days,Distribution,line_type_specific,Non-HFTD,Red flag warning overhead circuit mile days,v4_native,0,,,SDG&E,2025,3,v4.01,4,3,SDGE_2025_Q3_R4.xlsx,Table 4,4,L4,https://efiling.energysafety.ca.gov/eFiling/Getfile.aspx?fileid=58132&shareable=true
T4R-c57b21bc81f4570e,T4-8e80c5d3a208b9,1040000003,1040000000,1040000003,1.a.,v4_line_type_specific,1. Red flag warning only overhead circuit mile days,Red Flag Warning Only overhead circuit mile days,Transmission,line_type_specific,HFTD Tier 2,Red flag warning overhead circuit mile days,v4_native,0,,,SDG&E,2025,3,v4.01,4,3,SDGE_2025_Q3_R4.xlsx,Table 4,5,L5,https://efiling.energysafety.ca.gov/eFiling/Getfile.aspx?fileid=58132&shareable=true
T4R-f237ddca4a9a816d,T4-3550b2867635d4,1040000004,1040000001,1040000004,1.b.,v4_line_type_specific,1. Red flag warning only overhead circuit mile days,Red Flag Warning Only overhead circuit mile days,Transmission,line_type_specific,HFTD Tier 3,Red flag warning overhead circuit mile days,v4_native,0,,,SDG&E,2025,3,v4.01,4,3,SDGE_2025_Q3_R4.xlsx,Table 4,6,L6,https://efiling.energysafety.ca.gov/eFiling/Getfile.aspx?fileid=58132&shareable=true
T4R-b222b30591d69667,T4-eff34c8f752257,1040000005,1040000002,1040000005,1.c.,v4_line_type_specific,1. Red flag warning only overhead circuit mile days,Red Flag Warning Only overhead circuit mile days,Transmission,line_type_specific,Non-HFTD,Red flag warning overhead circuit mile days,v4_native,0,,,SDG&E,2025,3,v4.01,4,3,SDGE_2025_Q3_R4.xlsx,Table 4,7,L7,https://efiling.energysafety.ca.gov/eFiling/Getfile.aspx?fileid=58132&shareable=true
T4R-7c977baf5695a800,T4-66e4b15c6a0742,1040000006,1040000006,1040000009,2.a.,v4_line_type_specific,2. Wind condition overhead circuit mile days,High Wind Warning Only overhead circuit mile days,Distribution,line_type_specific,HFTD Tier 2,High Wind Warning overhead circuit mile days,v4_native,0,,,SDG&E,2025,3,v4.01,4,3,SDGE_2025_Q3_R4.xlsx,Table 4,8,L8,https://efiling.energysafety.ca.gov/eFiling/Getfile.aspx?fileid=58132&shareable=true
T4R-23924f02270be7bf,T4-1d3962106381ab,1040000007,1040000007,1040000010,2.b.,v4_line_type_specific,2. Wind condition overhead circuit mile days,High Wind Warning Only overhead circuit mile days,Distribution,line_type_specific,HFTD Tier 3,High Wind Warning overhead circuit mile days,v4_native,0,,,SDG&E,2025,3,v4.01,4,3,SDGE_2025_Q3_R4.xlsx,Table 4,9,L9,https://efiling.energysafety.ca.gov/eFiling/Getfile.aspx?fileid=58132&shareable=true
T4R-27cda4041e922207,T4-5db1270315ca0f,1040000008,1040000008,1040000011,2.c.,v4_line_type_specific,2. Wind condition overhead circuit mile days,High Wind Warning Only overhead circuit mile days,Distribution,line_type_specific,Non-HFTD,High Wind Warning overhead circuit mile days,v4_native,0,,,SDG&E,2025,3,v4.01,4,3,SDGE_2025_Q3_R4.xlsx,Table 4,10,L10,https://efiling.energysafety.ca.gov/eFiling/Getfile.aspx?fileid=58132&shareable=true
T4R-e81d1166a87ff7b8,T4-66e4b15c6a0742,1040000009,1040000006,1040000009,2.a.,v4_line_type_specific,2. Wind condition overhead circuit mile days,High Wind Warning Only overhead circuit mile days,Transmission,line_type_specific,HFTD Tier 2,High Wind Warning overhead circuit mile days,v4_native,0,,,SDG&E,2025,3,v4.01,4,3,SDGE_2025_Q3_R4.xlsx,Table 4,11,L11,https://efiling.energysafety.ca.gov/eFiling/Getfile.aspx?fileid=58132&shareable=true
T4R-2d1ae814a35e68f6,T4-1d3962106381ab,1040000010,1040000007,1040000010,2.b.,v4_line_type_specific,2. Wind condition overhead circuit mile days,High Wind Warning Only overhead circuit mile days,Transmission,line_type_specific,HFTD Tier 3,High Wind Warning overhead circuit mile days,v4_native,0,,,SDG&E,2025,3,v4.01,4,3,SDGE_2025_Q3_R4.xlsx,Table 4,12,L12,https://efiling.energysafety.ca.gov/eFiling/Getfile.aspx?fileid=58132&shareable=true
T4R-b83a775710a838ca,T4-5db1270315ca0f,1040000011,1040000008,1040000011,2.c.,v4_line_type_specific,2. Wind condition overhead circuit mile days,High Wind Warning Only overhead circuit mile days,Transmission,line_type_specific,Non-HFTD,High Wind Warning overhead circuit mile days,v4_native,0,,,SDG&E,2025,3,v4.01,4,3,SDGE_2025_Q3_R4.xlsx,Table 4,13,L13,https://efiling.energysafety.ca.gov/eFiling/Getfile.aspx?fileid=58132&shareable=true
T4R-038137dd9034a7a6,T4-b3609e3d1405ed,1040000012,1040000012,1040000015,3.a.,v4_line_type_specific,3. Wind condition and Red flag warning overhead circuit mile days,High Wind Warning and Red Flag Warning overhead circuit mile days,Distribution,line_type_specific,HFTD Tier 2,High wind warning and red flag warning overhead circuit mile days,v4_native,0,,,SDG&E,2025,3,v4.01,4,3,SDGE_2025_Q3_R4.xlsx,Table 4,14,L14,https://efiling.energysafety.ca.gov/eFiling/Getfile.aspx?fileid=58132&shareable=true
T4R-8431dead120e2ab6,T4-9d2cb861840e2c,1040000013,1040000013,1040000016,3.b.,v4_line_type_specific,3. Wind condition and Red flag warning overhead circuit mile days,High Wind Warning and Red Flag Warning overhead circuit mile days,Distribution,line_type_specific,HFTD Tier 3,High wind warning and red flag warning overhead circuit mile days,v4_native,0,,,SDG&E,2025,3,v4.01,4,3,SDGE_2025_Q3_R4.xlsx,Table 4,15,L15,https://efiling.energysafety.ca.gov/eFiling/Getfile.aspx?fileid=58132&shareable=true
T4R-00e50d38b9af94f2,T4-14d6d4829b631e,1040000014,1040000014,1040000017,3.c.,v4_line_type_specific,3. Wind condition and Red flag warning overhead circuit mile days,High Wind Warning and Red Flag Warning overhead circuit mile days,Distribution,line_type_specific,Non-HFTD,High wind warning and red flag warning overhead circuit mile days,v4_native,0,,,SDG&E,2025,3,v4.01,4,3,SDGE_2025_Q3_R4.xlsx,Table 4,16,L16,https://efiling.energysafety.ca.gov/eFiling/Getfile.aspx?fileid=58132&shareable=true
T4R-24683a4ed9131a28,T4-b3609e3d1405ed,1040000015,1040000012,1040000015,3.a.,v4_line_type_specific,3. Wind condition and Red flag warning overhead circuit mile days,High Wind Warning and Red Flag Warning overhead circuit mile days,Transmission,line_type_specific,HFTD Tier 2,High wind warning and red flag warning overhead circuit mile days,v4_native,0,,,SDG&E,2025,3,v4.01,4,3,SDGE_2025_Q3_R4.xlsx,Table 4,17,L17,https://efiling.energysafety.ca.gov/eFiling/Getfile.aspx?fileid=58132&shareable=true
T4R-4b5fe339923fc0c2,T4-9d2cb861840e2c,1040000016,1040000013,1040000016,3.b.,v4_line_type_specific,3. Wind condition and Red flag warning overhead circuit mile days,High Wind Warning and Red Flag Warning overhead circuit mile days,Transmission,line_type_specific,HFTD Tier 3,High wind warning and red flag warning overhead circuit mile days,v4_native,0,,,SDG&E,2025,3,v4.01,4,3,SDGE_2025_Q3_R4.xlsx,Table 4,18,L18,https://efiling.energysafety.ca.gov/eFiling/Getfile.aspx?fileid=58132&shareable=true
T4R-fafdecd468e58d74,T4-14d6d4829b631e,1040000017,1040000014,1040000017,3.c.,v4_line_type_specific,3. Wind condition and Red flag warning overhead circuit mile days,High Wind Warning and Red Flag Warning overhead circuit mile days,Transmission,line_type_specific,Non-HFTD,High wind warning and red flag warning overhead circuit mile days,v4_native,0,,,SDG&E,2025,3,v4.01,4,3,SDGE_2025_Q3_R4.xlsx,Table 4,19,L19,https://efiling.energysafety.ca.gov/eFiling/Getfile.aspx?fileid=58132&shareable=true
T4R-54a395f0cc3da219,T4-bab50aaf57a531,1040000018,1040000018,1040000021,4.a.,v4_line_type_specific,4. Fire potential index overhead circuit mile days,Fire potential index circuit mile days,Distribution,line_type_specific,HFTD Tier 2,High fire potential index (as defined by the utility in its WMP) overhead circuit mile days,v4_native,124408.04,,,SDG&E,2025,3,v4.01,4,3,SDGE_2025_Q3_R4.xlsx,Table 4,20,L20,https://efiling.energysafety.ca.gov/eFiling/Getfile.aspx?fileid=58132&shareable=true
T4R-781a08790bc20e32,T4-ec42fee6908963,1040000019,1040000019,1040000022,4.b.,v4_line_type_specific,4. Fire potential index overhead circuit mile days,Fire potential index circuit mile days,Distribution,line_type_specific,HFTD Tier 3,High fire potential index (as defined by the utility in its WMP) overhead circuit mile days,v4_native,122361.08,,,SDG&E,2025,3,v4.01,4,3,SDGE_2025_Q3_R4.xlsx,Table 4,21,L21,https://efiling.energysafety.ca.gov/eFiling/Getfile.aspx?fileid=58132&shareable=true
T4R-a0f48dfc46532cbe,T4-415343ed66f7a0,1040000020,1040000020,1040000023,4.c.,v4_line_type_specific,4. Fire potential index overhead circuit mile days,Fire potential index circuit mile days,Distribution,line_type_specific,Non-HFTD,High fire potential index (as defined by the utility in its WMP) overhead circuit mile days,v4_native,107244.24,,,SDG&E,2025,3,v4.01,4,3,SDGE_2025_Q3_R4.xlsx,Table 4,22,L22,https://efiling.energysafety.ca.gov/eFiling/Getfile.aspx?fileid=58132&shareable=true
T4R-b0edb947786d945b,T4-bab50aaf57a531,1040000021,1040000018,1040000021,4.a.,v4_line_type_specific,4. Fire potential index overhead circuit mile days,Fire potential index circuit mile days,Transmission,line_type_specific,HFTD Tier 2,High fire potential index (as defined by the utility in its WMP) overhead circuit mile days,v4_native,35972.89,,,SDG&E,2025,3,v4.01,4,3,SDGE_2025_Q3_R4.xlsx,Table 4,23,L23,https://efiling.energysafety.ca.gov/eFiling/Getfile.aspx?fileid=58132&shareable=true
T4R-ddb4d2deb7bfb706,T4-ec42fee6908963,1040000022,1040000019,1040000022,4.b.,v4_line_type_specific,4. Fire potential index overhead circuit mile days,Fire potential index circuit mile days,Transmission,line_type_specific,HFTD Tier 3,High fire potential index (as defined by the utility in its WMP) overhead circuit mile days,v4_native,21489.35,,,SDG&E,2025,3,v4.01,4,3,SDGE_2025_Q3_R4.xlsx,Table 4,24,L24,https://efiling.energysafety.ca.gov/eFiling/Getfile.aspx?fileid=58132&shareable=true
T4R-e90e961faf9c154a,T4-415343ed66f7a0,1040000023,1040000020,1040000023,4.c.,v4_line_type_specific,4. Fire potential index overhead circuit mile days,Fire potential index circuit mile days,Transmission,line_type_specific,Non-HFTD,High fire potential index (as defined by the utility in its WMP) overhead circuit mile days,v4_native,17543.93,,,SDG&E,2025,3,v4.01,4,3,SDGE_2025_Q3_R4.xlsx,Table 4,25,L25,https://efiling.energysafety.ca.gov/eFiling/Getfile.aspx?fileid=58132&shareable=true
T4R-f0b6aa4537728591,T4-8e80c5d3a208b9,1040000000,1040000000,1040000003,1.a.,v4_line_type_specific,1. Red flag warning only overhead circuit mile days,Red Flag Warning Only overhead circuit mile days,Distribution,line_type_specific,HFTD Tier 2,Red flag warning overhead circuit mile days,v4_native,0,,,SDG&E,2025,4,v4.01,3,4,SDGE_2025_Q4_R3.xlsx,Table 4,2,L2,https://efiling.energysafety.ca.gov/eFiling/Getfile.aspx?fileid=58132&shareable=true
T4R-b0502a4fec43822a,T4-3550b2867635d4,1040000001,1040000001,1040000004,1.b.,v4_line_type_specific,1. Red flag warning only overhead circuit mile days,Red Flag Warning Only overhead circuit mile days,Distribution,line_type_specific,HFTD Tier 3,Red flag warning overhead circuit mile days,v4_native,0,,,SDG&E,2025,4,v4.01,3,4,SDGE_2025_Q4_R3.xlsx,Table 4,3,L3,https://efiling.energysafety.ca.gov/eFiling/Getfile.aspx?fileid=58132&shareable=true
T4R-350708ad8b2caffa,T4-eff34c8f752257,1040000002,1040000002,1040000005,1.c.,v4_line_type_specific,1. Red flag warning only overhead circuit mile days,Red Flag Warning Only overhead circuit mile days,Distribution,line_type_specific,Non-HFTD,Red flag warning overhead circuit mile days,v4_native,0,,,SDG&E,2025,4,v4.01,3,4,SDGE_2025_Q4_R3.xlsx,Table 4,4,L4,https://efiling.energysafety.ca.gov/eFiling/Getfile.aspx?fileid=58132&shareable=true
T4R-18cf6de6cb6fa8fa,T4-8e80c5d3a208b9,1040000003,1040000000,1040000003,1.a.,v4_line_type_specific,1. Red flag warning only overhead circuit mile days,Red Flag Warning Only overhead circuit mile days,Transmission,line_type_specific,HFTD Tier 2,Red flag warning overhead circuit mile days,v4_native,0,,,SDG&E,2025,4,v4.01,3,4,SDGE_2025_Q4_R3.xlsx,Table 4,5,L5,https://efiling.energysafety.ca.gov/eFiling/Getfile.aspx?fileid=58132&shareable=true
T4R-aff2383a8792a173,T4-3550b2867635d4,1040000004,1040000001,1040000004,1.b.,v4_line_type_specific,1. Red flag warning only overhead circuit mile days,Red Flag Warning Only overhead circuit mile days,Transmission,line_type_specific,HFTD Tier 3,Red flag warning overhead circuit mile days,v4_native,0,,,SDG&E,2025,4,v4.01,3,4,SDGE_2025_Q4_R3.xlsx,Table 4,6,L6,https://efiling.energysafety.ca.gov/eFiling/Getfile.aspx?fileid=58132&shareable=true
T4R-71ca4a2aa9430eb8,T4-eff34c8f752257,1040000005,1040000002,1040000005,1.c.,v4_line_type_specific,1. Red flag warning only overhead circuit mile days,Red Flag Warning Only overhead circuit mile days,Transmission,line_type_specific,Non-HFTD,Red flag warning overhead circuit mile days,v4_native,0,,,SDG&E,2025,4,v4.01,3,4,SDGE_2025_Q4_R3.xlsx,Table 4,7,L7,https://efiling.energysafety.ca.gov/eFiling/Getfile.aspx?fileid=58132&shareable=true
T4R-7128a224fd2a2ead,T4-66e4b15c6a0742,1040000006,1040000006,1040000009,2.a.,v4_line_type_specific,2. Wind condition overhead circuit mile days,High Wind Warning Only overhead circuit mile days,Distribution,line_type_specific,HFTD Tier 2,High Wind Warning overhead circuit mile days,v4_native,0,,,SDG&E,2025,4,v4.01,3,4,SDGE_2025_Q4_R3.xlsx,Table 4,8,L8,https://efiling.energysafety.ca.gov/eFiling/Getfile.aspx?fileid=58132&shareable=true
T4R-2f4223cccf5dc34c,T4-1d3962106381ab,1040000007,1040000007,1040000010,2.b.,v4_line_type_specific,2. Wind condition overhead circuit mile days,High Wind Warning Only overhead circuit mile days,Distribution,line_type_specific,HFTD Tier 3,High Wind Warning overhead circuit mile days,v4_native,0,,,SDG&E,2025,4,v4.01,3,4,SDGE_2025_Q4_R3.xlsx,Table 4,9,L9,https://efiling.energysafety.ca.gov/eFiling/Getfile.aspx?fileid=58132&shareable=true
T4R-86638dc22d884807,T4-5db1270315ca0f,1040000008,1040000008,1040000011,2.c.,v4_line_type_specific,2. Wind condition overhead circuit mile days,High Wind Warning Only overhead circuit mile days,Distribution,line_type_specific,Non-HFTD,High Wind Warning overhead circuit mile days,v4_native,0,,,SDG&E,2025,4,v4.01,3,4,SDGE_2025_Q4_R3.xlsx,Table 4,10,L10,https://efiling.energysafety.ca.gov/eFiling/Getfile.aspx?fileid=58132&shareable=true
T4R-9e2e4847259723a4,T4-66e4b15c6a0742,1040000009,1040000006,1040000009,2.a.,v4_line_type_specific,2. Wind condition overhead circuit mile days,High Wind Warning Only overhead circuit mile days,Transmission,line_type_specific,HFTD Tier 2,High Wind Warning overhead circuit mile days,v4_native,0,,,SDG&E,2025,4,v4.01,3,4,SDGE_2025_Q4_R3.xlsx,Table 4,11,L11,https://efiling.energysafety.ca.gov/eFiling/Getfile.aspx?fileid=58132&shareable=true
T4R-848412a3a9b7c6a5,T4-1d3962106381ab,1040000010,1040000007,1040000010,2.b.,v4_line_type_specific,2. Wind condition overhead circuit mile days,High Wind Warning Only overhead circuit mile days,Transmission,line_type_specific,HFTD Tier 3,High Wind Warning overhead circuit mile days,v4_native,0,,,SDG&E,2025,4,v4.01,3,4,SDGE_2025_Q4_R3.xlsx,Table 4,12,L12,https://efiling.energysafety.ca.gov/eFiling/Getfile.aspx?fileid=58132&shareable=true
T4R-3eab809c4c4313a8,T4-5db1270315ca0f,1040000011,1040000008,1040000011,2.c.,v4_line_type_specific,2. Wind condition overhead circuit mile days,High Wind Warning Only overhead circuit mile days,Transmission,line_type_specific,Non-HFTD,High Wind Warning overhead circuit mile days,v4_native,0,,,SDG&E,2025,4,v4.01,3,4,SDGE_2025_Q4_R3.xlsx,Table 4,13,L13,https://efiling.energysafety.ca.gov/eFiling/Getfile.aspx?fileid=58132&shareable=true
T4R-9fbb103dec973b20,T4-b3609e3d1405ed,1040000012,1040000012,1040000015,3.a.,v4_line_type_specific,3. Wind condition and Red flag warning overhead circuit mile days,High Wind Warning and Red Flag Warning overhead circuit mile days,Distribution,line_type_specific,HFTD Tier 2,High wind warning and red flag warning overhead circuit mile days,v4_native,0,,,SDG&E,2025,4,v4.01,3,4,SDGE_2025_Q4_R3.xlsx,Table 4,14,L14,https://efiling.energysafety.ca.gov/eFiling/Getfile.aspx?fileid=58132&shareable=true
T4R-b7b504d5ad5acdb9,T4-9d2cb861840e2c,1040000013,1040000013,1040000016,3.b.,v4_line_type_specific,3. Wind condition and Red flag warning overhead circuit mile days,High Wind Warning and Red Flag Warning overhead circuit mile days,Distribution,line_type_specific,HFTD Tier 3,High wind warning and red flag warning overhead circuit mile days,v4_native,0,,,SDG&E,2025,4,v4.01,3,4,SDGE_2025_Q4_R3.xlsx,Table 4,15,L15,https://efiling.energysafety.ca.gov/eFiling/Getfile.aspx?fileid=58132&shareable=true
T4R-7c0855591a4bee32,T4-14d6d4829b631e,1040000014,1040000014,1040000017,3.c.,v4_line_type_specific,3. Wind condition and Red flag warning overhead circuit mile days,High Wind Warning and Red Flag Warning overhead circuit mile days,Distribution,line_type_specific,Non-HFTD,High wind warning and red flag warning overhead circuit mile days,v4_native,0,,,SDG&E,2025,4,v4.01,3,4,SDGE_2025_Q4_R3.xlsx,Table 4,16,L16,https://efiling.energysafety.ca.gov/eFiling/Getfile.aspx?fileid=58132&shareable=true
T4R-b83f722c7c49927f,T4-b3609e3d1405ed,1040000015,1040000012,1040000015,3.a.,v4_line_type_specific,3. Wind condition and Red flag warning overhead circuit mile days,High Wind Warning and Red Flag Warning overhead circuit mile days,Transmission,line_type_specific,HFTD Tier 2,High wind warning and red flag warning overhead circuit mile days,v4_native,0,,,SDG&E,2025,4,v4.01,3,4,SDGE_2025_Q4_R3.xlsx,Table 4,17,L17,https://efiling.energysafety.ca.gov/eFiling/Getfile.aspx?fileid=58132&shareable=true
T4R-b754bbf4765d568a,T4-9d2cb861840e2c,1040000016,1040000013,1040000016,3.b.,v4_line_type_specific,3. Wind condition and Red flag warning overhead circuit mile days,High Wind Warning and Red Flag Warning overhead circuit mile days,Transmission,line_type_specific,HFTD Tier 3,High wind warning and red flag warning overhead circuit mile days,v4_native,0,,,SDG&E,2025,4,v4.01,3,4,SDGE_2025_Q4_R3.xlsx,Table 4,18,L18,https://efiling.energysafety.ca.gov/eFiling/Getfile.aspx?fileid=58132&shareable=true
T4R-0ce7c53306d4641d,T4-14d6d4829b631e,1040000017,1040000014,1040000017,3.c.,v4_line_type_specific,3. Wind condition and Red flag warning overhead circuit mile days,High Wind Warning and Red Flag Warning overhead circuit mile days,Transmission,line_type_specific,Non-HFTD,High wind warning and red flag warning overhead circuit mile days,v4_native,0,,,SDG&E,2025,4,v4.01,3,4,SDGE_2025_Q4_R3.xlsx,Table 4,19,L19,https://efiling.energysafety.ca.gov/eFiling/Getfile.aspx?fileid=58132&shareable=true
T4R-1d3dbecef9afb0e1,T4-bab50aaf57a531,1040000018,1040000018,1040000021,4.a.,v4_line_type_specific,4. Fire potential index overhead circuit mile days,Fire potential index circuit mile days,Distribution,line_type_specific,HFTD Tier 2,High fire potential index (as defined by the utility in its WMP) overhead circuit mile days,v4_native,41327.14,,,SDG&E,2025,4,v4.01,3,4,SDGE_2025_Q4_R3.xlsx,Table 4,20,L20,https://efiling.energysafety.ca.gov/eFiling/Getfile.aspx?fileid=58132&shareable=true
T4R-430d0f3108eb4195,T4-ec42fee6908963,1040000019,1040000019,1040000022,4.b.,v4_line_type_specific,4. Fire potential index overhead circuit mile days,Fire potential index circuit mile days,Distribution,line_type_specific,HFTD Tier 3,High fire potential index (as defined by the utility in its WMP) overhead circuit mile days,v4_native,42236.13,,,SDG&E,2025,4,v4.01,3,4,SDGE_2025_Q4_R3.xlsx,Table 4,21,L21,https://efiling.energysafety.ca.gov/eFiling/Getfile.aspx?fileid=58132&shareable=true
T4R-abb62609287bee00,T4-415343ed66f7a0,1040000020,1040000020,1040000023,4.c.,v4_line_type_specific,4. Fire potential index overhead circuit mile days,Fire potential index circuit mile days,Distribution,line_type_specific,Non-HFTD,High fire potential index (as defined by the utility in its WMP) overhead circuit mile days,v4_native,38959.64,,,SDG&E,2025,4,v4.01,3,4,SDGE_2025_Q4_R3.xlsx,Table 4,22,L22,https://efiling.energysafety.ca.gov/eFiling/Getfile.aspx?fileid=58132&shareable=true
T4R-59b57f4af6c7fd0a,T4-bab50aaf57a531,1040000021,1040000018,1040000021,4.a.,v4_line_type_specific,4. Fire potential index overhead circuit mile days,Fire potential index circuit mile days,Transmission,line_type_specific,HFTD Tier 2,High fire potential index (as defined by the utility in its WMP) overhead circuit mile days,v4_native,11741.21,,,SDG&E,2025,4,v4.01,3,4,SDGE_2025_Q4_R3.xlsx,Table 4,23,L23,https://efiling.energysafety.ca.gov/eFiling/Getfile.aspx?fileid=58132&shareable=true
T4R-e388a44bf5d51c44,T4-ec42fee6908963,1040000022,1040000019,1040000022,4.b.,v4_line_type_specific,4. Fire potential index overhead circuit mile days,Fire potential index circuit mile days,Transmission,line_type_specific,HFTD Tier 3,High fire potential index (as defined by the utility in its WMP) overhead circuit mile days,v4_native,7679.52,,,SDG&E,2025,4,v4.01,3,4,SDGE_2025_Q4_R3.xlsx,Table 4,24,L24,https://efiling.energysafety.ca.gov/eFiling/Getfile.aspx?fileid=58132&shareable=true
T4R-bea4d64034105f3b,T4-415343ed66f7a0,1040000023,1040000020,1040000023,4.c.,v4_line_type_specific,4. Fire potential index overhead circuit mile days,Fire potential index circuit mile days,Transmission,line_type_specific,Non-HFTD,High fire potential index (as defined by the utility in its WMP) overhead circuit mile days,v4_native,6740.34,,,SDG&E,2025,4,v4.01,3,4,SDGE_2025_Q4_R3.xlsx,Table 4,25,L25,https://efiling.energysafety.ca.gov/eFiling/Getfile.aspx?fileid=58132&shareable=true
