record_id,metric_number,legacy_metric_number_mapped,crosswalk_status,metric_type,line_type,hftd_tier,area_type,wui_status,unit_canonical,unit_crosswalk_status,actual_value,comments,blank_meaning,utility_id,reporting_year,reporting_quarter,schema_version,source_revision,source_report_quarter,source_file,source_sheet,source_row,source_value_cell,guideline_url
T7R-8b413e040b4a8028,1070000000,1.d.0.a.i,exact_dimensions_and_unit,1. Overhead circuit miles,Distribution,Non-HFTD,Urban,WUI,Circuit miles,exact,394.971,,,SDG&E,2023,1,v3.1,0,4,SDGE_2023_Q4_Tables1-15.xlsx,Table 7,10,M10,https://efiling.energysafety.ca.gov/eFiling/Getfile.aspx?fileid=53475&shareable=true
T7R-f540d56f16e4371a,1070000000,1.d.0.a.i,exact_dimensions_and_unit,1. Overhead circuit miles,Distribution,Non-HFTD,Urban,WUI,Circuit miles,exact,394.78,,,SDG&E,2023,2,v3.1,0,4,SDGE_2023_Q4_Tables1-15.xlsx,Table 7,10,N10,https://efiling.energysafety.ca.gov/eFiling/Getfile.aspx?fileid=53475&shareable=true
T7R-29f66d70323307ea,1070000000,1.d.0.a.i,exact_dimensions_and_unit,1. Overhead circuit miles,Distribution,Non-HFTD,Urban,WUI,Circuit miles,exact,394.46,,,SDG&E,2023,3,v3.1,0,4,SDGE_2023_Q4_Tables1-15.xlsx,Table 7,10,O10,https://efiling.energysafety.ca.gov/eFiling/Getfile.aspx?fileid=53475&shareable=true
T7R-b0af9e8280d8c613,1070000000,1.d.0.a.i,exact_dimensions_and_unit,1. Overhead circuit miles,Distribution,Non-HFTD,Urban,WUI,Circuit miles,exact,394.24,,,SDG&E,2023,4,v3.1,0,4,SDGE_2023_Q4_Tables1-15.xlsx,Table 7,10,P10,https://efiling.energysafety.ca.gov/eFiling/Getfile.aspx?fileid=53475&shareable=true
T7R-e54614a5720f4e00,1070000001,1.d.0.a.ii,exact_dimensions_and_unit,1. Overhead circuit miles,Distribution,Non-HFTD,Urban,Non-WUI,Circuit miles,exact,2072.019,,,SDG&E,2023,1,v3.1,0,4,SDGE_2023_Q4_Tables1-15.xlsx,Table 7,11,M11,https://efiling.energysafety.ca.gov/eFiling/Getfile.aspx?fileid=53475&shareable=true
T7R-772ec8d65f560855,1070000001,1.d.0.a.ii,exact_dimensions_and_unit,1. Overhead circuit miles,Distribution,Non-HFTD,Urban,Non-WUI,Circuit miles,exact,2071.65,,,SDG&E,2023,2,v3.1,0,4,SDGE_2023_Q4_Tables1-15.xlsx,Table 7,11,N11,https://efiling.energysafety.ca.gov/eFiling/Getfile.aspx?fileid=53475&shareable=true
T7R-988d23325a426d73,1070000001,1.d.0.a.ii,exact_dimensions_and_unit,1. Overhead circuit miles,Distribution,Non-HFTD,Urban,Non-WUI,Circuit miles,exact,2069.44,,,SDG&E,2023,3,v3.1,0,4,SDGE_2023_Q4_Tables1-15.xlsx,Table 7,11,O11,https://efiling.energysafety.ca.gov/eFiling/Getfile.aspx?fileid=53475&shareable=true
T7R-ec99d8a36101fb13,1070000001,1.d.0.a.ii,exact_dimensions_and_unit,1. Overhead circuit miles,Distribution,Non-HFTD,Urban,Non-WUI,Circuit miles,exact,2066.75,,,SDG&E,2023,4,v3.1,0,4,SDGE_2023_Q4_Tables1-15.xlsx,Table 7,11,P11,https://efiling.energysafety.ca.gov/eFiling/Getfile.aspx?fileid=53475&shareable=true
T7R-d146b98a46f3d122,1070000002,1.d.0.b.i,exact_dimensions_and_unit,1. Overhead circuit miles,Distribution,Non-HFTD,Rural,WUI,Circuit miles,exact,175.199,,,SDG&E,2023,1,v3.1,0,4,SDGE_2023_Q4_Tables1-15.xlsx,Table 7,12,M12,https://efiling.energysafety.ca.gov/eFiling/Getfile.aspx?fileid=53475&shareable=true
T7R-1b9ab1a0a2dfd3d3,1070000002,1.d.0.b.i,exact_dimensions_and_unit,1. Overhead circuit miles,Distribution,Non-HFTD,Rural,WUI,Circuit miles,exact,175.3,,,SDG&E,2023,2,v3.1,0,4,SDGE_2023_Q4_Tables1-15.xlsx,Table 7,12,N12,https://efiling.energysafety.ca.gov/eFiling/Getfile.aspx?fileid=53475&shareable=true
T7R-3dc6985d87654119,1070000002,1.d.0.b.i,exact_dimensions_and_unit,1. Overhead circuit miles,Distribution,Non-HFTD,Rural,WUI,Circuit miles,exact,175.17,,,SDG&E,2023,3,v3.1,0,4,SDGE_2023_Q4_Tables1-15.xlsx,Table 7,12,O12,https://efiling.energysafety.ca.gov/eFiling/Getfile.aspx?fileid=53475&shareable=true
T7R-5fb346c45ada0563,1070000002,1.d.0.b.i,exact_dimensions_and_unit,1. Overhead circuit miles,Distribution,Non-HFTD,Rural,WUI,Circuit miles,exact,175.16,,,SDG&E,2023,4,v3.1,0,4,SDGE_2023_Q4_Tables1-15.xlsx,Table 7,12,P12,https://efiling.energysafety.ca.gov/eFiling/Getfile.aspx?fileid=53475&shareable=true
T7R-294b16e415257bbe,1070000003,1.d.0.b.ii,exact_dimensions_and_unit,1. Overhead circuit miles,Distribution,Non-HFTD,Rural,Non-WUI,Circuit miles,exact,179.844,,,SDG&E,2023,1,v3.1,0,4,SDGE_2023_Q4_Tables1-15.xlsx,Table 7,13,M13,https://efiling.energysafety.ca.gov/eFiling/Getfile.aspx?fileid=53475&shareable=true
T7R-63713bfbf0946087,1070000003,1.d.0.b.ii,exact_dimensions_and_unit,1. Overhead circuit miles,Distribution,Non-HFTD,Rural,Non-WUI,Circuit miles,exact,179.05,,,SDG&E,2023,2,v3.1,0,4,SDGE_2023_Q4_Tables1-15.xlsx,Table 7,13,N13,https://efiling.energysafety.ca.gov/eFiling/Getfile.aspx?fileid=53475&shareable=true
T7R-a3629051eeed50d7,1070000003,1.d.0.b.ii,exact_dimensions_and_unit,1. Overhead circuit miles,Distribution,Non-HFTD,Rural,Non-WUI,Circuit miles,exact,179.05,,,SDG&E,2023,3,v3.1,0,4,SDGE_2023_Q4_Tables1-15.xlsx,Table 7,13,O13,https://efiling.energysafety.ca.gov/eFiling/Getfile.aspx?fileid=53475&shareable=true
T7R-a4f7e97edc0eb145,1070000003,1.d.0.b.ii,exact_dimensions_and_unit,1. Overhead circuit miles,Distribution,Non-HFTD,Rural,Non-WUI,Circuit miles,exact,177.85,,,SDG&E,2023,4,v3.1,0,4,SDGE_2023_Q4_Tables1-15.xlsx,Table 7,13,P13,https://efiling.energysafety.ca.gov/eFiling/Getfile.aspx?fileid=53475&shareable=true
T7R-21b621243e509104,1070000004,1.d.0.c.i,exact_dimensions_and_unit,1. Overhead circuit miles,Distribution,Non-HFTD,Highly rural,WUI,Circuit miles,exact,34.681,,,SDG&E,2023,1,v3.1,0,4,SDGE_2023_Q4_Tables1-15.xlsx,Table 7,14,M14,https://efiling.energysafety.ca.gov/eFiling/Getfile.aspx?fileid=53475&shareable=true
T7R-ff4e53e908c866be,1070000004,1.d.0.c.i,exact_dimensions_and_unit,1. Overhead circuit miles,Distribution,Non-HFTD,Highly rural,WUI,Circuit miles,exact,34.83,,,SDG&E,2023,2,v3.1,0,4,SDGE_2023_Q4_Tables1-15.xlsx,Table 7,14,N14,https://efiling.energysafety.ca.gov/eFiling/Getfile.aspx?fileid=53475&shareable=true
T7R-c50aa9573a04f2aa,1070000004,1.d.0.c.i,exact_dimensions_and_unit,1. Overhead circuit miles,Distribution,Non-HFTD,Highly rural,WUI,Circuit miles,exact,34.83,,,SDG&E,2023,3,v3.1,0,4,SDGE_2023_Q4_Tables1-15.xlsx,Table 7,14,O14,https://efiling.energysafety.ca.gov/eFiling/Getfile.aspx?fileid=53475&shareable=true
T7R-c888115871c17acf,1070000004,1.d.0.c.i,exact_dimensions_and_unit,1. Overhead circuit miles,Distribution,Non-HFTD,Highly rural,WUI,Circuit miles,exact,34.83,,,SDG&E,2023,4,v3.1,0,4,SDGE_2023_Q4_Tables1-15.xlsx,Table 7,14,P14,https://efiling.energysafety.ca.gov/eFiling/Getfile.aspx?fileid=53475&shareable=true
T7R-db2a8124b82eaef5,1070000005,1.d.0.c.ii,exact_dimensions_and_unit,1. Overhead circuit miles,Distribution,Non-HFTD,Highly rural,Non-WUI,Circuit miles,exact,109.496,,,SDG&E,2023,1,v3.1,0,4,SDGE_2023_Q4_Tables1-15.xlsx,Table 7,15,M15,https://efiling.energysafety.ca.gov/eFiling/Getfile.aspx?fileid=53475&shareable=true
T7R-8ee02ec0a8968376,1070000005,1.d.0.c.ii,exact_dimensions_and_unit,1. Overhead circuit miles,Distribution,Non-HFTD,Highly rural,Non-WUI,Circuit miles,exact,109.61,,,SDG&E,2023,2,v3.1,0,4,SDGE_2023_Q4_Tables1-15.xlsx,Table 7,15,N15,https://efiling.energysafety.ca.gov/eFiling/Getfile.aspx?fileid=53475&shareable=true
T7R-2eda38fd9c935dde,1070000005,1.d.0.c.ii,exact_dimensions_and_unit,1. Overhead circuit miles,Distribution,Non-HFTD,Highly rural,Non-WUI,Circuit miles,exact,109.61,,,SDG&E,2023,3,v3.1,0,4,SDGE_2023_Q4_Tables1-15.xlsx,Table 7,15,O15,https://efiling.energysafety.ca.gov/eFiling/Getfile.aspx?fileid=53475&shareable=true
T7R-64ec9447f385e2b4,1070000005,1.d.0.c.ii,exact_dimensions_and_unit,1. Overhead circuit miles,Distribution,Non-HFTD,Highly rural,Non-WUI,Circuit miles,exact,109.61,,,SDG&E,2023,4,v3.1,0,4,SDGE_2023_Q4_Tables1-15.xlsx,Table 7,15,P15,https://efiling.energysafety.ca.gov/eFiling/Getfile.aspx?fileid=53475&shareable=true
T7R-edb0f8c1726fcb04,1070000006,1.d.2.a.i,exact_dimensions_and_unit,1. Overhead circuit miles,Distribution,HFTD Tier 2,Urban,WUI,Circuit miles,exact,91.218,,,SDG&E,2023,1,v3.1,0,4,SDGE_2023_Q4_Tables1-15.xlsx,Table 7,16,M16,https://efiling.energysafety.ca.gov/eFiling/Getfile.aspx?fileid=53475&shareable=true
T7R-836f12cfa142cc55,1070000006,1.d.2.a.i,exact_dimensions_and_unit,1. Overhead circuit miles,Distribution,HFTD Tier 2,Urban,WUI,Circuit miles,exact,91.25,,,SDG&E,2023,2,v3.1,0,4,SDGE_2023_Q4_Tables1-15.xlsx,Table 7,16,N16,https://efiling.energysafety.ca.gov/eFiling/Getfile.aspx?fileid=53475&shareable=true
T7R-35d21eb97213b36a,1070000006,1.d.2.a.i,exact_dimensions_and_unit,1. Overhead circuit miles,Distribution,HFTD Tier 2,Urban,WUI,Circuit miles,exact,91.43,,,SDG&E,2023,3,v3.1,0,4,SDGE_2023_Q4_Tables1-15.xlsx,Table 7,16,O16,https://efiling.energysafety.ca.gov/eFiling/Getfile.aspx?fileid=53475&shareable=true
T7R-8f638017a06d07ac,1070000006,1.d.2.a.i,exact_dimensions_and_unit,1. Overhead circuit miles,Distribution,HFTD Tier 2,Urban,WUI,Circuit miles,exact,91.38,,,SDG&E,2023,4,v3.1,0,4,SDGE_2023_Q4_Tables1-15.xlsx,Table 7,16,P16,https://efiling.energysafety.ca.gov/eFiling/Getfile.aspx?fileid=53475&shareable=true
T7R-70d447c5398f9389,1070000007,1.d.2.a.ii,exact_dimensions_and_unit,1. Overhead circuit miles,Distribution,HFTD Tier 2,Urban,Non-WUI,Circuit miles,exact,83.409,,,SDG&E,2023,1,v3.1,0,4,SDGE_2023_Q4_Tables1-15.xlsx,Table 7,17,M17,https://efiling.energysafety.ca.gov/eFiling/Getfile.aspx?fileid=53475&shareable=true
T7R-ca70bc1d21fafa81,1070000007,1.d.2.a.ii,exact_dimensions_and_unit,1. Overhead circuit miles,Distribution,HFTD Tier 2,Urban,Non-WUI,Circuit miles,exact,83.87,,,SDG&E,2023,2,v3.1,0,4,SDGE_2023_Q4_Tables1-15.xlsx,Table 7,17,N17,https://efiling.energysafety.ca.gov/eFiling/Getfile.aspx?fileid=53475&shareable=true
T7R-950fc0198372c10a,1070000007,1.d.2.a.ii,exact_dimensions_and_unit,1. Overhead circuit miles,Distribution,HFTD Tier 2,Urban,Non-WUI,Circuit miles,exact,83.83,,,SDG&E,2023,3,v3.1,0,4,SDGE_2023_Q4_Tables1-15.xlsx,Table 7,17,O17,https://efiling.energysafety.ca.gov/eFiling/Getfile.aspx?fileid=53475&shareable=true
T7R-50ebbee22bfca761,1070000007,1.d.2.a.ii,exact_dimensions_and_unit,1. Overhead circuit miles,Distribution,HFTD Tier 2,Urban,Non-WUI,Circuit miles,exact,83.79,,,SDG&E,2023,4,v3.1,0,4,SDGE_2023_Q4_Tables1-15.xlsx,Table 7,17,P17,https://efiling.energysafety.ca.gov/eFiling/Getfile.aspx?fileid=53475&shareable=true
T7R-c42292dee2bcfa23,1070000008,1.d.2.b.i,exact_dimensions_and_unit,1. Overhead circuit miles,Distribution,HFTD Tier 2,Rural,WUI,Circuit miles,exact,849.288,,,SDG&E,2023,1,v3.1,0,4,SDGE_2023_Q4_Tables1-15.xlsx,Table 7,18,M18,https://efiling.energysafety.ca.gov/eFiling/Getfile.aspx?fileid=53475&shareable=true
T7R-37c30602745ec5e4,1070000008,1.d.2.b.i,exact_dimensions_and_unit,1. Overhead circuit miles,Distribution,HFTD Tier 2,Rural,WUI,Circuit miles,exact,850.1,,,SDG&E,2023,2,v3.1,0,4,SDGE_2023_Q4_Tables1-15.xlsx,Table 7,18,N18,https://efiling.energysafety.ca.gov/eFiling/Getfile.aspx?fileid=53475&shareable=true
T7R-fe8cb9569d7c26be,1070000008,1.d.2.b.i,exact_dimensions_and_unit,1. Overhead circuit miles,Distribution,HFTD Tier 2,Rural,WUI,Circuit miles,exact,850.61,,,SDG&E,2023,3,v3.1,0,4,SDGE_2023_Q4_Tables1-15.xlsx,Table 7,18,O18,https://efiling.energysafety.ca.gov/eFiling/Getfile.aspx?fileid=53475&shareable=true
T7R-d1fa18447ab77375,1070000008,1.d.2.b.i,exact_dimensions_and_unit,1. Overhead circuit miles,Distribution,HFTD Tier 2,Rural,WUI,Circuit miles,exact,850.22,,,SDG&E,2023,4,v3.1,0,4,SDGE_2023_Q4_Tables1-15.xlsx,Table 7,18,P18,https://efiling.energysafety.ca.gov/eFiling/Getfile.aspx?fileid=53475&shareable=true
T7R-75a3a6fd9cacd0b4,1070000009,1.d.2.b.ii,exact_dimensions_and_unit,1. Overhead circuit miles,Distribution,HFTD Tier 2,Rural,Non-WUI,Circuit miles,exact,597.224,,,SDG&E,2023,1,v3.1,0,4,SDGE_2023_Q4_Tables1-15.xlsx,Table 7,19,M19,https://efiling.energysafety.ca.gov/eFiling/Getfile.aspx?fileid=53475&shareable=true
T7R-28084c739f532d25,1070000009,1.d.2.b.ii,exact_dimensions_and_unit,1. Overhead circuit miles,Distribution,HFTD Tier 2,Rural,Non-WUI,Circuit miles,exact,595.64,,,SDG&E,2023,2,v3.1,0,4,SDGE_2023_Q4_Tables1-15.xlsx,Table 7,19,N19,https://efiling.energysafety.ca.gov/eFiling/Getfile.aspx?fileid=53475&shareable=true
T7R-a4adc1cf4d474bfc,1070000009,1.d.2.b.ii,exact_dimensions_and_unit,1. Overhead circuit miles,Distribution,HFTD Tier 2,Rural,Non-WUI,Circuit miles,exact,595.68,,,SDG&E,2023,3,v3.1,0,4,SDGE_2023_Q4_Tables1-15.xlsx,Table 7,19,O19,https://efiling.energysafety.ca.gov/eFiling/Getfile.aspx?fileid=53475&shareable=true
T7R-6ab59ad302733612,1070000009,1.d.2.b.ii,exact_dimensions_and_unit,1. Overhead circuit miles,Distribution,HFTD Tier 2,Rural,Non-WUI,Circuit miles,exact,591.97,,,SDG&E,2023,4,v3.1,0,4,SDGE_2023_Q4_Tables1-15.xlsx,Table 7,19,P19,https://efiling.energysafety.ca.gov/eFiling/Getfile.aspx?fileid=53475&shareable=true
T7R-1226c16178a22f60,1070000010,1.d.2.c.i,exact_dimensions_and_unit,1. Overhead circuit miles,Distribution,HFTD Tier 2,Highly rural,WUI,Circuit miles,exact,20.175,,,SDG&E,2023,1,v3.1,0,4,SDGE_2023_Q4_Tables1-15.xlsx,Table 7,20,M20,https://efiling.energysafety.ca.gov/eFiling/Getfile.aspx?fileid=53475&shareable=true
T7R-5e25d42f043f038b,1070000010,1.d.2.c.i,exact_dimensions_and_unit,1. Overhead circuit miles,Distribution,HFTD Tier 2,Highly rural,WUI,Circuit miles,exact,20.3,,,SDG&E,2023,2,v3.1,0,4,SDGE_2023_Q4_Tables1-15.xlsx,Table 7,20,N20,https://efiling.energysafety.ca.gov/eFiling/Getfile.aspx?fileid=53475&shareable=true
T7R-d918021b1f5e221c,1070000010,1.d.2.c.i,exact_dimensions_and_unit,1. Overhead circuit miles,Distribution,HFTD Tier 2,Highly rural,WUI,Circuit miles,exact,20.3,,,SDG&E,2023,3,v3.1,0,4,SDGE_2023_Q4_Tables1-15.xlsx,Table 7,20,O20,https://efiling.energysafety.ca.gov/eFiling/Getfile.aspx?fileid=53475&shareable=true
T7R-f6bf6ca063ae5fe2,1070000010,1.d.2.c.i,exact_dimensions_and_unit,1. Overhead circuit miles,Distribution,HFTD Tier 2,Highly rural,WUI,Circuit miles,exact,20.3,,,SDG&E,2023,4,v3.1,0,4,SDGE_2023_Q4_Tables1-15.xlsx,Table 7,20,P20,https://efiling.energysafety.ca.gov/eFiling/Getfile.aspx?fileid=53475&shareable=true
T7R-8eca2bc072d40205,1070000011,1.d.2.c.ii,exact_dimensions_and_unit,1. Overhead circuit miles,Distribution,HFTD Tier 2,Highly rural,Non-WUI,Circuit miles,exact,151.324,,,SDG&E,2023,1,v3.1,0,4,SDGE_2023_Q4_Tables1-15.xlsx,Table 7,21,M21,https://efiling.energysafety.ca.gov/eFiling/Getfile.aspx?fileid=53475&shareable=true
T7R-ab1d71241dc55d32,1070000011,1.d.2.c.ii,exact_dimensions_and_unit,1. Overhead circuit miles,Distribution,HFTD Tier 2,Highly rural,Non-WUI,Circuit miles,exact,151.91,,,SDG&E,2023,2,v3.1,0,4,SDGE_2023_Q4_Tables1-15.xlsx,Table 7,21,N21,https://efiling.energysafety.ca.gov/eFiling/Getfile.aspx?fileid=53475&shareable=true
T7R-fc17ca2d4e5ed525,1070000011,1.d.2.c.ii,exact_dimensions_and_unit,1. Overhead circuit miles,Distribution,HFTD Tier 2,Highly rural,Non-WUI,Circuit miles,exact,151.91,,,SDG&E,2023,3,v3.1,0,4,SDGE_2023_Q4_Tables1-15.xlsx,Table 7,21,O21,https://efiling.energysafety.ca.gov/eFiling/Getfile.aspx?fileid=53475&shareable=true
T7R-6723a0b6cc7bf16e,1070000011,1.d.2.c.ii,exact_dimensions_and_unit,1. Overhead circuit miles,Distribution,HFTD Tier 2,Highly rural,Non-WUI,Circuit miles,exact,151.89,,,SDG&E,2023,4,v3.1,0,4,SDGE_2023_Q4_Tables1-15.xlsx,Table 7,21,P21,https://efiling.energysafety.ca.gov/eFiling/Getfile.aspx?fileid=53475&shareable=true
T7R-b651ddb19b2f3b17,1070000012,1.d.3.a.i,exact_dimensions_and_unit,1. Overhead circuit miles,Distribution,HFTD Tier 3,Urban,WUI,Circuit miles,exact,4.776,,,SDG&E,2023,1,v3.1,0,4,SDGE_2023_Q4_Tables1-15.xlsx,Table 7,22,M22,https://efiling.energysafety.ca.gov/eFiling/Getfile.aspx?fileid=53475&shareable=true
T7R-06dd12802f8a3408,1070000012,1.d.3.a.i,exact_dimensions_and_unit,1. Overhead circuit miles,Distribution,HFTD Tier 3,Urban,WUI,Circuit miles,exact,4.9,,,SDG&E,2023,2,v3.1,0,4,SDGE_2023_Q4_Tables1-15.xlsx,Table 7,22,N22,https://efiling.energysafety.ca.gov/eFiling/Getfile.aspx?fileid=53475&shareable=true
T7R-5d83d00e500acf2d,1070000012,1.d.3.a.i,exact_dimensions_and_unit,1. Overhead circuit miles,Distribution,HFTD Tier 3,Urban,WUI,Circuit miles,exact,4.9,,,SDG&E,2023,3,v3.1,0,4,SDGE_2023_Q4_Tables1-15.xlsx,Table 7,22,O22,https://efiling.energysafety.ca.gov/eFiling/Getfile.aspx?fileid=53475&shareable=true
T7R-94e40e07cca63b3a,1070000012,1.d.3.a.i,exact_dimensions_and_unit,1. Overhead circuit miles,Distribution,HFTD Tier 3,Urban,WUI,Circuit miles,exact,4.9,,,SDG&E,2023,4,v3.1,0,4,SDGE_2023_Q4_Tables1-15.xlsx,Table 7,22,P22,https://efiling.energysafety.ca.gov/eFiling/Getfile.aspx?fileid=53475&shareable=true
T7R-09fe4ca5e6d8887f,1070000013,1.d.3.a.ii,exact_dimensions_and_unit,1. Overhead circuit miles,Distribution,HFTD Tier 3,Urban,Non-WUI,Circuit miles,exact,0.04,,,SDG&E,2023,1,v3.1,0,4,SDGE_2023_Q4_Tables1-15.xlsx,Table 7,23,M23,https://efiling.energysafety.ca.gov/eFiling/Getfile.aspx?fileid=53475&shareable=true
T7R-24287773f7068aa9,1070000013,1.d.3.a.ii,exact_dimensions_and_unit,1. Overhead circuit miles,Distribution,HFTD Tier 3,Urban,Non-WUI,Circuit miles,exact,0.04,,,SDG&E,2023,2,v3.1,0,4,SDGE_2023_Q4_Tables1-15.xlsx,Table 7,23,N23,https://efiling.energysafety.ca.gov/eFiling/Getfile.aspx?fileid=53475&shareable=true
T7R-9e27465cbc0ee565,1070000013,1.d.3.a.ii,exact_dimensions_and_unit,1. Overhead circuit miles,Distribution,HFTD Tier 3,Urban,Non-WUI,Circuit miles,exact,0.04,,,SDG&E,2023,3,v3.1,0,4,SDGE_2023_Q4_Tables1-15.xlsx,Table 7,23,O23,https://efiling.energysafety.ca.gov/eFiling/Getfile.aspx?fileid=53475&shareable=true
T7R-f14ae013696a3f1b,1070000013,1.d.3.a.ii,exact_dimensions_and_unit,1. Overhead circuit miles,Distribution,HFTD Tier 3,Urban,Non-WUI,Circuit miles,exact,0.04,,,SDG&E,2023,4,v3.1,0,4,SDGE_2023_Q4_Tables1-15.xlsx,Table 7,23,P23,https://efiling.energysafety.ca.gov/eFiling/Getfile.aspx?fileid=53475&shareable=true
T7R-3e746e55f29b911a,1070000014,1.d.3.b.i,exact_dimensions_and_unit,1. Overhead circuit miles,Distribution,HFTD Tier 3,Rural,WUI,Circuit miles,exact,650.348,,,SDG&E,2023,1,v3.1,0,4,SDGE_2023_Q4_Tables1-15.xlsx,Table 7,24,M24,https://efiling.energysafety.ca.gov/eFiling/Getfile.aspx?fileid=53475&shareable=true
T7R-41f7f5b423ba7157,1070000014,1.d.3.b.i,exact_dimensions_and_unit,1. Overhead circuit miles,Distribution,HFTD Tier 3,Rural,WUI,Circuit miles,exact,651.92,,,SDG&E,2023,2,v3.1,0,4,SDGE_2023_Q4_Tables1-15.xlsx,Table 7,24,N24,https://efiling.energysafety.ca.gov/eFiling/Getfile.aspx?fileid=53475&shareable=true
T7R-27dd34dc5049e037,1070000014,1.d.3.b.i,exact_dimensions_and_unit,1. Overhead circuit miles,Distribution,HFTD Tier 3,Rural,WUI,Circuit miles,exact,650.48,,,SDG&E,2023,3,v3.1,0,4,SDGE_2023_Q4_Tables1-15.xlsx,Table 7,24,O24,https://efiling.energysafety.ca.gov/eFiling/Getfile.aspx?fileid=53475&shareable=true
T7R-f88e7501a0b7e770,1070000014,1.d.3.b.i,exact_dimensions_and_unit,1. Overhead circuit miles,Distribution,HFTD Tier 3,Rural,WUI,Circuit miles,exact,644.55,,,SDG&E,2023,4,v3.1,0,4,SDGE_2023_Q4_Tables1-15.xlsx,Table 7,24,P24,https://efiling.energysafety.ca.gov/eFiling/Getfile.aspx?fileid=53475&shareable=true
T7R-2a8c8b01c5640ab7,1070000015,1.d.3.b.ii,exact_dimensions_and_unit,1. Overhead circuit miles,Distribution,HFTD Tier 3,Rural,Non-WUI,Circuit miles,exact,773.666,,,SDG&E,2023,1,v3.1,0,4,SDGE_2023_Q4_Tables1-15.xlsx,Table 7,25,M25,https://efiling.energysafety.ca.gov/eFiling/Getfile.aspx?fileid=53475&shareable=true
T7R-7d993f4e775d2b3c,1070000015,1.d.3.b.ii,exact_dimensions_and_unit,1. Overhead circuit miles,Distribution,HFTD Tier 3,Rural,Non-WUI,Circuit miles,exact,774.78,,,SDG&E,2023,2,v3.1,0,4,SDGE_2023_Q4_Tables1-15.xlsx,Table 7,25,N25,https://efiling.energysafety.ca.gov/eFiling/Getfile.aspx?fileid=53475&shareable=true
T7R-a17b8f9b96287b44,1070000015,1.d.3.b.ii,exact_dimensions_and_unit,1. Overhead circuit miles,Distribution,HFTD Tier 3,Rural,Non-WUI,Circuit miles,exact,774.96,,,SDG&E,2023,3,v3.1,0,4,SDGE_2023_Q4_Tables1-15.xlsx,Table 7,25,O25,https://efiling.energysafety.ca.gov/eFiling/Getfile.aspx?fileid=53475&shareable=true
T7R-57abbb4fc6b0c7d4,1070000015,1.d.3.b.ii,exact_dimensions_and_unit,1. Overhead circuit miles,Distribution,HFTD Tier 3,Rural,Non-WUI,Circuit miles,exact,770.99,,,SDG&E,2023,4,v3.1,0,4,SDGE_2023_Q4_Tables1-15.xlsx,Table 7,25,P25,https://efiling.energysafety.ca.gov/eFiling/Getfile.aspx?fileid=53475&shareable=true
T7R-29aa4620833b2c31,1070000016,1.d.3.c.i,exact_dimensions_and_unit,1. Overhead circuit miles,Distribution,HFTD Tier 3,Highly rural,WUI,Circuit miles,exact,25.921,,,SDG&E,2023,1,v3.1,0,4,SDGE_2023_Q4_Tables1-15.xlsx,Table 7,26,M26,https://efiling.energysafety.ca.gov/eFiling/Getfile.aspx?fileid=53475&shareable=true
T7R-43bd83cee9cefe3d,1070000016,1.d.3.c.i,exact_dimensions_and_unit,1. Overhead circuit miles,Distribution,HFTD Tier 3,Highly rural,WUI,Circuit miles,exact,26.02,,,SDG&E,2023,2,v3.1,0,4,SDGE_2023_Q4_Tables1-15.xlsx,Table 7,26,N26,https://efiling.energysafety.ca.gov/eFiling/Getfile.aspx?fileid=53475&shareable=true
T7R-0ee23d1a7488439e,1070000016,1.d.3.c.i,exact_dimensions_and_unit,1. Overhead circuit miles,Distribution,HFTD Tier 3,Highly rural,WUI,Circuit miles,exact,25.53,,,SDG&E,2023,3,v3.1,0,4,SDGE_2023_Q4_Tables1-15.xlsx,Table 7,26,O26,https://efiling.energysafety.ca.gov/eFiling/Getfile.aspx?fileid=53475&shareable=true
T7R-e4b17122025fdda3,1070000016,1.d.3.c.i,exact_dimensions_and_unit,1. Overhead circuit miles,Distribution,HFTD Tier 3,Highly rural,WUI,Circuit miles,exact,25.51,,,SDG&E,2023,4,v3.1,0,4,SDGE_2023_Q4_Tables1-15.xlsx,Table 7,26,P26,https://efiling.energysafety.ca.gov/eFiling/Getfile.aspx?fileid=53475&shareable=true
T7R-df0a5f43c1a0bacd,1070000017,1.d.3.c.ii,exact_dimensions_and_unit,1. Overhead circuit miles,Distribution,HFTD Tier 3,Highly rural,Non-WUI,Circuit miles,exact,162.854,,,SDG&E,2023,1,v3.1,0,4,SDGE_2023_Q4_Tables1-15.xlsx,Table 7,27,M27,https://efiling.energysafety.ca.gov/eFiling/Getfile.aspx?fileid=53475&shareable=true
T7R-cfd8d12a93bf6629,1070000017,1.d.3.c.ii,exact_dimensions_and_unit,1. Overhead circuit miles,Distribution,HFTD Tier 3,Highly rural,Non-WUI,Circuit miles,exact,163.11,,,SDG&E,2023,2,v3.1,0,4,SDGE_2023_Q4_Tables1-15.xlsx,Table 7,27,N27,https://efiling.energysafety.ca.gov/eFiling/Getfile.aspx?fileid=53475&shareable=true
T7R-fccf5a4831ac58fc,1070000017,1.d.3.c.ii,exact_dimensions_and_unit,1. Overhead circuit miles,Distribution,HFTD Tier 3,Highly rural,Non-WUI,Circuit miles,exact,163.04,,,SDG&E,2023,3,v3.1,0,4,SDGE_2023_Q4_Tables1-15.xlsx,Table 7,27,O27,https://efiling.energysafety.ca.gov/eFiling/Getfile.aspx?fileid=53475&shareable=true
T7R-7f39292a55caff06,1070000017,1.d.3.c.ii,exact_dimensions_and_unit,1. Overhead circuit miles,Distribution,HFTD Tier 3,Highly rural,Non-WUI,Circuit miles,exact,163.04,,,SDG&E,2023,4,v3.1,0,4,SDGE_2023_Q4_Tables1-15.xlsx,Table 7,27,P27,https://efiling.energysafety.ca.gov/eFiling/Getfile.aspx?fileid=53475&shareable=true
T7R-eaca19fd4bc4589a,1070000018,1.t.0.a.i,exact_dimensions_and_unit,1. Overhead circuit miles,Transmission,Non-HFTD,Urban,WUI,Circuit miles,exact,135.934,,,SDG&E,2023,1,v3.1,0,4,SDGE_2023_Q4_Tables1-15.xlsx,Table 7,28,M28,https://efiling.energysafety.ca.gov/eFiling/Getfile.aspx?fileid=53475&shareable=true
T7R-726ed6080abcb689,1070000018,1.t.0.a.i,exact_dimensions_and_unit,1. Overhead circuit miles,Transmission,Non-HFTD,Urban,WUI,Circuit miles,exact,135.93,,,SDG&E,2023,2,v3.1,0,4,SDGE_2023_Q4_Tables1-15.xlsx,Table 7,28,N28,https://efiling.energysafety.ca.gov/eFiling/Getfile.aspx?fileid=53475&shareable=true
T7R-2eeadd9a6e98a9ea,1070000018,1.t.0.a.i,exact_dimensions_and_unit,1. Overhead circuit miles,Transmission,Non-HFTD,Urban,WUI,Circuit miles,exact,135.93,,,SDG&E,2023,3,v3.1,0,4,SDGE_2023_Q4_Tables1-15.xlsx,Table 7,28,O28,https://efiling.energysafety.ca.gov/eFiling/Getfile.aspx?fileid=53475&shareable=true
T7R-7ebc4ca115267cdd,1070000018,1.t.0.a.i,exact_dimensions_and_unit,1. Overhead circuit miles,Transmission,Non-HFTD,Urban,WUI,Circuit miles,exact,135.9,,,SDG&E,2023,4,v3.1,0,4,SDGE_2023_Q4_Tables1-15.xlsx,Table 7,28,P28,https://efiling.energysafety.ca.gov/eFiling/Getfile.aspx?fileid=53475&shareable=true
T7R-7e4f4d36a4035a3e,1070000019,1.t.0.a.ii,exact_dimensions_and_unit,1. Overhead circuit miles,Transmission,Non-HFTD,Urban,Non-WUI,Circuit miles,exact,288.295,,,SDG&E,2023,1,v3.1,0,4,SDGE_2023_Q4_Tables1-15.xlsx,Table 7,29,M29,https://efiling.energysafety.ca.gov/eFiling/Getfile.aspx?fileid=53475&shareable=true
T7R-dbb05a0e5aa31f7e,1070000019,1.t.0.a.ii,exact_dimensions_and_unit,1. Overhead circuit miles,Transmission,Non-HFTD,Urban,Non-WUI,Circuit miles,exact,288.29,,,SDG&E,2023,2,v3.1,0,4,SDGE_2023_Q4_Tables1-15.xlsx,Table 7,29,N29,https://efiling.energysafety.ca.gov/eFiling/Getfile.aspx?fileid=53475&shareable=true
T7R-b040eb6475e00999,1070000019,1.t.0.a.ii,exact_dimensions_and_unit,1. Overhead circuit miles,Transmission,Non-HFTD,Urban,Non-WUI,Circuit miles,exact,288.28,,,SDG&E,2023,3,v3.1,0,4,SDGE_2023_Q4_Tables1-15.xlsx,Table 7,29,O29,https://efiling.energysafety.ca.gov/eFiling/Getfile.aspx?fileid=53475&shareable=true
T7R-82ae585a5be687a4,1070000019,1.t.0.a.ii,exact_dimensions_and_unit,1. Overhead circuit miles,Transmission,Non-HFTD,Urban,Non-WUI,Circuit miles,exact,288.2,,,SDG&E,2023,4,v3.1,0,4,SDGE_2023_Q4_Tables1-15.xlsx,Table 7,29,P29,https://efiling.energysafety.ca.gov/eFiling/Getfile.aspx?fileid=53475&shareable=true
T7R-4b4f0501eab3c9cb,1070000020,1.t.0.b.i,exact_dimensions_and_unit,1. Overhead circuit miles,Transmission,Non-HFTD,Rural,WUI,Circuit miles,exact,55.435,,,SDG&E,2023,1,v3.1,0,4,SDGE_2023_Q4_Tables1-15.xlsx,Table 7,30,M30,https://efiling.energysafety.ca.gov/eFiling/Getfile.aspx?fileid=53475&shareable=true
T7R-29cb65546bffbfb3,1070000020,1.t.0.b.i,exact_dimensions_and_unit,1. Overhead circuit miles,Transmission,Non-HFTD,Rural,WUI,Circuit miles,exact,55.43,,,SDG&E,2023,2,v3.1,0,4,SDGE_2023_Q4_Tables1-15.xlsx,Table 7,30,N30,https://efiling.energysafety.ca.gov/eFiling/Getfile.aspx?fileid=53475&shareable=true
T7R-9fa7dca922560e77,1070000020,1.t.0.b.i,exact_dimensions_and_unit,1. Overhead circuit miles,Transmission,Non-HFTD,Rural,WUI,Circuit miles,exact,55.48,,,SDG&E,2023,3,v3.1,0,4,SDGE_2023_Q4_Tables1-15.xlsx,Table 7,30,O30,https://efiling.energysafety.ca.gov/eFiling/Getfile.aspx?fileid=53475&shareable=true
T7R-90dba318e16d2051,1070000020,1.t.0.b.i,exact_dimensions_and_unit,1. Overhead circuit miles,Transmission,Non-HFTD,Rural,WUI,Circuit miles,exact,55.48,,,SDG&E,2023,4,v3.1,0,4,SDGE_2023_Q4_Tables1-15.xlsx,Table 7,30,P30,https://efiling.energysafety.ca.gov/eFiling/Getfile.aspx?fileid=53475&shareable=true
T7R-f3b7c231ffb19a34,1070000021,1.t.0.b.ii,exact_dimensions_and_unit,1. Overhead circuit miles,Transmission,Non-HFTD,Rural,Non-WUI,Circuit miles,exact,113.37,,,SDG&E,2023,1,v3.1,0,4,SDGE_2023_Q4_Tables1-15.xlsx,Table 7,31,M31,https://efiling.energysafety.ca.gov/eFiling/Getfile.aspx?fileid=53475&shareable=true
T7R-390c67953fb4ec88,1070000021,1.t.0.b.ii,exact_dimensions_and_unit,1. Overhead circuit miles,Transmission,Non-HFTD,Rural,Non-WUI,Circuit miles,exact,113.37,,,SDG&E,2023,2,v3.1,0,4,SDGE_2023_Q4_Tables1-15.xlsx,Table 7,31,N31,https://efiling.energysafety.ca.gov/eFiling/Getfile.aspx?fileid=53475&shareable=true
T7R-34456318188b56c1,1070000021,1.t.0.b.ii,exact_dimensions_and_unit,1. Overhead circuit miles,Transmission,Non-HFTD,Rural,Non-WUI,Circuit miles,exact,113.37,,,SDG&E,2023,3,v3.1,0,4,SDGE_2023_Q4_Tables1-15.xlsx,Table 7,31,O31,https://efiling.energysafety.ca.gov/eFiling/Getfile.aspx?fileid=53475&shareable=true
T7R-b4c61e893f531845,1070000021,1.t.0.b.ii,exact_dimensions_and_unit,1. Overhead circuit miles,Transmission,Non-HFTD,Rural,Non-WUI,Circuit miles,exact,113.37,,,SDG&E,2023,4,v3.1,0,4,SDGE_2023_Q4_Tables1-15.xlsx,Table 7,31,P31,https://efiling.energysafety.ca.gov/eFiling/Getfile.aspx?fileid=53475&shareable=true
T7R-d061b2eb31145e4d,1070000022,1.t.0.c.i,exact_dimensions_and_unit,1. Overhead circuit miles,Transmission,Non-HFTD,Highly rural,WUI,Circuit miles,exact,0,,,SDG&E,2023,1,v3.1,0,4,SDGE_2023_Q4_Tables1-15.xlsx,Table 7,32,M32,https://efiling.energysafety.ca.gov/eFiling/Getfile.aspx?fileid=53475&shareable=true
T7R-30a9a40c8e58d567,1070000022,1.t.0.c.i,exact_dimensions_and_unit,1. Overhead circuit miles,Transmission,Non-HFTD,Highly rural,WUI,Circuit miles,exact,0,,,SDG&E,2023,2,v3.1,0,4,SDGE_2023_Q4_Tables1-15.xlsx,Table 7,32,N32,https://efiling.energysafety.ca.gov/eFiling/Getfile.aspx?fileid=53475&shareable=true
T7R-a8d52b1a2ee547cc,1070000022,1.t.0.c.i,exact_dimensions_and_unit,1. Overhead circuit miles,Transmission,Non-HFTD,Highly rural,WUI,Circuit miles,exact,0,,,SDG&E,2023,3,v3.1,0,4,SDGE_2023_Q4_Tables1-15.xlsx,Table 7,32,O32,https://efiling.energysafety.ca.gov/eFiling/Getfile.aspx?fileid=53475&shareable=true
T7R-0cbee6e6dbf1a146,1070000022,1.t.0.c.i,exact_dimensions_and_unit,1. Overhead circuit miles,Transmission,Non-HFTD,Highly rural,WUI,Circuit miles,exact,0,,,SDG&E,2023,4,v3.1,0,4,SDGE_2023_Q4_Tables1-15.xlsx,Table 7,32,P32,https://efiling.energysafety.ca.gov/eFiling/Getfile.aspx?fileid=53475&shareable=true
T7R-2f76fe8bcb906b1b,1070000023,1.t.0.c.ii,exact_dimensions_and_unit,1. Overhead circuit miles,Transmission,Non-HFTD,Highly rural,Non-WUI,Circuit miles,exact,22.806,,,SDG&E,2023,1,v3.1,0,4,SDGE_2023_Q4_Tables1-15.xlsx,Table 7,33,M33,https://efiling.energysafety.ca.gov/eFiling/Getfile.aspx?fileid=53475&shareable=true
T7R-2457fd5bf5ceb52c,1070000023,1.t.0.c.ii,exact_dimensions_and_unit,1. Overhead circuit miles,Transmission,Non-HFTD,Highly rural,Non-WUI,Circuit miles,exact,22.81,,,SDG&E,2023,2,v3.1,0,4,SDGE_2023_Q4_Tables1-15.xlsx,Table 7,33,N33,https://efiling.energysafety.ca.gov/eFiling/Getfile.aspx?fileid=53475&shareable=true
T7R-74cbf10706131835,1070000023,1.t.0.c.ii,exact_dimensions_and_unit,1. Overhead circuit miles,Transmission,Non-HFTD,Highly rural,Non-WUI,Circuit miles,exact,22.81,,,SDG&E,2023,3,v3.1,0,4,SDGE_2023_Q4_Tables1-15.xlsx,Table 7,33,O33,https://efiling.energysafety.ca.gov/eFiling/Getfile.aspx?fileid=53475&shareable=true
T7R-be5467b384a98e35,1070000023,1.t.0.c.ii,exact_dimensions_and_unit,1. Overhead circuit miles,Transmission,Non-HFTD,Highly rural,Non-WUI,Circuit miles,exact,22.81,,,SDG&E,2023,4,v3.1,0,4,SDGE_2023_Q4_Tables1-15.xlsx,Table 7,33,P33,https://efiling.energysafety.ca.gov/eFiling/Getfile.aspx?fileid=53475&shareable=true
T7R-46f790858696ac7f,1070000024,1.t.2.a.i,exact_dimensions_and_unit,1. Overhead circuit miles,Transmission,HFTD Tier 2,Urban,WUI,Circuit miles,exact,36.562,,,SDG&E,2023,1,v3.1,0,4,SDGE_2023_Q4_Tables1-15.xlsx,Table 7,34,M34,https://efiling.energysafety.ca.gov/eFiling/Getfile.aspx?fileid=53475&shareable=true
T7R-a39f5dd97788ad29,1070000024,1.t.2.a.i,exact_dimensions_and_unit,1. Overhead circuit miles,Transmission,HFTD Tier 2,Urban,WUI,Circuit miles,exact,36.72,,,SDG&E,2023,2,v3.1,0,4,SDGE_2023_Q4_Tables1-15.xlsx,Table 7,34,N34,https://efiling.energysafety.ca.gov/eFiling/Getfile.aspx?fileid=53475&shareable=true
T7R-cc0ae6dead3e78ca,1070000024,1.t.2.a.i,exact_dimensions_and_unit,1. Overhead circuit miles,Transmission,HFTD Tier 2,Urban,WUI,Circuit miles,exact,36.72,,,SDG&E,2023,3,v3.1,0,4,SDGE_2023_Q4_Tables1-15.xlsx,Table 7,34,O34,https://efiling.energysafety.ca.gov/eFiling/Getfile.aspx?fileid=53475&shareable=true
T7R-0dfbff6b11652291,1070000024,1.t.2.a.i,exact_dimensions_and_unit,1. Overhead circuit miles,Transmission,HFTD Tier 2,Urban,WUI,Circuit miles,exact,36.72,,,SDG&E,2023,4,v3.1,0,4,SDGE_2023_Q4_Tables1-15.xlsx,Table 7,34,P34,https://efiling.energysafety.ca.gov/eFiling/Getfile.aspx?fileid=53475&shareable=true
T7R-829cbe9cc17dfc0a,1070000025,1.t.2.a.ii,exact_dimensions_and_unit,1. Overhead circuit miles,Transmission,HFTD Tier 2,Urban,Non-WUI,Circuit miles,exact,59.499,,,SDG&E,2023,1,v3.1,0,4,SDGE_2023_Q4_Tables1-15.xlsx,Table 7,35,M35,https://efiling.energysafety.ca.gov/eFiling/Getfile.aspx?fileid=53475&shareable=true
T7R-f26842d038def0ac,1070000025,1.t.2.a.ii,exact_dimensions_and_unit,1. Overhead circuit miles,Transmission,HFTD Tier 2,Urban,Non-WUI,Circuit miles,exact,59.5,,,SDG&E,2023,2,v3.1,0,4,SDGE_2023_Q4_Tables1-15.xlsx,Table 7,35,N35,https://efiling.energysafety.ca.gov/eFiling/Getfile.aspx?fileid=53475&shareable=true
T7R-1d61ab4c923c0801,1070000025,1.t.2.a.ii,exact_dimensions_and_unit,1. Overhead circuit miles,Transmission,HFTD Tier 2,Urban,Non-WUI,Circuit miles,exact,59.5,,,SDG&E,2023,3,v3.1,0,4,SDGE_2023_Q4_Tables1-15.xlsx,Table 7,35,O35,https://efiling.energysafety.ca.gov/eFiling/Getfile.aspx?fileid=53475&shareable=true
T7R-6e04cd5b0dd4ac60,1070000025,1.t.2.a.ii,exact_dimensions_and_unit,1. Overhead circuit miles,Transmission,HFTD Tier 2,Urban,Non-WUI,Circuit miles,exact,59.5,,,SDG&E,2023,4,v3.1,0,4,SDGE_2023_Q4_Tables1-15.xlsx,Table 7,35,P35,https://efiling.energysafety.ca.gov/eFiling/Getfile.aspx?fileid=53475&shareable=true
T7R-d549326bc6ea616f,1070000026,1.t.2.b.i,exact_dimensions_and_unit,1. Overhead circuit miles,Transmission,HFTD Tier 2,Rural,WUI,Circuit miles,exact,118.123,,,SDG&E,2023,1,v3.1,0,4,SDGE_2023_Q4_Tables1-15.xlsx,Table 7,36,M36,https://efiling.energysafety.ca.gov/eFiling/Getfile.aspx?fileid=53475&shareable=true
T7R-9bec476fa0c4a6bd,1070000026,1.t.2.b.i,exact_dimensions_and_unit,1. Overhead circuit miles,Transmission,HFTD Tier 2,Rural,WUI,Circuit miles,exact,118,,,SDG&E,2023,2,v3.1,0,4,SDGE_2023_Q4_Tables1-15.xlsx,Table 7,36,N36,https://efiling.energysafety.ca.gov/eFiling/Getfile.aspx?fileid=53475&shareable=true
T7R-ba260b22735c38c1,1070000026,1.t.2.b.i,exact_dimensions_and_unit,1. Overhead circuit miles,Transmission,HFTD Tier 2,Rural,WUI,Circuit miles,exact,115.49,,,SDG&E,2023,3,v3.1,0,4,SDGE_2023_Q4_Tables1-15.xlsx,Table 7,36,O36,https://efiling.energysafety.ca.gov/eFiling/Getfile.aspx?fileid=53475&shareable=true
T7R-ce5063ec302dbb9b,1070000026,1.t.2.b.i,exact_dimensions_and_unit,1. Overhead circuit miles,Transmission,HFTD Tier 2,Rural,WUI,Circuit miles,exact,115.48,,,SDG&E,2023,4,v3.1,0,4,SDGE_2023_Q4_Tables1-15.xlsx,Table 7,36,P36,https://efiling.energysafety.ca.gov/eFiling/Getfile.aspx?fileid=53475&shareable=true
T7R-66e638d4b20b73aa,1070000027,1.t.2.b.ii,exact_dimensions_and_unit,1. Overhead circuit miles,Transmission,HFTD Tier 2,Rural,Non-WUI,Circuit miles,exact,443.817,,,SDG&E,2023,1,v3.1,0,4,SDGE_2023_Q4_Tables1-15.xlsx,Table 7,37,M37,https://efiling.energysafety.ca.gov/eFiling/Getfile.aspx?fileid=53475&shareable=true
T7R-63e4305a94e25330,1070000027,1.t.2.b.ii,exact_dimensions_and_unit,1. Overhead circuit miles,Transmission,HFTD Tier 2,Rural,Non-WUI,Circuit miles,exact,443.86,,,SDG&E,2023,2,v3.1,0,4,SDGE_2023_Q4_Tables1-15.xlsx,Table 7,37,N37,https://efiling.energysafety.ca.gov/eFiling/Getfile.aspx?fileid=53475&shareable=true
T7R-fc1e7ab1484d357e,1070000027,1.t.2.b.ii,exact_dimensions_and_unit,1. Overhead circuit miles,Transmission,HFTD Tier 2,Rural,Non-WUI,Circuit miles,exact,443.14,,,SDG&E,2023,3,v3.1,0,4,SDGE_2023_Q4_Tables1-15.xlsx,Table 7,37,O37,https://efiling.energysafety.ca.gov/eFiling/Getfile.aspx?fileid=53475&shareable=true
T7R-82d35d0fabd92a11,1070000027,1.t.2.b.ii,exact_dimensions_and_unit,1. Overhead circuit miles,Transmission,HFTD Tier 2,Rural,Non-WUI,Circuit miles,exact,443.79,,,SDG&E,2023,4,v3.1,0,4,SDGE_2023_Q4_Tables1-15.xlsx,Table 7,37,P37,https://efiling.energysafety.ca.gov/eFiling/Getfile.aspx?fileid=53475&shareable=true
T7R-ec655f0d6b11ce51,1070000028,1.t.2.c.i,exact_dimensions_and_unit,1. Overhead circuit miles,Transmission,HFTD Tier 2,Highly rural,WUI,Circuit miles,exact,0,,,SDG&E,2023,1,v3.1,0,4,SDGE_2023_Q4_Tables1-15.xlsx,Table 7,38,M38,https://efiling.energysafety.ca.gov/eFiling/Getfile.aspx?fileid=53475&shareable=true
T7R-f5356695df09f27d,1070000028,1.t.2.c.i,exact_dimensions_and_unit,1. Overhead circuit miles,Transmission,HFTD Tier 2,Highly rural,WUI,Circuit miles,exact,0,,,SDG&E,2023,2,v3.1,0,4,SDGE_2023_Q4_Tables1-15.xlsx,Table 7,38,N38,https://efiling.energysafety.ca.gov/eFiling/Getfile.aspx?fileid=53475&shareable=true
T7R-c88c6735ea1ad491,1070000028,1.t.2.c.i,exact_dimensions_and_unit,1. Overhead circuit miles,Transmission,HFTD Tier 2,Highly rural,WUI,Circuit miles,exact,0,,,SDG&E,2023,3,v3.1,0,4,SDGE_2023_Q4_Tables1-15.xlsx,Table 7,38,O38,https://efiling.energysafety.ca.gov/eFiling/Getfile.aspx?fileid=53475&shareable=true
T7R-98ff42c3c03f93c7,1070000028,1.t.2.c.i,exact_dimensions_and_unit,1. Overhead circuit miles,Transmission,HFTD Tier 2,Highly rural,WUI,Circuit miles,exact,0,,,SDG&E,2023,4,v3.1,0,4,SDGE_2023_Q4_Tables1-15.xlsx,Table 7,38,P38,https://efiling.energysafety.ca.gov/eFiling/Getfile.aspx?fileid=53475&shareable=true
T7R-6266355b5310ed17,1070000029,1.t.2.c.ii,exact_dimensions_and_unit,1. Overhead circuit miles,Transmission,HFTD Tier 2,Highly rural,Non-WUI,Circuit miles,exact,23.425,,,SDG&E,2023,1,v3.1,0,4,SDGE_2023_Q4_Tables1-15.xlsx,Table 7,39,M39,https://efiling.energysafety.ca.gov/eFiling/Getfile.aspx?fileid=53475&shareable=true
T7R-c11b6e1cb9ccb710,1070000029,1.t.2.c.ii,exact_dimensions_and_unit,1. Overhead circuit miles,Transmission,HFTD Tier 2,Highly rural,Non-WUI,Circuit miles,exact,23.42,,,SDG&E,2023,2,v3.1,0,4,SDGE_2023_Q4_Tables1-15.xlsx,Table 7,39,N39,https://efiling.energysafety.ca.gov/eFiling/Getfile.aspx?fileid=53475&shareable=true
T7R-ef05014a21741ab5,1070000029,1.t.2.c.ii,exact_dimensions_and_unit,1. Overhead circuit miles,Transmission,HFTD Tier 2,Highly rural,Non-WUI,Circuit miles,exact,23.42,,,SDG&E,2023,3,v3.1,0,4,SDGE_2023_Q4_Tables1-15.xlsx,Table 7,39,O39,https://efiling.energysafety.ca.gov/eFiling/Getfile.aspx?fileid=53475&shareable=true
T7R-ef078ee71e8c6b88,1070000029,1.t.2.c.ii,exact_dimensions_and_unit,1. Overhead circuit miles,Transmission,HFTD Tier 2,Highly rural,Non-WUI,Circuit miles,exact,23.42,,,SDG&E,2023,4,v3.1,0,4,SDGE_2023_Q4_Tables1-15.xlsx,Table 7,39,P39,https://efiling.energysafety.ca.gov/eFiling/Getfile.aspx?fileid=53475&shareable=true
T7R-0dc72648de4cb1db,1070000030,1.t.3.a.i,exact_dimensions_and_unit,1. Overhead circuit miles,Transmission,HFTD Tier 3,Urban,WUI,Circuit miles,exact,0,,,SDG&E,2023,1,v3.1,0,4,SDGE_2023_Q4_Tables1-15.xlsx,Table 7,40,M40,https://efiling.energysafety.ca.gov/eFiling/Getfile.aspx?fileid=53475&shareable=true
T7R-a7a05f75e922ef9f,1070000030,1.t.3.a.i,exact_dimensions_and_unit,1. Overhead circuit miles,Transmission,HFTD Tier 3,Urban,WUI,Circuit miles,exact,0,,,SDG&E,2023,2,v3.1,0,4,SDGE_2023_Q4_Tables1-15.xlsx,Table 7,40,N40,https://efiling.energysafety.ca.gov/eFiling/Getfile.aspx?fileid=53475&shareable=true
T7R-5088883adc538fa9,1070000030,1.t.3.a.i,exact_dimensions_and_unit,1. Overhead circuit miles,Transmission,HFTD Tier 3,Urban,WUI,Circuit miles,exact,0,,,SDG&E,2023,3,v3.1,0,4,SDGE_2023_Q4_Tables1-15.xlsx,Table 7,40,O40,https://efiling.energysafety.ca.gov/eFiling/Getfile.aspx?fileid=53475&shareable=true
T7R-d750fcde9885c479,1070000030,1.t.3.a.i,exact_dimensions_and_unit,1. Overhead circuit miles,Transmission,HFTD Tier 3,Urban,WUI,Circuit miles,exact,0,,,SDG&E,2023,4,v3.1,0,4,SDGE_2023_Q4_Tables1-15.xlsx,Table 7,40,P40,https://efiling.energysafety.ca.gov/eFiling/Getfile.aspx?fileid=53475&shareable=true
T7R-8e9990b5d44f1c42,1070000031,1.t.3.a.ii,exact_dimensions_and_unit,1. Overhead circuit miles,Transmission,HFTD Tier 3,Urban,Non-WUI,Circuit miles,exact,0,,,SDG&E,2023,1,v3.1,0,4,SDGE_2023_Q4_Tables1-15.xlsx,Table 7,41,M41,https://efiling.energysafety.ca.gov/eFiling/Getfile.aspx?fileid=53475&shareable=true
T7R-938dc8f5113931ea,1070000031,1.t.3.a.ii,exact_dimensions_and_unit,1. Overhead circuit miles,Transmission,HFTD Tier 3,Urban,Non-WUI,Circuit miles,exact,0,,,SDG&E,2023,2,v3.1,0,4,SDGE_2023_Q4_Tables1-15.xlsx,Table 7,41,N41,https://efiling.energysafety.ca.gov/eFiling/Getfile.aspx?fileid=53475&shareable=true
T7R-7ec66b29cfb016ff,1070000031,1.t.3.a.ii,exact_dimensions_and_unit,1. Overhead circuit miles,Transmission,HFTD Tier 3,Urban,Non-WUI,Circuit miles,exact,0,,,SDG&E,2023,3,v3.1,0,4,SDGE_2023_Q4_Tables1-15.xlsx,Table 7,41,O41,https://efiling.energysafety.ca.gov/eFiling/Getfile.aspx?fileid=53475&shareable=true
T7R-35436447737a4e9f,1070000031,1.t.3.a.ii,exact_dimensions_and_unit,1. Overhead circuit miles,Transmission,HFTD Tier 3,Urban,Non-WUI,Circuit miles,exact,0,,,SDG&E,2023,4,v3.1,0,4,SDGE_2023_Q4_Tables1-15.xlsx,Table 7,41,P41,https://efiling.energysafety.ca.gov/eFiling/Getfile.aspx?fileid=53475&shareable=true
T7R-2ec7f9342155d9d0,1070000032,1.t.3.b.i,exact_dimensions_and_unit,1. Overhead circuit miles,Transmission,HFTD Tier 3,Rural,WUI,Circuit miles,exact,22.026,,,SDG&E,2023,1,v3.1,0,4,SDGE_2023_Q4_Tables1-15.xlsx,Table 7,42,M42,https://efiling.energysafety.ca.gov/eFiling/Getfile.aspx?fileid=53475&shareable=true
T7R-2caa30d281cf716a,1070000032,1.t.3.b.i,exact_dimensions_and_unit,1. Overhead circuit miles,Transmission,HFTD Tier 3,Rural,WUI,Circuit miles,exact,22.02,,,SDG&E,2023,2,v3.1,0,4,SDGE_2023_Q4_Tables1-15.xlsx,Table 7,42,N42,https://efiling.energysafety.ca.gov/eFiling/Getfile.aspx?fileid=53475&shareable=true
T7R-eac3c29d22178760,1070000032,1.t.3.b.i,exact_dimensions_and_unit,1. Overhead circuit miles,Transmission,HFTD Tier 3,Rural,WUI,Circuit miles,exact,21.44,,,SDG&E,2023,3,v3.1,0,4,SDGE_2023_Q4_Tables1-15.xlsx,Table 7,42,O42,https://efiling.energysafety.ca.gov/eFiling/Getfile.aspx?fileid=53475&shareable=true
T7R-c5b1a05700f01ff5,1070000032,1.t.3.b.i,exact_dimensions_and_unit,1. Overhead circuit miles,Transmission,HFTD Tier 3,Rural,WUI,Circuit miles,exact,21.44,,,SDG&E,2023,4,v3.1,0,4,SDGE_2023_Q4_Tables1-15.xlsx,Table 7,42,P42,https://efiling.energysafety.ca.gov/eFiling/Getfile.aspx?fileid=53475&shareable=true
T7R-46202abe94a40cd3,1070000033,1.t.3.b.ii,exact_dimensions_and_unit,1. Overhead circuit miles,Transmission,HFTD Tier 3,Rural,Non-WUI,Circuit miles,exact,229.495,,,SDG&E,2023,1,v3.1,0,4,SDGE_2023_Q4_Tables1-15.xlsx,Table 7,43,M43,https://efiling.energysafety.ca.gov/eFiling/Getfile.aspx?fileid=53475&shareable=true
T7R-48f854046bc079b5,1070000033,1.t.3.b.ii,exact_dimensions_and_unit,1. Overhead circuit miles,Transmission,HFTD Tier 3,Rural,Non-WUI,Circuit miles,exact,229.49,,,SDG&E,2023,2,v3.1,0,4,SDGE_2023_Q4_Tables1-15.xlsx,Table 7,43,N43,https://efiling.energysafety.ca.gov/eFiling/Getfile.aspx?fileid=53475&shareable=true
T7R-c9987726f02d3277,1070000033,1.t.3.b.ii,exact_dimensions_and_unit,1. Overhead circuit miles,Transmission,HFTD Tier 3,Rural,Non-WUI,Circuit miles,exact,226.23,,,SDG&E,2023,3,v3.1,0,4,SDGE_2023_Q4_Tables1-15.xlsx,Table 7,43,O43,https://efiling.energysafety.ca.gov/eFiling/Getfile.aspx?fileid=53475&shareable=true
T7R-b315a2a3eb310090,1070000033,1.t.3.b.ii,exact_dimensions_and_unit,1. Overhead circuit miles,Transmission,HFTD Tier 3,Rural,Non-WUI,Circuit miles,exact,226.24,,,SDG&E,2023,4,v3.1,0,4,SDGE_2023_Q4_Tables1-15.xlsx,Table 7,43,P43,https://efiling.energysafety.ca.gov/eFiling/Getfile.aspx?fileid=53475&shareable=true
T7R-dc87e89cb801cc5f,1070000034,1.t.3.c.i,exact_dimensions_and_unit,1. Overhead circuit miles,Transmission,HFTD Tier 3,Highly rural,WUI,Circuit miles,exact,2.817,,,SDG&E,2023,1,v3.1,0,4,SDGE_2023_Q4_Tables1-15.xlsx,Table 7,44,M44,https://efiling.energysafety.ca.gov/eFiling/Getfile.aspx?fileid=53475&shareable=true
T7R-682820efd6cc8c2e,1070000034,1.t.3.c.i,exact_dimensions_and_unit,1. Overhead circuit miles,Transmission,HFTD Tier 3,Highly rural,WUI,Circuit miles,exact,2.82,,,SDG&E,2023,2,v3.1,0,4,SDGE_2023_Q4_Tables1-15.xlsx,Table 7,44,N44,https://efiling.energysafety.ca.gov/eFiling/Getfile.aspx?fileid=53475&shareable=true
T7R-e5d162f50c094cfa,1070000034,1.t.3.c.i,exact_dimensions_and_unit,1. Overhead circuit miles,Transmission,HFTD Tier 3,Highly rural,WUI,Circuit miles,exact,2.82,,,SDG&E,2023,3,v3.1,0,4,SDGE_2023_Q4_Tables1-15.xlsx,Table 7,44,O44,https://efiling.energysafety.ca.gov/eFiling/Getfile.aspx?fileid=53475&shareable=true
T7R-964c93eb395e3a29,1070000034,1.t.3.c.i,exact_dimensions_and_unit,1. Overhead circuit miles,Transmission,HFTD Tier 3,Highly rural,WUI,Circuit miles,exact,2.82,,,SDG&E,2023,4,v3.1,0,4,SDGE_2023_Q4_Tables1-15.xlsx,Table 7,44,P44,https://efiling.energysafety.ca.gov/eFiling/Getfile.aspx?fileid=53475&shareable=true
T7R-b1f96731b13d5281,1070000035,1.t.3.c.ii,exact_dimensions_and_unit,1. Overhead circuit miles,Transmission,HFTD Tier 3,Highly rural,Non-WUI,Circuit miles,exact,15.685,,,SDG&E,2023,1,v3.1,0,4,SDGE_2023_Q4_Tables1-15.xlsx,Table 7,45,M45,https://efiling.energysafety.ca.gov/eFiling/Getfile.aspx?fileid=53475&shareable=true
T7R-e7ad569c8c6af12a,1070000035,1.t.3.c.ii,exact_dimensions_and_unit,1. Overhead circuit miles,Transmission,HFTD Tier 3,Highly rural,Non-WUI,Circuit miles,exact,15.68,,,SDG&E,2023,2,v3.1,0,4,SDGE_2023_Q4_Tables1-15.xlsx,Table 7,45,N45,https://efiling.energysafety.ca.gov/eFiling/Getfile.aspx?fileid=53475&shareable=true
T7R-b17c792c930554dd,1070000035,1.t.3.c.ii,exact_dimensions_and_unit,1. Overhead circuit miles,Transmission,HFTD Tier 3,Highly rural,Non-WUI,Circuit miles,exact,15.68,,,SDG&E,2023,3,v3.1,0,4,SDGE_2023_Q4_Tables1-15.xlsx,Table 7,45,O45,https://efiling.energysafety.ca.gov/eFiling/Getfile.aspx?fileid=53475&shareable=true
T7R-767937c708ae729b,1070000035,1.t.3.c.ii,exact_dimensions_and_unit,1. Overhead circuit miles,Transmission,HFTD Tier 3,Highly rural,Non-WUI,Circuit miles,exact,15.68,,,SDG&E,2023,4,v3.1,0,4,SDGE_2023_Q4_Tables1-15.xlsx,Table 7,45,P45,https://efiling.energysafety.ca.gov/eFiling/Getfile.aspx?fileid=53475&shareable=true
T7R-31dd242e9e9762a5,1070000036,2.d.0.a.i,exact_dimensions_and_unit,2. Underground circuit miles,Distribution,Non-HFTD,Urban,WUI,Circuit miles,exact,1914.255,,,SDG&E,2023,1,v3.1,0,4,SDGE_2023_Q4_Tables1-15.xlsx,Table 7,46,M46,https://efiling.energysafety.ca.gov/eFiling/Getfile.aspx?fileid=53475&shareable=true
T7R-6b14c82b45d341b8,1070000036,2.d.0.a.i,exact_dimensions_and_unit,2. Underground circuit miles,Distribution,Non-HFTD,Urban,WUI,Circuit miles,exact,1916.08,,,SDG&E,2023,2,v3.1,0,4,SDGE_2023_Q4_Tables1-15.xlsx,Table 7,46,N46,https://efiling.energysafety.ca.gov/eFiling/Getfile.aspx?fileid=53475&shareable=true
T7R-0d0dc904591a6687,1070000036,2.d.0.a.i,exact_dimensions_and_unit,2. Underground circuit miles,Distribution,Non-HFTD,Urban,WUI,Circuit miles,exact,1919.06,,,SDG&E,2023,3,v3.1,0,4,SDGE_2023_Q4_Tables1-15.xlsx,Table 7,46,O46,https://efiling.energysafety.ca.gov/eFiling/Getfile.aspx?fileid=53475&shareable=true
T7R-ac9415d45360be61,1070000036,2.d.0.a.i,exact_dimensions_and_unit,2. Underground circuit miles,Distribution,Non-HFTD,Urban,WUI,Circuit miles,exact,1921.96,,,SDG&E,2023,4,v3.1,0,4,SDGE_2023_Q4_Tables1-15.xlsx,Table 7,46,P46,https://efiling.energysafety.ca.gov/eFiling/Getfile.aspx?fileid=53475&shareable=true
T7R-bc45bfcff14cd0e4,1070000037,2.d.0.a.ii,exact_dimensions_and_unit,2. Underground circuit miles,Distribution,Non-HFTD,Urban,Non-WUI,Circuit miles,exact,4884.161,,,SDG&E,2023,1,v3.1,0,4,SDGE_2023_Q4_Tables1-15.xlsx,Table 7,47,M47,https://efiling.energysafety.ca.gov/eFiling/Getfile.aspx?fileid=53475&shareable=true
T7R-1cda7244be8abf6f,1070000037,2.d.0.a.ii,exact_dimensions_and_unit,2. Underground circuit miles,Distribution,Non-HFTD,Urban,Non-WUI,Circuit miles,exact,4889.56,,,SDG&E,2023,2,v3.1,0,4,SDGE_2023_Q4_Tables1-15.xlsx,Table 7,47,N47,https://efiling.energysafety.ca.gov/eFiling/Getfile.aspx?fileid=53475&shareable=true
T7R-7002d355415e16c1,1070000037,2.d.0.a.ii,exact_dimensions_and_unit,2. Underground circuit miles,Distribution,Non-HFTD,Urban,Non-WUI,Circuit miles,exact,4897.9,,,SDG&E,2023,3,v3.1,0,4,SDGE_2023_Q4_Tables1-15.xlsx,Table 7,47,O47,https://efiling.energysafety.ca.gov/eFiling/Getfile.aspx?fileid=53475&shareable=true
T7R-dbf31c65a3f16b84,1070000037,2.d.0.a.ii,exact_dimensions_and_unit,2. Underground circuit miles,Distribution,Non-HFTD,Urban,Non-WUI,Circuit miles,exact,4903.42,,,SDG&E,2023,4,v3.1,0,4,SDGE_2023_Q4_Tables1-15.xlsx,Table 7,47,P47,https://efiling.energysafety.ca.gov/eFiling/Getfile.aspx?fileid=53475&shareable=true
T7R-9e179cb319abb763,1070000038,2.d.0.b.i,exact_dimensions_and_unit,2. Underground circuit miles,Distribution,Non-HFTD,Rural,WUI,Circuit miles,exact,595.531,,,SDG&E,2023,1,v3.1,0,4,SDGE_2023_Q4_Tables1-15.xlsx,Table 7,48,M48,https://efiling.energysafety.ca.gov/eFiling/Getfile.aspx?fileid=53475&shareable=true
T7R-059cd3144bc86b26,1070000038,2.d.0.b.i,exact_dimensions_and_unit,2. Underground circuit miles,Distribution,Non-HFTD,Rural,WUI,Circuit miles,exact,595.87,,,SDG&E,2023,2,v3.1,0,4,SDGE_2023_Q4_Tables1-15.xlsx,Table 7,48,N48,https://efiling.energysafety.ca.gov/eFiling/Getfile.aspx?fileid=53475&shareable=true
T7R-106bfb03074b437f,1070000038,2.d.0.b.i,exact_dimensions_and_unit,2. Underground circuit miles,Distribution,Non-HFTD,Rural,WUI,Circuit miles,exact,597.12,,,SDG&E,2023,3,v3.1,0,4,SDGE_2023_Q4_Tables1-15.xlsx,Table 7,48,O48,https://efiling.energysafety.ca.gov/eFiling/Getfile.aspx?fileid=53475&shareable=true
T7R-9449bab1db1af293,1070000038,2.d.0.b.i,exact_dimensions_and_unit,2. Underground circuit miles,Distribution,Non-HFTD,Rural,WUI,Circuit miles,exact,597.66,,,SDG&E,2023,4,v3.1,0,4,SDGE_2023_Q4_Tables1-15.xlsx,Table 7,48,P48,https://efiling.energysafety.ca.gov/eFiling/Getfile.aspx?fileid=53475&shareable=true
T7R-292f5cfd2c2aeea0,1070000039,2.d.0.b.ii,exact_dimensions_and_unit,2. Underground circuit miles,Distribution,Non-HFTD,Rural,Non-WUI,Circuit miles,exact,875.968,,,SDG&E,2023,1,v3.1,0,4,SDGE_2023_Q4_Tables1-15.xlsx,Table 7,49,M49,https://efiling.energysafety.ca.gov/eFiling/Getfile.aspx?fileid=53475&shareable=true
T7R-051746245cefa768,1070000039,2.d.0.b.ii,exact_dimensions_and_unit,2. Underground circuit miles,Distribution,Non-HFTD,Rural,Non-WUI,Circuit miles,exact,878.61,,,SDG&E,2023,2,v3.1,0,4,SDGE_2023_Q4_Tables1-15.xlsx,Table 7,49,N49,https://efiling.energysafety.ca.gov/eFiling/Getfile.aspx?fileid=53475&shareable=true
T7R-9cea05b6ec5f2e7b,1070000039,2.d.0.b.ii,exact_dimensions_and_unit,2. Underground circuit miles,Distribution,Non-HFTD,Rural,Non-WUI,Circuit miles,exact,879.8,,,SDG&E,2023,3,v3.1,0,4,SDGE_2023_Q4_Tables1-15.xlsx,Table 7,49,O49,https://efiling.energysafety.ca.gov/eFiling/Getfile.aspx?fileid=53475&shareable=true
T7R-047c9ac5b19a75f5,1070000039,2.d.0.b.ii,exact_dimensions_and_unit,2. Underground circuit miles,Distribution,Non-HFTD,Rural,Non-WUI,Circuit miles,exact,881.38,,,SDG&E,2023,4,v3.1,0,4,SDGE_2023_Q4_Tables1-15.xlsx,Table 7,49,P49,https://efiling.energysafety.ca.gov/eFiling/Getfile.aspx?fileid=53475&shareable=true
T7R-1780a75f0fae891a,1070000040,2.d.0.c.i,exact_dimensions_and_unit,2. Underground circuit miles,Distribution,Non-HFTD,Highly rural,WUI,Circuit miles,exact,17.768,,,SDG&E,2023,1,v3.1,0,4,SDGE_2023_Q4_Tables1-15.xlsx,Table 7,50,M50,https://efiling.energysafety.ca.gov/eFiling/Getfile.aspx?fileid=53475&shareable=true
T7R-4c050764548f228d,1070000040,2.d.0.c.i,exact_dimensions_and_unit,2. Underground circuit miles,Distribution,Non-HFTD,Highly rural,WUI,Circuit miles,exact,17.77,,,SDG&E,2023,2,v3.1,0,4,SDGE_2023_Q4_Tables1-15.xlsx,Table 7,50,N50,https://efiling.energysafety.ca.gov/eFiling/Getfile.aspx?fileid=53475&shareable=true
T7R-6d4805804da217ce,1070000040,2.d.0.c.i,exact_dimensions_and_unit,2. Underground circuit miles,Distribution,Non-HFTD,Highly rural,WUI,Circuit miles,exact,17.77,,,SDG&E,2023,3,v3.1,0,4,SDGE_2023_Q4_Tables1-15.xlsx,Table 7,50,O50,https://efiling.energysafety.ca.gov/eFiling/Getfile.aspx?fileid=53475&shareable=true
T7R-a0f350e3a5c51552,1070000040,2.d.0.c.i,exact_dimensions_and_unit,2. Underground circuit miles,Distribution,Non-HFTD,Highly rural,WUI,Circuit miles,exact,17.77,,,SDG&E,2023,4,v3.1,0,4,SDGE_2023_Q4_Tables1-15.xlsx,Table 7,50,P50,https://efiling.energysafety.ca.gov/eFiling/Getfile.aspx?fileid=53475&shareable=true
T7R-2d0644b9b46de9fc,1070000041,2.d.0.c.ii,exact_dimensions_and_unit,2. Underground circuit miles,Distribution,Non-HFTD,Highly rural,Non-WUI,Circuit miles,exact,57.612,,,SDG&E,2023,1,v3.1,0,4,SDGE_2023_Q4_Tables1-15.xlsx,Table 7,51,M51,https://efiling.energysafety.ca.gov/eFiling/Getfile.aspx?fileid=53475&shareable=true
T7R-5747a6cc611a1141,1070000041,2.d.0.c.ii,exact_dimensions_and_unit,2. Underground circuit miles,Distribution,Non-HFTD,Highly rural,Non-WUI,Circuit miles,exact,57.61,,,SDG&E,2023,2,v3.1,0,4,SDGE_2023_Q4_Tables1-15.xlsx,Table 7,51,N51,https://efiling.energysafety.ca.gov/eFiling/Getfile.aspx?fileid=53475&shareable=true
T7R-183558e2b57e4484,1070000041,2.d.0.c.ii,exact_dimensions_and_unit,2. Underground circuit miles,Distribution,Non-HFTD,Highly rural,Non-WUI,Circuit miles,exact,57.8,,,SDG&E,2023,3,v3.1,0,4,SDGE_2023_Q4_Tables1-15.xlsx,Table 7,51,O51,https://efiling.energysafety.ca.gov/eFiling/Getfile.aspx?fileid=53475&shareable=true
T7R-28a307ae99a75ce2,1070000041,2.d.0.c.ii,exact_dimensions_and_unit,2. Underground circuit miles,Distribution,Non-HFTD,Highly rural,Non-WUI,Circuit miles,exact,58.11,,,SDG&E,2023,4,v3.1,0,4,SDGE_2023_Q4_Tables1-15.xlsx,Table 7,51,P51,https://efiling.energysafety.ca.gov/eFiling/Getfile.aspx?fileid=53475&shareable=true
T7R-743423667673ae1d,1070000042,2.d.2.a.i,exact_dimensions_and_unit,2. Underground circuit miles,Distribution,HFTD Tier 2,Urban,WUI,Circuit miles,exact,772.247,,,SDG&E,2023,1,v3.1,0,4,SDGE_2023_Q4_Tables1-15.xlsx,Table 7,52,M52,https://efiling.energysafety.ca.gov/eFiling/Getfile.aspx?fileid=53475&shareable=true
T7R-7194390f1290cc37,1070000042,2.d.2.a.i,exact_dimensions_and_unit,2. Underground circuit miles,Distribution,HFTD Tier 2,Urban,WUI,Circuit miles,exact,772.13,,,SDG&E,2023,2,v3.1,0,4,SDGE_2023_Q4_Tables1-15.xlsx,Table 7,52,N52,https://efiling.energysafety.ca.gov/eFiling/Getfile.aspx?fileid=53475&shareable=true
T7R-902d0713bcb96657,1070000042,2.d.2.a.i,exact_dimensions_and_unit,2. Underground circuit miles,Distribution,HFTD Tier 2,Urban,WUI,Circuit miles,exact,772.28,,,SDG&E,2023,3,v3.1,0,4,SDGE_2023_Q4_Tables1-15.xlsx,Table 7,52,O52,https://efiling.energysafety.ca.gov/eFiling/Getfile.aspx?fileid=53475&shareable=true
T7R-99f64889fb431c49,1070000042,2.d.2.a.i,exact_dimensions_and_unit,2. Underground circuit miles,Distribution,HFTD Tier 2,Urban,WUI,Circuit miles,exact,772.5,,,SDG&E,2023,4,v3.1,0,4,SDGE_2023_Q4_Tables1-15.xlsx,Table 7,52,P52,https://efiling.energysafety.ca.gov/eFiling/Getfile.aspx?fileid=53475&shareable=true
T7R-9366f98825aacf7f,1070000043,2.d.2.a.ii,exact_dimensions_and_unit,2. Underground circuit miles,Distribution,HFTD Tier 2,Urban,Non-WUI,Circuit miles,exact,153.198,,,SDG&E,2023,1,v3.1,0,4,SDGE_2023_Q4_Tables1-15.xlsx,Table 7,53,M53,https://efiling.energysafety.ca.gov/eFiling/Getfile.aspx?fileid=53475&shareable=true
T7R-4d2ca5ed1ca67d5c,1070000043,2.d.2.a.ii,exact_dimensions_and_unit,2. Underground circuit miles,Distribution,HFTD Tier 2,Urban,Non-WUI,Circuit miles,exact,153.52,,,SDG&E,2023,2,v3.1,0,4,SDGE_2023_Q4_Tables1-15.xlsx,Table 7,53,N53,https://efiling.energysafety.ca.gov/eFiling/Getfile.aspx?fileid=53475&shareable=true
T7R-fe3d64f87899cbeb,1070000043,2.d.2.a.ii,exact_dimensions_and_unit,2. Underground circuit miles,Distribution,HFTD Tier 2,Urban,Non-WUI,Circuit miles,exact,155.5,,,SDG&E,2023,3,v3.1,0,4,SDGE_2023_Q4_Tables1-15.xlsx,Table 7,53,O53,https://efiling.energysafety.ca.gov/eFiling/Getfile.aspx?fileid=53475&shareable=true
T7R-1632a2db5e91fc08,1070000043,2.d.2.a.ii,exact_dimensions_and_unit,2. Underground circuit miles,Distribution,HFTD Tier 2,Urban,Non-WUI,Circuit miles,exact,156.77,,,SDG&E,2023,4,v3.1,0,4,SDGE_2023_Q4_Tables1-15.xlsx,Table 7,53,P53,https://efiling.energysafety.ca.gov/eFiling/Getfile.aspx?fileid=53475&shareable=true
T7R-c9ac2eb6c911f6be,1070000044,2.d.2.b.i,exact_dimensions_and_unit,2. Underground circuit miles,Distribution,HFTD Tier 2,Rural,WUI,Circuit miles,exact,997.748,,,SDG&E,2023,1,v3.1,0,4,SDGE_2023_Q4_Tables1-15.xlsx,Table 7,54,M54,https://efiling.energysafety.ca.gov/eFiling/Getfile.aspx?fileid=53475&shareable=true
T7R-ec4f8e2b95cb81b3,1070000044,2.d.2.b.i,exact_dimensions_and_unit,2. Underground circuit miles,Distribution,HFTD Tier 2,Rural,WUI,Circuit miles,exact,1006.41,,,SDG&E,2023,2,v3.1,0,4,SDGE_2023_Q4_Tables1-15.xlsx,Table 7,54,N54,https://efiling.energysafety.ca.gov/eFiling/Getfile.aspx?fileid=53475&shareable=true
T7R-2a137cc67fa6fe51,1070000044,2.d.2.b.i,exact_dimensions_and_unit,2. Underground circuit miles,Distribution,HFTD Tier 2,Rural,WUI,Circuit miles,exact,1008,,,SDG&E,2023,3,v3.1,0,4,SDGE_2023_Q4_Tables1-15.xlsx,Table 7,54,O54,https://efiling.energysafety.ca.gov/eFiling/Getfile.aspx?fileid=53475&shareable=true
T7R-5b3ff1b02c64fe49,1070000044,2.d.2.b.i,exact_dimensions_and_unit,2. Underground circuit miles,Distribution,HFTD Tier 2,Rural,WUI,Circuit miles,exact,1010.69,,,SDG&E,2023,4,v3.1,0,4,SDGE_2023_Q4_Tables1-15.xlsx,Table 7,54,P54,https://efiling.energysafety.ca.gov/eFiling/Getfile.aspx?fileid=53475&shareable=true
T7R-8eea4c8d5144e8b6,1070000045,2.d.2.b.ii,exact_dimensions_and_unit,2. Underground circuit miles,Distribution,HFTD Tier 2,Rural,Non-WUI,Circuit miles,exact,345.414,,,SDG&E,2023,1,v3.1,0,4,SDGE_2023_Q4_Tables1-15.xlsx,Table 7,55,M55,https://efiling.energysafety.ca.gov/eFiling/Getfile.aspx?fileid=53475&shareable=true
T7R-103c589ee9578ccd,1070000045,2.d.2.b.ii,exact_dimensions_and_unit,2. Underground circuit miles,Distribution,HFTD Tier 2,Rural,Non-WUI,Circuit miles,exact,348.07,,,SDG&E,2023,2,v3.1,0,4,SDGE_2023_Q4_Tables1-15.xlsx,Table 7,55,N55,https://efiling.energysafety.ca.gov/eFiling/Getfile.aspx?fileid=53475&shareable=true
T7R-ee00facbe15908bb,1070000045,2.d.2.b.ii,exact_dimensions_and_unit,2. Underground circuit miles,Distribution,HFTD Tier 2,Rural,Non-WUI,Circuit miles,exact,351.59,,,SDG&E,2023,3,v3.1,0,4,SDGE_2023_Q4_Tables1-15.xlsx,Table 7,55,O55,https://efiling.energysafety.ca.gov/eFiling/Getfile.aspx?fileid=53475&shareable=true
T7R-bfaaeec21adae49b,1070000045,2.d.2.b.ii,exact_dimensions_and_unit,2. Underground circuit miles,Distribution,HFTD Tier 2,Rural,Non-WUI,Circuit miles,exact,357.69,,,SDG&E,2023,4,v3.1,0,4,SDGE_2023_Q4_Tables1-15.xlsx,Table 7,55,P55,https://efiling.energysafety.ca.gov/eFiling/Getfile.aspx?fileid=53475&shareable=true
T7R-9cda490d24876b0b,1070000046,2.d.2.c.i,exact_dimensions_and_unit,2. Underground circuit miles,Distribution,HFTD Tier 2,Highly rural,WUI,Circuit miles,exact,1.571,,,SDG&E,2023,1,v3.1,0,4,SDGE_2023_Q4_Tables1-15.xlsx,Table 7,56,M56,https://efiling.energysafety.ca.gov/eFiling/Getfile.aspx?fileid=53475&shareable=true
T7R-772c0228255c020a,1070000046,2.d.2.c.i,exact_dimensions_and_unit,2. Underground circuit miles,Distribution,HFTD Tier 2,Highly rural,WUI,Circuit miles,exact,1.57,,,SDG&E,2023,2,v3.1,0,4,SDGE_2023_Q4_Tables1-15.xlsx,Table 7,56,N56,https://efiling.energysafety.ca.gov/eFiling/Getfile.aspx?fileid=53475&shareable=true
T7R-c3368077da4ba7b4,1070000046,2.d.2.c.i,exact_dimensions_and_unit,2. Underground circuit miles,Distribution,HFTD Tier 2,Highly rural,WUI,Circuit miles,exact,1.57,,,SDG&E,2023,3,v3.1,0,4,SDGE_2023_Q4_Tables1-15.xlsx,Table 7,56,O56,https://efiling.energysafety.ca.gov/eFiling/Getfile.aspx?fileid=53475&shareable=true
T7R-c1e55d6b007638dd,1070000046,2.d.2.c.i,exact_dimensions_and_unit,2. Underground circuit miles,Distribution,HFTD Tier 2,Highly rural,WUI,Circuit miles,exact,1.57,,,SDG&E,2023,4,v3.1,0,4,SDGE_2023_Q4_Tables1-15.xlsx,Table 7,56,P56,https://efiling.energysafety.ca.gov/eFiling/Getfile.aspx?fileid=53475&shareable=true
T7R-a73aa7934ad8e3dd,1070000047,2.d.2.c.ii,exact_dimensions_and_unit,2. Underground circuit miles,Distribution,HFTD Tier 2,Highly rural,Non-WUI,Circuit miles,exact,9.033,,,SDG&E,2023,1,v3.1,0,4,SDGE_2023_Q4_Tables1-15.xlsx,Table 7,57,M57,https://efiling.energysafety.ca.gov/eFiling/Getfile.aspx?fileid=53475&shareable=true
T7R-235c19614ffa37f7,1070000047,2.d.2.c.ii,exact_dimensions_and_unit,2. Underground circuit miles,Distribution,HFTD Tier 2,Highly rural,Non-WUI,Circuit miles,exact,9.03,,,SDG&E,2023,2,v3.1,0,4,SDGE_2023_Q4_Tables1-15.xlsx,Table 7,57,N57,https://efiling.energysafety.ca.gov/eFiling/Getfile.aspx?fileid=53475&shareable=true
T7R-ba6d50bd4a168f2d,1070000047,2.d.2.c.ii,exact_dimensions_and_unit,2. Underground circuit miles,Distribution,HFTD Tier 2,Highly rural,Non-WUI,Circuit miles,exact,9.03,,,SDG&E,2023,3,v3.1,0,4,SDGE_2023_Q4_Tables1-15.xlsx,Table 7,57,O57,https://efiling.energysafety.ca.gov/eFiling/Getfile.aspx?fileid=53475&shareable=true
T7R-b26b3b7c3eecf28a,1070000047,2.d.2.c.ii,exact_dimensions_and_unit,2. Underground circuit miles,Distribution,HFTD Tier 2,Highly rural,Non-WUI,Circuit miles,exact,9.03,,,SDG&E,2023,4,v3.1,0,4,SDGE_2023_Q4_Tables1-15.xlsx,Table 7,57,P57,https://efiling.energysafety.ca.gov/eFiling/Getfile.aspx?fileid=53475&shareable=true
T7R-bec3735a3d572d08,1070000048,2.d.3.a.i,exact_dimensions_and_unit,2. Underground circuit miles,Distribution,HFTD Tier 3,Urban,WUI,Circuit miles,exact,0.617,,,SDG&E,2023,1,v3.1,0,4,SDGE_2023_Q4_Tables1-15.xlsx,Table 7,58,M58,https://efiling.energysafety.ca.gov/eFiling/Getfile.aspx?fileid=53475&shareable=true
T7R-35b912668438d9c6,1070000048,2.d.3.a.i,exact_dimensions_and_unit,2. Underground circuit miles,Distribution,HFTD Tier 3,Urban,WUI,Circuit miles,exact,0.62,,,SDG&E,2023,2,v3.1,0,4,SDGE_2023_Q4_Tables1-15.xlsx,Table 7,58,N58,https://efiling.energysafety.ca.gov/eFiling/Getfile.aspx?fileid=53475&shareable=true
T7R-e417007d661da567,1070000048,2.d.3.a.i,exact_dimensions_and_unit,2. Underground circuit miles,Distribution,HFTD Tier 3,Urban,WUI,Circuit miles,exact,0.62,,,SDG&E,2023,3,v3.1,0,4,SDGE_2023_Q4_Tables1-15.xlsx,Table 7,58,O58,https://efiling.energysafety.ca.gov/eFiling/Getfile.aspx?fileid=53475&shareable=true
T7R-9fe2ad64cf683ec7,1070000048,2.d.3.a.i,exact_dimensions_and_unit,2. Underground circuit miles,Distribution,HFTD Tier 3,Urban,WUI,Circuit miles,exact,0.99,,,SDG&E,2023,4,v3.1,0,4,SDGE_2023_Q4_Tables1-15.xlsx,Table 7,58,P58,https://efiling.energysafety.ca.gov/eFiling/Getfile.aspx?fileid=53475&shareable=true
T7R-5bd3c0e6a9ffee22,1070000049,2.d.3.a.ii,exact_dimensions_and_unit,2. Underground circuit miles,Distribution,HFTD Tier 3,Urban,Non-WUI,Circuit miles,exact,0,,,SDG&E,2023,1,v3.1,0,4,SDGE_2023_Q4_Tables1-15.xlsx,Table 7,59,M59,https://efiling.energysafety.ca.gov/eFiling/Getfile.aspx?fileid=53475&shareable=true
T7R-8a619f7de11a072c,1070000049,2.d.3.a.ii,exact_dimensions_and_unit,2. Underground circuit miles,Distribution,HFTD Tier 3,Urban,Non-WUI,Circuit miles,exact,0,,,SDG&E,2023,2,v3.1,0,4,SDGE_2023_Q4_Tables1-15.xlsx,Table 7,59,N59,https://efiling.energysafety.ca.gov/eFiling/Getfile.aspx?fileid=53475&shareable=true
T7R-5165aef1d978526f,1070000049,2.d.3.a.ii,exact_dimensions_and_unit,2. Underground circuit miles,Distribution,HFTD Tier 3,Urban,Non-WUI,Circuit miles,exact,0,,,SDG&E,2023,3,v3.1,0,4,SDGE_2023_Q4_Tables1-15.xlsx,Table 7,59,O59,https://efiling.energysafety.ca.gov/eFiling/Getfile.aspx?fileid=53475&shareable=true
T7R-3624ff7fc01c02bb,1070000049,2.d.3.a.ii,exact_dimensions_and_unit,2. Underground circuit miles,Distribution,HFTD Tier 3,Urban,Non-WUI,Circuit miles,exact,0,,,SDG&E,2023,4,v3.1,0,4,SDGE_2023_Q4_Tables1-15.xlsx,Table 7,59,P59,https://efiling.energysafety.ca.gov/eFiling/Getfile.aspx?fileid=53475&shareable=true
T7R-98b30674868e7cb2,1070000050,2.d.3.b.i,exact_dimensions_and_unit,2. Underground circuit miles,Distribution,HFTD Tier 3,Rural,WUI,Circuit miles,exact,316.734,,,SDG&E,2023,1,v3.1,0,4,SDGE_2023_Q4_Tables1-15.xlsx,Table 7,60,M60,https://efiling.energysafety.ca.gov/eFiling/Getfile.aspx?fileid=53475&shareable=true
T7R-ea9b49067db03cc9,1070000050,2.d.3.b.i,exact_dimensions_and_unit,2. Underground circuit miles,Distribution,HFTD Tier 3,Rural,WUI,Circuit miles,exact,316.97,,,SDG&E,2023,2,v3.1,0,4,SDGE_2023_Q4_Tables1-15.xlsx,Table 7,60,N60,https://efiling.energysafety.ca.gov/eFiling/Getfile.aspx?fileid=53475&shareable=true
T7R-aad87025eab87a12,1070000050,2.d.3.b.i,exact_dimensions_and_unit,2. Underground circuit miles,Distribution,HFTD Tier 3,Rural,WUI,Circuit miles,exact,324.16,,,SDG&E,2023,3,v3.1,0,4,SDGE_2023_Q4_Tables1-15.xlsx,Table 7,60,O60,https://efiling.energysafety.ca.gov/eFiling/Getfile.aspx?fileid=53475&shareable=true
T7R-48a239189e21c679,1070000050,2.d.3.b.i,exact_dimensions_and_unit,2. Underground circuit miles,Distribution,HFTD Tier 3,Rural,WUI,Circuit miles,exact,333.45,,,SDG&E,2023,4,v3.1,0,4,SDGE_2023_Q4_Tables1-15.xlsx,Table 7,60,P60,https://efiling.energysafety.ca.gov/eFiling/Getfile.aspx?fileid=53475&shareable=true
T7R-66723d6692570db1,1070000051,2.d.3.b.ii,exact_dimensions_and_unit,2. Underground circuit miles,Distribution,HFTD Tier 3,Rural,Non-WUI,Circuit miles,exact,150.679,,,SDG&E,2023,1,v3.1,0,4,SDGE_2023_Q4_Tables1-15.xlsx,Table 7,61,M61,https://efiling.energysafety.ca.gov/eFiling/Getfile.aspx?fileid=53475&shareable=true
T7R-267ca60eba1e2314,1070000051,2.d.3.b.ii,exact_dimensions_and_unit,2. Underground circuit miles,Distribution,HFTD Tier 3,Rural,Non-WUI,Circuit miles,exact,151.61,,,SDG&E,2023,2,v3.1,0,4,SDGE_2023_Q4_Tables1-15.xlsx,Table 7,61,N61,https://efiling.energysafety.ca.gov/eFiling/Getfile.aspx?fileid=53475&shareable=true
T7R-f0c85fc52ba3eb87,1070000051,2.d.3.b.ii,exact_dimensions_and_unit,2. Underground circuit miles,Distribution,HFTD Tier 3,Rural,Non-WUI,Circuit miles,exact,154.04,,,SDG&E,2023,3,v3.1,0,4,SDGE_2023_Q4_Tables1-15.xlsx,Table 7,61,O61,https://efiling.energysafety.ca.gov/eFiling/Getfile.aspx?fileid=53475&shareable=true
T7R-6efaf676c764dc93,1070000051,2.d.3.b.ii,exact_dimensions_and_unit,2. Underground circuit miles,Distribution,HFTD Tier 3,Rural,Non-WUI,Circuit miles,exact,163.619999999999,,,SDG&E,2023,4,v3.1,0,4,SDGE_2023_Q4_Tables1-15.xlsx,Table 7,61,P61,https://efiling.energysafety.ca.gov/eFiling/Getfile.aspx?fileid=53475&shareable=true
T7R-ca81e56b6fbe4096,1070000052,2.d.3.c.i,exact_dimensions_and_unit,2. Underground circuit miles,Distribution,HFTD Tier 3,Highly rural,WUI,Circuit miles,exact,8.445,,,SDG&E,2023,1,v3.1,0,4,SDGE_2023_Q4_Tables1-15.xlsx,Table 7,62,M62,https://efiling.energysafety.ca.gov/eFiling/Getfile.aspx?fileid=53475&shareable=true
T7R-5d70d42999dc389c,1070000052,2.d.3.c.i,exact_dimensions_and_unit,2. Underground circuit miles,Distribution,HFTD Tier 3,Highly rural,WUI,Circuit miles,exact,8.44,,,SDG&E,2023,2,v3.1,0,4,SDGE_2023_Q4_Tables1-15.xlsx,Table 7,62,N62,https://efiling.energysafety.ca.gov/eFiling/Getfile.aspx?fileid=53475&shareable=true
T7R-4fe3b06c4a42b77a,1070000052,2.d.3.c.i,exact_dimensions_and_unit,2. Underground circuit miles,Distribution,HFTD Tier 3,Highly rural,WUI,Circuit miles,exact,10.11,,,SDG&E,2023,3,v3.1,0,4,SDGE_2023_Q4_Tables1-15.xlsx,Table 7,62,O62,https://efiling.energysafety.ca.gov/eFiling/Getfile.aspx?fileid=53475&shareable=true
T7R-bf260dda35a9799f,1070000052,2.d.3.c.i,exact_dimensions_and_unit,2. Underground circuit miles,Distribution,HFTD Tier 3,Highly rural,WUI,Circuit miles,exact,10.32,,,SDG&E,2023,4,v3.1,0,4,SDGE_2023_Q4_Tables1-15.xlsx,Table 7,62,P62,https://efiling.energysafety.ca.gov/eFiling/Getfile.aspx?fileid=53475&shareable=true
T7R-c7208b1f494f3c81,1070000053,2.d.3.c.ii,exact_dimensions_and_unit,2. Underground circuit miles,Distribution,HFTD Tier 3,Highly rural,Non-WUI,Circuit miles,exact,25.236,,,SDG&E,2023,1,v3.1,0,4,SDGE_2023_Q4_Tables1-15.xlsx,Table 7,63,M63,https://efiling.energysafety.ca.gov/eFiling/Getfile.aspx?fileid=53475&shareable=true
T7R-8de439649018d2f5,1070000053,2.d.3.c.ii,exact_dimensions_and_unit,2. Underground circuit miles,Distribution,HFTD Tier 3,Highly rural,Non-WUI,Circuit miles,exact,25.21,,,SDG&E,2023,2,v3.1,0,4,SDGE_2023_Q4_Tables1-15.xlsx,Table 7,63,N63,https://efiling.energysafety.ca.gov/eFiling/Getfile.aspx?fileid=53475&shareable=true
T7R-3d8cccb45e6a1244,1070000053,2.d.3.c.ii,exact_dimensions_and_unit,2. Underground circuit miles,Distribution,HFTD Tier 3,Highly rural,Non-WUI,Circuit miles,exact,26.41,,,SDG&E,2023,3,v3.1,0,4,SDGE_2023_Q4_Tables1-15.xlsx,Table 7,63,O63,https://efiling.energysafety.ca.gov/eFiling/Getfile.aspx?fileid=53475&shareable=true
T7R-52e03b9981d3ba5b,1070000053,2.d.3.c.ii,exact_dimensions_and_unit,2. Underground circuit miles,Distribution,HFTD Tier 3,Highly rural,Non-WUI,Circuit miles,exact,26.85,,,SDG&E,2023,4,v3.1,0,4,SDGE_2023_Q4_Tables1-15.xlsx,Table 7,63,P63,https://efiling.energysafety.ca.gov/eFiling/Getfile.aspx?fileid=53475&shareable=true
T7R-cb723097f667cacf,1070000054,2.t.0.a.i,exact_dimensions_and_unit,2. Underground circuit miles,Transmission,Non-HFTD,Urban,WUI,Circuit miles,exact,25.855,,,SDG&E,2023,1,v3.1,0,4,SDGE_2023_Q4_Tables1-15.xlsx,Table 7,64,M64,https://efiling.energysafety.ca.gov/eFiling/Getfile.aspx?fileid=53475&shareable=true
T7R-cec4ae6ceff37b11,1070000054,2.t.0.a.i,exact_dimensions_and_unit,2. Underground circuit miles,Transmission,Non-HFTD,Urban,WUI,Circuit miles,exact,25.86,,,SDG&E,2023,2,v3.1,0,4,SDGE_2023_Q4_Tables1-15.xlsx,Table 7,64,N64,https://efiling.energysafety.ca.gov/eFiling/Getfile.aspx?fileid=53475&shareable=true
T7R-39fe820f5871fa7b,1070000054,2.t.0.a.i,exact_dimensions_and_unit,2. Underground circuit miles,Transmission,Non-HFTD,Urban,WUI,Circuit miles,exact,28.5,,,SDG&E,2023,3,v3.1,0,4,SDGE_2023_Q4_Tables1-15.xlsx,Table 7,64,O64,https://efiling.energysafety.ca.gov/eFiling/Getfile.aspx?fileid=53475&shareable=true
T7R-9d2a6f1aab83a806,1070000054,2.t.0.a.i,exact_dimensions_and_unit,2. Underground circuit miles,Transmission,Non-HFTD,Urban,WUI,Circuit miles,exact,28.71,,,SDG&E,2023,4,v3.1,0,4,SDGE_2023_Q4_Tables1-15.xlsx,Table 7,64,P64,https://efiling.energysafety.ca.gov/eFiling/Getfile.aspx?fileid=53475&shareable=true
T7R-68c49ebf0f2b1f8c,1070000055,2.t.0.a.ii,exact_dimensions_and_unit,2. Underground circuit miles,Transmission,Non-HFTD,Urban,Non-WUI,Circuit miles,exact,65.121,,,SDG&E,2023,1,v3.1,0,4,SDGE_2023_Q4_Tables1-15.xlsx,Table 7,65,M65,https://efiling.energysafety.ca.gov/eFiling/Getfile.aspx?fileid=53475&shareable=true
T7R-393a4a3c7bcaf3b2,1070000055,2.t.0.a.ii,exact_dimensions_and_unit,2. Underground circuit miles,Transmission,Non-HFTD,Urban,Non-WUI,Circuit miles,exact,65.04,,,SDG&E,2023,2,v3.1,0,4,SDGE_2023_Q4_Tables1-15.xlsx,Table 7,65,N65,https://efiling.energysafety.ca.gov/eFiling/Getfile.aspx?fileid=53475&shareable=true
T7R-ced0657dbb016236,1070000055,2.t.0.a.ii,exact_dimensions_and_unit,2. Underground circuit miles,Transmission,Non-HFTD,Urban,Non-WUI,Circuit miles,exact,68.02,,,SDG&E,2023,3,v3.1,0,4,SDGE_2023_Q4_Tables1-15.xlsx,Table 7,65,O65,https://efiling.energysafety.ca.gov/eFiling/Getfile.aspx?fileid=53475&shareable=true
T7R-70c8925757ab24e3,1070000055,2.t.0.a.ii,exact_dimensions_and_unit,2. Underground circuit miles,Transmission,Non-HFTD,Urban,Non-WUI,Circuit miles,exact,68.02,,,SDG&E,2023,4,v3.1,0,4,SDGE_2023_Q4_Tables1-15.xlsx,Table 7,65,P65,https://efiling.energysafety.ca.gov/eFiling/Getfile.aspx?fileid=53475&shareable=true
T7R-72522b92a0f7fb60,1070000056,2.t.0.b.i,exact_dimensions_and_unit,2. Underground circuit miles,Transmission,Non-HFTD,Rural,WUI,Circuit miles,exact,10.154,,,SDG&E,2023,1,v3.1,0,4,SDGE_2023_Q4_Tables1-15.xlsx,Table 7,66,M66,https://efiling.energysafety.ca.gov/eFiling/Getfile.aspx?fileid=53475&shareable=true
T7R-3d3c6219cc7f7a67,1070000056,2.t.0.b.i,exact_dimensions_and_unit,2. Underground circuit miles,Transmission,Non-HFTD,Rural,WUI,Circuit miles,exact,10.15,,,SDG&E,2023,2,v3.1,0,4,SDGE_2023_Q4_Tables1-15.xlsx,Table 7,66,N66,https://efiling.energysafety.ca.gov/eFiling/Getfile.aspx?fileid=53475&shareable=true
T7R-50040be71ff21fb1,1070000056,2.t.0.b.i,exact_dimensions_and_unit,2. Underground circuit miles,Transmission,Non-HFTD,Rural,WUI,Circuit miles,exact,10.15,,,SDG&E,2023,3,v3.1,0,4,SDGE_2023_Q4_Tables1-15.xlsx,Table 7,66,O66,https://efiling.energysafety.ca.gov/eFiling/Getfile.aspx?fileid=53475&shareable=true
T7R-30c813289db53ae7,1070000056,2.t.0.b.i,exact_dimensions_and_unit,2. Underground circuit miles,Transmission,Non-HFTD,Rural,WUI,Circuit miles,exact,10.15,,,SDG&E,2023,4,v3.1,0,4,SDGE_2023_Q4_Tables1-15.xlsx,Table 7,66,P66,https://efiling.energysafety.ca.gov/eFiling/Getfile.aspx?fileid=53475&shareable=true
T7R-c0ddea86326d8ddc,1070000057,2.t.0.b.ii,exact_dimensions_and_unit,2. Underground circuit miles,Transmission,Non-HFTD,Rural,Non-WUI,Circuit miles,exact,22.551,,,SDG&E,2023,1,v3.1,0,4,SDGE_2023_Q4_Tables1-15.xlsx,Table 7,67,M67,https://efiling.energysafety.ca.gov/eFiling/Getfile.aspx?fileid=53475&shareable=true
T7R-bbac87f37e5a0b10,1070000057,2.t.0.b.ii,exact_dimensions_and_unit,2. Underground circuit miles,Transmission,Non-HFTD,Rural,Non-WUI,Circuit miles,exact,22.55,,,SDG&E,2023,2,v3.1,0,4,SDGE_2023_Q4_Tables1-15.xlsx,Table 7,67,N67,https://efiling.energysafety.ca.gov/eFiling/Getfile.aspx?fileid=53475&shareable=true
T7R-67cc7e0f0f6fc081,1070000057,2.t.0.b.ii,exact_dimensions_and_unit,2. Underground circuit miles,Transmission,Non-HFTD,Rural,Non-WUI,Circuit miles,exact,22.55,,,SDG&E,2023,3,v3.1,0,4,SDGE_2023_Q4_Tables1-15.xlsx,Table 7,67,O67,https://efiling.energysafety.ca.gov/eFiling/Getfile.aspx?fileid=53475&shareable=true
T7R-9a67afd80fa7e9bc,1070000057,2.t.0.b.ii,exact_dimensions_and_unit,2. Underground circuit miles,Transmission,Non-HFTD,Rural,Non-WUI,Circuit miles,exact,22.58,,,SDG&E,2023,4,v3.1,0,4,SDGE_2023_Q4_Tables1-15.xlsx,Table 7,67,P67,https://efiling.energysafety.ca.gov/eFiling/Getfile.aspx?fileid=53475&shareable=true
T7R-6c7b3e59752a8d5c,1070000058,2.t.0.c.i,exact_dimensions_and_unit,2. Underground circuit miles,Transmission,Non-HFTD,Highly rural,WUI,Circuit miles,exact,0,,,SDG&E,2023,1,v3.1,0,4,SDGE_2023_Q4_Tables1-15.xlsx,Table 7,68,M68,https://efiling.energysafety.ca.gov/eFiling/Getfile.aspx?fileid=53475&shareable=true
T7R-898d77a21f9953d3,1070000058,2.t.0.c.i,exact_dimensions_and_unit,2. Underground circuit miles,Transmission,Non-HFTD,Highly rural,WUI,Circuit miles,exact,0,,,SDG&E,2023,2,v3.1,0,4,SDGE_2023_Q4_Tables1-15.xlsx,Table 7,68,N68,https://efiling.energysafety.ca.gov/eFiling/Getfile.aspx?fileid=53475&shareable=true
T7R-4b1d4c64413d27ff,1070000058,2.t.0.c.i,exact_dimensions_and_unit,2. Underground circuit miles,Transmission,Non-HFTD,Highly rural,WUI,Circuit miles,exact,0,,,SDG&E,2023,3,v3.1,0,4,SDGE_2023_Q4_Tables1-15.xlsx,Table 7,68,O68,https://efiling.energysafety.ca.gov/eFiling/Getfile.aspx?fileid=53475&shareable=true
T7R-5619fa4d327b53c5,1070000058,2.t.0.c.i,exact_dimensions_and_unit,2. Underground circuit miles,Transmission,Non-HFTD,Highly rural,WUI,Circuit miles,exact,0,,,SDG&E,2023,4,v3.1,0,4,SDGE_2023_Q4_Tables1-15.xlsx,Table 7,68,P68,https://efiling.energysafety.ca.gov/eFiling/Getfile.aspx?fileid=53475&shareable=true
T7R-6f9597c359e89c34,1070000059,2.t.0.c.ii,exact_dimensions_and_unit,2. Underground circuit miles,Transmission,Non-HFTD,Highly rural,Non-WUI,Circuit miles,exact,0.348,,,SDG&E,2023,1,v3.1,0,4,SDGE_2023_Q4_Tables1-15.xlsx,Table 7,69,M69,https://efiling.energysafety.ca.gov/eFiling/Getfile.aspx?fileid=53475&shareable=true
T7R-7a4cef8ccbcddabc,1070000059,2.t.0.c.ii,exact_dimensions_and_unit,2. Underground circuit miles,Transmission,Non-HFTD,Highly rural,Non-WUI,Circuit miles,exact,0.35,,,SDG&E,2023,2,v3.1,0,4,SDGE_2023_Q4_Tables1-15.xlsx,Table 7,69,N69,https://efiling.energysafety.ca.gov/eFiling/Getfile.aspx?fileid=53475&shareable=true
T7R-e3608c448da2339e,1070000059,2.t.0.c.ii,exact_dimensions_and_unit,2. Underground circuit miles,Transmission,Non-HFTD,Highly rural,Non-WUI,Circuit miles,exact,0.35,,,SDG&E,2023,3,v3.1,0,4,SDGE_2023_Q4_Tables1-15.xlsx,Table 7,69,O69,https://efiling.energysafety.ca.gov/eFiling/Getfile.aspx?fileid=53475&shareable=true
T7R-07a040e0a5484938,1070000059,2.t.0.c.ii,exact_dimensions_and_unit,2. Underground circuit miles,Transmission,Non-HFTD,Highly rural,Non-WUI,Circuit miles,exact,0.35,,,SDG&E,2023,4,v3.1,0,4,SDGE_2023_Q4_Tables1-15.xlsx,Table 7,69,P69,https://efiling.energysafety.ca.gov/eFiling/Getfile.aspx?fileid=53475&shareable=true
T7R-9c15a110ccc8674f,1070000060,2.t.2.a.i,exact_dimensions_and_unit,2. Underground circuit miles,Transmission,HFTD Tier 2,Urban,WUI,Circuit miles,exact,13.289,,,SDG&E,2023,1,v3.1,0,4,SDGE_2023_Q4_Tables1-15.xlsx,Table 7,70,M70,https://efiling.energysafety.ca.gov/eFiling/Getfile.aspx?fileid=53475&shareable=true
T7R-e8c37b395eef2490,1070000060,2.t.2.a.i,exact_dimensions_and_unit,2. Underground circuit miles,Transmission,HFTD Tier 2,Urban,WUI,Circuit miles,exact,13.29,,,SDG&E,2023,2,v3.1,0,4,SDGE_2023_Q4_Tables1-15.xlsx,Table 7,70,N70,https://efiling.energysafety.ca.gov/eFiling/Getfile.aspx?fileid=53475&shareable=true
T7R-0ed0dc8c261de0ce,1070000060,2.t.2.a.i,exact_dimensions_and_unit,2. Underground circuit miles,Transmission,HFTD Tier 2,Urban,WUI,Circuit miles,exact,13.29,,,SDG&E,2023,3,v3.1,0,4,SDGE_2023_Q4_Tables1-15.xlsx,Table 7,70,O70,https://efiling.energysafety.ca.gov/eFiling/Getfile.aspx?fileid=53475&shareable=true
T7R-b18e4884dadde20b,1070000060,2.t.2.a.i,exact_dimensions_and_unit,2. Underground circuit miles,Transmission,HFTD Tier 2,Urban,WUI,Circuit miles,exact,13.29,,,SDG&E,2023,4,v3.1,0,4,SDGE_2023_Q4_Tables1-15.xlsx,Table 7,70,P70,https://efiling.energysafety.ca.gov/eFiling/Getfile.aspx?fileid=53475&shareable=true
T7R-b9ad5fa99313a9ae,1070000061,2.t.2.a.ii,exact_dimensions_and_unit,2. Underground circuit miles,Transmission,HFTD Tier 2,Urban,Non-WUI,Circuit miles,exact,1.372,,,SDG&E,2023,1,v3.1,0,4,SDGE_2023_Q4_Tables1-15.xlsx,Table 7,71,M71,https://efiling.energysafety.ca.gov/eFiling/Getfile.aspx?fileid=53475&shareable=true
T7R-9e76fbbdaee04be9,1070000061,2.t.2.a.ii,exact_dimensions_and_unit,2. Underground circuit miles,Transmission,HFTD Tier 2,Urban,Non-WUI,Circuit miles,exact,1.37,,,SDG&E,2023,2,v3.1,0,4,SDGE_2023_Q4_Tables1-15.xlsx,Table 7,71,N71,https://efiling.energysafety.ca.gov/eFiling/Getfile.aspx?fileid=53475&shareable=true
T7R-1996bb70249f1342,1070000061,2.t.2.a.ii,exact_dimensions_and_unit,2. Underground circuit miles,Transmission,HFTD Tier 2,Urban,Non-WUI,Circuit miles,exact,1.37,,,SDG&E,2023,3,v3.1,0,4,SDGE_2023_Q4_Tables1-15.xlsx,Table 7,71,O71,https://efiling.energysafety.ca.gov/eFiling/Getfile.aspx?fileid=53475&shareable=true
T7R-1e3ac38557877f78,1070000061,2.t.2.a.ii,exact_dimensions_and_unit,2. Underground circuit miles,Transmission,HFTD Tier 2,Urban,Non-WUI,Circuit miles,exact,1.37,,,SDG&E,2023,4,v3.1,0,4,SDGE_2023_Q4_Tables1-15.xlsx,Table 7,71,P71,https://efiling.energysafety.ca.gov/eFiling/Getfile.aspx?fileid=53475&shareable=true
T7R-327beb97fe63bef7,1070000062,2.t.2.b.i,exact_dimensions_and_unit,2. Underground circuit miles,Transmission,HFTD Tier 2,Rural,WUI,Circuit miles,exact,12.925,,,SDG&E,2023,1,v3.1,0,4,SDGE_2023_Q4_Tables1-15.xlsx,Table 7,72,M72,https://efiling.energysafety.ca.gov/eFiling/Getfile.aspx?fileid=53475&shareable=true
T7R-43930b76bfd1c7a3,1070000062,2.t.2.b.i,exact_dimensions_and_unit,2. Underground circuit miles,Transmission,HFTD Tier 2,Rural,WUI,Circuit miles,exact,12.93,,,SDG&E,2023,2,v3.1,0,4,SDGE_2023_Q4_Tables1-15.xlsx,Table 7,72,N72,https://efiling.energysafety.ca.gov/eFiling/Getfile.aspx?fileid=53475&shareable=true
T7R-33bb4cbbc152f265,1070000062,2.t.2.b.i,exact_dimensions_and_unit,2. Underground circuit miles,Transmission,HFTD Tier 2,Rural,WUI,Circuit miles,exact,12.7,,,SDG&E,2023,3,v3.1,0,4,SDGE_2023_Q4_Tables1-15.xlsx,Table 7,72,O72,https://efiling.energysafety.ca.gov/eFiling/Getfile.aspx?fileid=53475&shareable=true
T7R-a8ac6ac957eb4a29,1070000062,2.t.2.b.i,exact_dimensions_and_unit,2. Underground circuit miles,Transmission,HFTD Tier 2,Rural,WUI,Circuit miles,exact,12.7,,,SDG&E,2023,4,v3.1,0,4,SDGE_2023_Q4_Tables1-15.xlsx,Table 7,72,P72,https://efiling.energysafety.ca.gov/eFiling/Getfile.aspx?fileid=53475&shareable=true
T7R-25b371867b3becbe,1070000063,2.t.2.b.ii,exact_dimensions_and_unit,2. Underground circuit miles,Transmission,HFTD Tier 2,Rural,Non-WUI,Circuit miles,exact,8.525,,,SDG&E,2023,1,v3.1,0,4,SDGE_2023_Q4_Tables1-15.xlsx,Table 7,73,M73,https://efiling.energysafety.ca.gov/eFiling/Getfile.aspx?fileid=53475&shareable=true
T7R-991d4965ab1d2936,1070000063,2.t.2.b.ii,exact_dimensions_and_unit,2. Underground circuit miles,Transmission,HFTD Tier 2,Rural,Non-WUI,Circuit miles,exact,8.53,,,SDG&E,2023,2,v3.1,0,4,SDGE_2023_Q4_Tables1-15.xlsx,Table 7,73,N73,https://efiling.energysafety.ca.gov/eFiling/Getfile.aspx?fileid=53475&shareable=true
T7R-28c1562de5bd8086,1070000063,2.t.2.b.ii,exact_dimensions_and_unit,2. Underground circuit miles,Transmission,HFTD Tier 2,Rural,Non-WUI,Circuit miles,exact,8.58,,,SDG&E,2023,3,v3.1,0,4,SDGE_2023_Q4_Tables1-15.xlsx,Table 7,73,O73,https://efiling.energysafety.ca.gov/eFiling/Getfile.aspx?fileid=53475&shareable=true
T7R-0daed57dd4765c90,1070000063,2.t.2.b.ii,exact_dimensions_and_unit,2. Underground circuit miles,Transmission,HFTD Tier 2,Rural,Non-WUI,Circuit miles,exact,8.58,,,SDG&E,2023,4,v3.1,0,4,SDGE_2023_Q4_Tables1-15.xlsx,Table 7,73,P73,https://efiling.energysafety.ca.gov/eFiling/Getfile.aspx?fileid=53475&shareable=true
T7R-2c27f0c5c2bcaa10,1070000064,2.t.2.c.i,exact_dimensions_and_unit,2. Underground circuit miles,Transmission,HFTD Tier 2,Highly rural,WUI,Circuit miles,exact,0,,,SDG&E,2023,1,v3.1,0,4,SDGE_2023_Q4_Tables1-15.xlsx,Table 7,74,M74,https://efiling.energysafety.ca.gov/eFiling/Getfile.aspx?fileid=53475&shareable=true
T7R-92883d53195a1e3e,1070000064,2.t.2.c.i,exact_dimensions_and_unit,2. Underground circuit miles,Transmission,HFTD Tier 2,Highly rural,WUI,Circuit miles,exact,0,,,SDG&E,2023,2,v3.1,0,4,SDGE_2023_Q4_Tables1-15.xlsx,Table 7,74,N74,https://efiling.energysafety.ca.gov/eFiling/Getfile.aspx?fileid=53475&shareable=true
T7R-b735027648702df6,1070000064,2.t.2.c.i,exact_dimensions_and_unit,2. Underground circuit miles,Transmission,HFTD Tier 2,Highly rural,WUI,Circuit miles,exact,0,,,SDG&E,2023,3,v3.1,0,4,SDGE_2023_Q4_Tables1-15.xlsx,Table 7,74,O74,https://efiling.energysafety.ca.gov/eFiling/Getfile.aspx?fileid=53475&shareable=true
T7R-6df0c1a3caca672d,1070000064,2.t.2.c.i,exact_dimensions_and_unit,2. Underground circuit miles,Transmission,HFTD Tier 2,Highly rural,WUI,Circuit miles,exact,0,,,SDG&E,2023,4,v3.1,0,4,SDGE_2023_Q4_Tables1-15.xlsx,Table 7,74,P74,https://efiling.energysafety.ca.gov/eFiling/Getfile.aspx?fileid=53475&shareable=true
T7R-31cc9b21e2550f1a,1070000065,2.t.2.c.ii,exact_dimensions_and_unit,2. Underground circuit miles,Transmission,HFTD Tier 2,Highly rural,Non-WUI,Circuit miles,exact,0,,,SDG&E,2023,1,v3.1,0,4,SDGE_2023_Q4_Tables1-15.xlsx,Table 7,75,M75,https://efiling.energysafety.ca.gov/eFiling/Getfile.aspx?fileid=53475&shareable=true
T7R-1ed7705f576be8a0,1070000065,2.t.2.c.ii,exact_dimensions_and_unit,2. Underground circuit miles,Transmission,HFTD Tier 2,Highly rural,Non-WUI,Circuit miles,exact,0,,,SDG&E,2023,2,v3.1,0,4,SDGE_2023_Q4_Tables1-15.xlsx,Table 7,75,N75,https://efiling.energysafety.ca.gov/eFiling/Getfile.aspx?fileid=53475&shareable=true
T7R-d726b74e1e96ffe1,1070000065,2.t.2.c.ii,exact_dimensions_and_unit,2. Underground circuit miles,Transmission,HFTD Tier 2,Highly rural,Non-WUI,Circuit miles,exact,0,,,SDG&E,2023,3,v3.1,0,4,SDGE_2023_Q4_Tables1-15.xlsx,Table 7,75,O75,https://efiling.energysafety.ca.gov/eFiling/Getfile.aspx?fileid=53475&shareable=true
T7R-fdbc99210c595637,1070000065,2.t.2.c.ii,exact_dimensions_and_unit,2. Underground circuit miles,Transmission,HFTD Tier 2,Highly rural,Non-WUI,Circuit miles,exact,0,,,SDG&E,2023,4,v3.1,0,4,SDGE_2023_Q4_Tables1-15.xlsx,Table 7,75,P75,https://efiling.energysafety.ca.gov/eFiling/Getfile.aspx?fileid=53475&shareable=true
T7R-7eaa93a5c24f13c7,1070000066,2.t.3.a.i,exact_dimensions_and_unit,2. Underground circuit miles,Transmission,HFTD Tier 3,Urban,WUI,Circuit miles,exact,0.935,,,SDG&E,2023,1,v3.1,0,4,SDGE_2023_Q4_Tables1-15.xlsx,Table 7,76,M76,https://efiling.energysafety.ca.gov/eFiling/Getfile.aspx?fileid=53475&shareable=true
T7R-ee37e2e59beff763,1070000066,2.t.3.a.i,exact_dimensions_and_unit,2. Underground circuit miles,Transmission,HFTD Tier 3,Urban,WUI,Circuit miles,exact,0.94,,,SDG&E,2023,2,v3.1,0,4,SDGE_2023_Q4_Tables1-15.xlsx,Table 7,76,N76,https://efiling.energysafety.ca.gov/eFiling/Getfile.aspx?fileid=53475&shareable=true
T7R-a7c7c974a55826e1,1070000066,2.t.3.a.i,exact_dimensions_and_unit,2. Underground circuit miles,Transmission,HFTD Tier 3,Urban,WUI,Circuit miles,exact,0.94,,,SDG&E,2023,3,v3.1,0,4,SDGE_2023_Q4_Tables1-15.xlsx,Table 7,76,O76,https://efiling.energysafety.ca.gov/eFiling/Getfile.aspx?fileid=53475&shareable=true
T7R-17ce14157d2ff7ca,1070000066,2.t.3.a.i,exact_dimensions_and_unit,2. Underground circuit miles,Transmission,HFTD Tier 3,Urban,WUI,Circuit miles,exact,0.94,,,SDG&E,2023,4,v3.1,0,4,SDGE_2023_Q4_Tables1-15.xlsx,Table 7,76,P76,https://efiling.energysafety.ca.gov/eFiling/Getfile.aspx?fileid=53475&shareable=true
T7R-10212821d0ba73f8,1070000067,2.t.3.a.ii,exact_dimensions_and_unit,2. Underground circuit miles,Transmission,HFTD Tier 3,Urban,Non-WUI,Circuit miles,exact,0,,,SDG&E,2023,1,v3.1,0,4,SDGE_2023_Q4_Tables1-15.xlsx,Table 7,77,M77,https://efiling.energysafety.ca.gov/eFiling/Getfile.aspx?fileid=53475&shareable=true
T7R-31c1de4cf9863766,1070000067,2.t.3.a.ii,exact_dimensions_and_unit,2. Underground circuit miles,Transmission,HFTD Tier 3,Urban,Non-WUI,Circuit miles,exact,0,,,SDG&E,2023,2,v3.1,0,4,SDGE_2023_Q4_Tables1-15.xlsx,Table 7,77,N77,https://efiling.energysafety.ca.gov/eFiling/Getfile.aspx?fileid=53475&shareable=true
T7R-4d31045656112ab6,1070000067,2.t.3.a.ii,exact_dimensions_and_unit,2. Underground circuit miles,Transmission,HFTD Tier 3,Urban,Non-WUI,Circuit miles,exact,0,,,SDG&E,2023,3,v3.1,0,4,SDGE_2023_Q4_Tables1-15.xlsx,Table 7,77,O77,https://efiling.energysafety.ca.gov/eFiling/Getfile.aspx?fileid=53475&shareable=true
T7R-f47f64d9a049da18,1070000067,2.t.3.a.ii,exact_dimensions_and_unit,2. Underground circuit miles,Transmission,HFTD Tier 3,Urban,Non-WUI,Circuit miles,exact,0,,,SDG&E,2023,4,v3.1,0,4,SDGE_2023_Q4_Tables1-15.xlsx,Table 7,77,P77,https://efiling.energysafety.ca.gov/eFiling/Getfile.aspx?fileid=53475&shareable=true
T7R-59286e67ac5d5743,1070000068,2.t.3.b.i,exact_dimensions_and_unit,2. Underground circuit miles,Transmission,HFTD Tier 3,Rural,WUI,Circuit miles,exact,4.458,,,SDG&E,2023,1,v3.1,0,4,SDGE_2023_Q4_Tables1-15.xlsx,Table 7,78,M78,https://efiling.energysafety.ca.gov/eFiling/Getfile.aspx?fileid=53475&shareable=true
T7R-e1da1b64e7436484,1070000068,2.t.3.b.i,exact_dimensions_and_unit,2. Underground circuit miles,Transmission,HFTD Tier 3,Rural,WUI,Circuit miles,exact,4.46,,,SDG&E,2023,2,v3.1,0,4,SDGE_2023_Q4_Tables1-15.xlsx,Table 7,78,N78,https://efiling.energysafety.ca.gov/eFiling/Getfile.aspx?fileid=53475&shareable=true
T7R-fb615a6e43da4917,1070000068,2.t.3.b.i,exact_dimensions_and_unit,2. Underground circuit miles,Transmission,HFTD Tier 3,Rural,WUI,Circuit miles,exact,4.46,,,SDG&E,2023,3,v3.1,0,4,SDGE_2023_Q4_Tables1-15.xlsx,Table 7,78,O78,https://efiling.energysafety.ca.gov/eFiling/Getfile.aspx?fileid=53475&shareable=true
T7R-103537c84cc4c769,1070000068,2.t.3.b.i,exact_dimensions_and_unit,2. Underground circuit miles,Transmission,HFTD Tier 3,Rural,WUI,Circuit miles,exact,4.46,,,SDG&E,2023,4,v3.1,0,4,SDGE_2023_Q4_Tables1-15.xlsx,Table 7,78,P78,https://efiling.energysafety.ca.gov/eFiling/Getfile.aspx?fileid=53475&shareable=true
T7R-b53b5fdc790eeab3,1070000069,2.t.3.b.ii,exact_dimensions_and_unit,2. Underground circuit miles,Transmission,HFTD Tier 3,Rural,Non-WUI,Circuit miles,exact,1.991,,,SDG&E,2023,1,v3.1,0,4,SDGE_2023_Q4_Tables1-15.xlsx,Table 7,79,M79,https://efiling.energysafety.ca.gov/eFiling/Getfile.aspx?fileid=53475&shareable=true
T7R-5202e9c102fbd32a,1070000069,2.t.3.b.ii,exact_dimensions_and_unit,2. Underground circuit miles,Transmission,HFTD Tier 3,Rural,Non-WUI,Circuit miles,exact,1.99,,,SDG&E,2023,2,v3.1,0,4,SDGE_2023_Q4_Tables1-15.xlsx,Table 7,79,N79,https://efiling.energysafety.ca.gov/eFiling/Getfile.aspx?fileid=53475&shareable=true
T7R-f63981c816c42539,1070000069,2.t.3.b.ii,exact_dimensions_and_unit,2. Underground circuit miles,Transmission,HFTD Tier 3,Rural,Non-WUI,Circuit miles,exact,1.99,,,SDG&E,2023,3,v3.1,0,4,SDGE_2023_Q4_Tables1-15.xlsx,Table 7,79,O79,https://efiling.energysafety.ca.gov/eFiling/Getfile.aspx?fileid=53475&shareable=true
T7R-3c458b9de0f24edc,1070000069,2.t.3.b.ii,exact_dimensions_and_unit,2. Underground circuit miles,Transmission,HFTD Tier 3,Rural,Non-WUI,Circuit miles,exact,2.15,,,SDG&E,2023,4,v3.1,0,4,SDGE_2023_Q4_Tables1-15.xlsx,Table 7,79,P79,https://efiling.energysafety.ca.gov/eFiling/Getfile.aspx?fileid=53475&shareable=true
T7R-4953b124ef190b41,1070000070,2.t.3.c.i,exact_dimensions_and_unit,2. Underground circuit miles,Transmission,HFTD Tier 3,Highly rural,WUI,Circuit miles,exact,0,,,SDG&E,2023,1,v3.1,0,4,SDGE_2023_Q4_Tables1-15.xlsx,Table 7,80,M80,https://efiling.energysafety.ca.gov/eFiling/Getfile.aspx?fileid=53475&shareable=true
T7R-aec5243d23ebb3f5,1070000070,2.t.3.c.i,exact_dimensions_and_unit,2. Underground circuit miles,Transmission,HFTD Tier 3,Highly rural,WUI,Circuit miles,exact,0,,,SDG&E,2023,2,v3.1,0,4,SDGE_2023_Q4_Tables1-15.xlsx,Table 7,80,N80,https://efiling.energysafety.ca.gov/eFiling/Getfile.aspx?fileid=53475&shareable=true
T7R-b71fc0286d0ba16c,1070000070,2.t.3.c.i,exact_dimensions_and_unit,2. Underground circuit miles,Transmission,HFTD Tier 3,Highly rural,WUI,Circuit miles,exact,0,,,SDG&E,2023,3,v3.1,0,4,SDGE_2023_Q4_Tables1-15.xlsx,Table 7,80,O80,https://efiling.energysafety.ca.gov/eFiling/Getfile.aspx?fileid=53475&shareable=true
T7R-d3f80a3174311c5a,1070000070,2.t.3.c.i,exact_dimensions_and_unit,2. Underground circuit miles,Transmission,HFTD Tier 3,Highly rural,WUI,Circuit miles,exact,0,,,SDG&E,2023,4,v3.1,0,4,SDGE_2023_Q4_Tables1-15.xlsx,Table 7,80,P80,https://efiling.energysafety.ca.gov/eFiling/Getfile.aspx?fileid=53475&shareable=true
T7R-173844572c173563,1070000071,2.t.3.c.ii,exact_dimensions_and_unit,2. Underground circuit miles,Transmission,HFTD Tier 3,Highly rural,Non-WUI,Circuit miles,exact,0,,,SDG&E,2023,1,v3.1,0,4,SDGE_2023_Q4_Tables1-15.xlsx,Table 7,81,M81,https://efiling.energysafety.ca.gov/eFiling/Getfile.aspx?fileid=53475&shareable=true
T7R-a15a3dc081644339,1070000071,2.t.3.c.ii,exact_dimensions_and_unit,2. Underground circuit miles,Transmission,HFTD Tier 3,Highly rural,Non-WUI,Circuit miles,exact,0,,,SDG&E,2023,2,v3.1,0,4,SDGE_2023_Q4_Tables1-15.xlsx,Table 7,81,N81,https://efiling.energysafety.ca.gov/eFiling/Getfile.aspx?fileid=53475&shareable=true
T7R-8a332af6be7e243e,1070000071,2.t.3.c.ii,exact_dimensions_and_unit,2. Underground circuit miles,Transmission,HFTD Tier 3,Highly rural,Non-WUI,Circuit miles,exact,0,,,SDG&E,2023,3,v3.1,0,4,SDGE_2023_Q4_Tables1-15.xlsx,Table 7,81,O81,https://efiling.energysafety.ca.gov/eFiling/Getfile.aspx?fileid=53475&shareable=true
T7R-37d43bb9bb6e55f3,1070000071,2.t.3.c.ii,exact_dimensions_and_unit,2. Underground circuit miles,Transmission,HFTD Tier 3,Highly rural,Non-WUI,Circuit miles,exact,0,,,SDG&E,2023,4,v3.1,0,4,SDGE_2023_Q4_Tables1-15.xlsx,Table 7,81,P81,https://efiling.energysafety.ca.gov/eFiling/Getfile.aspx?fileid=53475&shareable=true
T7R-5fe709b0063785e5,1070000072,3.0.a.i,normalized_legacy_na_to_null,3. Critical facilities,,Non-HFTD,Urban,WUI,Number of critical facilities,exact,3071,,,SDG&E,2023,1,v3.1,0,4,SDGE_2023_Q4_Tables1-15.xlsx,Table 7,82,M82,https://efiling.energysafety.ca.gov/eFiling/Getfile.aspx?fileid=53475&shareable=true
T7R-3f486fdbf8eafe95,1070000072,3.0.a.i,normalized_legacy_na_to_null,3. Critical facilities,,Non-HFTD,Urban,WUI,Number of critical facilities,exact,3059,,,SDG&E,2023,2,v3.1,0,4,SDGE_2023_Q4_Tables1-15.xlsx,Table 7,82,N82,https://efiling.energysafety.ca.gov/eFiling/Getfile.aspx?fileid=53475&shareable=true
T7R-574114627bb7e5e4,1070000072,3.0.a.i,normalized_legacy_na_to_null,3. Critical facilities,,Non-HFTD,Urban,WUI,Number of critical facilities,exact,3057,,,SDG&E,2023,3,v3.1,0,4,SDGE_2023_Q4_Tables1-15.xlsx,Table 7,82,O82,https://efiling.energysafety.ca.gov/eFiling/Getfile.aspx?fileid=53475&shareable=true
T7R-21917be2203cf9d8,1070000072,3.0.a.i,normalized_legacy_na_to_null,3. Critical facilities,,Non-HFTD,Urban,WUI,Number of critical facilities,exact,3045,,,SDG&E,2023,4,v3.1,0,4,SDGE_2023_Q4_Tables1-15.xlsx,Table 7,82,P82,https://efiling.energysafety.ca.gov/eFiling/Getfile.aspx?fileid=53475&shareable=true
T7R-afaefda5980d2153,1070000073,3.0.a.ii,normalized_legacy_na_to_null,3. Critical facilities,,Non-HFTD,Urban,Non-WUI,Number of critical facilities,exact,15520,,,SDG&E,2023,1,v3.1,0,4,SDGE_2023_Q4_Tables1-15.xlsx,Table 7,83,M83,https://efiling.energysafety.ca.gov/eFiling/Getfile.aspx?fileid=53475&shareable=true
T7R-d864556efea0c052,1070000073,3.0.a.ii,normalized_legacy_na_to_null,3. Critical facilities,,Non-HFTD,Urban,Non-WUI,Number of critical facilities,exact,15400,,,SDG&E,2023,2,v3.1,0,4,SDGE_2023_Q4_Tables1-15.xlsx,Table 7,83,N83,https://efiling.energysafety.ca.gov/eFiling/Getfile.aspx?fileid=53475&shareable=true
T7R-7f32c1a2703be6cf,1070000073,3.0.a.ii,normalized_legacy_na_to_null,3. Critical facilities,,Non-HFTD,Urban,Non-WUI,Number of critical facilities,exact,15330,,,SDG&E,2023,3,v3.1,0,4,SDGE_2023_Q4_Tables1-15.xlsx,Table 7,83,O83,https://efiling.energysafety.ca.gov/eFiling/Getfile.aspx?fileid=53475&shareable=true
T7R-83cf55c1375f8a7d,1070000073,3.0.a.ii,normalized_legacy_na_to_null,3. Critical facilities,,Non-HFTD,Urban,Non-WUI,Number of critical facilities,exact,15203,,,SDG&E,2023,4,v3.1,0,4,SDGE_2023_Q4_Tables1-15.xlsx,Table 7,83,P83,https://efiling.energysafety.ca.gov/eFiling/Getfile.aspx?fileid=53475&shareable=true
T7R-c68633686c7b17b9,1070000074,3.0.b.i,normalized_legacy_na_to_null,3. Critical facilities,,Non-HFTD,Rural,WUI,Number of critical facilities,exact,719,,,SDG&E,2023,1,v3.1,0,4,SDGE_2023_Q4_Tables1-15.xlsx,Table 7,84,M84,https://efiling.energysafety.ca.gov/eFiling/Getfile.aspx?fileid=53475&shareable=true
T7R-92270a998c8999d2,1070000074,3.0.b.i,normalized_legacy_na_to_null,3. Critical facilities,,Non-HFTD,Rural,WUI,Number of critical facilities,exact,713,,,SDG&E,2023,2,v3.1,0,4,SDGE_2023_Q4_Tables1-15.xlsx,Table 7,84,N84,https://efiling.energysafety.ca.gov/eFiling/Getfile.aspx?fileid=53475&shareable=true
T7R-7bf8c70135db2123,1070000074,3.0.b.i,normalized_legacy_na_to_null,3. Critical facilities,,Non-HFTD,Rural,WUI,Number of critical facilities,exact,713,,,SDG&E,2023,3,v3.1,0,4,SDGE_2023_Q4_Tables1-15.xlsx,Table 7,84,O84,https://efiling.energysafety.ca.gov/eFiling/Getfile.aspx?fileid=53475&shareable=true
T7R-70549224a57f9bbb,1070000074,3.0.b.i,normalized_legacy_na_to_null,3. Critical facilities,,Non-HFTD,Rural,WUI,Number of critical facilities,exact,710,,,SDG&E,2023,4,v3.1,0,4,SDGE_2023_Q4_Tables1-15.xlsx,Table 7,84,P84,https://efiling.energysafety.ca.gov/eFiling/Getfile.aspx?fileid=53475&shareable=true
T7R-13488c2e96706988,1070000075,3.0.b.ii,normalized_legacy_na_to_null,3. Critical facilities,,Non-HFTD,Rural,Non-WUI,Number of critical facilities,exact,2593,,,SDG&E,2023,1,v3.1,0,4,SDGE_2023_Q4_Tables1-15.xlsx,Table 7,85,M85,https://efiling.energysafety.ca.gov/eFiling/Getfile.aspx?fileid=53475&shareable=true
T7R-c53cbe51be3c30f4,1070000075,3.0.b.ii,normalized_legacy_na_to_null,3. Critical facilities,,Non-HFTD,Rural,Non-WUI,Number of critical facilities,exact,2551,,,SDG&E,2023,2,v3.1,0,4,SDGE_2023_Q4_Tables1-15.xlsx,Table 7,85,N85,https://efiling.energysafety.ca.gov/eFiling/Getfile.aspx?fileid=53475&shareable=true
T7R-c2d344f192bd5463,1070000075,3.0.b.ii,normalized_legacy_na_to_null,3. Critical facilities,,Non-HFTD,Rural,Non-WUI,Number of critical facilities,exact,2547,,,SDG&E,2023,3,v3.1,0,4,SDGE_2023_Q4_Tables1-15.xlsx,Table 7,85,O85,https://efiling.energysafety.ca.gov/eFiling/Getfile.aspx?fileid=53475&shareable=true
T7R-f85d6c7440101d97,1070000075,3.0.b.ii,normalized_legacy_na_to_null,3. Critical facilities,,Non-HFTD,Rural,Non-WUI,Number of critical facilities,exact,2537,,,SDG&E,2023,4,v3.1,0,4,SDGE_2023_Q4_Tables1-15.xlsx,Table 7,85,P85,https://efiling.energysafety.ca.gov/eFiling/Getfile.aspx?fileid=53475&shareable=true
T7R-195e5aa46d7766ec,1070000076,3.0.c.i,normalized_legacy_na_to_null,3. Critical facilities,,Non-HFTD,Highly rural,WUI,Number of critical facilities,exact,3,,,SDG&E,2023,1,v3.1,0,4,SDGE_2023_Q4_Tables1-15.xlsx,Table 7,86,M86,https://efiling.energysafety.ca.gov/eFiling/Getfile.aspx?fileid=53475&shareable=true
T7R-a747fb19a6a7eb84,1070000076,3.0.c.i,normalized_legacy_na_to_null,3. Critical facilities,,Non-HFTD,Highly rural,WUI,Number of critical facilities,exact,3,,,SDG&E,2023,2,v3.1,0,4,SDGE_2023_Q4_Tables1-15.xlsx,Table 7,86,N86,https://efiling.energysafety.ca.gov/eFiling/Getfile.aspx?fileid=53475&shareable=true
T7R-81cffb2e074c7774,1070000076,3.0.c.i,normalized_legacy_na_to_null,3. Critical facilities,,Non-HFTD,Highly rural,WUI,Number of critical facilities,exact,3,,,SDG&E,2023,3,v3.1,0,4,SDGE_2023_Q4_Tables1-15.xlsx,Table 7,86,O86,https://efiling.energysafety.ca.gov/eFiling/Getfile.aspx?fileid=53475&shareable=true
T7R-f94f9316954e0c13,1070000076,3.0.c.i,normalized_legacy_na_to_null,3. Critical facilities,,Non-HFTD,Highly rural,WUI,Number of critical facilities,exact,3,,,SDG&E,2023,4,v3.1,0,4,SDGE_2023_Q4_Tables1-15.xlsx,Table 7,86,P86,https://efiling.energysafety.ca.gov/eFiling/Getfile.aspx?fileid=53475&shareable=true
T7R-8d2495648b1e6193,1070000077,3.0.c.ii,normalized_legacy_na_to_null,3. Critical facilities,,Non-HFTD,Highly rural,Non-WUI,Number of critical facilities,exact,139,,,SDG&E,2023,1,v3.1,0,4,SDGE_2023_Q4_Tables1-15.xlsx,Table 7,87,M87,https://efiling.energysafety.ca.gov/eFiling/Getfile.aspx?fileid=53475&shareable=true
T7R-73ff989a6339f51a,1070000077,3.0.c.ii,normalized_legacy_na_to_null,3. Critical facilities,,Non-HFTD,Highly rural,Non-WUI,Number of critical facilities,exact,138,,,SDG&E,2023,2,v3.1,0,4,SDGE_2023_Q4_Tables1-15.xlsx,Table 7,87,N87,https://efiling.energysafety.ca.gov/eFiling/Getfile.aspx?fileid=53475&shareable=true
T7R-7d360f2662bdd337,1070000077,3.0.c.ii,normalized_legacy_na_to_null,3. Critical facilities,,Non-HFTD,Highly rural,Non-WUI,Number of critical facilities,exact,138,,,SDG&E,2023,3,v3.1,0,4,SDGE_2023_Q4_Tables1-15.xlsx,Table 7,87,O87,https://efiling.energysafety.ca.gov/eFiling/Getfile.aspx?fileid=53475&shareable=true
T7R-2de0d08ad7610eec,1070000077,3.0.c.ii,normalized_legacy_na_to_null,3. Critical facilities,,Non-HFTD,Highly rural,Non-WUI,Number of critical facilities,exact,138,,,SDG&E,2023,4,v3.1,0,4,SDGE_2023_Q4_Tables1-15.xlsx,Table 7,87,P87,https://efiling.energysafety.ca.gov/eFiling/Getfile.aspx?fileid=53475&shareable=true
T7R-fc6244fa5de3819c,1070000078,3.2.a.i,normalized_legacy_na_to_null,3. Critical facilities,,HFTD Tier 2,Urban,WUI,Number of critical facilities,exact,879,,,SDG&E,2023,1,v3.1,0,4,SDGE_2023_Q4_Tables1-15.xlsx,Table 7,88,M88,https://efiling.energysafety.ca.gov/eFiling/Getfile.aspx?fileid=53475&shareable=true
T7R-fc9e1301b8e3b361,1070000078,3.2.a.i,normalized_legacy_na_to_null,3. Critical facilities,,HFTD Tier 2,Urban,WUI,Number of critical facilities,exact,877,,,SDG&E,2023,2,v3.1,0,4,SDGE_2023_Q4_Tables1-15.xlsx,Table 7,88,N88,https://efiling.energysafety.ca.gov/eFiling/Getfile.aspx?fileid=53475&shareable=true
T7R-53d28eb7c0904943,1070000078,3.2.a.i,normalized_legacy_na_to_null,3. Critical facilities,,HFTD Tier 2,Urban,WUI,Number of critical facilities,exact,880,,,SDG&E,2023,3,v3.1,0,4,SDGE_2023_Q4_Tables1-15.xlsx,Table 7,88,O88,https://efiling.energysafety.ca.gov/eFiling/Getfile.aspx?fileid=53475&shareable=true
T7R-9df37ffaafaa9659,1070000078,3.2.a.i,normalized_legacy_na_to_null,3. Critical facilities,,HFTD Tier 2,Urban,WUI,Number of critical facilities,exact,882,,,SDG&E,2023,4,v3.1,0,4,SDGE_2023_Q4_Tables1-15.xlsx,Table 7,88,P88,https://efiling.energysafety.ca.gov/eFiling/Getfile.aspx?fileid=53475&shareable=true
T7R-1a01df2852d188e1,1070000079,3.2.a.ii,normalized_legacy_na_to_null,3. Critical facilities,,HFTD Tier 2,Urban,Non-WUI,Number of critical facilities,exact,344,,,SDG&E,2023,1,v3.1,0,4,SDGE_2023_Q4_Tables1-15.xlsx,Table 7,89,M89,https://efiling.energysafety.ca.gov/eFiling/Getfile.aspx?fileid=53475&shareable=true
T7R-09cf9fd779fb9047,1070000079,3.2.a.ii,normalized_legacy_na_to_null,3. Critical facilities,,HFTD Tier 2,Urban,Non-WUI,Number of critical facilities,exact,342,,,SDG&E,2023,2,v3.1,0,4,SDGE_2023_Q4_Tables1-15.xlsx,Table 7,89,N89,https://efiling.energysafety.ca.gov/eFiling/Getfile.aspx?fileid=53475&shareable=true
T7R-41bc7b32aa73416f,1070000079,3.2.a.ii,normalized_legacy_na_to_null,3. Critical facilities,,HFTD Tier 2,Urban,Non-WUI,Number of critical facilities,exact,342,,,SDG&E,2023,3,v3.1,0,4,SDGE_2023_Q4_Tables1-15.xlsx,Table 7,89,O89,https://efiling.energysafety.ca.gov/eFiling/Getfile.aspx?fileid=53475&shareable=true
T7R-6def5c04be6e61f2,1070000079,3.2.a.ii,normalized_legacy_na_to_null,3. Critical facilities,,HFTD Tier 2,Urban,Non-WUI,Number of critical facilities,exact,340,,,SDG&E,2023,4,v3.1,0,4,SDGE_2023_Q4_Tables1-15.xlsx,Table 7,89,P89,https://efiling.energysafety.ca.gov/eFiling/Getfile.aspx?fileid=53475&shareable=true
T7R-c68c5b9b3f87ea23,1070000080,3.2.b.i,normalized_legacy_na_to_null,3. Critical facilities,,HFTD Tier 2,Rural,WUI,Number of critical facilities,exact,1056,,,SDG&E,2023,1,v3.1,0,4,SDGE_2023_Q4_Tables1-15.xlsx,Table 7,90,M90,https://efiling.energysafety.ca.gov/eFiling/Getfile.aspx?fileid=53475&shareable=true
T7R-c6d30fe7eaf5feef,1070000080,3.2.b.i,normalized_legacy_na_to_null,3. Critical facilities,,HFTD Tier 2,Rural,WUI,Number of critical facilities,exact,1051,,,SDG&E,2023,2,v3.1,0,4,SDGE_2023_Q4_Tables1-15.xlsx,Table 7,90,N90,https://efiling.energysafety.ca.gov/eFiling/Getfile.aspx?fileid=53475&shareable=true
T7R-3f69937d4cdb1e25,1070000080,3.2.b.i,normalized_legacy_na_to_null,3. Critical facilities,,HFTD Tier 2,Rural,WUI,Number of critical facilities,exact,1048,,,SDG&E,2023,3,v3.1,0,4,SDGE_2023_Q4_Tables1-15.xlsx,Table 7,90,O90,https://efiling.energysafety.ca.gov/eFiling/Getfile.aspx?fileid=53475&shareable=true
T7R-774558a4932af524,1070000080,3.2.b.i,normalized_legacy_na_to_null,3. Critical facilities,,HFTD Tier 2,Rural,WUI,Number of critical facilities,exact,1047,,,SDG&E,2023,4,v3.1,0,4,SDGE_2023_Q4_Tables1-15.xlsx,Table 7,90,P90,https://efiling.energysafety.ca.gov/eFiling/Getfile.aspx?fileid=53475&shareable=true
T7R-ae94afba8712a144,1070000081,3.2.b.ii,normalized_legacy_na_to_null,3. Critical facilities,,HFTD Tier 2,Rural,Non-WUI,Number of critical facilities,exact,952,,,SDG&E,2023,1,v3.1,0,4,SDGE_2023_Q4_Tables1-15.xlsx,Table 7,91,M91,https://efiling.energysafety.ca.gov/eFiling/Getfile.aspx?fileid=53475&shareable=true
T7R-4f22d8403c7eff6e,1070000081,3.2.b.ii,normalized_legacy_na_to_null,3. Critical facilities,,HFTD Tier 2,Rural,Non-WUI,Number of critical facilities,exact,934,,,SDG&E,2023,2,v3.1,0,4,SDGE_2023_Q4_Tables1-15.xlsx,Table 7,91,N91,https://efiling.energysafety.ca.gov/eFiling/Getfile.aspx?fileid=53475&shareable=true
T7R-7b874e7175a44697,1070000081,3.2.b.ii,normalized_legacy_na_to_null,3. Critical facilities,,HFTD Tier 2,Rural,Non-WUI,Number of critical facilities,exact,935,,,SDG&E,2023,3,v3.1,0,4,SDGE_2023_Q4_Tables1-15.xlsx,Table 7,91,O91,https://efiling.energysafety.ca.gov/eFiling/Getfile.aspx?fileid=53475&shareable=true
T7R-14d9b0ad2f3517bd,1070000081,3.2.b.ii,normalized_legacy_na_to_null,3. Critical facilities,,HFTD Tier 2,Rural,Non-WUI,Number of critical facilities,exact,934,,,SDG&E,2023,4,v3.1,0,4,SDGE_2023_Q4_Tables1-15.xlsx,Table 7,91,P91,https://efiling.energysafety.ca.gov/eFiling/Getfile.aspx?fileid=53475&shareable=true
T7R-1f92cc2f73a5f4db,1070000082,3.2.c.i,normalized_legacy_na_to_null,3. Critical facilities,,HFTD Tier 2,Highly rural,WUI,Number of critical facilities,exact,20,,,SDG&E,2023,1,v3.1,0,4,SDGE_2023_Q4_Tables1-15.xlsx,Table 7,92,M92,https://efiling.energysafety.ca.gov/eFiling/Getfile.aspx?fileid=53475&shareable=true
T7R-35b808b0cf75ffaf,1070000082,3.2.c.i,normalized_legacy_na_to_null,3. Critical facilities,,HFTD Tier 2,Highly rural,WUI,Number of critical facilities,exact,20,,,SDG&E,2023,2,v3.1,0,4,SDGE_2023_Q4_Tables1-15.xlsx,Table 7,92,N92,https://efiling.energysafety.ca.gov/eFiling/Getfile.aspx?fileid=53475&shareable=true
T7R-30c39aa08388daa6,1070000082,3.2.c.i,normalized_legacy_na_to_null,3. Critical facilities,,HFTD Tier 2,Highly rural,WUI,Number of critical facilities,exact,20,,,SDG&E,2023,3,v3.1,0,4,SDGE_2023_Q4_Tables1-15.xlsx,Table 7,92,O92,https://efiling.energysafety.ca.gov/eFiling/Getfile.aspx?fileid=53475&shareable=true
T7R-9bba6746242b4d1a,1070000082,3.2.c.i,normalized_legacy_na_to_null,3. Critical facilities,,HFTD Tier 2,Highly rural,WUI,Number of critical facilities,exact,20,,,SDG&E,2023,4,v3.1,0,4,SDGE_2023_Q4_Tables1-15.xlsx,Table 7,92,P92,https://efiling.energysafety.ca.gov/eFiling/Getfile.aspx?fileid=53475&shareable=true
T7R-542d7b9709ed6f58,1070000083,3.2.c.ii,normalized_legacy_na_to_null,3. Critical facilities,,HFTD Tier 2,Highly rural,Non-WUI,Number of critical facilities,exact,83,,,SDG&E,2023,1,v3.1,0,4,SDGE_2023_Q4_Tables1-15.xlsx,Table 7,93,M93,https://efiling.energysafety.ca.gov/eFiling/Getfile.aspx?fileid=53475&shareable=true
T7R-8e4e86d8a0bf2f13,1070000083,3.2.c.ii,normalized_legacy_na_to_null,3. Critical facilities,,HFTD Tier 2,Highly rural,Non-WUI,Number of critical facilities,exact,82,,,SDG&E,2023,2,v3.1,0,4,SDGE_2023_Q4_Tables1-15.xlsx,Table 7,93,N93,https://efiling.energysafety.ca.gov/eFiling/Getfile.aspx?fileid=53475&shareable=true
T7R-ae393062dfddd426,1070000083,3.2.c.ii,normalized_legacy_na_to_null,3. Critical facilities,,HFTD Tier 2,Highly rural,Non-WUI,Number of critical facilities,exact,81,,,SDG&E,2023,3,v3.1,0,4,SDGE_2023_Q4_Tables1-15.xlsx,Table 7,93,O93,https://efiling.energysafety.ca.gov/eFiling/Getfile.aspx?fileid=53475&shareable=true
T7R-9b3d922223628486,1070000083,3.2.c.ii,normalized_legacy_na_to_null,3. Critical facilities,,HFTD Tier 2,Highly rural,Non-WUI,Number of critical facilities,exact,81,,,SDG&E,2023,4,v3.1,0,4,SDGE_2023_Q4_Tables1-15.xlsx,Table 7,93,P93,https://efiling.energysafety.ca.gov/eFiling/Getfile.aspx?fileid=53475&shareable=true
T7R-83fff0cc0e73971f,1070000084,3.3.a.i,normalized_legacy_na_to_null,3. Critical facilities,,HFTD Tier 3,Urban,WUI,Number of critical facilities,exact,5,,,SDG&E,2023,1,v3.1,0,4,SDGE_2023_Q4_Tables1-15.xlsx,Table 7,94,M94,https://efiling.energysafety.ca.gov/eFiling/Getfile.aspx?fileid=53475&shareable=true
T7R-06e9642024e4f4c7,1070000084,3.3.a.i,normalized_legacy_na_to_null,3. Critical facilities,,HFTD Tier 3,Urban,WUI,Number of critical facilities,exact,4,,,SDG&E,2023,2,v3.1,0,4,SDGE_2023_Q4_Tables1-15.xlsx,Table 7,94,N94,https://efiling.energysafety.ca.gov/eFiling/Getfile.aspx?fileid=53475&shareable=true
T7R-ab0b94ad6a8fc89b,1070000084,3.3.a.i,normalized_legacy_na_to_null,3. Critical facilities,,HFTD Tier 3,Urban,WUI,Number of critical facilities,exact,4,,,SDG&E,2023,3,v3.1,0,4,SDGE_2023_Q4_Tables1-15.xlsx,Table 7,94,O94,https://efiling.energysafety.ca.gov/eFiling/Getfile.aspx?fileid=53475&shareable=true
T7R-d8c6b695621e88f5,1070000084,3.3.a.i,normalized_legacy_na_to_null,3. Critical facilities,,HFTD Tier 3,Urban,WUI,Number of critical facilities,exact,4,,,SDG&E,2023,4,v3.1,0,4,SDGE_2023_Q4_Tables1-15.xlsx,Table 7,94,P94,https://efiling.energysafety.ca.gov/eFiling/Getfile.aspx?fileid=53475&shareable=true
T7R-6c1034242a773b2d,1070000085,3.3.a.ii,normalized_legacy_na_to_null,3. Critical facilities,,HFTD Tier 3,Urban,Non-WUI,Number of critical facilities,exact,0,,,SDG&E,2023,1,v3.1,0,4,SDGE_2023_Q4_Tables1-15.xlsx,Table 7,95,M95,https://efiling.energysafety.ca.gov/eFiling/Getfile.aspx?fileid=53475&shareable=true
T7R-0bc0e4dabeed4ce1,1070000085,3.3.a.ii,normalized_legacy_na_to_null,3. Critical facilities,,HFTD Tier 3,Urban,Non-WUI,Number of critical facilities,exact,0,,,SDG&E,2023,2,v3.1,0,4,SDGE_2023_Q4_Tables1-15.xlsx,Table 7,95,N95,https://efiling.energysafety.ca.gov/eFiling/Getfile.aspx?fileid=53475&shareable=true
T7R-5c8792d94ca0d0fc,1070000085,3.3.a.ii,normalized_legacy_na_to_null,3. Critical facilities,,HFTD Tier 3,Urban,Non-WUI,Number of critical facilities,exact,0,,,SDG&E,2023,3,v3.1,0,4,SDGE_2023_Q4_Tables1-15.xlsx,Table 7,95,O95,https://efiling.energysafety.ca.gov/eFiling/Getfile.aspx?fileid=53475&shareable=true
T7R-c77061008c59961b,1070000085,3.3.a.ii,normalized_legacy_na_to_null,3. Critical facilities,,HFTD Tier 3,Urban,Non-WUI,Number of critical facilities,exact,0,,,SDG&E,2023,4,v3.1,0,4,SDGE_2023_Q4_Tables1-15.xlsx,Table 7,95,P95,https://efiling.energysafety.ca.gov/eFiling/Getfile.aspx?fileid=53475&shareable=true
T7R-fe4fecba217412e9,1070000086,3.3.b.i,normalized_legacy_na_to_null,3. Critical facilities,,HFTD Tier 3,Rural,WUI,Number of critical facilities,exact,519,,,SDG&E,2023,1,v3.1,0,4,SDGE_2023_Q4_Tables1-15.xlsx,Table 7,96,M96,https://efiling.energysafety.ca.gov/eFiling/Getfile.aspx?fileid=53475&shareable=true
T7R-83cd19daca304edd,1070000086,3.3.b.i,normalized_legacy_na_to_null,3. Critical facilities,,HFTD Tier 3,Rural,WUI,Number of critical facilities,exact,519,,,SDG&E,2023,2,v3.1,0,4,SDGE_2023_Q4_Tables1-15.xlsx,Table 7,96,N96,https://efiling.energysafety.ca.gov/eFiling/Getfile.aspx?fileid=53475&shareable=true
T7R-9d0c4a3686dce625,1070000086,3.3.b.i,normalized_legacy_na_to_null,3. Critical facilities,,HFTD Tier 3,Rural,WUI,Number of critical facilities,exact,519,,,SDG&E,2023,3,v3.1,0,4,SDGE_2023_Q4_Tables1-15.xlsx,Table 7,96,O96,https://efiling.energysafety.ca.gov/eFiling/Getfile.aspx?fileid=53475&shareable=true
T7R-e491fdd2e9aedc87,1070000086,3.3.b.i,normalized_legacy_na_to_null,3. Critical facilities,,HFTD Tier 3,Rural,WUI,Number of critical facilities,exact,515,,,SDG&E,2023,4,v3.1,0,4,SDGE_2023_Q4_Tables1-15.xlsx,Table 7,96,P96,https://efiling.energysafety.ca.gov/eFiling/Getfile.aspx?fileid=53475&shareable=true
T7R-c5554cfd70f0cd62,1070000087,3.3.b.ii,normalized_legacy_na_to_null,3. Critical facilities,,HFTD Tier 3,Rural,Non-WUI,Number of critical facilities,exact,785,,,SDG&E,2023,1,v3.1,0,4,SDGE_2023_Q4_Tables1-15.xlsx,Table 7,97,M97,https://efiling.energysafety.ca.gov/eFiling/Getfile.aspx?fileid=53475&shareable=true
T7R-efd757ae25559c04,1070000087,3.3.b.ii,normalized_legacy_na_to_null,3. Critical facilities,,HFTD Tier 3,Rural,Non-WUI,Number of critical facilities,exact,783,,,SDG&E,2023,2,v3.1,0,4,SDGE_2023_Q4_Tables1-15.xlsx,Table 7,97,N97,https://efiling.energysafety.ca.gov/eFiling/Getfile.aspx?fileid=53475&shareable=true
T7R-113b576615b8a9c5,1070000087,3.3.b.ii,normalized_legacy_na_to_null,3. Critical facilities,,HFTD Tier 3,Rural,Non-WUI,Number of critical facilities,exact,784,,,SDG&E,2023,3,v3.1,0,4,SDGE_2023_Q4_Tables1-15.xlsx,Table 7,97,O97,https://efiling.energysafety.ca.gov/eFiling/Getfile.aspx?fileid=53475&shareable=true
T7R-cff5de5cf0ea5cba,1070000087,3.3.b.ii,normalized_legacy_na_to_null,3. Critical facilities,,HFTD Tier 3,Rural,Non-WUI,Number of critical facilities,exact,781,,,SDG&E,2023,4,v3.1,0,4,SDGE_2023_Q4_Tables1-15.xlsx,Table 7,97,P97,https://efiling.energysafety.ca.gov/eFiling/Getfile.aspx?fileid=53475&shareable=true
T7R-f4db8a6726528259,1070000088,3.3.c.i,normalized_legacy_na_to_null,3. Critical facilities,,HFTD Tier 3,Highly rural,WUI,Number of critical facilities,exact,45,,,SDG&E,2023,1,v3.1,0,4,SDGE_2023_Q4_Tables1-15.xlsx,Table 7,98,M98,https://efiling.energysafety.ca.gov/eFiling/Getfile.aspx?fileid=53475&shareable=true
T7R-99fb635f6116757e,1070000088,3.3.c.i,normalized_legacy_na_to_null,3. Critical facilities,,HFTD Tier 3,Highly rural,WUI,Number of critical facilities,exact,45,,,SDG&E,2023,2,v3.1,0,4,SDGE_2023_Q4_Tables1-15.xlsx,Table 7,98,N98,https://efiling.energysafety.ca.gov/eFiling/Getfile.aspx?fileid=53475&shareable=true
T7R-60bb39ce5b4003cc,1070000088,3.3.c.i,normalized_legacy_na_to_null,3. Critical facilities,,HFTD Tier 3,Highly rural,WUI,Number of critical facilities,exact,45,,,SDG&E,2023,3,v3.1,0,4,SDGE_2023_Q4_Tables1-15.xlsx,Table 7,98,O98,https://efiling.energysafety.ca.gov/eFiling/Getfile.aspx?fileid=53475&shareable=true
T7R-75a1859b3d438fa8,1070000088,3.3.c.i,normalized_legacy_na_to_null,3. Critical facilities,,HFTD Tier 3,Highly rural,WUI,Number of critical facilities,exact,45,,,SDG&E,2023,4,v3.1,0,4,SDGE_2023_Q4_Tables1-15.xlsx,Table 7,98,P98,https://efiling.energysafety.ca.gov/eFiling/Getfile.aspx?fileid=53475&shareable=true
T7R-c484c6fba53dcb40,1070000089,3.3.c.ii,normalized_legacy_na_to_null,3. Critical facilities,,HFTD Tier 3,Highly rural,Non-WUI,Number of critical facilities,exact,76,,,SDG&E,2023,1,v3.1,0,4,SDGE_2023_Q4_Tables1-15.xlsx,Table 7,99,M99,https://efiling.energysafety.ca.gov/eFiling/Getfile.aspx?fileid=53475&shareable=true
T7R-106b9e2beb5d9e41,1070000089,3.3.c.ii,normalized_legacy_na_to_null,3. Critical facilities,,HFTD Tier 3,Highly rural,Non-WUI,Number of critical facilities,exact,76,,,SDG&E,2023,2,v3.1,0,4,SDGE_2023_Q4_Tables1-15.xlsx,Table 7,99,N99,https://efiling.energysafety.ca.gov/eFiling/Getfile.aspx?fileid=53475&shareable=true
T7R-0b4956ad13c960de,1070000089,3.3.c.ii,normalized_legacy_na_to_null,3. Critical facilities,,HFTD Tier 3,Highly rural,Non-WUI,Number of critical facilities,exact,76,,,SDG&E,2023,3,v3.1,0,4,SDGE_2023_Q4_Tables1-15.xlsx,Table 7,99,O99,https://efiling.energysafety.ca.gov/eFiling/Getfile.aspx?fileid=53475&shareable=true
T7R-31d68699bdbc9c20,1070000089,3.3.c.ii,normalized_legacy_na_to_null,3. Critical facilities,,HFTD Tier 3,Highly rural,Non-WUI,Number of critical facilities,exact,76,,,SDG&E,2023,4,v3.1,0,4,SDGE_2023_Q4_Tables1-15.xlsx,Table 7,99,P99,https://efiling.energysafety.ca.gov/eFiling/Getfile.aspx?fileid=53475&shareable=true
T7R-a0d0f36ab2ac3c66,1070000090,4.0.a.i,normalized_legacy_na_to_null,4. Residential customers,,Non-HFTD,Urban,WUI,Number of residential customers,exact,202677,"GIS is an as-built system, historical customer counts are not available.",,SDG&E,2023,1,v3.1,0,4,SDGE_2023_Q4_Tables1-15.xlsx,Table 7,100,M100,https://efiling.energysafety.ca.gov/eFiling/Getfile.aspx?fileid=53475&shareable=true
T7R-43adf2d10833f0c8,1070000090,4.0.a.i,normalized_legacy_na_to_null,4. Residential customers,,Non-HFTD,Urban,WUI,Number of residential customers,exact,202851,"GIS is an as-built system, historical customer counts are not available.",,SDG&E,2023,2,v3.1,0,4,SDGE_2023_Q4_Tables1-15.xlsx,Table 7,100,N100,https://efiling.energysafety.ca.gov/eFiling/Getfile.aspx?fileid=53475&shareable=true
T7R-71b36542c95c6f53,1070000090,4.0.a.i,normalized_legacy_na_to_null,4. Residential customers,,Non-HFTD,Urban,WUI,Number of residential customers,exact,202899,"GIS is an as-built system, historical customer counts are not available.",,SDG&E,2023,3,v3.1,0,4,SDGE_2023_Q4_Tables1-15.xlsx,Table 7,100,O100,https://efiling.energysafety.ca.gov/eFiling/Getfile.aspx?fileid=53475&shareable=true
T7R-cf82b2cf1221576e,1070000090,4.0.a.i,normalized_legacy_na_to_null,4. Residential customers,,Non-HFTD,Urban,WUI,Number of residential customers,exact,202909,"GIS is an as-built system, historical customer counts are not available.",,SDG&E,2023,4,v3.1,0,4,SDGE_2023_Q4_Tables1-15.xlsx,Table 7,100,P100,https://efiling.energysafety.ca.gov/eFiling/Getfile.aspx?fileid=53475&shareable=true
T7R-a87a2f85e8087b27,1070000091,4.0.a.ii,normalized_legacy_na_to_null,4. Residential customers,,Non-HFTD,Urban,Non-WUI,Number of residential customers,exact,880414,"GIS is an as-built system, historical customer counts are not available.",,SDG&E,2023,1,v3.1,0,4,SDGE_2023_Q4_Tables1-15.xlsx,Table 7,101,M101,https://efiling.energysafety.ca.gov/eFiling/Getfile.aspx?fileid=53475&shareable=true
T7R-7e5f52c6102c70ec,1070000091,4.0.a.ii,normalized_legacy_na_to_null,4. Residential customers,,Non-HFTD,Urban,Non-WUI,Number of residential customers,exact,882243,"GIS is an as-built system, historical customer counts are not available.",,SDG&E,2023,2,v3.1,0,4,SDGE_2023_Q4_Tables1-15.xlsx,Table 7,101,N101,https://efiling.energysafety.ca.gov/eFiling/Getfile.aspx?fileid=53475&shareable=true
T7R-71a51fbaccae3318,1070000091,4.0.a.ii,normalized_legacy_na_to_null,4. Residential customers,,Non-HFTD,Urban,Non-WUI,Number of residential customers,exact,884158,"GIS is an as-built system, historical customer counts are not available.",,SDG&E,2023,3,v3.1,0,4,SDGE_2023_Q4_Tables1-15.xlsx,Table 7,101,O101,https://efiling.energysafety.ca.gov/eFiling/Getfile.aspx?fileid=53475&shareable=true
T7R-ab14d56464aa68f5,1070000091,4.0.a.ii,normalized_legacy_na_to_null,4. Residential customers,,Non-HFTD,Urban,Non-WUI,Number of residential customers,exact,885546,"GIS is an as-built system, historical customer counts are not available.",,SDG&E,2023,4,v3.1,0,4,SDGE_2023_Q4_Tables1-15.xlsx,Table 7,101,P101,https://efiling.energysafety.ca.gov/eFiling/Getfile.aspx?fileid=53475&shareable=true
T7R-af752ae88df5bc02,1070000092,4.0.b.i,normalized_legacy_na_to_null,4. Residential customers,,Non-HFTD,Rural,WUI,Number of residential customers,exact,36938,"GIS is an as-built system, historical customer counts are not available.",,SDG&E,2023,1,v3.1,0,4,SDGE_2023_Q4_Tables1-15.xlsx,Table 7,102,M102,https://efiling.energysafety.ca.gov/eFiling/Getfile.aspx?fileid=53475&shareable=true
T7R-89e29cc499f8374a,1070000092,4.0.b.i,normalized_legacy_na_to_null,4. Residential customers,,Non-HFTD,Rural,WUI,Number of residential customers,exact,36985,"GIS is an as-built system, historical customer counts are not available.",,SDG&E,2023,2,v3.1,0,4,SDGE_2023_Q4_Tables1-15.xlsx,Table 7,102,N102,https://efiling.energysafety.ca.gov/eFiling/Getfile.aspx?fileid=53475&shareable=true
T7R-d467cff51e32ee53,1070000092,4.0.b.i,normalized_legacy_na_to_null,4. Residential customers,,Non-HFTD,Rural,WUI,Number of residential customers,exact,37005,"GIS is an as-built system, historical customer counts are not available.",,SDG&E,2023,3,v3.1,0,4,SDGE_2023_Q4_Tables1-15.xlsx,Table 7,102,O102,https://efiling.energysafety.ca.gov/eFiling/Getfile.aspx?fileid=53475&shareable=true
T7R-63479013db266a21,1070000092,4.0.b.i,normalized_legacy_na_to_null,4. Residential customers,,Non-HFTD,Rural,WUI,Number of residential customers,exact,37050,"GIS is an as-built system, historical customer counts are not available.",,SDG&E,2023,4,v3.1,0,4,SDGE_2023_Q4_Tables1-15.xlsx,Table 7,102,P102,https://efiling.energysafety.ca.gov/eFiling/Getfile.aspx?fileid=53475&shareable=true
T7R-772f18e41f5f83fc,1070000093,4.0.b.ii,normalized_legacy_na_to_null,4. Residential customers,,Non-HFTD,Rural,Non-WUI,Number of residential customers,exact,38473,"GIS is an as-built system, historical customer counts are not available.",,SDG&E,2023,1,v3.1,0,4,SDGE_2023_Q4_Tables1-15.xlsx,Table 7,103,M103,https://efiling.energysafety.ca.gov/eFiling/Getfile.aspx?fileid=53475&shareable=true
T7R-43bce9b4643f2303,1070000093,4.0.b.ii,normalized_legacy_na_to_null,4. Residential customers,,Non-HFTD,Rural,Non-WUI,Number of residential customers,exact,38632,"GIS is an as-built system, historical customer counts are not available.",,SDG&E,2023,2,v3.1,0,4,SDGE_2023_Q4_Tables1-15.xlsx,Table 7,103,N103,https://efiling.energysafety.ca.gov/eFiling/Getfile.aspx?fileid=53475&shareable=true
T7R-0b303247ed510a3c,1070000093,4.0.b.ii,normalized_legacy_na_to_null,4. Residential customers,,Non-HFTD,Rural,Non-WUI,Number of residential customers,exact,38703,"GIS is an as-built system, historical customer counts are not available.",,SDG&E,2023,3,v3.1,0,4,SDGE_2023_Q4_Tables1-15.xlsx,Table 7,103,O103,https://efiling.energysafety.ca.gov/eFiling/Getfile.aspx?fileid=53475&shareable=true
T7R-dca694f02752403a,1070000093,4.0.b.ii,normalized_legacy_na_to_null,4. Residential customers,,Non-HFTD,Rural,Non-WUI,Number of residential customers,exact,38803,"GIS is an as-built system, historical customer counts are not available.",,SDG&E,2023,4,v3.1,0,4,SDGE_2023_Q4_Tables1-15.xlsx,Table 7,103,P103,https://efiling.energysafety.ca.gov/eFiling/Getfile.aspx?fileid=53475&shareable=true
T7R-3ec77d6a6e120a41,1070000094,4.0.c.i,normalized_legacy_na_to_null,4. Residential customers,,Non-HFTD,Highly rural,WUI,Number of residential customers,exact,997,"GIS is an as-built system, historical customer counts are not available.",,SDG&E,2023,1,v3.1,0,4,SDGE_2023_Q4_Tables1-15.xlsx,Table 7,104,M104,https://efiling.energysafety.ca.gov/eFiling/Getfile.aspx?fileid=53475&shareable=true
T7R-7b2456327e07c44d,1070000094,4.0.c.i,normalized_legacy_na_to_null,4. Residential customers,,Non-HFTD,Highly rural,WUI,Number of residential customers,exact,996,"GIS is an as-built system, historical customer counts are not available.",,SDG&E,2023,2,v3.1,0,4,SDGE_2023_Q4_Tables1-15.xlsx,Table 7,104,N104,https://efiling.energysafety.ca.gov/eFiling/Getfile.aspx?fileid=53475&shareable=true
T7R-358ae0d04da64d0c,1070000094,4.0.c.i,normalized_legacy_na_to_null,4. Residential customers,,Non-HFTD,Highly rural,WUI,Number of residential customers,exact,996,"GIS is an as-built system, historical customer counts are not available.",,SDG&E,2023,3,v3.1,0,4,SDGE_2023_Q4_Tables1-15.xlsx,Table 7,104,O104,https://efiling.energysafety.ca.gov/eFiling/Getfile.aspx?fileid=53475&shareable=true
T7R-3b9c6e61539f8c12,1070000094,4.0.c.i,normalized_legacy_na_to_null,4. Residential customers,,Non-HFTD,Highly rural,WUI,Number of residential customers,exact,999,"GIS is an as-built system, historical customer counts are not available.",,SDG&E,2023,4,v3.1,0,4,SDGE_2023_Q4_Tables1-15.xlsx,Table 7,104,P104,https://efiling.energysafety.ca.gov/eFiling/Getfile.aspx?fileid=53475&shareable=true
T7R-717cae1b38455cae,1070000095,4.0.c.ii,normalized_legacy_na_to_null,4. Residential customers,,Non-HFTD,Highly rural,Non-WUI,Number of residential customers,exact,1668,"GIS is an as-built system, historical customer counts are not available.",,SDG&E,2023,1,v3.1,0,4,SDGE_2023_Q4_Tables1-15.xlsx,Table 7,105,M105,https://efiling.energysafety.ca.gov/eFiling/Getfile.aspx?fileid=53475&shareable=true
T7R-2617ad0be1a1cfda,1070000095,4.0.c.ii,normalized_legacy_na_to_null,4. Residential customers,,Non-HFTD,Highly rural,Non-WUI,Number of residential customers,exact,1678,"GIS is an as-built system, historical customer counts are not available.",,SDG&E,2023,2,v3.1,0,4,SDGE_2023_Q4_Tables1-15.xlsx,Table 7,105,N105,https://efiling.energysafety.ca.gov/eFiling/Getfile.aspx?fileid=53475&shareable=true
T7R-a8966decd0e981ee,1070000095,4.0.c.ii,normalized_legacy_na_to_null,4. Residential customers,,Non-HFTD,Highly rural,Non-WUI,Number of residential customers,exact,1680,"GIS is an as-built system, historical customer counts are not available.",,SDG&E,2023,3,v3.1,0,4,SDGE_2023_Q4_Tables1-15.xlsx,Table 7,105,O105,https://efiling.energysafety.ca.gov/eFiling/Getfile.aspx?fileid=53475&shareable=true
T7R-5737e9c5eba83e68,1070000095,4.0.c.ii,normalized_legacy_na_to_null,4. Residential customers,,Non-HFTD,Highly rural,Non-WUI,Number of residential customers,exact,1678,"GIS is an as-built system, historical customer counts are not available.",,SDG&E,2023,4,v3.1,0,4,SDGE_2023_Q4_Tables1-15.xlsx,Table 7,105,P105,https://efiling.energysafety.ca.gov/eFiling/Getfile.aspx?fileid=53475&shareable=true
T7R-ad0f5945bd31dd54,1070000096,4.2.a.i,normalized_legacy_na_to_null,4. Residential customers,,HFTD Tier 2,Urban,WUI,Number of residential customers,exact,66670,"GIS is an as-built system, historical customer counts are not available.",,SDG&E,2023,1,v3.1,0,4,SDGE_2023_Q4_Tables1-15.xlsx,Table 7,106,M106,https://efiling.energysafety.ca.gov/eFiling/Getfile.aspx?fileid=53475&shareable=true
T7R-cee4fc1203d67586,1070000096,4.2.a.i,normalized_legacy_na_to_null,4. Residential customers,,HFTD Tier 2,Urban,WUI,Number of residential customers,exact,66798,"GIS is an as-built system, historical customer counts are not available.",,SDG&E,2023,2,v3.1,0,4,SDGE_2023_Q4_Tables1-15.xlsx,Table 7,106,N106,https://efiling.energysafety.ca.gov/eFiling/Getfile.aspx?fileid=53475&shareable=true
T7R-70424aec764cb836,1070000096,4.2.a.i,normalized_legacy_na_to_null,4. Residential customers,,HFTD Tier 2,Urban,WUI,Number of residential customers,exact,66994,"GIS is an as-built system, historical customer counts are not available.",,SDG&E,2023,3,v3.1,0,4,SDGE_2023_Q4_Tables1-15.xlsx,Table 7,106,O106,https://efiling.energysafety.ca.gov/eFiling/Getfile.aspx?fileid=53475&shareable=true
T7R-ca7756bfc44f4512,1070000096,4.2.a.i,normalized_legacy_na_to_null,4. Residential customers,,HFTD Tier 2,Urban,WUI,Number of residential customers,exact,67135,"GIS is an as-built system, historical customer counts are not available.",,SDG&E,2023,4,v3.1,0,4,SDGE_2023_Q4_Tables1-15.xlsx,Table 7,106,P106,https://efiling.energysafety.ca.gov/eFiling/Getfile.aspx?fileid=53475&shareable=true
T7R-a9707b7840b0c400,1070000097,4.2.a.ii,normalized_legacy_na_to_null,4. Residential customers,,HFTD Tier 2,Urban,Non-WUI,Number of residential customers,exact,16949,"GIS is an as-built system, historical customer counts are not available.",,SDG&E,2023,1,v3.1,0,4,SDGE_2023_Q4_Tables1-15.xlsx,Table 7,107,M107,https://efiling.energysafety.ca.gov/eFiling/Getfile.aspx?fileid=53475&shareable=true
T7R-4645c1943352850b,1070000097,4.2.a.ii,normalized_legacy_na_to_null,4. Residential customers,,HFTD Tier 2,Urban,Non-WUI,Number of residential customers,exact,17030,"GIS is an as-built system, historical customer counts are not available.",,SDG&E,2023,2,v3.1,0,4,SDGE_2023_Q4_Tables1-15.xlsx,Table 7,107,N107,https://efiling.energysafety.ca.gov/eFiling/Getfile.aspx?fileid=53475&shareable=true
T7R-e5b168a3b89da19c,1070000097,4.2.a.ii,normalized_legacy_na_to_null,4. Residential customers,,HFTD Tier 2,Urban,Non-WUI,Number of residential customers,exact,17056,"GIS is an as-built system, historical customer counts are not available.",,SDG&E,2023,3,v3.1,0,4,SDGE_2023_Q4_Tables1-15.xlsx,Table 7,107,O107,https://efiling.energysafety.ca.gov/eFiling/Getfile.aspx?fileid=53475&shareable=true
T7R-2a9870d545ef2b64,1070000097,4.2.a.ii,normalized_legacy_na_to_null,4. Residential customers,,HFTD Tier 2,Urban,Non-WUI,Number of residential customers,exact,17096,"GIS is an as-built system, historical customer counts are not available.",,SDG&E,2023,4,v3.1,0,4,SDGE_2023_Q4_Tables1-15.xlsx,Table 7,107,P107,https://efiling.energysafety.ca.gov/eFiling/Getfile.aspx?fileid=53475&shareable=true
T7R-ef765829ae45887c,1070000098,4.2.b.i,normalized_legacy_na_to_null,4. Residential customers,,HFTD Tier 2,Rural,WUI,Number of residential customers,exact,58206,"GIS is an as-built system, historical customer counts are not available.",,SDG&E,2023,1,v3.1,0,4,SDGE_2023_Q4_Tables1-15.xlsx,Table 7,108,M108,https://efiling.energysafety.ca.gov/eFiling/Getfile.aspx?fileid=53475&shareable=true
T7R-3cfb1f3274eaf919,1070000098,4.2.b.i,normalized_legacy_na_to_null,4. Residential customers,,HFTD Tier 2,Rural,WUI,Number of residential customers,exact,58249,"GIS is an as-built system, historical customer counts are not available.",,SDG&E,2023,2,v3.1,0,4,SDGE_2023_Q4_Tables1-15.xlsx,Table 7,108,N108,https://efiling.energysafety.ca.gov/eFiling/Getfile.aspx?fileid=53475&shareable=true
T7R-19c609948ea1dbcc,1070000098,4.2.b.i,normalized_legacy_na_to_null,4. Residential customers,,HFTD Tier 2,Rural,WUI,Number of residential customers,exact,58306,"GIS is an as-built system, historical customer counts are not available.",,SDG&E,2023,3,v3.1,0,4,SDGE_2023_Q4_Tables1-15.xlsx,Table 7,108,O108,https://efiling.energysafety.ca.gov/eFiling/Getfile.aspx?fileid=53475&shareable=true
T7R-a7bea48298446712,1070000098,4.2.b.i,normalized_legacy_na_to_null,4. Residential customers,,HFTD Tier 2,Rural,WUI,Number of residential customers,exact,58507,"GIS is an as-built system, historical customer counts are not available.",,SDG&E,2023,4,v3.1,0,4,SDGE_2023_Q4_Tables1-15.xlsx,Table 7,108,P108,https://efiling.energysafety.ca.gov/eFiling/Getfile.aspx?fileid=53475&shareable=true
T7R-5b4433dd23e0df06,1070000099,4.2.b.ii,normalized_legacy_na_to_null,4. Residential customers,,HFTD Tier 2,Rural,Non-WUI,Number of residential customers,exact,20341,"GIS is an as-built system, historical customer counts are not available.",,SDG&E,2023,1,v3.1,0,4,SDGE_2023_Q4_Tables1-15.xlsx,Table 7,109,M109,https://efiling.energysafety.ca.gov/eFiling/Getfile.aspx?fileid=53475&shareable=true
T7R-7c69ad2bf6223f62,1070000099,4.2.b.ii,normalized_legacy_na_to_null,4. Residential customers,,HFTD Tier 2,Rural,Non-WUI,Number of residential customers,exact,20346,"GIS is an as-built system, historical customer counts are not available.",,SDG&E,2023,2,v3.1,0,4,SDGE_2023_Q4_Tables1-15.xlsx,Table 7,109,N109,https://efiling.energysafety.ca.gov/eFiling/Getfile.aspx?fileid=53475&shareable=true
T7R-ae3a9f7e61c6af2a,1070000099,4.2.b.ii,normalized_legacy_na_to_null,4. Residential customers,,HFTD Tier 2,Rural,Non-WUI,Number of residential customers,exact,20445,"GIS is an as-built system, historical customer counts are not available.",,SDG&E,2023,3,v3.1,0,4,SDGE_2023_Q4_Tables1-15.xlsx,Table 7,109,O109,https://efiling.energysafety.ca.gov/eFiling/Getfile.aspx?fileid=53475&shareable=true
T7R-281de36a4927ccc6,1070000099,4.2.b.ii,normalized_legacy_na_to_null,4. Residential customers,,HFTD Tier 2,Rural,Non-WUI,Number of residential customers,exact,20583,"GIS is an as-built system, historical customer counts are not available.",,SDG&E,2023,4,v3.1,0,4,SDGE_2023_Q4_Tables1-15.xlsx,Table 7,109,P109,https://efiling.energysafety.ca.gov/eFiling/Getfile.aspx?fileid=53475&shareable=true
T7R-bc222c3f648512ae,1070000100,4.2.c.i,normalized_legacy_na_to_null,4. Residential customers,,HFTD Tier 2,Highly rural,WUI,Number of residential customers,exact,273,"GIS is an as-built system, historical customer counts are not available.",,SDG&E,2023,1,v3.1,0,4,SDGE_2023_Q4_Tables1-15.xlsx,Table 7,110,M110,https://efiling.energysafety.ca.gov/eFiling/Getfile.aspx?fileid=53475&shareable=true
T7R-fd560408d3077900,1070000100,4.2.c.i,normalized_legacy_na_to_null,4. Residential customers,,HFTD Tier 2,Highly rural,WUI,Number of residential customers,exact,271,"GIS is an as-built system, historical customer counts are not available.",,SDG&E,2023,2,v3.1,0,4,SDGE_2023_Q4_Tables1-15.xlsx,Table 7,110,N110,https://efiling.energysafety.ca.gov/eFiling/Getfile.aspx?fileid=53475&shareable=true
T7R-8bb19d6385c3b628,1070000100,4.2.c.i,normalized_legacy_na_to_null,4. Residential customers,,HFTD Tier 2,Highly rural,WUI,Number of residential customers,exact,269,"GIS is an as-built system, historical customer counts are not available.",,SDG&E,2023,3,v3.1,0,4,SDGE_2023_Q4_Tables1-15.xlsx,Table 7,110,O110,https://efiling.energysafety.ca.gov/eFiling/Getfile.aspx?fileid=53475&shareable=true
T7R-2b1bbfe4fa23eb04,1070000100,4.2.c.i,normalized_legacy_na_to_null,4. Residential customers,,HFTD Tier 2,Highly rural,WUI,Number of residential customers,exact,269,"GIS is an as-built system, historical customer counts are not available.",,SDG&E,2023,4,v3.1,0,4,SDGE_2023_Q4_Tables1-15.xlsx,Table 7,110,P110,https://efiling.energysafety.ca.gov/eFiling/Getfile.aspx?fileid=53475&shareable=true
T7R-5c5b0e54bd8192fa,1070000101,4.2.c.ii,normalized_legacy_na_to_null,4. Residential customers,,HFTD Tier 2,Highly rural,Non-WUI,Number of residential customers,exact,472,"GIS is an as-built system, historical customer counts are not available.",,SDG&E,2023,1,v3.1,0,4,SDGE_2023_Q4_Tables1-15.xlsx,Table 7,111,M111,https://efiling.energysafety.ca.gov/eFiling/Getfile.aspx?fileid=53475&shareable=true
T7R-ef98324eb6f583e9,1070000101,4.2.c.ii,normalized_legacy_na_to_null,4. Residential customers,,HFTD Tier 2,Highly rural,Non-WUI,Number of residential customers,exact,474,"GIS is an as-built system, historical customer counts are not available.",,SDG&E,2023,2,v3.1,0,4,SDGE_2023_Q4_Tables1-15.xlsx,Table 7,111,N111,https://efiling.energysafety.ca.gov/eFiling/Getfile.aspx?fileid=53475&shareable=true
T7R-e612e4f1963ff988,1070000101,4.2.c.ii,normalized_legacy_na_to_null,4. Residential customers,,HFTD Tier 2,Highly rural,Non-WUI,Number of residential customers,exact,475,"GIS is an as-built system, historical customer counts are not available.",,SDG&E,2023,3,v3.1,0,4,SDGE_2023_Q4_Tables1-15.xlsx,Table 7,111,O111,https://efiling.energysafety.ca.gov/eFiling/Getfile.aspx?fileid=53475&shareable=true
T7R-1310f941ee9e1485,1070000101,4.2.c.ii,normalized_legacy_na_to_null,4. Residential customers,,HFTD Tier 2,Highly rural,Non-WUI,Number of residential customers,exact,477,"GIS is an as-built system, historical customer counts are not available.",,SDG&E,2023,4,v3.1,0,4,SDGE_2023_Q4_Tables1-15.xlsx,Table 7,111,P111,https://efiling.energysafety.ca.gov/eFiling/Getfile.aspx?fileid=53475&shareable=true
T7R-8d480d440a94ee63,1070000102,4.3.a.i,normalized_legacy_na_to_null,4. Residential customers,,HFTD Tier 3,Urban,WUI,Number of residential customers,exact,100,"GIS is an as-built system, historical customer counts are not available.",,SDG&E,2023,1,v3.1,0,4,SDGE_2023_Q4_Tables1-15.xlsx,Table 7,112,M112,https://efiling.energysafety.ca.gov/eFiling/Getfile.aspx?fileid=53475&shareable=true
T7R-cb5142e5f4c7c0f9,1070000102,4.3.a.i,normalized_legacy_na_to_null,4. Residential customers,,HFTD Tier 3,Urban,WUI,Number of residential customers,exact,100,"GIS is an as-built system, historical customer counts are not available.",,SDG&E,2023,2,v3.1,0,4,SDGE_2023_Q4_Tables1-15.xlsx,Table 7,112,N112,https://efiling.energysafety.ca.gov/eFiling/Getfile.aspx?fileid=53475&shareable=true
T7R-7f187ff0c5a6465e,1070000102,4.3.a.i,normalized_legacy_na_to_null,4. Residential customers,,HFTD Tier 3,Urban,WUI,Number of residential customers,exact,101,"GIS is an as-built system, historical customer counts are not available.",,SDG&E,2023,3,v3.1,0,4,SDGE_2023_Q4_Tables1-15.xlsx,Table 7,112,O112,https://efiling.energysafety.ca.gov/eFiling/Getfile.aspx?fileid=53475&shareable=true
T7R-05952277796e2ba0,1070000102,4.3.a.i,normalized_legacy_na_to_null,4. Residential customers,,HFTD Tier 3,Urban,WUI,Number of residential customers,exact,101,"GIS is an as-built system, historical customer counts are not available.",,SDG&E,2023,4,v3.1,0,4,SDGE_2023_Q4_Tables1-15.xlsx,Table 7,112,P112,https://efiling.energysafety.ca.gov/eFiling/Getfile.aspx?fileid=53475&shareable=true
T7R-5bc87222410d7ac0,1070000103,4.3.a.ii,normalized_legacy_na_to_null,4. Residential customers,,HFTD Tier 3,Urban,Non-WUI,Number of residential customers,exact,3,"GIS is an as-built system, historical customer counts are not available.",,SDG&E,2023,1,v3.1,0,4,SDGE_2023_Q4_Tables1-15.xlsx,Table 7,113,M113,https://efiling.energysafety.ca.gov/eFiling/Getfile.aspx?fileid=53475&shareable=true
T7R-ea2da23d849f7909,1070000103,4.3.a.ii,normalized_legacy_na_to_null,4. Residential customers,,HFTD Tier 3,Urban,Non-WUI,Number of residential customers,exact,3,"GIS is an as-built system, historical customer counts are not available.",,SDG&E,2023,2,v3.1,0,4,SDGE_2023_Q4_Tables1-15.xlsx,Table 7,113,N113,https://efiling.energysafety.ca.gov/eFiling/Getfile.aspx?fileid=53475&shareable=true
T7R-9293fed57b0acbd4,1070000103,4.3.a.ii,normalized_legacy_na_to_null,4. Residential customers,,HFTD Tier 3,Urban,Non-WUI,Number of residential customers,exact,3,"GIS is an as-built system, historical customer counts are not available.",,SDG&E,2023,3,v3.1,0,4,SDGE_2023_Q4_Tables1-15.xlsx,Table 7,113,O113,https://efiling.energysafety.ca.gov/eFiling/Getfile.aspx?fileid=53475&shareable=true
T7R-748b5559b98eacc2,1070000103,4.3.a.ii,normalized_legacy_na_to_null,4. Residential customers,,HFTD Tier 3,Urban,Non-WUI,Number of residential customers,exact,3,"GIS is an as-built system, historical customer counts are not available.",,SDG&E,2023,4,v3.1,0,4,SDGE_2023_Q4_Tables1-15.xlsx,Table 7,113,P113,https://efiling.energysafety.ca.gov/eFiling/Getfile.aspx?fileid=53475&shareable=true
T7R-97b5121909a74e92,1070000104,4.3.b.i,normalized_legacy_na_to_null,4. Residential customers,,HFTD Tier 3,Rural,WUI,Number of residential customers,exact,18094,"GIS is an as-built system, historical customer counts are not available.",,SDG&E,2023,1,v3.1,0,4,SDGE_2023_Q4_Tables1-15.xlsx,Table 7,114,M114,https://efiling.energysafety.ca.gov/eFiling/Getfile.aspx?fileid=53475&shareable=true
T7R-d956080a3f5baa01,1070000104,4.3.b.i,normalized_legacy_na_to_null,4. Residential customers,,HFTD Tier 3,Rural,WUI,Number of residential customers,exact,18106,"GIS is an as-built system, historical customer counts are not available.",,SDG&E,2023,2,v3.1,0,4,SDGE_2023_Q4_Tables1-15.xlsx,Table 7,114,N114,https://efiling.energysafety.ca.gov/eFiling/Getfile.aspx?fileid=53475&shareable=true
T7R-249e339cd6e117ee,1070000104,4.3.b.i,normalized_legacy_na_to_null,4. Residential customers,,HFTD Tier 3,Rural,WUI,Number of residential customers,exact,18128,"GIS is an as-built system, historical customer counts are not available.",,SDG&E,2023,3,v3.1,0,4,SDGE_2023_Q4_Tables1-15.xlsx,Table 7,114,O114,https://efiling.energysafety.ca.gov/eFiling/Getfile.aspx?fileid=53475&shareable=true
T7R-746390414d822db4,1070000104,4.3.b.i,normalized_legacy_na_to_null,4. Residential customers,,HFTD Tier 3,Rural,WUI,Number of residential customers,exact,18125,"GIS is an as-built system, historical customer counts are not available.",,SDG&E,2023,4,v3.1,0,4,SDGE_2023_Q4_Tables1-15.xlsx,Table 7,114,P114,https://efiling.energysafety.ca.gov/eFiling/Getfile.aspx?fileid=53475&shareable=true
T7R-55533c28c58c809e,1070000105,4.3.b.ii,normalized_legacy_na_to_null,4. Residential customers,,HFTD Tier 3,Rural,Non-WUI,Number of residential customers,exact,7015,"GIS is an as-built system, historical customer counts are not available.",,SDG&E,2023,1,v3.1,0,4,SDGE_2023_Q4_Tables1-15.xlsx,Table 7,115,M115,https://efiling.energysafety.ca.gov/eFiling/Getfile.aspx?fileid=53475&shareable=true
T7R-33015dd6007f2048,1070000105,4.3.b.ii,normalized_legacy_na_to_null,4. Residential customers,,HFTD Tier 3,Rural,Non-WUI,Number of residential customers,exact,7051,"GIS is an as-built system, historical customer counts are not available.",,SDG&E,2023,2,v3.1,0,4,SDGE_2023_Q4_Tables1-15.xlsx,Table 7,115,N115,https://efiling.energysafety.ca.gov/eFiling/Getfile.aspx?fileid=53475&shareable=true
T7R-2292e8c414f262ca,1070000105,4.3.b.ii,normalized_legacy_na_to_null,4. Residential customers,,HFTD Tier 3,Rural,Non-WUI,Number of residential customers,exact,7053,"GIS is an as-built system, historical customer counts are not available.",,SDG&E,2023,3,v3.1,0,4,SDGE_2023_Q4_Tables1-15.xlsx,Table 7,115,O115,https://efiling.energysafety.ca.gov/eFiling/Getfile.aspx?fileid=53475&shareable=true
T7R-9a3ae6f9da66b1b2,1070000105,4.3.b.ii,normalized_legacy_na_to_null,4. Residential customers,,HFTD Tier 3,Rural,Non-WUI,Number of residential customers,exact,7031,"GIS is an as-built system, historical customer counts are not available.",,SDG&E,2023,4,v3.1,0,4,SDGE_2023_Q4_Tables1-15.xlsx,Table 7,115,P115,https://efiling.energysafety.ca.gov/eFiling/Getfile.aspx?fileid=53475&shareable=true
T7R-35ff5d42ce0e0532,1070000106,4.3.c.i,normalized_legacy_na_to_null,4. Residential customers,,HFTD Tier 3,Highly rural,WUI,Number of residential customers,exact,912,"GIS is an as-built system, historical customer counts are not available.",,SDG&E,2023,1,v3.1,0,4,SDGE_2023_Q4_Tables1-15.xlsx,Table 7,116,M116,https://efiling.energysafety.ca.gov/eFiling/Getfile.aspx?fileid=53475&shareable=true
T7R-00162ad9bc63e2c6,1070000106,4.3.c.i,normalized_legacy_na_to_null,4. Residential customers,,HFTD Tier 3,Highly rural,WUI,Number of residential customers,exact,913,"GIS is an as-built system, historical customer counts are not available.",,SDG&E,2023,2,v3.1,0,4,SDGE_2023_Q4_Tables1-15.xlsx,Table 7,116,N116,https://efiling.energysafety.ca.gov/eFiling/Getfile.aspx?fileid=53475&shareable=true
T7R-9473ac133fe14569,1070000106,4.3.c.i,normalized_legacy_na_to_null,4. Residential customers,,HFTD Tier 3,Highly rural,WUI,Number of residential customers,exact,912,"GIS is an as-built system, historical customer counts are not available.",,SDG&E,2023,3,v3.1,0,4,SDGE_2023_Q4_Tables1-15.xlsx,Table 7,116,O116,https://efiling.energysafety.ca.gov/eFiling/Getfile.aspx?fileid=53475&shareable=true
T7R-b1043f828062cbc4,1070000106,4.3.c.i,normalized_legacy_na_to_null,4. Residential customers,,HFTD Tier 3,Highly rural,WUI,Number of residential customers,exact,911,"GIS is an as-built system, historical customer counts are not available.",,SDG&E,2023,4,v3.1,0,4,SDGE_2023_Q4_Tables1-15.xlsx,Table 7,116,P116,https://efiling.energysafety.ca.gov/eFiling/Getfile.aspx?fileid=53475&shareable=true
T7R-fc555ad93bafb98b,1070000107,4.3.c.ii,normalized_legacy_na_to_null,4. Residential customers,,HFTD Tier 3,Highly rural,Non-WUI,Number of residential customers,exact,861,"GIS is an as-built system, historical customer counts are not available.",,SDG&E,2023,1,v3.1,0,4,SDGE_2023_Q4_Tables1-15.xlsx,Table 7,117,M117,https://efiling.energysafety.ca.gov/eFiling/Getfile.aspx?fileid=53475&shareable=true
T7R-0fcbaa6d8f260381,1070000107,4.3.c.ii,normalized_legacy_na_to_null,4. Residential customers,,HFTD Tier 3,Highly rural,Non-WUI,Number of residential customers,exact,862,"GIS is an as-built system, historical customer counts are not available.",,SDG&E,2023,2,v3.1,0,4,SDGE_2023_Q4_Tables1-15.xlsx,Table 7,117,N117,https://efiling.energysafety.ca.gov/eFiling/Getfile.aspx?fileid=53475&shareable=true
T7R-14e09b3ad7be37fe,1070000107,4.3.c.ii,normalized_legacy_na_to_null,4. Residential customers,,HFTD Tier 3,Highly rural,Non-WUI,Number of residential customers,exact,863,"GIS is an as-built system, historical customer counts are not available.",,SDG&E,2023,3,v3.1,0,4,SDGE_2023_Q4_Tables1-15.xlsx,Table 7,117,O117,https://efiling.energysafety.ca.gov/eFiling/Getfile.aspx?fileid=53475&shareable=true
T7R-4f3ea2b0421fe317,1070000107,4.3.c.ii,normalized_legacy_na_to_null,4. Residential customers,,HFTD Tier 3,Highly rural,Non-WUI,Number of residential customers,exact,861,"GIS is an as-built system, historical customer counts are not available.",,SDG&E,2023,4,v3.1,0,4,SDGE_2023_Q4_Tables1-15.xlsx,Table 7,117,P117,https://efiling.energysafety.ca.gov/eFiling/Getfile.aspx?fileid=53475&shareable=true
T7R-ed0a04f15d2c688d,1070000108,5.0.a.i,normalized_legacy_na_to_null,5. Commercial customers,,Non-HFTD,Urban,WUI,Number of commercial customers,exact,14582,"GIS is an as-built system, historical customer counts are not available.",,SDG&E,2023,1,v3.1,0,4,SDGE_2023_Q4_Tables1-15.xlsx,Table 7,118,M118,https://efiling.energysafety.ca.gov/eFiling/Getfile.aspx?fileid=53475&shareable=true
T7R-722a6ec9ab76bbcc,1070000108,5.0.a.i,normalized_legacy_na_to_null,5. Commercial customers,,Non-HFTD,Urban,WUI,Number of commercial customers,exact,14595,"GIS is an as-built system, historical customer counts are not available.",,SDG&E,2023,2,v3.1,0,4,SDGE_2023_Q4_Tables1-15.xlsx,Table 7,118,N118,https://efiling.energysafety.ca.gov/eFiling/Getfile.aspx?fileid=53475&shareable=true
T7R-b44544c458d63c81,1070000108,5.0.a.i,normalized_legacy_na_to_null,5. Commercial customers,,Non-HFTD,Urban,WUI,Number of commercial customers,exact,14654,"GIS is an as-built system, historical customer counts are not available.",,SDG&E,2023,3,v3.1,0,4,SDGE_2023_Q4_Tables1-15.xlsx,Table 7,118,O118,https://efiling.energysafety.ca.gov/eFiling/Getfile.aspx?fileid=53475&shareable=true
T7R-f42bd49d10f20f59,1070000108,5.0.a.i,normalized_legacy_na_to_null,5. Commercial customers,,Non-HFTD,Urban,WUI,Number of commercial customers,exact,14655,"GIS is an as-built system, historical customer counts are not available.",,SDG&E,2023,4,v3.1,0,4,SDGE_2023_Q4_Tables1-15.xlsx,Table 7,118,P118,https://efiling.energysafety.ca.gov/eFiling/Getfile.aspx?fileid=53475&shareable=true
T7R-b19122c08f791635,1070000109,5.0.a.ii,normalized_legacy_na_to_null,5. Commercial customers,,Non-HFTD,Urban,Non-WUI,Number of commercial customers,exact,93333,"GIS is an as-built system, historical customer counts are not available.",,SDG&E,2023,1,v3.1,0,4,SDGE_2023_Q4_Tables1-15.xlsx,Table 7,119,M119,https://efiling.energysafety.ca.gov/eFiling/Getfile.aspx?fileid=53475&shareable=true
T7R-7d71582aec7d4546,1070000109,5.0.a.ii,normalized_legacy_na_to_null,5. Commercial customers,,Non-HFTD,Urban,Non-WUI,Number of commercial customers,exact,93500,"GIS is an as-built system, historical customer counts are not available.",,SDG&E,2023,2,v3.1,0,4,SDGE_2023_Q4_Tables1-15.xlsx,Table 7,119,N119,https://efiling.energysafety.ca.gov/eFiling/Getfile.aspx?fileid=53475&shareable=true
T7R-f74138cc174637fc,1070000109,5.0.a.ii,normalized_legacy_na_to_null,5. Commercial customers,,Non-HFTD,Urban,Non-WUI,Number of commercial customers,exact,93604,"GIS is an as-built system, historical customer counts are not available.",,SDG&E,2023,3,v3.1,0,4,SDGE_2023_Q4_Tables1-15.xlsx,Table 7,119,O119,https://efiling.energysafety.ca.gov/eFiling/Getfile.aspx?fileid=53475&shareable=true
T7R-721b3c5a029ab5f8,1070000109,5.0.a.ii,normalized_legacy_na_to_null,5. Commercial customers,,Non-HFTD,Urban,Non-WUI,Number of commercial customers,exact,93564,"GIS is an as-built system, historical customer counts are not available.",,SDG&E,2023,4,v3.1,0,4,SDGE_2023_Q4_Tables1-15.xlsx,Table 7,119,P119,https://efiling.energysafety.ca.gov/eFiling/Getfile.aspx?fileid=53475&shareable=true
T7R-eeef12a5016daf74,1070000110,5.0.b.i,normalized_legacy_na_to_null,5. Commercial customers,,Non-HFTD,Rural,WUI,Number of commercial customers,exact,4578,"GIS is an as-built system, historical customer counts are not available.",,SDG&E,2023,1,v3.1,0,4,SDGE_2023_Q4_Tables1-15.xlsx,Table 7,120,M120,https://efiling.energysafety.ca.gov/eFiling/Getfile.aspx?fileid=53475&shareable=true
T7R-b80ae0256b3bdb33,1070000110,5.0.b.i,normalized_legacy_na_to_null,5. Commercial customers,,Non-HFTD,Rural,WUI,Number of commercial customers,exact,4569,"GIS is an as-built system, historical customer counts are not available.",,SDG&E,2023,2,v3.1,0,4,SDGE_2023_Q4_Tables1-15.xlsx,Table 7,120,N120,https://efiling.energysafety.ca.gov/eFiling/Getfile.aspx?fileid=53475&shareable=true
T7R-4defd358f9cc616f,1070000110,5.0.b.i,normalized_legacy_na_to_null,5. Commercial customers,,Non-HFTD,Rural,WUI,Number of commercial customers,exact,4563,"GIS is an as-built system, historical customer counts are not available.",,SDG&E,2023,3,v3.1,0,4,SDGE_2023_Q4_Tables1-15.xlsx,Table 7,120,O120,https://efiling.energysafety.ca.gov/eFiling/Getfile.aspx?fileid=53475&shareable=true
T7R-c908d897899abbca,1070000110,5.0.b.i,normalized_legacy_na_to_null,5. Commercial customers,,Non-HFTD,Rural,WUI,Number of commercial customers,exact,4569,"GIS is an as-built system, historical customer counts are not available.",,SDG&E,2023,4,v3.1,0,4,SDGE_2023_Q4_Tables1-15.xlsx,Table 7,120,P120,https://efiling.energysafety.ca.gov/eFiling/Getfile.aspx?fileid=53475&shareable=true
T7R-8b1391af9120a6c4,1070000111,5.0.b.ii,normalized_legacy_na_to_null,5. Commercial customers,,Non-HFTD,Rural,Non-WUI,Number of commercial customers,exact,24825,"GIS is an as-built system, historical customer counts are not available.",,SDG&E,2023,1,v3.1,0,4,SDGE_2023_Q4_Tables1-15.xlsx,Table 7,121,M121,https://efiling.energysafety.ca.gov/eFiling/Getfile.aspx?fileid=53475&shareable=true
T7R-3aaec7292b365a61,1070000111,5.0.b.ii,normalized_legacy_na_to_null,5. Commercial customers,,Non-HFTD,Rural,Non-WUI,Number of commercial customers,exact,24888,"GIS is an as-built system, historical customer counts are not available.",,SDG&E,2023,2,v3.1,0,4,SDGE_2023_Q4_Tables1-15.xlsx,Table 7,121,N121,https://efiling.energysafety.ca.gov/eFiling/Getfile.aspx?fileid=53475&shareable=true
T7R-8eed74edbe6c06cd,1070000111,5.0.b.ii,normalized_legacy_na_to_null,5. Commercial customers,,Non-HFTD,Rural,Non-WUI,Number of commercial customers,exact,24882,"GIS is an as-built system, historical customer counts are not available.",,SDG&E,2023,3,v3.1,0,4,SDGE_2023_Q4_Tables1-15.xlsx,Table 7,121,O121,https://efiling.energysafety.ca.gov/eFiling/Getfile.aspx?fileid=53475&shareable=true
T7R-c3fef71775a45f9e,1070000111,5.0.b.ii,normalized_legacy_na_to_null,5. Commercial customers,,Non-HFTD,Rural,Non-WUI,Number of commercial customers,exact,24920,"GIS is an as-built system, historical customer counts are not available.",,SDG&E,2023,4,v3.1,0,4,SDGE_2023_Q4_Tables1-15.xlsx,Table 7,121,P121,https://efiling.energysafety.ca.gov/eFiling/Getfile.aspx?fileid=53475&shareable=true
T7R-09e098b3c2d3f0e3,1070000112,5.0.c.i,normalized_legacy_na_to_null,5. Commercial customers,,Non-HFTD,Highly rural,WUI,Number of commercial customers,exact,100,"GIS is an as-built system, historical customer counts are not available.",,SDG&E,2023,1,v3.1,0,4,SDGE_2023_Q4_Tables1-15.xlsx,Table 7,122,M122,https://efiling.energysafety.ca.gov/eFiling/Getfile.aspx?fileid=53475&shareable=true
T7R-2b2109afc8210632,1070000112,5.0.c.i,normalized_legacy_na_to_null,5. Commercial customers,,Non-HFTD,Highly rural,WUI,Number of commercial customers,exact,101,"GIS is an as-built system, historical customer counts are not available.",,SDG&E,2023,2,v3.1,0,4,SDGE_2023_Q4_Tables1-15.xlsx,Table 7,122,N122,https://efiling.energysafety.ca.gov/eFiling/Getfile.aspx?fileid=53475&shareable=true
T7R-acb0250a18dceb8d,1070000112,5.0.c.i,normalized_legacy_na_to_null,5. Commercial customers,,Non-HFTD,Highly rural,WUI,Number of commercial customers,exact,99,"GIS is an as-built system, historical customer counts are not available.",,SDG&E,2023,3,v3.1,0,4,SDGE_2023_Q4_Tables1-15.xlsx,Table 7,122,O122,https://efiling.energysafety.ca.gov/eFiling/Getfile.aspx?fileid=53475&shareable=true
T7R-c0d2abbf45693e99,1070000112,5.0.c.i,normalized_legacy_na_to_null,5. Commercial customers,,Non-HFTD,Highly rural,WUI,Number of commercial customers,exact,99,"GIS is an as-built system, historical customer counts are not available.",,SDG&E,2023,4,v3.1,0,4,SDGE_2023_Q4_Tables1-15.xlsx,Table 7,122,P122,https://efiling.energysafety.ca.gov/eFiling/Getfile.aspx?fileid=53475&shareable=true
T7R-47c3205d12d5d14f,1070000113,5.0.c.ii,normalized_legacy_na_to_null,5. Commercial customers,,Non-HFTD,Highly rural,Non-WUI,Number of commercial customers,exact,547,"GIS is an as-built system, historical customer counts are not available.",,SDG&E,2023,1,v3.1,0,4,SDGE_2023_Q4_Tables1-15.xlsx,Table 7,123,M123,https://efiling.energysafety.ca.gov/eFiling/Getfile.aspx?fileid=53475&shareable=true
T7R-51bf910cb57f1326,1070000113,5.0.c.ii,normalized_legacy_na_to_null,5. Commercial customers,,Non-HFTD,Highly rural,Non-WUI,Number of commercial customers,exact,533,"GIS is an as-built system, historical customer counts are not available.",,SDG&E,2023,2,v3.1,0,4,SDGE_2023_Q4_Tables1-15.xlsx,Table 7,123,N123,https://efiling.energysafety.ca.gov/eFiling/Getfile.aspx?fileid=53475&shareable=true
T7R-ba7fd1ebed2a50e9,1070000113,5.0.c.ii,normalized_legacy_na_to_null,5. Commercial customers,,Non-HFTD,Highly rural,Non-WUI,Number of commercial customers,exact,529,"GIS is an as-built system, historical customer counts are not available.",,SDG&E,2023,3,v3.1,0,4,SDGE_2023_Q4_Tables1-15.xlsx,Table 7,123,O123,https://efiling.energysafety.ca.gov/eFiling/Getfile.aspx?fileid=53475&shareable=true
T7R-bcabfb5f25dde455,1070000113,5.0.c.ii,normalized_legacy_na_to_null,5. Commercial customers,,Non-HFTD,Highly rural,Non-WUI,Number of commercial customers,exact,528,"GIS is an as-built system, historical customer counts are not available.",,SDG&E,2023,4,v3.1,0,4,SDGE_2023_Q4_Tables1-15.xlsx,Table 7,123,P123,https://efiling.energysafety.ca.gov/eFiling/Getfile.aspx?fileid=53475&shareable=true
T7R-c016122bf7eb5d40,1070000114,5.2.a.i,normalized_legacy_na_to_null,5. Commercial customers,,HFTD Tier 2,Urban,WUI,Number of commercial customers,exact,4343,"GIS is an as-built system, historical customer counts are not available.",,SDG&E,2023,1,v3.1,0,4,SDGE_2023_Q4_Tables1-15.xlsx,Table 7,124,M124,https://efiling.energysafety.ca.gov/eFiling/Getfile.aspx?fileid=53475&shareable=true
T7R-c64de49762e1dd43,1070000114,5.2.a.i,normalized_legacy_na_to_null,5. Commercial customers,,HFTD Tier 2,Urban,WUI,Number of commercial customers,exact,4347,"GIS is an as-built system, historical customer counts are not available.",,SDG&E,2023,2,v3.1,0,4,SDGE_2023_Q4_Tables1-15.xlsx,Table 7,124,N124,https://efiling.energysafety.ca.gov/eFiling/Getfile.aspx?fileid=53475&shareable=true
T7R-b98c658c8657e521,1070000114,5.2.a.i,normalized_legacy_na_to_null,5. Commercial customers,,HFTD Tier 2,Urban,WUI,Number of commercial customers,exact,4357,"GIS is an as-built system, historical customer counts are not available.",,SDG&E,2023,3,v3.1,0,4,SDGE_2023_Q4_Tables1-15.xlsx,Table 7,124,O124,https://efiling.energysafety.ca.gov/eFiling/Getfile.aspx?fileid=53475&shareable=true
T7R-bc2cb53458991a4c,1070000114,5.2.a.i,normalized_legacy_na_to_null,5. Commercial customers,,HFTD Tier 2,Urban,WUI,Number of commercial customers,exact,4375,"GIS is an as-built system, historical customer counts are not available.",,SDG&E,2023,4,v3.1,0,4,SDGE_2023_Q4_Tables1-15.xlsx,Table 7,124,P124,https://efiling.energysafety.ca.gov/eFiling/Getfile.aspx?fileid=53475&shareable=true
T7R-1957bec6977a673e,1070000115,5.2.a.ii,normalized_legacy_na_to_null,5. Commercial customers,,HFTD Tier 2,Urban,Non-WUI,Number of commercial customers,exact,2395,"GIS is an as-built system, historical customer counts are not available.",,SDG&E,2023,1,v3.1,0,4,SDGE_2023_Q4_Tables1-15.xlsx,Table 7,125,M125,https://efiling.energysafety.ca.gov/eFiling/Getfile.aspx?fileid=53475&shareable=true
T7R-279c6150fe04cb50,1070000115,5.2.a.ii,normalized_legacy_na_to_null,5. Commercial customers,,HFTD Tier 2,Urban,Non-WUI,Number of commercial customers,exact,2385,"GIS is an as-built system, historical customer counts are not available.",,SDG&E,2023,2,v3.1,0,4,SDGE_2023_Q4_Tables1-15.xlsx,Table 7,125,N125,https://efiling.energysafety.ca.gov/eFiling/Getfile.aspx?fileid=53475&shareable=true
T7R-7911c8e7e9d1270b,1070000115,5.2.a.ii,normalized_legacy_na_to_null,5. Commercial customers,,HFTD Tier 2,Urban,Non-WUI,Number of commercial customers,exact,2404,"GIS is an as-built system, historical customer counts are not available.",,SDG&E,2023,3,v3.1,0,4,SDGE_2023_Q4_Tables1-15.xlsx,Table 7,125,O125,https://efiling.energysafety.ca.gov/eFiling/Getfile.aspx?fileid=53475&shareable=true
T7R-12bfdcef2a76fd65,1070000115,5.2.a.ii,normalized_legacy_na_to_null,5. Commercial customers,,HFTD Tier 2,Urban,Non-WUI,Number of commercial customers,exact,2406,"GIS is an as-built system, historical customer counts are not available.",,SDG&E,2023,4,v3.1,0,4,SDGE_2023_Q4_Tables1-15.xlsx,Table 7,125,P125,https://efiling.energysafety.ca.gov/eFiling/Getfile.aspx?fileid=53475&shareable=true
T7R-8d1ecd3c8ac6f506,1070000116,5.2.b.i,normalized_legacy_na_to_null,5. Commercial customers,,HFTD Tier 2,Rural,WUI,Number of commercial customers,exact,5027,"GIS is an as-built system, historical customer counts are not available.",,SDG&E,2023,1,v3.1,0,4,SDGE_2023_Q4_Tables1-15.xlsx,Table 7,126,M126,https://efiling.energysafety.ca.gov/eFiling/Getfile.aspx?fileid=53475&shareable=true
T7R-9c778c8ccc47ac52,1070000116,5.2.b.i,normalized_legacy_na_to_null,5. Commercial customers,,HFTD Tier 2,Rural,WUI,Number of commercial customers,exact,4994,"GIS is an as-built system, historical customer counts are not available.",,SDG&E,2023,2,v3.1,0,4,SDGE_2023_Q4_Tables1-15.xlsx,Table 7,126,N126,https://efiling.energysafety.ca.gov/eFiling/Getfile.aspx?fileid=53475&shareable=true
T7R-c8fab000b207d696,1070000116,5.2.b.i,normalized_legacy_na_to_null,5. Commercial customers,,HFTD Tier 2,Rural,WUI,Number of commercial customers,exact,4991,"GIS is an as-built system, historical customer counts are not available.",,SDG&E,2023,3,v3.1,0,4,SDGE_2023_Q4_Tables1-15.xlsx,Table 7,126,O126,https://efiling.energysafety.ca.gov/eFiling/Getfile.aspx?fileid=53475&shareable=true
T7R-fe52986732fe2540,1070000116,5.2.b.i,normalized_legacy_na_to_null,5. Commercial customers,,HFTD Tier 2,Rural,WUI,Number of commercial customers,exact,4978,"GIS is an as-built system, historical customer counts are not available.",,SDG&E,2023,4,v3.1,0,4,SDGE_2023_Q4_Tables1-15.xlsx,Table 7,126,P126,https://efiling.energysafety.ca.gov/eFiling/Getfile.aspx?fileid=53475&shareable=true
T7R-5ee6c3fae0e76284,1070000117,5.2.b.ii,normalized_legacy_na_to_null,5. Commercial customers,,HFTD Tier 2,Rural,Non-WUI,Number of commercial customers,exact,4106,"GIS is an as-built system, historical customer counts are not available.",,SDG&E,2023,1,v3.1,0,4,SDGE_2023_Q4_Tables1-15.xlsx,Table 7,127,M127,https://efiling.energysafety.ca.gov/eFiling/Getfile.aspx?fileid=53475&shareable=true
T7R-77cff9132407749d,1070000117,5.2.b.ii,normalized_legacy_na_to_null,5. Commercial customers,,HFTD Tier 2,Rural,Non-WUI,Number of commercial customers,exact,4101,"GIS is an as-built system, historical customer counts are not available.",,SDG&E,2023,2,v3.1,0,4,SDGE_2023_Q4_Tables1-15.xlsx,Table 7,127,N127,https://efiling.energysafety.ca.gov/eFiling/Getfile.aspx?fileid=53475&shareable=true
T7R-c9ea47634d34d417,1070000117,5.2.b.ii,normalized_legacy_na_to_null,5. Commercial customers,,HFTD Tier 2,Rural,Non-WUI,Number of commercial customers,exact,4105,"GIS is an as-built system, historical customer counts are not available.",,SDG&E,2023,3,v3.1,0,4,SDGE_2023_Q4_Tables1-15.xlsx,Table 7,127,O127,https://efiling.energysafety.ca.gov/eFiling/Getfile.aspx?fileid=53475&shareable=true
T7R-38ac680258ca77f4,1070000117,5.2.b.ii,normalized_legacy_na_to_null,5. Commercial customers,,HFTD Tier 2,Rural,Non-WUI,Number of commercial customers,exact,4137,"GIS is an as-built system, historical customer counts are not available.",,SDG&E,2023,4,v3.1,0,4,SDGE_2023_Q4_Tables1-15.xlsx,Table 7,127,P127,https://efiling.energysafety.ca.gov/eFiling/Getfile.aspx?fileid=53475&shareable=true
T7R-aca71586ac76f9ef,1070000118,5.2.c.i,normalized_legacy_na_to_null,5. Commercial customers,,HFTD Tier 2,Highly rural,WUI,Number of commercial customers,exact,44,"GIS is an as-built system, historical customer counts are not available.",,SDG&E,2023,1,v3.1,0,4,SDGE_2023_Q4_Tables1-15.xlsx,Table 7,128,M128,https://efiling.energysafety.ca.gov/eFiling/Getfile.aspx?fileid=53475&shareable=true
T7R-598a7a6393194e79,1070000118,5.2.c.i,normalized_legacy_na_to_null,5. Commercial customers,,HFTD Tier 2,Highly rural,WUI,Number of commercial customers,exact,44,"GIS is an as-built system, historical customer counts are not available.",,SDG&E,2023,2,v3.1,0,4,SDGE_2023_Q4_Tables1-15.xlsx,Table 7,128,N128,https://efiling.energysafety.ca.gov/eFiling/Getfile.aspx?fileid=53475&shareable=true
T7R-6aeb0c47a70a08a7,1070000118,5.2.c.i,normalized_legacy_na_to_null,5. Commercial customers,,HFTD Tier 2,Highly rural,WUI,Number of commercial customers,exact,44,"GIS is an as-built system, historical customer counts are not available.",,SDG&E,2023,3,v3.1,0,4,SDGE_2023_Q4_Tables1-15.xlsx,Table 7,128,O128,https://efiling.energysafety.ca.gov/eFiling/Getfile.aspx?fileid=53475&shareable=true
T7R-8650bba4f9d7abe4,1070000118,5.2.c.i,normalized_legacy_na_to_null,5. Commercial customers,,HFTD Tier 2,Highly rural,WUI,Number of commercial customers,exact,44,"GIS is an as-built system, historical customer counts are not available.",,SDG&E,2023,4,v3.1,0,4,SDGE_2023_Q4_Tables1-15.xlsx,Table 7,128,P128,https://efiling.energysafety.ca.gov/eFiling/Getfile.aspx?fileid=53475&shareable=true
T7R-4cac2bd0d99488a5,1070000119,5.2.c.ii,normalized_legacy_na_to_null,5. Commercial customers,,HFTD Tier 2,Highly rural,Non-WUI,Number of commercial customers,exact,212,"GIS is an as-built system, historical customer counts are not available.",,SDG&E,2023,1,v3.1,0,4,SDGE_2023_Q4_Tables1-15.xlsx,Table 7,129,M129,https://efiling.energysafety.ca.gov/eFiling/Getfile.aspx?fileid=53475&shareable=true
T7R-55b2a83adcbfc673,1070000119,5.2.c.ii,normalized_legacy_na_to_null,5. Commercial customers,,HFTD Tier 2,Highly rural,Non-WUI,Number of commercial customers,exact,209,"GIS is an as-built system, historical customer counts are not available.",,SDG&E,2023,2,v3.1,0,4,SDGE_2023_Q4_Tables1-15.xlsx,Table 7,129,N129,https://efiling.energysafety.ca.gov/eFiling/Getfile.aspx?fileid=53475&shareable=true
T7R-b84efa12a3ce892e,1070000119,5.2.c.ii,normalized_legacy_na_to_null,5. Commercial customers,,HFTD Tier 2,Highly rural,Non-WUI,Number of commercial customers,exact,209,"GIS is an as-built system, historical customer counts are not available.",,SDG&E,2023,3,v3.1,0,4,SDGE_2023_Q4_Tables1-15.xlsx,Table 7,129,O129,https://efiling.energysafety.ca.gov/eFiling/Getfile.aspx?fileid=53475&shareable=true
T7R-0f0b4200291961c4,1070000119,5.2.c.ii,normalized_legacy_na_to_null,5. Commercial customers,,HFTD Tier 2,Highly rural,Non-WUI,Number of commercial customers,exact,206,"GIS is an as-built system, historical customer counts are not available.",,SDG&E,2023,4,v3.1,0,4,SDGE_2023_Q4_Tables1-15.xlsx,Table 7,129,P129,https://efiling.energysafety.ca.gov/eFiling/Getfile.aspx?fileid=53475&shareable=true
T7R-dfa2e6f97c12a8ee,1070000120,5.3.a.i,normalized_legacy_na_to_null,5. Commercial customers,,HFTD Tier 3,Urban,WUI,Number of commercial customers,exact,18,"GIS is an as-built system, historical customer counts are not available.",,SDG&E,2023,1,v3.1,0,4,SDGE_2023_Q4_Tables1-15.xlsx,Table 7,130,M130,https://efiling.energysafety.ca.gov/eFiling/Getfile.aspx?fileid=53475&shareable=true
T7R-7b09ed3925bc0832,1070000120,5.3.a.i,normalized_legacy_na_to_null,5. Commercial customers,,HFTD Tier 3,Urban,WUI,Number of commercial customers,exact,17,"GIS is an as-built system, historical customer counts are not available.",,SDG&E,2023,2,v3.1,0,4,SDGE_2023_Q4_Tables1-15.xlsx,Table 7,130,N130,https://efiling.energysafety.ca.gov/eFiling/Getfile.aspx?fileid=53475&shareable=true
T7R-513f5b2dd9972d8e,1070000120,5.3.a.i,normalized_legacy_na_to_null,5. Commercial customers,,HFTD Tier 3,Urban,WUI,Number of commercial customers,exact,16,"GIS is an as-built system, historical customer counts are not available.",,SDG&E,2023,3,v3.1,0,4,SDGE_2023_Q4_Tables1-15.xlsx,Table 7,130,O130,https://efiling.energysafety.ca.gov/eFiling/Getfile.aspx?fileid=53475&shareable=true
T7R-89a8930a1f71ee06,1070000120,5.3.a.i,normalized_legacy_na_to_null,5. Commercial customers,,HFTD Tier 3,Urban,WUI,Number of commercial customers,exact,16,"GIS is an as-built system, historical customer counts are not available.",,SDG&E,2023,4,v3.1,0,4,SDGE_2023_Q4_Tables1-15.xlsx,Table 7,130,P130,https://efiling.energysafety.ca.gov/eFiling/Getfile.aspx?fileid=53475&shareable=true
T7R-967ccc95832d5c5f,1070000121,5.3.a.ii,normalized_legacy_na_to_null,5. Commercial customers,,HFTD Tier 3,Urban,Non-WUI,Number of commercial customers,exact,0,"GIS is an as-built system, historical customer counts are not available.",,SDG&E,2023,1,v3.1,0,4,SDGE_2023_Q4_Tables1-15.xlsx,Table 7,131,M131,https://efiling.energysafety.ca.gov/eFiling/Getfile.aspx?fileid=53475&shareable=true
T7R-546ee3d18d872812,1070000121,5.3.a.ii,normalized_legacy_na_to_null,5. Commercial customers,,HFTD Tier 3,Urban,Non-WUI,Number of commercial customers,exact,0,"GIS is an as-built system, historical customer counts are not available.",,SDG&E,2023,2,v3.1,0,4,SDGE_2023_Q4_Tables1-15.xlsx,Table 7,131,N131,https://efiling.energysafety.ca.gov/eFiling/Getfile.aspx?fileid=53475&shareable=true
T7R-18db96075244427b,1070000121,5.3.a.ii,normalized_legacy_na_to_null,5. Commercial customers,,HFTD Tier 3,Urban,Non-WUI,Number of commercial customers,exact,0,"GIS is an as-built system, historical customer counts are not available.",,SDG&E,2023,3,v3.1,0,4,SDGE_2023_Q4_Tables1-15.xlsx,Table 7,131,O131,https://efiling.energysafety.ca.gov/eFiling/Getfile.aspx?fileid=53475&shareable=true
T7R-0d8227c161f0c75d,1070000121,5.3.a.ii,normalized_legacy_na_to_null,5. Commercial customers,,HFTD Tier 3,Urban,Non-WUI,Number of commercial customers,exact,0,"GIS is an as-built system, historical customer counts are not available.",,SDG&E,2023,4,v3.1,0,4,SDGE_2023_Q4_Tables1-15.xlsx,Table 7,131,P131,https://efiling.energysafety.ca.gov/eFiling/Getfile.aspx?fileid=53475&shareable=true
T7R-9f1e9256c4ba0c73,1070000122,5.3.b.i,normalized_legacy_na_to_null,5. Commercial customers,,HFTD Tier 3,Rural,WUI,Number of commercial customers,exact,2320,"GIS is an as-built system, historical customer counts are not available.",,SDG&E,2023,1,v3.1,0,4,SDGE_2023_Q4_Tables1-15.xlsx,Table 7,132,M132,https://efiling.energysafety.ca.gov/eFiling/Getfile.aspx?fileid=53475&shareable=true
T7R-ebb3166566d52fac,1070000122,5.3.b.i,normalized_legacy_na_to_null,5. Commercial customers,,HFTD Tier 3,Rural,WUI,Number of commercial customers,exact,2314,"GIS is an as-built system, historical customer counts are not available.",,SDG&E,2023,2,v3.1,0,4,SDGE_2023_Q4_Tables1-15.xlsx,Table 7,132,N132,https://efiling.energysafety.ca.gov/eFiling/Getfile.aspx?fileid=53475&shareable=true
T7R-e33e44cfbd216ff4,1070000122,5.3.b.i,normalized_legacy_na_to_null,5. Commercial customers,,HFTD Tier 3,Rural,WUI,Number of commercial customers,exact,2305,"GIS is an as-built system, historical customer counts are not available.",,SDG&E,2023,3,v3.1,0,4,SDGE_2023_Q4_Tables1-15.xlsx,Table 7,132,O132,https://efiling.energysafety.ca.gov/eFiling/Getfile.aspx?fileid=53475&shareable=true
T7R-baf949a0b4e22196,1070000122,5.3.b.i,normalized_legacy_na_to_null,5. Commercial customers,,HFTD Tier 3,Rural,WUI,Number of commercial customers,exact,2296,"GIS is an as-built system, historical customer counts are not available.",,SDG&E,2023,4,v3.1,0,4,SDGE_2023_Q4_Tables1-15.xlsx,Table 7,132,P132,https://efiling.energysafety.ca.gov/eFiling/Getfile.aspx?fileid=53475&shareable=true
T7R-283140194858e76d,1070000123,5.3.b.ii,normalized_legacy_na_to_null,5. Commercial customers,,HFTD Tier 3,Rural,Non-WUI,Number of commercial customers,exact,2521,"GIS is an as-built system, historical customer counts are not available.",,SDG&E,2023,1,v3.1,0,4,SDGE_2023_Q4_Tables1-15.xlsx,Table 7,133,M133,https://efiling.energysafety.ca.gov/eFiling/Getfile.aspx?fileid=53475&shareable=true
T7R-c1cad60449dd7e94,1070000123,5.3.b.ii,normalized_legacy_na_to_null,5. Commercial customers,,HFTD Tier 3,Rural,Non-WUI,Number of commercial customers,exact,2485,"GIS is an as-built system, historical customer counts are not available.",,SDG&E,2023,2,v3.1,0,4,SDGE_2023_Q4_Tables1-15.xlsx,Table 7,133,N133,https://efiling.energysafety.ca.gov/eFiling/Getfile.aspx?fileid=53475&shareable=true
T7R-c3048849f3c5263d,1070000123,5.3.b.ii,normalized_legacy_na_to_null,5. Commercial customers,,HFTD Tier 3,Rural,Non-WUI,Number of commercial customers,exact,2503,"GIS is an as-built system, historical customer counts are not available.",,SDG&E,2023,3,v3.1,0,4,SDGE_2023_Q4_Tables1-15.xlsx,Table 7,133,O133,https://efiling.energysafety.ca.gov/eFiling/Getfile.aspx?fileid=53475&shareable=true
T7R-fb35abc22b9be42d,1070000123,5.3.b.ii,normalized_legacy_na_to_null,5. Commercial customers,,HFTD Tier 3,Rural,Non-WUI,Number of commercial customers,exact,2498,"GIS is an as-built system, historical customer counts are not available.",,SDG&E,2023,4,v3.1,0,4,SDGE_2023_Q4_Tables1-15.xlsx,Table 7,133,P133,https://efiling.energysafety.ca.gov/eFiling/Getfile.aspx?fileid=53475&shareable=true
T7R-b793ece0f600d048,1070000124,5.3.c.i,normalized_legacy_na_to_null,5. Commercial customers,,HFTD Tier 3,Highly rural,WUI,Number of commercial customers,exact,142,"GIS is an as-built system, historical customer counts are not available.",,SDG&E,2023,1,v3.1,0,4,SDGE_2023_Q4_Tables1-15.xlsx,Table 7,134,M134,https://efiling.energysafety.ca.gov/eFiling/Getfile.aspx?fileid=53475&shareable=true
T7R-be78500118277c08,1070000124,5.3.c.i,normalized_legacy_na_to_null,5. Commercial customers,,HFTD Tier 3,Highly rural,WUI,Number of commercial customers,exact,143,"GIS is an as-built system, historical customer counts are not available.",,SDG&E,2023,2,v3.1,0,4,SDGE_2023_Q4_Tables1-15.xlsx,Table 7,134,N134,https://efiling.energysafety.ca.gov/eFiling/Getfile.aspx?fileid=53475&shareable=true
T7R-946f15960841076f,1070000124,5.3.c.i,normalized_legacy_na_to_null,5. Commercial customers,,HFTD Tier 3,Highly rural,WUI,Number of commercial customers,exact,143,"GIS is an as-built system, historical customer counts are not available.",,SDG&E,2023,3,v3.1,0,4,SDGE_2023_Q4_Tables1-15.xlsx,Table 7,134,O134,https://efiling.energysafety.ca.gov/eFiling/Getfile.aspx?fileid=53475&shareable=true
T7R-bde4a305a216a38f,1070000124,5.3.c.i,normalized_legacy_na_to_null,5. Commercial customers,,HFTD Tier 3,Highly rural,WUI,Number of commercial customers,exact,143,"GIS is an as-built system, historical customer counts are not available.",,SDG&E,2023,4,v3.1,0,4,SDGE_2023_Q4_Tables1-15.xlsx,Table 7,134,P134,https://efiling.energysafety.ca.gov/eFiling/Getfile.aspx?fileid=53475&shareable=true
T7R-f294ec2bbe52fad6,1070000125,5.3.c.ii,normalized_legacy_na_to_null,5. Commercial customers,,HFTD Tier 3,Highly rural,Non-WUI,Number of commercial customers,exact,366,"GIS is an as-built system, historical customer counts are not available.",,SDG&E,2023,1,v3.1,0,4,SDGE_2023_Q4_Tables1-15.xlsx,Table 7,135,M135,https://efiling.energysafety.ca.gov/eFiling/Getfile.aspx?fileid=53475&shareable=true
T7R-806b323e3e97b659,1070000125,5.3.c.ii,normalized_legacy_na_to_null,5. Commercial customers,,HFTD Tier 3,Highly rural,Non-WUI,Number of commercial customers,exact,363,"GIS is an as-built system, historical customer counts are not available.",,SDG&E,2023,2,v3.1,0,4,SDGE_2023_Q4_Tables1-15.xlsx,Table 7,135,N135,https://efiling.energysafety.ca.gov/eFiling/Getfile.aspx?fileid=53475&shareable=true
T7R-5179f611d5b4e4c3,1070000125,5.3.c.ii,normalized_legacy_na_to_null,5. Commercial customers,,HFTD Tier 3,Highly rural,Non-WUI,Number of commercial customers,exact,364,"GIS is an as-built system, historical customer counts are not available.",,SDG&E,2023,3,v3.1,0,4,SDGE_2023_Q4_Tables1-15.xlsx,Table 7,135,O135,https://efiling.energysafety.ca.gov/eFiling/Getfile.aspx?fileid=53475&shareable=true
T7R-2c0c7250093becf0,1070000125,5.3.c.ii,normalized_legacy_na_to_null,5. Commercial customers,,HFTD Tier 3,Highly rural,Non-WUI,Number of commercial customers,exact,366,"GIS is an as-built system, historical customer counts are not available.",,SDG&E,2023,4,v3.1,0,4,SDGE_2023_Q4_Tables1-15.xlsx,Table 7,135,P135,https://efiling.energysafety.ca.gov/eFiling/Getfile.aspx?fileid=53475&shareable=true
T7R-735a43bc83515171,1070000126,6.0.a.i,normalized_legacy_na_to_null,6. AFN customers,,Non-HFTD,Urban,WUI,Number of customers belonging to access and functional needs populations,exact,46858,"GIS is an as-built system, historical customer counts are not available.",,SDG&E,2023,1,v3.1,0,4,SDGE_2023_Q4_Tables1-15.xlsx,Table 7,136,M136,https://efiling.energysafety.ca.gov/eFiling/Getfile.aspx?fileid=53475&shareable=true
T7R-3dcc5c8e639a5170,1070000126,6.0.a.i,normalized_legacy_na_to_null,6. AFN customers,,Non-HFTD,Urban,WUI,Number of customers belonging to access and functional needs populations,exact,46116,"GIS is an as-built system, historical customer counts are not available.",,SDG&E,2023,2,v3.1,0,4,SDGE_2023_Q4_Tables1-15.xlsx,Table 7,136,N136,https://efiling.energysafety.ca.gov/eFiling/Getfile.aspx?fileid=53475&shareable=true
T7R-e163ae8948eda71a,1070000126,6.0.a.i,normalized_legacy_na_to_null,6. AFN customers,,Non-HFTD,Urban,WUI,Number of customers belonging to access and functional needs populations,exact,46429,"GIS is an as-built system, historical customer counts are not available.",,SDG&E,2023,3,v3.1,0,4,SDGE_2023_Q4_Tables1-15.xlsx,Table 7,136,O136,https://efiling.energysafety.ca.gov/eFiling/Getfile.aspx?fileid=53475&shareable=true
T7R-aed37dc126b7bfa3,1070000126,6.0.a.i,normalized_legacy_na_to_null,6. AFN customers,,Non-HFTD,Urban,WUI,Number of customers belonging to access and functional needs populations,exact,47132,"GIS is an as-built system, historical customer counts are not available.",,SDG&E,2023,4,v3.1,0,4,SDGE_2023_Q4_Tables1-15.xlsx,Table 7,136,P136,https://efiling.energysafety.ca.gov/eFiling/Getfile.aspx?fileid=53475&shareable=true
T7R-02158c73e0e6cea3,1070000127,6.0.a.ii,normalized_legacy_na_to_null,6. AFN customers,,Non-HFTD,Urban,Non-WUI,Number of customers belonging to access and functional needs populations,exact,325109,"GIS is an as-built system, historical customer counts are not available.",,SDG&E,2023,1,v3.1,0,4,SDGE_2023_Q4_Tables1-15.xlsx,Table 7,137,M137,https://efiling.energysafety.ca.gov/eFiling/Getfile.aspx?fileid=53475&shareable=true
T7R-d0b0dbc10cb325b8,1070000127,6.0.a.ii,normalized_legacy_na_to_null,6. AFN customers,,Non-HFTD,Urban,Non-WUI,Number of customers belonging to access and functional needs populations,exact,319330,"GIS is an as-built system, historical customer counts are not available.",,SDG&E,2023,2,v3.1,0,4,SDGE_2023_Q4_Tables1-15.xlsx,Table 7,137,N137,https://efiling.energysafety.ca.gov/eFiling/Getfile.aspx?fileid=53475&shareable=true
T7R-bd534e918647c9d9,1070000127,6.0.a.ii,normalized_legacy_na_to_null,6. AFN customers,,Non-HFTD,Urban,Non-WUI,Number of customers belonging to access and functional needs populations,exact,318149,"GIS is an as-built system, historical customer counts are not available.",,SDG&E,2023,3,v3.1,0,4,SDGE_2023_Q4_Tables1-15.xlsx,Table 7,137,O137,https://efiling.energysafety.ca.gov/eFiling/Getfile.aspx?fileid=53475&shareable=true
T7R-c4b5d48db5f5c74d,1070000127,6.0.a.ii,normalized_legacy_na_to_null,6. AFN customers,,Non-HFTD,Urban,Non-WUI,Number of customers belonging to access and functional needs populations,exact,316695,"GIS is an as-built system, historical customer counts are not available.",,SDG&E,2023,4,v3.1,0,4,SDGE_2023_Q4_Tables1-15.xlsx,Table 7,137,P137,https://efiling.energysafety.ca.gov/eFiling/Getfile.aspx?fileid=53475&shareable=true
T7R-c0b5f5c94971abbb,1070000128,6.0.b.i,normalized_legacy_na_to_null,6. AFN customers,,Non-HFTD,Rural,WUI,Number of customers belonging to access and functional needs populations,exact,8267,"GIS is an as-built system, historical customer counts are not available.",,SDG&E,2023,1,v3.1,0,4,SDGE_2023_Q4_Tables1-15.xlsx,Table 7,138,M138,https://efiling.energysafety.ca.gov/eFiling/Getfile.aspx?fileid=53475&shareable=true
T7R-28bfc5d49417a326,1070000128,6.0.b.i,normalized_legacy_na_to_null,6. AFN customers,,Non-HFTD,Rural,WUI,Number of customers belonging to access and functional needs populations,exact,8096,"GIS is an as-built system, historical customer counts are not available.",,SDG&E,2023,2,v3.1,0,4,SDGE_2023_Q4_Tables1-15.xlsx,Table 7,138,N138,https://efiling.energysafety.ca.gov/eFiling/Getfile.aspx?fileid=53475&shareable=true
T7R-4429831fc1021ec5,1070000128,6.0.b.i,normalized_legacy_na_to_null,6. AFN customers,,Non-HFTD,Rural,WUI,Number of customers belonging to access and functional needs populations,exact,8074,"GIS is an as-built system, historical customer counts are not available.",,SDG&E,2023,3,v3.1,0,4,SDGE_2023_Q4_Tables1-15.xlsx,Table 7,138,O138,https://efiling.energysafety.ca.gov/eFiling/Getfile.aspx?fileid=53475&shareable=true
T7R-4c19f96934f05cac,1070000128,6.0.b.i,normalized_legacy_na_to_null,6. AFN customers,,Non-HFTD,Rural,WUI,Number of customers belonging to access and functional needs populations,exact,8281,"GIS is an as-built system, historical customer counts are not available.",,SDG&E,2023,4,v3.1,0,4,SDGE_2023_Q4_Tables1-15.xlsx,Table 7,138,P138,https://efiling.energysafety.ca.gov/eFiling/Getfile.aspx?fileid=53475&shareable=true
T7R-b8d0dde5d5a09e53,1070000129,6.0.b.ii,normalized_legacy_na_to_null,6. AFN customers,,Non-HFTD,Rural,Non-WUI,Number of customers belonging to access and functional needs populations,exact,9216,"GIS is an as-built system, historical customer counts are not available.",,SDG&E,2023,1,v3.1,0,4,SDGE_2023_Q4_Tables1-15.xlsx,Table 7,139,M139,https://efiling.energysafety.ca.gov/eFiling/Getfile.aspx?fileid=53475&shareable=true
T7R-4cc51a8e9aa401ab,1070000129,6.0.b.ii,normalized_legacy_na_to_null,6. AFN customers,,Non-HFTD,Rural,Non-WUI,Number of customers belonging to access and functional needs populations,exact,9068,"GIS is an as-built system, historical customer counts are not available.",,SDG&E,2023,2,v3.1,0,4,SDGE_2023_Q4_Tables1-15.xlsx,Table 7,139,N139,https://efiling.energysafety.ca.gov/eFiling/Getfile.aspx?fileid=53475&shareable=true
T7R-f366db000b8b6411,1070000129,6.0.b.ii,normalized_legacy_na_to_null,6. AFN customers,,Non-HFTD,Rural,Non-WUI,Number of customers belonging to access and functional needs populations,exact,9119,"GIS is an as-built system, historical customer counts are not available.",,SDG&E,2023,3,v3.1,0,4,SDGE_2023_Q4_Tables1-15.xlsx,Table 7,139,O139,https://efiling.energysafety.ca.gov/eFiling/Getfile.aspx?fileid=53475&shareable=true
T7R-eebd337da89e5b06,1070000129,6.0.b.ii,normalized_legacy_na_to_null,6. AFN customers,,Non-HFTD,Rural,Non-WUI,Number of customers belonging to access and functional needs populations,exact,9557,"GIS is an as-built system, historical customer counts are not available.",,SDG&E,2023,4,v3.1,0,4,SDGE_2023_Q4_Tables1-15.xlsx,Table 7,139,P139,https://efiling.energysafety.ca.gov/eFiling/Getfile.aspx?fileid=53475&shareable=true
T7R-10fa798519817645,1070000130,6.0.c.i,normalized_legacy_na_to_null,6. AFN customers,,Non-HFTD,Highly rural,WUI,Number of customers belonging to access and functional needs populations,exact,298,"GIS is an as-built system, historical customer counts are not available.",,SDG&E,2023,1,v3.1,0,4,SDGE_2023_Q4_Tables1-15.xlsx,Table 7,140,M140,https://efiling.energysafety.ca.gov/eFiling/Getfile.aspx?fileid=53475&shareable=true
T7R-91e240022975f189,1070000130,6.0.c.i,normalized_legacy_na_to_null,6. AFN customers,,Non-HFTD,Highly rural,WUI,Number of customers belonging to access and functional needs populations,exact,297,"GIS is an as-built system, historical customer counts are not available.",,SDG&E,2023,2,v3.1,0,4,SDGE_2023_Q4_Tables1-15.xlsx,Table 7,140,N140,https://efiling.energysafety.ca.gov/eFiling/Getfile.aspx?fileid=53475&shareable=true
T7R-253f937c2b83c039,1070000130,6.0.c.i,normalized_legacy_na_to_null,6. AFN customers,,Non-HFTD,Highly rural,WUI,Number of customers belonging to access and functional needs populations,exact,299,"GIS is an as-built system, historical customer counts are not available.",,SDG&E,2023,3,v3.1,0,4,SDGE_2023_Q4_Tables1-15.xlsx,Table 7,140,O140,https://efiling.energysafety.ca.gov/eFiling/Getfile.aspx?fileid=53475&shareable=true
T7R-e576dd8f0444e1d6,1070000130,6.0.c.i,normalized_legacy_na_to_null,6. AFN customers,,Non-HFTD,Highly rural,WUI,Number of customers belonging to access and functional needs populations,exact,318,"GIS is an as-built system, historical customer counts are not available.",,SDG&E,2023,4,v3.1,0,4,SDGE_2023_Q4_Tables1-15.xlsx,Table 7,140,P140,https://efiling.energysafety.ca.gov/eFiling/Getfile.aspx?fileid=53475&shareable=true
T7R-67971ba17f38aa6c,1070000131,6.0.c.ii,normalized_legacy_na_to_null,6. AFN customers,,Non-HFTD,Highly rural,Non-WUI,Number of customers belonging to access and functional needs populations,exact,440,"GIS is an as-built system, historical customer counts are not available.",,SDG&E,2023,1,v3.1,0,4,SDGE_2023_Q4_Tables1-15.xlsx,Table 7,141,M141,https://efiling.energysafety.ca.gov/eFiling/Getfile.aspx?fileid=53475&shareable=true
T7R-b9a694b324ca838d,1070000131,6.0.c.ii,normalized_legacy_na_to_null,6. AFN customers,,Non-HFTD,Highly rural,Non-WUI,Number of customers belonging to access and functional needs populations,exact,438,"GIS is an as-built system, historical customer counts are not available.",,SDG&E,2023,2,v3.1,0,4,SDGE_2023_Q4_Tables1-15.xlsx,Table 7,141,N141,https://efiling.energysafety.ca.gov/eFiling/Getfile.aspx?fileid=53475&shareable=true
T7R-ebb591ee9548a26b,1070000131,6.0.c.ii,normalized_legacy_na_to_null,6. AFN customers,,Non-HFTD,Highly rural,Non-WUI,Number of customers belonging to access and functional needs populations,exact,434,"GIS is an as-built system, historical customer counts are not available.",,SDG&E,2023,3,v3.1,0,4,SDGE_2023_Q4_Tables1-15.xlsx,Table 7,141,O141,https://efiling.energysafety.ca.gov/eFiling/Getfile.aspx?fileid=53475&shareable=true
T7R-f18a562e3b37dc53,1070000131,6.0.c.ii,normalized_legacy_na_to_null,6. AFN customers,,Non-HFTD,Highly rural,Non-WUI,Number of customers belonging to access and functional needs populations,exact,435,"GIS is an as-built system, historical customer counts are not available.",,SDG&E,2023,4,v3.1,0,4,SDGE_2023_Q4_Tables1-15.xlsx,Table 7,141,P141,https://efiling.energysafety.ca.gov/eFiling/Getfile.aspx?fileid=53475&shareable=true
T7R-31a1139e0c585b96,1070000132,6.2.a.i,normalized_legacy_na_to_null,6. AFN customers,,HFTD Tier 2,Urban,WUI,Number of customers belonging to access and functional needs populations,exact,14818,"GIS is an as-built system, historical customer counts are not available.",,SDG&E,2023,1,v3.1,0,4,SDGE_2023_Q4_Tables1-15.xlsx,Table 7,142,M142,https://efiling.energysafety.ca.gov/eFiling/Getfile.aspx?fileid=53475&shareable=true
T7R-b6a6781e59bf6cb8,1070000132,6.2.a.i,normalized_legacy_na_to_null,6. AFN customers,,HFTD Tier 2,Urban,WUI,Number of customers belonging to access and functional needs populations,exact,14590,"GIS is an as-built system, historical customer counts are not available.",,SDG&E,2023,2,v3.1,0,4,SDGE_2023_Q4_Tables1-15.xlsx,Table 7,142,N142,https://efiling.energysafety.ca.gov/eFiling/Getfile.aspx?fileid=53475&shareable=true
T7R-a84246e53d6b0d4c,1070000132,6.2.a.i,normalized_legacy_na_to_null,6. AFN customers,,HFTD Tier 2,Urban,WUI,Number of customers belonging to access and functional needs populations,exact,14719,"GIS is an as-built system, historical customer counts are not available.",,SDG&E,2023,3,v3.1,0,4,SDGE_2023_Q4_Tables1-15.xlsx,Table 7,142,O142,https://efiling.energysafety.ca.gov/eFiling/Getfile.aspx?fileid=53475&shareable=true
T7R-be557546e434c270,1070000132,6.2.a.i,normalized_legacy_na_to_null,6. AFN customers,,HFTD Tier 2,Urban,WUI,Number of customers belonging to access and functional needs populations,exact,14984,"GIS is an as-built system, historical customer counts are not available.",,SDG&E,2023,4,v3.1,0,4,SDGE_2023_Q4_Tables1-15.xlsx,Table 7,142,P142,https://efiling.energysafety.ca.gov/eFiling/Getfile.aspx?fileid=53475&shareable=true
T7R-fe2d5999354edd47,1070000133,6.2.a.ii,normalized_legacy_na_to_null,6. AFN customers,,HFTD Tier 2,Urban,Non-WUI,Number of customers belonging to access and functional needs populations,exact,5663,"GIS is an as-built system, historical customer counts are not available.",,SDG&E,2023,1,v3.1,0,4,SDGE_2023_Q4_Tables1-15.xlsx,Table 7,143,M143,https://efiling.energysafety.ca.gov/eFiling/Getfile.aspx?fileid=53475&shareable=true
T7R-2b430dee10928d40,1070000133,6.2.a.ii,normalized_legacy_na_to_null,6. AFN customers,,HFTD Tier 2,Urban,Non-WUI,Number of customers belonging to access and functional needs populations,exact,5560,"GIS is an as-built system, historical customer counts are not available.",,SDG&E,2023,2,v3.1,0,4,SDGE_2023_Q4_Tables1-15.xlsx,Table 7,143,N143,https://efiling.energysafety.ca.gov/eFiling/Getfile.aspx?fileid=53475&shareable=true
T7R-59792378d69b2c8b,1070000133,6.2.a.ii,normalized_legacy_na_to_null,6. AFN customers,,HFTD Tier 2,Urban,Non-WUI,Number of customers belonging to access and functional needs populations,exact,5531,"GIS is an as-built system, historical customer counts are not available.",,SDG&E,2023,3,v3.1,0,4,SDGE_2023_Q4_Tables1-15.xlsx,Table 7,143,O143,https://efiling.energysafety.ca.gov/eFiling/Getfile.aspx?fileid=53475&shareable=true
T7R-f79ffc301af9d2a3,1070000133,6.2.a.ii,normalized_legacy_na_to_null,6. AFN customers,,HFTD Tier 2,Urban,Non-WUI,Number of customers belonging to access and functional needs populations,exact,5243,"GIS is an as-built system, historical customer counts are not available.",,SDG&E,2023,4,v3.1,0,4,SDGE_2023_Q4_Tables1-15.xlsx,Table 7,143,P143,https://efiling.energysafety.ca.gov/eFiling/Getfile.aspx?fileid=53475&shareable=true
T7R-29a5dca49f3cf402,1070000134,6.2.b.i,normalized_legacy_na_to_null,6. AFN customers,,HFTD Tier 2,Rural,WUI,Number of customers belonging to access and functional needs populations,exact,12174,"GIS is an as-built system, historical customer counts are not available.",,SDG&E,2023,1,v3.1,0,4,SDGE_2023_Q4_Tables1-15.xlsx,Table 7,144,M144,https://efiling.energysafety.ca.gov/eFiling/Getfile.aspx?fileid=53475&shareable=true
T7R-9b4bff44d0ab7b90,1070000134,6.2.b.i,normalized_legacy_na_to_null,6. AFN customers,,HFTD Tier 2,Rural,WUI,Number of customers belonging to access and functional needs populations,exact,11975,"GIS is an as-built system, historical customer counts are not available.",,SDG&E,2023,2,v3.1,0,4,SDGE_2023_Q4_Tables1-15.xlsx,Table 7,144,N144,https://efiling.energysafety.ca.gov/eFiling/Getfile.aspx?fileid=53475&shareable=true
T7R-66125b7ab881e5f7,1070000134,6.2.b.i,normalized_legacy_na_to_null,6. AFN customers,,HFTD Tier 2,Rural,WUI,Number of customers belonging to access and functional needs populations,exact,12101,"GIS is an as-built system, historical customer counts are not available.",,SDG&E,2023,3,v3.1,0,4,SDGE_2023_Q4_Tables1-15.xlsx,Table 7,144,O144,https://efiling.energysafety.ca.gov/eFiling/Getfile.aspx?fileid=53475&shareable=true
T7R-32c25cab51e2cc66,1070000134,6.2.b.i,normalized_legacy_na_to_null,6. AFN customers,,HFTD Tier 2,Rural,WUI,Number of customers belonging to access and functional needs populations,exact,12219,"GIS is an as-built system, historical customer counts are not available.",,SDG&E,2023,4,v3.1,0,4,SDGE_2023_Q4_Tables1-15.xlsx,Table 7,144,P144,https://efiling.energysafety.ca.gov/eFiling/Getfile.aspx?fileid=53475&shareable=true
T7R-ec3bb268251a1250,1070000135,6.2.b.ii,normalized_legacy_na_to_null,6. AFN customers,,HFTD Tier 2,Rural,Non-WUI,Number of customers belonging to access and functional needs populations,exact,4179,"GIS is an as-built system, historical customer counts are not available.",,SDG&E,2023,1,v3.1,0,4,SDGE_2023_Q4_Tables1-15.xlsx,Table 7,145,M145,https://efiling.energysafety.ca.gov/eFiling/Getfile.aspx?fileid=53475&shareable=true
T7R-c7aed21d341a45f9,1070000135,6.2.b.ii,normalized_legacy_na_to_null,6. AFN customers,,HFTD Tier 2,Rural,Non-WUI,Number of customers belonging to access and functional needs populations,exact,4063,"GIS is an as-built system, historical customer counts are not available.",,SDG&E,2023,2,v3.1,0,4,SDGE_2023_Q4_Tables1-15.xlsx,Table 7,145,N145,https://efiling.energysafety.ca.gov/eFiling/Getfile.aspx?fileid=53475&shareable=true
T7R-6b6fed96262b6d1d,1070000135,6.2.b.ii,normalized_legacy_na_to_null,6. AFN customers,,HFTD Tier 2,Rural,Non-WUI,Number of customers belonging to access and functional needs populations,exact,4113,"GIS is an as-built system, historical customer counts are not available.",,SDG&E,2023,3,v3.1,0,4,SDGE_2023_Q4_Tables1-15.xlsx,Table 7,145,O145,https://efiling.energysafety.ca.gov/eFiling/Getfile.aspx?fileid=53475&shareable=true
T7R-69d50f088c5d13e6,1070000135,6.2.b.ii,normalized_legacy_na_to_null,6. AFN customers,,HFTD Tier 2,Rural,Non-WUI,Number of customers belonging to access and functional needs populations,exact,4449,"GIS is an as-built system, historical customer counts are not available.",,SDG&E,2023,4,v3.1,0,4,SDGE_2023_Q4_Tables1-15.xlsx,Table 7,145,P145,https://efiling.energysafety.ca.gov/eFiling/Getfile.aspx?fileid=53475&shareable=true
T7R-a73ce2fb3beb9cd4,1070000136,6.2.c.i,normalized_legacy_na_to_null,6. AFN customers,,HFTD Tier 2,Highly rural,WUI,Number of customers belonging to access and functional needs populations,exact,95,"GIS is an as-built system, historical customer counts are not available.",,SDG&E,2023,1,v3.1,0,4,SDGE_2023_Q4_Tables1-15.xlsx,Table 7,146,M146,https://efiling.energysafety.ca.gov/eFiling/Getfile.aspx?fileid=53475&shareable=true
T7R-8946b131af8662c7,1070000136,6.2.c.i,normalized_legacy_na_to_null,6. AFN customers,,HFTD Tier 2,Highly rural,WUI,Number of customers belonging to access and functional needs populations,exact,93,"GIS is an as-built system, historical customer counts are not available.",,SDG&E,2023,2,v3.1,0,4,SDGE_2023_Q4_Tables1-15.xlsx,Table 7,146,N146,https://efiling.energysafety.ca.gov/eFiling/Getfile.aspx?fileid=53475&shareable=true
T7R-079eeec13a9dbcd8,1070000136,6.2.c.i,normalized_legacy_na_to_null,6. AFN customers,,HFTD Tier 2,Highly rural,WUI,Number of customers belonging to access and functional needs populations,exact,95,"GIS is an as-built system, historical customer counts are not available.",,SDG&E,2023,3,v3.1,0,4,SDGE_2023_Q4_Tables1-15.xlsx,Table 7,146,O146,https://efiling.energysafety.ca.gov/eFiling/Getfile.aspx?fileid=53475&shareable=true
T7R-b7b905dd32a5a459,1070000136,6.2.c.i,normalized_legacy_na_to_null,6. AFN customers,,HFTD Tier 2,Highly rural,WUI,Number of customers belonging to access and functional needs populations,exact,99,"GIS is an as-built system, historical customer counts are not available.",,SDG&E,2023,4,v3.1,0,4,SDGE_2023_Q4_Tables1-15.xlsx,Table 7,146,P146,https://efiling.energysafety.ca.gov/eFiling/Getfile.aspx?fileid=53475&shareable=true
T7R-8049e21432ce6228,1070000137,6.2.c.ii,normalized_legacy_na_to_null,6. AFN customers,,HFTD Tier 2,Highly rural,Non-WUI,Number of customers belonging to access and functional needs populations,exact,173,"GIS is an as-built system, historical customer counts are not available.",,SDG&E,2023,1,v3.1,0,4,SDGE_2023_Q4_Tables1-15.xlsx,Table 7,147,M147,https://efiling.energysafety.ca.gov/eFiling/Getfile.aspx?fileid=53475&shareable=true
T7R-cffa6c66cfab12fe,1070000137,6.2.c.ii,normalized_legacy_na_to_null,6. AFN customers,,HFTD Tier 2,Highly rural,Non-WUI,Number of customers belonging to access and functional needs populations,exact,163,"GIS is an as-built system, historical customer counts are not available.",,SDG&E,2023,2,v3.1,0,4,SDGE_2023_Q4_Tables1-15.xlsx,Table 7,147,N147,https://efiling.energysafety.ca.gov/eFiling/Getfile.aspx?fileid=53475&shareable=true
T7R-6ef09d43cedae5f9,1070000137,6.2.c.ii,normalized_legacy_na_to_null,6. AFN customers,,HFTD Tier 2,Highly rural,Non-WUI,Number of customers belonging to access and functional needs populations,exact,161,"GIS is an as-built system, historical customer counts are not available.",,SDG&E,2023,3,v3.1,0,4,SDGE_2023_Q4_Tables1-15.xlsx,Table 7,147,O147,https://efiling.energysafety.ca.gov/eFiling/Getfile.aspx?fileid=53475&shareable=true
T7R-e8700bf6907bdc9e,1070000137,6.2.c.ii,normalized_legacy_na_to_null,6. AFN customers,,HFTD Tier 2,Highly rural,Non-WUI,Number of customers belonging to access and functional needs populations,exact,148,"GIS is an as-built system, historical customer counts are not available.",,SDG&E,2023,4,v3.1,0,4,SDGE_2023_Q4_Tables1-15.xlsx,Table 7,147,P147,https://efiling.energysafety.ca.gov/eFiling/Getfile.aspx?fileid=53475&shareable=true
T7R-86ca31b79c14dfb6,1070000138,6.3.a.i,normalized_legacy_na_to_null,6. AFN customers,,HFTD Tier 3,Urban,WUI,Number of customers belonging to access and functional needs populations,exact,31,"GIS is an as-built system, historical customer counts are not available.",,SDG&E,2023,1,v3.1,0,4,SDGE_2023_Q4_Tables1-15.xlsx,Table 7,148,M148,https://efiling.energysafety.ca.gov/eFiling/Getfile.aspx?fileid=53475&shareable=true
T7R-836829f29522a62a,1070000138,6.3.a.i,normalized_legacy_na_to_null,6. AFN customers,,HFTD Tier 3,Urban,WUI,Number of customers belonging to access and functional needs populations,exact,30,"GIS is an as-built system, historical customer counts are not available.",,SDG&E,2023,2,v3.1,0,4,SDGE_2023_Q4_Tables1-15.xlsx,Table 7,148,N148,https://efiling.energysafety.ca.gov/eFiling/Getfile.aspx?fileid=53475&shareable=true
T7R-af8776e216303cf1,1070000138,6.3.a.i,normalized_legacy_na_to_null,6. AFN customers,,HFTD Tier 3,Urban,WUI,Number of customers belonging to access and functional needs populations,exact,29,"GIS is an as-built system, historical customer counts are not available.",,SDG&E,2023,3,v3.1,0,4,SDGE_2023_Q4_Tables1-15.xlsx,Table 7,148,O148,https://efiling.energysafety.ca.gov/eFiling/Getfile.aspx?fileid=53475&shareable=true
T7R-4e1be43980ce2203,1070000138,6.3.a.i,normalized_legacy_na_to_null,6. AFN customers,,HFTD Tier 3,Urban,WUI,Number of customers belonging to access and functional needs populations,exact,27,"GIS is an as-built system, historical customer counts are not available.",,SDG&E,2023,4,v3.1,0,4,SDGE_2023_Q4_Tables1-15.xlsx,Table 7,148,P148,https://efiling.energysafety.ca.gov/eFiling/Getfile.aspx?fileid=53475&shareable=true
T7R-94b2224a70d1d049,1070000139,6.3.a.ii,normalized_legacy_na_to_null,6. AFN customers,,HFTD Tier 3,Urban,Non-WUI,Number of customers belonging to access and functional needs populations,exact,2,"GIS is an as-built system, historical customer counts are not available.",,SDG&E,2023,1,v3.1,0,4,SDGE_2023_Q4_Tables1-15.xlsx,Table 7,149,M149,https://efiling.energysafety.ca.gov/eFiling/Getfile.aspx?fileid=53475&shareable=true
T7R-f9d34867f3c60c2c,1070000139,6.3.a.ii,normalized_legacy_na_to_null,6. AFN customers,,HFTD Tier 3,Urban,Non-WUI,Number of customers belonging to access and functional needs populations,exact,2,"GIS is an as-built system, historical customer counts are not available.",,SDG&E,2023,2,v3.1,0,4,SDGE_2023_Q4_Tables1-15.xlsx,Table 7,149,N149,https://efiling.energysafety.ca.gov/eFiling/Getfile.aspx?fileid=53475&shareable=true
T7R-6c8bcb0f449f266b,1070000139,6.3.a.ii,normalized_legacy_na_to_null,6. AFN customers,,HFTD Tier 3,Urban,Non-WUI,Number of customers belonging to access and functional needs populations,exact,2,"GIS is an as-built system, historical customer counts are not available.",,SDG&E,2023,3,v3.1,0,4,SDGE_2023_Q4_Tables1-15.xlsx,Table 7,149,O149,https://efiling.energysafety.ca.gov/eFiling/Getfile.aspx?fileid=53475&shareable=true
T7R-eb35c9534ad922b2,1070000139,6.3.a.ii,normalized_legacy_na_to_null,6. AFN customers,,HFTD Tier 3,Urban,Non-WUI,Number of customers belonging to access and functional needs populations,exact,1,"GIS is an as-built system, historical customer counts are not available.",,SDG&E,2023,4,v3.1,0,4,SDGE_2023_Q4_Tables1-15.xlsx,Table 7,149,P149,https://efiling.energysafety.ca.gov/eFiling/Getfile.aspx?fileid=53475&shareable=true
T7R-df21623c82172a0a,1070000140,6.3.b.i,normalized_legacy_na_to_null,6. AFN customers,,HFTD Tier 3,Rural,WUI,Number of customers belonging to access and functional needs populations,exact,5331,"GIS is an as-built system, historical customer counts are not available.",,SDG&E,2023,1,v3.1,0,4,SDGE_2023_Q4_Tables1-15.xlsx,Table 7,150,M150,https://efiling.energysafety.ca.gov/eFiling/Getfile.aspx?fileid=53475&shareable=true
T7R-c20429b587e79b29,1070000140,6.3.b.i,normalized_legacy_na_to_null,6. AFN customers,,HFTD Tier 3,Rural,WUI,Number of customers belonging to access and functional needs populations,exact,5211,"GIS is an as-built system, historical customer counts are not available.",,SDG&E,2023,2,v3.1,0,4,SDGE_2023_Q4_Tables1-15.xlsx,Table 7,150,N150,https://efiling.energysafety.ca.gov/eFiling/Getfile.aspx?fileid=53475&shareable=true
T7R-7fd9bce14ec597f5,1070000140,6.3.b.i,normalized_legacy_na_to_null,6. AFN customers,,HFTD Tier 3,Rural,WUI,Number of customers belonging to access and functional needs populations,exact,5303,"GIS is an as-built system, historical customer counts are not available.",,SDG&E,2023,3,v3.1,0,4,SDGE_2023_Q4_Tables1-15.xlsx,Table 7,150,O150,https://efiling.energysafety.ca.gov/eFiling/Getfile.aspx?fileid=53475&shareable=true
T7R-cc86cc50bfdabe46,1070000140,6.3.b.i,normalized_legacy_na_to_null,6. AFN customers,,HFTD Tier 3,Rural,WUI,Number of customers belonging to access and functional needs populations,exact,5525,"GIS is an as-built system, historical customer counts are not available.",,SDG&E,2023,4,v3.1,0,4,SDGE_2023_Q4_Tables1-15.xlsx,Table 7,150,P150,https://efiling.energysafety.ca.gov/eFiling/Getfile.aspx?fileid=53475&shareable=true
T7R-223fd22d65052b48,1070000141,6.3.b.ii,normalized_legacy_na_to_null,6. AFN customers,,HFTD Tier 3,Rural,Non-WUI,Number of customers belonging to access and functional needs populations,exact,1930,"GIS is an as-built system, historical customer counts are not available.",,SDG&E,2023,1,v3.1,0,4,SDGE_2023_Q4_Tables1-15.xlsx,Table 7,151,M151,https://efiling.energysafety.ca.gov/eFiling/Getfile.aspx?fileid=53475&shareable=true
T7R-9ba4af9cc1a896fe,1070000141,6.3.b.ii,normalized_legacy_na_to_null,6. AFN customers,,HFTD Tier 3,Rural,Non-WUI,Number of customers belonging to access and functional needs populations,exact,1884,"GIS is an as-built system, historical customer counts are not available.",,SDG&E,2023,2,v3.1,0,4,SDGE_2023_Q4_Tables1-15.xlsx,Table 7,151,N151,https://efiling.energysafety.ca.gov/eFiling/Getfile.aspx?fileid=53475&shareable=true
T7R-dea537795dd00180,1070000141,6.3.b.ii,normalized_legacy_na_to_null,6. AFN customers,,HFTD Tier 3,Rural,Non-WUI,Number of customers belonging to access and functional needs populations,exact,1934,"GIS is an as-built system, historical customer counts are not available.",,SDG&E,2023,3,v3.1,0,4,SDGE_2023_Q4_Tables1-15.xlsx,Table 7,151,O151,https://efiling.energysafety.ca.gov/eFiling/Getfile.aspx?fileid=53475&shareable=true
T7R-5cfc15326dcc8f3a,1070000141,6.3.b.ii,normalized_legacy_na_to_null,6. AFN customers,,HFTD Tier 3,Rural,Non-WUI,Number of customers belonging to access and functional needs populations,exact,1965,"GIS is an as-built system, historical customer counts are not available.",,SDG&E,2023,4,v3.1,0,4,SDGE_2023_Q4_Tables1-15.xlsx,Table 7,151,P151,https://efiling.energysafety.ca.gov/eFiling/Getfile.aspx?fileid=53475&shareable=true
T7R-803220ffd92a29f4,1070000142,6.3.c.i,normalized_legacy_na_to_null,6. AFN customers,,HFTD Tier 3,Highly rural,WUI,Number of customers belonging to access and functional needs populations,exact,259,"GIS is an as-built system, historical customer counts are not available.",,SDG&E,2023,1,v3.1,0,4,SDGE_2023_Q4_Tables1-15.xlsx,Table 7,152,M152,https://efiling.energysafety.ca.gov/eFiling/Getfile.aspx?fileid=53475&shareable=true
T7R-748ca2ea64e3c9da,1070000142,6.3.c.i,normalized_legacy_na_to_null,6. AFN customers,,HFTD Tier 3,Highly rural,WUI,Number of customers belonging to access and functional needs populations,exact,245,"GIS is an as-built system, historical customer counts are not available.",,SDG&E,2023,2,v3.1,0,4,SDGE_2023_Q4_Tables1-15.xlsx,Table 7,152,N152,https://efiling.energysafety.ca.gov/eFiling/Getfile.aspx?fileid=53475&shareable=true
T7R-3c7ecd27faebe0d1,1070000142,6.3.c.i,normalized_legacy_na_to_null,6. AFN customers,,HFTD Tier 3,Highly rural,WUI,Number of customers belonging to access and functional needs populations,exact,253,"GIS is an as-built system, historical customer counts are not available.",,SDG&E,2023,3,v3.1,0,4,SDGE_2023_Q4_Tables1-15.xlsx,Table 7,152,O152,https://efiling.energysafety.ca.gov/eFiling/Getfile.aspx?fileid=53475&shareable=true
T7R-5186e60cf9f16679,1070000142,6.3.c.i,normalized_legacy_na_to_null,6. AFN customers,,HFTD Tier 3,Highly rural,WUI,Number of customers belonging to access and functional needs populations,exact,266,"GIS is an as-built system, historical customer counts are not available.",,SDG&E,2023,4,v3.1,0,4,SDGE_2023_Q4_Tables1-15.xlsx,Table 7,152,P152,https://efiling.energysafety.ca.gov/eFiling/Getfile.aspx?fileid=53475&shareable=true
T7R-4364d2eb6110bec1,1070000143,6.3.c.ii,normalized_legacy_na_to_null,6. AFN customers,,HFTD Tier 3,Highly rural,Non-WUI,Number of customers belonging to access and functional needs populations,exact,240,"GIS is an as-built system, historical customer counts are not available.",,SDG&E,2023,1,v3.1,0,4,SDGE_2023_Q4_Tables1-15.xlsx,Table 7,153,M153,https://efiling.energysafety.ca.gov/eFiling/Getfile.aspx?fileid=53475&shareable=true
T7R-071aefdc1cfb5627,1070000143,6.3.c.ii,normalized_legacy_na_to_null,6. AFN customers,,HFTD Tier 3,Highly rural,Non-WUI,Number of customers belonging to access and functional needs populations,exact,238,"GIS is an as-built system, historical customer counts are not available.",,SDG&E,2023,2,v3.1,0,4,SDGE_2023_Q4_Tables1-15.xlsx,Table 7,153,N153,https://efiling.energysafety.ca.gov/eFiling/Getfile.aspx?fileid=53475&shareable=true
T7R-62dee79e78c5fc7a,1070000143,6.3.c.ii,normalized_legacy_na_to_null,6. AFN customers,,HFTD Tier 3,Highly rural,Non-WUI,Number of customers belonging to access and functional needs populations,exact,239,"GIS is an as-built system, historical customer counts are not available.",,SDG&E,2023,3,v3.1,0,4,SDGE_2023_Q4_Tables1-15.xlsx,Table 7,153,O153,https://efiling.energysafety.ca.gov/eFiling/Getfile.aspx?fileid=53475&shareable=true
T7R-4cae1113451d03ef,1070000143,6.3.c.ii,normalized_legacy_na_to_null,6. AFN customers,,HFTD Tier 3,Highly rural,Non-WUI,Number of customers belonging to access and functional needs populations,exact,204,"GIS is an as-built system, historical customer counts are not available.",,SDG&E,2023,4,v3.1,0,4,SDGE_2023_Q4_Tables1-15.xlsx,Table 7,153,P153,https://efiling.energysafety.ca.gov/eFiling/Getfile.aspx?fileid=53475&shareable=true
T7R-bab8f5b921595d68,1070000144,7.0.a.i,normalized_legacy_na_to_null,7. Substations,,Non-HFTD,Urban,WUI,Number of substations,exact,12,,,SDG&E,2023,1,v3.1,0,4,SDGE_2023_Q4_Tables1-15.xlsx,Table 7,154,M154,https://efiling.energysafety.ca.gov/eFiling/Getfile.aspx?fileid=53475&shareable=true
T7R-207eeaed194f4d8e,1070000144,7.0.a.i,normalized_legacy_na_to_null,7. Substations,,Non-HFTD,Urban,WUI,Number of substations,exact,12,,,SDG&E,2023,2,v3.1,0,4,SDGE_2023_Q4_Tables1-15.xlsx,Table 7,154,N154,https://efiling.energysafety.ca.gov/eFiling/Getfile.aspx?fileid=53475&shareable=true
T7R-0e394db7d6b6644e,1070000144,7.0.a.i,normalized_legacy_na_to_null,7. Substations,,Non-HFTD,Urban,WUI,Number of substations,exact,12,,,SDG&E,2023,3,v3.1,0,4,SDGE_2023_Q4_Tables1-15.xlsx,Table 7,154,O154,https://efiling.energysafety.ca.gov/eFiling/Getfile.aspx?fileid=53475&shareable=true
T7R-e22228851da94382,1070000144,7.0.a.i,normalized_legacy_na_to_null,7. Substations,,Non-HFTD,Urban,WUI,Number of substations,exact,12,,,SDG&E,2023,4,v3.1,0,4,SDGE_2023_Q4_Tables1-15.xlsx,Table 7,154,P154,https://efiling.energysafety.ca.gov/eFiling/Getfile.aspx?fileid=53475&shareable=true
T7R-e9b12ace5de5d32c,1070000145,7.0.a.ii,normalized_legacy_na_to_null,7. Substations,,Non-HFTD,Urban,Non-WUI,Number of substations,exact,66,,,SDG&E,2023,1,v3.1,0,4,SDGE_2023_Q4_Tables1-15.xlsx,Table 7,155,M155,https://efiling.energysafety.ca.gov/eFiling/Getfile.aspx?fileid=53475&shareable=true
T7R-c57b2bc1ebca6a1b,1070000145,7.0.a.ii,normalized_legacy_na_to_null,7. Substations,,Non-HFTD,Urban,Non-WUI,Number of substations,exact,66,,,SDG&E,2023,2,v3.1,0,4,SDGE_2023_Q4_Tables1-15.xlsx,Table 7,155,N155,https://efiling.energysafety.ca.gov/eFiling/Getfile.aspx?fileid=53475&shareable=true
T7R-26101965caf85c7e,1070000145,7.0.a.ii,normalized_legacy_na_to_null,7. Substations,,Non-HFTD,Urban,Non-WUI,Number of substations,exact,66,,,SDG&E,2023,3,v3.1,0,4,SDGE_2023_Q4_Tables1-15.xlsx,Table 7,155,O155,https://efiling.energysafety.ca.gov/eFiling/Getfile.aspx?fileid=53475&shareable=true
T7R-a7f8dd692922cd28,1070000145,7.0.a.ii,normalized_legacy_na_to_null,7. Substations,,Non-HFTD,Urban,Non-WUI,Number of substations,exact,66,,,SDG&E,2023,4,v3.1,0,4,SDGE_2023_Q4_Tables1-15.xlsx,Table 7,155,P155,https://efiling.energysafety.ca.gov/eFiling/Getfile.aspx?fileid=53475&shareable=true
T7R-b91e5e566e2420e0,1070000146,7.0.b.i,normalized_legacy_na_to_null,7. Substations,,Non-HFTD,Rural,WUI,Number of substations,exact,4,,,SDG&E,2023,1,v3.1,0,4,SDGE_2023_Q4_Tables1-15.xlsx,Table 7,156,M156,https://efiling.energysafety.ca.gov/eFiling/Getfile.aspx?fileid=53475&shareable=true
T7R-da165149483729ac,1070000146,7.0.b.i,normalized_legacy_na_to_null,7. Substations,,Non-HFTD,Rural,WUI,Number of substations,exact,4,,,SDG&E,2023,2,v3.1,0,4,SDGE_2023_Q4_Tables1-15.xlsx,Table 7,156,N156,https://efiling.energysafety.ca.gov/eFiling/Getfile.aspx?fileid=53475&shareable=true
T7R-24bd31ff0ecf7897,1070000146,7.0.b.i,normalized_legacy_na_to_null,7. Substations,,Non-HFTD,Rural,WUI,Number of substations,exact,4,,,SDG&E,2023,3,v3.1,0,4,SDGE_2023_Q4_Tables1-15.xlsx,Table 7,156,O156,https://efiling.energysafety.ca.gov/eFiling/Getfile.aspx?fileid=53475&shareable=true
T7R-8478ecaea39a2639,1070000146,7.0.b.i,normalized_legacy_na_to_null,7. Substations,,Non-HFTD,Rural,WUI,Number of substations,exact,4,,,SDG&E,2023,4,v3.1,0,4,SDGE_2023_Q4_Tables1-15.xlsx,Table 7,156,P156,https://efiling.energysafety.ca.gov/eFiling/Getfile.aspx?fileid=53475&shareable=true
T7R-d46a7bcda3a4b318,1070000147,7.0.b.ii,normalized_legacy_na_to_null,7. Substations,,Non-HFTD,Rural,Non-WUI,Number of substations,exact,26,,,SDG&E,2023,1,v3.1,0,4,SDGE_2023_Q4_Tables1-15.xlsx,Table 7,157,M157,https://efiling.energysafety.ca.gov/eFiling/Getfile.aspx?fileid=53475&shareable=true
T7R-d15e925e7553ca9a,1070000147,7.0.b.ii,normalized_legacy_na_to_null,7. Substations,,Non-HFTD,Rural,Non-WUI,Number of substations,exact,26,,,SDG&E,2023,2,v3.1,0,4,SDGE_2023_Q4_Tables1-15.xlsx,Table 7,157,N157,https://efiling.energysafety.ca.gov/eFiling/Getfile.aspx?fileid=53475&shareable=true
T7R-accfbe166ac67d56,1070000147,7.0.b.ii,normalized_legacy_na_to_null,7. Substations,,Non-HFTD,Rural,Non-WUI,Number of substations,exact,26,,,SDG&E,2023,3,v3.1,0,4,SDGE_2023_Q4_Tables1-15.xlsx,Table 7,157,O157,https://efiling.energysafety.ca.gov/eFiling/Getfile.aspx?fileid=53475&shareable=true
T7R-e42be2b77ece0ad9,1070000147,7.0.b.ii,normalized_legacy_na_to_null,7. Substations,,Non-HFTD,Rural,Non-WUI,Number of substations,exact,26,,,SDG&E,2023,4,v3.1,0,4,SDGE_2023_Q4_Tables1-15.xlsx,Table 7,157,P157,https://efiling.energysafety.ca.gov/eFiling/Getfile.aspx?fileid=53475&shareable=true
T7R-263ea9ff52c6aee2,1070000148,7.0.c.i,normalized_legacy_na_to_null,7. Substations,,Non-HFTD,Highly rural,WUI,Number of substations,exact,0,,,SDG&E,2023,1,v3.1,0,4,SDGE_2023_Q4_Tables1-15.xlsx,Table 7,158,M158,https://efiling.energysafety.ca.gov/eFiling/Getfile.aspx?fileid=53475&shareable=true
T7R-53de24b0eab15c8d,1070000148,7.0.c.i,normalized_legacy_na_to_null,7. Substations,,Non-HFTD,Highly rural,WUI,Number of substations,exact,0,,,SDG&E,2023,2,v3.1,0,4,SDGE_2023_Q4_Tables1-15.xlsx,Table 7,158,N158,https://efiling.energysafety.ca.gov/eFiling/Getfile.aspx?fileid=53475&shareable=true
T7R-72312b88b2abf608,1070000148,7.0.c.i,normalized_legacy_na_to_null,7. Substations,,Non-HFTD,Highly rural,WUI,Number of substations,exact,0,,,SDG&E,2023,3,v3.1,0,4,SDGE_2023_Q4_Tables1-15.xlsx,Table 7,158,O158,https://efiling.energysafety.ca.gov/eFiling/Getfile.aspx?fileid=53475&shareable=true
T7R-44de7db1ca2596f1,1070000148,7.0.c.i,normalized_legacy_na_to_null,7. Substations,,Non-HFTD,Highly rural,WUI,Number of substations,exact,0,,,SDG&E,2023,4,v3.1,0,4,SDGE_2023_Q4_Tables1-15.xlsx,Table 7,158,P158,https://efiling.energysafety.ca.gov/eFiling/Getfile.aspx?fileid=53475&shareable=true
T7R-91dc7b046c3fd0d0,1070000149,7.0.c.ii,normalized_legacy_na_to_null,7. Substations,,Non-HFTD,Highly rural,Non-WUI,Number of substations,exact,3,,,SDG&E,2023,1,v3.1,0,4,SDGE_2023_Q4_Tables1-15.xlsx,Table 7,159,M159,https://efiling.energysafety.ca.gov/eFiling/Getfile.aspx?fileid=53475&shareable=true
T7R-4d9378fb3e145cc2,1070000149,7.0.c.ii,normalized_legacy_na_to_null,7. Substations,,Non-HFTD,Highly rural,Non-WUI,Number of substations,exact,3,,,SDG&E,2023,2,v3.1,0,4,SDGE_2023_Q4_Tables1-15.xlsx,Table 7,159,N159,https://efiling.energysafety.ca.gov/eFiling/Getfile.aspx?fileid=53475&shareable=true
T7R-89d5ae899dad16fc,1070000149,7.0.c.ii,normalized_legacy_na_to_null,7. Substations,,Non-HFTD,Highly rural,Non-WUI,Number of substations,exact,3,,,SDG&E,2023,3,v3.1,0,4,SDGE_2023_Q4_Tables1-15.xlsx,Table 7,159,O159,https://efiling.energysafety.ca.gov/eFiling/Getfile.aspx?fileid=53475&shareable=true
T7R-ed4f5b0f909a3b69,1070000149,7.0.c.ii,normalized_legacy_na_to_null,7. Substations,,Non-HFTD,Highly rural,Non-WUI,Number of substations,exact,3,,,SDG&E,2023,4,v3.1,0,4,SDGE_2023_Q4_Tables1-15.xlsx,Table 7,159,P159,https://efiling.energysafety.ca.gov/eFiling/Getfile.aspx?fileid=53475&shareable=true
T7R-0d5b5dc67f1f70b6,1070000150,7.2.a.i,normalized_legacy_na_to_null,7. Substations,,HFTD Tier 2,Urban,WUI,Number of substations,exact,1,,,SDG&E,2023,1,v3.1,0,4,SDGE_2023_Q4_Tables1-15.xlsx,Table 7,160,M160,https://efiling.energysafety.ca.gov/eFiling/Getfile.aspx?fileid=53475&shareable=true
T7R-ea592d6940e2a2d6,1070000150,7.2.a.i,normalized_legacy_na_to_null,7. Substations,,HFTD Tier 2,Urban,WUI,Number of substations,exact,1,,,SDG&E,2023,2,v3.1,0,4,SDGE_2023_Q4_Tables1-15.xlsx,Table 7,160,N160,https://efiling.energysafety.ca.gov/eFiling/Getfile.aspx?fileid=53475&shareable=true
T7R-16fc4054524690f0,1070000150,7.2.a.i,normalized_legacy_na_to_null,7. Substations,,HFTD Tier 2,Urban,WUI,Number of substations,exact,1,,,SDG&E,2023,3,v3.1,0,4,SDGE_2023_Q4_Tables1-15.xlsx,Table 7,160,O160,https://efiling.energysafety.ca.gov/eFiling/Getfile.aspx?fileid=53475&shareable=true
T7R-523bec8c6be62314,1070000150,7.2.a.i,normalized_legacy_na_to_null,7. Substations,,HFTD Tier 2,Urban,WUI,Number of substations,exact,1,,,SDG&E,2023,4,v3.1,0,4,SDGE_2023_Q4_Tables1-15.xlsx,Table 7,160,P160,https://efiling.energysafety.ca.gov/eFiling/Getfile.aspx?fileid=53475&shareable=true
T7R-3adb0eb8f85ae739,1070000151,7.2.a.ii,normalized_legacy_na_to_null,7. Substations,,HFTD Tier 2,Urban,Non-WUI,Number of substations,exact,5,,,SDG&E,2023,1,v3.1,0,4,SDGE_2023_Q4_Tables1-15.xlsx,Table 7,161,M161,https://efiling.energysafety.ca.gov/eFiling/Getfile.aspx?fileid=53475&shareable=true
T7R-385999e34fd0962a,1070000151,7.2.a.ii,normalized_legacy_na_to_null,7. Substations,,HFTD Tier 2,Urban,Non-WUI,Number of substations,exact,5,,,SDG&E,2023,2,v3.1,0,4,SDGE_2023_Q4_Tables1-15.xlsx,Table 7,161,N161,https://efiling.energysafety.ca.gov/eFiling/Getfile.aspx?fileid=53475&shareable=true
T7R-264c86a19f8fed27,1070000151,7.2.a.ii,normalized_legacy_na_to_null,7. Substations,,HFTD Tier 2,Urban,Non-WUI,Number of substations,exact,5,,,SDG&E,2023,3,v3.1,0,4,SDGE_2023_Q4_Tables1-15.xlsx,Table 7,161,O161,https://efiling.energysafety.ca.gov/eFiling/Getfile.aspx?fileid=53475&shareable=true
T7R-5f301be0f9b841f3,1070000151,7.2.a.ii,normalized_legacy_na_to_null,7. Substations,,HFTD Tier 2,Urban,Non-WUI,Number of substations,exact,5,,,SDG&E,2023,4,v3.1,0,4,SDGE_2023_Q4_Tables1-15.xlsx,Table 7,161,P161,https://efiling.energysafety.ca.gov/eFiling/Getfile.aspx?fileid=53475&shareable=true
T7R-096c82697b0f7523,1070000152,7.2.b.i,normalized_legacy_na_to_null,7. Substations,,HFTD Tier 2,Rural,WUI,Number of substations,exact,5,,,SDG&E,2023,1,v3.1,0,4,SDGE_2023_Q4_Tables1-15.xlsx,Table 7,162,M162,https://efiling.energysafety.ca.gov/eFiling/Getfile.aspx?fileid=53475&shareable=true
T7R-d4fa1a153269bc45,1070000152,7.2.b.i,normalized_legacy_na_to_null,7. Substations,,HFTD Tier 2,Rural,WUI,Number of substations,exact,5,,,SDG&E,2023,2,v3.1,0,4,SDGE_2023_Q4_Tables1-15.xlsx,Table 7,162,N162,https://efiling.energysafety.ca.gov/eFiling/Getfile.aspx?fileid=53475&shareable=true
T7R-4873825f22ce9fa8,1070000152,7.2.b.i,normalized_legacy_na_to_null,7. Substations,,HFTD Tier 2,Rural,WUI,Number of substations,exact,5,,,SDG&E,2023,3,v3.1,0,4,SDGE_2023_Q4_Tables1-15.xlsx,Table 7,162,O162,https://efiling.energysafety.ca.gov/eFiling/Getfile.aspx?fileid=53475&shareable=true
T7R-7a89b97e61e93e1f,1070000152,7.2.b.i,normalized_legacy_na_to_null,7. Substations,,HFTD Tier 2,Rural,WUI,Number of substations,exact,5,,,SDG&E,2023,4,v3.1,0,4,SDGE_2023_Q4_Tables1-15.xlsx,Table 7,162,P162,https://efiling.energysafety.ca.gov/eFiling/Getfile.aspx?fileid=53475&shareable=true
T7R-4764a7be9906705b,1070000153,7.2.b.ii,normalized_legacy_na_to_null,7. Substations,,HFTD Tier 2,Rural,Non-WUI,Number of substations,exact,23,,,SDG&E,2023,1,v3.1,0,4,SDGE_2023_Q4_Tables1-15.xlsx,Table 7,163,M163,https://efiling.energysafety.ca.gov/eFiling/Getfile.aspx?fileid=53475&shareable=true
T7R-8de8746ba588de8e,1070000153,7.2.b.ii,normalized_legacy_na_to_null,7. Substations,,HFTD Tier 2,Rural,Non-WUI,Number of substations,exact,23,,,SDG&E,2023,2,v3.1,0,4,SDGE_2023_Q4_Tables1-15.xlsx,Table 7,163,N163,https://efiling.energysafety.ca.gov/eFiling/Getfile.aspx?fileid=53475&shareable=true
T7R-686ef387f009c8cd,1070000153,7.2.b.ii,normalized_legacy_na_to_null,7. Substations,,HFTD Tier 2,Rural,Non-WUI,Number of substations,exact,23,,,SDG&E,2023,3,v3.1,0,4,SDGE_2023_Q4_Tables1-15.xlsx,Table 7,163,O163,https://efiling.energysafety.ca.gov/eFiling/Getfile.aspx?fileid=53475&shareable=true
T7R-40ee0ab469c790b2,1070000153,7.2.b.ii,normalized_legacy_na_to_null,7. Substations,,HFTD Tier 2,Rural,Non-WUI,Number of substations,exact,23,,,SDG&E,2023,4,v3.1,0,4,SDGE_2023_Q4_Tables1-15.xlsx,Table 7,163,P163,https://efiling.energysafety.ca.gov/eFiling/Getfile.aspx?fileid=53475&shareable=true
T7R-8fe490e8b3f36e29,1070000154,7.2.c.i,normalized_legacy_na_to_null,7. Substations,,HFTD Tier 2,Highly rural,WUI,Number of substations,exact,0,,,SDG&E,2023,1,v3.1,0,4,SDGE_2023_Q4_Tables1-15.xlsx,Table 7,164,M164,https://efiling.energysafety.ca.gov/eFiling/Getfile.aspx?fileid=53475&shareable=true
T7R-bd9c89341533e93c,1070000154,7.2.c.i,normalized_legacy_na_to_null,7. Substations,,HFTD Tier 2,Highly rural,WUI,Number of substations,exact,0,,,SDG&E,2023,2,v3.1,0,4,SDGE_2023_Q4_Tables1-15.xlsx,Table 7,164,N164,https://efiling.energysafety.ca.gov/eFiling/Getfile.aspx?fileid=53475&shareable=true
T7R-28e610b07eb3e94b,1070000154,7.2.c.i,normalized_legacy_na_to_null,7. Substations,,HFTD Tier 2,Highly rural,WUI,Number of substations,exact,0,,,SDG&E,2023,3,v3.1,0,4,SDGE_2023_Q4_Tables1-15.xlsx,Table 7,164,O164,https://efiling.energysafety.ca.gov/eFiling/Getfile.aspx?fileid=53475&shareable=true
T7R-db643d0e3f38120e,1070000154,7.2.c.i,normalized_legacy_na_to_null,7. Substations,,HFTD Tier 2,Highly rural,WUI,Number of substations,exact,0,,,SDG&E,2023,4,v3.1,0,4,SDGE_2023_Q4_Tables1-15.xlsx,Table 7,164,P164,https://efiling.energysafety.ca.gov/eFiling/Getfile.aspx?fileid=53475&shareable=true
T7R-4b5dbda54a99344e,1070000155,7.2.c.ii,normalized_legacy_na_to_null,7. Substations,,HFTD Tier 2,Highly rural,Non-WUI,Number of substations,exact,1,,,SDG&E,2023,1,v3.1,0,4,SDGE_2023_Q4_Tables1-15.xlsx,Table 7,165,M165,https://efiling.energysafety.ca.gov/eFiling/Getfile.aspx?fileid=53475&shareable=true
T7R-03afaacde2697777,1070000155,7.2.c.ii,normalized_legacy_na_to_null,7. Substations,,HFTD Tier 2,Highly rural,Non-WUI,Number of substations,exact,1,,,SDG&E,2023,2,v3.1,0,4,SDGE_2023_Q4_Tables1-15.xlsx,Table 7,165,N165,https://efiling.energysafety.ca.gov/eFiling/Getfile.aspx?fileid=53475&shareable=true
T7R-9344945d78d5b989,1070000155,7.2.c.ii,normalized_legacy_na_to_null,7. Substations,,HFTD Tier 2,Highly rural,Non-WUI,Number of substations,exact,1,,,SDG&E,2023,3,v3.1,0,4,SDGE_2023_Q4_Tables1-15.xlsx,Table 7,165,O165,https://efiling.energysafety.ca.gov/eFiling/Getfile.aspx?fileid=53475&shareable=true
T7R-0d7601b8dc71f694,1070000155,7.2.c.ii,normalized_legacy_na_to_null,7. Substations,,HFTD Tier 2,Highly rural,Non-WUI,Number of substations,exact,1,,,SDG&E,2023,4,v3.1,0,4,SDGE_2023_Q4_Tables1-15.xlsx,Table 7,165,P165,https://efiling.energysafety.ca.gov/eFiling/Getfile.aspx?fileid=53475&shareable=true
T7R-642bd2da5f47feb8,1070000156,7.3.a.i,normalized_legacy_na_to_null,7. Substations,,HFTD Tier 3,Urban,WUI,Number of substations,exact,0,,,SDG&E,2023,1,v3.1,0,4,SDGE_2023_Q4_Tables1-15.xlsx,Table 7,166,M166,https://efiling.energysafety.ca.gov/eFiling/Getfile.aspx?fileid=53475&shareable=true
T7R-357c74348881adc1,1070000156,7.3.a.i,normalized_legacy_na_to_null,7. Substations,,HFTD Tier 3,Urban,WUI,Number of substations,exact,0,,,SDG&E,2023,2,v3.1,0,4,SDGE_2023_Q4_Tables1-15.xlsx,Table 7,166,N166,https://efiling.energysafety.ca.gov/eFiling/Getfile.aspx?fileid=53475&shareable=true
T7R-69c8feddd27391fa,1070000156,7.3.a.i,normalized_legacy_na_to_null,7. Substations,,HFTD Tier 3,Urban,WUI,Number of substations,exact,0,,,SDG&E,2023,3,v3.1,0,4,SDGE_2023_Q4_Tables1-15.xlsx,Table 7,166,O166,https://efiling.energysafety.ca.gov/eFiling/Getfile.aspx?fileid=53475&shareable=true
T7R-a1b02125d03dc781,1070000156,7.3.a.i,normalized_legacy_na_to_null,7. Substations,,HFTD Tier 3,Urban,WUI,Number of substations,exact,0,,,SDG&E,2023,4,v3.1,0,4,SDGE_2023_Q4_Tables1-15.xlsx,Table 7,166,P166,https://efiling.energysafety.ca.gov/eFiling/Getfile.aspx?fileid=53475&shareable=true
T7R-d73035d8469c5481,1070000157,7.3.a.ii,normalized_legacy_na_to_null,7. Substations,,HFTD Tier 3,Urban,Non-WUI,Number of substations,exact,0,,,SDG&E,2023,1,v3.1,0,4,SDGE_2023_Q4_Tables1-15.xlsx,Table 7,167,M167,https://efiling.energysafety.ca.gov/eFiling/Getfile.aspx?fileid=53475&shareable=true
T7R-169b3d670831b7d0,1070000157,7.3.a.ii,normalized_legacy_na_to_null,7. Substations,,HFTD Tier 3,Urban,Non-WUI,Number of substations,exact,0,,,SDG&E,2023,2,v3.1,0,4,SDGE_2023_Q4_Tables1-15.xlsx,Table 7,167,N167,https://efiling.energysafety.ca.gov/eFiling/Getfile.aspx?fileid=53475&shareable=true
T7R-646a88b1fe706ab8,1070000157,7.3.a.ii,normalized_legacy_na_to_null,7. Substations,,HFTD Tier 3,Urban,Non-WUI,Number of substations,exact,0,,,SDG&E,2023,3,v3.1,0,4,SDGE_2023_Q4_Tables1-15.xlsx,Table 7,167,O167,https://efiling.energysafety.ca.gov/eFiling/Getfile.aspx?fileid=53475&shareable=true
T7R-88e3c93a1fc4f675,1070000157,7.3.a.ii,normalized_legacy_na_to_null,7. Substations,,HFTD Tier 3,Urban,Non-WUI,Number of substations,exact,0,,,SDG&E,2023,4,v3.1,0,4,SDGE_2023_Q4_Tables1-15.xlsx,Table 7,167,P167,https://efiling.energysafety.ca.gov/eFiling/Getfile.aspx?fileid=53475&shareable=true
T7R-015f096684a0a0c1,1070000158,7.3.b.i,normalized_legacy_na_to_null,7. Substations,,HFTD Tier 3,Rural,WUI,Number of substations,exact,0,,,SDG&E,2023,1,v3.1,0,4,SDGE_2023_Q4_Tables1-15.xlsx,Table 7,168,M168,https://efiling.energysafety.ca.gov/eFiling/Getfile.aspx?fileid=53475&shareable=true
T7R-21ce946f83cdf60d,1070000158,7.3.b.i,normalized_legacy_na_to_null,7. Substations,,HFTD Tier 3,Rural,WUI,Number of substations,exact,0,,,SDG&E,2023,2,v3.1,0,4,SDGE_2023_Q4_Tables1-15.xlsx,Table 7,168,N168,https://efiling.energysafety.ca.gov/eFiling/Getfile.aspx?fileid=53475&shareable=true
T7R-dda61e2ec7e69479,1070000158,7.3.b.i,normalized_legacy_na_to_null,7. Substations,,HFTD Tier 3,Rural,WUI,Number of substations,exact,0,,,SDG&E,2023,3,v3.1,0,4,SDGE_2023_Q4_Tables1-15.xlsx,Table 7,168,O168,https://efiling.energysafety.ca.gov/eFiling/Getfile.aspx?fileid=53475&shareable=true
T7R-431600257667f9f7,1070000158,7.3.b.i,normalized_legacy_na_to_null,7. Substations,,HFTD Tier 3,Rural,WUI,Number of substations,exact,0,,,SDG&E,2023,4,v3.1,0,4,SDGE_2023_Q4_Tables1-15.xlsx,Table 7,168,P168,https://efiling.energysafety.ca.gov/eFiling/Getfile.aspx?fileid=53475&shareable=true
T7R-c488faadbb1766af,1070000159,7.3.b.ii,normalized_legacy_na_to_null,7. Substations,,HFTD Tier 3,Rural,Non-WUI,Number of substations,exact,11,,,SDG&E,2023,1,v3.1,0,4,SDGE_2023_Q4_Tables1-15.xlsx,Table 7,169,M169,https://efiling.energysafety.ca.gov/eFiling/Getfile.aspx?fileid=53475&shareable=true
T7R-69be61178509582c,1070000159,7.3.b.ii,normalized_legacy_na_to_null,7. Substations,,HFTD Tier 3,Rural,Non-WUI,Number of substations,exact,11,,,SDG&E,2023,2,v3.1,0,4,SDGE_2023_Q4_Tables1-15.xlsx,Table 7,169,N169,https://efiling.energysafety.ca.gov/eFiling/Getfile.aspx?fileid=53475&shareable=true
T7R-f336a8adb574860e,1070000159,7.3.b.ii,normalized_legacy_na_to_null,7. Substations,,HFTD Tier 3,Rural,Non-WUI,Number of substations,exact,11,,,SDG&E,2023,3,v3.1,0,4,SDGE_2023_Q4_Tables1-15.xlsx,Table 7,169,O169,https://efiling.energysafety.ca.gov/eFiling/Getfile.aspx?fileid=53475&shareable=true
T7R-6feedca45fd7a5fe,1070000159,7.3.b.ii,normalized_legacy_na_to_null,7. Substations,,HFTD Tier 3,Rural,Non-WUI,Number of substations,exact,11,,,SDG&E,2023,4,v3.1,0,4,SDGE_2023_Q4_Tables1-15.xlsx,Table 7,169,P169,https://efiling.energysafety.ca.gov/eFiling/Getfile.aspx?fileid=53475&shareable=true
T7R-db67afbd0167a9b6,1070000160,7.3.c.i,normalized_legacy_na_to_null,7. Substations,,HFTD Tier 3,Highly rural,WUI,Number of substations,exact,0,,,SDG&E,2023,1,v3.1,0,4,SDGE_2023_Q4_Tables1-15.xlsx,Table 7,170,M170,https://efiling.energysafety.ca.gov/eFiling/Getfile.aspx?fileid=53475&shareable=true
T7R-c50841d81d62d788,1070000160,7.3.c.i,normalized_legacy_na_to_null,7. Substations,,HFTD Tier 3,Highly rural,WUI,Number of substations,exact,0,,,SDG&E,2023,2,v3.1,0,4,SDGE_2023_Q4_Tables1-15.xlsx,Table 7,170,N170,https://efiling.energysafety.ca.gov/eFiling/Getfile.aspx?fileid=53475&shareable=true
T7R-989e0a11a9d04ce0,1070000160,7.3.c.i,normalized_legacy_na_to_null,7. Substations,,HFTD Tier 3,Highly rural,WUI,Number of substations,exact,0,,,SDG&E,2023,3,v3.1,0,4,SDGE_2023_Q4_Tables1-15.xlsx,Table 7,170,O170,https://efiling.energysafety.ca.gov/eFiling/Getfile.aspx?fileid=53475&shareable=true
T7R-9d7ba897396f482c,1070000160,7.3.c.i,normalized_legacy_na_to_null,7. Substations,,HFTD Tier 3,Highly rural,WUI,Number of substations,exact,0,,,SDG&E,2023,4,v3.1,0,4,SDGE_2023_Q4_Tables1-15.xlsx,Table 7,170,P170,https://efiling.energysafety.ca.gov/eFiling/Getfile.aspx?fileid=53475&shareable=true
T7R-43ab4f8eb677ed5a,1070000161,7.3.c.ii,normalized_legacy_na_to_null,7. Substations,,HFTD Tier 3,Highly rural,Non-WUI,Number of substations,exact,2,,,SDG&E,2023,1,v3.1,0,4,SDGE_2023_Q4_Tables1-15.xlsx,Table 7,171,M171,https://efiling.energysafety.ca.gov/eFiling/Getfile.aspx?fileid=53475&shareable=true
T7R-3806be27d4fc2e23,1070000161,7.3.c.ii,normalized_legacy_na_to_null,7. Substations,,HFTD Tier 3,Highly rural,Non-WUI,Number of substations,exact,2,,,SDG&E,2023,2,v3.1,0,4,SDGE_2023_Q4_Tables1-15.xlsx,Table 7,171,N171,https://efiling.energysafety.ca.gov/eFiling/Getfile.aspx?fileid=53475&shareable=true
T7R-c3ca2e0e73749b93,1070000161,7.3.c.ii,normalized_legacy_na_to_null,7. Substations,,HFTD Tier 3,Highly rural,Non-WUI,Number of substations,exact,2,,,SDG&E,2023,3,v3.1,0,4,SDGE_2023_Q4_Tables1-15.xlsx,Table 7,171,O171,https://efiling.energysafety.ca.gov/eFiling/Getfile.aspx?fileid=53475&shareable=true
T7R-5ad02517858e2f12,1070000161,7.3.c.ii,normalized_legacy_na_to_null,7. Substations,,HFTD Tier 3,Highly rural,Non-WUI,Number of substations,exact,2,,,SDG&E,2023,4,v3.1,0,4,SDGE_2023_Q4_Tables1-15.xlsx,Table 7,171,P171,https://efiling.energysafety.ca.gov/eFiling/Getfile.aspx?fileid=53475&shareable=true
T7R-3d9de6b9f7913674,1070000162,8.0.a.i,normalized_legacy_na_to_null,8. Weather stations,,Non-HFTD,Urban,WUI,Number of weather stations,exact,3,,,SDG&E,2023,1,v3.1,0,4,SDGE_2023_Q4_Tables1-15.xlsx,Table 7,172,M172,https://efiling.energysafety.ca.gov/eFiling/Getfile.aspx?fileid=53475&shareable=true
T7R-33d4cb65d11b045c,1070000162,8.0.a.i,normalized_legacy_na_to_null,8. Weather stations,,Non-HFTD,Urban,WUI,Number of weather stations,exact,3,,,SDG&E,2023,2,v3.1,0,4,SDGE_2023_Q4_Tables1-15.xlsx,Table 7,172,N172,https://efiling.energysafety.ca.gov/eFiling/Getfile.aspx?fileid=53475&shareable=true
T7R-7df052d3a969ee0a,1070000162,8.0.a.i,normalized_legacy_na_to_null,8. Weather stations,,Non-HFTD,Urban,WUI,Number of weather stations,exact,3,,,SDG&E,2023,3,v3.1,0,4,SDGE_2023_Q4_Tables1-15.xlsx,Table 7,172,O172,https://efiling.energysafety.ca.gov/eFiling/Getfile.aspx?fileid=53475&shareable=true
T7R-a8115a742afe2c28,1070000162,8.0.a.i,normalized_legacy_na_to_null,8. Weather stations,,Non-HFTD,Urban,WUI,Number of weather stations,exact,3,,,SDG&E,2023,4,v3.1,0,4,SDGE_2023_Q4_Tables1-15.xlsx,Table 7,172,P172,https://efiling.energysafety.ca.gov/eFiling/Getfile.aspx?fileid=53475&shareable=true
T7R-1739dafbb2fb2072,1070000163,8.0.a.ii,normalized_legacy_na_to_null,8. Weather stations,,Non-HFTD,Urban,Non-WUI,Number of weather stations,exact,13,,,SDG&E,2023,1,v3.1,0,4,SDGE_2023_Q4_Tables1-15.xlsx,Table 7,173,M173,https://efiling.energysafety.ca.gov/eFiling/Getfile.aspx?fileid=53475&shareable=true
T7R-146611a72a9f5903,1070000163,8.0.a.ii,normalized_legacy_na_to_null,8. Weather stations,,Non-HFTD,Urban,Non-WUI,Number of weather stations,exact,13,,,SDG&E,2023,2,v3.1,0,4,SDGE_2023_Q4_Tables1-15.xlsx,Table 7,173,N173,https://efiling.energysafety.ca.gov/eFiling/Getfile.aspx?fileid=53475&shareable=true
T7R-f36ded5f32406ff6,1070000163,8.0.a.ii,normalized_legacy_na_to_null,8. Weather stations,,Non-HFTD,Urban,Non-WUI,Number of weather stations,exact,13,,,SDG&E,2023,3,v3.1,0,4,SDGE_2023_Q4_Tables1-15.xlsx,Table 7,173,O173,https://efiling.energysafety.ca.gov/eFiling/Getfile.aspx?fileid=53475&shareable=true
T7R-341bbd270e3bada5,1070000163,8.0.a.ii,normalized_legacy_na_to_null,8. Weather stations,,Non-HFTD,Urban,Non-WUI,Number of weather stations,exact,13,,,SDG&E,2023,4,v3.1,0,4,SDGE_2023_Q4_Tables1-15.xlsx,Table 7,173,P173,https://efiling.energysafety.ca.gov/eFiling/Getfile.aspx?fileid=53475&shareable=true
T7R-2bf316d11639ae7e,1070000164,8.0.b.i,normalized_legacy_na_to_null,8. Weather stations,,Non-HFTD,Rural,WUI,Number of weather stations,exact,1,,,SDG&E,2023,1,v3.1,0,4,SDGE_2023_Q4_Tables1-15.xlsx,Table 7,174,M174,https://efiling.energysafety.ca.gov/eFiling/Getfile.aspx?fileid=53475&shareable=true
T7R-15db180b6dec1f8d,1070000164,8.0.b.i,normalized_legacy_na_to_null,8. Weather stations,,Non-HFTD,Rural,WUI,Number of weather stations,exact,1,,,SDG&E,2023,2,v3.1,0,4,SDGE_2023_Q4_Tables1-15.xlsx,Table 7,174,N174,https://efiling.energysafety.ca.gov/eFiling/Getfile.aspx?fileid=53475&shareable=true
T7R-1e0ece324ab16f6d,1070000164,8.0.b.i,normalized_legacy_na_to_null,8. Weather stations,,Non-HFTD,Rural,WUI,Number of weather stations,exact,1,,,SDG&E,2023,3,v3.1,0,4,SDGE_2023_Q4_Tables1-15.xlsx,Table 7,174,O174,https://efiling.energysafety.ca.gov/eFiling/Getfile.aspx?fileid=53475&shareable=true
T7R-edf1a51c546e3f5e,1070000164,8.0.b.i,normalized_legacy_na_to_null,8. Weather stations,,Non-HFTD,Rural,WUI,Number of weather stations,exact,1,,,SDG&E,2023,4,v3.1,0,4,SDGE_2023_Q4_Tables1-15.xlsx,Table 7,174,P174,https://efiling.energysafety.ca.gov/eFiling/Getfile.aspx?fileid=53475&shareable=true
T7R-2b42067d22ce16f6,1070000165,8.0.b.ii,normalized_legacy_na_to_null,8. Weather stations,,Non-HFTD,Rural,Non-WUI,Number of weather stations,exact,3,,,SDG&E,2023,1,v3.1,0,4,SDGE_2023_Q4_Tables1-15.xlsx,Table 7,175,M175,https://efiling.energysafety.ca.gov/eFiling/Getfile.aspx?fileid=53475&shareable=true
T7R-6b7b8130d755e6fb,1070000165,8.0.b.ii,normalized_legacy_na_to_null,8. Weather stations,,Non-HFTD,Rural,Non-WUI,Number of weather stations,exact,3,,,SDG&E,2023,2,v3.1,0,4,SDGE_2023_Q4_Tables1-15.xlsx,Table 7,175,N175,https://efiling.energysafety.ca.gov/eFiling/Getfile.aspx?fileid=53475&shareable=true
T7R-715b0fa2e81e8ad8,1070000165,8.0.b.ii,normalized_legacy_na_to_null,8. Weather stations,,Non-HFTD,Rural,Non-WUI,Number of weather stations,exact,3,,,SDG&E,2023,3,v3.1,0,4,SDGE_2023_Q4_Tables1-15.xlsx,Table 7,175,O175,https://efiling.energysafety.ca.gov/eFiling/Getfile.aspx?fileid=53475&shareable=true
T7R-41158f33cb21fb50,1070000165,8.0.b.ii,normalized_legacy_na_to_null,8. Weather stations,,Non-HFTD,Rural,Non-WUI,Number of weather stations,exact,3,,,SDG&E,2023,4,v3.1,0,4,SDGE_2023_Q4_Tables1-15.xlsx,Table 7,175,P175,https://efiling.energysafety.ca.gov/eFiling/Getfile.aspx?fileid=53475&shareable=true
T7R-65ef1f95d4ee84fe,1070000166,8.0.c.i,normalized_legacy_na_to_null,8. Weather stations,,Non-HFTD,Highly rural,WUI,Number of weather stations,exact,0,,,SDG&E,2023,1,v3.1,0,4,SDGE_2023_Q4_Tables1-15.xlsx,Table 7,176,M176,https://efiling.energysafety.ca.gov/eFiling/Getfile.aspx?fileid=53475&shareable=true
T7R-a802acf54ae234ff,1070000166,8.0.c.i,normalized_legacy_na_to_null,8. Weather stations,,Non-HFTD,Highly rural,WUI,Number of weather stations,exact,0,,,SDG&E,2023,2,v3.1,0,4,SDGE_2023_Q4_Tables1-15.xlsx,Table 7,176,N176,https://efiling.energysafety.ca.gov/eFiling/Getfile.aspx?fileid=53475&shareable=true
T7R-f12a4d7cf0f0531b,1070000166,8.0.c.i,normalized_legacy_na_to_null,8. Weather stations,,Non-HFTD,Highly rural,WUI,Number of weather stations,exact,0,,,SDG&E,2023,3,v3.1,0,4,SDGE_2023_Q4_Tables1-15.xlsx,Table 7,176,O176,https://efiling.energysafety.ca.gov/eFiling/Getfile.aspx?fileid=53475&shareable=true
T7R-93c9b610e7b7db9c,1070000166,8.0.c.i,normalized_legacy_na_to_null,8. Weather stations,,Non-HFTD,Highly rural,WUI,Number of weather stations,exact,0,,,SDG&E,2023,4,v3.1,0,4,SDGE_2023_Q4_Tables1-15.xlsx,Table 7,176,P176,https://efiling.energysafety.ca.gov/eFiling/Getfile.aspx?fileid=53475&shareable=true
T7R-cae8d17ed21d47e3,1070000167,8.0.c.ii,normalized_legacy_na_to_null,8. Weather stations,,Non-HFTD,Highly rural,Non-WUI,Number of weather stations,exact,2,,,SDG&E,2023,1,v3.1,0,4,SDGE_2023_Q4_Tables1-15.xlsx,Table 7,177,M177,https://efiling.energysafety.ca.gov/eFiling/Getfile.aspx?fileid=53475&shareable=true
T7R-13982b5401409c9d,1070000167,8.0.c.ii,normalized_legacy_na_to_null,8. Weather stations,,Non-HFTD,Highly rural,Non-WUI,Number of weather stations,exact,2,,,SDG&E,2023,2,v3.1,0,4,SDGE_2023_Q4_Tables1-15.xlsx,Table 7,177,N177,https://efiling.energysafety.ca.gov/eFiling/Getfile.aspx?fileid=53475&shareable=true
T7R-f575dc2378c91b40,1070000167,8.0.c.ii,normalized_legacy_na_to_null,8. Weather stations,,Non-HFTD,Highly rural,Non-WUI,Number of weather stations,exact,2,,,SDG&E,2023,3,v3.1,0,4,SDGE_2023_Q4_Tables1-15.xlsx,Table 7,177,O177,https://efiling.energysafety.ca.gov/eFiling/Getfile.aspx?fileid=53475&shareable=true
T7R-f2fce55cf65c7244,1070000167,8.0.c.ii,normalized_legacy_na_to_null,8. Weather stations,,Non-HFTD,Highly rural,Non-WUI,Number of weather stations,exact,2,,,SDG&E,2023,4,v3.1,0,4,SDGE_2023_Q4_Tables1-15.xlsx,Table 7,177,P177,https://efiling.energysafety.ca.gov/eFiling/Getfile.aspx?fileid=53475&shareable=true
T7R-8e0a52e6af345b29,1070000168,8.2.a.i,normalized_legacy_na_to_null,8. Weather stations,,HFTD Tier 2,Urban,WUI,Number of weather stations,exact,2,,,SDG&E,2023,1,v3.1,0,4,SDGE_2023_Q4_Tables1-15.xlsx,Table 7,178,M178,https://efiling.energysafety.ca.gov/eFiling/Getfile.aspx?fileid=53475&shareable=true
T7R-8fa74a1be2df1269,1070000168,8.2.a.i,normalized_legacy_na_to_null,8. Weather stations,,HFTD Tier 2,Urban,WUI,Number of weather stations,exact,2,,,SDG&E,2023,2,v3.1,0,4,SDGE_2023_Q4_Tables1-15.xlsx,Table 7,178,N178,https://efiling.energysafety.ca.gov/eFiling/Getfile.aspx?fileid=53475&shareable=true
T7R-3905696dc0d517e8,1070000168,8.2.a.i,normalized_legacy_na_to_null,8. Weather stations,,HFTD Tier 2,Urban,WUI,Number of weather stations,exact,2,,,SDG&E,2023,3,v3.1,0,4,SDGE_2023_Q4_Tables1-15.xlsx,Table 7,178,O178,https://efiling.energysafety.ca.gov/eFiling/Getfile.aspx?fileid=53475&shareable=true
T7R-3fe9bf0de1a94bbb,1070000168,8.2.a.i,normalized_legacy_na_to_null,8. Weather stations,,HFTD Tier 2,Urban,WUI,Number of weather stations,exact,2,,,SDG&E,2023,4,v3.1,0,4,SDGE_2023_Q4_Tables1-15.xlsx,Table 7,178,P178,https://efiling.energysafety.ca.gov/eFiling/Getfile.aspx?fileid=53475&shareable=true
T7R-2b4ab7e7ef7e83af,1070000169,8.2.a.ii,normalized_legacy_na_to_null,8. Weather stations,,HFTD Tier 2,Urban,Non-WUI,Number of weather stations,exact,4,,,SDG&E,2023,1,v3.1,0,4,SDGE_2023_Q4_Tables1-15.xlsx,Table 7,179,M179,https://efiling.energysafety.ca.gov/eFiling/Getfile.aspx?fileid=53475&shareable=true
T7R-a3aa4eaa33d5549a,1070000169,8.2.a.ii,normalized_legacy_na_to_null,8. Weather stations,,HFTD Tier 2,Urban,Non-WUI,Number of weather stations,exact,4,,,SDG&E,2023,2,v3.1,0,4,SDGE_2023_Q4_Tables1-15.xlsx,Table 7,179,N179,https://efiling.energysafety.ca.gov/eFiling/Getfile.aspx?fileid=53475&shareable=true
T7R-5127c8c4382ed659,1070000169,8.2.a.ii,normalized_legacy_na_to_null,8. Weather stations,,HFTD Tier 2,Urban,Non-WUI,Number of weather stations,exact,4,,,SDG&E,2023,3,v3.1,0,4,SDGE_2023_Q4_Tables1-15.xlsx,Table 7,179,O179,https://efiling.energysafety.ca.gov/eFiling/Getfile.aspx?fileid=53475&shareable=true
T7R-198371605e84f676,1070000169,8.2.a.ii,normalized_legacy_na_to_null,8. Weather stations,,HFTD Tier 2,Urban,Non-WUI,Number of weather stations,exact,4,,,SDG&E,2023,4,v3.1,0,4,SDGE_2023_Q4_Tables1-15.xlsx,Table 7,179,P179,https://efiling.energysafety.ca.gov/eFiling/Getfile.aspx?fileid=53475&shareable=true
T7R-99980d6613a7cd20,1070000170,8.2.b.i,normalized_legacy_na_to_null,8. Weather stations,,HFTD Tier 2,Rural,WUI,Number of weather stations,exact,16,,,SDG&E,2023,1,v3.1,0,4,SDGE_2023_Q4_Tables1-15.xlsx,Table 7,180,M180,https://efiling.energysafety.ca.gov/eFiling/Getfile.aspx?fileid=53475&shareable=true
T7R-0f2ca9de8ba264b1,1070000170,8.2.b.i,normalized_legacy_na_to_null,8. Weather stations,,HFTD Tier 2,Rural,WUI,Number of weather stations,exact,16,,,SDG&E,2023,2,v3.1,0,4,SDGE_2023_Q4_Tables1-15.xlsx,Table 7,180,N180,https://efiling.energysafety.ca.gov/eFiling/Getfile.aspx?fileid=53475&shareable=true
T7R-eb9a0e934c2832c8,1070000170,8.2.b.i,normalized_legacy_na_to_null,8. Weather stations,,HFTD Tier 2,Rural,WUI,Number of weather stations,exact,16,,,SDG&E,2023,3,v3.1,0,4,SDGE_2023_Q4_Tables1-15.xlsx,Table 7,180,O180,https://efiling.energysafety.ca.gov/eFiling/Getfile.aspx?fileid=53475&shareable=true
T7R-8491c00d4b55acdf,1070000170,8.2.b.i,normalized_legacy_na_to_null,8. Weather stations,,HFTD Tier 2,Rural,WUI,Number of weather stations,exact,16,,,SDG&E,2023,4,v3.1,0,4,SDGE_2023_Q4_Tables1-15.xlsx,Table 7,180,P180,https://efiling.energysafety.ca.gov/eFiling/Getfile.aspx?fileid=53475&shareable=true
T7R-1ebd748ef58ac35e,1070000171,8.2.b.ii,normalized_legacy_na_to_null,8. Weather stations,,HFTD Tier 2,Rural,Non-WUI,Number of weather stations,exact,52,,,SDG&E,2023,1,v3.1,0,4,SDGE_2023_Q4_Tables1-15.xlsx,Table 7,181,M181,https://efiling.energysafety.ca.gov/eFiling/Getfile.aspx?fileid=53475&shareable=true
T7R-cd092799865e6032,1070000171,8.2.b.ii,normalized_legacy_na_to_null,8. Weather stations,,HFTD Tier 2,Rural,Non-WUI,Number of weather stations,exact,52,,,SDG&E,2023,2,v3.1,0,4,SDGE_2023_Q4_Tables1-15.xlsx,Table 7,181,N181,https://efiling.energysafety.ca.gov/eFiling/Getfile.aspx?fileid=53475&shareable=true
T7R-4db068efecf6d362,1070000171,8.2.b.ii,normalized_legacy_na_to_null,8. Weather stations,,HFTD Tier 2,Rural,Non-WUI,Number of weather stations,exact,52,,,SDG&E,2023,3,v3.1,0,4,SDGE_2023_Q4_Tables1-15.xlsx,Table 7,181,O181,https://efiling.energysafety.ca.gov/eFiling/Getfile.aspx?fileid=53475&shareable=true
T7R-c347930e039d4453,1070000171,8.2.b.ii,normalized_legacy_na_to_null,8. Weather stations,,HFTD Tier 2,Rural,Non-WUI,Number of weather stations,exact,52,,,SDG&E,2023,4,v3.1,0,4,SDGE_2023_Q4_Tables1-15.xlsx,Table 7,181,P181,https://efiling.energysafety.ca.gov/eFiling/Getfile.aspx?fileid=53475&shareable=true
T7R-f99e37fbf7403494,1070000172,8.2.c.i,normalized_legacy_na_to_null,8. Weather stations,,HFTD Tier 2,Highly rural,WUI,Number of weather stations,exact,1,,,SDG&E,2023,1,v3.1,0,4,SDGE_2023_Q4_Tables1-15.xlsx,Table 7,182,M182,https://efiling.energysafety.ca.gov/eFiling/Getfile.aspx?fileid=53475&shareable=true
T7R-d591a13856d9cf1b,1070000172,8.2.c.i,normalized_legacy_na_to_null,8. Weather stations,,HFTD Tier 2,Highly rural,WUI,Number of weather stations,exact,1,,,SDG&E,2023,2,v3.1,0,4,SDGE_2023_Q4_Tables1-15.xlsx,Table 7,182,N182,https://efiling.energysafety.ca.gov/eFiling/Getfile.aspx?fileid=53475&shareable=true
T7R-a7bdce808030b8b0,1070000172,8.2.c.i,normalized_legacy_na_to_null,8. Weather stations,,HFTD Tier 2,Highly rural,WUI,Number of weather stations,exact,1,,,SDG&E,2023,3,v3.1,0,4,SDGE_2023_Q4_Tables1-15.xlsx,Table 7,182,O182,https://efiling.energysafety.ca.gov/eFiling/Getfile.aspx?fileid=53475&shareable=true
T7R-409526b7d5c47af9,1070000172,8.2.c.i,normalized_legacy_na_to_null,8. Weather stations,,HFTD Tier 2,Highly rural,WUI,Number of weather stations,exact,1,,,SDG&E,2023,4,v3.1,0,4,SDGE_2023_Q4_Tables1-15.xlsx,Table 7,182,P182,https://efiling.energysafety.ca.gov/eFiling/Getfile.aspx?fileid=53475&shareable=true
T7R-7312844046b1749c,1070000173,8.2.c.ii,normalized_legacy_na_to_null,8. Weather stations,,HFTD Tier 2,Highly rural,Non-WUI,Number of weather stations,exact,7,,,SDG&E,2023,1,v3.1,0,4,SDGE_2023_Q4_Tables1-15.xlsx,Table 7,183,M183,https://efiling.energysafety.ca.gov/eFiling/Getfile.aspx?fileid=53475&shareable=true
T7R-e576ffd8f8d6774f,1070000173,8.2.c.ii,normalized_legacy_na_to_null,8. Weather stations,,HFTD Tier 2,Highly rural,Non-WUI,Number of weather stations,exact,7,,,SDG&E,2023,2,v3.1,0,4,SDGE_2023_Q4_Tables1-15.xlsx,Table 7,183,N183,https://efiling.energysafety.ca.gov/eFiling/Getfile.aspx?fileid=53475&shareable=true
T7R-08bac4b6cccaf1f4,1070000173,8.2.c.ii,normalized_legacy_na_to_null,8. Weather stations,,HFTD Tier 2,Highly rural,Non-WUI,Number of weather stations,exact,7,,,SDG&E,2023,3,v3.1,0,4,SDGE_2023_Q4_Tables1-15.xlsx,Table 7,183,O183,https://efiling.energysafety.ca.gov/eFiling/Getfile.aspx?fileid=53475&shareable=true
T7R-566cc11208f301f9,1070000173,8.2.c.ii,normalized_legacy_na_to_null,8. Weather stations,,HFTD Tier 2,Highly rural,Non-WUI,Number of weather stations,exact,7,,,SDG&E,2023,4,v3.1,0,4,SDGE_2023_Q4_Tables1-15.xlsx,Table 7,183,P183,https://efiling.energysafety.ca.gov/eFiling/Getfile.aspx?fileid=53475&shareable=true
T7R-df370b58950f7f3f,1070000174,8.3.a.i,normalized_legacy_na_to_null,8. Weather stations,,HFTD Tier 3,Urban,WUI,Number of weather stations,exact,0,,,SDG&E,2023,1,v3.1,0,4,SDGE_2023_Q4_Tables1-15.xlsx,Table 7,184,M184,https://efiling.energysafety.ca.gov/eFiling/Getfile.aspx?fileid=53475&shareable=true
T7R-16e4c9dc7a08f62e,1070000174,8.3.a.i,normalized_legacy_na_to_null,8. Weather stations,,HFTD Tier 3,Urban,WUI,Number of weather stations,exact,0,,,SDG&E,2023,2,v3.1,0,4,SDGE_2023_Q4_Tables1-15.xlsx,Table 7,184,N184,https://efiling.energysafety.ca.gov/eFiling/Getfile.aspx?fileid=53475&shareable=true
T7R-5730e864b6e50f2e,1070000174,8.3.a.i,normalized_legacy_na_to_null,8. Weather stations,,HFTD Tier 3,Urban,WUI,Number of weather stations,exact,0,,,SDG&E,2023,3,v3.1,0,4,SDGE_2023_Q4_Tables1-15.xlsx,Table 7,184,O184,https://efiling.energysafety.ca.gov/eFiling/Getfile.aspx?fileid=53475&shareable=true
T7R-a1cd63ae699be676,1070000174,8.3.a.i,normalized_legacy_na_to_null,8. Weather stations,,HFTD Tier 3,Urban,WUI,Number of weather stations,exact,0,,,SDG&E,2023,4,v3.1,0,4,SDGE_2023_Q4_Tables1-15.xlsx,Table 7,184,P184,https://efiling.energysafety.ca.gov/eFiling/Getfile.aspx?fileid=53475&shareable=true
T7R-7d87a77183e514be,1070000175,8.3.a.ii,normalized_legacy_na_to_null,8. Weather stations,,HFTD Tier 3,Urban,Non-WUI,Number of weather stations,exact,0,,,SDG&E,2023,1,v3.1,0,4,SDGE_2023_Q4_Tables1-15.xlsx,Table 7,185,M185,https://efiling.energysafety.ca.gov/eFiling/Getfile.aspx?fileid=53475&shareable=true
T7R-2eb60e757ffcf196,1070000175,8.3.a.ii,normalized_legacy_na_to_null,8. Weather stations,,HFTD Tier 3,Urban,Non-WUI,Number of weather stations,exact,0,,,SDG&E,2023,2,v3.1,0,4,SDGE_2023_Q4_Tables1-15.xlsx,Table 7,185,N185,https://efiling.energysafety.ca.gov/eFiling/Getfile.aspx?fileid=53475&shareable=true
T7R-bc35bd828ca9697f,1070000175,8.3.a.ii,normalized_legacy_na_to_null,8. Weather stations,,HFTD Tier 3,Urban,Non-WUI,Number of weather stations,exact,0,,,SDG&E,2023,3,v3.1,0,4,SDGE_2023_Q4_Tables1-15.xlsx,Table 7,185,O185,https://efiling.energysafety.ca.gov/eFiling/Getfile.aspx?fileid=53475&shareable=true
T7R-f0098c4b78d3c2f9,1070000175,8.3.a.ii,normalized_legacy_na_to_null,8. Weather stations,,HFTD Tier 3,Urban,Non-WUI,Number of weather stations,exact,0,,,SDG&E,2023,4,v3.1,0,4,SDGE_2023_Q4_Tables1-15.xlsx,Table 7,185,P185,https://efiling.energysafety.ca.gov/eFiling/Getfile.aspx?fileid=53475&shareable=true
T7R-d66b2d4fb525f085,1070000176,8.3.b.i,normalized_legacy_na_to_null,8. Weather stations,,HFTD Tier 3,Rural,WUI,Number of weather stations,exact,11,,,SDG&E,2023,1,v3.1,0,4,SDGE_2023_Q4_Tables1-15.xlsx,Table 7,186,M186,https://efiling.energysafety.ca.gov/eFiling/Getfile.aspx?fileid=53475&shareable=true
T7R-ad2861acb3012380,1070000176,8.3.b.i,normalized_legacy_na_to_null,8. Weather stations,,HFTD Tier 3,Rural,WUI,Number of weather stations,exact,11,,,SDG&E,2023,2,v3.1,0,4,SDGE_2023_Q4_Tables1-15.xlsx,Table 7,186,N186,https://efiling.energysafety.ca.gov/eFiling/Getfile.aspx?fileid=53475&shareable=true
T7R-36878002c04a74df,1070000176,8.3.b.i,normalized_legacy_na_to_null,8. Weather stations,,HFTD Tier 3,Rural,WUI,Number of weather stations,exact,11,,,SDG&E,2023,3,v3.1,0,4,SDGE_2023_Q4_Tables1-15.xlsx,Table 7,186,O186,https://efiling.energysafety.ca.gov/eFiling/Getfile.aspx?fileid=53475&shareable=true
T7R-4633b201e4a5ce1f,1070000176,8.3.b.i,normalized_legacy_na_to_null,8. Weather stations,,HFTD Tier 3,Rural,WUI,Number of weather stations,exact,11,,,SDG&E,2023,4,v3.1,0,4,SDGE_2023_Q4_Tables1-15.xlsx,Table 7,186,P186,https://efiling.energysafety.ca.gov/eFiling/Getfile.aspx?fileid=53475&shareable=true
T7R-c0859f53387fb64a,1070000177,8.3.b.ii,normalized_legacy_na_to_null,8. Weather stations,,HFTD Tier 3,Rural,Non-WUI,Number of weather stations,exact,85,,,SDG&E,2023,1,v3.1,0,4,SDGE_2023_Q4_Tables1-15.xlsx,Table 7,187,M187,https://efiling.energysafety.ca.gov/eFiling/Getfile.aspx?fileid=53475&shareable=true
T7R-b2d61d53809e7213,1070000177,8.3.b.ii,normalized_legacy_na_to_null,8. Weather stations,,HFTD Tier 3,Rural,Non-WUI,Number of weather stations,exact,85,,,SDG&E,2023,2,v3.1,0,4,SDGE_2023_Q4_Tables1-15.xlsx,Table 7,187,N187,https://efiling.energysafety.ca.gov/eFiling/Getfile.aspx?fileid=53475&shareable=true
T7R-73424fb034082e3e,1070000177,8.3.b.ii,normalized_legacy_na_to_null,8. Weather stations,,HFTD Tier 3,Rural,Non-WUI,Number of weather stations,exact,85,,,SDG&E,2023,3,v3.1,0,4,SDGE_2023_Q4_Tables1-15.xlsx,Table 7,187,O187,https://efiling.energysafety.ca.gov/eFiling/Getfile.aspx?fileid=53475&shareable=true
T7R-02c81f23cda3c733,1070000177,8.3.b.ii,normalized_legacy_na_to_null,8. Weather stations,,HFTD Tier 3,Rural,Non-WUI,Number of weather stations,exact,85,,,SDG&E,2023,4,v3.1,0,4,SDGE_2023_Q4_Tables1-15.xlsx,Table 7,187,P187,https://efiling.energysafety.ca.gov/eFiling/Getfile.aspx?fileid=53475&shareable=true
T7R-d802b6dc871a974b,1070000178,8.3.c.i,normalized_legacy_na_to_null,8. Weather stations,,HFTD Tier 3,Highly rural,WUI,Number of weather stations,exact,2,,,SDG&E,2023,1,v3.1,0,4,SDGE_2023_Q4_Tables1-15.xlsx,Table 7,188,M188,https://efiling.energysafety.ca.gov/eFiling/Getfile.aspx?fileid=53475&shareable=true
T7R-06fee70289b4d893,1070000178,8.3.c.i,normalized_legacy_na_to_null,8. Weather stations,,HFTD Tier 3,Highly rural,WUI,Number of weather stations,exact,2,,,SDG&E,2023,2,v3.1,0,4,SDGE_2023_Q4_Tables1-15.xlsx,Table 7,188,N188,https://efiling.energysafety.ca.gov/eFiling/Getfile.aspx?fileid=53475&shareable=true
T7R-db3e7c38fece3a20,1070000178,8.3.c.i,normalized_legacy_na_to_null,8. Weather stations,,HFTD Tier 3,Highly rural,WUI,Number of weather stations,exact,2,,,SDG&E,2023,3,v3.1,0,4,SDGE_2023_Q4_Tables1-15.xlsx,Table 7,188,O188,https://efiling.energysafety.ca.gov/eFiling/Getfile.aspx?fileid=53475&shareable=true
T7R-175de639a3853b51,1070000178,8.3.c.i,normalized_legacy_na_to_null,8. Weather stations,,HFTD Tier 3,Highly rural,WUI,Number of weather stations,exact,2,,,SDG&E,2023,4,v3.1,0,4,SDGE_2023_Q4_Tables1-15.xlsx,Table 7,188,P188,https://efiling.energysafety.ca.gov/eFiling/Getfile.aspx?fileid=53475&shareable=true
T7R-fad52bf64fd45ed8,1070000179,8.3.c.ii,normalized_legacy_na_to_null,8. Weather stations,,HFTD Tier 3,Highly rural,Non-WUI,Number of weather stations,exact,18,,,SDG&E,2023,1,v3.1,0,4,SDGE_2023_Q4_Tables1-15.xlsx,Table 7,189,M189,https://efiling.energysafety.ca.gov/eFiling/Getfile.aspx?fileid=53475&shareable=true
T7R-d4b5abf036932b60,1070000179,8.3.c.ii,normalized_legacy_na_to_null,8. Weather stations,,HFTD Tier 3,Highly rural,Non-WUI,Number of weather stations,exact,18,,,SDG&E,2023,2,v3.1,0,4,SDGE_2023_Q4_Tables1-15.xlsx,Table 7,189,N189,https://efiling.energysafety.ca.gov/eFiling/Getfile.aspx?fileid=53475&shareable=true
T7R-1573b98f0d7f1563,1070000179,8.3.c.ii,normalized_legacy_na_to_null,8. Weather stations,,HFTD Tier 3,Highly rural,Non-WUI,Number of weather stations,exact,18,,,SDG&E,2023,3,v3.1,0,4,SDGE_2023_Q4_Tables1-15.xlsx,Table 7,189,O189,https://efiling.energysafety.ca.gov/eFiling/Getfile.aspx?fileid=53475&shareable=true
T7R-6a40ec3e18eaa28c,1070000179,8.3.c.ii,normalized_legacy_na_to_null,8. Weather stations,,HFTD Tier 3,Highly rural,Non-WUI,Number of weather stations,exact,18,,,SDG&E,2023,4,v3.1,0,4,SDGE_2023_Q4_Tables1-15.xlsx,Table 7,189,P189,https://efiling.energysafety.ca.gov/eFiling/Getfile.aspx?fileid=53475&shareable=true
T7R-e4366ac4265282ce,1070000000,1.d.0.a.i,exact_dimensions_and_unit,1. Overhead circuit miles,Distribution,Non-HFTD,Urban,WUI,Circuit miles,exact,394.141098484848,,,SDG&E,2024,1,v3.2,2,1,SDGE_2024_Q1_Tables1-15_R2.xlsx,Table 7,10,I10,https://efiling.energysafety.ca.gov/eFiling/Getfile.aspx?fileid=56226&shareable=true
T7R-e8f80e51dc5c8a01,1070000001,1.d.0.a.ii,exact_dimensions_and_unit,1. Overhead circuit miles,Distribution,Non-HFTD,Urban,Non-WUI,Circuit miles,exact,2066.49734848484,,,SDG&E,2024,1,v3.2,2,1,SDGE_2024_Q1_Tables1-15_R2.xlsx,Table 7,11,I11,https://efiling.energysafety.ca.gov/eFiling/Getfile.aspx?fileid=56226&shareable=true
T7R-449ddeaaea8bd542,1070000002,1.d.0.b.i,exact_dimensions_and_unit,1. Overhead circuit miles,Distribution,Non-HFTD,Rural,WUI,Circuit miles,exact,174.860606060606,,,SDG&E,2024,1,v3.2,2,1,SDGE_2024_Q1_Tables1-15_R2.xlsx,Table 7,12,I12,https://efiling.energysafety.ca.gov/eFiling/Getfile.aspx?fileid=56226&shareable=true
T7R-9e2a23bcf66d7f0b,1070000003,1.d.0.b.ii,exact_dimensions_and_unit,1. Overhead circuit miles,Distribution,Non-HFTD,Rural,Non-WUI,Circuit miles,exact,177.782386363636,,,SDG&E,2024,1,v3.2,2,1,SDGE_2024_Q1_Tables1-15_R2.xlsx,Table 7,13,I13,https://efiling.energysafety.ca.gov/eFiling/Getfile.aspx?fileid=56226&shareable=true
T7R-f7c181dbad1b3324,1070000004,1.d.0.c.i,exact_dimensions_and_unit,1. Overhead circuit miles,Distribution,Non-HFTD,Highly rural,WUI,Circuit miles,exact,34.8320075757575,,,SDG&E,2024,1,v3.2,2,1,SDGE_2024_Q1_Tables1-15_R2.xlsx,Table 7,14,I14,https://efiling.energysafety.ca.gov/eFiling/Getfile.aspx?fileid=56226&shareable=true
T7R-aa06d439ecdbda56,1070000005,1.d.0.c.ii,exact_dimensions_and_unit,1. Overhead circuit miles,Distribution,Non-HFTD,Highly rural,Non-WUI,Circuit miles,exact,109.614962121212,,,SDG&E,2024,1,v3.2,2,1,SDGE_2024_Q1_Tables1-15_R2.xlsx,Table 7,15,I15,https://efiling.energysafety.ca.gov/eFiling/Getfile.aspx?fileid=56226&shareable=true
T7R-8d00f2306ee765ef,1070000006,1.d.2.a.i,exact_dimensions_and_unit,1. Overhead circuit miles,Distribution,HFTD Tier 2,Urban,WUI,Circuit miles,exact,91.2888257575757,,,SDG&E,2024,1,v3.2,2,1,SDGE_2024_Q1_Tables1-15_R2.xlsx,Table 7,16,I16,https://efiling.energysafety.ca.gov/eFiling/Getfile.aspx?fileid=56226&shareable=true
T7R-055b192f3c6bd8df,1070000007,1.d.2.a.ii,exact_dimensions_and_unit,1. Overhead circuit miles,Distribution,HFTD Tier 2,Urban,Non-WUI,Circuit miles,exact,83.6198863636363,,,SDG&E,2024,1,v3.2,2,1,SDGE_2024_Q1_Tables1-15_R2.xlsx,Table 7,17,I17,https://efiling.energysafety.ca.gov/eFiling/Getfile.aspx?fileid=56226&shareable=true
T7R-25e9e41032302ca8,1070000008,1.d.2.b.i,exact_dimensions_and_unit,1. Overhead circuit miles,Distribution,HFTD Tier 2,Rural,WUI,Circuit miles,exact,848.109848484848,,,SDG&E,2024,1,v3.2,2,1,SDGE_2024_Q1_Tables1-15_R2.xlsx,Table 7,18,I18,https://efiling.energysafety.ca.gov/eFiling/Getfile.aspx?fileid=56226&shareable=true
T7R-35577f905c51a4ab,1070000009,1.d.2.b.ii,exact_dimensions_and_unit,1. Overhead circuit miles,Distribution,HFTD Tier 2,Rural,Non-WUI,Circuit miles,exact,587.903409090909,,,SDG&E,2024,1,v3.2,2,1,SDGE_2024_Q1_Tables1-15_R2.xlsx,Table 7,19,I19,https://efiling.energysafety.ca.gov/eFiling/Getfile.aspx?fileid=56226&shareable=true
T7R-0ebb4e6c9ffededb,1070000010,1.d.2.c.i,exact_dimensions_and_unit,1. Overhead circuit miles,Distribution,HFTD Tier 2,Highly rural,WUI,Circuit miles,exact,20.3037878787878,,,SDG&E,2024,1,v3.2,2,1,SDGE_2024_Q1_Tables1-15_R2.xlsx,Table 7,20,I20,https://efiling.energysafety.ca.gov/eFiling/Getfile.aspx?fileid=56226&shareable=true
T7R-3d2c8e5b760cc19d,1070000011,1.d.2.c.ii,exact_dimensions_and_unit,1. Overhead circuit miles,Distribution,HFTD Tier 2,Highly rural,Non-WUI,Circuit miles,exact,151.886742424242,,,SDG&E,2024,1,v3.2,2,1,SDGE_2024_Q1_Tables1-15_R2.xlsx,Table 7,21,I21,https://efiling.energysafety.ca.gov/eFiling/Getfile.aspx?fileid=56226&shareable=true
T7R-a43f1be7b98a0ec6,1070000012,1.d.3.a.i,exact_dimensions_and_unit,1. Overhead circuit miles,Distribution,HFTD Tier 3,Urban,WUI,Circuit miles,exact,4.90681818181818,,,SDG&E,2024,1,v3.2,2,1,SDGE_2024_Q1_Tables1-15_R2.xlsx,Table 7,22,I22,https://efiling.energysafety.ca.gov/eFiling/Getfile.aspx?fileid=56226&shareable=true
T7R-b62618ba4985a535,1070000013,1.d.3.a.ii,exact_dimensions_and_unit,1. Overhead circuit miles,Distribution,HFTD Tier 3,Urban,Non-WUI,Circuit miles,exact,0.040340909090909,,,SDG&E,2024,1,v3.2,2,1,SDGE_2024_Q1_Tables1-15_R2.xlsx,Table 7,23,I23,https://efiling.energysafety.ca.gov/eFiling/Getfile.aspx?fileid=56226&shareable=true
T7R-3205f2a6113d4bd7,1070000014,1.d.3.b.i,exact_dimensions_and_unit,1. Overhead circuit miles,Distribution,HFTD Tier 3,Rural,WUI,Circuit miles,exact,641.841856060606,,,SDG&E,2024,1,v3.2,2,1,SDGE_2024_Q1_Tables1-15_R2.xlsx,Table 7,24,I24,https://efiling.energysafety.ca.gov/eFiling/Getfile.aspx?fileid=56226&shareable=true
T7R-9d8018e46582164a,1070000015,1.d.3.b.ii,exact_dimensions_and_unit,1. Overhead circuit miles,Distribution,HFTD Tier 3,Rural,Non-WUI,Circuit miles,exact,768.087689393939,,,SDG&E,2024,1,v3.2,2,1,SDGE_2024_Q1_Tables1-15_R2.xlsx,Table 7,25,I25,https://efiling.energysafety.ca.gov/eFiling/Getfile.aspx?fileid=56226&shareable=true
T7R-593f24f8b6a3d412,1070000016,1.d.3.c.i,exact_dimensions_and_unit,1. Overhead circuit miles,Distribution,HFTD Tier 3,Highly rural,WUI,Circuit miles,exact,25.5191287878787,,,SDG&E,2024,1,v3.2,2,1,SDGE_2024_Q1_Tables1-15_R2.xlsx,Table 7,26,I26,https://efiling.energysafety.ca.gov/eFiling/Getfile.aspx?fileid=56226&shareable=true
T7R-70ce492e4e3f9935,1070000017,1.d.3.c.ii,exact_dimensions_and_unit,1. Overhead circuit miles,Distribution,HFTD Tier 3,Highly rural,Non-WUI,Circuit miles,exact,162.6,,,SDG&E,2024,1,v3.2,2,1,SDGE_2024_Q1_Tables1-15_R2.xlsx,Table 7,27,I27,https://efiling.energysafety.ca.gov/eFiling/Getfile.aspx?fileid=56226&shareable=true
T7R-bcf2690511f9620a,1070000018,1.t.0.a.i,exact_dimensions_and_unit,1. Overhead circuit miles,Transmission,Non-HFTD,Urban,WUI,Circuit miles,exact,135.900316287878,,,SDG&E,2024,1,v3.2,2,1,SDGE_2024_Q1_Tables1-15_R2.xlsx,Table 7,28,I28,https://efiling.energysafety.ca.gov/eFiling/Getfile.aspx?fileid=56226&shareable=true
T7R-5e4b78d10799d03e,1070000019,1.t.0.a.ii,exact_dimensions_and_unit,1. Overhead circuit miles,Transmission,Non-HFTD,Urban,Non-WUI,Circuit miles,exact,288.203642045454,,,SDG&E,2024,1,v3.2,2,1,SDGE_2024_Q1_Tables1-15_R2.xlsx,Table 7,29,I29,https://efiling.energysafety.ca.gov/eFiling/Getfile.aspx?fileid=56226&shareable=true
T7R-717b0353c51f3d38,1070000020,1.t.0.b.i,exact_dimensions_and_unit,1. Overhead circuit miles,Transmission,Non-HFTD,Rural,WUI,Circuit miles,exact,55.4796477272727,,,SDG&E,2024,1,v3.2,2,1,SDGE_2024_Q1_Tables1-15_R2.xlsx,Table 7,30,I30,https://efiling.energysafety.ca.gov/eFiling/Getfile.aspx?fileid=56226&shareable=true
T7R-b7305d497fda457c,1070000021,1.t.0.b.ii,exact_dimensions_and_unit,1. Overhead circuit miles,Transmission,Non-HFTD,Rural,Non-WUI,Circuit miles,exact,113.37031060606,,,SDG&E,2024,1,v3.2,2,1,SDGE_2024_Q1_Tables1-15_R2.xlsx,Table 7,31,I31,https://efiling.energysafety.ca.gov/eFiling/Getfile.aspx?fileid=56226&shareable=true
T7R-b1ab85a97348cb37,1070000022,1.t.0.c.i,exact_dimensions_and_unit,1. Overhead circuit miles,Transmission,Non-HFTD,Highly rural,WUI,Circuit miles,exact,0,,,SDG&E,2024,1,v3.2,2,1,SDGE_2024_Q1_Tables1-15_R2.xlsx,Table 7,32,I32,https://efiling.energysafety.ca.gov/eFiling/Getfile.aspx?fileid=56226&shareable=true
T7R-ab19c3399f1e4f24,1070000023,1.t.0.c.ii,exact_dimensions_and_unit,1. Overhead circuit miles,Transmission,Non-HFTD,Highly rural,Non-WUI,Circuit miles,exact,22.8057632575757,,,SDG&E,2024,1,v3.2,2,1,SDGE_2024_Q1_Tables1-15_R2.xlsx,Table 7,33,I33,https://efiling.energysafety.ca.gov/eFiling/Getfile.aspx?fileid=56226&shareable=true
T7R-8022c5b291eca412,1070000024,1.t.2.a.i,exact_dimensions_and_unit,1. Overhead circuit miles,Transmission,HFTD Tier 2,Urban,WUI,Circuit miles,exact,36.7161212121212,,,SDG&E,2024,1,v3.2,2,1,SDGE_2024_Q1_Tables1-15_R2.xlsx,Table 7,34,I34,https://efiling.energysafety.ca.gov/eFiling/Getfile.aspx?fileid=56226&shareable=true
T7R-19d78e0b8489fbfd,1070000025,1.t.2.a.ii,exact_dimensions_and_unit,1. Overhead circuit miles,Transmission,HFTD Tier 2,Urban,Non-WUI,Circuit miles,exact,59.4990265151515,,,SDG&E,2024,1,v3.2,2,1,SDGE_2024_Q1_Tables1-15_R2.xlsx,Table 7,35,I35,https://efiling.energysafety.ca.gov/eFiling/Getfile.aspx?fileid=56226&shareable=true
T7R-5f726a8b360b7bf7,1070000026,1.t.2.b.i,exact_dimensions_and_unit,1. Overhead circuit miles,Transmission,HFTD Tier 2,Rural,WUI,Circuit miles,exact,115.475585227272,,,SDG&E,2024,1,v3.2,2,1,SDGE_2024_Q1_Tables1-15_R2.xlsx,Table 7,36,I36,https://efiling.energysafety.ca.gov/eFiling/Getfile.aspx?fileid=56226&shareable=true
T7R-7973ca83c6b5d18a,1070000027,1.t.2.b.ii,exact_dimensions_and_unit,1. Overhead circuit miles,Transmission,HFTD Tier 2,Rural,Non-WUI,Circuit miles,exact,443.794357954545,,,SDG&E,2024,1,v3.2,2,1,SDGE_2024_Q1_Tables1-15_R2.xlsx,Table 7,37,I37,https://efiling.energysafety.ca.gov/eFiling/Getfile.aspx?fileid=56226&shareable=true
T7R-48afe14ad82ea1b2,1070000028,1.t.2.c.i,exact_dimensions_and_unit,1. Overhead circuit miles,Transmission,HFTD Tier 2,Highly rural,WUI,Circuit miles,exact,0,,,SDG&E,2024,1,v3.2,2,1,SDGE_2024_Q1_Tables1-15_R2.xlsx,Table 7,38,I38,https://efiling.energysafety.ca.gov/eFiling/Getfile.aspx?fileid=56226&shareable=true
T7R-ca63fd3bb109b8b0,1070000029,1.t.2.c.ii,exact_dimensions_and_unit,1. Overhead circuit miles,Transmission,HFTD Tier 2,Highly rural,Non-WUI,Circuit miles,exact,23.4249204545454,,,SDG&E,2024,1,v3.2,2,1,SDGE_2024_Q1_Tables1-15_R2.xlsx,Table 7,39,I39,https://efiling.energysafety.ca.gov/eFiling/Getfile.aspx?fileid=56226&shareable=true
T7R-ba9cf940cc04892e,1070000030,1.t.3.a.i,exact_dimensions_and_unit,1. Overhead circuit miles,Transmission,HFTD Tier 3,Urban,WUI,Circuit miles,exact,0,,,SDG&E,2024,1,v3.2,2,1,SDGE_2024_Q1_Tables1-15_R2.xlsx,Table 7,40,I40,https://efiling.energysafety.ca.gov/eFiling/Getfile.aspx?fileid=56226&shareable=true
T7R-0d575ccbc0ad334b,1070000031,1.t.3.a.ii,exact_dimensions_and_unit,1. Overhead circuit miles,Transmission,HFTD Tier 3,Urban,Non-WUI,Circuit miles,exact,0,,,SDG&E,2024,1,v3.2,2,1,SDGE_2024_Q1_Tables1-15_R2.xlsx,Table 7,41,I41,https://efiling.energysafety.ca.gov/eFiling/Getfile.aspx?fileid=56226&shareable=true
T7R-72610aa34ccb37eb,1070000032,1.t.3.b.i,exact_dimensions_and_unit,1. Overhead circuit miles,Transmission,HFTD Tier 3,Rural,WUI,Circuit miles,exact,21.4394318181818,,,SDG&E,2024,1,v3.2,2,1,SDGE_2024_Q1_Tables1-15_R2.xlsx,Table 7,42,I42,https://efiling.energysafety.ca.gov/eFiling/Getfile.aspx?fileid=56226&shareable=true
T7R-75fc618be873b1a1,1070000033,1.t.3.b.ii,exact_dimensions_and_unit,1. Overhead circuit miles,Transmission,HFTD Tier 3,Rural,Non-WUI,Circuit miles,exact,226.238221590909,,,SDG&E,2024,1,v3.2,2,1,SDGE_2024_Q1_Tables1-15_R2.xlsx,Table 7,43,I43,https://efiling.energysafety.ca.gov/eFiling/Getfile.aspx?fileid=56226&shareable=true
T7R-be3603dfb342f004,1070000034,1.t.3.c.i,exact_dimensions_and_unit,1. Overhead circuit miles,Transmission,HFTD Tier 3,Highly rural,WUI,Circuit miles,exact,2.81685227272727,,,SDG&E,2024,1,v3.2,2,1,SDGE_2024_Q1_Tables1-15_R2.xlsx,Table 7,44,I44,https://efiling.energysafety.ca.gov/eFiling/Getfile.aspx?fileid=56226&shareable=true
T7R-bed39d29febc8ab0,1070000035,1.t.3.c.ii,exact_dimensions_and_unit,1. Overhead circuit miles,Transmission,HFTD Tier 3,Highly rural,Non-WUI,Circuit miles,exact,15.6848768939393,,,SDG&E,2024,1,v3.2,2,1,SDGE_2024_Q1_Tables1-15_R2.xlsx,Table 7,45,I45,https://efiling.energysafety.ca.gov/eFiling/Getfile.aspx?fileid=56226&shareable=true
T7R-4ffe2d95fe779d38,1070000036,2.d.0.a.i,exact_dimensions_and_unit,2. Underground circuit miles,Distribution,Non-HFTD,Urban,WUI,Circuit miles,exact,1923.20208333333,,,SDG&E,2024,1,v3.2,2,1,SDGE_2024_Q1_Tables1-15_R2.xlsx,Table 7,46,I46,https://efiling.energysafety.ca.gov/eFiling/Getfile.aspx?fileid=56226&shareable=true
T7R-22e537779f05fcad,1070000037,2.d.0.a.ii,exact_dimensions_and_unit,2. Underground circuit miles,Distribution,Non-HFTD,Urban,Non-WUI,Circuit miles,exact,4909.73371212121,,,SDG&E,2024,1,v3.2,2,1,SDGE_2024_Q1_Tables1-15_R2.xlsx,Table 7,47,I47,https://efiling.energysafety.ca.gov/eFiling/Getfile.aspx?fileid=56226&shareable=true
T7R-9a368fdc40d3cc78,1070000038,2.d.0.b.i,exact_dimensions_and_unit,2. Underground circuit miles,Distribution,Non-HFTD,Rural,WUI,Circuit miles,exact,598.701136363636,,,SDG&E,2024,1,v3.2,2,1,SDGE_2024_Q1_Tables1-15_R2.xlsx,Table 7,48,I48,https://efiling.energysafety.ca.gov/eFiling/Getfile.aspx?fileid=56226&shareable=true
T7R-2139638407b3d1ae,1070000039,2.d.0.b.ii,exact_dimensions_and_unit,2. Underground circuit miles,Distribution,Non-HFTD,Rural,Non-WUI,Circuit miles,exact,882.986363636363,,,SDG&E,2024,1,v3.2,2,1,SDGE_2024_Q1_Tables1-15_R2.xlsx,Table 7,49,I49,https://efiling.energysafety.ca.gov/eFiling/Getfile.aspx?fileid=56226&shareable=true
T7R-d63ce4e255a18b0c,1070000040,2.d.0.c.i,exact_dimensions_and_unit,2. Underground circuit miles,Distribution,Non-HFTD,Highly rural,WUI,Circuit miles,exact,17.8791666666666,,,SDG&E,2024,1,v3.2,2,1,SDGE_2024_Q1_Tables1-15_R2.xlsx,Table 7,50,I50,https://efiling.energysafety.ca.gov/eFiling/Getfile.aspx?fileid=56226&shareable=true
T7R-09ff2d6c82ae3065,1070000041,2.d.0.c.ii,exact_dimensions_and_unit,2. Underground circuit miles,Distribution,Non-HFTD,Highly rural,Non-WUI,Circuit miles,exact,58.1157196969697,,,SDG&E,2024,1,v3.2,2,1,SDGE_2024_Q1_Tables1-15_R2.xlsx,Table 7,51,I51,https://efiling.energysafety.ca.gov/eFiling/Getfile.aspx?fileid=56226&shareable=true
T7R-fff4d8ba63aa6db6,1070000042,2.d.2.a.i,exact_dimensions_and_unit,2. Underground circuit miles,Distribution,HFTD Tier 2,Urban,WUI,Circuit miles,exact,773.520643939394,,,SDG&E,2024,1,v3.2,2,1,SDGE_2024_Q1_Tables1-15_R2.xlsx,Table 7,52,I52,https://efiling.energysafety.ca.gov/eFiling/Getfile.aspx?fileid=56226&shareable=true
T7R-834418abcdc16684,1070000043,2.d.2.a.ii,exact_dimensions_and_unit,2. Underground circuit miles,Distribution,HFTD Tier 2,Urban,Non-WUI,Circuit miles,exact,157.264962121212,,,SDG&E,2024,1,v3.2,2,1,SDGE_2024_Q1_Tables1-15_R2.xlsx,Table 7,53,I53,https://efiling.energysafety.ca.gov/eFiling/Getfile.aspx?fileid=56226&shareable=true
T7R-ed76f1bded1281ef,1070000044,2.d.2.b.i,exact_dimensions_and_unit,2. Underground circuit miles,Distribution,HFTD Tier 2,Rural,WUI,Circuit miles,exact,1013.81306818181,,,SDG&E,2024,1,v3.2,2,1,SDGE_2024_Q1_Tables1-15_R2.xlsx,Table 7,54,I54,https://efiling.energysafety.ca.gov/eFiling/Getfile.aspx?fileid=56226&shareable=true
T7R-bb91fcac259118b5,1070000045,2.d.2.b.ii,exact_dimensions_and_unit,2. Underground circuit miles,Distribution,HFTD Tier 2,Rural,Non-WUI,Circuit miles,exact,360.647727272727,,,SDG&E,2024,1,v3.2,2,1,SDGE_2024_Q1_Tables1-15_R2.xlsx,Table 7,55,I55,https://efiling.energysafety.ca.gov/eFiling/Getfile.aspx?fileid=56226&shareable=true
T7R-717e31761f661bdb,1070000046,2.d.2.c.i,exact_dimensions_and_unit,2. Underground circuit miles,Distribution,HFTD Tier 2,Highly rural,WUI,Circuit miles,exact,1.57083333333333,,,SDG&E,2024,1,v3.2,2,1,SDGE_2024_Q1_Tables1-15_R2.xlsx,Table 7,56,I56,https://efiling.energysafety.ca.gov/eFiling/Getfile.aspx?fileid=56226&shareable=true
T7R-26f038581e956a5c,1070000047,2.d.2.c.ii,exact_dimensions_and_unit,2. Underground circuit miles,Distribution,HFTD Tier 2,Highly rural,Non-WUI,Circuit miles,exact,9.03276515151515,,,SDG&E,2024,1,v3.2,2,1,SDGE_2024_Q1_Tables1-15_R2.xlsx,Table 7,57,I57,https://efiling.energysafety.ca.gov/eFiling/Getfile.aspx?fileid=56226&shareable=true
T7R-98ecb4ce9204ee02,1070000048,2.d.3.a.i,exact_dimensions_and_unit,2. Underground circuit miles,Distribution,HFTD Tier 3,Urban,WUI,Circuit miles,exact,0.98560606060606,,,SDG&E,2024,1,v3.2,2,1,SDGE_2024_Q1_Tables1-15_R2.xlsx,Table 7,58,I58,https://efiling.energysafety.ca.gov/eFiling/Getfile.aspx?fileid=56226&shareable=true
T7R-d041f5ca169dbb92,1070000049,2.d.3.a.ii,exact_dimensions_and_unit,2. Underground circuit miles,Distribution,HFTD Tier 3,Urban,Non-WUI,Circuit miles,exact,0,,,SDG&E,2024,1,v3.2,2,1,SDGE_2024_Q1_Tables1-15_R2.xlsx,Table 7,59,I59,https://efiling.energysafety.ca.gov/eFiling/Getfile.aspx?fileid=56226&shareable=true
T7R-974e705bc332362f,1070000050,2.d.3.b.i,exact_dimensions_and_unit,2. Underground circuit miles,Distribution,HFTD Tier 3,Rural,WUI,Circuit miles,exact,337.148484848484,,,SDG&E,2024,1,v3.2,2,1,SDGE_2024_Q1_Tables1-15_R2.xlsx,Table 7,60,I60,https://efiling.energysafety.ca.gov/eFiling/Getfile.aspx?fileid=56226&shareable=true
T7R-1d63b4281f327e33,1070000051,2.d.3.b.ii,exact_dimensions_and_unit,2. Underground circuit miles,Distribution,HFTD Tier 3,Rural,Non-WUI,Circuit miles,exact,166.644507575757,,,SDG&E,2024,1,v3.2,2,1,SDGE_2024_Q1_Tables1-15_R2.xlsx,Table 7,61,I61,https://efiling.energysafety.ca.gov/eFiling/Getfile.aspx?fileid=56226&shareable=true
T7R-a89409292b20144d,1070000052,2.d.3.c.i,exact_dimensions_and_unit,2. Underground circuit miles,Distribution,HFTD Tier 3,Highly rural,WUI,Circuit miles,exact,10.3176136363636,,,SDG&E,2024,1,v3.2,2,1,SDGE_2024_Q1_Tables1-15_R2.xlsx,Table 7,62,I62,https://efiling.energysafety.ca.gov/eFiling/Getfile.aspx?fileid=56226&shareable=true
T7R-e04be185e491e383,1070000053,2.d.3.c.ii,exact_dimensions_and_unit,2. Underground circuit miles,Distribution,HFTD Tier 3,Highly rural,Non-WUI,Circuit miles,exact,27.4081439393939,,,SDG&E,2024,1,v3.2,2,1,SDGE_2024_Q1_Tables1-15_R2.xlsx,Table 7,63,I63,https://efiling.energysafety.ca.gov/eFiling/Getfile.aspx?fileid=56226&shareable=true
T7R-69b3fb7067a875cc,1070000054,2.t.0.a.i,exact_dimensions_and_unit,2. Underground circuit miles,Transmission,Non-HFTD,Urban,WUI,Circuit miles,exact,28.7142064393939,,,SDG&E,2024,1,v3.2,2,1,SDGE_2024_Q1_Tables1-15_R2.xlsx,Table 7,64,I64,https://efiling.energysafety.ca.gov/eFiling/Getfile.aspx?fileid=56226&shareable=true
T7R-65133bb3b547565c,1070000055,2.t.0.a.ii,exact_dimensions_and_unit,2. Underground circuit miles,Transmission,Non-HFTD,Urban,Non-WUI,Circuit miles,exact,68.0151325757575,,,SDG&E,2024,1,v3.2,2,1,SDGE_2024_Q1_Tables1-15_R2.xlsx,Table 7,65,I65,https://efiling.energysafety.ca.gov/eFiling/Getfile.aspx?fileid=56226&shareable=true
T7R-1184b3065e198c14,1070000056,2.t.0.b.i,exact_dimensions_and_unit,2. Underground circuit miles,Transmission,Non-HFTD,Rural,WUI,Circuit miles,exact,10.1543143939393,,,SDG&E,2024,1,v3.2,2,1,SDGE_2024_Q1_Tables1-15_R2.xlsx,Table 7,66,I66,https://efiling.energysafety.ca.gov/eFiling/Getfile.aspx?fileid=56226&shareable=true
T7R-37b15e65cd03da13,1070000057,2.t.0.b.ii,exact_dimensions_and_unit,2. Underground circuit miles,Transmission,Non-HFTD,Rural,Non-WUI,Circuit miles,exact,22.5750492424242,,,SDG&E,2024,1,v3.2,2,1,SDGE_2024_Q1_Tables1-15_R2.xlsx,Table 7,67,I67,https://efiling.energysafety.ca.gov/eFiling/Getfile.aspx?fileid=56226&shareable=true
T7R-ae4aff16249082ae,1070000058,2.t.0.c.i,exact_dimensions_and_unit,2. Underground circuit miles,Transmission,Non-HFTD,Highly rural,WUI,Circuit miles,exact,0,,,SDG&E,2024,1,v3.2,2,1,SDGE_2024_Q1_Tables1-15_R2.xlsx,Table 7,68,I68,https://efiling.energysafety.ca.gov/eFiling/Getfile.aspx?fileid=56226&shareable=true
T7R-ae0b5606d8cc0f13,1070000059,2.t.0.c.ii,exact_dimensions_and_unit,2. Underground circuit miles,Transmission,Non-HFTD,Highly rural,Non-WUI,Circuit miles,exact,0.347916666666666,,,SDG&E,2024,1,v3.2,2,1,SDGE_2024_Q1_Tables1-15_R2.xlsx,Table 7,69,I69,https://efiling.energysafety.ca.gov/eFiling/Getfile.aspx?fileid=56226&shareable=true
T7R-38f50f37f4514278,1070000060,2.t.2.a.i,exact_dimensions_and_unit,2. Underground circuit miles,Transmission,HFTD Tier 2,Urban,WUI,Circuit miles,exact,13.2894261363636,,,SDG&E,2024,1,v3.2,2,1,SDGE_2024_Q1_Tables1-15_R2.xlsx,Table 7,70,I70,https://efiling.energysafety.ca.gov/eFiling/Getfile.aspx?fileid=56226&shareable=true
T7R-d5c790eecc7c3d20,1070000061,2.t.2.a.ii,exact_dimensions_and_unit,2. Underground circuit miles,Transmission,HFTD Tier 2,Urban,Non-WUI,Circuit miles,exact,1.37191287878787,,,SDG&E,2024,1,v3.2,2,1,SDGE_2024_Q1_Tables1-15_R2.xlsx,Table 7,71,I71,https://efiling.energysafety.ca.gov/eFiling/Getfile.aspx?fileid=56226&shareable=true
T7R-b99985855270c8cd,1070000062,2.t.2.b.i,exact_dimensions_and_unit,2. Underground circuit miles,Transmission,HFTD Tier 2,Rural,WUI,Circuit miles,exact,12.6990662878787,,,SDG&E,2024,1,v3.2,2,1,SDGE_2024_Q1_Tables1-15_R2.xlsx,Table 7,72,I72,https://efiling.energysafety.ca.gov/eFiling/Getfile.aspx?fileid=56226&shareable=true
T7R-b5603792b7059cc9,1070000063,2.t.2.b.ii,exact_dimensions_and_unit,2. Underground circuit miles,Transmission,HFTD Tier 2,Rural,Non-WUI,Circuit miles,exact,8.58216856060606,,,SDG&E,2024,1,v3.2,2,1,SDGE_2024_Q1_Tables1-15_R2.xlsx,Table 7,73,I73,https://efiling.energysafety.ca.gov/eFiling/Getfile.aspx?fileid=56226&shareable=true
T7R-f049f06b3c72de7a,1070000064,2.t.2.c.i,exact_dimensions_and_unit,2. Underground circuit miles,Transmission,HFTD Tier 2,Highly rural,WUI,Circuit miles,exact,0,,,SDG&E,2024,1,v3.2,2,1,SDGE_2024_Q1_Tables1-15_R2.xlsx,Table 7,74,I74,https://efiling.energysafety.ca.gov/eFiling/Getfile.aspx?fileid=56226&shareable=true
T7R-4950b1ed68a8378e,1070000065,2.t.2.c.ii,exact_dimensions_and_unit,2. Underground circuit miles,Transmission,HFTD Tier 2,Highly rural,Non-WUI,Circuit miles,exact,0,,,SDG&E,2024,1,v3.2,2,1,SDGE_2024_Q1_Tables1-15_R2.xlsx,Table 7,75,I75,https://efiling.energysafety.ca.gov/eFiling/Getfile.aspx?fileid=56226&shareable=true
T7R-e223c4c38c48e969,1070000066,2.t.3.a.i,exact_dimensions_and_unit,2. Underground circuit miles,Transmission,HFTD Tier 3,Urban,WUI,Circuit miles,exact,0.935263257575757,,,SDG&E,2024,1,v3.2,2,1,SDGE_2024_Q1_Tables1-15_R2.xlsx,Table 7,76,I76,https://efiling.energysafety.ca.gov/eFiling/Getfile.aspx?fileid=56226&shareable=true
T7R-94bd7a6061e142d3,1070000067,2.t.3.a.ii,exact_dimensions_and_unit,2. Underground circuit miles,Transmission,HFTD Tier 3,Urban,Non-WUI,Circuit miles,exact,0,,,SDG&E,2024,1,v3.2,2,1,SDGE_2024_Q1_Tables1-15_R2.xlsx,Table 7,77,I77,https://efiling.energysafety.ca.gov/eFiling/Getfile.aspx?fileid=56226&shareable=true
T7R-71505758352ac18c,1070000068,2.t.3.b.i,exact_dimensions_and_unit,2. Underground circuit miles,Transmission,HFTD Tier 3,Rural,WUI,Circuit miles,exact,4.45823295454545,,,SDG&E,2024,1,v3.2,2,1,SDGE_2024_Q1_Tables1-15_R2.xlsx,Table 7,78,I78,https://efiling.energysafety.ca.gov/eFiling/Getfile.aspx?fileid=56226&shareable=true
T7R-0abb450177c4e8c7,1070000069,2.t.3.b.ii,exact_dimensions_and_unit,2. Underground circuit miles,Transmission,HFTD Tier 3,Rural,Non-WUI,Circuit miles,exact,2.15014204545454,,,SDG&E,2024,1,v3.2,2,1,SDGE_2024_Q1_Tables1-15_R2.xlsx,Table 7,79,I79,https://efiling.energysafety.ca.gov/eFiling/Getfile.aspx?fileid=56226&shareable=true
T7R-eed08b793be8b075,1070000070,2.t.3.c.i,exact_dimensions_and_unit,2. Underground circuit miles,Transmission,HFTD Tier 3,Highly rural,WUI,Circuit miles,exact,0,,,SDG&E,2024,1,v3.2,2,1,SDGE_2024_Q1_Tables1-15_R2.xlsx,Table 7,80,I80,https://efiling.energysafety.ca.gov/eFiling/Getfile.aspx?fileid=56226&shareable=true
T7R-96972f3d1b0858b0,1070000071,2.t.3.c.ii,exact_dimensions_and_unit,2. Underground circuit miles,Transmission,HFTD Tier 3,Highly rural,Non-WUI,Circuit miles,exact,0,,,SDG&E,2024,1,v3.2,2,1,SDGE_2024_Q1_Tables1-15_R2.xlsx,Table 7,81,I81,https://efiling.energysafety.ca.gov/eFiling/Getfile.aspx?fileid=56226&shareable=true
T7R-47478cd22a53a8c6,1070000072,3.0.a.i,normalized_legacy_na_to_null,3. Critical facilities,,Non-HFTD,Urban,WUI,Number of critical facilities,exact,3045,,,SDG&E,2024,1,v3.2,2,1,SDGE_2024_Q1_Tables1-15_R2.xlsx,Table 7,82,I82,https://efiling.energysafety.ca.gov/eFiling/Getfile.aspx?fileid=56226&shareable=true
T7R-2ed3df95543bcf5a,1070000073,3.0.a.ii,normalized_legacy_na_to_null,3. Critical facilities,,Non-HFTD,Urban,Non-WUI,Number of critical facilities,exact,15166,,,SDG&E,2024,1,v3.2,2,1,SDGE_2024_Q1_Tables1-15_R2.xlsx,Table 7,83,I83,https://efiling.energysafety.ca.gov/eFiling/Getfile.aspx?fileid=56226&shareable=true
T7R-a0b56cb52069b2e0,1070000074,3.0.b.i,normalized_legacy_na_to_null,3. Critical facilities,,Non-HFTD,Rural,WUI,Number of critical facilities,exact,711,,,SDG&E,2024,1,v3.2,2,1,SDGE_2024_Q1_Tables1-15_R2.xlsx,Table 7,84,I84,https://efiling.energysafety.ca.gov/eFiling/Getfile.aspx?fileid=56226&shareable=true
T7R-8c4a72077a4bd960,1070000075,3.0.b.ii,normalized_legacy_na_to_null,3. Critical facilities,,Non-HFTD,Rural,Non-WUI,Number of critical facilities,exact,2502,,,SDG&E,2024,1,v3.2,2,1,SDGE_2024_Q1_Tables1-15_R2.xlsx,Table 7,85,I85,https://efiling.energysafety.ca.gov/eFiling/Getfile.aspx?fileid=56226&shareable=true
T7R-4f8f6493e6be6566,1070000076,3.0.c.i,normalized_legacy_na_to_null,3. Critical facilities,,Non-HFTD,Highly rural,WUI,Number of critical facilities,exact,3,,,SDG&E,2024,1,v3.2,2,1,SDGE_2024_Q1_Tables1-15_R2.xlsx,Table 7,86,I86,https://efiling.energysafety.ca.gov/eFiling/Getfile.aspx?fileid=56226&shareable=true
T7R-25f4e11b7b11c2eb,1070000077,3.0.c.ii,normalized_legacy_na_to_null,3. Critical facilities,,Non-HFTD,Highly rural,Non-WUI,Number of critical facilities,exact,137,,,SDG&E,2024,1,v3.2,2,1,SDGE_2024_Q1_Tables1-15_R2.xlsx,Table 7,87,I87,https://efiling.energysafety.ca.gov/eFiling/Getfile.aspx?fileid=56226&shareable=true
T7R-becd9c35081ce778,1070000078,3.2.a.i,normalized_legacy_na_to_null,3. Critical facilities,,HFTD Tier 2,Urban,WUI,Number of critical facilities,exact,879,,,SDG&E,2024,1,v3.2,2,1,SDGE_2024_Q1_Tables1-15_R2.xlsx,Table 7,88,I88,https://efiling.energysafety.ca.gov/eFiling/Getfile.aspx?fileid=56226&shareable=true
T7R-dbb9eb4a493f343d,1070000079,3.2.a.ii,normalized_legacy_na_to_null,3. Critical facilities,,HFTD Tier 2,Urban,Non-WUI,Number of critical facilities,exact,339,,,SDG&E,2024,1,v3.2,2,1,SDGE_2024_Q1_Tables1-15_R2.xlsx,Table 7,89,I89,https://efiling.energysafety.ca.gov/eFiling/Getfile.aspx?fileid=56226&shareable=true
T7R-d567c38a25472d01,1070000080,3.2.b.i,normalized_legacy_na_to_null,3. Critical facilities,,HFTD Tier 2,Rural,WUI,Number of critical facilities,exact,1046,,,SDG&E,2024,1,v3.2,2,1,SDGE_2024_Q1_Tables1-15_R2.xlsx,Table 7,90,I90,https://efiling.energysafety.ca.gov/eFiling/Getfile.aspx?fileid=56226&shareable=true
T7R-c1a4143eb8218b7d,1070000081,3.2.b.ii,normalized_legacy_na_to_null,3. Critical facilities,,HFTD Tier 2,Rural,Non-WUI,Number of critical facilities,exact,932,,,SDG&E,2024,1,v3.2,2,1,SDGE_2024_Q1_Tables1-15_R2.xlsx,Table 7,91,I91,https://efiling.energysafety.ca.gov/eFiling/Getfile.aspx?fileid=56226&shareable=true
T7R-5c8401339d3ac40f,1070000082,3.2.c.i,normalized_legacy_na_to_null,3. Critical facilities,,HFTD Tier 2,Highly rural,WUI,Number of critical facilities,exact,20,,,SDG&E,2024,1,v3.2,2,1,SDGE_2024_Q1_Tables1-15_R2.xlsx,Table 7,92,I92,https://efiling.energysafety.ca.gov/eFiling/Getfile.aspx?fileid=56226&shareable=true
T7R-6cd326b74a3ed203,1070000083,3.2.c.ii,normalized_legacy_na_to_null,3. Critical facilities,,HFTD Tier 2,Highly rural,Non-WUI,Number of critical facilities,exact,81,,,SDG&E,2024,1,v3.2,2,1,SDGE_2024_Q1_Tables1-15_R2.xlsx,Table 7,93,I93,https://efiling.energysafety.ca.gov/eFiling/Getfile.aspx?fileid=56226&shareable=true
T7R-603626664a9a34d5,1070000084,3.3.a.i,normalized_legacy_na_to_null,3. Critical facilities,,HFTD Tier 3,Urban,WUI,Number of critical facilities,exact,4,,,SDG&E,2024,1,v3.2,2,1,SDGE_2024_Q1_Tables1-15_R2.xlsx,Table 7,94,I94,https://efiling.energysafety.ca.gov/eFiling/Getfile.aspx?fileid=56226&shareable=true
T7R-aba03ff4e5e9dc37,1070000085,3.3.a.ii,normalized_legacy_na_to_null,3. Critical facilities,,HFTD Tier 3,Urban,Non-WUI,Number of critical facilities,exact,0,,,SDG&E,2024,1,v3.2,2,1,SDGE_2024_Q1_Tables1-15_R2.xlsx,Table 7,95,I95,https://efiling.energysafety.ca.gov/eFiling/Getfile.aspx?fileid=56226&shareable=true
T7R-5558104d0b96b241,1070000086,3.3.b.i,normalized_legacy_na_to_null,3. Critical facilities,,HFTD Tier 3,Rural,WUI,Number of critical facilities,exact,519,,,SDG&E,2024,1,v3.2,2,1,SDGE_2024_Q1_Tables1-15_R2.xlsx,Table 7,96,I96,https://efiling.energysafety.ca.gov/eFiling/Getfile.aspx?fileid=56226&shareable=true
T7R-9ad2ac4e0baf9c70,1070000087,3.3.b.ii,normalized_legacy_na_to_null,3. Critical facilities,,HFTD Tier 3,Rural,Non-WUI,Number of critical facilities,exact,781,,,SDG&E,2024,1,v3.2,2,1,SDGE_2024_Q1_Tables1-15_R2.xlsx,Table 7,97,I97,https://efiling.energysafety.ca.gov/eFiling/Getfile.aspx?fileid=56226&shareable=true
T7R-fb3f3c806610463e,1070000088,3.3.c.i,normalized_legacy_na_to_null,3. Critical facilities,,HFTD Tier 3,Highly rural,WUI,Number of critical facilities,exact,44,,,SDG&E,2024,1,v3.2,2,1,SDGE_2024_Q1_Tables1-15_R2.xlsx,Table 7,98,I98,https://efiling.energysafety.ca.gov/eFiling/Getfile.aspx?fileid=56226&shareable=true
T7R-8afdac60054c6bb2,1070000089,3.3.c.ii,normalized_legacy_na_to_null,3. Critical facilities,,HFTD Tier 3,Highly rural,Non-WUI,Number of critical facilities,exact,76,,,SDG&E,2024,1,v3.2,2,1,SDGE_2024_Q1_Tables1-15_R2.xlsx,Table 7,99,I99,https://efiling.energysafety.ca.gov/eFiling/Getfile.aspx?fileid=56226&shareable=true
T7R-3cc8924c1c049d14,1070000090,4.0.a.i,normalized_legacy_na_to_null,4. Residential customers,,Non-HFTD,Urban,WUI,Number of residential customers,exact,203186,,,SDG&E,2024,1,v3.2,2,1,SDGE_2024_Q1_Tables1-15_R2.xlsx,Table 7,100,I100,https://efiling.energysafety.ca.gov/eFiling/Getfile.aspx?fileid=56226&shareable=true
T7R-d041e0217d78f10e,1070000091,4.0.a.ii,normalized_legacy_na_to_null,4. Residential customers,,Non-HFTD,Urban,Non-WUI,Number of residential customers,exact,887891,,,SDG&E,2024,1,v3.2,2,1,SDGE_2024_Q1_Tables1-15_R2.xlsx,Table 7,101,I101,https://efiling.energysafety.ca.gov/eFiling/Getfile.aspx?fileid=56226&shareable=true
T7R-1b7f8fd3e0cf3c42,1070000092,4.0.b.i,normalized_legacy_na_to_null,4. Residential customers,,Non-HFTD,Rural,WUI,Number of residential customers,exact,37179,,,SDG&E,2024,1,v3.2,2,1,SDGE_2024_Q1_Tables1-15_R2.xlsx,Table 7,102,I102,https://efiling.energysafety.ca.gov/eFiling/Getfile.aspx?fileid=56226&shareable=true
T7R-f8ce637571c1f307,1070000093,4.0.b.ii,normalized_legacy_na_to_null,4. Residential customers,,Non-HFTD,Rural,Non-WUI,Number of residential customers,exact,39238,,,SDG&E,2024,1,v3.2,2,1,SDGE_2024_Q1_Tables1-15_R2.xlsx,Table 7,103,I103,https://efiling.energysafety.ca.gov/eFiling/Getfile.aspx?fileid=56226&shareable=true
T7R-71a19aba1749c114,1070000094,4.0.c.i,normalized_legacy_na_to_null,4. Residential customers,,Non-HFTD,Highly rural,WUI,Number of residential customers,exact,996,,,SDG&E,2024,1,v3.2,2,1,SDGE_2024_Q1_Tables1-15_R2.xlsx,Table 7,104,I104,https://efiling.energysafety.ca.gov/eFiling/Getfile.aspx?fileid=56226&shareable=true
T7R-56c5864fa14620e1,1070000095,4.0.c.ii,normalized_legacy_na_to_null,4. Residential customers,,Non-HFTD,Highly rural,Non-WUI,Number of residential customers,exact,1680,,,SDG&E,2024,1,v3.2,2,1,SDGE_2024_Q1_Tables1-15_R2.xlsx,Table 7,105,I105,https://efiling.energysafety.ca.gov/eFiling/Getfile.aspx?fileid=56226&shareable=true
T7R-b6f4d8e0b454c77c,1070000096,4.2.a.i,normalized_legacy_na_to_null,4. Residential customers,,HFTD Tier 2,Urban,WUI,Number of residential customers,exact,67285,,,SDG&E,2024,1,v3.2,2,1,SDGE_2024_Q1_Tables1-15_R2.xlsx,Table 7,106,I106,https://efiling.energysafety.ca.gov/eFiling/Getfile.aspx?fileid=56226&shareable=true
T7R-5ffaebf65f6dab0a,1070000097,4.2.a.ii,normalized_legacy_na_to_null,4. Residential customers,,HFTD Tier 2,Urban,Non-WUI,Number of residential customers,exact,17417,,,SDG&E,2024,1,v3.2,2,1,SDGE_2024_Q1_Tables1-15_R2.xlsx,Table 7,107,I107,https://efiling.energysafety.ca.gov/eFiling/Getfile.aspx?fileid=56226&shareable=true
T7R-3cd3a5ec5bf402dc,1070000098,4.2.b.i,normalized_legacy_na_to_null,4. Residential customers,,HFTD Tier 2,Rural,WUI,Number of residential customers,exact,58515,,,SDG&E,2024,1,v3.2,2,1,SDGE_2024_Q1_Tables1-15_R2.xlsx,Table 7,108,I108,https://efiling.energysafety.ca.gov/eFiling/Getfile.aspx?fileid=56226&shareable=true
T7R-edbad2b3ae2531f2,1070000099,4.2.b.ii,normalized_legacy_na_to_null,4. Residential customers,,HFTD Tier 2,Rural,Non-WUI,Number of residential customers,exact,20708,,,SDG&E,2024,1,v3.2,2,1,SDGE_2024_Q1_Tables1-15_R2.xlsx,Table 7,109,I109,https://efiling.energysafety.ca.gov/eFiling/Getfile.aspx?fileid=56226&shareable=true
T7R-b39eecc7eb9d87c9,1070000100,4.2.c.i,normalized_legacy_na_to_null,4. Residential customers,,HFTD Tier 2,Highly rural,WUI,Number of residential customers,exact,268,,,SDG&E,2024,1,v3.2,2,1,SDGE_2024_Q1_Tables1-15_R2.xlsx,Table 7,110,I110,https://efiling.energysafety.ca.gov/eFiling/Getfile.aspx?fileid=56226&shareable=true
T7R-572d8ac75536e52d,1070000101,4.2.c.ii,normalized_legacy_na_to_null,4. Residential customers,,HFTD Tier 2,Highly rural,Non-WUI,Number of residential customers,exact,472,,,SDG&E,2024,1,v3.2,2,1,SDGE_2024_Q1_Tables1-15_R2.xlsx,Table 7,111,I111,https://efiling.energysafety.ca.gov/eFiling/Getfile.aspx?fileid=56226&shareable=true
T7R-ed20963c54a0d4e1,1070000102,4.3.a.i,normalized_legacy_na_to_null,4. Residential customers,,HFTD Tier 3,Urban,WUI,Number of residential customers,exact,101,,,SDG&E,2024,1,v3.2,2,1,SDGE_2024_Q1_Tables1-15_R2.xlsx,Table 7,112,I112,https://efiling.energysafety.ca.gov/eFiling/Getfile.aspx?fileid=56226&shareable=true
T7R-277114a6dd247e9d,1070000103,4.3.a.ii,normalized_legacy_na_to_null,4. Residential customers,,HFTD Tier 3,Urban,Non-WUI,Number of residential customers,exact,3,,,SDG&E,2024,1,v3.2,2,1,SDGE_2024_Q1_Tables1-15_R2.xlsx,Table 7,113,I113,https://efiling.energysafety.ca.gov/eFiling/Getfile.aspx?fileid=56226&shareable=true
T7R-3e6c8100cdd873f3,1070000104,4.3.b.i,normalized_legacy_na_to_null,4. Residential customers,,HFTD Tier 3,Rural,WUI,Number of residential customers,exact,18118,,,SDG&E,2024,1,v3.2,2,1,SDGE_2024_Q1_Tables1-15_R2.xlsx,Table 7,114,I114,https://efiling.energysafety.ca.gov/eFiling/Getfile.aspx?fileid=56226&shareable=true
T7R-2750bd1c73097e15,1070000105,4.3.b.ii,normalized_legacy_na_to_null,4. Residential customers,,HFTD Tier 3,Rural,Non-WUI,Number of residential customers,exact,7029,,,SDG&E,2024,1,v3.2,2,1,SDGE_2024_Q1_Tables1-15_R2.xlsx,Table 7,115,I115,https://efiling.energysafety.ca.gov/eFiling/Getfile.aspx?fileid=56226&shareable=true
T7R-0473b6a19efc6643,1070000106,4.3.c.i,normalized_legacy_na_to_null,4. Residential customers,,HFTD Tier 3,Highly rural,WUI,Number of residential customers,exact,911,,,SDG&E,2024,1,v3.2,2,1,SDGE_2024_Q1_Tables1-15_R2.xlsx,Table 7,116,I116,https://efiling.energysafety.ca.gov/eFiling/Getfile.aspx?fileid=56226&shareable=true
T7R-247891e7c05dd0fd,1070000107,4.3.c.ii,normalized_legacy_na_to_null,4. Residential customers,,HFTD Tier 3,Highly rural,Non-WUI,Number of residential customers,exact,861,,,SDG&E,2024,1,v3.2,2,1,SDGE_2024_Q1_Tables1-15_R2.xlsx,Table 7,117,I117,https://efiling.energysafety.ca.gov/eFiling/Getfile.aspx?fileid=56226&shareable=true
T7R-6dc64de681aa1c11,1070000108,5.0.a.i,normalized_legacy_na_to_null,5. Commercial customers,,Non-HFTD,Urban,WUI,Number of commercial customers,exact,14635,,,SDG&E,2024,1,v3.2,2,1,SDGE_2024_Q1_Tables1-15_R2.xlsx,Table 7,118,I118,https://efiling.energysafety.ca.gov/eFiling/Getfile.aspx?fileid=56226&shareable=true
T7R-1c9e165f9d0012be,1070000109,5.0.a.ii,normalized_legacy_na_to_null,5. Commercial customers,,Non-HFTD,Urban,Non-WUI,Number of commercial customers,exact,93576,,,SDG&E,2024,1,v3.2,2,1,SDGE_2024_Q1_Tables1-15_R2.xlsx,Table 7,119,I119,https://efiling.energysafety.ca.gov/eFiling/Getfile.aspx?fileid=56226&shareable=true
T7R-9b6a78987eabbbbd,1070000110,5.0.b.i,normalized_legacy_na_to_null,5. Commercial customers,,Non-HFTD,Rural,WUI,Number of commercial customers,exact,4578,,,SDG&E,2024,1,v3.2,2,1,SDGE_2024_Q1_Tables1-15_R2.xlsx,Table 7,120,I120,https://efiling.energysafety.ca.gov/eFiling/Getfile.aspx?fileid=56226&shareable=true
T7R-e075cc8e14edf78a,1070000111,5.0.b.ii,normalized_legacy_na_to_null,5. Commercial customers,,Non-HFTD,Rural,Non-WUI,Number of commercial customers,exact,24943,,,SDG&E,2024,1,v3.2,2,1,SDGE_2024_Q1_Tables1-15_R2.xlsx,Table 7,121,I121,https://efiling.energysafety.ca.gov/eFiling/Getfile.aspx?fileid=56226&shareable=true
T7R-2252aad458aee86a,1070000112,5.0.c.i,normalized_legacy_na_to_null,5. Commercial customers,,Non-HFTD,Highly rural,WUI,Number of commercial customers,exact,100,,,SDG&E,2024,1,v3.2,2,1,SDGE_2024_Q1_Tables1-15_R2.xlsx,Table 7,122,I122,https://efiling.energysafety.ca.gov/eFiling/Getfile.aspx?fileid=56226&shareable=true
T7R-4a947dd695434d41,1070000113,5.0.c.ii,normalized_legacy_na_to_null,5. Commercial customers,,Non-HFTD,Highly rural,Non-WUI,Number of commercial customers,exact,531,,,SDG&E,2024,1,v3.2,2,1,SDGE_2024_Q1_Tables1-15_R2.xlsx,Table 7,123,I123,https://efiling.energysafety.ca.gov/eFiling/Getfile.aspx?fileid=56226&shareable=true
T7R-1ef74d5425a23bfe,1070000114,5.2.a.i,normalized_legacy_na_to_null,5. Commercial customers,,HFTD Tier 2,Urban,WUI,Number of commercial customers,exact,4368,,,SDG&E,2024,1,v3.2,2,1,SDGE_2024_Q1_Tables1-15_R2.xlsx,Table 7,124,I124,https://efiling.energysafety.ca.gov/eFiling/Getfile.aspx?fileid=56226&shareable=true
T7R-d0ddbaae50ed5c2b,1070000115,5.2.a.ii,normalized_legacy_na_to_null,5. Commercial customers,,HFTD Tier 2,Urban,Non-WUI,Number of commercial customers,exact,2398,,,SDG&E,2024,1,v3.2,2,1,SDGE_2024_Q1_Tables1-15_R2.xlsx,Table 7,125,I125,https://efiling.energysafety.ca.gov/eFiling/Getfile.aspx?fileid=56226&shareable=true
T7R-4cbf1b4dc1ef2df8,1070000116,5.2.b.i,normalized_legacy_na_to_null,5. Commercial customers,,HFTD Tier 2,Rural,WUI,Number of commercial customers,exact,4955,,,SDG&E,2024,1,v3.2,2,1,SDGE_2024_Q1_Tables1-15_R2.xlsx,Table 7,126,I126,https://efiling.energysafety.ca.gov/eFiling/Getfile.aspx?fileid=56226&shareable=true
T7R-cc2faea8bd2cdc86,1070000117,5.2.b.ii,normalized_legacy_na_to_null,5. Commercial customers,,HFTD Tier 2,Rural,Non-WUI,Number of commercial customers,exact,4133,,,SDG&E,2024,1,v3.2,2,1,SDGE_2024_Q1_Tables1-15_R2.xlsx,Table 7,127,I127,https://efiling.energysafety.ca.gov/eFiling/Getfile.aspx?fileid=56226&shareable=true
T7R-2e9bf6eacc00fb4c,1070000118,5.2.c.i,normalized_legacy_na_to_null,5. Commercial customers,,HFTD Tier 2,Highly rural,WUI,Number of commercial customers,exact,44,,,SDG&E,2024,1,v3.2,2,1,SDGE_2024_Q1_Tables1-15_R2.xlsx,Table 7,128,I128,https://efiling.energysafety.ca.gov/eFiling/Getfile.aspx?fileid=56226&shareable=true
T7R-40b04ef63820dc2c,1070000119,5.2.c.ii,normalized_legacy_na_to_null,5. Commercial customers,,HFTD Tier 2,Highly rural,Non-WUI,Number of commercial customers,exact,207,,,SDG&E,2024,1,v3.2,2,1,SDGE_2024_Q1_Tables1-15_R2.xlsx,Table 7,129,I129,https://efiling.energysafety.ca.gov/eFiling/Getfile.aspx?fileid=56226&shareable=true
T7R-e7f270b2fb4c79d9,1070000120,5.3.a.i,normalized_legacy_na_to_null,5. Commercial customers,,HFTD Tier 3,Urban,WUI,Number of commercial customers,exact,16,,,SDG&E,2024,1,v3.2,2,1,SDGE_2024_Q1_Tables1-15_R2.xlsx,Table 7,130,I130,https://efiling.energysafety.ca.gov/eFiling/Getfile.aspx?fileid=56226&shareable=true
T7R-8cb70ac1711ce4f7,1070000121,5.3.a.ii,normalized_legacy_na_to_null,5. Commercial customers,,HFTD Tier 3,Urban,Non-WUI,Number of commercial customers,exact,0,,,SDG&E,2024,1,v3.2,2,1,SDGE_2024_Q1_Tables1-15_R2.xlsx,Table 7,131,I131,https://efiling.energysafety.ca.gov/eFiling/Getfile.aspx?fileid=56226&shareable=true
T7R-77f87ba9d45205d0,1070000122,5.3.b.i,normalized_legacy_na_to_null,5. Commercial customers,,HFTD Tier 3,Rural,WUI,Number of commercial customers,exact,2298,,,SDG&E,2024,1,v3.2,2,1,SDGE_2024_Q1_Tables1-15_R2.xlsx,Table 7,132,I132,https://efiling.energysafety.ca.gov/eFiling/Getfile.aspx?fileid=56226&shareable=true
T7R-56c38fcab9efcc44,1070000123,5.3.b.ii,normalized_legacy_na_to_null,5. Commercial customers,,HFTD Tier 3,Rural,Non-WUI,Number of commercial customers,exact,2501,,,SDG&E,2024,1,v3.2,2,1,SDGE_2024_Q1_Tables1-15_R2.xlsx,Table 7,133,I133,https://efiling.energysafety.ca.gov/eFiling/Getfile.aspx?fileid=56226&shareable=true
T7R-b404ea74a252c0f4,1070000124,5.3.c.i,normalized_legacy_na_to_null,5. Commercial customers,,HFTD Tier 3,Highly rural,WUI,Number of commercial customers,exact,143,,,SDG&E,2024,1,v3.2,2,1,SDGE_2024_Q1_Tables1-15_R2.xlsx,Table 7,134,I134,https://efiling.energysafety.ca.gov/eFiling/Getfile.aspx?fileid=56226&shareable=true
T7R-529137394e478bf9,1070000125,5.3.c.ii,normalized_legacy_na_to_null,5. Commercial customers,,HFTD Tier 3,Highly rural,Non-WUI,Number of commercial customers,exact,368,,,SDG&E,2024,1,v3.2,2,1,SDGE_2024_Q1_Tables1-15_R2.xlsx,Table 7,135,I135,https://efiling.energysafety.ca.gov/eFiling/Getfile.aspx?fileid=56226&shareable=true
T7R-0bbe07507f9b0938,1070000126,6.0.a.i,normalized_legacy_na_to_null,6. AFN customers,,Non-HFTD,Urban,WUI,Number of customers belonging to access and functional needs populations,exact,47111,,,SDG&E,2024,1,v3.2,2,1,SDGE_2024_Q1_Tables1-15_R2.xlsx,Table 7,136,I136,https://efiling.energysafety.ca.gov/eFiling/Getfile.aspx?fileid=56226&shareable=true
T7R-7613c46570f208f6,1070000127,6.0.a.ii,normalized_legacy_na_to_null,6. AFN customers,,Non-HFTD,Urban,Non-WUI,Number of customers belonging to access and functional needs populations,exact,315796,,,SDG&E,2024,1,v3.2,2,1,SDGE_2024_Q1_Tables1-15_R2.xlsx,Table 7,137,I137,https://efiling.energysafety.ca.gov/eFiling/Getfile.aspx?fileid=56226&shareable=true
T7R-77bb69f7a2b1e63a,1070000128,6.0.b.i,normalized_legacy_na_to_null,6. AFN customers,,Non-HFTD,Rural,WUI,Number of customers belonging to access and functional needs populations,exact,8229,,,SDG&E,2024,1,v3.2,2,1,SDGE_2024_Q1_Tables1-15_R2.xlsx,Table 7,138,I138,https://efiling.energysafety.ca.gov/eFiling/Getfile.aspx?fileid=56226&shareable=true
T7R-b00d6d9badeca3c6,1070000129,6.0.b.ii,normalized_legacy_na_to_null,6. AFN customers,,Non-HFTD,Rural,Non-WUI,Number of customers belonging to access and functional needs populations,exact,9682,,,SDG&E,2024,1,v3.2,2,1,SDGE_2024_Q1_Tables1-15_R2.xlsx,Table 7,139,I139,https://efiling.energysafety.ca.gov/eFiling/Getfile.aspx?fileid=56226&shareable=true
T7R-681acecb293f2e49,1070000130,6.0.c.i,normalized_legacy_na_to_null,6. AFN customers,,Non-HFTD,Highly rural,WUI,Number of customers belonging to access and functional needs populations,exact,306,,,SDG&E,2024,1,v3.2,2,1,SDGE_2024_Q1_Tables1-15_R2.xlsx,Table 7,140,I140,https://efiling.energysafety.ca.gov/eFiling/Getfile.aspx?fileid=56226&shareable=true
T7R-63e0497d257be854,1070000131,6.0.c.ii,normalized_legacy_na_to_null,6. AFN customers,,Non-HFTD,Highly rural,Non-WUI,Number of customers belonging to access and functional needs populations,exact,432,,,SDG&E,2024,1,v3.2,2,1,SDGE_2024_Q1_Tables1-15_R2.xlsx,Table 7,141,I141,https://efiling.energysafety.ca.gov/eFiling/Getfile.aspx?fileid=56226&shareable=true
T7R-16ee7e23c52e9841,1070000132,6.2.a.i,normalized_legacy_na_to_null,6. AFN customers,,HFTD Tier 2,Urban,WUI,Number of customers belonging to access and functional needs populations,exact,15040,,,SDG&E,2024,1,v3.2,2,1,SDGE_2024_Q1_Tables1-15_R2.xlsx,Table 7,142,I142,https://efiling.energysafety.ca.gov/eFiling/Getfile.aspx?fileid=56226&shareable=true
T7R-ddb7dc73f569d016,1070000133,6.2.a.ii,normalized_legacy_na_to_null,6. AFN customers,,HFTD Tier 2,Urban,Non-WUI,Number of customers belonging to access and functional needs populations,exact,5304,,,SDG&E,2024,1,v3.2,2,1,SDGE_2024_Q1_Tables1-15_R2.xlsx,Table 7,143,I143,https://efiling.energysafety.ca.gov/eFiling/Getfile.aspx?fileid=56226&shareable=true
T7R-7d39b146c380d6d8,1070000134,6.2.b.i,normalized_legacy_na_to_null,6. AFN customers,,HFTD Tier 2,Rural,WUI,Number of customers belonging to access and functional needs populations,exact,12239,,,SDG&E,2024,1,v3.2,2,1,SDGE_2024_Q1_Tables1-15_R2.xlsx,Table 7,144,I144,https://efiling.energysafety.ca.gov/eFiling/Getfile.aspx?fileid=56226&shareable=true
T7R-d2c5a471bfc9e3d5,1070000135,6.2.b.ii,normalized_legacy_na_to_null,6. AFN customers,,HFTD Tier 2,Rural,Non-WUI,Number of customers belonging to access and functional needs populations,exact,4498,,,SDG&E,2024,1,v3.2,2,1,SDGE_2024_Q1_Tables1-15_R2.xlsx,Table 7,145,I145,https://efiling.energysafety.ca.gov/eFiling/Getfile.aspx?fileid=56226&shareable=true
T7R-626f5852977a12cc,1070000136,6.2.c.i,normalized_legacy_na_to_null,6. AFN customers,,HFTD Tier 2,Highly rural,WUI,Number of customers belonging to access and functional needs populations,exact,102,,,SDG&E,2024,1,v3.2,2,1,SDGE_2024_Q1_Tables1-15_R2.xlsx,Table 7,146,I146,https://efiling.energysafety.ca.gov/eFiling/Getfile.aspx?fileid=56226&shareable=true
T7R-66e65bd887903f89,1070000137,6.2.c.ii,normalized_legacy_na_to_null,6. AFN customers,,HFTD Tier 2,Highly rural,Non-WUI,Number of customers belonging to access and functional needs populations,exact,151,,,SDG&E,2024,1,v3.2,2,1,SDGE_2024_Q1_Tables1-15_R2.xlsx,Table 7,147,I147,https://efiling.energysafety.ca.gov/eFiling/Getfile.aspx?fileid=56226&shareable=true
T7R-4c4a962dd0601d23,1070000138,6.3.a.i,normalized_legacy_na_to_null,6. AFN customers,,HFTD Tier 3,Urban,WUI,Number of customers belonging to access and functional needs populations,exact,29,,,SDG&E,2024,1,v3.2,2,1,SDGE_2024_Q1_Tables1-15_R2.xlsx,Table 7,148,I148,https://efiling.energysafety.ca.gov/eFiling/Getfile.aspx?fileid=56226&shareable=true
T7R-8b3115fff97fde97,1070000139,6.3.a.ii,normalized_legacy_na_to_null,6. AFN customers,,HFTD Tier 3,Urban,Non-WUI,Number of customers belonging to access and functional needs populations,exact,1,,,SDG&E,2024,1,v3.2,2,1,SDGE_2024_Q1_Tables1-15_R2.xlsx,Table 7,149,I149,https://efiling.energysafety.ca.gov/eFiling/Getfile.aspx?fileid=56226&shareable=true
T7R-012ce4e71c95a986,1070000140,6.3.b.i,normalized_legacy_na_to_null,6. AFN customers,,HFTD Tier 3,Rural,WUI,Number of customers belonging to access and functional needs populations,exact,5548,,,SDG&E,2024,1,v3.2,2,1,SDGE_2024_Q1_Tables1-15_R2.xlsx,Table 7,150,I150,https://efiling.energysafety.ca.gov/eFiling/Getfile.aspx?fileid=56226&shareable=true
T7R-39fa8621c8c7475b,1070000141,6.3.b.ii,normalized_legacy_na_to_null,6. AFN customers,,HFTD Tier 3,Rural,Non-WUI,Number of customers belonging to access and functional needs populations,exact,1990,,,SDG&E,2024,1,v3.2,2,1,SDGE_2024_Q1_Tables1-15_R2.xlsx,Table 7,151,I151,https://efiling.energysafety.ca.gov/eFiling/Getfile.aspx?fileid=56226&shareable=true
T7R-c6dfc212e58f42db,1070000142,6.3.c.i,normalized_legacy_na_to_null,6. AFN customers,,HFTD Tier 3,Highly rural,WUI,Number of customers belonging to access and functional needs populations,exact,261,,,SDG&E,2024,1,v3.2,2,1,SDGE_2024_Q1_Tables1-15_R2.xlsx,Table 7,152,I152,https://efiling.energysafety.ca.gov/eFiling/Getfile.aspx?fileid=56226&shareable=true
T7R-3aea7695ef3fd6c7,1070000143,6.3.c.ii,normalized_legacy_na_to_null,6. AFN customers,,HFTD Tier 3,Highly rural,Non-WUI,Number of customers belonging to access and functional needs populations,exact,201,,,SDG&E,2024,1,v3.2,2,1,SDGE_2024_Q1_Tables1-15_R2.xlsx,Table 7,153,I153,https://efiling.energysafety.ca.gov/eFiling/Getfile.aspx?fileid=56226&shareable=true
T7R-9a896c7483b972fa,1070000144,7.0.a.i,normalized_legacy_na_to_null,7. Substations,,Non-HFTD,Urban,WUI,Number of substations,exact,12,,,SDG&E,2024,1,v3.2,2,1,SDGE_2024_Q1_Tables1-15_R2.xlsx,Table 7,154,I154,https://efiling.energysafety.ca.gov/eFiling/Getfile.aspx?fileid=56226&shareable=true
T7R-80c1d7d5660e3da9,1070000145,7.0.a.ii,normalized_legacy_na_to_null,7. Substations,,Non-HFTD,Urban,Non-WUI,Number of substations,exact,66,,,SDG&E,2024,1,v3.2,2,1,SDGE_2024_Q1_Tables1-15_R2.xlsx,Table 7,155,I155,https://efiling.energysafety.ca.gov/eFiling/Getfile.aspx?fileid=56226&shareable=true
T7R-ba7882aa5e71207a,1070000146,7.0.b.i,normalized_legacy_na_to_null,7. Substations,,Non-HFTD,Rural,WUI,Number of substations,exact,4,,,SDG&E,2024,1,v3.2,2,1,SDGE_2024_Q1_Tables1-15_R2.xlsx,Table 7,156,I156,https://efiling.energysafety.ca.gov/eFiling/Getfile.aspx?fileid=56226&shareable=true
T7R-787e366514321b36,1070000147,7.0.b.ii,normalized_legacy_na_to_null,7. Substations,,Non-HFTD,Rural,Non-WUI,Number of substations,exact,26,,,SDG&E,2024,1,v3.2,2,1,SDGE_2024_Q1_Tables1-15_R2.xlsx,Table 7,157,I157,https://efiling.energysafety.ca.gov/eFiling/Getfile.aspx?fileid=56226&shareable=true
T7R-29542edd22cd1054,1070000148,7.0.c.i,normalized_legacy_na_to_null,7. Substations,,Non-HFTD,Highly rural,WUI,Number of substations,exact,0,,,SDG&E,2024,1,v3.2,2,1,SDGE_2024_Q1_Tables1-15_R2.xlsx,Table 7,158,I158,https://efiling.energysafety.ca.gov/eFiling/Getfile.aspx?fileid=56226&shareable=true
T7R-28ba32d1f4484ac4,1070000149,7.0.c.ii,normalized_legacy_na_to_null,7. Substations,,Non-HFTD,Highly rural,Non-WUI,Number of substations,exact,3,,,SDG&E,2024,1,v3.2,2,1,SDGE_2024_Q1_Tables1-15_R2.xlsx,Table 7,159,I159,https://efiling.energysafety.ca.gov/eFiling/Getfile.aspx?fileid=56226&shareable=true
T7R-abfadb9cbd088bf6,1070000150,7.2.a.i,normalized_legacy_na_to_null,7. Substations,,HFTD Tier 2,Urban,WUI,Number of substations,exact,1,,,SDG&E,2024,1,v3.2,2,1,SDGE_2024_Q1_Tables1-15_R2.xlsx,Table 7,160,I160,https://efiling.energysafety.ca.gov/eFiling/Getfile.aspx?fileid=56226&shareable=true
T7R-0fc1ccf2e155bfcd,1070000151,7.2.a.ii,normalized_legacy_na_to_null,7. Substations,,HFTD Tier 2,Urban,Non-WUI,Number of substations,exact,5,,,SDG&E,2024,1,v3.2,2,1,SDGE_2024_Q1_Tables1-15_R2.xlsx,Table 7,161,I161,https://efiling.energysafety.ca.gov/eFiling/Getfile.aspx?fileid=56226&shareable=true
T7R-c08554a8a071fd02,1070000152,7.2.b.i,normalized_legacy_na_to_null,7. Substations,,HFTD Tier 2,Rural,WUI,Number of substations,exact,5,,,SDG&E,2024,1,v3.2,2,1,SDGE_2024_Q1_Tables1-15_R2.xlsx,Table 7,162,I162,https://efiling.energysafety.ca.gov/eFiling/Getfile.aspx?fileid=56226&shareable=true
T7R-268858da5db8dd3a,1070000153,7.2.b.ii,normalized_legacy_na_to_null,7. Substations,,HFTD Tier 2,Rural,Non-WUI,Number of substations,exact,23,,,SDG&E,2024,1,v3.2,2,1,SDGE_2024_Q1_Tables1-15_R2.xlsx,Table 7,163,I163,https://efiling.energysafety.ca.gov/eFiling/Getfile.aspx?fileid=56226&shareable=true
T7R-2072dbf33f0e50cd,1070000154,7.2.c.i,normalized_legacy_na_to_null,7. Substations,,HFTD Tier 2,Highly rural,WUI,Number of substations,exact,0,,,SDG&E,2024,1,v3.2,2,1,SDGE_2024_Q1_Tables1-15_R2.xlsx,Table 7,164,I164,https://efiling.energysafety.ca.gov/eFiling/Getfile.aspx?fileid=56226&shareable=true
T7R-2a26f1281682e4c9,1070000155,7.2.c.ii,normalized_legacy_na_to_null,7. Substations,,HFTD Tier 2,Highly rural,Non-WUI,Number of substations,exact,1,,,SDG&E,2024,1,v3.2,2,1,SDGE_2024_Q1_Tables1-15_R2.xlsx,Table 7,165,I165,https://efiling.energysafety.ca.gov/eFiling/Getfile.aspx?fileid=56226&shareable=true
T7R-a7dd0cf788aa2443,1070000156,7.3.a.i,normalized_legacy_na_to_null,7. Substations,,HFTD Tier 3,Urban,WUI,Number of substations,exact,0,,,SDG&E,2024,1,v3.2,2,1,SDGE_2024_Q1_Tables1-15_R2.xlsx,Table 7,166,I166,https://efiling.energysafety.ca.gov/eFiling/Getfile.aspx?fileid=56226&shareable=true
T7R-d9ea924156a66f3b,1070000157,7.3.a.ii,normalized_legacy_na_to_null,7. Substations,,HFTD Tier 3,Urban,Non-WUI,Number of substations,exact,0,,,SDG&E,2024,1,v3.2,2,1,SDGE_2024_Q1_Tables1-15_R2.xlsx,Table 7,167,I167,https://efiling.energysafety.ca.gov/eFiling/Getfile.aspx?fileid=56226&shareable=true
T7R-8f3db16da8cb501b,1070000158,7.3.b.i,normalized_legacy_na_to_null,7. Substations,,HFTD Tier 3,Rural,WUI,Number of substations,exact,0,,,SDG&E,2024,1,v3.2,2,1,SDGE_2024_Q1_Tables1-15_R2.xlsx,Table 7,168,I168,https://efiling.energysafety.ca.gov/eFiling/Getfile.aspx?fileid=56226&shareable=true
T7R-86b6b0451a91de15,1070000159,7.3.b.ii,normalized_legacy_na_to_null,7. Substations,,HFTD Tier 3,Rural,Non-WUI,Number of substations,exact,11,,,SDG&E,2024,1,v3.2,2,1,SDGE_2024_Q1_Tables1-15_R2.xlsx,Table 7,169,I169,https://efiling.energysafety.ca.gov/eFiling/Getfile.aspx?fileid=56226&shareable=true
T7R-b6270141a081273c,1070000160,7.3.c.i,normalized_legacy_na_to_null,7. Substations,,HFTD Tier 3,Highly rural,WUI,Number of substations,exact,0,,,SDG&E,2024,1,v3.2,2,1,SDGE_2024_Q1_Tables1-15_R2.xlsx,Table 7,170,I170,https://efiling.energysafety.ca.gov/eFiling/Getfile.aspx?fileid=56226&shareable=true
T7R-b69bc6a2e6a316fe,1070000161,7.3.c.ii,normalized_legacy_na_to_null,7. Substations,,HFTD Tier 3,Highly rural,Non-WUI,Number of substations,exact,2,,,SDG&E,2024,1,v3.2,2,1,SDGE_2024_Q1_Tables1-15_R2.xlsx,Table 7,171,I171,https://efiling.energysafety.ca.gov/eFiling/Getfile.aspx?fileid=56226&shareable=true
T7R-5c05f8656b001e74,1070000162,8.0.a.i,normalized_legacy_na_to_null,8. Weather stations,,Non-HFTD,Urban,WUI,Number of weather stations,exact,3,,,SDG&E,2024,1,v3.2,2,1,SDGE_2024_Q1_Tables1-15_R2.xlsx,Table 7,172,I172,https://efiling.energysafety.ca.gov/eFiling/Getfile.aspx?fileid=56226&shareable=true
T7R-49368079d17114b2,1070000163,8.0.a.ii,normalized_legacy_na_to_null,8. Weather stations,,Non-HFTD,Urban,Non-WUI,Number of weather stations,exact,13,,,SDG&E,2024,1,v3.2,2,1,SDGE_2024_Q1_Tables1-15_R2.xlsx,Table 7,173,I173,https://efiling.energysafety.ca.gov/eFiling/Getfile.aspx?fileid=56226&shareable=true
T7R-ed6d5b28b11cabe2,1070000164,8.0.b.i,normalized_legacy_na_to_null,8. Weather stations,,Non-HFTD,Rural,WUI,Number of weather stations,exact,1,,,SDG&E,2024,1,v3.2,2,1,SDGE_2024_Q1_Tables1-15_R2.xlsx,Table 7,174,I174,https://efiling.energysafety.ca.gov/eFiling/Getfile.aspx?fileid=56226&shareable=true
T7R-dacaec6b786f40e5,1070000165,8.0.b.ii,normalized_legacy_na_to_null,8. Weather stations,,Non-HFTD,Rural,Non-WUI,Number of weather stations,exact,3,,,SDG&E,2024,1,v3.2,2,1,SDGE_2024_Q1_Tables1-15_R2.xlsx,Table 7,175,I175,https://efiling.energysafety.ca.gov/eFiling/Getfile.aspx?fileid=56226&shareable=true
T7R-acedc1e24aafaed9,1070000166,8.0.c.i,normalized_legacy_na_to_null,8. Weather stations,,Non-HFTD,Highly rural,WUI,Number of weather stations,exact,0,,,SDG&E,2024,1,v3.2,2,1,SDGE_2024_Q1_Tables1-15_R2.xlsx,Table 7,176,I176,https://efiling.energysafety.ca.gov/eFiling/Getfile.aspx?fileid=56226&shareable=true
T7R-a59dfdbe611a690f,1070000167,8.0.c.ii,normalized_legacy_na_to_null,8. Weather stations,,Non-HFTD,Highly rural,Non-WUI,Number of weather stations,exact,2,,,SDG&E,2024,1,v3.2,2,1,SDGE_2024_Q1_Tables1-15_R2.xlsx,Table 7,177,I177,https://efiling.energysafety.ca.gov/eFiling/Getfile.aspx?fileid=56226&shareable=true
T7R-341027f73c561cc4,1070000168,8.2.a.i,normalized_legacy_na_to_null,8. Weather stations,,HFTD Tier 2,Urban,WUI,Number of weather stations,exact,2,,,SDG&E,2024,1,v3.2,2,1,SDGE_2024_Q1_Tables1-15_R2.xlsx,Table 7,178,I178,https://efiling.energysafety.ca.gov/eFiling/Getfile.aspx?fileid=56226&shareable=true
T7R-94531fb95a837bae,1070000169,8.2.a.ii,normalized_legacy_na_to_null,8. Weather stations,,HFTD Tier 2,Urban,Non-WUI,Number of weather stations,exact,4,,,SDG&E,2024,1,v3.2,2,1,SDGE_2024_Q1_Tables1-15_R2.xlsx,Table 7,179,I179,https://efiling.energysafety.ca.gov/eFiling/Getfile.aspx?fileid=56226&shareable=true
T7R-ea761b9da78233be,1070000170,8.2.b.i,normalized_legacy_na_to_null,8. Weather stations,,HFTD Tier 2,Rural,WUI,Number of weather stations,exact,16,,,SDG&E,2024,1,v3.2,2,1,SDGE_2024_Q1_Tables1-15_R2.xlsx,Table 7,180,I180,https://efiling.energysafety.ca.gov/eFiling/Getfile.aspx?fileid=56226&shareable=true
T7R-1302c1daf8722b48,1070000171,8.2.b.ii,normalized_legacy_na_to_null,8. Weather stations,,HFTD Tier 2,Rural,Non-WUI,Number of weather stations,exact,52,,,SDG&E,2024,1,v3.2,2,1,SDGE_2024_Q1_Tables1-15_R2.xlsx,Table 7,181,I181,https://efiling.energysafety.ca.gov/eFiling/Getfile.aspx?fileid=56226&shareable=true
T7R-9dd258bc572df953,1070000172,8.2.c.i,normalized_legacy_na_to_null,8. Weather stations,,HFTD Tier 2,Highly rural,WUI,Number of weather stations,exact,1,,,SDG&E,2024,1,v3.2,2,1,SDGE_2024_Q1_Tables1-15_R2.xlsx,Table 7,182,I182,https://efiling.energysafety.ca.gov/eFiling/Getfile.aspx?fileid=56226&shareable=true
T7R-4815296d1d8ea0db,1070000173,8.2.c.ii,normalized_legacy_na_to_null,8. Weather stations,,HFTD Tier 2,Highly rural,Non-WUI,Number of weather stations,exact,7,,,SDG&E,2024,1,v3.2,2,1,SDGE_2024_Q1_Tables1-15_R2.xlsx,Table 7,183,I183,https://efiling.energysafety.ca.gov/eFiling/Getfile.aspx?fileid=56226&shareable=true
T7R-bceed986f035fa73,1070000174,8.3.a.i,normalized_legacy_na_to_null,8. Weather stations,,HFTD Tier 3,Urban,WUI,Number of weather stations,exact,0,,,SDG&E,2024,1,v3.2,2,1,SDGE_2024_Q1_Tables1-15_R2.xlsx,Table 7,184,I184,https://efiling.energysafety.ca.gov/eFiling/Getfile.aspx?fileid=56226&shareable=true
T7R-d067fd2bb3e2979c,1070000175,8.3.a.ii,normalized_legacy_na_to_null,8. Weather stations,,HFTD Tier 3,Urban,Non-WUI,Number of weather stations,exact,0,,,SDG&E,2024,1,v3.2,2,1,SDGE_2024_Q1_Tables1-15_R2.xlsx,Table 7,185,I185,https://efiling.energysafety.ca.gov/eFiling/Getfile.aspx?fileid=56226&shareable=true
T7R-ddbb59dd89adee6e,1070000176,8.3.b.i,normalized_legacy_na_to_null,8. Weather stations,,HFTD Tier 3,Rural,WUI,Number of weather stations,exact,11,,,SDG&E,2024,1,v3.2,2,1,SDGE_2024_Q1_Tables1-15_R2.xlsx,Table 7,186,I186,https://efiling.energysafety.ca.gov/eFiling/Getfile.aspx?fileid=56226&shareable=true
T7R-8b2515e24ebfc73a,1070000177,8.3.b.ii,normalized_legacy_na_to_null,8. Weather stations,,HFTD Tier 3,Rural,Non-WUI,Number of weather stations,exact,85,,,SDG&E,2024,1,v3.2,2,1,SDGE_2024_Q1_Tables1-15_R2.xlsx,Table 7,187,I187,https://efiling.energysafety.ca.gov/eFiling/Getfile.aspx?fileid=56226&shareable=true
T7R-c354de205914a02a,1070000178,8.3.c.i,normalized_legacy_na_to_null,8. Weather stations,,HFTD Tier 3,Highly rural,WUI,Number of weather stations,exact,2,,,SDG&E,2024,1,v3.2,2,1,SDGE_2024_Q1_Tables1-15_R2.xlsx,Table 7,188,I188,https://efiling.energysafety.ca.gov/eFiling/Getfile.aspx?fileid=56226&shareable=true
T7R-96713e10c6469358,1070000179,8.3.c.ii,normalized_legacy_na_to_null,8. Weather stations,,HFTD Tier 3,Highly rural,Non-WUI,Number of weather stations,exact,18,,,SDG&E,2024,1,v3.2,2,1,SDGE_2024_Q1_Tables1-15_R2.xlsx,Table 7,189,I189,https://efiling.energysafety.ca.gov/eFiling/Getfile.aspx?fileid=56226&shareable=true
T7R-e3fc9cb5e3046a7b,1070000000,1.d.0.a.i,exact_dimensions_and_unit,1. Overhead circuit miles,Distribution,Non-HFTD,Urban,WUI,Circuit miles,exact,393.752651515151,,,SDG&E,2024,2,v3.2,1,2,SDGE_2024_Q2_Tables1-15_R1.xlsx,Table 7,10,I10,https://efiling.energysafety.ca.gov/eFiling/Getfile.aspx?fileid=56226&shareable=true
T7R-c2bcb1614bb6f19d,1070000001,1.d.0.a.ii,exact_dimensions_and_unit,1. Overhead circuit miles,Distribution,Non-HFTD,Urban,Non-WUI,Circuit miles,exact,2065.23257575757,,,SDG&E,2024,2,v3.2,1,2,SDGE_2024_Q2_Tables1-15_R1.xlsx,Table 7,11,I11,https://efiling.energysafety.ca.gov/eFiling/Getfile.aspx?fileid=56226&shareable=true
T7R-5dd7f488987d31b1,1070000002,1.d.0.b.i,exact_dimensions_and_unit,1. Overhead circuit miles,Distribution,Non-HFTD,Rural,WUI,Circuit miles,exact,174.709659090909,,,SDG&E,2024,2,v3.2,1,2,SDGE_2024_Q2_Tables1-15_R1.xlsx,Table 7,12,I12,https://efiling.energysafety.ca.gov/eFiling/Getfile.aspx?fileid=56226&shareable=true
T7R-193f1654f42cec9f,1070000003,1.d.0.b.ii,exact_dimensions_and_unit,1. Overhead circuit miles,Distribution,Non-HFTD,Rural,Non-WUI,Circuit miles,exact,177.49375,,,SDG&E,2024,2,v3.2,1,2,SDGE_2024_Q2_Tables1-15_R1.xlsx,Table 7,13,I13,https://efiling.energysafety.ca.gov/eFiling/Getfile.aspx?fileid=56226&shareable=true
T7R-3c200866357d0f36,1070000004,1.d.0.c.i,exact_dimensions_and_unit,1. Overhead circuit miles,Distribution,Non-HFTD,Highly rural,WUI,Circuit miles,exact,34.8320075757575,,,SDG&E,2024,2,v3.2,1,2,SDGE_2024_Q2_Tables1-15_R1.xlsx,Table 7,14,I14,https://efiling.energysafety.ca.gov/eFiling/Getfile.aspx?fileid=56226&shareable=true
T7R-5c950449b2cc4fb4,1070000005,1.d.0.c.ii,exact_dimensions_and_unit,1. Overhead circuit miles,Distribution,Non-HFTD,Highly rural,Non-WUI,Circuit miles,exact,109.526893939393,,,SDG&E,2024,2,v3.2,1,2,SDGE_2024_Q2_Tables1-15_R1.xlsx,Table 7,15,I15,https://efiling.energysafety.ca.gov/eFiling/Getfile.aspx?fileid=56226&shareable=true
T7R-649a6626fe4ce475,1070000006,1.d.2.a.i,exact_dimensions_and_unit,1. Overhead circuit miles,Distribution,HFTD Tier 2,Urban,WUI,Circuit miles,exact,91.2,,,SDG&E,2024,2,v3.2,1,2,SDGE_2024_Q2_Tables1-15_R1.xlsx,Table 7,16,I16,https://efiling.energysafety.ca.gov/eFiling/Getfile.aspx?fileid=56226&shareable=true
T7R-2f0fb425d4be23b4,1070000007,1.d.2.a.ii,exact_dimensions_and_unit,1. Overhead circuit miles,Distribution,HFTD Tier 2,Urban,Non-WUI,Circuit miles,exact,83.7020833333333,,,SDG&E,2024,2,v3.2,1,2,SDGE_2024_Q2_Tables1-15_R1.xlsx,Table 7,17,I17,https://efiling.energysafety.ca.gov/eFiling/Getfile.aspx?fileid=56226&shareable=true
T7R-3ff08e922cce5aa4,1070000008,1.d.2.b.i,exact_dimensions_and_unit,1. Overhead circuit miles,Distribution,HFTD Tier 2,Rural,WUI,Circuit miles,exact,847.611553030303,,,SDG&E,2024,2,v3.2,1,2,SDGE_2024_Q2_Tables1-15_R1.xlsx,Table 7,18,I18,https://efiling.energysafety.ca.gov/eFiling/Getfile.aspx?fileid=56226&shareable=true
T7R-9d9d7053fbbffa7e,1070000009,1.d.2.b.ii,exact_dimensions_and_unit,1. Overhead circuit miles,Distribution,HFTD Tier 2,Rural,Non-WUI,Circuit miles,exact,587.595643939394,,,SDG&E,2024,2,v3.2,1,2,SDGE_2024_Q2_Tables1-15_R1.xlsx,Table 7,19,I19,https://efiling.energysafety.ca.gov/eFiling/Getfile.aspx?fileid=56226&shareable=true
T7R-df48cb441f5366e8,1070000010,1.d.2.c.i,exact_dimensions_and_unit,1. Overhead circuit miles,Distribution,HFTD Tier 2,Highly rural,WUI,Circuit miles,exact,20.3037878787878,,,SDG&E,2024,2,v3.2,1,2,SDGE_2024_Q2_Tables1-15_R1.xlsx,Table 7,20,I20,https://efiling.energysafety.ca.gov/eFiling/Getfile.aspx?fileid=56226&shareable=true
T7R-f79576c90d64a87b,1070000011,1.d.2.c.ii,exact_dimensions_and_unit,1. Overhead circuit miles,Distribution,HFTD Tier 2,Highly rural,Non-WUI,Circuit miles,exact,151.885795454545,,,SDG&E,2024,2,v3.2,1,2,SDGE_2024_Q2_Tables1-15_R1.xlsx,Table 7,21,I21,https://efiling.energysafety.ca.gov/eFiling/Getfile.aspx?fileid=56226&shareable=true
T7R-4337a6095f10fae8,1070000012,1.d.3.a.i,exact_dimensions_and_unit,1. Overhead circuit miles,Distribution,HFTD Tier 3,Urban,WUI,Circuit miles,exact,4.90681818181818,,,SDG&E,2024,2,v3.2,1,2,SDGE_2024_Q2_Tables1-15_R1.xlsx,Table 7,22,I22,https://efiling.energysafety.ca.gov/eFiling/Getfile.aspx?fileid=56226&shareable=true
T7R-510fe01e07fecc3b,1070000013,1.d.3.a.ii,exact_dimensions_and_unit,1. Overhead circuit miles,Distribution,HFTD Tier 3,Urban,Non-WUI,Circuit miles,exact,0.040340909090909,,,SDG&E,2024,2,v3.2,1,2,SDGE_2024_Q2_Tables1-15_R1.xlsx,Table 7,23,I23,https://efiling.energysafety.ca.gov/eFiling/Getfile.aspx?fileid=56226&shareable=true
T7R-f607bc810f6a4372,1070000014,1.d.3.b.i,exact_dimensions_and_unit,1. Overhead circuit miles,Distribution,HFTD Tier 3,Rural,WUI,Circuit miles,exact,641.455871212121,,,SDG&E,2024,2,v3.2,1,2,SDGE_2024_Q2_Tables1-15_R1.xlsx,Table 7,24,I24,https://efiling.energysafety.ca.gov/eFiling/Getfile.aspx?fileid=56226&shareable=true
T7R-1a9280003e903d0a,1070000015,1.d.3.b.ii,exact_dimensions_and_unit,1. Overhead circuit miles,Distribution,HFTD Tier 3,Rural,Non-WUI,Circuit miles,exact,767.371401515151,,,SDG&E,2024,2,v3.2,1,2,SDGE_2024_Q2_Tables1-15_R1.xlsx,Table 7,25,I25,https://efiling.energysafety.ca.gov/eFiling/Getfile.aspx?fileid=56226&shareable=true
T7R-2bd815060f3486bb,1070000016,1.d.3.c.i,exact_dimensions_and_unit,1. Overhead circuit miles,Distribution,HFTD Tier 3,Highly rural,WUI,Circuit miles,exact,25.5191287878787,,,SDG&E,2024,2,v3.2,1,2,SDGE_2024_Q2_Tables1-15_R1.xlsx,Table 7,26,I26,https://efiling.energysafety.ca.gov/eFiling/Getfile.aspx?fileid=56226&shareable=true
T7R-64d43bafc9fcb7a3,1070000017,1.d.3.c.ii,exact_dimensions_and_unit,1. Overhead circuit miles,Distribution,HFTD Tier 3,Highly rural,Non-WUI,Circuit miles,exact,162.58125,,,SDG&E,2024,2,v3.2,1,2,SDGE_2024_Q2_Tables1-15_R1.xlsx,Table 7,27,I27,https://efiling.energysafety.ca.gov/eFiling/Getfile.aspx?fileid=56226&shareable=true
T7R-c759a048e1c5da55,1070000018,1.t.0.a.i,exact_dimensions_and_unit,1. Overhead circuit miles,Transmission,Non-HFTD,Urban,WUI,Circuit miles,exact,133.579261363636,,,SDG&E,2024,2,v3.2,1,2,SDGE_2024_Q2_Tables1-15_R1.xlsx,Table 7,28,I28,https://efiling.energysafety.ca.gov/eFiling/Getfile.aspx?fileid=56226&shareable=true
T7R-a496a4c778ab88b8,1070000019,1.t.0.a.ii,exact_dimensions_and_unit,1. Overhead circuit miles,Transmission,Non-HFTD,Urban,Non-WUI,Circuit miles,exact,286.660221590909,,,SDG&E,2024,2,v3.2,1,2,SDGE_2024_Q2_Tables1-15_R1.xlsx,Table 7,29,I29,https://efiling.energysafety.ca.gov/eFiling/Getfile.aspx?fileid=56226&shareable=true
T7R-2dbab9200ed4545f,1070000020,1.t.0.b.i,exact_dimensions_and_unit,1. Overhead circuit miles,Transmission,Non-HFTD,Rural,WUI,Circuit miles,exact,54.5801969696969,,,SDG&E,2024,2,v3.2,1,2,SDGE_2024_Q2_Tables1-15_R1.xlsx,Table 7,30,I30,https://efiling.energysafety.ca.gov/eFiling/Getfile.aspx?fileid=56226&shareable=true
T7R-b8343e39c33c85e4,1070000021,1.t.0.b.ii,exact_dimensions_and_unit,1. Overhead circuit miles,Transmission,Non-HFTD,Rural,Non-WUI,Circuit miles,exact,112.611225378787,,,SDG&E,2024,2,v3.2,1,2,SDGE_2024_Q2_Tables1-15_R1.xlsx,Table 7,31,I31,https://efiling.energysafety.ca.gov/eFiling/Getfile.aspx?fileid=56226&shareable=true
T7R-a8fe126def0164a4,1070000022,1.t.0.c.i,exact_dimensions_and_unit,1. Overhead circuit miles,Transmission,Non-HFTD,Highly rural,WUI,Circuit miles,exact,0,,,SDG&E,2024,2,v3.2,1,2,SDGE_2024_Q2_Tables1-15_R1.xlsx,Table 7,32,I32,https://efiling.energysafety.ca.gov/eFiling/Getfile.aspx?fileid=56226&shareable=true
T7R-26274f30056eaa31,1070000023,1.t.0.c.ii,exact_dimensions_and_unit,1. Overhead circuit miles,Transmission,Non-HFTD,Highly rural,Non-WUI,Circuit miles,exact,22.8057632575757,,,SDG&E,2024,2,v3.2,1,2,SDGE_2024_Q2_Tables1-15_R1.xlsx,Table 7,33,I33,https://efiling.energysafety.ca.gov/eFiling/Getfile.aspx?fileid=56226&shareable=true
T7R-2a8e254f7a944c9b,1070000024,1.t.2.a.i,exact_dimensions_and_unit,1. Overhead circuit miles,Transmission,HFTD Tier 2,Urban,WUI,Circuit miles,exact,36.7161212121212,,,SDG&E,2024,2,v3.2,1,2,SDGE_2024_Q2_Tables1-15_R1.xlsx,Table 7,34,I34,https://efiling.energysafety.ca.gov/eFiling/Getfile.aspx?fileid=56226&shareable=true
T7R-583609a6cbf4995b,1070000025,1.t.2.a.ii,exact_dimensions_and_unit,1. Overhead circuit miles,Transmission,HFTD Tier 2,Urban,Non-WUI,Circuit miles,exact,59.4990265151515,,,SDG&E,2024,2,v3.2,1,2,SDGE_2024_Q2_Tables1-15_R1.xlsx,Table 7,35,I35,https://efiling.energysafety.ca.gov/eFiling/Getfile.aspx?fileid=56226&shareable=true
T7R-68d4776b457bdced,1070000026,1.t.2.b.i,exact_dimensions_and_unit,1. Overhead circuit miles,Transmission,HFTD Tier 2,Rural,WUI,Circuit miles,exact,115.475585227272,,,SDG&E,2024,2,v3.2,1,2,SDGE_2024_Q2_Tables1-15_R1.xlsx,Table 7,36,I36,https://efiling.energysafety.ca.gov/eFiling/Getfile.aspx?fileid=56226&shareable=true
T7R-540125e262d6484c,1070000027,1.t.2.b.ii,exact_dimensions_and_unit,1. Overhead circuit miles,Transmission,HFTD Tier 2,Rural,Non-WUI,Circuit miles,exact,443.778755681818,,,SDG&E,2024,2,v3.2,1,2,SDGE_2024_Q2_Tables1-15_R1.xlsx,Table 7,37,I37,https://efiling.energysafety.ca.gov/eFiling/Getfile.aspx?fileid=56226&shareable=true
T7R-c5de3e692abc47f1,1070000028,1.t.2.c.i,exact_dimensions_and_unit,1. Overhead circuit miles,Transmission,HFTD Tier 2,Highly rural,WUI,Circuit miles,exact,0,,,SDG&E,2024,2,v3.2,1,2,SDGE_2024_Q2_Tables1-15_R1.xlsx,Table 7,38,I38,https://efiling.energysafety.ca.gov/eFiling/Getfile.aspx?fileid=56226&shareable=true
T7R-b313bde90f18c45c,1070000029,1.t.2.c.ii,exact_dimensions_and_unit,1. Overhead circuit miles,Transmission,HFTD Tier 2,Highly rural,Non-WUI,Circuit miles,exact,23.4249204545454,,,SDG&E,2024,2,v3.2,1,2,SDGE_2024_Q2_Tables1-15_R1.xlsx,Table 7,39,I39,https://efiling.energysafety.ca.gov/eFiling/Getfile.aspx?fileid=56226&shareable=true
T7R-6b1d22591b04525d,1070000030,1.t.3.a.i,exact_dimensions_and_unit,1. Overhead circuit miles,Transmission,HFTD Tier 3,Urban,WUI,Circuit miles,exact,0,,,SDG&E,2024,2,v3.2,1,2,SDGE_2024_Q2_Tables1-15_R1.xlsx,Table 7,40,I40,https://efiling.energysafety.ca.gov/eFiling/Getfile.aspx?fileid=56226&shareable=true
T7R-b25c0ce01cbf05da,1070000031,1.t.3.a.ii,exact_dimensions_and_unit,1. Overhead circuit miles,Transmission,HFTD Tier 3,Urban,Non-WUI,Circuit miles,exact,0,,,SDG&E,2024,2,v3.2,1,2,SDGE_2024_Q2_Tables1-15_R1.xlsx,Table 7,41,I41,https://efiling.energysafety.ca.gov/eFiling/Getfile.aspx?fileid=56226&shareable=true
T7R-15ae457d99c4c440,1070000032,1.t.3.b.i,exact_dimensions_and_unit,1. Overhead circuit miles,Transmission,HFTD Tier 3,Rural,WUI,Circuit miles,exact,21.4394318181818,,,SDG&E,2024,2,v3.2,1,2,SDGE_2024_Q2_Tables1-15_R1.xlsx,Table 7,42,I42,https://efiling.energysafety.ca.gov/eFiling/Getfile.aspx?fileid=56226&shareable=true
T7R-5efffa02734ddde8,1070000033,1.t.3.b.ii,exact_dimensions_and_unit,1. Overhead circuit miles,Transmission,HFTD Tier 3,Rural,Non-WUI,Circuit miles,exact,226.238221590909,,,SDG&E,2024,2,v3.2,1,2,SDGE_2024_Q2_Tables1-15_R1.xlsx,Table 7,43,I43,https://efiling.energysafety.ca.gov/eFiling/Getfile.aspx?fileid=56226&shareable=true
T7R-6985530ff7ccae05,1070000034,1.t.3.c.i,exact_dimensions_and_unit,1. Overhead circuit miles,Transmission,HFTD Tier 3,Highly rural,WUI,Circuit miles,exact,2.81685227272727,,,SDG&E,2024,2,v3.2,1,2,SDGE_2024_Q2_Tables1-15_R1.xlsx,Table 7,44,I44,https://efiling.energysafety.ca.gov/eFiling/Getfile.aspx?fileid=56226&shareable=true
T7R-7bcd008a58fe2a4c,1070000035,1.t.3.c.ii,exact_dimensions_and_unit,1. Overhead circuit miles,Transmission,HFTD Tier 3,Highly rural,Non-WUI,Circuit miles,exact,15.6848768939393,,,SDG&E,2024,2,v3.2,1,2,SDGE_2024_Q2_Tables1-15_R1.xlsx,Table 7,45,I45,https://efiling.energysafety.ca.gov/eFiling/Getfile.aspx?fileid=56226&shareable=true
T7R-167abf67d4ff8357,1070000036,2.d.0.a.i,exact_dimensions_and_unit,2. Underground circuit miles,Distribution,Non-HFTD,Urban,WUI,Circuit miles,exact,1925.86931818181,,,SDG&E,2024,2,v3.2,1,2,SDGE_2024_Q2_Tables1-15_R1.xlsx,Table 7,46,I46,https://efiling.energysafety.ca.gov/eFiling/Getfile.aspx?fileid=56226&shareable=true
T7R-b324cfbbd3c22bdf,1070000037,2.d.0.a.ii,exact_dimensions_and_unit,2. Underground circuit miles,Distribution,Non-HFTD,Urban,Non-WUI,Circuit miles,exact,4915.51515151515,,,SDG&E,2024,2,v3.2,1,2,SDGE_2024_Q2_Tables1-15_R1.xlsx,Table 7,47,I47,https://efiling.energysafety.ca.gov/eFiling/Getfile.aspx?fileid=56226&shareable=true
T7R-378ba94d5c0967bf,1070000038,2.d.0.b.i,exact_dimensions_and_unit,2. Underground circuit miles,Distribution,Non-HFTD,Rural,WUI,Circuit miles,exact,599.185416666666,,,SDG&E,2024,2,v3.2,1,2,SDGE_2024_Q2_Tables1-15_R1.xlsx,Table 7,48,I48,https://efiling.energysafety.ca.gov/eFiling/Getfile.aspx?fileid=56226&shareable=true
T7R-bb6c04fe465b8d2a,1070000039,2.d.0.b.ii,exact_dimensions_and_unit,2. Underground circuit miles,Distribution,Non-HFTD,Rural,Non-WUI,Circuit miles,exact,884.484469696969,,,SDG&E,2024,2,v3.2,1,2,SDGE_2024_Q2_Tables1-15_R1.xlsx,Table 7,49,I49,https://efiling.energysafety.ca.gov/eFiling/Getfile.aspx?fileid=56226&shareable=true
T7R-574742c50005c875,1070000040,2.d.0.c.i,exact_dimensions_and_unit,2. Underground circuit miles,Distribution,Non-HFTD,Highly rural,WUI,Circuit miles,exact,17.8791666666666,,,SDG&E,2024,2,v3.2,1,2,SDGE_2024_Q2_Tables1-15_R1.xlsx,Table 7,50,I50,https://efiling.energysafety.ca.gov/eFiling/Getfile.aspx?fileid=56226&shareable=true
T7R-5f6f6d629b482454,1070000041,2.d.0.c.ii,exact_dimensions_and_unit,2. Underground circuit miles,Distribution,Non-HFTD,Highly rural,Non-WUI,Circuit miles,exact,58.13125,,,SDG&E,2024,2,v3.2,1,2,SDGE_2024_Q2_Tables1-15_R1.xlsx,Table 7,51,I51,https://efiling.energysafety.ca.gov/eFiling/Getfile.aspx?fileid=56226&shareable=true
T7R-e3eff3e507f89ee7,1070000042,2.d.2.a.i,exact_dimensions_and_unit,2. Underground circuit miles,Distribution,HFTD Tier 2,Urban,WUI,Circuit miles,exact,773.534659090909,,,SDG&E,2024,2,v3.2,1,2,SDGE_2024_Q2_Tables1-15_R1.xlsx,Table 7,52,I52,https://efiling.energysafety.ca.gov/eFiling/Getfile.aspx?fileid=56226&shareable=true
T7R-0a7492f2d79da710,1070000043,2.d.2.a.ii,exact_dimensions_and_unit,2. Underground circuit miles,Distribution,HFTD Tier 2,Urban,Non-WUI,Circuit miles,exact,157.52803030303,,,SDG&E,2024,2,v3.2,1,2,SDGE_2024_Q2_Tables1-15_R1.xlsx,Table 7,53,I53,https://efiling.energysafety.ca.gov/eFiling/Getfile.aspx?fileid=56226&shareable=true
T7R-a837717edcbb8c51,1070000044,2.d.2.b.i,exact_dimensions_and_unit,2. Underground circuit miles,Distribution,HFTD Tier 2,Rural,WUI,Circuit miles,exact,1016.9784090909,,,SDG&E,2024,2,v3.2,1,2,SDGE_2024_Q2_Tables1-15_R1.xlsx,Table 7,54,I54,https://efiling.energysafety.ca.gov/eFiling/Getfile.aspx?fileid=56226&shareable=true
T7R-456aaa5a40dbde8a,1070000045,2.d.2.b.ii,exact_dimensions_and_unit,2. Underground circuit miles,Distribution,HFTD Tier 2,Rural,Non-WUI,Circuit miles,exact,362.039772727272,,,SDG&E,2024,2,v3.2,1,2,SDGE_2024_Q2_Tables1-15_R1.xlsx,Table 7,55,I55,https://efiling.energysafety.ca.gov/eFiling/Getfile.aspx?fileid=56226&shareable=true
T7R-b1e7ee84998815e7,1070000046,2.d.2.c.i,exact_dimensions_and_unit,2. Underground circuit miles,Distribution,HFTD Tier 2,Highly rural,WUI,Circuit miles,exact,1.57083333333333,,,SDG&E,2024,2,v3.2,1,2,SDGE_2024_Q2_Tables1-15_R1.xlsx,Table 7,56,I56,https://efiling.energysafety.ca.gov/eFiling/Getfile.aspx?fileid=56226&shareable=true
T7R-5d0634b5adc0ca1b,1070000047,2.d.2.c.ii,exact_dimensions_and_unit,2. Underground circuit miles,Distribution,HFTD Tier 2,Highly rural,Non-WUI,Circuit miles,exact,9.03276515151515,,,SDG&E,2024,2,v3.2,1,2,SDGE_2024_Q2_Tables1-15_R1.xlsx,Table 7,57,I57,https://efiling.energysafety.ca.gov/eFiling/Getfile.aspx?fileid=56226&shareable=true
T7R-6a0052e3f4a521fc,1070000048,2.d.3.a.i,exact_dimensions_and_unit,2. Underground circuit miles,Distribution,HFTD Tier 3,Urban,WUI,Circuit miles,exact,0.98560606060606,,,SDG&E,2024,2,v3.2,1,2,SDGE_2024_Q2_Tables1-15_R1.xlsx,Table 7,58,I58,https://efiling.energysafety.ca.gov/eFiling/Getfile.aspx?fileid=56226&shareable=true
T7R-3f32e6c54b52d3cd,1070000049,2.d.3.a.ii,exact_dimensions_and_unit,2. Underground circuit miles,Distribution,HFTD Tier 3,Urban,Non-WUI,Circuit miles,exact,0,,,SDG&E,2024,2,v3.2,1,2,SDGE_2024_Q2_Tables1-15_R1.xlsx,Table 7,59,I59,https://efiling.energysafety.ca.gov/eFiling/Getfile.aspx?fileid=56226&shareable=true
T7R-7f988d6d2300939f,1070000050,2.d.3.b.i,exact_dimensions_and_unit,2. Underground circuit miles,Distribution,HFTD Tier 3,Rural,WUI,Circuit miles,exact,337.477272727272,,,SDG&E,2024,2,v3.2,1,2,SDGE_2024_Q2_Tables1-15_R1.xlsx,Table 7,60,I60,https://efiling.energysafety.ca.gov/eFiling/Getfile.aspx?fileid=56226&shareable=true
T7R-934cdb92fd18ff26,1070000051,2.d.3.b.ii,exact_dimensions_and_unit,2. Underground circuit miles,Distribution,HFTD Tier 3,Rural,Non-WUI,Circuit miles,exact,166.881818181818,,,SDG&E,2024,2,v3.2,1,2,SDGE_2024_Q2_Tables1-15_R1.xlsx,Table 7,61,I61,https://efiling.energysafety.ca.gov/eFiling/Getfile.aspx?fileid=56226&shareable=true
T7R-f7332ced85513640,1070000052,2.d.3.c.i,exact_dimensions_and_unit,2. Underground circuit miles,Distribution,HFTD Tier 3,Highly rural,WUI,Circuit miles,exact,10.3176136363636,,,SDG&E,2024,2,v3.2,1,2,SDGE_2024_Q2_Tables1-15_R1.xlsx,Table 7,62,I62,https://efiling.energysafety.ca.gov/eFiling/Getfile.aspx?fileid=56226&shareable=true
T7R-25ce3e7d930ec3b9,1070000053,2.d.3.c.ii,exact_dimensions_and_unit,2. Underground circuit miles,Distribution,HFTD Tier 3,Highly rural,Non-WUI,Circuit miles,exact,27.4081439393939,,,SDG&E,2024,2,v3.2,1,2,SDGE_2024_Q2_Tables1-15_R1.xlsx,Table 7,63,I63,https://efiling.energysafety.ca.gov/eFiling/Getfile.aspx?fileid=56226&shareable=true
T7R-838c9710dce0e27d,1070000054,2.t.0.a.i,exact_dimensions_and_unit,2. Underground circuit miles,Transmission,Non-HFTD,Urban,WUI,Circuit miles,exact,28.7142064393939,,,SDG&E,2024,2,v3.2,1,2,SDGE_2024_Q2_Tables1-15_R1.xlsx,Table 7,64,I64,https://efiling.energysafety.ca.gov/eFiling/Getfile.aspx?fileid=56226&shareable=true
T7R-55586b9a6ce06649,1070000055,2.t.0.a.ii,exact_dimensions_and_unit,2. Underground circuit miles,Transmission,Non-HFTD,Urban,Non-WUI,Circuit miles,exact,68.0151325757575,,,SDG&E,2024,2,v3.2,1,2,SDGE_2024_Q2_Tables1-15_R1.xlsx,Table 7,65,I65,https://efiling.energysafety.ca.gov/eFiling/Getfile.aspx?fileid=56226&shareable=true
T7R-aa9d57923d1475a9,1070000056,2.t.0.b.i,exact_dimensions_and_unit,2. Underground circuit miles,Transmission,Non-HFTD,Rural,WUI,Circuit miles,exact,10.1543143939393,,,SDG&E,2024,2,v3.2,1,2,SDGE_2024_Q2_Tables1-15_R1.xlsx,Table 7,66,I66,https://efiling.energysafety.ca.gov/eFiling/Getfile.aspx?fileid=56226&shareable=true
T7R-2d55656a568ada32,1070000057,2.t.0.b.ii,exact_dimensions_and_unit,2. Underground circuit miles,Transmission,Non-HFTD,Rural,Non-WUI,Circuit miles,exact,22.5750492424242,,,SDG&E,2024,2,v3.2,1,2,SDGE_2024_Q2_Tables1-15_R1.xlsx,Table 7,67,I67,https://efiling.energysafety.ca.gov/eFiling/Getfile.aspx?fileid=56226&shareable=true
T7R-3e2097eda552782f,1070000058,2.t.0.c.i,exact_dimensions_and_unit,2. Underground circuit miles,Transmission,Non-HFTD,Highly rural,WUI,Circuit miles,exact,0,,,SDG&E,2024,2,v3.2,1,2,SDGE_2024_Q2_Tables1-15_R1.xlsx,Table 7,68,I68,https://efiling.energysafety.ca.gov/eFiling/Getfile.aspx?fileid=56226&shareable=true
T7R-6a84c54abe8c0dd9,1070000059,2.t.0.c.ii,exact_dimensions_and_unit,2. Underground circuit miles,Transmission,Non-HFTD,Highly rural,Non-WUI,Circuit miles,exact,0.347916666666666,,,SDG&E,2024,2,v3.2,1,2,SDGE_2024_Q2_Tables1-15_R1.xlsx,Table 7,69,I69,https://efiling.energysafety.ca.gov/eFiling/Getfile.aspx?fileid=56226&shareable=true
T7R-67b2edfc63c02633,1070000060,2.t.2.a.i,exact_dimensions_and_unit,2. Underground circuit miles,Transmission,HFTD Tier 2,Urban,WUI,Circuit miles,exact,13.2894261363636,,,SDG&E,2024,2,v3.2,1,2,SDGE_2024_Q2_Tables1-15_R1.xlsx,Table 7,70,I70,https://efiling.energysafety.ca.gov/eFiling/Getfile.aspx?fileid=56226&shareable=true
T7R-7dd21ef1a01a2079,1070000061,2.t.2.a.ii,exact_dimensions_and_unit,2. Underground circuit miles,Transmission,HFTD Tier 2,Urban,Non-WUI,Circuit miles,exact,1.37191287878787,,,SDG&E,2024,2,v3.2,1,2,SDGE_2024_Q2_Tables1-15_R1.xlsx,Table 7,71,I71,https://efiling.energysafety.ca.gov/eFiling/Getfile.aspx?fileid=56226&shareable=true
T7R-c4e801e0c0f1e2a1,1070000062,2.t.2.b.i,exact_dimensions_and_unit,2. Underground circuit miles,Transmission,HFTD Tier 2,Rural,WUI,Circuit miles,exact,12.6990662878787,,,SDG&E,2024,2,v3.2,1,2,SDGE_2024_Q2_Tables1-15_R1.xlsx,Table 7,72,I72,https://efiling.energysafety.ca.gov/eFiling/Getfile.aspx?fileid=56226&shareable=true
T7R-41eae667990ea9ec,1070000063,2.t.2.b.ii,exact_dimensions_and_unit,2. Underground circuit miles,Transmission,HFTD Tier 2,Rural,Non-WUI,Circuit miles,exact,8.58216856060606,,,SDG&E,2024,2,v3.2,1,2,SDGE_2024_Q2_Tables1-15_R1.xlsx,Table 7,73,I73,https://efiling.energysafety.ca.gov/eFiling/Getfile.aspx?fileid=56226&shareable=true
T7R-c51f13c926e423dc,1070000064,2.t.2.c.i,exact_dimensions_and_unit,2. Underground circuit miles,Transmission,HFTD Tier 2,Highly rural,WUI,Circuit miles,exact,0,,,SDG&E,2024,2,v3.2,1,2,SDGE_2024_Q2_Tables1-15_R1.xlsx,Table 7,74,I74,https://efiling.energysafety.ca.gov/eFiling/Getfile.aspx?fileid=56226&shareable=true
T7R-3f88fe887ab69f69,1070000065,2.t.2.c.ii,exact_dimensions_and_unit,2. Underground circuit miles,Transmission,HFTD Tier 2,Highly rural,Non-WUI,Circuit miles,exact,0,,,SDG&E,2024,2,v3.2,1,2,SDGE_2024_Q2_Tables1-15_R1.xlsx,Table 7,75,I75,https://efiling.energysafety.ca.gov/eFiling/Getfile.aspx?fileid=56226&shareable=true
T7R-48866d5b01316554,1070000066,2.t.3.a.i,exact_dimensions_and_unit,2. Underground circuit miles,Transmission,HFTD Tier 3,Urban,WUI,Circuit miles,exact,0.935263257575757,,,SDG&E,2024,2,v3.2,1,2,SDGE_2024_Q2_Tables1-15_R1.xlsx,Table 7,76,I76,https://efiling.energysafety.ca.gov/eFiling/Getfile.aspx?fileid=56226&shareable=true
T7R-63c78614bd9d93af,1070000067,2.t.3.a.ii,exact_dimensions_and_unit,2. Underground circuit miles,Transmission,HFTD Tier 3,Urban,Non-WUI,Circuit miles,exact,0,,,SDG&E,2024,2,v3.2,1,2,SDGE_2024_Q2_Tables1-15_R1.xlsx,Table 7,77,I77,https://efiling.energysafety.ca.gov/eFiling/Getfile.aspx?fileid=56226&shareable=true
T7R-e2fa65d994b15038,1070000068,2.t.3.b.i,exact_dimensions_and_unit,2. Underground circuit miles,Transmission,HFTD Tier 3,Rural,WUI,Circuit miles,exact,4.45823295454545,,,SDG&E,2024,2,v3.2,1,2,SDGE_2024_Q2_Tables1-15_R1.xlsx,Table 7,78,I78,https://efiling.energysafety.ca.gov/eFiling/Getfile.aspx?fileid=56226&shareable=true
T7R-02ee851735497bc8,1070000069,2.t.3.b.ii,exact_dimensions_and_unit,2. Underground circuit miles,Transmission,HFTD Tier 3,Rural,Non-WUI,Circuit miles,exact,2.15014204545454,,,SDG&E,2024,2,v3.2,1,2,SDGE_2024_Q2_Tables1-15_R1.xlsx,Table 7,79,I79,https://efiling.energysafety.ca.gov/eFiling/Getfile.aspx?fileid=56226&shareable=true
T7R-05fc57adda0fca46,1070000070,2.t.3.c.i,exact_dimensions_and_unit,2. Underground circuit miles,Transmission,HFTD Tier 3,Highly rural,WUI,Circuit miles,exact,0,,,SDG&E,2024,2,v3.2,1,2,SDGE_2024_Q2_Tables1-15_R1.xlsx,Table 7,80,I80,https://efiling.energysafety.ca.gov/eFiling/Getfile.aspx?fileid=56226&shareable=true
T7R-b71170279db30ac9,1070000071,2.t.3.c.ii,exact_dimensions_and_unit,2. Underground circuit miles,Transmission,HFTD Tier 3,Highly rural,Non-WUI,Circuit miles,exact,0,,,SDG&E,2024,2,v3.2,1,2,SDGE_2024_Q2_Tables1-15_R1.xlsx,Table 7,81,I81,https://efiling.energysafety.ca.gov/eFiling/Getfile.aspx?fileid=56226&shareable=true
T7R-a2c7e23b35b9a590,1070000072,3.0.a.i,normalized_legacy_na_to_null,3. Critical facilities,,Non-HFTD,Urban,WUI,Number of critical facilities,exact,3013,,,SDG&E,2024,2,v3.2,1,2,SDGE_2024_Q2_Tables1-15_R1.xlsx,Table 7,82,I82,https://efiling.energysafety.ca.gov/eFiling/Getfile.aspx?fileid=56226&shareable=true
T7R-43af7580934a959f,1070000073,3.0.a.ii,normalized_legacy_na_to_null,3. Critical facilities,,Non-HFTD,Urban,Non-WUI,Number of critical facilities,exact,15160,,,SDG&E,2024,2,v3.2,1,2,SDGE_2024_Q2_Tables1-15_R1.xlsx,Table 7,83,I83,https://efiling.energysafety.ca.gov/eFiling/Getfile.aspx?fileid=56226&shareable=true
T7R-6aa8cceba63dc929,1070000074,3.0.b.i,normalized_legacy_na_to_null,3. Critical facilities,,Non-HFTD,Rural,WUI,Number of critical facilities,exact,704,,,SDG&E,2024,2,v3.2,1,2,SDGE_2024_Q2_Tables1-15_R1.xlsx,Table 7,84,I84,https://efiling.energysafety.ca.gov/eFiling/Getfile.aspx?fileid=56226&shareable=true
T7R-52570fdb3d276d9a,1070000075,3.0.b.ii,normalized_legacy_na_to_null,3. Critical facilities,,Non-HFTD,Rural,Non-WUI,Number of critical facilities,exact,2478,,,SDG&E,2024,2,v3.2,1,2,SDGE_2024_Q2_Tables1-15_R1.xlsx,Table 7,85,I85,https://efiling.energysafety.ca.gov/eFiling/Getfile.aspx?fileid=56226&shareable=true
T7R-cf1607b939ed1093,1070000076,3.0.c.i,normalized_legacy_na_to_null,3. Critical facilities,,Non-HFTD,Highly rural,WUI,Number of critical facilities,exact,3,,,SDG&E,2024,2,v3.2,1,2,SDGE_2024_Q2_Tables1-15_R1.xlsx,Table 7,86,I86,https://efiling.energysafety.ca.gov/eFiling/Getfile.aspx?fileid=56226&shareable=true
T7R-132d056f00365c29,1070000077,3.0.c.ii,normalized_legacy_na_to_null,3. Critical facilities,,Non-HFTD,Highly rural,Non-WUI,Number of critical facilities,exact,138,,,SDG&E,2024,2,v3.2,1,2,SDGE_2024_Q2_Tables1-15_R1.xlsx,Table 7,87,I87,https://efiling.energysafety.ca.gov/eFiling/Getfile.aspx?fileid=56226&shareable=true
T7R-d3ef111add13b932,1070000078,3.2.a.i,normalized_legacy_na_to_null,3. Critical facilities,,HFTD Tier 2,Urban,WUI,Number of critical facilities,exact,853,,,SDG&E,2024,2,v3.2,1,2,SDGE_2024_Q2_Tables1-15_R1.xlsx,Table 7,88,I88,https://efiling.energysafety.ca.gov/eFiling/Getfile.aspx?fileid=56226&shareable=true
T7R-ed6b958d4b20ee81,1070000079,3.2.a.ii,normalized_legacy_na_to_null,3. Critical facilities,,HFTD Tier 2,Urban,Non-WUI,Number of critical facilities,exact,344,,,SDG&E,2024,2,v3.2,1,2,SDGE_2024_Q2_Tables1-15_R1.xlsx,Table 7,89,I89,https://efiling.energysafety.ca.gov/eFiling/Getfile.aspx?fileid=56226&shareable=true
T7R-b340a0f7277d42b8,1070000080,3.2.b.i,normalized_legacy_na_to_null,3. Critical facilities,,HFTD Tier 2,Rural,WUI,Number of critical facilities,exact,1029,,,SDG&E,2024,2,v3.2,1,2,SDGE_2024_Q2_Tables1-15_R1.xlsx,Table 7,90,I90,https://efiling.energysafety.ca.gov/eFiling/Getfile.aspx?fileid=56226&shareable=true
T7R-19d3ab29fedfa5b2,1070000081,3.2.b.ii,normalized_legacy_na_to_null,3. Critical facilities,,HFTD Tier 2,Rural,Non-WUI,Number of critical facilities,exact,958,,,SDG&E,2024,2,v3.2,1,2,SDGE_2024_Q2_Tables1-15_R1.xlsx,Table 7,91,I91,https://efiling.energysafety.ca.gov/eFiling/Getfile.aspx?fileid=56226&shareable=true
T7R-a9b566544529fbda,1070000082,3.2.c.i,normalized_legacy_na_to_null,3. Critical facilities,,HFTD Tier 2,Highly rural,WUI,Number of critical facilities,exact,15,,,SDG&E,2024,2,v3.2,1,2,SDGE_2024_Q2_Tables1-15_R1.xlsx,Table 7,92,I92,https://efiling.energysafety.ca.gov/eFiling/Getfile.aspx?fileid=56226&shareable=true
T7R-a0892edbbccf100e,1070000083,3.2.c.ii,normalized_legacy_na_to_null,3. Critical facilities,,HFTD Tier 2,Highly rural,Non-WUI,Number of critical facilities,exact,81,,,SDG&E,2024,2,v3.2,1,2,SDGE_2024_Q2_Tables1-15_R1.xlsx,Table 7,93,I93,https://efiling.energysafety.ca.gov/eFiling/Getfile.aspx?fileid=56226&shareable=true
T7R-b6873b48bd8a3141,1070000084,3.3.a.i,normalized_legacy_na_to_null,3. Critical facilities,,HFTD Tier 3,Urban,WUI,Number of critical facilities,exact,4,,,SDG&E,2024,2,v3.2,1,2,SDGE_2024_Q2_Tables1-15_R1.xlsx,Table 7,94,I94,https://efiling.energysafety.ca.gov/eFiling/Getfile.aspx?fileid=56226&shareable=true
T7R-c472b553dc1b03c9,1070000085,3.3.a.ii,normalized_legacy_na_to_null,3. Critical facilities,,HFTD Tier 3,Urban,Non-WUI,Number of critical facilities,exact,0,,,SDG&E,2024,2,v3.2,1,2,SDGE_2024_Q2_Tables1-15_R1.xlsx,Table 7,95,I95,https://efiling.energysafety.ca.gov/eFiling/Getfile.aspx?fileid=56226&shareable=true
T7R-6a6b6099e8f218e5,1070000086,3.3.b.i,normalized_legacy_na_to_null,3. Critical facilities,,HFTD Tier 3,Rural,WUI,Number of critical facilities,exact,523,,,SDG&E,2024,2,v3.2,1,2,SDGE_2024_Q2_Tables1-15_R1.xlsx,Table 7,96,I96,https://efiling.energysafety.ca.gov/eFiling/Getfile.aspx?fileid=56226&shareable=true
T7R-af913d0f0645bed1,1070000087,3.3.b.ii,normalized_legacy_na_to_null,3. Critical facilities,,HFTD Tier 3,Rural,Non-WUI,Number of critical facilities,exact,794,,,SDG&E,2024,2,v3.2,1,2,SDGE_2024_Q2_Tables1-15_R1.xlsx,Table 7,97,I97,https://efiling.energysafety.ca.gov/eFiling/Getfile.aspx?fileid=56226&shareable=true
T7R-34449d5e7f84e16e,1070000088,3.3.c.i,normalized_legacy_na_to_null,3. Critical facilities,,HFTD Tier 3,Highly rural,WUI,Number of critical facilities,exact,44,,,SDG&E,2024,2,v3.2,1,2,SDGE_2024_Q2_Tables1-15_R1.xlsx,Table 7,98,I98,https://efiling.energysafety.ca.gov/eFiling/Getfile.aspx?fileid=56226&shareable=true
T7R-8459ccd328a3d666,1070000089,3.3.c.ii,normalized_legacy_na_to_null,3. Critical facilities,,HFTD Tier 3,Highly rural,Non-WUI,Number of critical facilities,exact,84,,,SDG&E,2024,2,v3.2,1,2,SDGE_2024_Q2_Tables1-15_R1.xlsx,Table 7,99,I99,https://efiling.energysafety.ca.gov/eFiling/Getfile.aspx?fileid=56226&shareable=true
T7R-4c88ed43971c2854,1070000090,4.0.a.i,normalized_legacy_na_to_null,4. Residential customers,,Non-HFTD,Urban,WUI,Number of residential customers,exact,203442,,,SDG&E,2024,2,v3.2,1,2,SDGE_2024_Q2_Tables1-15_R1.xlsx,Table 7,100,I100,https://efiling.energysafety.ca.gov/eFiling/Getfile.aspx?fileid=56226&shareable=true
T7R-cb274c331b4af7a6,1070000091,4.0.a.ii,normalized_legacy_na_to_null,4. Residential customers,,Non-HFTD,Urban,Non-WUI,Number of residential customers,exact,890505,,,SDG&E,2024,2,v3.2,1,2,SDGE_2024_Q2_Tables1-15_R1.xlsx,Table 7,101,I101,https://efiling.energysafety.ca.gov/eFiling/Getfile.aspx?fileid=56226&shareable=true
T7R-4c6ca869a6668042,1070000092,4.0.b.i,normalized_legacy_na_to_null,4. Residential customers,,Non-HFTD,Rural,WUI,Number of residential customers,exact,37114,,,SDG&E,2024,2,v3.2,1,2,SDGE_2024_Q2_Tables1-15_R1.xlsx,Table 7,102,I102,https://efiling.energysafety.ca.gov/eFiling/Getfile.aspx?fileid=56226&shareable=true
T7R-a3881b1869eac1ef,1070000093,4.0.b.ii,normalized_legacy_na_to_null,4. Residential customers,,Non-HFTD,Rural,Non-WUI,Number of residential customers,exact,39624,,,SDG&E,2024,2,v3.2,1,2,SDGE_2024_Q2_Tables1-15_R1.xlsx,Table 7,103,I103,https://efiling.energysafety.ca.gov/eFiling/Getfile.aspx?fileid=56226&shareable=true
T7R-8dc937631554916a,1070000094,4.0.c.i,normalized_legacy_na_to_null,4. Residential customers,,Non-HFTD,Highly rural,WUI,Number of residential customers,exact,1000,,,SDG&E,2024,2,v3.2,1,2,SDGE_2024_Q2_Tables1-15_R1.xlsx,Table 7,104,I104,https://efiling.energysafety.ca.gov/eFiling/Getfile.aspx?fileid=56226&shareable=true
T7R-d5b5de7a9510e4ea,1070000095,4.0.c.ii,normalized_legacy_na_to_null,4. Residential customers,,Non-HFTD,Highly rural,Non-WUI,Number of residential customers,exact,1672,,,SDG&E,2024,2,v3.2,1,2,SDGE_2024_Q2_Tables1-15_R1.xlsx,Table 7,105,I105,https://efiling.energysafety.ca.gov/eFiling/Getfile.aspx?fileid=56226&shareable=true
T7R-c87fa926e39b6180,1070000096,4.2.a.i,normalized_legacy_na_to_null,4. Residential customers,,HFTD Tier 2,Urban,WUI,Number of residential customers,exact,67066,,,SDG&E,2024,2,v3.2,1,2,SDGE_2024_Q2_Tables1-15_R1.xlsx,Table 7,106,I106,https://efiling.energysafety.ca.gov/eFiling/Getfile.aspx?fileid=56226&shareable=true
T7R-27c1ff3be244ac30,1070000097,4.2.a.ii,normalized_legacy_na_to_null,4. Residential customers,,HFTD Tier 2,Urban,Non-WUI,Number of residential customers,exact,17273,,,SDG&E,2024,2,v3.2,1,2,SDGE_2024_Q2_Tables1-15_R1.xlsx,Table 7,107,I107,https://efiling.energysafety.ca.gov/eFiling/Getfile.aspx?fileid=56226&shareable=true
T7R-fa9181dcfe811fbe,1070000098,4.2.b.i,normalized_legacy_na_to_null,4. Residential customers,,HFTD Tier 2,Rural,WUI,Number of residential customers,exact,58161,,,SDG&E,2024,2,v3.2,1,2,SDGE_2024_Q2_Tables1-15_R1.xlsx,Table 7,108,I108,https://efiling.energysafety.ca.gov/eFiling/Getfile.aspx?fileid=56226&shareable=true
T7R-c78997aed0bfbdf4,1070000099,4.2.b.ii,normalized_legacy_na_to_null,4. Residential customers,,HFTD Tier 2,Rural,Non-WUI,Number of residential customers,exact,22397,,,SDG&E,2024,2,v3.2,1,2,SDGE_2024_Q2_Tables1-15_R1.xlsx,Table 7,109,I109,https://efiling.energysafety.ca.gov/eFiling/Getfile.aspx?fileid=56226&shareable=true
T7R-02aa4feb9a4f1bf0,1070000100,4.2.c.i,normalized_legacy_na_to_null,4. Residential customers,,HFTD Tier 2,Highly rural,WUI,Number of residential customers,exact,261,,,SDG&E,2024,2,v3.2,1,2,SDGE_2024_Q2_Tables1-15_R1.xlsx,Table 7,110,I110,https://efiling.energysafety.ca.gov/eFiling/Getfile.aspx?fileid=56226&shareable=true
T7R-cc6aaf64282cf0bb,1070000101,4.2.c.ii,normalized_legacy_na_to_null,4. Residential customers,,HFTD Tier 2,Highly rural,Non-WUI,Number of residential customers,exact,480,,,SDG&E,2024,2,v3.2,1,2,SDGE_2024_Q2_Tables1-15_R1.xlsx,Table 7,111,I111,https://efiling.energysafety.ca.gov/eFiling/Getfile.aspx?fileid=56226&shareable=true
T7R-68281db0547474b8,1070000102,4.3.a.i,normalized_legacy_na_to_null,4. Residential customers,,HFTD Tier 3,Urban,WUI,Number of residential customers,exact,101,,,SDG&E,2024,2,v3.2,1,2,SDGE_2024_Q2_Tables1-15_R1.xlsx,Table 7,112,I112,https://efiling.energysafety.ca.gov/eFiling/Getfile.aspx?fileid=56226&shareable=true
T7R-339bbe01305cc9cf,1070000103,4.3.a.ii,normalized_legacy_na_to_null,4. Residential customers,,HFTD Tier 3,Urban,Non-WUI,Number of residential customers,exact,3,,,SDG&E,2024,2,v3.2,1,2,SDGE_2024_Q2_Tables1-15_R1.xlsx,Table 7,113,I113,https://efiling.energysafety.ca.gov/eFiling/Getfile.aspx?fileid=56226&shareable=true
T7R-45a6f51436bfe77f,1070000104,4.3.b.i,normalized_legacy_na_to_null,4. Residential customers,,HFTD Tier 3,Rural,WUI,Number of residential customers,exact,18422,,,SDG&E,2024,2,v3.2,1,2,SDGE_2024_Q2_Tables1-15_R1.xlsx,Table 7,114,I114,https://efiling.energysafety.ca.gov/eFiling/Getfile.aspx?fileid=56226&shareable=true
T7R-4130797df409720d,1070000105,4.3.b.ii,normalized_legacy_na_to_null,4. Residential customers,,HFTD Tier 3,Rural,Non-WUI,Number of residential customers,exact,7971,,,SDG&E,2024,2,v3.2,1,2,SDGE_2024_Q2_Tables1-15_R1.xlsx,Table 7,115,I115,https://efiling.energysafety.ca.gov/eFiling/Getfile.aspx?fileid=56226&shareable=true
T7R-df0daac1124c2ebb,1070000106,4.3.c.i,normalized_legacy_na_to_null,4. Residential customers,,HFTD Tier 3,Highly rural,WUI,Number of residential customers,exact,920,,,SDG&E,2024,2,v3.2,1,2,SDGE_2024_Q2_Tables1-15_R1.xlsx,Table 7,116,I116,https://efiling.energysafety.ca.gov/eFiling/Getfile.aspx?fileid=56226&shareable=true
T7R-14af5fafde9e2b5e,1070000107,4.3.c.ii,normalized_legacy_na_to_null,4. Residential customers,,HFTD Tier 3,Highly rural,Non-WUI,Number of residential customers,exact,872,,,SDG&E,2024,2,v3.2,1,2,SDGE_2024_Q2_Tables1-15_R1.xlsx,Table 7,117,I117,https://efiling.energysafety.ca.gov/eFiling/Getfile.aspx?fileid=56226&shareable=true
T7R-19d105ee8f61bbee,1070000108,5.0.a.i,normalized_legacy_na_to_null,5. Commercial customers,,Non-HFTD,Urban,WUI,Number of commercial customers,exact,14589,,,SDG&E,2024,2,v3.2,1,2,SDGE_2024_Q2_Tables1-15_R1.xlsx,Table 7,118,I118,https://efiling.energysafety.ca.gov/eFiling/Getfile.aspx?fileid=56226&shareable=true
T7R-c7214ebcf839595b,1070000109,5.0.a.ii,normalized_legacy_na_to_null,5. Commercial customers,,Non-HFTD,Urban,Non-WUI,Number of commercial customers,exact,93652,,,SDG&E,2024,2,v3.2,1,2,SDGE_2024_Q2_Tables1-15_R1.xlsx,Table 7,119,I119,https://efiling.energysafety.ca.gov/eFiling/Getfile.aspx?fileid=56226&shareable=true
T7R-53482cab0854d696,1070000110,5.0.b.i,normalized_legacy_na_to_null,5. Commercial customers,,Non-HFTD,Rural,WUI,Number of commercial customers,exact,4573,,,SDG&E,2024,2,v3.2,1,2,SDGE_2024_Q2_Tables1-15_R1.xlsx,Table 7,120,I120,https://efiling.energysafety.ca.gov/eFiling/Getfile.aspx?fileid=56226&shareable=true
T7R-8874b6b82494eb54,1070000111,5.0.b.ii,normalized_legacy_na_to_null,5. Commercial customers,,Non-HFTD,Rural,Non-WUI,Number of commercial customers,exact,24734,,,SDG&E,2024,2,v3.2,1,2,SDGE_2024_Q2_Tables1-15_R1.xlsx,Table 7,121,I121,https://efiling.energysafety.ca.gov/eFiling/Getfile.aspx?fileid=56226&shareable=true
T7R-9daaae4c251375c9,1070000112,5.0.c.i,normalized_legacy_na_to_null,5. Commercial customers,,Non-HFTD,Highly rural,WUI,Number of commercial customers,exact,101,,,SDG&E,2024,2,v3.2,1,2,SDGE_2024_Q2_Tables1-15_R1.xlsx,Table 7,122,I122,https://efiling.energysafety.ca.gov/eFiling/Getfile.aspx?fileid=56226&shareable=true
T7R-e4be49bc8b899461,1070000113,5.0.c.ii,normalized_legacy_na_to_null,5. Commercial customers,,Non-HFTD,Highly rural,Non-WUI,Number of commercial customers,exact,522,,,SDG&E,2024,2,v3.2,1,2,SDGE_2024_Q2_Tables1-15_R1.xlsx,Table 7,123,I123,https://efiling.energysafety.ca.gov/eFiling/Getfile.aspx?fileid=56226&shareable=true
T7R-e7568cd416126826,1070000114,5.2.a.i,normalized_legacy_na_to_null,5. Commercial customers,,HFTD Tier 2,Urban,WUI,Number of commercial customers,exact,4305,,,SDG&E,2024,2,v3.2,1,2,SDGE_2024_Q2_Tables1-15_R1.xlsx,Table 7,124,I124,https://efiling.energysafety.ca.gov/eFiling/Getfile.aspx?fileid=56226&shareable=true
T7R-89137e8181603973,1070000115,5.2.a.ii,normalized_legacy_na_to_null,5. Commercial customers,,HFTD Tier 2,Urban,Non-WUI,Number of commercial customers,exact,2440,,,SDG&E,2024,2,v3.2,1,2,SDGE_2024_Q2_Tables1-15_R1.xlsx,Table 7,125,I125,https://efiling.energysafety.ca.gov/eFiling/Getfile.aspx?fileid=56226&shareable=true
T7R-c3173965bae3464a,1070000116,5.2.b.i,normalized_legacy_na_to_null,5. Commercial customers,,HFTD Tier 2,Rural,WUI,Number of commercial customers,exact,4990,,,SDG&E,2024,2,v3.2,1,2,SDGE_2024_Q2_Tables1-15_R1.xlsx,Table 7,126,I126,https://efiling.energysafety.ca.gov/eFiling/Getfile.aspx?fileid=56226&shareable=true
T7R-3806873a6a50a885,1070000117,5.2.b.ii,normalized_legacy_na_to_null,5. Commercial customers,,HFTD Tier 2,Rural,Non-WUI,Number of commercial customers,exact,4172,,,SDG&E,2024,2,v3.2,1,2,SDGE_2024_Q2_Tables1-15_R1.xlsx,Table 7,127,I127,https://efiling.energysafety.ca.gov/eFiling/Getfile.aspx?fileid=56226&shareable=true
T7R-ffb2464e0579c640,1070000118,5.2.c.i,normalized_legacy_na_to_null,5. Commercial customers,,HFTD Tier 2,Highly rural,WUI,Number of commercial customers,exact,39,,,SDG&E,2024,2,v3.2,1,2,SDGE_2024_Q2_Tables1-15_R1.xlsx,Table 7,128,I128,https://efiling.energysafety.ca.gov/eFiling/Getfile.aspx?fileid=56226&shareable=true
T7R-2c233af831903ad6,1070000119,5.2.c.ii,normalized_legacy_na_to_null,5. Commercial customers,,HFTD Tier 2,Highly rural,Non-WUI,Number of commercial customers,exact,217,,,SDG&E,2024,2,v3.2,1,2,SDGE_2024_Q2_Tables1-15_R1.xlsx,Table 7,129,I129,https://efiling.energysafety.ca.gov/eFiling/Getfile.aspx?fileid=56226&shareable=true
T7R-c25cb7796ed43291,1070000120,5.3.a.i,normalized_legacy_na_to_null,5. Commercial customers,,HFTD Tier 3,Urban,WUI,Number of commercial customers,exact,16,,,SDG&E,2024,2,v3.2,1,2,SDGE_2024_Q2_Tables1-15_R1.xlsx,Table 7,130,I130,https://efiling.energysafety.ca.gov/eFiling/Getfile.aspx?fileid=56226&shareable=true
T7R-3f3c6d0794bc8fa3,1070000121,5.3.a.ii,normalized_legacy_na_to_null,5. Commercial customers,,HFTD Tier 3,Urban,Non-WUI,Number of commercial customers,exact,0,,,SDG&E,2024,2,v3.2,1,2,SDGE_2024_Q2_Tables1-15_R1.xlsx,Table 7,131,I131,https://efiling.energysafety.ca.gov/eFiling/Getfile.aspx?fileid=56226&shareable=true
T7R-002fe716bd80d85f,1070000122,5.3.b.i,normalized_legacy_na_to_null,5. Commercial customers,,HFTD Tier 3,Rural,WUI,Number of commercial customers,exact,2298,,,SDG&E,2024,2,v3.2,1,2,SDGE_2024_Q2_Tables1-15_R1.xlsx,Table 7,132,I132,https://efiling.energysafety.ca.gov/eFiling/Getfile.aspx?fileid=56226&shareable=true
T7R-0fb73c84e0c8966c,1070000123,5.3.b.ii,normalized_legacy_na_to_null,5. Commercial customers,,HFTD Tier 3,Rural,Non-WUI,Number of commercial customers,exact,2545,,,SDG&E,2024,2,v3.2,1,2,SDGE_2024_Q2_Tables1-15_R1.xlsx,Table 7,133,I133,https://efiling.energysafety.ca.gov/eFiling/Getfile.aspx?fileid=56226&shareable=true
T7R-9700422570b73595,1070000124,5.3.c.i,normalized_legacy_na_to_null,5. Commercial customers,,HFTD Tier 3,Highly rural,WUI,Number of commercial customers,exact,149,,,SDG&E,2024,2,v3.2,1,2,SDGE_2024_Q2_Tables1-15_R1.xlsx,Table 7,134,I134,https://efiling.energysafety.ca.gov/eFiling/Getfile.aspx?fileid=56226&shareable=true
T7R-970d0305b3802962,1070000125,5.3.c.ii,normalized_legacy_na_to_null,5. Commercial customers,,HFTD Tier 3,Highly rural,Non-WUI,Number of commercial customers,exact,375,,,SDG&E,2024,2,v3.2,1,2,SDGE_2024_Q2_Tables1-15_R1.xlsx,Table 7,135,I135,https://efiling.energysafety.ca.gov/eFiling/Getfile.aspx?fileid=56226&shareable=true
T7R-3e14580eb300e61e,1070000126,6.0.a.i,normalized_legacy_na_to_null,6. AFN customers,,Non-HFTD,Urban,WUI,Number of customers belonging to access and functional needs populations,exact,46115,,,SDG&E,2024,2,v3.2,1,2,SDGE_2024_Q2_Tables1-15_R1.xlsx,Table 7,136,I136,https://efiling.energysafety.ca.gov/eFiling/Getfile.aspx?fileid=56226&shareable=true
T7R-3bf81acca167f6f9,1070000127,6.0.a.ii,normalized_legacy_na_to_null,6. AFN customers,,Non-HFTD,Urban,Non-WUI,Number of customers belonging to access and functional needs populations,exact,309411,,,SDG&E,2024,2,v3.2,1,2,SDGE_2024_Q2_Tables1-15_R1.xlsx,Table 7,137,I137,https://efiling.energysafety.ca.gov/eFiling/Getfile.aspx?fileid=56226&shareable=true
T7R-6e0b07d37cf3dbff,1070000128,6.0.b.i,normalized_legacy_na_to_null,6. AFN customers,,Non-HFTD,Rural,WUI,Number of customers belonging to access and functional needs populations,exact,7936,,,SDG&E,2024,2,v3.2,1,2,SDGE_2024_Q2_Tables1-15_R1.xlsx,Table 7,138,I138,https://efiling.energysafety.ca.gov/eFiling/Getfile.aspx?fileid=56226&shareable=true
T7R-410fcd94969f255c,1070000129,6.0.b.ii,normalized_legacy_na_to_null,6. AFN customers,,Non-HFTD,Rural,Non-WUI,Number of customers belonging to access and functional needs populations,exact,9379,,,SDG&E,2024,2,v3.2,1,2,SDGE_2024_Q2_Tables1-15_R1.xlsx,Table 7,139,I139,https://efiling.energysafety.ca.gov/eFiling/Getfile.aspx?fileid=56226&shareable=true
T7R-9f150c7dadaf9d40,1070000130,6.0.c.i,normalized_legacy_na_to_null,6. AFN customers,,Non-HFTD,Highly rural,WUI,Number of customers belonging to access and functional needs populations,exact,298,,,SDG&E,2024,2,v3.2,1,2,SDGE_2024_Q2_Tables1-15_R1.xlsx,Table 7,140,I140,https://efiling.energysafety.ca.gov/eFiling/Getfile.aspx?fileid=56226&shareable=true
T7R-f7d8033d70310fa5,1070000131,6.0.c.ii,normalized_legacy_na_to_null,6. AFN customers,,Non-HFTD,Highly rural,Non-WUI,Number of customers belonging to access and functional needs populations,exact,430,,,SDG&E,2024,2,v3.2,1,2,SDGE_2024_Q2_Tables1-15_R1.xlsx,Table 7,141,I141,https://efiling.energysafety.ca.gov/eFiling/Getfile.aspx?fileid=56226&shareable=true
T7R-cf7ac2cce708cfd9,1070000132,6.2.a.i,normalized_legacy_na_to_null,6. AFN customers,,HFTD Tier 2,Urban,WUI,Number of customers belonging to access and functional needs populations,exact,14566,,,SDG&E,2024,2,v3.2,1,2,SDGE_2024_Q2_Tables1-15_R1.xlsx,Table 7,142,I142,https://efiling.energysafety.ca.gov/eFiling/Getfile.aspx?fileid=56226&shareable=true
T7R-8af8a90d44d8678f,1070000133,6.2.a.ii,normalized_legacy_na_to_null,6. AFN customers,,HFTD Tier 2,Urban,Non-WUI,Number of customers belonging to access and functional needs populations,exact,5261,,,SDG&E,2024,2,v3.2,1,2,SDGE_2024_Q2_Tables1-15_R1.xlsx,Table 7,143,I143,https://efiling.energysafety.ca.gov/eFiling/Getfile.aspx?fileid=56226&shareable=true
T7R-2ee3c9d935e4e7ab,1070000134,6.2.b.i,normalized_legacy_na_to_null,6. AFN customers,,HFTD Tier 2,Rural,WUI,Number of customers belonging to access and functional needs populations,exact,11765,,,SDG&E,2024,2,v3.2,1,2,SDGE_2024_Q2_Tables1-15_R1.xlsx,Table 7,144,I144,https://efiling.energysafety.ca.gov/eFiling/Getfile.aspx?fileid=56226&shareable=true
T7R-96a92b6a33f1bad9,1070000135,6.2.b.ii,normalized_legacy_na_to_null,6. AFN customers,,HFTD Tier 2,Rural,Non-WUI,Number of customers belonging to access and functional needs populations,exact,4777,,,SDG&E,2024,2,v3.2,1,2,SDGE_2024_Q2_Tables1-15_R1.xlsx,Table 7,145,I145,https://efiling.energysafety.ca.gov/eFiling/Getfile.aspx?fileid=56226&shareable=true
T7R-8be58e6e5fcfa406,1070000136,6.2.c.i,normalized_legacy_na_to_null,6. AFN customers,,HFTD Tier 2,Highly rural,WUI,Number of customers belonging to access and functional needs populations,exact,96,,,SDG&E,2024,2,v3.2,1,2,SDGE_2024_Q2_Tables1-15_R1.xlsx,Table 7,146,I146,https://efiling.energysafety.ca.gov/eFiling/Getfile.aspx?fileid=56226&shareable=true
T7R-b6193788823cee95,1070000137,6.2.c.ii,normalized_legacy_na_to_null,6. AFN customers,,HFTD Tier 2,Highly rural,Non-WUI,Number of customers belonging to access and functional needs populations,exact,159,,,SDG&E,2024,2,v3.2,1,2,SDGE_2024_Q2_Tables1-15_R1.xlsx,Table 7,147,I147,https://efiling.energysafety.ca.gov/eFiling/Getfile.aspx?fileid=56226&shareable=true
T7R-1946b8f9d5e36f6f,1070000138,6.3.a.i,normalized_legacy_na_to_null,6. AFN customers,,HFTD Tier 3,Urban,WUI,Number of customers belonging to access and functional needs populations,exact,28,,,SDG&E,2024,2,v3.2,1,2,SDGE_2024_Q2_Tables1-15_R1.xlsx,Table 7,148,I148,https://efiling.energysafety.ca.gov/eFiling/Getfile.aspx?fileid=56226&shareable=true
T7R-2129f1cb891510d1,1070000139,6.3.a.ii,normalized_legacy_na_to_null,6. AFN customers,,HFTD Tier 3,Urban,Non-WUI,Number of customers belonging to access and functional needs populations,exact,1,,,SDG&E,2024,2,v3.2,1,2,SDGE_2024_Q2_Tables1-15_R1.xlsx,Table 7,149,I149,https://efiling.energysafety.ca.gov/eFiling/Getfile.aspx?fileid=56226&shareable=true
T7R-561c681b0d82f231,1070000140,6.3.b.i,normalized_legacy_na_to_null,6. AFN customers,,HFTD Tier 3,Rural,WUI,Number of customers belonging to access and functional needs populations,exact,5457,,,SDG&E,2024,2,v3.2,1,2,SDGE_2024_Q2_Tables1-15_R1.xlsx,Table 7,150,I150,https://efiling.energysafety.ca.gov/eFiling/Getfile.aspx?fileid=56226&shareable=true
T7R-494b5c35a9cb1842,1070000141,6.3.b.ii,normalized_legacy_na_to_null,6. AFN customers,,HFTD Tier 3,Rural,Non-WUI,Number of customers belonging to access and functional needs populations,exact,2071,,,SDG&E,2024,2,v3.2,1,2,SDGE_2024_Q2_Tables1-15_R1.xlsx,Table 7,151,I151,https://efiling.energysafety.ca.gov/eFiling/Getfile.aspx?fileid=56226&shareable=true
T7R-74efdca713719f30,1070000142,6.3.c.i,normalized_legacy_na_to_null,6. AFN customers,,HFTD Tier 3,Highly rural,WUI,Number of customers belonging to access and functional needs populations,exact,256,,,SDG&E,2024,2,v3.2,1,2,SDGE_2024_Q2_Tables1-15_R1.xlsx,Table 7,152,I152,https://efiling.energysafety.ca.gov/eFiling/Getfile.aspx?fileid=56226&shareable=true
T7R-a5e863ee8d1a3365,1070000143,6.3.c.ii,normalized_legacy_na_to_null,6. AFN customers,,HFTD Tier 3,Highly rural,Non-WUI,Number of customers belonging to access and functional needs populations,exact,199,,,SDG&E,2024,2,v3.2,1,2,SDGE_2024_Q2_Tables1-15_R1.xlsx,Table 7,153,I153,https://efiling.energysafety.ca.gov/eFiling/Getfile.aspx?fileid=56226&shareable=true
T7R-a9175e79aac2c247,1070000144,7.0.a.i,normalized_legacy_na_to_null,7. Substations,,Non-HFTD,Urban,WUI,Number of substations,exact,12,,,SDG&E,2024,2,v3.2,1,2,SDGE_2024_Q2_Tables1-15_R1.xlsx,Table 7,154,I154,https://efiling.energysafety.ca.gov/eFiling/Getfile.aspx?fileid=56226&shareable=true
T7R-748819d74ff7570e,1070000145,7.0.a.ii,normalized_legacy_na_to_null,7. Substations,,Non-HFTD,Urban,Non-WUI,Number of substations,exact,66,,,SDG&E,2024,2,v3.2,1,2,SDGE_2024_Q2_Tables1-15_R1.xlsx,Table 7,155,I155,https://efiling.energysafety.ca.gov/eFiling/Getfile.aspx?fileid=56226&shareable=true
T7R-1495b87bc2cae2aa,1070000146,7.0.b.i,normalized_legacy_na_to_null,7. Substations,,Non-HFTD,Rural,WUI,Number of substations,exact,4,,,SDG&E,2024,2,v3.2,1,2,SDGE_2024_Q2_Tables1-15_R1.xlsx,Table 7,156,I156,https://efiling.energysafety.ca.gov/eFiling/Getfile.aspx?fileid=56226&shareable=true
T7R-899ee3461b10f98d,1070000147,7.0.b.ii,normalized_legacy_na_to_null,7. Substations,,Non-HFTD,Rural,Non-WUI,Number of substations,exact,26,,,SDG&E,2024,2,v3.2,1,2,SDGE_2024_Q2_Tables1-15_R1.xlsx,Table 7,157,I157,https://efiling.energysafety.ca.gov/eFiling/Getfile.aspx?fileid=56226&shareable=true
T7R-0b62a26af51c1b3c,1070000148,7.0.c.i,normalized_legacy_na_to_null,7. Substations,,Non-HFTD,Highly rural,WUI,Number of substations,exact,0,,,SDG&E,2024,2,v3.2,1,2,SDGE_2024_Q2_Tables1-15_R1.xlsx,Table 7,158,I158,https://efiling.energysafety.ca.gov/eFiling/Getfile.aspx?fileid=56226&shareable=true
T7R-4819bfc89eb5c29b,1070000149,7.0.c.ii,normalized_legacy_na_to_null,7. Substations,,Non-HFTD,Highly rural,Non-WUI,Number of substations,exact,3,,,SDG&E,2024,2,v3.2,1,2,SDGE_2024_Q2_Tables1-15_R1.xlsx,Table 7,159,I159,https://efiling.energysafety.ca.gov/eFiling/Getfile.aspx?fileid=56226&shareable=true
T7R-3df5054632fc87f0,1070000150,7.2.a.i,normalized_legacy_na_to_null,7. Substations,,HFTD Tier 2,Urban,WUI,Number of substations,exact,1,,,SDG&E,2024,2,v3.2,1,2,SDGE_2024_Q2_Tables1-15_R1.xlsx,Table 7,160,I160,https://efiling.energysafety.ca.gov/eFiling/Getfile.aspx?fileid=56226&shareable=true
T7R-331842083dc499c9,1070000151,7.2.a.ii,normalized_legacy_na_to_null,7. Substations,,HFTD Tier 2,Urban,Non-WUI,Number of substations,exact,5,,,SDG&E,2024,2,v3.2,1,2,SDGE_2024_Q2_Tables1-15_R1.xlsx,Table 7,161,I161,https://efiling.energysafety.ca.gov/eFiling/Getfile.aspx?fileid=56226&shareable=true
T7R-ac99926ddbda5700,1070000152,7.2.b.i,normalized_legacy_na_to_null,7. Substations,,HFTD Tier 2,Rural,WUI,Number of substations,exact,5,,,SDG&E,2024,2,v3.2,1,2,SDGE_2024_Q2_Tables1-15_R1.xlsx,Table 7,162,I162,https://efiling.energysafety.ca.gov/eFiling/Getfile.aspx?fileid=56226&shareable=true
T7R-5a8d749a5c78f443,1070000153,7.2.b.ii,normalized_legacy_na_to_null,7. Substations,,HFTD Tier 2,Rural,Non-WUI,Number of substations,exact,23,,,SDG&E,2024,2,v3.2,1,2,SDGE_2024_Q2_Tables1-15_R1.xlsx,Table 7,163,I163,https://efiling.energysafety.ca.gov/eFiling/Getfile.aspx?fileid=56226&shareable=true
T7R-083499d21f56e2bc,1070000154,7.2.c.i,normalized_legacy_na_to_null,7. Substations,,HFTD Tier 2,Highly rural,WUI,Number of substations,exact,0,,,SDG&E,2024,2,v3.2,1,2,SDGE_2024_Q2_Tables1-15_R1.xlsx,Table 7,164,I164,https://efiling.energysafety.ca.gov/eFiling/Getfile.aspx?fileid=56226&shareable=true
T7R-be68739fe6ec6b9e,1070000155,7.2.c.ii,normalized_legacy_na_to_null,7. Substations,,HFTD Tier 2,Highly rural,Non-WUI,Number of substations,exact,1,,,SDG&E,2024,2,v3.2,1,2,SDGE_2024_Q2_Tables1-15_R1.xlsx,Table 7,165,I165,https://efiling.energysafety.ca.gov/eFiling/Getfile.aspx?fileid=56226&shareable=true
T7R-97200550f7ed7319,1070000156,7.3.a.i,normalized_legacy_na_to_null,7. Substations,,HFTD Tier 3,Urban,WUI,Number of substations,exact,0,,,SDG&E,2024,2,v3.2,1,2,SDGE_2024_Q2_Tables1-15_R1.xlsx,Table 7,166,I166,https://efiling.energysafety.ca.gov/eFiling/Getfile.aspx?fileid=56226&shareable=true
T7R-05f9b308a3c7c5dd,1070000157,7.3.a.ii,normalized_legacy_na_to_null,7. Substations,,HFTD Tier 3,Urban,Non-WUI,Number of substations,exact,0,,,SDG&E,2024,2,v3.2,1,2,SDGE_2024_Q2_Tables1-15_R1.xlsx,Table 7,167,I167,https://efiling.energysafety.ca.gov/eFiling/Getfile.aspx?fileid=56226&shareable=true
T7R-32ad342fd6e910df,1070000158,7.3.b.i,normalized_legacy_na_to_null,7. Substations,,HFTD Tier 3,Rural,WUI,Number of substations,exact,0,,,SDG&E,2024,2,v3.2,1,2,SDGE_2024_Q2_Tables1-15_R1.xlsx,Table 7,168,I168,https://efiling.energysafety.ca.gov/eFiling/Getfile.aspx?fileid=56226&shareable=true
T7R-bb174831b59fa909,1070000159,7.3.b.ii,normalized_legacy_na_to_null,7. Substations,,HFTD Tier 3,Rural,Non-WUI,Number of substations,exact,11,,,SDG&E,2024,2,v3.2,1,2,SDGE_2024_Q2_Tables1-15_R1.xlsx,Table 7,169,I169,https://efiling.energysafety.ca.gov/eFiling/Getfile.aspx?fileid=56226&shareable=true
T7R-871e4cce91a2eb95,1070000160,7.3.c.i,normalized_legacy_na_to_null,7. Substations,,HFTD Tier 3,Highly rural,WUI,Number of substations,exact,0,,,SDG&E,2024,2,v3.2,1,2,SDGE_2024_Q2_Tables1-15_R1.xlsx,Table 7,170,I170,https://efiling.energysafety.ca.gov/eFiling/Getfile.aspx?fileid=56226&shareable=true
T7R-0d134610fe96c53b,1070000161,7.3.c.ii,normalized_legacy_na_to_null,7. Substations,,HFTD Tier 3,Highly rural,Non-WUI,Number of substations,exact,2,,,SDG&E,2024,2,v3.2,1,2,SDGE_2024_Q2_Tables1-15_R1.xlsx,Table 7,171,I171,https://efiling.energysafety.ca.gov/eFiling/Getfile.aspx?fileid=56226&shareable=true
T7R-129d05538cb3b410,1070000162,8.0.a.i,normalized_legacy_na_to_null,8. Weather stations,,Non-HFTD,Urban,WUI,Number of weather stations,exact,3,,,SDG&E,2024,2,v3.2,1,2,SDGE_2024_Q2_Tables1-15_R1.xlsx,Table 7,172,I172,https://efiling.energysafety.ca.gov/eFiling/Getfile.aspx?fileid=56226&shareable=true
T7R-2ceb0af67e3edc37,1070000163,8.0.a.ii,normalized_legacy_na_to_null,8. Weather stations,,Non-HFTD,Urban,Non-WUI,Number of weather stations,exact,13,,,SDG&E,2024,2,v3.2,1,2,SDGE_2024_Q2_Tables1-15_R1.xlsx,Table 7,173,I173,https://efiling.energysafety.ca.gov/eFiling/Getfile.aspx?fileid=56226&shareable=true
T7R-1759df53bb9852e9,1070000164,8.0.b.i,normalized_legacy_na_to_null,8. Weather stations,,Non-HFTD,Rural,WUI,Number of weather stations,exact,1,,,SDG&E,2024,2,v3.2,1,2,SDGE_2024_Q2_Tables1-15_R1.xlsx,Table 7,174,I174,https://efiling.energysafety.ca.gov/eFiling/Getfile.aspx?fileid=56226&shareable=true
T7R-c25c1784da9f4d43,1070000165,8.0.b.ii,normalized_legacy_na_to_null,8. Weather stations,,Non-HFTD,Rural,Non-WUI,Number of weather stations,exact,3,,,SDG&E,2024,2,v3.2,1,2,SDGE_2024_Q2_Tables1-15_R1.xlsx,Table 7,175,I175,https://efiling.energysafety.ca.gov/eFiling/Getfile.aspx?fileid=56226&shareable=true
T7R-639c80e33d13142a,1070000166,8.0.c.i,normalized_legacy_na_to_null,8. Weather stations,,Non-HFTD,Highly rural,WUI,Number of weather stations,exact,0,,,SDG&E,2024,2,v3.2,1,2,SDGE_2024_Q2_Tables1-15_R1.xlsx,Table 7,176,I176,https://efiling.energysafety.ca.gov/eFiling/Getfile.aspx?fileid=56226&shareable=true
T7R-83d6e3bf7be9971b,1070000167,8.0.c.ii,normalized_legacy_na_to_null,8. Weather stations,,Non-HFTD,Highly rural,Non-WUI,Number of weather stations,exact,2,,,SDG&E,2024,2,v3.2,1,2,SDGE_2024_Q2_Tables1-15_R1.xlsx,Table 7,177,I177,https://efiling.energysafety.ca.gov/eFiling/Getfile.aspx?fileid=56226&shareable=true
T7R-78bc5d2bc450b80a,1070000168,8.2.a.i,normalized_legacy_na_to_null,8. Weather stations,,HFTD Tier 2,Urban,WUI,Number of weather stations,exact,2,,,SDG&E,2024,2,v3.2,1,2,SDGE_2024_Q2_Tables1-15_R1.xlsx,Table 7,178,I178,https://efiling.energysafety.ca.gov/eFiling/Getfile.aspx?fileid=56226&shareable=true
T7R-78bad557232238b3,1070000169,8.2.a.ii,normalized_legacy_na_to_null,8. Weather stations,,HFTD Tier 2,Urban,Non-WUI,Number of weather stations,exact,4,,,SDG&E,2024,2,v3.2,1,2,SDGE_2024_Q2_Tables1-15_R1.xlsx,Table 7,179,I179,https://efiling.energysafety.ca.gov/eFiling/Getfile.aspx?fileid=56226&shareable=true
T7R-cd0e9e3c1f07eeb1,1070000170,8.2.b.i,normalized_legacy_na_to_null,8. Weather stations,,HFTD Tier 2,Rural,WUI,Number of weather stations,exact,16,,,SDG&E,2024,2,v3.2,1,2,SDGE_2024_Q2_Tables1-15_R1.xlsx,Table 7,180,I180,https://efiling.energysafety.ca.gov/eFiling/Getfile.aspx?fileid=56226&shareable=true
T7R-6bfbcfdbab279d4e,1070000171,8.2.b.ii,normalized_legacy_na_to_null,8. Weather stations,,HFTD Tier 2,Rural,Non-WUI,Number of weather stations,exact,52,,,SDG&E,2024,2,v3.2,1,2,SDGE_2024_Q2_Tables1-15_R1.xlsx,Table 7,181,I181,https://efiling.energysafety.ca.gov/eFiling/Getfile.aspx?fileid=56226&shareable=true
T7R-87cf465c625fbef8,1070000172,8.2.c.i,normalized_legacy_na_to_null,8. Weather stations,,HFTD Tier 2,Highly rural,WUI,Number of weather stations,exact,1,,,SDG&E,2024,2,v3.2,1,2,SDGE_2024_Q2_Tables1-15_R1.xlsx,Table 7,182,I182,https://efiling.energysafety.ca.gov/eFiling/Getfile.aspx?fileid=56226&shareable=true
T7R-162e9fd68393fc69,1070000173,8.2.c.ii,normalized_legacy_na_to_null,8. Weather stations,,HFTD Tier 2,Highly rural,Non-WUI,Number of weather stations,exact,7,,,SDG&E,2024,2,v3.2,1,2,SDGE_2024_Q2_Tables1-15_R1.xlsx,Table 7,183,I183,https://efiling.energysafety.ca.gov/eFiling/Getfile.aspx?fileid=56226&shareable=true
T7R-73c86afb49d1e5d3,1070000174,8.3.a.i,normalized_legacy_na_to_null,8. Weather stations,,HFTD Tier 3,Urban,WUI,Number of weather stations,exact,0,,,SDG&E,2024,2,v3.2,1,2,SDGE_2024_Q2_Tables1-15_R1.xlsx,Table 7,184,I184,https://efiling.energysafety.ca.gov/eFiling/Getfile.aspx?fileid=56226&shareable=true
T7R-ae01d4d435e757e4,1070000175,8.3.a.ii,normalized_legacy_na_to_null,8. Weather stations,,HFTD Tier 3,Urban,Non-WUI,Number of weather stations,exact,0,,,SDG&E,2024,2,v3.2,1,2,SDGE_2024_Q2_Tables1-15_R1.xlsx,Table 7,185,I185,https://efiling.energysafety.ca.gov/eFiling/Getfile.aspx?fileid=56226&shareable=true
T7R-90c77149585390c9,1070000176,8.3.b.i,normalized_legacy_na_to_null,8. Weather stations,,HFTD Tier 3,Rural,WUI,Number of weather stations,exact,11,,,SDG&E,2024,2,v3.2,1,2,SDGE_2024_Q2_Tables1-15_R1.xlsx,Table 7,186,I186,https://efiling.energysafety.ca.gov/eFiling/Getfile.aspx?fileid=56226&shareable=true
T7R-dfdf01487068879b,1070000177,8.3.b.ii,normalized_legacy_na_to_null,8. Weather stations,,HFTD Tier 3,Rural,Non-WUI,Number of weather stations,exact,85,,,SDG&E,2024,2,v3.2,1,2,SDGE_2024_Q2_Tables1-15_R1.xlsx,Table 7,187,I187,https://efiling.energysafety.ca.gov/eFiling/Getfile.aspx?fileid=56226&shareable=true
T7R-c4bd5213590e43a7,1070000178,8.3.c.i,normalized_legacy_na_to_null,8. Weather stations,,HFTD Tier 3,Highly rural,WUI,Number of weather stations,exact,2,,,SDG&E,2024,2,v3.2,1,2,SDGE_2024_Q2_Tables1-15_R1.xlsx,Table 7,188,I188,https://efiling.energysafety.ca.gov/eFiling/Getfile.aspx?fileid=56226&shareable=true
T7R-be84b28d806384dc,1070000179,8.3.c.ii,normalized_legacy_na_to_null,8. Weather stations,,HFTD Tier 3,Highly rural,Non-WUI,Number of weather stations,exact,18,,,SDG&E,2024,2,v3.2,1,2,SDGE_2024_Q2_Tables1-15_R1.xlsx,Table 7,189,I189,https://efiling.energysafety.ca.gov/eFiling/Getfile.aspx?fileid=56226&shareable=true
T7R-e65265879141d789,1070000000,1.d.0.a.i,exact_dimensions_and_unit,1. Overhead circuit miles,Distribution,Non-HFTD,Urban,WUI,Circuit miles,exact,393.692234848484,,,SDG&E,2024,3,v3.2,1,3,SDGE_2024_Q3_Tables1-15_Rev1.xlsx,Table 7,10,I10,https://efiling.energysafety.ca.gov/eFiling/Getfile.aspx?fileid=56226&shareable=true
T7R-e704df36679d4631,1070000001,1.d.0.a.ii,exact_dimensions_and_unit,1. Overhead circuit miles,Distribution,Non-HFTD,Urban,Non-WUI,Circuit miles,exact,2064.68143939393,,,SDG&E,2024,3,v3.2,1,3,SDGE_2024_Q3_Tables1-15_Rev1.xlsx,Table 7,11,I11,https://efiling.energysafety.ca.gov/eFiling/Getfile.aspx?fileid=56226&shareable=true
T7R-8dcdd06676177b69,1070000002,1.d.0.b.i,exact_dimensions_and_unit,1. Overhead circuit miles,Distribution,Non-HFTD,Rural,WUI,Circuit miles,exact,174.158522727272,,,SDG&E,2024,3,v3.2,1,3,SDGE_2024_Q3_Tables1-15_Rev1.xlsx,Table 7,12,I12,https://efiling.energysafety.ca.gov/eFiling/Getfile.aspx?fileid=56226&shareable=true
T7R-8ad1bda4b5e95149,1070000003,1.d.0.b.ii,exact_dimensions_and_unit,1. Overhead circuit miles,Distribution,Non-HFTD,Rural,Non-WUI,Circuit miles,exact,177.076136363636,,,SDG&E,2024,3,v3.2,1,3,SDGE_2024_Q3_Tables1-15_Rev1.xlsx,Table 7,13,I13,https://efiling.energysafety.ca.gov/eFiling/Getfile.aspx?fileid=56226&shareable=true
T7R-a8544cbc76c1ed19,1070000004,1.d.0.c.i,exact_dimensions_and_unit,1. Overhead circuit miles,Distribution,Non-HFTD,Highly rural,WUI,Circuit miles,exact,34.8320075757575,,,SDG&E,2024,3,v3.2,1,3,SDGE_2024_Q3_Tables1-15_Rev1.xlsx,Table 7,14,I14,https://efiling.energysafety.ca.gov/eFiling/Getfile.aspx?fileid=56226&shareable=true
T7R-c0310eefa582ad19,1070000005,1.d.0.c.ii,exact_dimensions_and_unit,1. Overhead circuit miles,Distribution,Non-HFTD,Highly rural,Non-WUI,Circuit miles,exact,109.526893939393,,,SDG&E,2024,3,v3.2,1,3,SDGE_2024_Q3_Tables1-15_Rev1.xlsx,Table 7,15,I15,https://efiling.energysafety.ca.gov/eFiling/Getfile.aspx?fileid=56226&shareable=true
T7R-0909c3706a9e5b1b,1070000006,1.d.2.a.i,exact_dimensions_and_unit,1. Overhead circuit miles,Distribution,HFTD Tier 2,Urban,WUI,Circuit miles,exact,91.13768939,,,SDG&E,2024,3,v3.2,1,3,SDGE_2024_Q3_Tables1-15_Rev1.xlsx,Table 7,16,I16,https://efiling.energysafety.ca.gov/eFiling/Getfile.aspx?fileid=56226&shareable=true
T7R-d0182d3b135de727,1070000007,1.d.2.a.ii,exact_dimensions_and_unit,1. Overhead circuit miles,Distribution,HFTD Tier 2,Urban,Non-WUI,Circuit miles,exact,83.6054924242424,,,SDG&E,2024,3,v3.2,1,3,SDGE_2024_Q3_Tables1-15_Rev1.xlsx,Table 7,17,I17,https://efiling.energysafety.ca.gov/eFiling/Getfile.aspx?fileid=56226&shareable=true
T7R-857d10f75f78b72c,1070000008,1.d.2.b.i,exact_dimensions_and_unit,1. Overhead circuit miles,Distribution,HFTD Tier 2,Rural,WUI,Circuit miles,exact,844.805492424242,,,SDG&E,2024,3,v3.2,1,3,SDGE_2024_Q3_Tables1-15_Rev1.xlsx,Table 7,18,I18,https://efiling.energysafety.ca.gov/eFiling/Getfile.aspx?fileid=56226&shareable=true
T7R-a8a0b6d287037182,1070000009,1.d.2.b.ii,exact_dimensions_and_unit,1. Overhead circuit miles,Distribution,HFTD Tier 2,Rural,Non-WUI,Circuit miles,exact,587.296969696969,,,SDG&E,2024,3,v3.2,1,3,SDGE_2024_Q3_Tables1-15_Rev1.xlsx,Table 7,19,I19,https://efiling.energysafety.ca.gov/eFiling/Getfile.aspx?fileid=56226&shareable=true
T7R-4826b82f08b2d62b,1070000010,1.d.2.c.i,exact_dimensions_and_unit,1. Overhead circuit miles,Distribution,HFTD Tier 2,Highly rural,WUI,Circuit miles,exact,20.3039772727272,,,SDG&E,2024,3,v3.2,1,3,SDGE_2024_Q3_Tables1-15_Rev1.xlsx,Table 7,20,I20,https://efiling.energysafety.ca.gov/eFiling/Getfile.aspx?fileid=56226&shareable=true
T7R-769069862c256cda,1070000011,1.d.2.c.ii,exact_dimensions_and_unit,1. Overhead circuit miles,Distribution,HFTD Tier 2,Highly rural,Non-WUI,Circuit miles,exact,151.885795454545,,,SDG&E,2024,3,v3.2,1,3,SDGE_2024_Q3_Tables1-15_Rev1.xlsx,Table 7,21,I21,https://efiling.energysafety.ca.gov/eFiling/Getfile.aspx?fileid=56226&shareable=true
T7R-dc45125f4205cb47,1070000012,1.d.3.a.i,exact_dimensions_and_unit,1. Overhead circuit miles,Distribution,HFTD Tier 3,Urban,WUI,Circuit miles,exact,4.90681818181818,,,SDG&E,2024,3,v3.2,1,3,SDGE_2024_Q3_Tables1-15_Rev1.xlsx,Table 7,22,I22,https://efiling.energysafety.ca.gov/eFiling/Getfile.aspx?fileid=56226&shareable=true
T7R-7e909fcb087fb9d5,1070000013,1.d.3.a.ii,exact_dimensions_and_unit,1. Overhead circuit miles,Distribution,HFTD Tier 3,Urban,Non-WUI,Circuit miles,exact,0.040340909090909,,,SDG&E,2024,3,v3.2,1,3,SDGE_2024_Q3_Tables1-15_Rev1.xlsx,Table 7,23,I23,https://efiling.energysafety.ca.gov/eFiling/Getfile.aspx?fileid=56226&shareable=true
T7R-ebf18754dd0d68e5,1070000014,1.d.3.b.i,exact_dimensions_and_unit,1. Overhead circuit miles,Distribution,HFTD Tier 3,Rural,WUI,Circuit miles,exact,640.486742424242,,,SDG&E,2024,3,v3.2,1,3,SDGE_2024_Q3_Tables1-15_Rev1.xlsx,Table 7,24,I24,https://efiling.energysafety.ca.gov/eFiling/Getfile.aspx?fileid=56226&shareable=true
T7R-62359858566d9295,1070000015,1.d.3.b.ii,exact_dimensions_and_unit,1. Overhead circuit miles,Distribution,HFTD Tier 3,Rural,Non-WUI,Circuit miles,exact,763.646212121212,,,SDG&E,2024,3,v3.2,1,3,SDGE_2024_Q3_Tables1-15_Rev1.xlsx,Table 7,25,I25,https://efiling.energysafety.ca.gov/eFiling/Getfile.aspx?fileid=56226&shareable=true
T7R-c731bea40023d71a,1070000016,1.d.3.c.i,exact_dimensions_and_unit,1. Overhead circuit miles,Distribution,HFTD Tier 3,Highly rural,WUI,Circuit miles,exact,25.5191287878787,,,SDG&E,2024,3,v3.2,1,3,SDGE_2024_Q3_Tables1-15_Rev1.xlsx,Table 7,26,I26,https://efiling.energysafety.ca.gov/eFiling/Getfile.aspx?fileid=56226&shareable=true
T7R-f0b43197c3cc40d0,1070000017,1.d.3.c.ii,exact_dimensions_and_unit,1. Overhead circuit miles,Distribution,HFTD Tier 3,Highly rural,Non-WUI,Circuit miles,exact,162.572159090909,,,SDG&E,2024,3,v3.2,1,3,SDGE_2024_Q3_Tables1-15_Rev1.xlsx,Table 7,27,I27,https://efiling.energysafety.ca.gov/eFiling/Getfile.aspx?fileid=56226&shareable=true
T7R-9c566695c95b9079,1070000018,1.t.0.a.i,exact_dimensions_and_unit,1. Overhead circuit miles,Transmission,Non-HFTD,Urban,WUI,Circuit miles,exact,134.848073863636,,,SDG&E,2024,3,v3.2,1,3,SDGE_2024_Q3_Tables1-15_Rev1.xlsx,Table 7,28,I28,https://efiling.energysafety.ca.gov/eFiling/Getfile.aspx?fileid=56226&shareable=true
T7R-64b13686738d06c8,1070000019,1.t.0.a.ii,exact_dimensions_and_unit,1. Overhead circuit miles,Transmission,Non-HFTD,Urban,Non-WUI,Circuit miles,exact,286.914392045454,,,SDG&E,2024,3,v3.2,1,3,SDGE_2024_Q3_Tables1-15_Rev1.xlsx,Table 7,29,I29,https://efiling.energysafety.ca.gov/eFiling/Getfile.aspx?fileid=56226&shareable=true
T7R-4dbb385bab0b692a,1070000020,1.t.0.b.i,exact_dimensions_and_unit,1. Overhead circuit miles,Transmission,Non-HFTD,Rural,WUI,Circuit miles,exact,54.5801969696969,,,SDG&E,2024,3,v3.2,1,3,SDGE_2024_Q3_Tables1-15_Rev1.xlsx,Table 7,30,I30,https://efiling.energysafety.ca.gov/eFiling/Getfile.aspx?fileid=56226&shareable=true
T7R-582c96938209ef40,1070000021,1.t.0.b.ii,exact_dimensions_and_unit,1. Overhead circuit miles,Transmission,Non-HFTD,Rural,Non-WUI,Circuit miles,exact,112.621867424242,,,SDG&E,2024,3,v3.2,1,3,SDGE_2024_Q3_Tables1-15_Rev1.xlsx,Table 7,31,I31,https://efiling.energysafety.ca.gov/eFiling/Getfile.aspx?fileid=56226&shareable=true
T7R-9f90405df8dd9f1a,1070000022,1.t.0.c.i,exact_dimensions_and_unit,1. Overhead circuit miles,Transmission,Non-HFTD,Highly rural,WUI,Circuit miles,exact,0,,,SDG&E,2024,3,v3.2,1,3,SDGE_2024_Q3_Tables1-15_Rev1.xlsx,Table 7,32,I32,https://efiling.energysafety.ca.gov/eFiling/Getfile.aspx?fileid=56226&shareable=true
T7R-56f0654a48ba9eff,1070000023,1.t.0.c.ii,exact_dimensions_and_unit,1. Overhead circuit miles,Transmission,Non-HFTD,Highly rural,Non-WUI,Circuit miles,exact,22.8057632575757,,,SDG&E,2024,3,v3.2,1,3,SDGE_2024_Q3_Tables1-15_Rev1.xlsx,Table 7,33,I33,https://efiling.energysafety.ca.gov/eFiling/Getfile.aspx?fileid=56226&shareable=true
T7R-bdf86a8a73785370,1070000024,1.t.2.a.i,exact_dimensions_and_unit,1. Overhead circuit miles,Transmission,HFTD Tier 2,Urban,WUI,Circuit miles,exact,36.797553030303,,,SDG&E,2024,3,v3.2,1,3,SDGE_2024_Q3_Tables1-15_Rev1.xlsx,Table 7,34,I34,https://efiling.energysafety.ca.gov/eFiling/Getfile.aspx?fileid=56226&shareable=true
T7R-071b5bbe4cd5d998,1070000025,1.t.2.a.ii,exact_dimensions_and_unit,1. Overhead circuit miles,Transmission,HFTD Tier 2,Urban,Non-WUI,Circuit miles,exact,59.4868200757575,,,SDG&E,2024,3,v3.2,1,3,SDGE_2024_Q3_Tables1-15_Rev1.xlsx,Table 7,35,I35,https://efiling.energysafety.ca.gov/eFiling/Getfile.aspx?fileid=56226&shareable=true
T7R-ac7a437e6fdd3b09,1070000026,1.t.2.b.i,exact_dimensions_and_unit,1. Overhead circuit miles,Transmission,HFTD Tier 2,Rural,WUI,Circuit miles,exact,115.409776515151,,,SDG&E,2024,3,v3.2,1,3,SDGE_2024_Q3_Tables1-15_Rev1.xlsx,Table 7,36,I36,https://efiling.energysafety.ca.gov/eFiling/Getfile.aspx?fileid=56226&shareable=true
T7R-239f2ac46d751b9f,1070000027,1.t.2.b.ii,exact_dimensions_and_unit,1. Overhead circuit miles,Transmission,HFTD Tier 2,Rural,Non-WUI,Circuit miles,exact,443.810594696969,,,SDG&E,2024,3,v3.2,1,3,SDGE_2024_Q3_Tables1-15_Rev1.xlsx,Table 7,37,I37,https://efiling.energysafety.ca.gov/eFiling/Getfile.aspx?fileid=56226&shareable=true
T7R-1e7465c907ff7fcf,1070000028,1.t.2.c.i,exact_dimensions_and_unit,1. Overhead circuit miles,Transmission,HFTD Tier 2,Highly rural,WUI,Circuit miles,exact,0,,,SDG&E,2024,3,v3.2,1,3,SDGE_2024_Q3_Tables1-15_Rev1.xlsx,Table 7,38,I38,https://efiling.energysafety.ca.gov/eFiling/Getfile.aspx?fileid=56226&shareable=true
T7R-40074a45d1cd4618,1070000029,1.t.2.c.ii,exact_dimensions_and_unit,1. Overhead circuit miles,Transmission,HFTD Tier 2,Highly rural,Non-WUI,Circuit miles,exact,23.4249204545454,,,SDG&E,2024,3,v3.2,1,3,SDGE_2024_Q3_Tables1-15_Rev1.xlsx,Table 7,39,I39,https://efiling.energysafety.ca.gov/eFiling/Getfile.aspx?fileid=56226&shareable=true
T7R-d879bb56830e0ec2,1070000030,1.t.3.a.i,exact_dimensions_and_unit,1. Overhead circuit miles,Transmission,HFTD Tier 3,Urban,WUI,Circuit miles,exact,0,,,SDG&E,2024,3,v3.2,1,3,SDGE_2024_Q3_Tables1-15_Rev1.xlsx,Table 7,40,I40,https://efiling.energysafety.ca.gov/eFiling/Getfile.aspx?fileid=56226&shareable=true
T7R-50f030dcefe99d3f,1070000031,1.t.3.a.ii,exact_dimensions_and_unit,1. Overhead circuit miles,Transmission,HFTD Tier 3,Urban,Non-WUI,Circuit miles,exact,0,,,SDG&E,2024,3,v3.2,1,3,SDGE_2024_Q3_Tables1-15_Rev1.xlsx,Table 7,41,I41,https://efiling.energysafety.ca.gov/eFiling/Getfile.aspx?fileid=56226&shareable=true
T7R-33adf8c46e05bd1f,1070000032,1.t.3.b.i,exact_dimensions_and_unit,1. Overhead circuit miles,Transmission,HFTD Tier 3,Rural,WUI,Circuit miles,exact,21.4391287878787,,,SDG&E,2024,3,v3.2,1,3,SDGE_2024_Q3_Tables1-15_Rev1.xlsx,Table 7,42,I42,https://efiling.energysafety.ca.gov/eFiling/Getfile.aspx?fileid=56226&shareable=true
T7R-4adf2cb3f08731da,1070000033,1.t.3.b.ii,exact_dimensions_and_unit,1. Overhead circuit miles,Transmission,HFTD Tier 3,Rural,Non-WUI,Circuit miles,exact,227.925532196969,,,SDG&E,2024,3,v3.2,1,3,SDGE_2024_Q3_Tables1-15_Rev1.xlsx,Table 7,43,I43,https://efiling.energysafety.ca.gov/eFiling/Getfile.aspx?fileid=56226&shareable=true
T7R-a3af07689bed03c2,1070000034,1.t.3.c.i,exact_dimensions_and_unit,1. Overhead circuit miles,Transmission,HFTD Tier 3,Highly rural,WUI,Circuit miles,exact,2.81685227272727,,,SDG&E,2024,3,v3.2,1,3,SDGE_2024_Q3_Tables1-15_Rev1.xlsx,Table 7,44,I44,https://efiling.energysafety.ca.gov/eFiling/Getfile.aspx?fileid=56226&shareable=true
T7R-8a0f20c1892e4b80,1070000035,1.t.3.c.ii,exact_dimensions_and_unit,1. Overhead circuit miles,Transmission,HFTD Tier 3,Highly rural,Non-WUI,Circuit miles,exact,15.6848768939393,,,SDG&E,2024,3,v3.2,1,3,SDGE_2024_Q3_Tables1-15_Rev1.xlsx,Table 7,45,I45,https://efiling.energysafety.ca.gov/eFiling/Getfile.aspx?fileid=56226&shareable=true
T7R-5de13c4a5d2e5a4c,1070000036,2.d.0.a.i,exact_dimensions_and_unit,2. Underground circuit miles,Distribution,Non-HFTD,Urban,WUI,Circuit miles,exact,1927.16515151515,,,SDG&E,2024,3,v3.2,1,3,SDGE_2024_Q3_Tables1-15_Rev1.xlsx,Table 7,46,I46,https://efiling.energysafety.ca.gov/eFiling/Getfile.aspx?fileid=56226&shareable=true
T7R-577bc5fe85bc1a86,1070000037,2.d.0.a.ii,exact_dimensions_and_unit,2. Underground circuit miles,Distribution,Non-HFTD,Urban,Non-WUI,Circuit miles,exact,4920.69659090909,,,SDG&E,2024,3,v3.2,1,3,SDGE_2024_Q3_Tables1-15_Rev1.xlsx,Table 7,47,I47,https://efiling.energysafety.ca.gov/eFiling/Getfile.aspx?fileid=56226&shareable=true
T7R-ca714d7cbc04eb8c,1070000038,2.d.0.b.i,exact_dimensions_and_unit,2. Underground circuit miles,Distribution,Non-HFTD,Rural,WUI,Circuit miles,exact,600.071212121212,,,SDG&E,2024,3,v3.2,1,3,SDGE_2024_Q3_Tables1-15_Rev1.xlsx,Table 7,48,I48,https://efiling.energysafety.ca.gov/eFiling/Getfile.aspx?fileid=56226&shareable=true
T7R-04f87d1c3b2e78d1,1070000039,2.d.0.b.ii,exact_dimensions_and_unit,2. Underground circuit miles,Distribution,Non-HFTD,Rural,Non-WUI,Circuit miles,exact,887.376515151515,,,SDG&E,2024,3,v3.2,1,3,SDGE_2024_Q3_Tables1-15_Rev1.xlsx,Table 7,49,I49,https://efiling.energysafety.ca.gov/eFiling/Getfile.aspx?fileid=56226&shareable=true
T7R-8ef9b1bf199f8e39,1070000040,2.d.0.c.i,exact_dimensions_and_unit,2. Underground circuit miles,Distribution,Non-HFTD,Highly rural,WUI,Circuit miles,exact,17.8547348484848,,,SDG&E,2024,3,v3.2,1,3,SDGE_2024_Q3_Tables1-15_Rev1.xlsx,Table 7,50,I50,https://efiling.energysafety.ca.gov/eFiling/Getfile.aspx?fileid=56226&shareable=true
T7R-aac0a7b0782f8157,1070000041,2.d.0.c.ii,exact_dimensions_and_unit,2. Underground circuit miles,Distribution,Non-HFTD,Highly rural,Non-WUI,Circuit miles,exact,58.0916666666666,,,SDG&E,2024,3,v3.2,1,3,SDGE_2024_Q3_Tables1-15_Rev1.xlsx,Table 7,51,I51,https://efiling.energysafety.ca.gov/eFiling/Getfile.aspx?fileid=56226&shareable=true
T7R-32806dc248bf1e29,1070000042,2.d.2.a.i,exact_dimensions_and_unit,2. Underground circuit miles,Distribution,HFTD Tier 2,Urban,WUI,Circuit miles,exact,773.44981060606,,,SDG&E,2024,3,v3.2,1,3,SDGE_2024_Q3_Tables1-15_Rev1.xlsx,Table 7,52,I52,https://efiling.energysafety.ca.gov/eFiling/Getfile.aspx?fileid=56226&shareable=true
T7R-40d5e5a58cce7cb3,1070000043,2.d.2.a.ii,exact_dimensions_and_unit,2. Underground circuit miles,Distribution,HFTD Tier 2,Urban,Non-WUI,Circuit miles,exact,157.527462121212,,,SDG&E,2024,3,v3.2,1,3,SDGE_2024_Q3_Tables1-15_Rev1.xlsx,Table 7,53,I53,https://efiling.energysafety.ca.gov/eFiling/Getfile.aspx?fileid=56226&shareable=true
T7R-0305b70caa4999ec,1070000044,2.d.2.b.i,exact_dimensions_and_unit,2. Underground circuit miles,Distribution,HFTD Tier 2,Rural,WUI,Circuit miles,exact,1020.19450757575,,,SDG&E,2024,3,v3.2,1,3,SDGE_2024_Q3_Tables1-15_Rev1.xlsx,Table 7,54,I54,https://efiling.energysafety.ca.gov/eFiling/Getfile.aspx?fileid=56226&shareable=true
T7R-af178273b4dcf7a7,1070000045,2.d.2.b.ii,exact_dimensions_and_unit,2. Underground circuit miles,Distribution,HFTD Tier 2,Rural,Non-WUI,Circuit miles,exact,362.866098484848,,,SDG&E,2024,3,v3.2,1,3,SDGE_2024_Q3_Tables1-15_Rev1.xlsx,Table 7,55,I55,https://efiling.energysafety.ca.gov/eFiling/Getfile.aspx?fileid=56226&shareable=true
T7R-6bec37c8ddaf6ea2,1070000046,2.d.2.c.i,exact_dimensions_and_unit,2. Underground circuit miles,Distribution,HFTD Tier 2,Highly rural,WUI,Circuit miles,exact,1.57083333333333,,,SDG&E,2024,3,v3.2,1,3,SDGE_2024_Q3_Tables1-15_Rev1.xlsx,Table 7,56,I56,https://efiling.energysafety.ca.gov/eFiling/Getfile.aspx?fileid=56226&shareable=true
T7R-d7f70617428e37e5,1070000047,2.d.2.c.ii,exact_dimensions_and_unit,2. Underground circuit miles,Distribution,HFTD Tier 2,Highly rural,Non-WUI,Circuit miles,exact,9.56780303,,,SDG&E,2024,3,v3.2,1,3,SDGE_2024_Q3_Tables1-15_Rev1.xlsx,Table 7,57,I57,https://efiling.energysafety.ca.gov/eFiling/Getfile.aspx?fileid=56226&shareable=true
T7R-e2e51d2001d463e8,1070000048,2.d.3.a.i,exact_dimensions_and_unit,2. Underground circuit miles,Distribution,HFTD Tier 3,Urban,WUI,Circuit miles,exact,0.98560606060606,,,SDG&E,2024,3,v3.2,1,3,SDGE_2024_Q3_Tables1-15_Rev1.xlsx,Table 7,58,I58,https://efiling.energysafety.ca.gov/eFiling/Getfile.aspx?fileid=56226&shareable=true
T7R-4ffaa1c1a4596129,1070000049,2.d.3.a.ii,exact_dimensions_and_unit,2. Underground circuit miles,Distribution,HFTD Tier 3,Urban,Non-WUI,Circuit miles,exact,0,,,SDG&E,2024,3,v3.2,1,3,SDGE_2024_Q3_Tables1-15_Rev1.xlsx,Table 7,59,I59,https://efiling.energysafety.ca.gov/eFiling/Getfile.aspx?fileid=56226&shareable=true
T7R-17869e8eaf129405,1070000050,2.d.3.b.i,exact_dimensions_and_unit,2. Underground circuit miles,Distribution,HFTD Tier 3,Rural,WUI,Circuit miles,exact,341.733143939393,,,SDG&E,2024,3,v3.2,1,3,SDGE_2024_Q3_Tables1-15_Rev1.xlsx,Table 7,60,I60,https://efiling.energysafety.ca.gov/eFiling/Getfile.aspx?fileid=56226&shareable=true
T7R-185e35b7a3495047,1070000051,2.d.3.b.ii,exact_dimensions_and_unit,2. Underground circuit miles,Distribution,HFTD Tier 3,Rural,Non-WUI,Circuit miles,exact,174.685795454545,,,SDG&E,2024,3,v3.2,1,3,SDGE_2024_Q3_Tables1-15_Rev1.xlsx,Table 7,61,I61,https://efiling.energysafety.ca.gov/eFiling/Getfile.aspx?fileid=56226&shareable=true
T7R-9ffc90dcc25efba2,1070000052,2.d.3.c.i,exact_dimensions_and_unit,2. Underground circuit miles,Distribution,HFTD Tier 3,Highly rural,WUI,Circuit miles,exact,10.3267045454545,,,SDG&E,2024,3,v3.2,1,3,SDGE_2024_Q3_Tables1-15_Rev1.xlsx,Table 7,62,I62,https://efiling.energysafety.ca.gov/eFiling/Getfile.aspx?fileid=56226&shareable=true
T7R-156e068bb63b6168,1070000053,2.d.3.c.ii,exact_dimensions_and_unit,2. Underground circuit miles,Distribution,HFTD Tier 3,Highly rural,Non-WUI,Circuit miles,exact,27.49375,,,SDG&E,2024,3,v3.2,1,3,SDGE_2024_Q3_Tables1-15_Rev1.xlsx,Table 7,63,I63,https://efiling.energysafety.ca.gov/eFiling/Getfile.aspx?fileid=56226&shareable=true
T7R-ad6cad140beb99f4,1070000054,2.t.0.a.i,exact_dimensions_and_unit,2. Underground circuit miles,Transmission,Non-HFTD,Urban,WUI,Circuit miles,exact,28.7142064393939,,,SDG&E,2024,3,v3.2,1,3,SDGE_2024_Q3_Tables1-15_Rev1.xlsx,Table 7,64,I64,https://efiling.energysafety.ca.gov/eFiling/Getfile.aspx?fileid=56226&shareable=true
T7R-e52bad80bff594ce,1070000055,2.t.0.a.ii,exact_dimensions_and_unit,2. Underground circuit miles,Transmission,Non-HFTD,Urban,Non-WUI,Circuit miles,exact,68.0151325757575,,,SDG&E,2024,3,v3.2,1,3,SDGE_2024_Q3_Tables1-15_Rev1.xlsx,Table 7,65,I65,https://efiling.energysafety.ca.gov/eFiling/Getfile.aspx?fileid=56226&shareable=true
T7R-c9367f1011e16a89,1070000056,2.t.0.b.i,exact_dimensions_and_unit,2. Underground circuit miles,Transmission,Non-HFTD,Rural,WUI,Circuit miles,exact,10.142856060606,,,SDG&E,2024,3,v3.2,1,3,SDGE_2024_Q3_Tables1-15_Rev1.xlsx,Table 7,66,I66,https://efiling.energysafety.ca.gov/eFiling/Getfile.aspx?fileid=56226&shareable=true
T7R-bbaf2e6837a01444,1070000057,2.t.0.b.ii,exact_dimensions_and_unit,2. Underground circuit miles,Transmission,Non-HFTD,Rural,Non-WUI,Circuit miles,exact,22.5637234848484,,,SDG&E,2024,3,v3.2,1,3,SDGE_2024_Q3_Tables1-15_Rev1.xlsx,Table 7,67,I67,https://efiling.energysafety.ca.gov/eFiling/Getfile.aspx?fileid=56226&shareable=true
T7R-47c90e609556e0b7,1070000058,2.t.0.c.i,exact_dimensions_and_unit,2. Underground circuit miles,Transmission,Non-HFTD,Highly rural,WUI,Circuit miles,exact,0,,,SDG&E,2024,3,v3.2,1,3,SDGE_2024_Q3_Tables1-15_Rev1.xlsx,Table 7,68,I68,https://efiling.energysafety.ca.gov/eFiling/Getfile.aspx?fileid=56226&shareable=true
T7R-047056917ac5c591,1070000059,2.t.0.c.ii,exact_dimensions_and_unit,2. Underground circuit miles,Transmission,Non-HFTD,Highly rural,Non-WUI,Circuit miles,exact,0.347916666666666,,,SDG&E,2024,3,v3.2,1,3,SDGE_2024_Q3_Tables1-15_Rev1.xlsx,Table 7,69,I69,https://efiling.energysafety.ca.gov/eFiling/Getfile.aspx?fileid=56226&shareable=true
T7R-b3447a1517c75aa1,1070000060,2.t.2.a.i,exact_dimensions_and_unit,2. Underground circuit miles,Transmission,HFTD Tier 2,Urban,WUI,Circuit miles,exact,13.2894261363636,,,SDG&E,2024,3,v3.2,1,3,SDGE_2024_Q3_Tables1-15_Rev1.xlsx,Table 7,70,I70,https://efiling.energysafety.ca.gov/eFiling/Getfile.aspx?fileid=56226&shareable=true
T7R-f30d96bd4eb23ed6,1070000061,2.t.2.a.ii,exact_dimensions_and_unit,2. Underground circuit miles,Transmission,HFTD Tier 2,Urban,Non-WUI,Circuit miles,exact,1.37191287878787,,,SDG&E,2024,3,v3.2,1,3,SDGE_2024_Q3_Tables1-15_Rev1.xlsx,Table 7,71,I71,https://efiling.energysafety.ca.gov/eFiling/Getfile.aspx?fileid=56226&shareable=true
T7R-a479369121d0060b,1070000062,2.t.2.b.i,exact_dimensions_and_unit,2. Underground circuit miles,Transmission,HFTD Tier 2,Rural,WUI,Circuit miles,exact,12.6990662878787,,,SDG&E,2024,3,v3.2,1,3,SDGE_2024_Q3_Tables1-15_Rev1.xlsx,Table 7,72,I72,https://efiling.energysafety.ca.gov/eFiling/Getfile.aspx?fileid=56226&shareable=true
T7R-520050bc94a46ac2,1070000063,2.t.2.b.ii,exact_dimensions_and_unit,2. Underground circuit miles,Transmission,HFTD Tier 2,Rural,Non-WUI,Circuit miles,exact,8.582168561,,,SDG&E,2024,3,v3.2,1,3,SDGE_2024_Q3_Tables1-15_Rev1.xlsx,Table 7,73,I73,https://efiling.energysafety.ca.gov/eFiling/Getfile.aspx?fileid=56226&shareable=true
T7R-50a176322f00f520,1070000064,2.t.2.c.i,exact_dimensions_and_unit,2. Underground circuit miles,Transmission,HFTD Tier 2,Highly rural,WUI,Circuit miles,exact,0,,,SDG&E,2024,3,v3.2,1,3,SDGE_2024_Q3_Tables1-15_Rev1.xlsx,Table 7,74,I74,https://efiling.energysafety.ca.gov/eFiling/Getfile.aspx?fileid=56226&shareable=true
T7R-853692ef7e4bd1ae,1070000065,2.t.2.c.ii,exact_dimensions_and_unit,2. Underground circuit miles,Transmission,HFTD Tier 2,Highly rural,Non-WUI,Circuit miles,exact,0,,,SDG&E,2024,3,v3.2,1,3,SDGE_2024_Q3_Tables1-15_Rev1.xlsx,Table 7,75,I75,https://efiling.energysafety.ca.gov/eFiling/Getfile.aspx?fileid=56226&shareable=true
T7R-a3251ecc5e42afe5,1070000066,2.t.3.a.i,exact_dimensions_and_unit,2. Underground circuit miles,Transmission,HFTD Tier 3,Urban,WUI,Circuit miles,exact,0.935263257575757,,,SDG&E,2024,3,v3.2,1,3,SDGE_2024_Q3_Tables1-15_Rev1.xlsx,Table 7,76,I76,https://efiling.energysafety.ca.gov/eFiling/Getfile.aspx?fileid=56226&shareable=true
T7R-1f8df2a8d13683b1,1070000067,2.t.3.a.ii,exact_dimensions_and_unit,2. Underground circuit miles,Transmission,HFTD Tier 3,Urban,Non-WUI,Circuit miles,exact,0,,,SDG&E,2024,3,v3.2,1,3,SDGE_2024_Q3_Tables1-15_Rev1.xlsx,Table 7,77,I77,https://efiling.energysafety.ca.gov/eFiling/Getfile.aspx?fileid=56226&shareable=true
T7R-4371da984753b425,1070000068,2.t.3.b.i,exact_dimensions_and_unit,2. Underground circuit miles,Transmission,HFTD Tier 3,Rural,WUI,Circuit miles,exact,4.45823295454545,,,SDG&E,2024,3,v3.2,1,3,SDGE_2024_Q3_Tables1-15_Rev1.xlsx,Table 7,78,I78,https://efiling.energysafety.ca.gov/eFiling/Getfile.aspx?fileid=56226&shareable=true
T7R-f42a9eea99212898,1070000069,2.t.3.b.ii,exact_dimensions_and_unit,2. Underground circuit miles,Transmission,HFTD Tier 3,Rural,Non-WUI,Circuit miles,exact,2.15014204545454,,,SDG&E,2024,3,v3.2,1,3,SDGE_2024_Q3_Tables1-15_Rev1.xlsx,Table 7,79,I79,https://efiling.energysafety.ca.gov/eFiling/Getfile.aspx?fileid=56226&shareable=true
T7R-edcfade9f85f9885,1070000070,2.t.3.c.i,exact_dimensions_and_unit,2. Underground circuit miles,Transmission,HFTD Tier 3,Highly rural,WUI,Circuit miles,exact,0,,,SDG&E,2024,3,v3.2,1,3,SDGE_2024_Q3_Tables1-15_Rev1.xlsx,Table 7,80,I80,https://efiling.energysafety.ca.gov/eFiling/Getfile.aspx?fileid=56226&shareable=true
T7R-3635a70487522d15,1070000071,2.t.3.c.ii,exact_dimensions_and_unit,2. Underground circuit miles,Transmission,HFTD Tier 3,Highly rural,Non-WUI,Circuit miles,exact,0,,,SDG&E,2024,3,v3.2,1,3,SDGE_2024_Q3_Tables1-15_Rev1.xlsx,Table 7,81,I81,https://efiling.energysafety.ca.gov/eFiling/Getfile.aspx?fileid=56226&shareable=true
T7R-8ec914feb939360d,1070000072,3.0.a.i,normalized_legacy_na_to_null,3. Critical facilities,,Non-HFTD,Urban,WUI,Number of critical facilities,exact,3025,,,SDG&E,2024,3,v3.2,1,3,SDGE_2024_Q3_Tables1-15_Rev1.xlsx,Table 7,82,I82,https://efiling.energysafety.ca.gov/eFiling/Getfile.aspx?fileid=56226&shareable=true
T7R-096d0e5df3bea403,1070000073,3.0.a.ii,normalized_legacy_na_to_null,3. Critical facilities,,Non-HFTD,Urban,Non-WUI,Number of critical facilities,exact,15226,,,SDG&E,2024,3,v3.2,1,3,SDGE_2024_Q3_Tables1-15_Rev1.xlsx,Table 7,83,I83,https://efiling.energysafety.ca.gov/eFiling/Getfile.aspx?fileid=56226&shareable=true
T7R-92a957537ed08db3,1070000074,3.0.b.i,normalized_legacy_na_to_null,3. Critical facilities,,Non-HFTD,Rural,WUI,Number of critical facilities,exact,713,,,SDG&E,2024,3,v3.2,1,3,SDGE_2024_Q3_Tables1-15_Rev1.xlsx,Table 7,84,I84,https://efiling.energysafety.ca.gov/eFiling/Getfile.aspx?fileid=56226&shareable=true
T7R-e83922fa9dec36d2,1070000075,3.0.b.ii,normalized_legacy_na_to_null,3. Critical facilities,,Non-HFTD,Rural,Non-WUI,Number of critical facilities,exact,2487,,,SDG&E,2024,3,v3.2,1,3,SDGE_2024_Q3_Tables1-15_Rev1.xlsx,Table 7,85,I85,https://efiling.energysafety.ca.gov/eFiling/Getfile.aspx?fileid=56226&shareable=true
T7R-94e255e99d40f838,1070000076,3.0.c.i,normalized_legacy_na_to_null,3. Critical facilities,,Non-HFTD,Highly rural,WUI,Number of critical facilities,exact,3,,,SDG&E,2024,3,v3.2,1,3,SDGE_2024_Q3_Tables1-15_Rev1.xlsx,Table 7,86,I86,https://efiling.energysafety.ca.gov/eFiling/Getfile.aspx?fileid=56226&shareable=true
T7R-1d2a24486df83f1b,1070000077,3.0.c.ii,normalized_legacy_na_to_null,3. Critical facilities,,Non-HFTD,Highly rural,Non-WUI,Number of critical facilities,exact,135,,,SDG&E,2024,3,v3.2,1,3,SDGE_2024_Q3_Tables1-15_Rev1.xlsx,Table 7,87,I87,https://efiling.energysafety.ca.gov/eFiling/Getfile.aspx?fileid=56226&shareable=true
T7R-7dd336f8a7575a9d,1070000078,3.2.a.i,normalized_legacy_na_to_null,3. Critical facilities,,HFTD Tier 2,Urban,WUI,Number of critical facilities,exact,850,,,SDG&E,2024,3,v3.2,1,3,SDGE_2024_Q3_Tables1-15_Rev1.xlsx,Table 7,88,I88,https://efiling.energysafety.ca.gov/eFiling/Getfile.aspx?fileid=56226&shareable=true
T7R-f895ab3fd33a1db8,1070000079,3.2.a.ii,normalized_legacy_na_to_null,3. Critical facilities,,HFTD Tier 2,Urban,Non-WUI,Number of critical facilities,exact,347,,,SDG&E,2024,3,v3.2,1,3,SDGE_2024_Q3_Tables1-15_Rev1.xlsx,Table 7,89,I89,https://efiling.energysafety.ca.gov/eFiling/Getfile.aspx?fileid=56226&shareable=true
T7R-d538059e0a9667e1,1070000080,3.2.b.i,normalized_legacy_na_to_null,3. Critical facilities,,HFTD Tier 2,Rural,WUI,Number of critical facilities,exact,1049,,,SDG&E,2024,3,v3.2,1,3,SDGE_2024_Q3_Tables1-15_Rev1.xlsx,Table 7,90,I90,https://efiling.energysafety.ca.gov/eFiling/Getfile.aspx?fileid=56226&shareable=true
T7R-3fb3db0c779e0f8e,1070000081,3.2.b.ii,normalized_legacy_na_to_null,3. Critical facilities,,HFTD Tier 2,Rural,Non-WUI,Number of critical facilities,exact,964,,,SDG&E,2024,3,v3.2,1,3,SDGE_2024_Q3_Tables1-15_Rev1.xlsx,Table 7,91,I91,https://efiling.energysafety.ca.gov/eFiling/Getfile.aspx?fileid=56226&shareable=true
T7R-32c4bfb30475f759,1070000082,3.2.c.i,normalized_legacy_na_to_null,3. Critical facilities,,HFTD Tier 2,Highly rural,WUI,Number of critical facilities,exact,11,,,SDG&E,2024,3,v3.2,1,3,SDGE_2024_Q3_Tables1-15_Rev1.xlsx,Table 7,92,I92,https://efiling.energysafety.ca.gov/eFiling/Getfile.aspx?fileid=56226&shareable=true
T7R-71dc6c9967e17997,1070000083,3.2.c.ii,normalized_legacy_na_to_null,3. Critical facilities,,HFTD Tier 2,Highly rural,Non-WUI,Number of critical facilities,exact,85,,,SDG&E,2024,3,v3.2,1,3,SDGE_2024_Q3_Tables1-15_Rev1.xlsx,Table 7,93,I93,https://efiling.energysafety.ca.gov/eFiling/Getfile.aspx?fileid=56226&shareable=true
T7R-5ed75f8803a291ac,1070000084,3.3.a.i,normalized_legacy_na_to_null,3. Critical facilities,,HFTD Tier 3,Urban,WUI,Number of critical facilities,exact,5,,,SDG&E,2024,3,v3.2,1,3,SDGE_2024_Q3_Tables1-15_Rev1.xlsx,Table 7,94,I94,https://efiling.energysafety.ca.gov/eFiling/Getfile.aspx?fileid=56226&shareable=true
T7R-f2b2614a9be25408,1070000085,3.3.a.ii,normalized_legacy_na_to_null,3. Critical facilities,,HFTD Tier 3,Urban,Non-WUI,Number of critical facilities,exact,0,,,SDG&E,2024,3,v3.2,1,3,SDGE_2024_Q3_Tables1-15_Rev1.xlsx,Table 7,95,I95,https://efiling.energysafety.ca.gov/eFiling/Getfile.aspx?fileid=56226&shareable=true
T7R-2bb86557e4ad6080,1070000086,3.3.b.i,normalized_legacy_na_to_null,3. Critical facilities,,HFTD Tier 3,Rural,WUI,Number of critical facilities,exact,489,,,SDG&E,2024,3,v3.2,1,3,SDGE_2024_Q3_Tables1-15_Rev1.xlsx,Table 7,96,I96,https://efiling.energysafety.ca.gov/eFiling/Getfile.aspx?fileid=56226&shareable=true
T7R-fc69701f161210d7,1070000087,3.3.b.ii,normalized_legacy_na_to_null,3. Critical facilities,,HFTD Tier 3,Rural,Non-WUI,Number of critical facilities,exact,790,,,SDG&E,2024,3,v3.2,1,3,SDGE_2024_Q3_Tables1-15_Rev1.xlsx,Table 7,97,I97,https://efiling.energysafety.ca.gov/eFiling/Getfile.aspx?fileid=56226&shareable=true
T7R-c40b00689309e88f,1070000088,3.3.c.i,normalized_legacy_na_to_null,3. Critical facilities,,HFTD Tier 3,Highly rural,WUI,Number of critical facilities,exact,42,,,SDG&E,2024,3,v3.2,1,3,SDGE_2024_Q3_Tables1-15_Rev1.xlsx,Table 7,98,I98,https://efiling.energysafety.ca.gov/eFiling/Getfile.aspx?fileid=56226&shareable=true
T7R-2f26ec3ee148701a,1070000089,3.3.c.ii,normalized_legacy_na_to_null,3. Critical facilities,,HFTD Tier 3,Highly rural,Non-WUI,Number of critical facilities,exact,91,,,SDG&E,2024,3,v3.2,1,3,SDGE_2024_Q3_Tables1-15_Rev1.xlsx,Table 7,99,I99,https://efiling.energysafety.ca.gov/eFiling/Getfile.aspx?fileid=56226&shareable=true
T7R-c7f3d49404c83ef6,1070000090,4.0.a.i,normalized_legacy_na_to_null,4. Residential customers,,Non-HFTD,Urban,WUI,Number of residential customers,exact,203582,,,SDG&E,2024,3,v3.2,1,3,SDGE_2024_Q3_Tables1-15_Rev1.xlsx,Table 7,100,I100,https://efiling.energysafety.ca.gov/eFiling/Getfile.aspx?fileid=56226&shareable=true
T7R-b50aa2d44442d057,1070000091,4.0.a.ii,normalized_legacy_na_to_null,4. Residential customers,,Non-HFTD,Urban,Non-WUI,Number of residential customers,exact,893029,,,SDG&E,2024,3,v3.2,1,3,SDGE_2024_Q3_Tables1-15_Rev1.xlsx,Table 7,101,I101,https://efiling.energysafety.ca.gov/eFiling/Getfile.aspx?fileid=56226&shareable=true
T7R-7cc6eca91bb35ab0,1070000092,4.0.b.i,normalized_legacy_na_to_null,4. Residential customers,,Non-HFTD,Rural,WUI,Number of residential customers,exact,37026,,,SDG&E,2024,3,v3.2,1,3,SDGE_2024_Q3_Tables1-15_Rev1.xlsx,Table 7,102,I102,https://efiling.energysafety.ca.gov/eFiling/Getfile.aspx?fileid=56226&shareable=true
T7R-48d297d7ee71781c,1070000093,4.0.b.ii,normalized_legacy_na_to_null,4. Residential customers,,Non-HFTD,Rural,Non-WUI,Number of residential customers,exact,39025,,,SDG&E,2024,3,v3.2,1,3,SDGE_2024_Q3_Tables1-15_Rev1.xlsx,Table 7,103,I103,https://efiling.energysafety.ca.gov/eFiling/Getfile.aspx?fileid=56226&shareable=true
T7R-4727ee8ff6de350f,1070000094,4.0.c.i,normalized_legacy_na_to_null,4. Residential customers,,Non-HFTD,Highly rural,WUI,Number of residential customers,exact,1001,,,SDG&E,2024,3,v3.2,1,3,SDGE_2024_Q3_Tables1-15_Rev1.xlsx,Table 7,104,I104,https://efiling.energysafety.ca.gov/eFiling/Getfile.aspx?fileid=56226&shareable=true
T7R-c29bfc9e91b79b99,1070000095,4.0.c.ii,normalized_legacy_na_to_null,4. Residential customers,,Non-HFTD,Highly rural,Non-WUI,Number of residential customers,exact,1675,,,SDG&E,2024,3,v3.2,1,3,SDGE_2024_Q3_Tables1-15_Rev1.xlsx,Table 7,105,I105,https://efiling.energysafety.ca.gov/eFiling/Getfile.aspx?fileid=56226&shareable=true
T7R-3179d096d66cdf6a,1070000096,4.2.a.i,normalized_legacy_na_to_null,4. Residential customers,,HFTD Tier 2,Urban,WUI,Number of residential customers,exact,67475,,,SDG&E,2024,3,v3.2,1,3,SDGE_2024_Q3_Tables1-15_Rev1.xlsx,Table 7,106,I106,https://efiling.energysafety.ca.gov/eFiling/Getfile.aspx?fileid=56226&shareable=true
T7R-160cb8e6569540f6,1070000097,4.2.a.ii,normalized_legacy_na_to_null,4. Residential customers,,HFTD Tier 2,Urban,Non-WUI,Number of residential customers,exact,17349,,,SDG&E,2024,3,v3.2,1,3,SDGE_2024_Q3_Tables1-15_Rev1.xlsx,Table 7,107,I107,https://efiling.energysafety.ca.gov/eFiling/Getfile.aspx?fileid=56226&shareable=true
T7R-ae488a2350ca1370,1070000098,4.2.b.i,normalized_legacy_na_to_null,4. Residential customers,,HFTD Tier 2,Rural,WUI,Number of residential customers,exact,58709,,,SDG&E,2024,3,v3.2,1,3,SDGE_2024_Q3_Tables1-15_Rev1.xlsx,Table 7,108,I108,https://efiling.energysafety.ca.gov/eFiling/Getfile.aspx?fileid=56226&shareable=true
T7R-62e26b09dba528c5,1070000099,4.2.b.ii,normalized_legacy_na_to_null,4. Residential customers,,HFTD Tier 2,Rural,Non-WUI,Number of residential customers,exact,23022,,,SDG&E,2024,3,v3.2,1,3,SDGE_2024_Q3_Tables1-15_Rev1.xlsx,Table 7,109,I109,https://efiling.energysafety.ca.gov/eFiling/Getfile.aspx?fileid=56226&shareable=true
T7R-f3aee207b7f9e0e4,1070000100,4.2.c.i,normalized_legacy_na_to_null,4. Residential customers,,HFTD Tier 2,Highly rural,WUI,Number of residential customers,exact,251,,,SDG&E,2024,3,v3.2,1,3,SDGE_2024_Q3_Tables1-15_Rev1.xlsx,Table 7,110,I110,https://efiling.energysafety.ca.gov/eFiling/Getfile.aspx?fileid=56226&shareable=true
T7R-a9e569cfefa7e527,1070000101,4.2.c.ii,normalized_legacy_na_to_null,4. Residential customers,,HFTD Tier 2,Highly rural,Non-WUI,Number of residential customers,exact,497,,,SDG&E,2024,3,v3.2,1,3,SDGE_2024_Q3_Tables1-15_Rev1.xlsx,Table 7,111,I111,https://efiling.energysafety.ca.gov/eFiling/Getfile.aspx?fileid=56226&shareable=true
T7R-bdc12115345680fa,1070000102,4.3.a.i,normalized_legacy_na_to_null,4. Residential customers,,HFTD Tier 3,Urban,WUI,Number of residential customers,exact,101,,,SDG&E,2024,3,v3.2,1,3,SDGE_2024_Q3_Tables1-15_Rev1.xlsx,Table 7,112,I112,https://efiling.energysafety.ca.gov/eFiling/Getfile.aspx?fileid=56226&shareable=true
T7R-10a8e8c62d5c28c7,1070000103,4.3.a.ii,normalized_legacy_na_to_null,4. Residential customers,,HFTD Tier 3,Urban,Non-WUI,Number of residential customers,exact,3,,,SDG&E,2024,3,v3.2,1,3,SDGE_2024_Q3_Tables1-15_Rev1.xlsx,Table 7,113,I113,https://efiling.energysafety.ca.gov/eFiling/Getfile.aspx?fileid=56226&shareable=true
T7R-42be1a01bb44f973,1070000104,4.3.b.i,normalized_legacy_na_to_null,4. Residential customers,,HFTD Tier 3,Rural,WUI,Number of residential customers,exact,18341,,,SDG&E,2024,3,v3.2,1,3,SDGE_2024_Q3_Tables1-15_Rev1.xlsx,Table 7,114,I114,https://efiling.energysafety.ca.gov/eFiling/Getfile.aspx?fileid=56226&shareable=true
T7R-e4b6047f1ac52c28,1070000105,4.3.b.ii,normalized_legacy_na_to_null,4. Residential customers,,HFTD Tier 3,Rural,Non-WUI,Number of residential customers,exact,8016,,,SDG&E,2024,3,v3.2,1,3,SDGE_2024_Q3_Tables1-15_Rev1.xlsx,Table 7,115,I115,https://efiling.energysafety.ca.gov/eFiling/Getfile.aspx?fileid=56226&shareable=true
T7R-3334016fa69d53e2,1070000106,4.3.c.i,normalized_legacy_na_to_null,4. Residential customers,,HFTD Tier 3,Highly rural,WUI,Number of residential customers,exact,931,,,SDG&E,2024,3,v3.2,1,3,SDGE_2024_Q3_Tables1-15_Rev1.xlsx,Table 7,116,I116,https://efiling.energysafety.ca.gov/eFiling/Getfile.aspx?fileid=56226&shareable=true
T7R-cf8ddd023deb7857,1070000107,4.3.c.ii,normalized_legacy_na_to_null,4. Residential customers,,HFTD Tier 3,Highly rural,Non-WUI,Number of residential customers,exact,887,,,SDG&E,2024,3,v3.2,1,3,SDGE_2024_Q3_Tables1-15_Rev1.xlsx,Table 7,117,I117,https://efiling.energysafety.ca.gov/eFiling/Getfile.aspx?fileid=56226&shareable=true
T7R-e96471668b39e065,1070000108,5.0.a.i,normalized_legacy_na_to_null,5. Commercial customers,,Non-HFTD,Urban,WUI,Number of commercial customers,exact,14703,,,SDG&E,2024,3,v3.2,1,3,SDGE_2024_Q3_Tables1-15_Rev1.xlsx,Table 7,118,I118,https://efiling.energysafety.ca.gov/eFiling/Getfile.aspx?fileid=56226&shareable=true
T7R-57f5629d3629cd72,1070000109,5.0.a.ii,normalized_legacy_na_to_null,5. Commercial customers,,Non-HFTD,Urban,Non-WUI,Number of commercial customers,exact,93648,,,SDG&E,2024,3,v3.2,1,3,SDGE_2024_Q3_Tables1-15_Rev1.xlsx,Table 7,119,I119,https://efiling.energysafety.ca.gov/eFiling/Getfile.aspx?fileid=56226&shareable=true
T7R-a9bc99cdb8f87b5d,1070000110,5.0.b.i,normalized_legacy_na_to_null,5. Commercial customers,,Non-HFTD,Rural,WUI,Number of commercial customers,exact,4631,,,SDG&E,2024,3,v3.2,1,3,SDGE_2024_Q3_Tables1-15_Rev1.xlsx,Table 7,120,I120,https://efiling.energysafety.ca.gov/eFiling/Getfile.aspx?fileid=56226&shareable=true
T7R-c325703ecd8bf400,1070000111,5.0.b.ii,normalized_legacy_na_to_null,5. Commercial customers,,Non-HFTD,Rural,Non-WUI,Number of commercial customers,exact,25039,,,SDG&E,2024,3,v3.2,1,3,SDGE_2024_Q3_Tables1-15_Rev1.xlsx,Table 7,121,I121,https://efiling.energysafety.ca.gov/eFiling/Getfile.aspx?fileid=56226&shareable=true
T7R-f12db64ea223411e,1070000112,5.0.c.i,normalized_legacy_na_to_null,5. Commercial customers,,Non-HFTD,Highly rural,WUI,Number of commercial customers,exact,99,,,SDG&E,2024,3,v3.2,1,3,SDGE_2024_Q3_Tables1-15_Rev1.xlsx,Table 7,122,I122,https://efiling.energysafety.ca.gov/eFiling/Getfile.aspx?fileid=56226&shareable=true
T7R-927229cd5fe2a081,1070000113,5.0.c.ii,normalized_legacy_na_to_null,5. Commercial customers,,Non-HFTD,Highly rural,Non-WUI,Number of commercial customers,exact,522,,,SDG&E,2024,3,v3.2,1,3,SDGE_2024_Q3_Tables1-15_Rev1.xlsx,Table 7,123,I123,https://efiling.energysafety.ca.gov/eFiling/Getfile.aspx?fileid=56226&shareable=true
T7R-54977407af0c39c6,1070000114,5.2.a.i,normalized_legacy_na_to_null,5. Commercial customers,,HFTD Tier 2,Urban,WUI,Number of commercial customers,exact,4334,,,SDG&E,2024,3,v3.2,1,3,SDGE_2024_Q3_Tables1-15_Rev1.xlsx,Table 7,124,I124,https://efiling.energysafety.ca.gov/eFiling/Getfile.aspx?fileid=56226&shareable=true
T7R-a526ad4dce0f70c7,1070000115,5.2.a.ii,normalized_legacy_na_to_null,5. Commercial customers,,HFTD Tier 2,Urban,Non-WUI,Number of commercial customers,exact,2469,,,SDG&E,2024,3,v3.2,1,3,SDGE_2024_Q3_Tables1-15_Rev1.xlsx,Table 7,125,I125,https://efiling.energysafety.ca.gov/eFiling/Getfile.aspx?fileid=56226&shareable=true
T7R-3defcf72aea1ddc9,1070000116,5.2.b.i,normalized_legacy_na_to_null,5. Commercial customers,,HFTD Tier 2,Rural,WUI,Number of commercial customers,exact,5054,,,SDG&E,2024,3,v3.2,1,3,SDGE_2024_Q3_Tables1-15_Rev1.xlsx,Table 7,126,I126,https://efiling.energysafety.ca.gov/eFiling/Getfile.aspx?fileid=56226&shareable=true
T7R-3112327ae598fceb,1070000117,5.2.b.ii,normalized_legacy_na_to_null,5. Commercial customers,,HFTD Tier 2,Rural,Non-WUI,Number of commercial customers,exact,4208,,,SDG&E,2024,3,v3.2,1,3,SDGE_2024_Q3_Tables1-15_Rev1.xlsx,Table 7,127,I127,https://efiling.energysafety.ca.gov/eFiling/Getfile.aspx?fileid=56226&shareable=true
T7R-e8ffcf5235efdf61,1070000118,5.2.c.i,normalized_legacy_na_to_null,5. Commercial customers,,HFTD Tier 2,Highly rural,WUI,Number of commercial customers,exact,34,,,SDG&E,2024,3,v3.2,1,3,SDGE_2024_Q3_Tables1-15_Rev1.xlsx,Table 7,128,I128,https://efiling.energysafety.ca.gov/eFiling/Getfile.aspx?fileid=56226&shareable=true
T7R-f3608711f2ef20f7,1070000119,5.2.c.ii,normalized_legacy_na_to_null,5. Commercial customers,,HFTD Tier 2,Highly rural,Non-WUI,Number of commercial customers,exact,218,,,SDG&E,2024,3,v3.2,1,3,SDGE_2024_Q3_Tables1-15_Rev1.xlsx,Table 7,129,I129,https://efiling.energysafety.ca.gov/eFiling/Getfile.aspx?fileid=56226&shareable=true
T7R-f2000b29b0d6dff7,1070000120,5.3.a.i,normalized_legacy_na_to_null,5. Commercial customers,,HFTD Tier 3,Urban,WUI,Number of commercial customers,exact,17,,,SDG&E,2024,3,v3.2,1,3,SDGE_2024_Q3_Tables1-15_Rev1.xlsx,Table 7,130,I130,https://efiling.energysafety.ca.gov/eFiling/Getfile.aspx?fileid=56226&shareable=true
T7R-0f109c4daba7efc3,1070000121,5.3.a.ii,normalized_legacy_na_to_null,5. Commercial customers,,HFTD Tier 3,Urban,Non-WUI,Number of commercial customers,exact,0,,,SDG&E,2024,3,v3.2,1,3,SDGE_2024_Q3_Tables1-15_Rev1.xlsx,Table 7,131,I131,https://efiling.energysafety.ca.gov/eFiling/Getfile.aspx?fileid=56226&shareable=true
T7R-bdccae3f20d8f556,1070000122,5.3.b.i,normalized_legacy_na_to_null,5. Commercial customers,,HFTD Tier 3,Rural,WUI,Number of commercial customers,exact,2229,,,SDG&E,2024,3,v3.2,1,3,SDGE_2024_Q3_Tables1-15_Rev1.xlsx,Table 7,132,I132,https://efiling.energysafety.ca.gov/eFiling/Getfile.aspx?fileid=56226&shareable=true
T7R-11490a3d8d660318,1070000123,5.3.b.ii,normalized_legacy_na_to_null,5. Commercial customers,,HFTD Tier 3,Rural,Non-WUI,Number of commercial customers,exact,2554,,,SDG&E,2024,3,v3.2,1,3,SDGE_2024_Q3_Tables1-15_Rev1.xlsx,Table 7,133,I133,https://efiling.energysafety.ca.gov/eFiling/Getfile.aspx?fileid=56226&shareable=true
T7R-e0bf4590765e61ad,1070000124,5.3.c.i,normalized_legacy_na_to_null,5. Commercial customers,,HFTD Tier 3,Highly rural,WUI,Number of commercial customers,exact,146,,,SDG&E,2024,3,v3.2,1,3,SDGE_2024_Q3_Tables1-15_Rev1.xlsx,Table 7,134,I134,https://efiling.energysafety.ca.gov/eFiling/Getfile.aspx?fileid=56226&shareable=true
T7R-5b33495ded11ece0,1070000125,5.3.c.ii,normalized_legacy_na_to_null,5. Commercial customers,,HFTD Tier 3,Highly rural,Non-WUI,Number of commercial customers,exact,388,,,SDG&E,2024,3,v3.2,1,3,SDGE_2024_Q3_Tables1-15_Rev1.xlsx,Table 7,135,I135,https://efiling.energysafety.ca.gov/eFiling/Getfile.aspx?fileid=56226&shareable=true
T7R-a4d6db23c1cd105d,1070000126,6.0.a.i,normalized_legacy_na_to_null,6. AFN customers,,Non-HFTD,Urban,WUI,Number of customers belonging to access and functional needs populations,exact,45305,,,SDG&E,2024,3,v3.2,1,3,SDGE_2024_Q3_Tables1-15_Rev1.xlsx,Table 7,136,I136,https://efiling.energysafety.ca.gov/eFiling/Getfile.aspx?fileid=56226&shareable=true
T7R-e6debd1ab2a50fe7,1070000127,6.0.a.ii,normalized_legacy_na_to_null,6. AFN customers,,Non-HFTD,Urban,Non-WUI,Number of customers belonging to access and functional needs populations,exact,304256,,,SDG&E,2024,3,v3.2,1,3,SDGE_2024_Q3_Tables1-15_Rev1.xlsx,Table 7,137,I137,https://efiling.energysafety.ca.gov/eFiling/Getfile.aspx?fileid=56226&shareable=true
T7R-0ced053c8d1d25d7,1070000128,6.0.b.i,normalized_legacy_na_to_null,6. AFN customers,,Non-HFTD,Rural,WUI,Number of customers belonging to access and functional needs populations,exact,7811,,,SDG&E,2024,3,v3.2,1,3,SDGE_2024_Q3_Tables1-15_Rev1.xlsx,Table 7,138,I138,https://efiling.energysafety.ca.gov/eFiling/Getfile.aspx?fileid=56226&shareable=true
T7R-f0a8c67e2253cc05,1070000129,6.0.b.ii,normalized_legacy_na_to_null,6. AFN customers,,Non-HFTD,Rural,Non-WUI,Number of customers belonging to access and functional needs populations,exact,9329,,,SDG&E,2024,3,v3.2,1,3,SDGE_2024_Q3_Tables1-15_Rev1.xlsx,Table 7,139,I139,https://efiling.energysafety.ca.gov/eFiling/Getfile.aspx?fileid=56226&shareable=true
T7R-971bd68e322aa43b,1070000130,6.0.c.i,normalized_legacy_na_to_null,6. AFN customers,,Non-HFTD,Highly rural,WUI,Number of customers belonging to access and functional needs populations,exact,308,,,SDG&E,2024,3,v3.2,1,3,SDGE_2024_Q3_Tables1-15_Rev1.xlsx,Table 7,140,I140,https://efiling.energysafety.ca.gov/eFiling/Getfile.aspx?fileid=56226&shareable=true
T7R-290cd035ce7ae92f,1070000131,6.0.c.ii,normalized_legacy_na_to_null,6. AFN customers,,Non-HFTD,Highly rural,Non-WUI,Number of customers belonging to access and functional needs populations,exact,434,,,SDG&E,2024,3,v3.2,1,3,SDGE_2024_Q3_Tables1-15_Rev1.xlsx,Table 7,141,I141,https://efiling.energysafety.ca.gov/eFiling/Getfile.aspx?fileid=56226&shareable=true
T7R-f1450d33b1860d7f,1070000132,6.2.a.i,normalized_legacy_na_to_null,6. AFN customers,,HFTD Tier 2,Urban,WUI,Number of customers belonging to access and functional needs populations,exact,14533,,,SDG&E,2024,3,v3.2,1,3,SDGE_2024_Q3_Tables1-15_Rev1.xlsx,Table 7,142,I142,https://efiling.energysafety.ca.gov/eFiling/Getfile.aspx?fileid=56226&shareable=true
T7R-b9e18c3f1f4dfdb8,1070000133,6.2.a.ii,normalized_legacy_na_to_null,6. AFN customers,,HFTD Tier 2,Urban,Non-WUI,Number of customers belonging to access and functional needs populations,exact,5215,,,SDG&E,2024,3,v3.2,1,3,SDGE_2024_Q3_Tables1-15_Rev1.xlsx,Table 7,143,I143,https://efiling.energysafety.ca.gov/eFiling/Getfile.aspx?fileid=56226&shareable=true
T7R-563c6df528a3095d,1070000134,6.2.b.i,normalized_legacy_na_to_null,6. AFN customers,,HFTD Tier 2,Rural,WUI,Number of customers belonging to access and functional needs populations,exact,11713,,,SDG&E,2024,3,v3.2,1,3,SDGE_2024_Q3_Tables1-15_Rev1.xlsx,Table 7,144,I144,https://efiling.energysafety.ca.gov/eFiling/Getfile.aspx?fileid=56226&shareable=true
T7R-1386dd583735741f,1070000135,6.2.b.ii,normalized_legacy_na_to_null,6. AFN customers,,HFTD Tier 2,Rural,Non-WUI,Number of customers belonging to access and functional needs populations,exact,4845,,,SDG&E,2024,3,v3.2,1,3,SDGE_2024_Q3_Tables1-15_Rev1.xlsx,Table 7,145,I145,https://efiling.energysafety.ca.gov/eFiling/Getfile.aspx?fileid=56226&shareable=true
T7R-513cd01b355a7744,1070000136,6.2.c.i,normalized_legacy_na_to_null,6. AFN customers,,HFTD Tier 2,Highly rural,WUI,Number of customers belonging to access and functional needs populations,exact,90,,,SDG&E,2024,3,v3.2,1,3,SDGE_2024_Q3_Tables1-15_Rev1.xlsx,Table 7,146,I146,https://efiling.energysafety.ca.gov/eFiling/Getfile.aspx?fileid=56226&shareable=true
T7R-65ce904d16a0f825,1070000137,6.2.c.ii,normalized_legacy_na_to_null,6. AFN customers,,HFTD Tier 2,Highly rural,Non-WUI,Number of customers belonging to access and functional needs populations,exact,169,,,SDG&E,2024,3,v3.2,1,3,SDGE_2024_Q3_Tables1-15_Rev1.xlsx,Table 7,147,I147,https://efiling.energysafety.ca.gov/eFiling/Getfile.aspx?fileid=56226&shareable=true
T7R-bbe441277c6f83ca,1070000138,6.3.a.i,normalized_legacy_na_to_null,6. AFN customers,,HFTD Tier 3,Urban,WUI,Number of customers belonging to access and functional needs populations,exact,28,,,SDG&E,2024,3,v3.2,1,3,SDGE_2024_Q3_Tables1-15_Rev1.xlsx,Table 7,148,I148,https://efiling.energysafety.ca.gov/eFiling/Getfile.aspx?fileid=56226&shareable=true
T7R-7af38183a2dcbb1d,1070000139,6.3.a.ii,normalized_legacy_na_to_null,6. AFN customers,,HFTD Tier 3,Urban,Non-WUI,Number of customers belonging to access and functional needs populations,exact,1,,,SDG&E,2024,3,v3.2,1,3,SDGE_2024_Q3_Tables1-15_Rev1.xlsx,Table 7,149,I149,https://efiling.energysafety.ca.gov/eFiling/Getfile.aspx?fileid=56226&shareable=true
T7R-2988676956ec362c,1070000140,6.3.b.i,normalized_legacy_na_to_null,6. AFN customers,,HFTD Tier 3,Rural,WUI,Number of customers belonging to access and functional needs populations,exact,5404,,,SDG&E,2024,3,v3.2,1,3,SDGE_2024_Q3_Tables1-15_Rev1.xlsx,Table 7,150,I150,https://efiling.energysafety.ca.gov/eFiling/Getfile.aspx?fileid=56226&shareable=true
T7R-f89a87daced91a01,1070000141,6.3.b.ii,normalized_legacy_na_to_null,6. AFN customers,,HFTD Tier 3,Rural,Non-WUI,Number of customers belonging to access and functional needs populations,exact,2115,,,SDG&E,2024,3,v3.2,1,3,SDGE_2024_Q3_Tables1-15_Rev1.xlsx,Table 7,151,I151,https://efiling.energysafety.ca.gov/eFiling/Getfile.aspx?fileid=56226&shareable=true
T7R-0566cee3e6820605,1070000142,6.3.c.i,normalized_legacy_na_to_null,6. AFN customers,,HFTD Tier 3,Highly rural,WUI,Number of customers belonging to access and functional needs populations,exact,251,,,SDG&E,2024,3,v3.2,1,3,SDGE_2024_Q3_Tables1-15_Rev1.xlsx,Table 7,152,I152,https://efiling.energysafety.ca.gov/eFiling/Getfile.aspx?fileid=56226&shareable=true
T7R-63f52acd462df475,1070000143,6.3.c.ii,normalized_legacy_na_to_null,6. AFN customers,,HFTD Tier 3,Highly rural,Non-WUI,Number of customers belonging to access and functional needs populations,exact,201,,,SDG&E,2024,3,v3.2,1,3,SDGE_2024_Q3_Tables1-15_Rev1.xlsx,Table 7,153,I153,https://efiling.energysafety.ca.gov/eFiling/Getfile.aspx?fileid=56226&shareable=true
T7R-c339c8fee6eddf3d,1070000144,7.0.a.i,normalized_legacy_na_to_null,7. Substations,,Non-HFTD,Urban,WUI,Number of substations,exact,12,,,SDG&E,2024,3,v3.2,1,3,SDGE_2024_Q3_Tables1-15_Rev1.xlsx,Table 7,154,I154,https://efiling.energysafety.ca.gov/eFiling/Getfile.aspx?fileid=56226&shareable=true
T7R-56ebfaff4011857c,1070000145,7.0.a.ii,normalized_legacy_na_to_null,7. Substations,,Non-HFTD,Urban,Non-WUI,Number of substations,exact,66,,,SDG&E,2024,3,v3.2,1,3,SDGE_2024_Q3_Tables1-15_Rev1.xlsx,Table 7,155,I155,https://efiling.energysafety.ca.gov/eFiling/Getfile.aspx?fileid=56226&shareable=true
T7R-2d934fe368fb64ce,1070000146,7.0.b.i,normalized_legacy_na_to_null,7. Substations,,Non-HFTD,Rural,WUI,Number of substations,exact,4,,,SDG&E,2024,3,v3.2,1,3,SDGE_2024_Q3_Tables1-15_Rev1.xlsx,Table 7,156,I156,https://efiling.energysafety.ca.gov/eFiling/Getfile.aspx?fileid=56226&shareable=true
T7R-36699de000a1273a,1070000147,7.0.b.ii,normalized_legacy_na_to_null,7. Substations,,Non-HFTD,Rural,Non-WUI,Number of substations,exact,26,,,SDG&E,2024,3,v3.2,1,3,SDGE_2024_Q3_Tables1-15_Rev1.xlsx,Table 7,157,I157,https://efiling.energysafety.ca.gov/eFiling/Getfile.aspx?fileid=56226&shareable=true
T7R-08f04b909a582b86,1070000148,7.0.c.i,normalized_legacy_na_to_null,7. Substations,,Non-HFTD,Highly rural,WUI,Number of substations,exact,0,,,SDG&E,2024,3,v3.2,1,3,SDGE_2024_Q3_Tables1-15_Rev1.xlsx,Table 7,158,I158,https://efiling.energysafety.ca.gov/eFiling/Getfile.aspx?fileid=56226&shareable=true
T7R-896ff04bd990ec85,1070000149,7.0.c.ii,normalized_legacy_na_to_null,7. Substations,,Non-HFTD,Highly rural,Non-WUI,Number of substations,exact,3,,,SDG&E,2024,3,v3.2,1,3,SDGE_2024_Q3_Tables1-15_Rev1.xlsx,Table 7,159,I159,https://efiling.energysafety.ca.gov/eFiling/Getfile.aspx?fileid=56226&shareable=true
T7R-73d9a68bbc7e8f96,1070000150,7.2.a.i,normalized_legacy_na_to_null,7. Substations,,HFTD Tier 2,Urban,WUI,Number of substations,exact,1,,,SDG&E,2024,3,v3.2,1,3,SDGE_2024_Q3_Tables1-15_Rev1.xlsx,Table 7,160,I160,https://efiling.energysafety.ca.gov/eFiling/Getfile.aspx?fileid=56226&shareable=true
T7R-0fe8c4a53328a801,1070000151,7.2.a.ii,normalized_legacy_na_to_null,7. Substations,,HFTD Tier 2,Urban,Non-WUI,Number of substations,exact,5,,,SDG&E,2024,3,v3.2,1,3,SDGE_2024_Q3_Tables1-15_Rev1.xlsx,Table 7,161,I161,https://efiling.energysafety.ca.gov/eFiling/Getfile.aspx?fileid=56226&shareable=true
T7R-99b2cd7e86c58913,1070000152,7.2.b.i,normalized_legacy_na_to_null,7. Substations,,HFTD Tier 2,Rural,WUI,Number of substations,exact,5,,,SDG&E,2024,3,v3.2,1,3,SDGE_2024_Q3_Tables1-15_Rev1.xlsx,Table 7,162,I162,https://efiling.energysafety.ca.gov/eFiling/Getfile.aspx?fileid=56226&shareable=true
T7R-bfcc4b18adb9e149,1070000153,7.2.b.ii,normalized_legacy_na_to_null,7. Substations,,HFTD Tier 2,Rural,Non-WUI,Number of substations,exact,23,,,SDG&E,2024,3,v3.2,1,3,SDGE_2024_Q3_Tables1-15_Rev1.xlsx,Table 7,163,I163,https://efiling.energysafety.ca.gov/eFiling/Getfile.aspx?fileid=56226&shareable=true
T7R-efa1e58f14e65344,1070000154,7.2.c.i,normalized_legacy_na_to_null,7. Substations,,HFTD Tier 2,Highly rural,WUI,Number of substations,exact,0,,,SDG&E,2024,3,v3.2,1,3,SDGE_2024_Q3_Tables1-15_Rev1.xlsx,Table 7,164,I164,https://efiling.energysafety.ca.gov/eFiling/Getfile.aspx?fileid=56226&shareable=true
T7R-91df9f164c409494,1070000155,7.2.c.ii,normalized_legacy_na_to_null,7. Substations,,HFTD Tier 2,Highly rural,Non-WUI,Number of substations,exact,1,,,SDG&E,2024,3,v3.2,1,3,SDGE_2024_Q3_Tables1-15_Rev1.xlsx,Table 7,165,I165,https://efiling.energysafety.ca.gov/eFiling/Getfile.aspx?fileid=56226&shareable=true
T7R-70634373d50b125b,1070000156,7.3.a.i,normalized_legacy_na_to_null,7. Substations,,HFTD Tier 3,Urban,WUI,Number of substations,exact,0,,,SDG&E,2024,3,v3.2,1,3,SDGE_2024_Q3_Tables1-15_Rev1.xlsx,Table 7,166,I166,https://efiling.energysafety.ca.gov/eFiling/Getfile.aspx?fileid=56226&shareable=true
T7R-573780d5add98f63,1070000157,7.3.a.ii,normalized_legacy_na_to_null,7. Substations,,HFTD Tier 3,Urban,Non-WUI,Number of substations,exact,0,,,SDG&E,2024,3,v3.2,1,3,SDGE_2024_Q3_Tables1-15_Rev1.xlsx,Table 7,167,I167,https://efiling.energysafety.ca.gov/eFiling/Getfile.aspx?fileid=56226&shareable=true
T7R-13fb2e61302b903a,1070000158,7.3.b.i,normalized_legacy_na_to_null,7. Substations,,HFTD Tier 3,Rural,WUI,Number of substations,exact,0,,,SDG&E,2024,3,v3.2,1,3,SDGE_2024_Q3_Tables1-15_Rev1.xlsx,Table 7,168,I168,https://efiling.energysafety.ca.gov/eFiling/Getfile.aspx?fileid=56226&shareable=true
T7R-ff7bf9a7c43bf39e,1070000159,7.3.b.ii,normalized_legacy_na_to_null,7. Substations,,HFTD Tier 3,Rural,Non-WUI,Number of substations,exact,11,,,SDG&E,2024,3,v3.2,1,3,SDGE_2024_Q3_Tables1-15_Rev1.xlsx,Table 7,169,I169,https://efiling.energysafety.ca.gov/eFiling/Getfile.aspx?fileid=56226&shareable=true
T7R-efae0ea178f32415,1070000160,7.3.c.i,normalized_legacy_na_to_null,7. Substations,,HFTD Tier 3,Highly rural,WUI,Number of substations,exact,0,,,SDG&E,2024,3,v3.2,1,3,SDGE_2024_Q3_Tables1-15_Rev1.xlsx,Table 7,170,I170,https://efiling.energysafety.ca.gov/eFiling/Getfile.aspx?fileid=56226&shareable=true
T7R-0e3d4a5bae53168e,1070000161,7.3.c.ii,normalized_legacy_na_to_null,7. Substations,,HFTD Tier 3,Highly rural,Non-WUI,Number of substations,exact,2,,,SDG&E,2024,3,v3.2,1,3,SDGE_2024_Q3_Tables1-15_Rev1.xlsx,Table 7,171,I171,https://efiling.energysafety.ca.gov/eFiling/Getfile.aspx?fileid=56226&shareable=true
T7R-237a791a34e97d97,1070000162,8.0.a.i,normalized_legacy_na_to_null,8. Weather stations,,Non-HFTD,Urban,WUI,Number of weather stations,exact,3,,,SDG&E,2024,3,v3.2,1,3,SDGE_2024_Q3_Tables1-15_Rev1.xlsx,Table 7,172,I172,https://efiling.energysafety.ca.gov/eFiling/Getfile.aspx?fileid=56226&shareable=true
T7R-7e06754a0843cd61,1070000163,8.0.a.ii,normalized_legacy_na_to_null,8. Weather stations,,Non-HFTD,Urban,Non-WUI,Number of weather stations,exact,13,,,SDG&E,2024,3,v3.2,1,3,SDGE_2024_Q3_Tables1-15_Rev1.xlsx,Table 7,173,I173,https://efiling.energysafety.ca.gov/eFiling/Getfile.aspx?fileid=56226&shareable=true
T7R-8aa096c71962b69c,1070000164,8.0.b.i,normalized_legacy_na_to_null,8. Weather stations,,Non-HFTD,Rural,WUI,Number of weather stations,exact,1,,,SDG&E,2024,3,v3.2,1,3,SDGE_2024_Q3_Tables1-15_Rev1.xlsx,Table 7,174,I174,https://efiling.energysafety.ca.gov/eFiling/Getfile.aspx?fileid=56226&shareable=true
T7R-6c6b360e3a47d3bf,1070000165,8.0.b.ii,normalized_legacy_na_to_null,8. Weather stations,,Non-HFTD,Rural,Non-WUI,Number of weather stations,exact,3,,,SDG&E,2024,3,v3.2,1,3,SDGE_2024_Q3_Tables1-15_Rev1.xlsx,Table 7,175,I175,https://efiling.energysafety.ca.gov/eFiling/Getfile.aspx?fileid=56226&shareable=true
T7R-dc9ca13fde5d7433,1070000166,8.0.c.i,normalized_legacy_na_to_null,8. Weather stations,,Non-HFTD,Highly rural,WUI,Number of weather stations,exact,0,,,SDG&E,2024,3,v3.2,1,3,SDGE_2024_Q3_Tables1-15_Rev1.xlsx,Table 7,176,I176,https://efiling.energysafety.ca.gov/eFiling/Getfile.aspx?fileid=56226&shareable=true
T7R-a98eebb089f926d7,1070000167,8.0.c.ii,normalized_legacy_na_to_null,8. Weather stations,,Non-HFTD,Highly rural,Non-WUI,Number of weather stations,exact,2,,,SDG&E,2024,3,v3.2,1,3,SDGE_2024_Q3_Tables1-15_Rev1.xlsx,Table 7,177,I177,https://efiling.energysafety.ca.gov/eFiling/Getfile.aspx?fileid=56226&shareable=true
T7R-269699fd1d033a31,1070000168,8.2.a.i,normalized_legacy_na_to_null,8. Weather stations,,HFTD Tier 2,Urban,WUI,Number of weather stations,exact,2,,,SDG&E,2024,3,v3.2,1,3,SDGE_2024_Q3_Tables1-15_Rev1.xlsx,Table 7,178,I178,https://efiling.energysafety.ca.gov/eFiling/Getfile.aspx?fileid=56226&shareable=true
T7R-5d47157ecc5dd11f,1070000169,8.2.a.ii,normalized_legacy_na_to_null,8. Weather stations,,HFTD Tier 2,Urban,Non-WUI,Number of weather stations,exact,4,,,SDG&E,2024,3,v3.2,1,3,SDGE_2024_Q3_Tables1-15_Rev1.xlsx,Table 7,179,I179,https://efiling.energysafety.ca.gov/eFiling/Getfile.aspx?fileid=56226&shareable=true
T7R-0fa5b04203c0fd76,1070000170,8.2.b.i,normalized_legacy_na_to_null,8. Weather stations,,HFTD Tier 2,Rural,WUI,Number of weather stations,exact,16,,,SDG&E,2024,3,v3.2,1,3,SDGE_2024_Q3_Tables1-15_Rev1.xlsx,Table 7,180,I180,https://efiling.energysafety.ca.gov/eFiling/Getfile.aspx?fileid=56226&shareable=true
T7R-4b29fd1b0ae7286b,1070000171,8.2.b.ii,normalized_legacy_na_to_null,8. Weather stations,,HFTD Tier 2,Rural,Non-WUI,Number of weather stations,exact,52,,,SDG&E,2024,3,v3.2,1,3,SDGE_2024_Q3_Tables1-15_Rev1.xlsx,Table 7,181,I181,https://efiling.energysafety.ca.gov/eFiling/Getfile.aspx?fileid=56226&shareable=true
T7R-cf4342224cbb4aa8,1070000172,8.2.c.i,normalized_legacy_na_to_null,8. Weather stations,,HFTD Tier 2,Highly rural,WUI,Number of weather stations,exact,1,,,SDG&E,2024,3,v3.2,1,3,SDGE_2024_Q3_Tables1-15_Rev1.xlsx,Table 7,182,I182,https://efiling.energysafety.ca.gov/eFiling/Getfile.aspx?fileid=56226&shareable=true
T7R-d4d12f9c31d4aa04,1070000173,8.2.c.ii,normalized_legacy_na_to_null,8. Weather stations,,HFTD Tier 2,Highly rural,Non-WUI,Number of weather stations,exact,7,,,SDG&E,2024,3,v3.2,1,3,SDGE_2024_Q3_Tables1-15_Rev1.xlsx,Table 7,183,I183,https://efiling.energysafety.ca.gov/eFiling/Getfile.aspx?fileid=56226&shareable=true
T7R-f1e493bf93ccf0fe,1070000174,8.3.a.i,normalized_legacy_na_to_null,8. Weather stations,,HFTD Tier 3,Urban,WUI,Number of weather stations,exact,0,,,SDG&E,2024,3,v3.2,1,3,SDGE_2024_Q3_Tables1-15_Rev1.xlsx,Table 7,184,I184,https://efiling.energysafety.ca.gov/eFiling/Getfile.aspx?fileid=56226&shareable=true
T7R-eff8819fdec43a05,1070000175,8.3.a.ii,normalized_legacy_na_to_null,8. Weather stations,,HFTD Tier 3,Urban,Non-WUI,Number of weather stations,exact,0,,,SDG&E,2024,3,v3.2,1,3,SDGE_2024_Q3_Tables1-15_Rev1.xlsx,Table 7,185,I185,https://efiling.energysafety.ca.gov/eFiling/Getfile.aspx?fileid=56226&shareable=true
T7R-50e317297a08f97a,1070000176,8.3.b.i,normalized_legacy_na_to_null,8. Weather stations,,HFTD Tier 3,Rural,WUI,Number of weather stations,exact,11,,,SDG&E,2024,3,v3.2,1,3,SDGE_2024_Q3_Tables1-15_Rev1.xlsx,Table 7,186,I186,https://efiling.energysafety.ca.gov/eFiling/Getfile.aspx?fileid=56226&shareable=true
T7R-62dd877d1706b44a,1070000177,8.3.b.ii,normalized_legacy_na_to_null,8. Weather stations,,HFTD Tier 3,Rural,Non-WUI,Number of weather stations,exact,85,,,SDG&E,2024,3,v3.2,1,3,SDGE_2024_Q3_Tables1-15_Rev1.xlsx,Table 7,187,I187,https://efiling.energysafety.ca.gov/eFiling/Getfile.aspx?fileid=56226&shareable=true
T7R-7556b848f4c53ffd,1070000178,8.3.c.i,normalized_legacy_na_to_null,8. Weather stations,,HFTD Tier 3,Highly rural,WUI,Number of weather stations,exact,2,,,SDG&E,2024,3,v3.2,1,3,SDGE_2024_Q3_Tables1-15_Rev1.xlsx,Table 7,188,I188,https://efiling.energysafety.ca.gov/eFiling/Getfile.aspx?fileid=56226&shareable=true
T7R-48f34f0d110d16b7,1070000179,8.3.c.ii,normalized_legacy_na_to_null,8. Weather stations,,HFTD Tier 3,Highly rural,Non-WUI,Number of weather stations,exact,18,,,SDG&E,2024,3,v3.2,1,3,SDGE_2024_Q3_Tables1-15_Rev1.xlsx,Table 7,189,I189,https://efiling.energysafety.ca.gov/eFiling/Getfile.aspx?fileid=56226&shareable=true
T7R-3796b7ca0daa012a,1070000000,1.d.0.a.i,exact_dimensions_and_unit,1. Overhead circuit miles,Distribution,Non-HFTD,Urban,WUI,Circuit miles,exact,391.9200758,,,SDG&E,2024,4,v3.2,1,4,SDGE_2024_Q4_Tables1-15_R1.xlsx,Table 7,10,I10,https://efiling.energysafety.ca.gov/eFiling/Getfile.aspx?fileid=56226&shareable=true
T7R-fa88ffc75f689c06,1070000001,1.d.0.a.ii,exact_dimensions_and_unit,1. Overhead circuit miles,Distribution,Non-HFTD,Urban,Non-WUI,Circuit miles,exact,2066.268939,,,SDG&E,2024,4,v3.2,1,4,SDGE_2024_Q4_Tables1-15_R1.xlsx,Table 7,11,I11,https://efiling.energysafety.ca.gov/eFiling/Getfile.aspx?fileid=56226&shareable=true
T7R-5beac493ba372a14,1070000002,1.d.0.b.i,exact_dimensions_and_unit,1. Overhead circuit miles,Distribution,Non-HFTD,Rural,WUI,Circuit miles,exact,175.7248106,,,SDG&E,2024,4,v3.2,1,4,SDGE_2024_Q4_Tables1-15_R1.xlsx,Table 7,12,I12,https://efiling.energysafety.ca.gov/eFiling/Getfile.aspx?fileid=56226&shareable=true
T7R-648a06aa4ef253bf,1070000003,1.d.0.b.ii,exact_dimensions_and_unit,1. Overhead circuit miles,Distribution,Non-HFTD,Rural,Non-WUI,Circuit miles,exact,173.0859848,,,SDG&E,2024,4,v3.2,1,4,SDGE_2024_Q4_Tables1-15_R1.xlsx,Table 7,13,I13,https://efiling.energysafety.ca.gov/eFiling/Getfile.aspx?fileid=56226&shareable=true
T7R-59d3530702b9f6d4,1070000004,1.d.0.c.i,exact_dimensions_and_unit,1. Overhead circuit miles,Distribution,Non-HFTD,Highly rural,WUI,Circuit miles,exact,34.83200758,,,SDG&E,2024,4,v3.2,1,4,SDGE_2024_Q4_Tables1-15_R1.xlsx,Table 7,14,I14,https://efiling.energysafety.ca.gov/eFiling/Getfile.aspx?fileid=56226&shareable=true
T7R-3275e0d552faa694,1070000005,1.d.0.c.ii,exact_dimensions_and_unit,1. Overhead circuit miles,Distribution,Non-HFTD,Highly rural,Non-WUI,Circuit miles,exact,109.225947,,,SDG&E,2024,4,v3.2,1,4,SDGE_2024_Q4_Tables1-15_R1.xlsx,Table 7,15,I15,https://efiling.energysafety.ca.gov/eFiling/Getfile.aspx?fileid=56226&shareable=true
T7R-2defb72009093dda,1070000006,1.d.2.a.i,exact_dimensions_and_unit,1. Overhead circuit miles,Distribution,HFTD Tier 2,Urban,WUI,Circuit miles,exact,91.58579545,,,SDG&E,2024,4,v3.2,1,4,SDGE_2024_Q4_Tables1-15_R1.xlsx,Table 7,16,I16,https://efiling.energysafety.ca.gov/eFiling/Getfile.aspx?fileid=56226&shareable=true
T7R-ce6f697704ab95d0,1070000007,1.d.2.a.ii,exact_dimensions_and_unit,1. Overhead circuit miles,Distribution,HFTD Tier 2,Urban,Non-WUI,Circuit miles,exact,83.40435606,,,SDG&E,2024,4,v3.2,1,4,SDGE_2024_Q4_Tables1-15_R1.xlsx,Table 7,17,I17,https://efiling.energysafety.ca.gov/eFiling/Getfile.aspx?fileid=56226&shareable=true
T7R-27f9882b8f3e6f11,1070000008,1.d.2.b.i,exact_dimensions_and_unit,1. Overhead circuit miles,Distribution,HFTD Tier 2,Rural,WUI,Circuit miles,exact,842.3609848,,,SDG&E,2024,4,v3.2,1,4,SDGE_2024_Q4_Tables1-15_R1.xlsx,Table 7,18,I18,https://efiling.energysafety.ca.gov/eFiling/Getfile.aspx?fileid=56226&shareable=true
T7R-127d67915f85fd28,1070000009,1.d.2.b.ii,exact_dimensions_and_unit,1. Overhead circuit miles,Distribution,HFTD Tier 2,Rural,Non-WUI,Circuit miles,exact,584.5126894,,,SDG&E,2024,4,v3.2,1,4,SDGE_2024_Q4_Tables1-15_R1.xlsx,Table 7,19,I19,https://efiling.energysafety.ca.gov/eFiling/Getfile.aspx?fileid=56226&shareable=true
T7R-e9847dae05fc506d,1070000010,1.d.2.c.i,exact_dimensions_and_unit,1. Overhead circuit miles,Distribution,HFTD Tier 2,Highly rural,WUI,Circuit miles,exact,20.31685606,,,SDG&E,2024,4,v3.2,1,4,SDGE_2024_Q4_Tables1-15_R1.xlsx,Table 7,20,I20,https://efiling.energysafety.ca.gov/eFiling/Getfile.aspx?fileid=56226&shareable=true
T7R-33c45c70d4c0c4ad,1070000011,1.d.2.c.ii,exact_dimensions_and_unit,1. Overhead circuit miles,Distribution,HFTD Tier 2,Highly rural,Non-WUI,Circuit miles,exact,151.9399621,,,SDG&E,2024,4,v3.2,1,4,SDGE_2024_Q4_Tables1-15_R1.xlsx,Table 7,21,I21,https://efiling.energysafety.ca.gov/eFiling/Getfile.aspx?fileid=56226&shareable=true
T7R-81ab32a287adbeb4,1070000012,1.d.3.a.i,exact_dimensions_and_unit,1. Overhead circuit miles,Distribution,HFTD Tier 3,Urban,WUI,Circuit miles,exact,5.203977273,,,SDG&E,2024,4,v3.2,1,4,SDGE_2024_Q4_Tables1-15_R1.xlsx,Table 7,22,I22,https://efiling.energysafety.ca.gov/eFiling/Getfile.aspx?fileid=56226&shareable=true
T7R-ee3715451abd1ca1,1070000013,1.d.3.a.ii,exact_dimensions_and_unit,1. Overhead circuit miles,Distribution,HFTD Tier 3,Urban,Non-WUI,Circuit miles,exact,0.098863636,,,SDG&E,2024,4,v3.2,1,4,SDGE_2024_Q4_Tables1-15_R1.xlsx,Table 7,23,I23,https://efiling.energysafety.ca.gov/eFiling/Getfile.aspx?fileid=56226&shareable=true
T7R-2965af88819ca24a,1070000014,1.d.3.b.i,exact_dimensions_and_unit,1. Overhead circuit miles,Distribution,HFTD Tier 3,Rural,WUI,Circuit miles,exact,638.6287879,,,SDG&E,2024,4,v3.2,1,4,SDGE_2024_Q4_Tables1-15_R1.xlsx,Table 7,24,I24,https://efiling.energysafety.ca.gov/eFiling/Getfile.aspx?fileid=56226&shareable=true
T7R-7660fe585a86229c,1070000015,1.d.3.b.ii,exact_dimensions_and_unit,1. Overhead circuit miles,Distribution,HFTD Tier 3,Rural,Non-WUI,Circuit miles,exact,761.2143939,,,SDG&E,2024,4,v3.2,1,4,SDGE_2024_Q4_Tables1-15_R1.xlsx,Table 7,25,I25,https://efiling.energysafety.ca.gov/eFiling/Getfile.aspx?fileid=56226&shareable=true
T7R-d122fc34bf45e2ca,1070000016,1.d.3.c.i,exact_dimensions_and_unit,1. Overhead circuit miles,Distribution,HFTD Tier 3,Highly rural,WUI,Circuit miles,exact,25.44545455,,,SDG&E,2024,4,v3.2,1,4,SDGE_2024_Q4_Tables1-15_R1.xlsx,Table 7,26,I26,https://efiling.energysafety.ca.gov/eFiling/Getfile.aspx?fileid=56226&shareable=true
T7R-8143f6a447352c45,1070000017,1.d.3.c.ii,exact_dimensions_and_unit,1. Overhead circuit miles,Distribution,HFTD Tier 3,Highly rural,Non-WUI,Circuit miles,exact,158.9778409,,,SDG&E,2024,4,v3.2,1,4,SDGE_2024_Q4_Tables1-15_R1.xlsx,Table 7,27,I27,https://efiling.energysafety.ca.gov/eFiling/Getfile.aspx?fileid=56226&shareable=true
T7R-6829b1aba8ee11b1,1070000018,1.t.0.a.i,exact_dimensions_and_unit,1. Overhead circuit miles,Transmission,Non-HFTD,Urban,WUI,Circuit miles,exact,135.2849413,,,SDG&E,2024,4,v3.2,1,4,SDGE_2024_Q4_Tables1-15_R1.xlsx,Table 7,28,I28,https://efiling.energysafety.ca.gov/eFiling/Getfile.aspx?fileid=56226&shareable=true
T7R-436dfe1d7d015d75,1070000019,1.t.0.a.ii,exact_dimensions_and_unit,1. Overhead circuit miles,Transmission,Non-HFTD,Urban,Non-WUI,Circuit miles,exact,292.5893996,,,SDG&E,2024,4,v3.2,1,4,SDGE_2024_Q4_Tables1-15_R1.xlsx,Table 7,29,I29,https://efiling.energysafety.ca.gov/eFiling/Getfile.aspx?fileid=56226&shareable=true
T7R-401ad83982e94a69,1070000020,1.t.0.b.i,exact_dimensions_and_unit,1. Overhead circuit miles,Transmission,Non-HFTD,Rural,WUI,Circuit miles,exact,54.12087689,,,SDG&E,2024,4,v3.2,1,4,SDGE_2024_Q4_Tables1-15_R1.xlsx,Table 7,30,I30,https://efiling.energysafety.ca.gov/eFiling/Getfile.aspx?fileid=56226&shareable=true
T7R-55735e342fe35bb7,1070000021,1.t.0.b.ii,exact_dimensions_and_unit,1. Overhead circuit miles,Transmission,Non-HFTD,Rural,Non-WUI,Circuit miles,exact,106.8933011,,,SDG&E,2024,4,v3.2,1,4,SDGE_2024_Q4_Tables1-15_R1.xlsx,Table 7,31,I31,https://efiling.energysafety.ca.gov/eFiling/Getfile.aspx?fileid=56226&shareable=true
T7R-1f4884199497362b,1070000022,1.t.0.c.i,exact_dimensions_and_unit,1. Overhead circuit miles,Transmission,Non-HFTD,Highly rural,WUI,Circuit miles,exact,0,,,SDG&E,2024,4,v3.2,1,4,SDGE_2024_Q4_Tables1-15_R1.xlsx,Table 7,32,I32,https://efiling.energysafety.ca.gov/eFiling/Getfile.aspx?fileid=56226&shareable=true
T7R-94a889d82258b71e,1070000023,1.t.0.c.ii,exact_dimensions_and_unit,1. Overhead circuit miles,Transmission,Non-HFTD,Highly rural,Non-WUI,Circuit miles,exact,22.80576326,,,SDG&E,2024,4,v3.2,1,4,SDGE_2024_Q4_Tables1-15_R1.xlsx,Table 7,33,I33,https://efiling.energysafety.ca.gov/eFiling/Getfile.aspx?fileid=56226&shareable=true
T7R-97725b9e22799f2c,1070000024,1.t.2.a.i,exact_dimensions_and_unit,1. Overhead circuit miles,Transmission,HFTD Tier 2,Urban,WUI,Circuit miles,exact,32.61858333,,,SDG&E,2024,4,v3.2,1,4,SDGE_2024_Q4_Tables1-15_R1.xlsx,Table 7,34,I34,https://efiling.energysafety.ca.gov/eFiling/Getfile.aspx?fileid=56226&shareable=true
T7R-d2d3b4e246bed44f,1070000025,1.t.2.a.ii,exact_dimensions_and_unit,1. Overhead circuit miles,Transmission,HFTD Tier 2,Urban,Non-WUI,Circuit miles,exact,66.63116098,,,SDG&E,2024,4,v3.2,1,4,SDGE_2024_Q4_Tables1-15_R1.xlsx,Table 7,35,I35,https://efiling.energysafety.ca.gov/eFiling/Getfile.aspx?fileid=56226&shareable=true
T7R-861d1f57fef53825,1070000026,1.t.2.b.i,exact_dimensions_and_unit,1. Overhead circuit miles,Transmission,HFTD Tier 2,Rural,WUI,Circuit miles,exact,119.5887462,,,SDG&E,2024,4,v3.2,1,4,SDGE_2024_Q4_Tables1-15_R1.xlsx,Table 7,36,I36,https://efiling.energysafety.ca.gov/eFiling/Getfile.aspx?fileid=56226&shareable=true
T7R-a6d6263a5719905e,1070000027,1.t.2.b.ii,exact_dimensions_and_unit,1. Overhead circuit miles,Transmission,HFTD Tier 2,Rural,Non-WUI,Circuit miles,exact,435.9298106,,,SDG&E,2024,4,v3.2,1,4,SDGE_2024_Q4_Tables1-15_R1.xlsx,Table 7,37,I37,https://efiling.energysafety.ca.gov/eFiling/Getfile.aspx?fileid=56226&shareable=true
T7R-af479e678e1d8d74,1070000028,1.t.2.c.i,exact_dimensions_and_unit,1. Overhead circuit miles,Transmission,HFTD Tier 2,Highly rural,WUI,Circuit miles,exact,0,,,SDG&E,2024,4,v3.2,1,4,SDGE_2024_Q4_Tables1-15_R1.xlsx,Table 7,38,I38,https://efiling.energysafety.ca.gov/eFiling/Getfile.aspx?fileid=56226&shareable=true
T7R-75117b99fd013079,1070000029,1.t.2.c.ii,exact_dimensions_and_unit,1. Overhead circuit miles,Transmission,HFTD Tier 2,Highly rural,Non-WUI,Circuit miles,exact,23.42492045,,,SDG&E,2024,4,v3.2,1,4,SDGE_2024_Q4_Tables1-15_R1.xlsx,Table 7,39,I39,https://efiling.energysafety.ca.gov/eFiling/Getfile.aspx?fileid=56226&shareable=true
T7R-90ae4a15b7450e4f,1070000030,1.t.3.a.i,exact_dimensions_and_unit,1. Overhead circuit miles,Transmission,HFTD Tier 3,Urban,WUI,Circuit miles,exact,0,,,SDG&E,2024,4,v3.2,1,4,SDGE_2024_Q4_Tables1-15_R1.xlsx,Table 7,40,I40,https://efiling.energysafety.ca.gov/eFiling/Getfile.aspx?fileid=56226&shareable=true
T7R-f0d3a1540094229d,1070000031,1.t.3.a.ii,exact_dimensions_and_unit,1. Overhead circuit miles,Transmission,HFTD Tier 3,Urban,Non-WUI,Circuit miles,exact,0,,,SDG&E,2024,4,v3.2,1,4,SDGE_2024_Q4_Tables1-15_R1.xlsx,Table 7,41,I41,https://efiling.energysafety.ca.gov/eFiling/Getfile.aspx?fileid=56226&shareable=true
T7R-c32ac3c267f0f775,1070000032,1.t.3.b.i,exact_dimensions_and_unit,1. Overhead circuit miles,Transmission,HFTD Tier 3,Rural,WUI,Circuit miles,exact,21.39065341,,,SDG&E,2024,4,v3.2,1,4,SDGE_2024_Q4_Tables1-15_R1.xlsx,Table 7,42,I42,https://efiling.energysafety.ca.gov/eFiling/Getfile.aspx?fileid=56226&shareable=true
T7R-fafee395a1da9481,1070000033,1.t.3.b.ii,exact_dimensions_and_unit,1. Overhead circuit miles,Transmission,HFTD Tier 3,Rural,Non-WUI,Circuit miles,exact,227.9575947,,,SDG&E,2024,4,v3.2,1,4,SDGE_2024_Q4_Tables1-15_R1.xlsx,Table 7,43,I43,https://efiling.energysafety.ca.gov/eFiling/Getfile.aspx?fileid=56226&shareable=true
T7R-9e755b3562ec04ba,1070000034,1.t.3.c.i,exact_dimensions_and_unit,1. Overhead circuit miles,Transmission,HFTD Tier 3,Highly rural,WUI,Circuit miles,exact,2.76405303,,,SDG&E,2024,4,v3.2,1,4,SDGE_2024_Q4_Tables1-15_R1.xlsx,Table 7,44,I44,https://efiling.energysafety.ca.gov/eFiling/Getfile.aspx?fileid=56226&shareable=true
T7R-c180f1b515441cb5,1070000035,1.t.3.c.ii,exact_dimensions_and_unit,1. Overhead circuit miles,Transmission,HFTD Tier 3,Highly rural,Non-WUI,Circuit miles,exact,15.65281439,,,SDG&E,2024,4,v3.2,1,4,SDGE_2024_Q4_Tables1-15_R1.xlsx,Table 7,45,I45,https://efiling.energysafety.ca.gov/eFiling/Getfile.aspx?fileid=56226&shareable=true
T7R-34713e449f6daad2,1070000036,2.d.0.a.i,exact_dimensions_and_unit,2. Underground circuit miles,Distribution,Non-HFTD,Urban,WUI,Circuit miles,exact,1925.567424,,,SDG&E,2024,4,v3.2,1,4,SDGE_2024_Q4_Tables1-15_R1.xlsx,Table 7,46,I46,https://efiling.energysafety.ca.gov/eFiling/Getfile.aspx?fileid=56226&shareable=true
T7R-d80cfd508c060a0e,1070000037,2.d.0.a.ii,exact_dimensions_and_unit,2. Underground circuit miles,Distribution,Non-HFTD,Urban,Non-WUI,Circuit miles,exact,4931.024242,,,SDG&E,2024,4,v3.2,1,4,SDGE_2024_Q4_Tables1-15_R1.xlsx,Table 7,47,I47,https://efiling.energysafety.ca.gov/eFiling/Getfile.aspx?fileid=56226&shareable=true
T7R-5772a7781ee1c815,1070000038,2.d.0.b.i,exact_dimensions_and_unit,2. Underground circuit miles,Distribution,Non-HFTD,Rural,WUI,Circuit miles,exact,603.8645833,,,SDG&E,2024,4,v3.2,1,4,SDGE_2024_Q4_Tables1-15_R1.xlsx,Table 7,48,I48,https://efiling.energysafety.ca.gov/eFiling/Getfile.aspx?fileid=56226&shareable=true
T7R-dc0c9eeb1ed072e8,1070000039,2.d.0.b.ii,exact_dimensions_and_unit,2. Underground circuit miles,Distribution,Non-HFTD,Rural,Non-WUI,Circuit miles,exact,885.1922348,,,SDG&E,2024,4,v3.2,1,4,SDGE_2024_Q4_Tables1-15_R1.xlsx,Table 7,49,I49,https://efiling.energysafety.ca.gov/eFiling/Getfile.aspx?fileid=56226&shareable=true
T7R-be3d5bd6e049ad24,1070000040,2.d.0.c.i,exact_dimensions_and_unit,2. Underground circuit miles,Distribution,Non-HFTD,Highly rural,WUI,Circuit miles,exact,17.85890152,,,SDG&E,2024,4,v3.2,1,4,SDGE_2024_Q4_Tables1-15_R1.xlsx,Table 7,50,I50,https://efiling.energysafety.ca.gov/eFiling/Getfile.aspx?fileid=56226&shareable=true
T7R-2b35f1ae2c1e2c3e,1070000041,2.d.0.c.ii,exact_dimensions_and_unit,2. Underground circuit miles,Distribution,Non-HFTD,Highly rural,Non-WUI,Circuit miles,exact,56.60378788,,,SDG&E,2024,4,v3.2,1,4,SDGE_2024_Q4_Tables1-15_R1.xlsx,Table 7,51,I51,https://efiling.energysafety.ca.gov/eFiling/Getfile.aspx?fileid=56226&shareable=true
T7R-25bf706143ad6b6c,1070000042,2.d.2.a.i,exact_dimensions_and_unit,2. Underground circuit miles,Distribution,HFTD Tier 2,Urban,WUI,Circuit miles,exact,763.5325758,,,SDG&E,2024,4,v3.2,1,4,SDGE_2024_Q4_Tables1-15_R1.xlsx,Table 7,52,I52,https://efiling.energysafety.ca.gov/eFiling/Getfile.aspx?fileid=56226&shareable=true
T7R-5aaa1a2a1a66139e,1070000043,2.d.2.a.ii,exact_dimensions_and_unit,2. Underground circuit miles,Distribution,HFTD Tier 2,Urban,Non-WUI,Circuit miles,exact,160.8346591,,,SDG&E,2024,4,v3.2,1,4,SDGE_2024_Q4_Tables1-15_R1.xlsx,Table 7,53,I53,https://efiling.energysafety.ca.gov/eFiling/Getfile.aspx?fileid=56226&shareable=true
T7R-e6d13e722a7ff556,1070000044,2.d.2.b.i,exact_dimensions_and_unit,2. Underground circuit miles,Distribution,HFTD Tier 2,Rural,WUI,Circuit miles,exact,1037.933712,,,SDG&E,2024,4,v3.2,1,4,SDGE_2024_Q4_Tables1-15_R1.xlsx,Table 7,54,I54,https://efiling.energysafety.ca.gov/eFiling/Getfile.aspx?fileid=56226&shareable=true
T7R-08aa3b4d9f7a07d8,1070000045,2.d.2.b.ii,exact_dimensions_and_unit,2. Underground circuit miles,Distribution,HFTD Tier 2,Rural,Non-WUI,Circuit miles,exact,366.0625,,,SDG&E,2024,4,v3.2,1,4,SDGE_2024_Q4_Tables1-15_R1.xlsx,Table 7,55,I55,https://efiling.energysafety.ca.gov/eFiling/Getfile.aspx?fileid=56226&shareable=true
T7R-c1d0fe15d37fceb2,1070000046,2.d.2.c.i,exact_dimensions_and_unit,2. Underground circuit miles,Distribution,HFTD Tier 2,Highly rural,WUI,Circuit miles,exact,3.675378788,,,SDG&E,2024,4,v3.2,1,4,SDGE_2024_Q4_Tables1-15_R1.xlsx,Table 7,56,I56,https://efiling.energysafety.ca.gov/eFiling/Getfile.aspx?fileid=56226&shareable=true
T7R-ae4fa7158614d656,1070000047,2.d.2.c.ii,exact_dimensions_and_unit,2. Underground circuit miles,Distribution,HFTD Tier 2,Highly rural,Non-WUI,Circuit miles,exact,9.735416667,,,SDG&E,2024,4,v3.2,1,4,SDGE_2024_Q4_Tables1-15_R1.xlsx,Table 7,57,I57,https://efiling.energysafety.ca.gov/eFiling/Getfile.aspx?fileid=56226&shareable=true
T7R-cf798c4538ea1507,1070000048,2.d.3.a.i,exact_dimensions_and_unit,2. Underground circuit miles,Distribution,HFTD Tier 3,Urban,WUI,Circuit miles,exact,1.37405303,,,SDG&E,2024,4,v3.2,1,4,SDGE_2024_Q4_Tables1-15_R1.xlsx,Table 7,58,I58,https://efiling.energysafety.ca.gov/eFiling/Getfile.aspx?fileid=56226&shareable=true
T7R-b7a7be054410d3a1,1070000049,2.d.3.a.ii,exact_dimensions_and_unit,2. Underground circuit miles,Distribution,HFTD Tier 3,Urban,Non-WUI,Circuit miles,exact,0,,,SDG&E,2024,4,v3.2,1,4,SDGE_2024_Q4_Tables1-15_R1.xlsx,Table 7,59,I59,https://efiling.energysafety.ca.gov/eFiling/Getfile.aspx?fileid=56226&shareable=true
T7R-0b82ab97dc7d65a2,1070000050,2.d.3.b.i,exact_dimensions_and_unit,2. Underground circuit miles,Distribution,HFTD Tier 3,Rural,WUI,Circuit miles,exact,357.3420455,,,SDG&E,2024,4,v3.2,1,4,SDGE_2024_Q4_Tables1-15_R1.xlsx,Table 7,60,I60,https://efiling.energysafety.ca.gov/eFiling/Getfile.aspx?fileid=56226&shareable=true
T7R-ca8d86ac0e64f7ac,1070000051,2.d.3.b.ii,exact_dimensions_and_unit,2. Underground circuit miles,Distribution,HFTD Tier 3,Rural,Non-WUI,Circuit miles,exact,194.9912879,,,SDG&E,2024,4,v3.2,1,4,SDGE_2024_Q4_Tables1-15_R1.xlsx,Table 7,61,I61,https://efiling.energysafety.ca.gov/eFiling/Getfile.aspx?fileid=56226&shareable=true
T7R-8748c3f056b42153,1070000052,2.d.3.c.i,exact_dimensions_and_unit,2. Underground circuit miles,Distribution,HFTD Tier 3,Highly rural,WUI,Circuit miles,exact,12.00662879,,,SDG&E,2024,4,v3.2,1,4,SDGE_2024_Q4_Tables1-15_R1.xlsx,Table 7,62,I62,https://efiling.energysafety.ca.gov/eFiling/Getfile.aspx?fileid=56226&shareable=true
T7R-78ab0276a2b60acc,1070000053,2.d.3.c.ii,exact_dimensions_and_unit,2. Underground circuit miles,Distribution,HFTD Tier 3,Highly rural,Non-WUI,Circuit miles,exact,35.14034091,,,SDG&E,2024,4,v3.2,1,4,SDGE_2024_Q4_Tables1-15_R1.xlsx,Table 7,63,I63,https://efiling.energysafety.ca.gov/eFiling/Getfile.aspx?fileid=56226&shareable=true
T7R-d4eb42944583f608,1070000054,2.t.0.a.i,exact_dimensions_and_unit,2. Underground circuit miles,Transmission,Non-HFTD,Urban,WUI,Circuit miles,exact,25.17342235,,,SDG&E,2024,4,v3.2,1,4,SDGE_2024_Q4_Tables1-15_R1.xlsx,Table 7,64,I64,https://efiling.energysafety.ca.gov/eFiling/Getfile.aspx?fileid=56226&shareable=true
T7R-98722b0d678b31d6,1070000055,2.t.0.a.ii,exact_dimensions_and_unit,2. Underground circuit miles,Transmission,Non-HFTD,Urban,Non-WUI,Circuit miles,exact,68.37995076,,,SDG&E,2024,4,v3.2,1,4,SDGE_2024_Q4_Tables1-15_R1.xlsx,Table 7,65,I65,https://efiling.energysafety.ca.gov/eFiling/Getfile.aspx?fileid=56226&shareable=true
T7R-461fe942e8df223b,1070000056,2.t.0.b.i,exact_dimensions_and_unit,2. Underground circuit miles,Transmission,Non-HFTD,Rural,WUI,Circuit miles,exact,13.68364015,,,SDG&E,2024,4,v3.2,1,4,SDGE_2024_Q4_Tables1-15_R1.xlsx,Table 7,66,I66,https://efiling.energysafety.ca.gov/eFiling/Getfile.aspx?fileid=56226&shareable=true
T7R-f33a86ffcafe26d2,1070000057,2.t.0.b.ii,exact_dimensions_and_unit,2. Underground circuit miles,Transmission,Non-HFTD,Rural,Non-WUI,Circuit miles,exact,20.60798485,,,SDG&E,2024,4,v3.2,1,4,SDGE_2024_Q4_Tables1-15_R1.xlsx,Table 7,67,I67,https://efiling.energysafety.ca.gov/eFiling/Getfile.aspx?fileid=56226&shareable=true
T7R-f151ca508e1cf47d,1070000058,2.t.0.c.i,exact_dimensions_and_unit,2. Underground circuit miles,Transmission,Non-HFTD,Highly rural,WUI,Circuit miles,exact,0,,,SDG&E,2024,4,v3.2,1,4,SDGE_2024_Q4_Tables1-15_R1.xlsx,Table 7,68,I68,https://efiling.energysafety.ca.gov/eFiling/Getfile.aspx?fileid=56226&shareable=true
T7R-daa49dd06f67d17c,1070000059,2.t.0.c.ii,exact_dimensions_and_unit,2. Underground circuit miles,Transmission,Non-HFTD,Highly rural,Non-WUI,Circuit miles,exact,1.938837121,,,SDG&E,2024,4,v3.2,1,4,SDGE_2024_Q4_Tables1-15_R1.xlsx,Table 7,69,I69,https://efiling.energysafety.ca.gov/eFiling/Getfile.aspx?fileid=56226&shareable=true
T7R-0bac23eea0e21d60,1070000060,2.t.2.a.i,exact_dimensions_and_unit,2. Underground circuit miles,Transmission,HFTD Tier 2,Urban,WUI,Circuit miles,exact,12.47596023,,,SDG&E,2024,4,v3.2,1,4,SDGE_2024_Q4_Tables1-15_R1.xlsx,Table 7,70,I70,https://efiling.energysafety.ca.gov/eFiling/Getfile.aspx?fileid=56226&shareable=true
T7R-f3eae9bffc23a00d,1070000061,2.t.2.a.ii,exact_dimensions_and_unit,2. Underground circuit miles,Transmission,HFTD Tier 2,Urban,Non-WUI,Circuit miles,exact,1.469982955,,,SDG&E,2024,4,v3.2,1,4,SDGE_2024_Q4_Tables1-15_R1.xlsx,Table 7,71,I71,https://efiling.energysafety.ca.gov/eFiling/Getfile.aspx?fileid=56226&shareable=true
T7R-ebd992bc4c79dbd0,1070000062,2.t.2.b.i,exact_dimensions_and_unit,2. Underground circuit miles,Transmission,HFTD Tier 2,Rural,WUI,Circuit miles,exact,13.5125322,,,SDG&E,2024,4,v3.2,1,4,SDGE_2024_Q4_Tables1-15_R1.xlsx,Table 7,72,I72,https://efiling.energysafety.ca.gov/eFiling/Getfile.aspx?fileid=56226&shareable=true
T7R-42ca7cca9e5ec54b,1070000063,2.t.2.b.ii,exact_dimensions_and_unit,2. Underground circuit miles,Transmission,HFTD Tier 2,Rural,Non-WUI,Circuit miles,exact,8.484098485,,,SDG&E,2024,4,v3.2,1,4,SDGE_2024_Q4_Tables1-15_R1.xlsx,Table 7,73,I73,https://efiling.energysafety.ca.gov/eFiling/Getfile.aspx?fileid=56226&shareable=true
T7R-9de1ea33382e07fc,1070000064,2.t.2.c.i,exact_dimensions_and_unit,2. Underground circuit miles,Transmission,HFTD Tier 2,Highly rural,WUI,Circuit miles,exact,0,,,SDG&E,2024,4,v3.2,1,4,SDGE_2024_Q4_Tables1-15_R1.xlsx,Table 7,74,I74,https://efiling.energysafety.ca.gov/eFiling/Getfile.aspx?fileid=56226&shareable=true
T7R-ac837300d627c42d,1070000065,2.t.2.c.ii,exact_dimensions_and_unit,2. Underground circuit miles,Transmission,HFTD Tier 2,Highly rural,Non-WUI,Circuit miles,exact,0,,,SDG&E,2024,4,v3.2,1,4,SDGE_2024_Q4_Tables1-15_R1.xlsx,Table 7,75,I75,https://efiling.energysafety.ca.gov/eFiling/Getfile.aspx?fileid=56226&shareable=true
T7R-ddbb892cae410730,1070000066,2.t.3.a.i,exact_dimensions_and_unit,2. Underground circuit miles,Transmission,HFTD Tier 3,Urban,WUI,Circuit miles,exact,2.191958333,,,SDG&E,2024,4,v3.2,1,4,SDGE_2024_Q4_Tables1-15_R1.xlsx,Table 7,76,I76,https://efiling.energysafety.ca.gov/eFiling/Getfile.aspx?fileid=56226&shareable=true
T7R-48e690e3f2271a93,1070000067,2.t.3.a.ii,exact_dimensions_and_unit,2. Underground circuit miles,Transmission,HFTD Tier 3,Urban,Non-WUI,Circuit miles,exact,0,,,SDG&E,2024,4,v3.2,1,4,SDGE_2024_Q4_Tables1-15_R1.xlsx,Table 7,77,I77,https://efiling.energysafety.ca.gov/eFiling/Getfile.aspx?fileid=56226&shareable=true
T7R-513607b7fb9c807f,1070000068,2.t.3.b.i,exact_dimensions_and_unit,2. Underground circuit miles,Transmission,HFTD Tier 3,Rural,WUI,Circuit miles,exact,3.201537879,,,SDG&E,2024,4,v3.2,1,4,SDGE_2024_Q4_Tables1-15_R1.xlsx,Table 7,78,I78,https://efiling.energysafety.ca.gov/eFiling/Getfile.aspx?fileid=56226&shareable=true
T7R-52469bb14369221c,1070000069,2.t.3.b.ii,exact_dimensions_and_unit,2. Underground circuit miles,Transmission,HFTD Tier 3,Rural,Non-WUI,Circuit miles,exact,2.150142045,,,SDG&E,2024,4,v3.2,1,4,SDGE_2024_Q4_Tables1-15_R1.xlsx,Table 7,79,I79,https://efiling.energysafety.ca.gov/eFiling/Getfile.aspx?fileid=56226&shareable=true
T7R-a5afe2f487e78922,1070000070,2.t.3.c.i,exact_dimensions_and_unit,2. Underground circuit miles,Transmission,HFTD Tier 3,Highly rural,WUI,Circuit miles,exact,0,,,SDG&E,2024,4,v3.2,1,4,SDGE_2024_Q4_Tables1-15_R1.xlsx,Table 7,80,I80,https://efiling.energysafety.ca.gov/eFiling/Getfile.aspx?fileid=56226&shareable=true
T7R-909233639f731873,1070000071,2.t.3.c.ii,exact_dimensions_and_unit,2. Underground circuit miles,Transmission,HFTD Tier 3,Highly rural,Non-WUI,Circuit miles,exact,0,,,SDG&E,2024,4,v3.2,1,4,SDGE_2024_Q4_Tables1-15_R1.xlsx,Table 7,81,I81,https://efiling.energysafety.ca.gov/eFiling/Getfile.aspx?fileid=56226&shareable=true
T7R-6b804ec047da63ce,1070000072,3.0.a.i,normalized_legacy_na_to_null,3. Critical facilities,,Non-HFTD,Urban,WUI,Number of critical facilities,exact,3028,,,SDG&E,2024,4,v3.2,1,4,SDGE_2024_Q4_Tables1-15_R1.xlsx,Table 7,82,I82,https://efiling.energysafety.ca.gov/eFiling/Getfile.aspx?fileid=56226&shareable=true
T7R-e9cc1d96e09169be,1070000073,3.0.a.ii,normalized_legacy_na_to_null,3. Critical facilities,,Non-HFTD,Urban,Non-WUI,Number of critical facilities,exact,15216,,,SDG&E,2024,4,v3.2,1,4,SDGE_2024_Q4_Tables1-15_R1.xlsx,Table 7,83,I83,https://efiling.energysafety.ca.gov/eFiling/Getfile.aspx?fileid=56226&shareable=true
T7R-268a899e5daa634e,1070000074,3.0.b.i,normalized_legacy_na_to_null,3. Critical facilities,,Non-HFTD,Rural,WUI,Number of critical facilities,exact,719,,,SDG&E,2024,4,v3.2,1,4,SDGE_2024_Q4_Tables1-15_R1.xlsx,Table 7,84,I84,https://efiling.energysafety.ca.gov/eFiling/Getfile.aspx?fileid=56226&shareable=true
T7R-b8776cc419f82366,1070000075,3.0.b.ii,normalized_legacy_na_to_null,3. Critical facilities,,Non-HFTD,Rural,Non-WUI,Number of critical facilities,exact,2465,,,SDG&E,2024,4,v3.2,1,4,SDGE_2024_Q4_Tables1-15_R1.xlsx,Table 7,85,I85,https://efiling.energysafety.ca.gov/eFiling/Getfile.aspx?fileid=56226&shareable=true
T7R-33ae4edb0c2c2b6c,1070000076,3.0.c.i,normalized_legacy_na_to_null,3. Critical facilities,,Non-HFTD,Highly rural,WUI,Number of critical facilities,exact,3,,,SDG&E,2024,4,v3.2,1,4,SDGE_2024_Q4_Tables1-15_R1.xlsx,Table 7,86,I86,https://efiling.energysafety.ca.gov/eFiling/Getfile.aspx?fileid=56226&shareable=true
T7R-0008c6724aa5233d,1070000077,3.0.c.ii,normalized_legacy_na_to_null,3. Critical facilities,,Non-HFTD,Highly rural,Non-WUI,Number of critical facilities,exact,135,,,SDG&E,2024,4,v3.2,1,4,SDGE_2024_Q4_Tables1-15_R1.xlsx,Table 7,87,I87,https://efiling.energysafety.ca.gov/eFiling/Getfile.aspx?fileid=56226&shareable=true
T7R-e9483d7a08f8eac9,1070000078,3.2.a.i,normalized_legacy_na_to_null,3. Critical facilities,,HFTD Tier 2,Urban,WUI,Number of critical facilities,exact,849,,,SDG&E,2024,4,v3.2,1,4,SDGE_2024_Q4_Tables1-15_R1.xlsx,Table 7,88,I88,https://efiling.energysafety.ca.gov/eFiling/Getfile.aspx?fileid=56226&shareable=true
T7R-152775585d6429b9,1070000079,3.2.a.ii,normalized_legacy_na_to_null,3. Critical facilities,,HFTD Tier 2,Urban,Non-WUI,Number of critical facilities,exact,350,,,SDG&E,2024,4,v3.2,1,4,SDGE_2024_Q4_Tables1-15_R1.xlsx,Table 7,89,I89,https://efiling.energysafety.ca.gov/eFiling/Getfile.aspx?fileid=56226&shareable=true
T7R-3bfc9a41ec65af85,1070000080,3.2.b.i,normalized_legacy_na_to_null,3. Critical facilities,,HFTD Tier 2,Rural,WUI,Number of critical facilities,exact,1055,,,SDG&E,2024,4,v3.2,1,4,SDGE_2024_Q4_Tables1-15_R1.xlsx,Table 7,90,I90,https://efiling.energysafety.ca.gov/eFiling/Getfile.aspx?fileid=56226&shareable=true
T7R-f629b2a0ff9577e9,1070000081,3.2.b.ii,normalized_legacy_na_to_null,3. Critical facilities,,HFTD Tier 2,Rural,Non-WUI,Number of critical facilities,exact,966,,,SDG&E,2024,4,v3.2,1,4,SDGE_2024_Q4_Tables1-15_R1.xlsx,Table 7,91,I91,https://efiling.energysafety.ca.gov/eFiling/Getfile.aspx?fileid=56226&shareable=true
T7R-553b52b8d03db782,1070000082,3.2.c.i,normalized_legacy_na_to_null,3. Critical facilities,,HFTD Tier 2,Highly rural,WUI,Number of critical facilities,exact,11,,,SDG&E,2024,4,v3.2,1,4,SDGE_2024_Q4_Tables1-15_R1.xlsx,Table 7,92,I92,https://efiling.energysafety.ca.gov/eFiling/Getfile.aspx?fileid=56226&shareable=true
T7R-849068b3bad0e2b6,1070000083,3.2.c.ii,normalized_legacy_na_to_null,3. Critical facilities,,HFTD Tier 2,Highly rural,Non-WUI,Number of critical facilities,exact,85,,,SDG&E,2024,4,v3.2,1,4,SDGE_2024_Q4_Tables1-15_R1.xlsx,Table 7,93,I93,https://efiling.energysafety.ca.gov/eFiling/Getfile.aspx?fileid=56226&shareable=true
T7R-2ac2218a69184517,1070000084,3.3.a.i,normalized_legacy_na_to_null,3. Critical facilities,,HFTD Tier 3,Urban,WUI,Number of critical facilities,exact,5,,,SDG&E,2024,4,v3.2,1,4,SDGE_2024_Q4_Tables1-15_R1.xlsx,Table 7,94,I94,https://efiling.energysafety.ca.gov/eFiling/Getfile.aspx?fileid=56226&shareable=true
T7R-151bc63eaf084aa9,1070000085,3.3.a.ii,normalized_legacy_na_to_null,3. Critical facilities,,HFTD Tier 3,Urban,Non-WUI,Number of critical facilities,exact,0,,,SDG&E,2024,4,v3.2,1,4,SDGE_2024_Q4_Tables1-15_R1.xlsx,Table 7,95,I95,https://efiling.energysafety.ca.gov/eFiling/Getfile.aspx?fileid=56226&shareable=true
T7R-4a8a469e428aa40e,1070000086,3.3.b.i,normalized_legacy_na_to_null,3. Critical facilities,,HFTD Tier 3,Rural,WUI,Number of critical facilities,exact,483,,,SDG&E,2024,4,v3.2,1,4,SDGE_2024_Q4_Tables1-15_R1.xlsx,Table 7,96,I96,https://efiling.energysafety.ca.gov/eFiling/Getfile.aspx?fileid=56226&shareable=true
T7R-2afb83f27fac94ea,1070000087,3.3.b.ii,normalized_legacy_na_to_null,3. Critical facilities,,HFTD Tier 3,Rural,Non-WUI,Number of critical facilities,exact,788,,,SDG&E,2024,4,v3.2,1,4,SDGE_2024_Q4_Tables1-15_R1.xlsx,Table 7,97,I97,https://efiling.energysafety.ca.gov/eFiling/Getfile.aspx?fileid=56226&shareable=true
T7R-5b6fd4c42d32d70a,1070000088,3.3.c.i,normalized_legacy_na_to_null,3. Critical facilities,,HFTD Tier 3,Highly rural,WUI,Number of critical facilities,exact,42,,,SDG&E,2024,4,v3.2,1,4,SDGE_2024_Q4_Tables1-15_R1.xlsx,Table 7,98,I98,https://efiling.energysafety.ca.gov/eFiling/Getfile.aspx?fileid=56226&shareable=true
T7R-ba62434ec6d7031b,1070000089,3.3.c.ii,normalized_legacy_na_to_null,3. Critical facilities,,HFTD Tier 3,Highly rural,Non-WUI,Number of critical facilities,exact,91,,,SDG&E,2024,4,v3.2,1,4,SDGE_2024_Q4_Tables1-15_R1.xlsx,Table 7,99,I99,https://efiling.energysafety.ca.gov/eFiling/Getfile.aspx?fileid=56226&shareable=true
T7R-1e00af415947b735,1070000090,4.0.a.i,normalized_legacy_na_to_null,4. Residential customers,,Non-HFTD,Urban,WUI,Number of residential customers,exact,203663,,,SDG&E,2024,4,v3.2,1,4,SDGE_2024_Q4_Tables1-15_R1.xlsx,Table 7,100,I100,https://efiling.energysafety.ca.gov/eFiling/Getfile.aspx?fileid=56226&shareable=true
T7R-63ee8b1fd31afa03,1070000091,4.0.a.ii,normalized_legacy_na_to_null,4. Residential customers,,Non-HFTD,Urban,Non-WUI,Number of residential customers,exact,894986,,,SDG&E,2024,4,v3.2,1,4,SDGE_2024_Q4_Tables1-15_R1.xlsx,Table 7,101,I101,https://efiling.energysafety.ca.gov/eFiling/Getfile.aspx?fileid=56226&shareable=true
T7R-0018334a34375073,1070000092,4.0.b.i,normalized_legacy_na_to_null,4. Residential customers,,Non-HFTD,Rural,WUI,Number of residential customers,exact,37034,,,SDG&E,2024,4,v3.2,1,4,SDGE_2024_Q4_Tables1-15_R1.xlsx,Table 7,102,I102,https://efiling.energysafety.ca.gov/eFiling/Getfile.aspx?fileid=56226&shareable=true
T7R-69ff8d743819ac8b,1070000093,4.0.b.ii,normalized_legacy_na_to_null,4. Residential customers,,Non-HFTD,Rural,Non-WUI,Number of residential customers,exact,39403,,,SDG&E,2024,4,v3.2,1,4,SDGE_2024_Q4_Tables1-15_R1.xlsx,Table 7,103,I103,https://efiling.energysafety.ca.gov/eFiling/Getfile.aspx?fileid=56226&shareable=true
T7R-c26d23f9d6948b56,1070000094,4.0.c.i,normalized_legacy_na_to_null,4. Residential customers,,Non-HFTD,Highly rural,WUI,Number of residential customers,exact,1001,,,SDG&E,2024,4,v3.2,1,4,SDGE_2024_Q4_Tables1-15_R1.xlsx,Table 7,104,I104,https://efiling.energysafety.ca.gov/eFiling/Getfile.aspx?fileid=56226&shareable=true
T7R-51ff0a1bf54cce9b,1070000095,4.0.c.ii,normalized_legacy_na_to_null,4. Residential customers,,Non-HFTD,Highly rural,Non-WUI,Number of residential customers,exact,1674,,,SDG&E,2024,4,v3.2,1,4,SDGE_2024_Q4_Tables1-15_R1.xlsx,Table 7,105,I105,https://efiling.energysafety.ca.gov/eFiling/Getfile.aspx?fileid=56226&shareable=true
T7R-636aae4942da6e24,1070000096,4.2.a.i,normalized_legacy_na_to_null,4. Residential customers,,HFTD Tier 2,Urban,WUI,Number of residential customers,exact,67711,,,SDG&E,2024,4,v3.2,1,4,SDGE_2024_Q4_Tables1-15_R1.xlsx,Table 7,106,I106,https://efiling.energysafety.ca.gov/eFiling/Getfile.aspx?fileid=56226&shareable=true
T7R-abc6a2412689a6fa,1070000097,4.2.a.ii,normalized_legacy_na_to_null,4. Residential customers,,HFTD Tier 2,Urban,Non-WUI,Number of residential customers,exact,17344,,,SDG&E,2024,4,v3.2,1,4,SDGE_2024_Q4_Tables1-15_R1.xlsx,Table 7,107,I107,https://efiling.energysafety.ca.gov/eFiling/Getfile.aspx?fileid=56226&shareable=true
T7R-8b8633c22f92c707,1070000098,4.2.b.i,normalized_legacy_na_to_null,4. Residential customers,,HFTD Tier 2,Rural,WUI,Number of residential customers,exact,58807,,,SDG&E,2024,4,v3.2,1,4,SDGE_2024_Q4_Tables1-15_R1.xlsx,Table 7,108,I108,https://efiling.energysafety.ca.gov/eFiling/Getfile.aspx?fileid=56226&shareable=true
T7R-588c24d854c13b41,1070000099,4.2.b.ii,normalized_legacy_na_to_null,4. Residential customers,,HFTD Tier 2,Rural,Non-WUI,Number of residential customers,exact,23262,,,SDG&E,2024,4,v3.2,1,4,SDGE_2024_Q4_Tables1-15_R1.xlsx,Table 7,109,I109,https://efiling.energysafety.ca.gov/eFiling/Getfile.aspx?fileid=56226&shareable=true
T7R-ca666751bd963de5,1070000100,4.2.c.i,normalized_legacy_na_to_null,4. Residential customers,,HFTD Tier 2,Highly rural,WUI,Number of residential customers,exact,260,,,SDG&E,2024,4,v3.2,1,4,SDGE_2024_Q4_Tables1-15_R1.xlsx,Table 7,110,I110,https://efiling.energysafety.ca.gov/eFiling/Getfile.aspx?fileid=56226&shareable=true
T7R-61beaacc30b72dd6,1070000101,4.2.c.ii,normalized_legacy_na_to_null,4. Residential customers,,HFTD Tier 2,Highly rural,Non-WUI,Number of residential customers,exact,495,,,SDG&E,2024,4,v3.2,1,4,SDGE_2024_Q4_Tables1-15_R1.xlsx,Table 7,111,I111,https://efiling.energysafety.ca.gov/eFiling/Getfile.aspx?fileid=56226&shareable=true
T7R-d2c6a9ba6d9b1141,1070000102,4.3.a.i,normalized_legacy_na_to_null,4. Residential customers,,HFTD Tier 3,Urban,WUI,Number of residential customers,exact,102,,,SDG&E,2024,4,v3.2,1,4,SDGE_2024_Q4_Tables1-15_R1.xlsx,Table 7,112,I112,https://efiling.energysafety.ca.gov/eFiling/Getfile.aspx?fileid=56226&shareable=true
T7R-29dd8717a9a5ad26,1070000103,4.3.a.ii,normalized_legacy_na_to_null,4. Residential customers,,HFTD Tier 3,Urban,Non-WUI,Number of residential customers,exact,3,,,SDG&E,2024,4,v3.2,1,4,SDGE_2024_Q4_Tables1-15_R1.xlsx,Table 7,113,I113,https://efiling.energysafety.ca.gov/eFiling/Getfile.aspx?fileid=56226&shareable=true
T7R-6214e047ec36a096,1070000104,4.3.b.i,normalized_legacy_na_to_null,4. Residential customers,,HFTD Tier 3,Rural,WUI,Number of residential customers,exact,18374,,,SDG&E,2024,4,v3.2,1,4,SDGE_2024_Q4_Tables1-15_R1.xlsx,Table 7,114,I114,https://efiling.energysafety.ca.gov/eFiling/Getfile.aspx?fileid=56226&shareable=true
T7R-e20caaaec7aedaaf,1070000105,4.3.b.ii,normalized_legacy_na_to_null,4. Residential customers,,HFTD Tier 3,Rural,Non-WUI,Number of residential customers,exact,8106,,,SDG&E,2024,4,v3.2,1,4,SDGE_2024_Q4_Tables1-15_R1.xlsx,Table 7,115,I115,https://efiling.energysafety.ca.gov/eFiling/Getfile.aspx?fileid=56226&shareable=true
T7R-ea7b67b64031f80d,1070000106,4.3.c.i,normalized_legacy_na_to_null,4. Residential customers,,HFTD Tier 3,Highly rural,WUI,Number of residential customers,exact,932,,,SDG&E,2024,4,v3.2,1,4,SDGE_2024_Q4_Tables1-15_R1.xlsx,Table 7,116,I116,https://efiling.energysafety.ca.gov/eFiling/Getfile.aspx?fileid=56226&shareable=true
T7R-0deaaf7d0e0eed02,1070000107,4.3.c.ii,normalized_legacy_na_to_null,4. Residential customers,,HFTD Tier 3,Highly rural,Non-WUI,Number of residential customers,exact,889,,,SDG&E,2024,4,v3.2,1,4,SDGE_2024_Q4_Tables1-15_R1.xlsx,Table 7,117,I117,https://efiling.energysafety.ca.gov/eFiling/Getfile.aspx?fileid=56226&shareable=true
T7R-88f5af955c23c895,1070000108,5.0.a.i,normalized_legacy_na_to_null,5. Commercial customers,,Non-HFTD,Urban,WUI,Number of commercial customers,exact,14747,,,SDG&E,2024,4,v3.2,1,4,SDGE_2024_Q4_Tables1-15_R1.xlsx,Table 7,118,I118,https://efiling.energysafety.ca.gov/eFiling/Getfile.aspx?fileid=56226&shareable=true
T7R-61af4bcdab6900b9,1070000109,5.0.a.ii,normalized_legacy_na_to_null,5. Commercial customers,,Non-HFTD,Urban,Non-WUI,Number of commercial customers,exact,93739,,,SDG&E,2024,4,v3.2,1,4,SDGE_2024_Q4_Tables1-15_R1.xlsx,Table 7,119,I119,https://efiling.energysafety.ca.gov/eFiling/Getfile.aspx?fileid=56226&shareable=true
T7R-1ae7e4b605cc518b,1070000110,5.0.b.i,normalized_legacy_na_to_null,5. Commercial customers,,Non-HFTD,Rural,WUI,Number of commercial customers,exact,4642,,,SDG&E,2024,4,v3.2,1,4,SDGE_2024_Q4_Tables1-15_R1.xlsx,Table 7,120,I120,https://efiling.energysafety.ca.gov/eFiling/Getfile.aspx?fileid=56226&shareable=true
T7R-b706c8b1510a9b15,1070000111,5.0.b.ii,normalized_legacy_na_to_null,5. Commercial customers,,Non-HFTD,Rural,Non-WUI,Number of commercial customers,exact,25008,,,SDG&E,2024,4,v3.2,1,4,SDGE_2024_Q4_Tables1-15_R1.xlsx,Table 7,121,I121,https://efiling.energysafety.ca.gov/eFiling/Getfile.aspx?fileid=56226&shareable=true
T7R-f61807a0b2f03c86,1070000112,5.0.c.i,normalized_legacy_na_to_null,5. Commercial customers,,Non-HFTD,Highly rural,WUI,Number of commercial customers,exact,101,,,SDG&E,2024,4,v3.2,1,4,SDGE_2024_Q4_Tables1-15_R1.xlsx,Table 7,122,I122,https://efiling.energysafety.ca.gov/eFiling/Getfile.aspx?fileid=56226&shareable=true
T7R-6a81938075e327ce,1070000113,5.0.c.ii,normalized_legacy_na_to_null,5. Commercial customers,,Non-HFTD,Highly rural,Non-WUI,Number of commercial customers,exact,519,,,SDG&E,2024,4,v3.2,1,4,SDGE_2024_Q4_Tables1-15_R1.xlsx,Table 7,123,I123,https://efiling.energysafety.ca.gov/eFiling/Getfile.aspx?fileid=56226&shareable=true
T7R-22f7c93044d236f2,1070000114,5.2.a.i,normalized_legacy_na_to_null,5. Commercial customers,,HFTD Tier 2,Urban,WUI,Number of commercial customers,exact,4329,,,SDG&E,2024,4,v3.2,1,4,SDGE_2024_Q4_Tables1-15_R1.xlsx,Table 7,124,I124,https://efiling.energysafety.ca.gov/eFiling/Getfile.aspx?fileid=56226&shareable=true
T7R-d9074f70f9996df9,1070000115,5.2.a.ii,normalized_legacy_na_to_null,5. Commercial customers,,HFTD Tier 2,Urban,Non-WUI,Number of commercial customers,exact,2470,,,SDG&E,2024,4,v3.2,1,4,SDGE_2024_Q4_Tables1-15_R1.xlsx,Table 7,125,I125,https://efiling.energysafety.ca.gov/eFiling/Getfile.aspx?fileid=56226&shareable=true
T7R-2ba698af483c43a9,1070000116,5.2.b.i,normalized_legacy_na_to_null,5. Commercial customers,,HFTD Tier 2,Rural,WUI,Number of commercial customers,exact,5092,,,SDG&E,2024,4,v3.2,1,4,SDGE_2024_Q4_Tables1-15_R1.xlsx,Table 7,126,I126,https://efiling.energysafety.ca.gov/eFiling/Getfile.aspx?fileid=56226&shareable=true
T7R-9afcfce29aba7c78,1070000117,5.2.b.ii,normalized_legacy_na_to_null,5. Commercial customers,,HFTD Tier 2,Rural,Non-WUI,Number of commercial customers,exact,4203,,,SDG&E,2024,4,v3.2,1,4,SDGE_2024_Q4_Tables1-15_R1.xlsx,Table 7,127,I127,https://efiling.energysafety.ca.gov/eFiling/Getfile.aspx?fileid=56226&shareable=true
T7R-93150a79fcecc02a,1070000118,5.2.c.i,normalized_legacy_na_to_null,5. Commercial customers,,HFTD Tier 2,Highly rural,WUI,Number of commercial customers,exact,34,,,SDG&E,2024,4,v3.2,1,4,SDGE_2024_Q4_Tables1-15_R1.xlsx,Table 7,128,I128,https://efiling.energysafety.ca.gov/eFiling/Getfile.aspx?fileid=56226&shareable=true
T7R-1f95572400be8c88,1070000119,5.2.c.ii,normalized_legacy_na_to_null,5. Commercial customers,,HFTD Tier 2,Highly rural,Non-WUI,Number of commercial customers,exact,222,,,SDG&E,2024,4,v3.2,1,4,SDGE_2024_Q4_Tables1-15_R1.xlsx,Table 7,129,I129,https://efiling.energysafety.ca.gov/eFiling/Getfile.aspx?fileid=56226&shareable=true
T7R-ee852c3e2913e7ae,1070000120,5.3.a.i,normalized_legacy_na_to_null,5. Commercial customers,,HFTD Tier 3,Urban,WUI,Number of commercial customers,exact,17,,,SDG&E,2024,4,v3.2,1,4,SDGE_2024_Q4_Tables1-15_R1.xlsx,Table 7,130,I130,https://efiling.energysafety.ca.gov/eFiling/Getfile.aspx?fileid=56226&shareable=true
T7R-c07092127d54421e,1070000121,5.3.a.ii,normalized_legacy_na_to_null,5. Commercial customers,,HFTD Tier 3,Urban,Non-WUI,Number of commercial customers,exact,0,,,SDG&E,2024,4,v3.2,1,4,SDGE_2024_Q4_Tables1-15_R1.xlsx,Table 7,131,I131,https://efiling.energysafety.ca.gov/eFiling/Getfile.aspx?fileid=56226&shareable=true
T7R-5ab77bc9d389a34e,1070000122,5.3.b.i,normalized_legacy_na_to_null,5. Commercial customers,,HFTD Tier 3,Rural,WUI,Number of commercial customers,exact,2213,,,SDG&E,2024,4,v3.2,1,4,SDGE_2024_Q4_Tables1-15_R1.xlsx,Table 7,132,I132,https://efiling.energysafety.ca.gov/eFiling/Getfile.aspx?fileid=56226&shareable=true
T7R-a94e6a725621a45d,1070000123,5.3.b.ii,normalized_legacy_na_to_null,5. Commercial customers,,HFTD Tier 3,Rural,Non-WUI,Number of commercial customers,exact,2549,,,SDG&E,2024,4,v3.2,1,4,SDGE_2024_Q4_Tables1-15_R1.xlsx,Table 7,133,I133,https://efiling.energysafety.ca.gov/eFiling/Getfile.aspx?fileid=56226&shareable=true
T7R-be1e7232b87f86d5,1070000124,5.3.c.i,normalized_legacy_na_to_null,5. Commercial customers,,HFTD Tier 3,Highly rural,WUI,Number of commercial customers,exact,146,,,SDG&E,2024,4,v3.2,1,4,SDGE_2024_Q4_Tables1-15_R1.xlsx,Table 7,134,I134,https://efiling.energysafety.ca.gov/eFiling/Getfile.aspx?fileid=56226&shareable=true
T7R-77a3355c4c5b5839,1070000125,5.3.c.ii,normalized_legacy_na_to_null,5. Commercial customers,,HFTD Tier 3,Highly rural,Non-WUI,Number of commercial customers,exact,387,,,SDG&E,2024,4,v3.2,1,4,SDGE_2024_Q4_Tables1-15_R1.xlsx,Table 7,135,I135,https://efiling.energysafety.ca.gov/eFiling/Getfile.aspx?fileid=56226&shareable=true
T7R-7d3cdb38bc06a574,1070000126,6.0.a.i,normalized_legacy_na_to_null,6. AFN customers,,Non-HFTD,Urban,WUI,Number of customers belonging to access and functional needs populations,exact,44905,,,SDG&E,2024,4,v3.2,1,4,SDGE_2024_Q4_Tables1-15_R1.xlsx,Table 7,136,I136,https://efiling.energysafety.ca.gov/eFiling/Getfile.aspx?fileid=56226&shareable=true
T7R-a05b4340532bef05,1070000127,6.0.a.ii,normalized_legacy_na_to_null,6. AFN customers,,Non-HFTD,Urban,Non-WUI,Number of customers belonging to access and functional needs populations,exact,301191,,,SDG&E,2024,4,v3.2,1,4,SDGE_2024_Q4_Tables1-15_R1.xlsx,Table 7,137,I137,https://efiling.energysafety.ca.gov/eFiling/Getfile.aspx?fileid=56226&shareable=true
T7R-0dfb9e710855bca5,1070000128,6.0.b.i,normalized_legacy_na_to_null,6. AFN customers,,Non-HFTD,Rural,WUI,Number of customers belonging to access and functional needs populations,exact,7769,,,SDG&E,2024,4,v3.2,1,4,SDGE_2024_Q4_Tables1-15_R1.xlsx,Table 7,138,I138,https://efiling.energysafety.ca.gov/eFiling/Getfile.aspx?fileid=56226&shareable=true
T7R-3157ff997b2f806f,1070000129,6.0.b.ii,normalized_legacy_na_to_null,6. AFN customers,,Non-HFTD,Rural,Non-WUI,Number of customers belonging to access and functional needs populations,exact,9316,,,SDG&E,2024,4,v3.2,1,4,SDGE_2024_Q4_Tables1-15_R1.xlsx,Table 7,139,I139,https://efiling.energysafety.ca.gov/eFiling/Getfile.aspx?fileid=56226&shareable=true
T7R-e203b57357217bfd,1070000130,6.0.c.i,normalized_legacy_na_to_null,6. AFN customers,,Non-HFTD,Highly rural,WUI,Number of customers belonging to access and functional needs populations,exact,299,,,SDG&E,2024,4,v3.2,1,4,SDGE_2024_Q4_Tables1-15_R1.xlsx,Table 7,140,I140,https://efiling.energysafety.ca.gov/eFiling/Getfile.aspx?fileid=56226&shareable=true
T7R-0c10098460f11f19,1070000131,6.0.c.ii,normalized_legacy_na_to_null,6. AFN customers,,Non-HFTD,Highly rural,Non-WUI,Number of customers belonging to access and functional needs populations,exact,444,,,SDG&E,2024,4,v3.2,1,4,SDGE_2024_Q4_Tables1-15_R1.xlsx,Table 7,141,I141,https://efiling.energysafety.ca.gov/eFiling/Getfile.aspx?fileid=56226&shareable=true
T7R-ddab0fe838925051,1070000132,6.2.a.i,normalized_legacy_na_to_null,6. AFN customers,,HFTD Tier 2,Urban,WUI,Number of customers belonging to access and functional needs populations,exact,14446,,,SDG&E,2024,4,v3.2,1,4,SDGE_2024_Q4_Tables1-15_R1.xlsx,Table 7,142,I142,https://efiling.energysafety.ca.gov/eFiling/Getfile.aspx?fileid=56226&shareable=true
T7R-d5284059304010eb,1070000133,6.2.a.ii,normalized_legacy_na_to_null,6. AFN customers,,HFTD Tier 2,Urban,Non-WUI,Number of customers belonging to access and functional needs populations,exact,5217,,,SDG&E,2024,4,v3.2,1,4,SDGE_2024_Q4_Tables1-15_R1.xlsx,Table 7,143,I143,https://efiling.energysafety.ca.gov/eFiling/Getfile.aspx?fileid=56226&shareable=true
T7R-bddde87a93e1127f,1070000134,6.2.b.i,normalized_legacy_na_to_null,6. AFN customers,,HFTD Tier 2,Rural,WUI,Number of customers belonging to access and functional needs populations,exact,11653,,,SDG&E,2024,4,v3.2,1,4,SDGE_2024_Q4_Tables1-15_R1.xlsx,Table 7,144,I144,https://efiling.energysafety.ca.gov/eFiling/Getfile.aspx?fileid=56226&shareable=true
T7R-3d9340bd375167a8,1070000135,6.2.b.ii,normalized_legacy_na_to_null,6. AFN customers,,HFTD Tier 2,Rural,Non-WUI,Number of customers belonging to access and functional needs populations,exact,5119,,,SDG&E,2024,4,v3.2,1,4,SDGE_2024_Q4_Tables1-15_R1.xlsx,Table 7,145,I145,https://efiling.energysafety.ca.gov/eFiling/Getfile.aspx?fileid=56226&shareable=true
T7R-ebd4465221d382dc,1070000136,6.2.c.i,normalized_legacy_na_to_null,6. AFN customers,,HFTD Tier 2,Highly rural,WUI,Number of customers belonging to access and functional needs populations,exact,92,,,SDG&E,2024,4,v3.2,1,4,SDGE_2024_Q4_Tables1-15_R1.xlsx,Table 7,146,I146,https://efiling.energysafety.ca.gov/eFiling/Getfile.aspx?fileid=56226&shareable=true
T7R-2597cf847e942d76,1070000137,6.2.c.ii,normalized_legacy_na_to_null,6. AFN customers,,HFTD Tier 2,Highly rural,Non-WUI,Number of customers belonging to access and functional needs populations,exact,173,,,SDG&E,2024,4,v3.2,1,4,SDGE_2024_Q4_Tables1-15_R1.xlsx,Table 7,147,I147,https://efiling.energysafety.ca.gov/eFiling/Getfile.aspx?fileid=56226&shareable=true
T7R-1b7bfb0acc6a3a9a,1070000138,6.3.a.i,normalized_legacy_na_to_null,6. AFN customers,,HFTD Tier 3,Urban,WUI,Number of customers belonging to access and functional needs populations,exact,29,,,SDG&E,2024,4,v3.2,1,4,SDGE_2024_Q4_Tables1-15_R1.xlsx,Table 7,148,I148,https://efiling.energysafety.ca.gov/eFiling/Getfile.aspx?fileid=56226&shareable=true
T7R-f23cceb7f658a02d,1070000139,6.3.a.ii,normalized_legacy_na_to_null,6. AFN customers,,HFTD Tier 3,Urban,Non-WUI,Number of customers belonging to access and functional needs populations,exact,1,,,SDG&E,2024,4,v3.2,1,4,SDGE_2024_Q4_Tables1-15_R1.xlsx,Table 7,149,I149,https://efiling.energysafety.ca.gov/eFiling/Getfile.aspx?fileid=56226&shareable=true
T7R-d0dd7fcecf7e81fa,1070000140,6.3.b.i,normalized_legacy_na_to_null,6. AFN customers,,HFTD Tier 3,Rural,WUI,Number of customers belonging to access and functional needs populations,exact,5432,,,SDG&E,2024,4,v3.2,1,4,SDGE_2024_Q4_Tables1-15_R1.xlsx,Table 7,150,I150,https://efiling.energysafety.ca.gov/eFiling/Getfile.aspx?fileid=56226&shareable=true
T7R-28500163d617d854,1070000141,6.3.b.ii,normalized_legacy_na_to_null,6. AFN customers,,HFTD Tier 3,Rural,Non-WUI,Number of customers belonging to access and functional needs populations,exact,2148,,,SDG&E,2024,4,v3.2,1,4,SDGE_2024_Q4_Tables1-15_R1.xlsx,Table 7,151,I151,https://efiling.energysafety.ca.gov/eFiling/Getfile.aspx?fileid=56226&shareable=true
T7R-2256461c12a065f8,1070000142,6.3.c.i,normalized_legacy_na_to_null,6. AFN customers,,HFTD Tier 3,Highly rural,WUI,Number of customers belonging to access and functional needs populations,exact,242,,,SDG&E,2024,4,v3.2,1,4,SDGE_2024_Q4_Tables1-15_R1.xlsx,Table 7,152,I152,https://efiling.energysafety.ca.gov/eFiling/Getfile.aspx?fileid=56226&shareable=true
T7R-8280f8bdffa247fe,1070000143,6.3.c.ii,normalized_legacy_na_to_null,6. AFN customers,,HFTD Tier 3,Highly rural,Non-WUI,Number of customers belonging to access and functional needs populations,exact,197,,,SDG&E,2024,4,v3.2,1,4,SDGE_2024_Q4_Tables1-15_R1.xlsx,Table 7,153,I153,https://efiling.energysafety.ca.gov/eFiling/Getfile.aspx?fileid=56226&shareable=true
T7R-039d122c7691e386,1070000144,7.0.a.i,normalized_legacy_na_to_null,7. Substations,,Non-HFTD,Urban,WUI,Number of substations,exact,12,,,SDG&E,2024,4,v3.2,1,4,SDGE_2024_Q4_Tables1-15_R1.xlsx,Table 7,154,I154,https://efiling.energysafety.ca.gov/eFiling/Getfile.aspx?fileid=56226&shareable=true
T7R-1c09eb1e4ca9669f,1070000145,7.0.a.ii,normalized_legacy_na_to_null,7. Substations,,Non-HFTD,Urban,Non-WUI,Number of substations,exact,66,,,SDG&E,2024,4,v3.2,1,4,SDGE_2024_Q4_Tables1-15_R1.xlsx,Table 7,155,I155,https://efiling.energysafety.ca.gov/eFiling/Getfile.aspx?fileid=56226&shareable=true
T7R-53696a7565469820,1070000146,7.0.b.i,normalized_legacy_na_to_null,7. Substations,,Non-HFTD,Rural,WUI,Number of substations,exact,4,,,SDG&E,2024,4,v3.2,1,4,SDGE_2024_Q4_Tables1-15_R1.xlsx,Table 7,156,I156,https://efiling.energysafety.ca.gov/eFiling/Getfile.aspx?fileid=56226&shareable=true
T7R-966c38077006373a,1070000147,7.0.b.ii,normalized_legacy_na_to_null,7. Substations,,Non-HFTD,Rural,Non-WUI,Number of substations,exact,26,,,SDG&E,2024,4,v3.2,1,4,SDGE_2024_Q4_Tables1-15_R1.xlsx,Table 7,157,I157,https://efiling.energysafety.ca.gov/eFiling/Getfile.aspx?fileid=56226&shareable=true
T7R-133b3a3d49ef014c,1070000148,7.0.c.i,normalized_legacy_na_to_null,7. Substations,,Non-HFTD,Highly rural,WUI,Number of substations,exact,0,,,SDG&E,2024,4,v3.2,1,4,SDGE_2024_Q4_Tables1-15_R1.xlsx,Table 7,158,I158,https://efiling.energysafety.ca.gov/eFiling/Getfile.aspx?fileid=56226&shareable=true
T7R-fdd6b708201f5b31,1070000149,7.0.c.ii,normalized_legacy_na_to_null,7. Substations,,Non-HFTD,Highly rural,Non-WUI,Number of substations,exact,3,,,SDG&E,2024,4,v3.2,1,4,SDGE_2024_Q4_Tables1-15_R1.xlsx,Table 7,159,I159,https://efiling.energysafety.ca.gov/eFiling/Getfile.aspx?fileid=56226&shareable=true
T7R-508339e9b5693f02,1070000150,7.2.a.i,normalized_legacy_na_to_null,7. Substations,,HFTD Tier 2,Urban,WUI,Number of substations,exact,1,,,SDG&E,2024,4,v3.2,1,4,SDGE_2024_Q4_Tables1-15_R1.xlsx,Table 7,160,I160,https://efiling.energysafety.ca.gov/eFiling/Getfile.aspx?fileid=56226&shareable=true
T7R-09e32ab73339416e,1070000151,7.2.a.ii,normalized_legacy_na_to_null,7. Substations,,HFTD Tier 2,Urban,Non-WUI,Number of substations,exact,5,,,SDG&E,2024,4,v3.2,1,4,SDGE_2024_Q4_Tables1-15_R1.xlsx,Table 7,161,I161,https://efiling.energysafety.ca.gov/eFiling/Getfile.aspx?fileid=56226&shareable=true
T7R-eb072c7ffaa53da4,1070000152,7.2.b.i,normalized_legacy_na_to_null,7. Substations,,HFTD Tier 2,Rural,WUI,Number of substations,exact,5,,,SDG&E,2024,4,v3.2,1,4,SDGE_2024_Q4_Tables1-15_R1.xlsx,Table 7,162,I162,https://efiling.energysafety.ca.gov/eFiling/Getfile.aspx?fileid=56226&shareable=true
T7R-130a994f7ff2bdde,1070000153,7.2.b.ii,normalized_legacy_na_to_null,7. Substations,,HFTD Tier 2,Rural,Non-WUI,Number of substations,exact,21,,,SDG&E,2024,4,v3.2,1,4,SDGE_2024_Q4_Tables1-15_R1.xlsx,Table 7,163,I163,https://efiling.energysafety.ca.gov/eFiling/Getfile.aspx?fileid=56226&shareable=true
T7R-030cd0f17adc4b7a,1070000154,7.2.c.i,normalized_legacy_na_to_null,7. Substations,,HFTD Tier 2,Highly rural,WUI,Number of substations,exact,0,,,SDG&E,2024,4,v3.2,1,4,SDGE_2024_Q4_Tables1-15_R1.xlsx,Table 7,164,I164,https://efiling.energysafety.ca.gov/eFiling/Getfile.aspx?fileid=56226&shareable=true
T7R-d9197f356f898d93,1070000155,7.2.c.ii,normalized_legacy_na_to_null,7. Substations,,HFTD Tier 2,Highly rural,Non-WUI,Number of substations,exact,1,,,SDG&E,2024,4,v3.2,1,4,SDGE_2024_Q4_Tables1-15_R1.xlsx,Table 7,165,I165,https://efiling.energysafety.ca.gov/eFiling/Getfile.aspx?fileid=56226&shareable=true
T7R-ccde933844df1e27,1070000156,7.3.a.i,normalized_legacy_na_to_null,7. Substations,,HFTD Tier 3,Urban,WUI,Number of substations,exact,0,,,SDG&E,2024,4,v3.2,1,4,SDGE_2024_Q4_Tables1-15_R1.xlsx,Table 7,166,I166,https://efiling.energysafety.ca.gov/eFiling/Getfile.aspx?fileid=56226&shareable=true
T7R-08891e1f8f4b297d,1070000157,7.3.a.ii,normalized_legacy_na_to_null,7. Substations,,HFTD Tier 3,Urban,Non-WUI,Number of substations,exact,0,,,SDG&E,2024,4,v3.2,1,4,SDGE_2024_Q4_Tables1-15_R1.xlsx,Table 7,167,I167,https://efiling.energysafety.ca.gov/eFiling/Getfile.aspx?fileid=56226&shareable=true
T7R-c1e9e75d66fce5d5,1070000158,7.3.b.i,normalized_legacy_na_to_null,7. Substations,,HFTD Tier 3,Rural,WUI,Number of substations,exact,0,,,SDG&E,2024,4,v3.2,1,4,SDGE_2024_Q4_Tables1-15_R1.xlsx,Table 7,168,I168,https://efiling.energysafety.ca.gov/eFiling/Getfile.aspx?fileid=56226&shareable=true
T7R-1eb4416d643eb204,1070000159,7.3.b.ii,normalized_legacy_na_to_null,7. Substations,,HFTD Tier 3,Rural,Non-WUI,Number of substations,exact,11,,,SDG&E,2024,4,v3.2,1,4,SDGE_2024_Q4_Tables1-15_R1.xlsx,Table 7,169,I169,https://efiling.energysafety.ca.gov/eFiling/Getfile.aspx?fileid=56226&shareable=true
T7R-1c6b4494f120adca,1070000160,7.3.c.i,normalized_legacy_na_to_null,7. Substations,,HFTD Tier 3,Highly rural,WUI,Number of substations,exact,0,,,SDG&E,2024,4,v3.2,1,4,SDGE_2024_Q4_Tables1-15_R1.xlsx,Table 7,170,I170,https://efiling.energysafety.ca.gov/eFiling/Getfile.aspx?fileid=56226&shareable=true
T7R-063d85663c183438,1070000161,7.3.c.ii,normalized_legacy_na_to_null,7. Substations,,HFTD Tier 3,Highly rural,Non-WUI,Number of substations,exact,1,,,SDG&E,2024,4,v3.2,1,4,SDGE_2024_Q4_Tables1-15_R1.xlsx,Table 7,171,I171,https://efiling.energysafety.ca.gov/eFiling/Getfile.aspx?fileid=56226&shareable=true
T7R-d34d67992cc9f9f8,1070000162,8.0.a.i,normalized_legacy_na_to_null,8. Weather stations,,Non-HFTD,Urban,WUI,Number of weather stations,exact,3,,,SDG&E,2024,4,v3.2,1,4,SDGE_2024_Q4_Tables1-15_R1.xlsx,Table 7,172,I172,https://efiling.energysafety.ca.gov/eFiling/Getfile.aspx?fileid=56226&shareable=true
T7R-5c70d59c35a84e99,1070000163,8.0.a.ii,normalized_legacy_na_to_null,8. Weather stations,,Non-HFTD,Urban,Non-WUI,Number of weather stations,exact,13,,,SDG&E,2024,4,v3.2,1,4,SDGE_2024_Q4_Tables1-15_R1.xlsx,Table 7,173,I173,https://efiling.energysafety.ca.gov/eFiling/Getfile.aspx?fileid=56226&shareable=true
T7R-32f6c100f4cc04bd,1070000164,8.0.b.i,normalized_legacy_na_to_null,8. Weather stations,,Non-HFTD,Rural,WUI,Number of weather stations,exact,0,,,SDG&E,2024,4,v3.2,1,4,SDGE_2024_Q4_Tables1-15_R1.xlsx,Table 7,174,I174,https://efiling.energysafety.ca.gov/eFiling/Getfile.aspx?fileid=56226&shareable=true
T7R-1f607f1f8724b45a,1070000165,8.0.b.ii,normalized_legacy_na_to_null,8. Weather stations,,Non-HFTD,Rural,Non-WUI,Number of weather stations,exact,4,,,SDG&E,2024,4,v3.2,1,4,SDGE_2024_Q4_Tables1-15_R1.xlsx,Table 7,175,I175,https://efiling.energysafety.ca.gov/eFiling/Getfile.aspx?fileid=56226&shareable=true
T7R-7395a13ae8decda9,1070000166,8.0.c.i,normalized_legacy_na_to_null,8. Weather stations,,Non-HFTD,Highly rural,WUI,Number of weather stations,exact,0,,,SDG&E,2024,4,v3.2,1,4,SDGE_2024_Q4_Tables1-15_R1.xlsx,Table 7,176,I176,https://efiling.energysafety.ca.gov/eFiling/Getfile.aspx?fileid=56226&shareable=true
T7R-1f53ffc39f744a42,1070000167,8.0.c.ii,normalized_legacy_na_to_null,8. Weather stations,,Non-HFTD,Highly rural,Non-WUI,Number of weather stations,exact,2,,,SDG&E,2024,4,v3.2,1,4,SDGE_2024_Q4_Tables1-15_R1.xlsx,Table 7,177,I177,https://efiling.energysafety.ca.gov/eFiling/Getfile.aspx?fileid=56226&shareable=true
T7R-43a62c2da15cd7a6,1070000168,8.2.a.i,normalized_legacy_na_to_null,8. Weather stations,,HFTD Tier 2,Urban,WUI,Number of weather stations,exact,2,,,SDG&E,2024,4,v3.2,1,4,SDGE_2024_Q4_Tables1-15_R1.xlsx,Table 7,178,I178,https://efiling.energysafety.ca.gov/eFiling/Getfile.aspx?fileid=56226&shareable=true
T7R-c871603e577c15c2,1070000169,8.2.a.ii,normalized_legacy_na_to_null,8. Weather stations,,HFTD Tier 2,Urban,Non-WUI,Number of weather stations,exact,4,,,SDG&E,2024,4,v3.2,1,4,SDGE_2024_Q4_Tables1-15_R1.xlsx,Table 7,179,I179,https://efiling.energysafety.ca.gov/eFiling/Getfile.aspx?fileid=56226&shareable=true
T7R-578d7fbe0fe51005,1070000170,8.2.b.i,normalized_legacy_na_to_null,8. Weather stations,,HFTD Tier 2,Rural,WUI,Number of weather stations,exact,16,,,SDG&E,2024,4,v3.2,1,4,SDGE_2024_Q4_Tables1-15_R1.xlsx,Table 7,180,I180,https://efiling.energysafety.ca.gov/eFiling/Getfile.aspx?fileid=56226&shareable=true
T7R-250cfef05eaeb06d,1070000171,8.2.b.ii,normalized_legacy_na_to_null,8. Weather stations,,HFTD Tier 2,Rural,Non-WUI,Number of weather stations,exact,52,,,SDG&E,2024,4,v3.2,1,4,SDGE_2024_Q4_Tables1-15_R1.xlsx,Table 7,181,I181,https://efiling.energysafety.ca.gov/eFiling/Getfile.aspx?fileid=56226&shareable=true
T7R-2a6c95643e94a834,1070000172,8.2.c.i,normalized_legacy_na_to_null,8. Weather stations,,HFTD Tier 2,Highly rural,WUI,Number of weather stations,exact,1,,,SDG&E,2024,4,v3.2,1,4,SDGE_2024_Q4_Tables1-15_R1.xlsx,Table 7,182,I182,https://efiling.energysafety.ca.gov/eFiling/Getfile.aspx?fileid=56226&shareable=true
T7R-506284dbb76d5906,1070000173,8.2.c.ii,normalized_legacy_na_to_null,8. Weather stations,,HFTD Tier 2,Highly rural,Non-WUI,Number of weather stations,exact,7,,,SDG&E,2024,4,v3.2,1,4,SDGE_2024_Q4_Tables1-15_R1.xlsx,Table 7,183,I183,https://efiling.energysafety.ca.gov/eFiling/Getfile.aspx?fileid=56226&shareable=true
T7R-c75b025cd9bc243e,1070000174,8.3.a.i,normalized_legacy_na_to_null,8. Weather stations,,HFTD Tier 3,Urban,WUI,Number of weather stations,exact,0,,,SDG&E,2024,4,v3.2,1,4,SDGE_2024_Q4_Tables1-15_R1.xlsx,Table 7,184,I184,https://efiling.energysafety.ca.gov/eFiling/Getfile.aspx?fileid=56226&shareable=true
T7R-d3b35c391ca7d069,1070000175,8.3.a.ii,normalized_legacy_na_to_null,8. Weather stations,,HFTD Tier 3,Urban,Non-WUI,Number of weather stations,exact,0,,,SDG&E,2024,4,v3.2,1,4,SDGE_2024_Q4_Tables1-15_R1.xlsx,Table 7,185,I185,https://efiling.energysafety.ca.gov/eFiling/Getfile.aspx?fileid=56226&shareable=true
T7R-d511b188bb43a6b0,1070000176,8.3.b.i,normalized_legacy_na_to_null,8. Weather stations,,HFTD Tier 3,Rural,WUI,Number of weather stations,exact,12,,,SDG&E,2024,4,v3.2,1,4,SDGE_2024_Q4_Tables1-15_R1.xlsx,Table 7,186,I186,https://efiling.energysafety.ca.gov/eFiling/Getfile.aspx?fileid=56226&shareable=true
T7R-e1fb1d382aeca355,1070000177,8.3.b.ii,normalized_legacy_na_to_null,8. Weather stations,,HFTD Tier 3,Rural,Non-WUI,Number of weather stations,exact,84,,,SDG&E,2024,4,v3.2,1,4,SDGE_2024_Q4_Tables1-15_R1.xlsx,Table 7,187,I187,https://efiling.energysafety.ca.gov/eFiling/Getfile.aspx?fileid=56226&shareable=true
T7R-4e78f695ff081d63,1070000178,8.3.c.i,normalized_legacy_na_to_null,8. Weather stations,,HFTD Tier 3,Highly rural,WUI,Number of weather stations,exact,3,,,SDG&E,2024,4,v3.2,1,4,SDGE_2024_Q4_Tables1-15_R1.xlsx,Table 7,188,I188,https://efiling.energysafety.ca.gov/eFiling/Getfile.aspx?fileid=56226&shareable=true
T7R-8065a13b69d47252,1070000179,8.3.c.ii,normalized_legacy_na_to_null,8. Weather stations,,HFTD Tier 3,Highly rural,Non-WUI,Number of weather stations,exact,17,,,SDG&E,2024,4,v3.2,1,4,SDGE_2024_Q4_Tables1-15_R1.xlsx,Table 7,189,I189,https://efiling.energysafety.ca.gov/eFiling/Getfile.aspx?fileid=56226&shareable=true
T7R-5069d8e20b416c4f,1070000000,1.d.0.a.i,v4_native,1. Overhead circuit miles,Distribution,Non-HFTD,Urban,WUI,Circuit miles,v4_native,429.846401515151,,,SDG&E,2025,1,v4.01,6,1,SDGE_2025_Q1_R6.xlsx,Table 7,2,M2,https://efiling.energysafety.ca.gov/eFiling/Getfile.aspx?fileid=58132&shareable=true
T7R-5009b33752f60306,1070000001,1.d.0.a.ii,v4_native,1. Overhead circuit miles,Distribution,Non-HFTD,Urban,Non-WUI,Circuit miles,v4_native,2100.2731060606,,,SDG&E,2025,1,v4.01,6,1,SDGE_2025_Q1_R6.xlsx,Table 7,3,M3,https://efiling.energysafety.ca.gov/eFiling/Getfile.aspx?fileid=58132&shareable=true
T7R-7beb9d9cb238ec56,1070000002,1.d.0.b.i,v4_native,1. Overhead circuit miles,Distribution,Non-HFTD,Rural,WUI,Circuit miles,v4_native,137.09356060606,,,SDG&E,2025,1,v4.01,6,1,SDGE_2025_Q1_R6.xlsx,Table 7,4,M4,https://efiling.energysafety.ca.gov/eFiling/Getfile.aspx?fileid=58132&shareable=true
T7R-ad26a954794ce847,1070000003,1.d.0.b.ii,v4_native,1. Overhead circuit miles,Distribution,Non-HFTD,Rural,Non-WUI,Circuit miles,v4_native,136.857954545454,,,SDG&E,2025,1,v4.01,6,1,SDGE_2025_Q1_R6.xlsx,Table 7,5,M5,https://efiling.energysafety.ca.gov/eFiling/Getfile.aspx?fileid=58132&shareable=true
T7R-34a0aac58c854e0e,1070000004,1.d.0.c.i,v4_native,1. Overhead circuit miles,Distribution,Non-HFTD,Highly rural,WUI,Circuit miles,v4_native,34.8320075757575,,,SDG&E,2025,1,v4.01,6,1,SDGE_2025_Q1_R6.xlsx,Table 7,6,M6,https://efiling.energysafety.ca.gov/eFiling/Getfile.aspx?fileid=58132&shareable=true
T7R-6a04c810e84e3b11,1070000005,1.d.0.c.ii,v4_native,1. Overhead circuit miles,Distribution,Non-HFTD,Highly rural,Non-WUI,Circuit miles,v4_native,109.225946969696,,,SDG&E,2025,1,v4.01,6,1,SDGE_2025_Q1_R6.xlsx,Table 7,7,M7,https://efiling.energysafety.ca.gov/eFiling/Getfile.aspx?fileid=58132&shareable=true
T7R-9f990e2f5e88f881,1070000006,1.d.2.a.i,v4_native,1. Overhead circuit miles,Distribution,HFTD Tier 2,Urban,WUI,Circuit miles,v4_native,98.4797348484848,,,SDG&E,2025,1,v4.01,6,1,SDGE_2025_Q1_R6.xlsx,Table 7,8,M8,https://efiling.energysafety.ca.gov/eFiling/Getfile.aspx?fileid=58132&shareable=true
T7R-5e2234b1c5ebc6ff,1070000007,1.d.2.a.ii,v4_native,1. Overhead circuit miles,Distribution,HFTD Tier 2,Urban,Non-WUI,Circuit miles,v4_native,87.8950757575757,,,SDG&E,2025,1,v4.01,6,1,SDGE_2025_Q1_R6.xlsx,Table 7,9,M9,https://efiling.energysafety.ca.gov/eFiling/Getfile.aspx?fileid=58132&shareable=true
T7R-4f4ab58c762250bf,1070000008,1.d.2.b.i,v4_native,1. Overhead circuit miles,Distribution,HFTD Tier 2,Rural,WUI,Circuit miles,v4_native,835.548674242424,,,SDG&E,2025,1,v4.01,6,1,SDGE_2025_Q1_R6.xlsx,Table 7,10,M10,https://efiling.energysafety.ca.gov/eFiling/Getfile.aspx?fileid=58132&shareable=true
T7R-b0093ab0ab204052,1070000009,1.d.2.b.ii,v4_native,1. Overhead circuit miles,Distribution,HFTD Tier 2,Rural,Non-WUI,Circuit miles,v4_native,579.887689393939,,,SDG&E,2025,1,v4.01,6,1,SDGE_2025_Q1_R6.xlsx,Table 7,11,M11,https://efiling.energysafety.ca.gov/eFiling/Getfile.aspx?fileid=58132&shareable=true
T7R-1ac557668dacf69c,1070000010,1.d.2.c.i,v4_native,1. Overhead circuit miles,Distribution,HFTD Tier 2,Highly rural,WUI,Circuit miles,v4_native,20.316856060606,,,SDG&E,2025,1,v4.01,6,1,SDGE_2025_Q1_R6.xlsx,Table 7,12,M12,https://efiling.energysafety.ca.gov/eFiling/Getfile.aspx?fileid=58132&shareable=true
T7R-4405890f084a45a5,1070000011,1.d.2.c.ii,v4_native,1. Overhead circuit miles,Distribution,HFTD Tier 2,Highly rural,Non-WUI,Circuit miles,v4_native,151.9375,,,SDG&E,2025,1,v4.01,6,1,SDGE_2025_Q1_R6.xlsx,Table 7,13,M13,https://efiling.energysafety.ca.gov/eFiling/Getfile.aspx?fileid=58132&shareable=true
T7R-c9ab660d3e5d9e54,1070000012,1.d.3.a.i,v4_native,1. Overhead circuit miles,Distribution,HFTD Tier 3,Urban,WUI,Circuit miles,v4_native,5.35587121212121,,,SDG&E,2025,1,v4.01,6,1,SDGE_2025_Q1_R6.xlsx,Table 7,14,M14,https://efiling.energysafety.ca.gov/eFiling/Getfile.aspx?fileid=58132&shareable=true
T7R-cb15ef756bdce9d1,1070000013,1.d.3.a.ii,v4_native,1. Overhead circuit miles,Distribution,HFTD Tier 3,Urban,Non-WUI,Circuit miles,v4_native,0.0988636363636363,,,SDG&E,2025,1,v4.01,6,1,SDGE_2025_Q1_R6.xlsx,Table 7,15,M15,https://efiling.energysafety.ca.gov/eFiling/Getfile.aspx?fileid=58132&shareable=true
T7R-fb7823cd0c1a6e0b,1070000014,1.d.3.b.i,v4_native,1. Overhead circuit miles,Distribution,HFTD Tier 3,Rural,WUI,Circuit miles,v4_native,651.064962121212,,,SDG&E,2025,1,v4.01,6,1,SDGE_2025_Q1_R6.xlsx,Table 7,16,M16,https://efiling.energysafety.ca.gov/eFiling/Getfile.aspx?fileid=58132&shareable=true
T7R-c58008f66981162a,1070000015,1.d.3.b.ii,v4_native,1. Overhead circuit miles,Distribution,HFTD Tier 3,Rural,Non-WUI,Circuit miles,v4_native,804.435227272727,,,SDG&E,2025,1,v4.01,6,1,SDGE_2025_Q1_R6.xlsx,Table 7,17,M17,https://efiling.energysafety.ca.gov/eFiling/Getfile.aspx?fileid=58132&shareable=true
T7R-50a99de7ad8e8522,1070000016,1.d.3.c.i,v4_native,1. Overhead circuit miles,Distribution,HFTD Tier 3,Highly rural,WUI,Circuit miles,v4_native,10.4462121212121,,,SDG&E,2025,1,v4.01,6,1,SDGE_2025_Q1_R6.xlsx,Table 7,18,M18,https://efiling.energysafety.ca.gov/eFiling/Getfile.aspx?fileid=58132&shareable=true
T7R-153132a441b5a075,1070000017,1.d.3.c.ii,v4_native,1. Overhead circuit miles,Distribution,HFTD Tier 3,Highly rural,Non-WUI,Circuit miles,v4_native,109.157765151515,,,SDG&E,2025,1,v4.01,6,1,SDGE_2025_Q1_R6.xlsx,Table 7,19,M19,https://efiling.energysafety.ca.gov/eFiling/Getfile.aspx?fileid=58132&shareable=true
T7R-760129ad713f0249,1070000018,1.t.0.a.i,v4_native,1. Overhead circuit miles,Transmission,Non-HFTD,Urban,WUI,Circuit miles,v4_native,150.922672348484,,,SDG&E,2025,1,v4.01,6,1,SDGE_2025_Q1_R6.xlsx,Table 7,20,M20,https://efiling.energysafety.ca.gov/eFiling/Getfile.aspx?fileid=58132&shareable=true
T7R-53697c3cf0c19ad3,1070000019,1.t.0.a.ii,v4_native,1. Overhead circuit miles,Transmission,Non-HFTD,Urban,Non-WUI,Circuit miles,v4_native,308.158884469696,,,SDG&E,2025,1,v4.01,6,1,SDGE_2025_Q1_R6.xlsx,Table 7,21,M21,https://efiling.energysafety.ca.gov/eFiling/Getfile.aspx?fileid=58132&shareable=true
T7R-6e976dee5c850836,1070000020,1.t.0.b.i,v4_native,1. Overhead circuit miles,Transmission,Non-HFTD,Rural,WUI,Circuit miles,v4_native,38.4714886363636,,,SDG&E,2025,1,v4.01,6,1,SDGE_2025_Q1_R6.xlsx,Table 7,22,M22,https://efiling.energysafety.ca.gov/eFiling/Getfile.aspx?fileid=58132&shareable=true
T7R-89472307658aa6d5,1070000021,1.t.0.b.ii,v4_native,1. Overhead circuit miles,Transmission,Non-HFTD,Rural,Non-WUI,Circuit miles,v4_native,91.3158958333333,,,SDG&E,2025,1,v4.01,6,1,SDGE_2025_Q1_R6.xlsx,Table 7,23,M23,https://efiling.energysafety.ca.gov/eFiling/Getfile.aspx?fileid=58132&shareable=true
T7R-096399568d25beca,1070000022,1.t.0.c.i,v4_native,1. Overhead circuit miles,Transmission,Non-HFTD,Highly rural,WUI,Circuit miles,v4_native,0,,,SDG&E,2025,1,v4.01,6,1,SDGE_2025_Q1_R6.xlsx,Table 7,24,M24,https://efiling.energysafety.ca.gov/eFiling/Getfile.aspx?fileid=58132&shareable=true
T7R-a5ef7cd53783255a,1070000023,1.t.0.c.ii,v4_native,1. Overhead circuit miles,Transmission,Non-HFTD,Highly rural,Non-WUI,Circuit miles,v4_native,22.8057632575757,,,SDG&E,2025,1,v4.01,6,1,SDGE_2025_Q1_R6.xlsx,Table 7,25,M25,https://efiling.energysafety.ca.gov/eFiling/Getfile.aspx?fileid=58132&shareable=true
T7R-0d4eea46778aa304,1070000024,1.t.2.a.i,v4_native,1. Overhead circuit miles,Transmission,HFTD Tier 2,Urban,WUI,Circuit miles,v4_native,45.5331515151515,,,SDG&E,2025,1,v4.01,6,1,SDGE_2025_Q1_R6.xlsx,Table 7,26,M26,https://efiling.energysafety.ca.gov/eFiling/Getfile.aspx?fileid=58132&shareable=true
T7R-efb95fee4a17f579,1070000025,1.t.2.a.ii,v4_native,1. Overhead circuit miles,Transmission,HFTD Tier 2,Urban,Non-WUI,Circuit miles,v4_native,79.5692196969697,,,SDG&E,2025,1,v4.01,6,1,SDGE_2025_Q1_R6.xlsx,Table 7,27,M27,https://efiling.energysafety.ca.gov/eFiling/Getfile.aspx?fileid=58132&shareable=true
T7R-d3ca83fa7fa33c7a,1070000026,1.t.2.b.i,v4_native,1. Overhead circuit miles,Transmission,HFTD Tier 2,Rural,WUI,Circuit miles,v4_native,106.674178030303,,,SDG&E,2025,1,v4.01,6,1,SDGE_2025_Q1_R6.xlsx,Table 7,28,M28,https://efiling.energysafety.ca.gov/eFiling/Getfile.aspx?fileid=58132&shareable=true
T7R-d5b43e7295c64b04,1070000027,1.t.2.b.ii,v4_native,1. Overhead circuit miles,Transmission,HFTD Tier 2,Rural,Non-WUI,Circuit miles,v4_native,422.991751893939,,,SDG&E,2025,1,v4.01,6,1,SDGE_2025_Q1_R6.xlsx,Table 7,29,M29,https://efiling.energysafety.ca.gov/eFiling/Getfile.aspx?fileid=58132&shareable=true
T7R-2fc0f8dd863db17c,1070000028,1.t.2.c.i,v4_native,1. Overhead circuit miles,Transmission,HFTD Tier 2,Highly rural,WUI,Circuit miles,v4_native,0,,,SDG&E,2025,1,v4.01,6,1,SDGE_2025_Q1_R6.xlsx,Table 7,30,M30,https://efiling.energysafety.ca.gov/eFiling/Getfile.aspx?fileid=58132&shareable=true
T7R-7987c77c15648bc6,1070000029,1.t.2.c.ii,v4_native,1. Overhead circuit miles,Transmission,HFTD Tier 2,Highly rural,Non-WUI,Circuit miles,v4_native,23.4249204545454,,,SDG&E,2025,1,v4.01,6,1,SDGE_2025_Q1_R6.xlsx,Table 7,31,M31,https://efiling.energysafety.ca.gov/eFiling/Getfile.aspx?fileid=58132&shareable=true
T7R-5cffb52303e62261,1070000030,1.t.3.a.i,v4_native,1. Overhead circuit miles,Transmission,HFTD Tier 3,Urban,WUI,Circuit miles,v4_native,0,,,SDG&E,2025,1,v4.01,6,1,SDGE_2025_Q1_R6.xlsx,Table 7,32,M32,https://efiling.energysafety.ca.gov/eFiling/Getfile.aspx?fileid=58132&shareable=true
T7R-65d1d95c1d9717d1,1070000031,1.t.3.a.ii,v4_native,1. Overhead circuit miles,Transmission,HFTD Tier 3,Urban,Non-WUI,Circuit miles,v4_native,0,,,SDG&E,2025,1,v4.01,6,1,SDGE_2025_Q1_R6.xlsx,Table 7,33,M33,https://efiling.energysafety.ca.gov/eFiling/Getfile.aspx?fileid=58132&shareable=true
T7R-9419c9d4168d4b01,1070000032,1.t.3.b.i,v4_native,1. Overhead circuit miles,Transmission,HFTD Tier 3,Rural,WUI,Circuit miles,v4_native,23.8494034090909,,,SDG&E,2025,1,v4.01,6,1,SDGE_2025_Q1_R6.xlsx,Table 7,34,M34,https://efiling.energysafety.ca.gov/eFiling/Getfile.aspx?fileid=58132&shareable=true
T7R-76c8dac5ad01eb77,1070000033,1.t.3.b.ii,v4_native,1. Overhead circuit miles,Transmission,HFTD Tier 3,Rural,Non-WUI,Circuit miles,v4_native,232.098314393939,,,SDG&E,2025,1,v4.01,6,1,SDGE_2025_Q1_R6.xlsx,Table 7,35,M35,https://efiling.energysafety.ca.gov/eFiling/Getfile.aspx?fileid=58132&shareable=true
T7R-4f83a7af66f5c0f2,1070000034,1.t.3.c.i,v4_native,1. Overhead circuit miles,Transmission,HFTD Tier 3,Highly rural,WUI,Circuit miles,v4_native,0.30530303030303,,,SDG&E,2025,1,v4.01,6,1,SDGE_2025_Q1_R6.xlsx,Table 7,36,M36,https://efiling.energysafety.ca.gov/eFiling/Getfile.aspx?fileid=58132&shareable=true
T7R-d660d04654584f59,1070000035,1.t.3.c.ii,v4_native,1. Overhead circuit miles,Transmission,HFTD Tier 3,Highly rural,Non-WUI,Circuit miles,v4_native,11.5120946969696,,,SDG&E,2025,1,v4.01,6,1,SDGE_2025_Q1_R6.xlsx,Table 7,37,M37,https://efiling.energysafety.ca.gov/eFiling/Getfile.aspx?fileid=58132&shareable=true
T7R-e7337036c6d8ef2c,1070000036,2.d.0.a.i,v4_native,2. Underground circuit miles,Distribution,Non-HFTD,Urban,WUI,Circuit miles,v4_native,2090.79621212121,,,SDG&E,2025,1,v4.01,6,1,SDGE_2025_Q1_R6.xlsx,Table 7,38,M38,https://efiling.energysafety.ca.gov/eFiling/Getfile.aspx?fileid=58132&shareable=true
T7R-c08ae51f6da329f6,1070000037,2.d.0.a.ii,v4_native,2. Underground circuit miles,Distribution,Non-HFTD,Urban,Non-WUI,Circuit miles,v4_native,5131.79867424242,,,SDG&E,2025,1,v4.01,6,1,SDGE_2025_Q1_R6.xlsx,Table 7,39,M39,https://efiling.energysafety.ca.gov/eFiling/Getfile.aspx?fileid=58132&shareable=true
T7R-9d6d02b6114c41a4,1070000038,2.d.0.b.i,v4_native,2. Underground circuit miles,Distribution,Non-HFTD,Rural,WUI,Circuit miles,v4_native,440.330492424242,,,SDG&E,2025,1,v4.01,6,1,SDGE_2025_Q1_R6.xlsx,Table 7,40,M40,https://efiling.energysafety.ca.gov/eFiling/Getfile.aspx?fileid=58132&shareable=true
T7R-5e01b14d15906a82,1070000039,2.d.0.b.ii,v4_native,2. Underground circuit miles,Distribution,Non-HFTD,Rural,Non-WUI,Circuit miles,v4_native,711.464393939394,,,SDG&E,2025,1,v4.01,6,1,SDGE_2025_Q1_R6.xlsx,Table 7,41,M41,https://efiling.energysafety.ca.gov/eFiling/Getfile.aspx?fileid=58132&shareable=true
T7R-492e25a9c5f75b80,1070000040,2.d.0.c.i,v4_native,2. Underground circuit miles,Distribution,Non-HFTD,Highly rural,WUI,Circuit miles,v4_native,17.8589015151515,,,SDG&E,2025,1,v4.01,6,1,SDGE_2025_Q1_R6.xlsx,Table 7,42,M42,https://efiling.energysafety.ca.gov/eFiling/Getfile.aspx?fileid=58132&shareable=true
T7R-cdcb967872cc21be,1070000041,2.d.0.c.ii,v4_native,2. Underground circuit miles,Distribution,Non-HFTD,Highly rural,Non-WUI,Circuit miles,v4_native,35.6517045454545,,,SDG&E,2025,1,v4.01,6,1,SDGE_2025_Q1_R6.xlsx,Table 7,43,M43,https://efiling.energysafety.ca.gov/eFiling/Getfile.aspx?fileid=58132&shareable=true
T7R-8e9ad8c587bc81ab,1070000042,2.d.2.a.i,v4_native,2. Underground circuit miles,Distribution,HFTD Tier 2,Urban,WUI,Circuit miles,v4_native,937.108901515151,,,SDG&E,2025,1,v4.01,6,1,SDGE_2025_Q1_R6.xlsx,Table 7,44,M44,https://efiling.energysafety.ca.gov/eFiling/Getfile.aspx?fileid=58132&shareable=true
T7R-b5c8b2e4f8f5aac1,1070000043,2.d.2.a.ii,v4_native,2. Underground circuit miles,Distribution,HFTD Tier 2,Urban,Non-WUI,Circuit miles,v4_native,218.801325757575,,,SDG&E,2025,1,v4.01,6,1,SDGE_2025_Q1_R6.xlsx,Table 7,45,M45,https://efiling.energysafety.ca.gov/eFiling/Getfile.aspx?fileid=58132&shareable=true
T7R-d1e0291898ab0bc6,1070000044,2.d.2.b.i,v4_native,2. Underground circuit miles,Distribution,HFTD Tier 2,Rural,WUI,Circuit miles,v4_native,865.435416666666,,,SDG&E,2025,1,v4.01,6,1,SDGE_2025_Q1_R6.xlsx,Table 7,46,M46,https://efiling.energysafety.ca.gov/eFiling/Getfile.aspx?fileid=58132&shareable=true
T7R-b664ac37ddc08396,1070000045,2.d.2.b.ii,v4_native,2. Underground circuit miles,Distribution,HFTD Tier 2,Rural,Non-WUI,Circuit miles,v4_native,309.639962121212,,,SDG&E,2025,1,v4.01,6,1,SDGE_2025_Q1_R6.xlsx,Table 7,47,M47,https://efiling.energysafety.ca.gov/eFiling/Getfile.aspx?fileid=58132&shareable=true
T7R-c861f5ac98dfaa81,1070000046,2.d.2.c.i,v4_native,2. Underground circuit miles,Distribution,HFTD Tier 2,Highly rural,WUI,Circuit miles,v4_native,3.67537878787878,,,SDG&E,2025,1,v4.01,6,1,SDGE_2025_Q1_R6.xlsx,Table 7,48,M48,https://efiling.energysafety.ca.gov/eFiling/Getfile.aspx?fileid=58132&shareable=true
T7R-8e92e29999657737,1070000047,2.d.2.c.ii,v4_native,2. Underground circuit miles,Distribution,HFTD Tier 2,Highly rural,Non-WUI,Circuit miles,v4_native,9.84071969696969,,,SDG&E,2025,1,v4.01,6,1,SDGE_2025_Q1_R6.xlsx,Table 7,49,M49,https://efiling.energysafety.ca.gov/eFiling/Getfile.aspx?fileid=58132&shareable=true
T7R-38409b74754da266,1070000048,2.d.3.a.i,v4_native,2. Underground circuit miles,Distribution,HFTD Tier 3,Urban,WUI,Circuit miles,v4_native,1.37405303030303,,,SDG&E,2025,1,v4.01,6,1,SDGE_2025_Q1_R6.xlsx,Table 7,50,M50,https://efiling.energysafety.ca.gov/eFiling/Getfile.aspx?fileid=58132&shareable=true
T7R-c27e255e9f396120,1070000049,2.d.3.a.ii,v4_native,2. Underground circuit miles,Distribution,HFTD Tier 3,Urban,Non-WUI,Circuit miles,v4_native,0,,,SDG&E,2025,1,v4.01,6,1,SDGE_2025_Q1_R6.xlsx,Table 7,51,M51,https://efiling.energysafety.ca.gov/eFiling/Getfile.aspx?fileid=58132&shareable=true
T7R-8c29d955c7706875,1070000050,2.d.3.b.i,v4_native,2. Underground circuit miles,Distribution,HFTD Tier 3,Rural,WUI,Circuit miles,v4_native,363.493371212121,,,SDG&E,2025,1,v4.01,6,1,SDGE_2025_Q1_R6.xlsx,Table 7,52,M52,https://efiling.energysafety.ca.gov/eFiling/Getfile.aspx?fileid=58132&shareable=true
T7R-2c43a3de081c3ecc,1070000051,2.d.3.b.ii,v4_native,2. Underground circuit miles,Distribution,HFTD Tier 3,Rural,Non-WUI,Circuit miles,v4_native,206.976325757575,,,SDG&E,2025,1,v4.01,6,1,SDGE_2025_Q1_R6.xlsx,Table 7,53,M53,https://efiling.energysafety.ca.gov/eFiling/Getfile.aspx?fileid=58132&shareable=true
T7R-8b465f9c22a72fba,1070000052,2.d.3.c.i,v4_native,2. Underground circuit miles,Distribution,HFTD Tier 3,Highly rural,WUI,Circuit miles,v4_native,6.71458333333333,,,SDG&E,2025,1,v4.01,6,1,SDGE_2025_Q1_R6.xlsx,Table 7,54,M54,https://efiling.energysafety.ca.gov/eFiling/Getfile.aspx?fileid=58132&shareable=true
T7R-36501056a1a2ea20,1070000053,2.d.3.c.ii,v4_native,2. Underground circuit miles,Distribution,HFTD Tier 3,Highly rural,Non-WUI,Circuit miles,v4_native,24.9259469696969,,,SDG&E,2025,1,v4.01,6,1,SDGE_2025_Q1_R6.xlsx,Table 7,55,M55,https://efiling.energysafety.ca.gov/eFiling/Getfile.aspx?fileid=58132&shareable=true
T7R-00da94970c149356,1070000054,2.t.0.a.i,v4_native,2. Underground circuit miles,Transmission,Non-HFTD,Urban,WUI,Circuit miles,v4_native,24.5907897727272,,,SDG&E,2025,1,v4.01,6,1,SDGE_2025_Q1_R6.xlsx,Table 7,56,M56,https://efiling.energysafety.ca.gov/eFiling/Getfile.aspx?fileid=58132&shareable=true
T7R-a9a64b47759ebc66,1070000055,2.t.0.a.ii,v4_native,2. Underground circuit miles,Transmission,Non-HFTD,Urban,Non-WUI,Circuit miles,v4_native,70.1184337121212,,,SDG&E,2025,1,v4.01,6,1,SDGE_2025_Q1_R6.xlsx,Table 7,57,M57,https://efiling.energysafety.ca.gov/eFiling/Getfile.aspx?fileid=58132&shareable=true
T7R-c32c0df108fa8868,1070000056,2.t.0.b.i,v4_native,2. Underground circuit miles,Transmission,Non-HFTD,Rural,WUI,Circuit miles,v4_native,14.2819924242424,,,SDG&E,2025,1,v4.01,6,1,SDGE_2025_Q1_R6.xlsx,Table 7,58,M58,https://efiling.energysafety.ca.gov/eFiling/Getfile.aspx?fileid=58132&shareable=true
T7R-4f6a1234bb7872b7,1070000057,2.t.0.b.ii,v4_native,2. Underground circuit miles,Transmission,Non-HFTD,Rural,Non-WUI,Circuit miles,v4_native,20.7045511363636,,,SDG&E,2025,1,v4.01,6,1,SDGE_2025_Q1_R6.xlsx,Table 7,59,M59,https://efiling.energysafety.ca.gov/eFiling/Getfile.aspx?fileid=58132&shareable=true
T7R-add90d156b330fe6,1070000058,2.t.0.c.i,v4_native,2. Underground circuit miles,Transmission,Non-HFTD,Highly rural,WUI,Circuit miles,v4_native,0,,,SDG&E,2025,1,v4.01,6,1,SDGE_2025_Q1_R6.xlsx,Table 7,60,M60,https://efiling.energysafety.ca.gov/eFiling/Getfile.aspx?fileid=58132&shareable=true
T7R-b6556aeb22988a6a,1070000059,2.t.0.c.ii,v4_native,2. Underground circuit miles,Transmission,Non-HFTD,Highly rural,Non-WUI,Circuit miles,v4_native,0.103787878787878,,,SDG&E,2025,1,v4.01,6,1,SDGE_2025_Q1_R6.xlsx,Table 7,61,M61,https://efiling.energysafety.ca.gov/eFiling/Getfile.aspx?fileid=58132&shareable=true
T7R-effe83c5e0af4172,1070000060,2.t.2.a.i,v4_native,2. Underground circuit miles,Transmission,HFTD Tier 2,Urban,WUI,Circuit miles,v4_native,13.4377026515151,,,SDG&E,2025,1,v4.01,6,1,SDGE_2025_Q1_R6.xlsx,Table 7,62,M62,https://efiling.energysafety.ca.gov/eFiling/Getfile.aspx?fileid=58132&shareable=true
T7R-9527e3ec167bda0c,1070000061,2.t.2.a.ii,v4_native,2. Underground circuit miles,Transmission,HFTD Tier 2,Urban,Non-WUI,Circuit miles,v4_native,2.06362121212121,,,SDG&E,2025,1,v4.01,6,1,SDGE_2025_Q1_R6.xlsx,Table 7,63,M63,https://efiling.energysafety.ca.gov/eFiling/Getfile.aspx?fileid=58132&shareable=true
T7R-ae66a130d75447fa,1070000062,2.t.2.b.i,v4_native,2. Underground circuit miles,Transmission,HFTD Tier 2,Rural,WUI,Circuit miles,v4_native,12.218375,,,SDG&E,2025,1,v4.01,6,1,SDGE_2025_Q1_R6.xlsx,Table 7,64,M64,https://efiling.energysafety.ca.gov/eFiling/Getfile.aspx?fileid=58132&shareable=true
T7R-9b0117658d0bed31,1070000063,2.t.2.b.ii,v4_native,2. Underground circuit miles,Transmission,HFTD Tier 2,Rural,Non-WUI,Circuit miles,v4_native,7.89046022727272,,,SDG&E,2025,1,v4.01,6,1,SDGE_2025_Q1_R6.xlsx,Table 7,65,M65,https://efiling.energysafety.ca.gov/eFiling/Getfile.aspx?fileid=58132&shareable=true
T7R-8ee86190388716e6,1070000064,2.t.2.c.i,v4_native,2. Underground circuit miles,Transmission,HFTD Tier 2,Highly rural,WUI,Circuit miles,v4_native,0,,,SDG&E,2025,1,v4.01,6,1,SDGE_2025_Q1_R6.xlsx,Table 7,66,M66,https://efiling.energysafety.ca.gov/eFiling/Getfile.aspx?fileid=58132&shareable=true
T7R-feffe8a7cfdf66cb,1070000065,2.t.2.c.ii,v4_native,2. Underground circuit miles,Transmission,HFTD Tier 2,Highly rural,Non-WUI,Circuit miles,v4_native,0,,,SDG&E,2025,1,v4.01,6,1,SDGE_2025_Q1_R6.xlsx,Table 7,67,M67,https://efiling.energysafety.ca.gov/eFiling/Getfile.aspx?fileid=58132&shareable=true
T7R-36e1633e1d854c6b,1070000066,2.t.3.a.i,v4_native,2. Underground circuit miles,Transmission,HFTD Tier 3,Urban,WUI,Circuit miles,v4_native,1.55179924242424,,,SDG&E,2025,1,v4.01,6,1,SDGE_2025_Q1_R6.xlsx,Table 7,68,M68,https://efiling.energysafety.ca.gov/eFiling/Getfile.aspx?fileid=58132&shareable=true
T7R-06ebb9bddda4a6c9,1070000067,2.t.3.a.ii,v4_native,2. Underground circuit miles,Transmission,HFTD Tier 3,Urban,Non-WUI,Circuit miles,v4_native,0,,,SDG&E,2025,1,v4.01,6,1,SDGE_2025_Q1_R6.xlsx,Table 7,69,M69,https://efiling.energysafety.ca.gov/eFiling/Getfile.aspx?fileid=58132&shareable=true
T7R-f2d55b7fed6b7d54,1070000068,2.t.3.b.i,v4_native,2. Underground circuit miles,Transmission,HFTD Tier 3,Rural,WUI,Circuit miles,v4_native,3.84188636363636,,,SDG&E,2025,1,v4.01,6,1,SDGE_2025_Q1_R6.xlsx,Table 7,70,M70,https://efiling.energysafety.ca.gov/eFiling/Getfile.aspx?fileid=58132&shareable=true
T7R-2f9b42ae78a11652,1070000069,2.t.3.b.ii,v4_native,2. Underground circuit miles,Transmission,HFTD Tier 3,Rural,Non-WUI,Circuit miles,v4_native,2.15014204545454,,,SDG&E,2025,1,v4.01,6,1,SDGE_2025_Q1_R6.xlsx,Table 7,71,M71,https://efiling.energysafety.ca.gov/eFiling/Getfile.aspx?fileid=58132&shareable=true
T7R-cde01c0f8a4af9fc,1070000070,2.t.3.c.i,v4_native,2. Underground circuit miles,Transmission,HFTD Tier 3,Highly rural,WUI,Circuit miles,v4_native,0,,,SDG&E,2025,1,v4.01,6,1,SDGE_2025_Q1_R6.xlsx,Table 7,72,M72,https://efiling.energysafety.ca.gov/eFiling/Getfile.aspx?fileid=58132&shareable=true
T7R-ab5c88613e6f5195,1070000071,2.t.3.c.ii,v4_native,2. Underground circuit miles,Transmission,HFTD Tier 3,Highly rural,Non-WUI,Circuit miles,v4_native,0,,,SDG&E,2025,1,v4.01,6,1,SDGE_2025_Q1_R6.xlsx,Table 7,73,M73,https://efiling.energysafety.ca.gov/eFiling/Getfile.aspx?fileid=58132&shareable=true
T7R-a8e52b31f64c36cf,1070000072,3.0.a.i,v4_native,3. Critical facilities,,Non-HFTD,Urban,WUI,Number of critical facilities,v4_native,3025,,,SDG&E,2025,1,v4.01,6,1,SDGE_2025_Q1_R6.xlsx,Table 7,74,M74,https://efiling.energysafety.ca.gov/eFiling/Getfile.aspx?fileid=58132&shareable=true
T7R-b32ce26266905a35,1070000073,3.0.a.ii,v4_native,3. Critical facilities,,Non-HFTD,Urban,Non-WUI,Number of critical facilities,v4_native,15216,,,SDG&E,2025,1,v4.01,6,1,SDGE_2025_Q1_R6.xlsx,Table 7,75,M75,https://efiling.energysafety.ca.gov/eFiling/Getfile.aspx?fileid=58132&shareable=true
T7R-10d2005a475a0a0e,1070000074,3.0.b.i,v4_native,3. Critical facilities,,Non-HFTD,Rural,WUI,Number of critical facilities,v4_native,736,,,SDG&E,2025,1,v4.01,6,1,SDGE_2025_Q1_R6.xlsx,Table 7,76,M76,https://efiling.energysafety.ca.gov/eFiling/Getfile.aspx?fileid=58132&shareable=true
T7R-6294640c9136b10c,1070000075,3.0.b.ii,v4_native,3. Critical facilities,,Non-HFTD,Rural,Non-WUI,Number of critical facilities,v4_native,2449,,,SDG&E,2025,1,v4.01,6,1,SDGE_2025_Q1_R6.xlsx,Table 7,77,M77,https://efiling.energysafety.ca.gov/eFiling/Getfile.aspx?fileid=58132&shareable=true
T7R-e49bd9316406ad4d,1070000076,3.0.c.i,v4_native,3. Critical facilities,,Non-HFTD,Highly rural,WUI,Number of critical facilities,v4_native,3,,,SDG&E,2025,1,v4.01,6,1,SDGE_2025_Q1_R6.xlsx,Table 7,78,M78,https://efiling.energysafety.ca.gov/eFiling/Getfile.aspx?fileid=58132&shareable=true
T7R-d947a63d3b279e50,1070000077,3.0.c.ii,v4_native,3. Critical facilities,,Non-HFTD,Highly rural,Non-WUI,Number of critical facilities,v4_native,136,,,SDG&E,2025,1,v4.01,6,1,SDGE_2025_Q1_R6.xlsx,Table 7,79,M79,https://efiling.energysafety.ca.gov/eFiling/Getfile.aspx?fileid=58132&shareable=true
T7R-a8ff812ee4e447af,1070000078,3.2.a.i,v4_native,3. Critical facilities,,HFTD Tier 2,Urban,WUI,Number of critical facilities,v4_native,849,,,SDG&E,2025,1,v4.01,6,1,SDGE_2025_Q1_R6.xlsx,Table 7,80,M80,https://efiling.energysafety.ca.gov/eFiling/Getfile.aspx?fileid=58132&shareable=true
T7R-5687e30c98662f5b,1070000079,3.2.a.ii,v4_native,3. Critical facilities,,HFTD Tier 2,Urban,Non-WUI,Number of critical facilities,v4_native,350,,,SDG&E,2025,1,v4.01,6,1,SDGE_2025_Q1_R6.xlsx,Table 7,81,M81,https://efiling.energysafety.ca.gov/eFiling/Getfile.aspx?fileid=58132&shareable=true
T7R-4e70fc92a5198fdc,1070000080,3.2.b.i,v4_native,3. Critical facilities,,HFTD Tier 2,Rural,WUI,Number of critical facilities,v4_native,1049,,,SDG&E,2025,1,v4.01,6,1,SDGE_2025_Q1_R6.xlsx,Table 7,82,M82,https://efiling.energysafety.ca.gov/eFiling/Getfile.aspx?fileid=58132&shareable=true
T7R-2940876cc8f302f4,1070000081,3.2.b.ii,v4_native,3. Critical facilities,,HFTD Tier 2,Rural,Non-WUI,Number of critical facilities,v4_native,955,,,SDG&E,2025,1,v4.01,6,1,SDGE_2025_Q1_R6.xlsx,Table 7,83,M83,https://efiling.energysafety.ca.gov/eFiling/Getfile.aspx?fileid=58132&shareable=true
T7R-a6593239f470594d,1070000082,3.2.c.i,v4_native,3. Critical facilities,,HFTD Tier 2,Highly rural,WUI,Number of critical facilities,v4_native,11,,,SDG&E,2025,1,v4.01,6,1,SDGE_2025_Q1_R6.xlsx,Table 7,84,M84,https://efiling.energysafety.ca.gov/eFiling/Getfile.aspx?fileid=58132&shareable=true
T7R-b53fd8e8c3de564c,1070000083,3.2.c.ii,v4_native,3. Critical facilities,,HFTD Tier 2,Highly rural,Non-WUI,Number of critical facilities,v4_native,85,,,SDG&E,2025,1,v4.01,6,1,SDGE_2025_Q1_R6.xlsx,Table 7,85,M85,https://efiling.energysafety.ca.gov/eFiling/Getfile.aspx?fileid=58132&shareable=true
T7R-196f9f6ba4728a37,1070000084,3.3.a.i,v4_native,3. Critical facilities,,HFTD Tier 3,Urban,WUI,Number of critical facilities,v4_native,5,,,SDG&E,2025,1,v4.01,6,1,SDGE_2025_Q1_R6.xlsx,Table 7,86,M86,https://efiling.energysafety.ca.gov/eFiling/Getfile.aspx?fileid=58132&shareable=true
T7R-a63e42d26f51ea5a,1070000085,3.3.a.ii,v4_native,3. Critical facilities,,HFTD Tier 3,Urban,Non-WUI,Number of critical facilities,v4_native,0,,,SDG&E,2025,1,v4.01,6,1,SDGE_2025_Q1_R6.xlsx,Table 7,87,M87,https://efiling.energysafety.ca.gov/eFiling/Getfile.aspx?fileid=58132&shareable=true
T7R-4a36dac454da8e98,1070000086,3.3.b.i,v4_native,3. Critical facilities,,HFTD Tier 3,Rural,WUI,Number of critical facilities,v4_native,471,,,SDG&E,2025,1,v4.01,6,1,SDGE_2025_Q1_R6.xlsx,Table 7,88,M88,https://efiling.energysafety.ca.gov/eFiling/Getfile.aspx?fileid=58132&shareable=true
T7R-dd981ec65e115ee7,1070000087,3.3.b.ii,v4_native,3. Critical facilities,,HFTD Tier 3,Rural,Non-WUI,Number of critical facilities,v4_native,803,,,SDG&E,2025,1,v4.01,6,1,SDGE_2025_Q1_R6.xlsx,Table 7,89,M89,https://efiling.energysafety.ca.gov/eFiling/Getfile.aspx?fileid=58132&shareable=true
T7R-e433a265dc05bd1c,1070000088,3.3.c.i,v4_native,3. Critical facilities,,HFTD Tier 3,Highly rural,WUI,Number of critical facilities,v4_native,42,,,SDG&E,2025,1,v4.01,6,1,SDGE_2025_Q1_R6.xlsx,Table 7,90,M90,https://efiling.energysafety.ca.gov/eFiling/Getfile.aspx?fileid=58132&shareable=true
T7R-586a91b871921e31,1070000089,3.3.c.ii,v4_native,3. Critical facilities,,HFTD Tier 3,Highly rural,Non-WUI,Number of critical facilities,v4_native,90,,,SDG&E,2025,1,v4.01,6,1,SDGE_2025_Q1_R6.xlsx,Table 7,91,M91,https://efiling.energysafety.ca.gov/eFiling/Getfile.aspx?fileid=58132&shareable=true
T7R-f634344e13710aae,1070000090,4.0.a.i,v4_native,4. Residential customers,,Non-HFTD,Urban,WUI,Number of residential customers,v4_native,203864,,,SDG&E,2025,1,v4.01,6,1,SDGE_2025_Q1_R6.xlsx,Table 7,92,M92,https://efiling.energysafety.ca.gov/eFiling/Getfile.aspx?fileid=58132&shareable=true
T7R-d866a5ea2219c5b8,1070000091,4.0.a.ii,v4_native,4. Residential customers,,Non-HFTD,Urban,Non-WUI,Number of residential customers,v4_native,896283,,,SDG&E,2025,1,v4.01,6,1,SDGE_2025_Q1_R6.xlsx,Table 7,93,M93,https://efiling.energysafety.ca.gov/eFiling/Getfile.aspx?fileid=58132&shareable=true
T7R-cc7c1a00111a5883,1070000092,4.0.b.i,v4_native,4. Residential customers,,Non-HFTD,Rural,WUI,Number of residential customers,v4_native,37003,,,SDG&E,2025,1,v4.01,6,1,SDGE_2025_Q1_R6.xlsx,Table 7,94,M94,https://efiling.energysafety.ca.gov/eFiling/Getfile.aspx?fileid=58132&shareable=true
T7R-09ca2d85c84bded7,1070000093,4.0.b.ii,v4_native,4. Residential customers,,Non-HFTD,Rural,Non-WUI,Number of residential customers,v4_native,39479,,,SDG&E,2025,1,v4.01,6,1,SDGE_2025_Q1_R6.xlsx,Table 7,95,M95,https://efiling.energysafety.ca.gov/eFiling/Getfile.aspx?fileid=58132&shareable=true
T7R-dee8aa248fef724c,1070000094,4.0.c.i,v4_native,4. Residential customers,,Non-HFTD,Highly rural,WUI,Number of residential customers,v4_native,1002,,,SDG&E,2025,1,v4.01,6,1,SDGE_2025_Q1_R6.xlsx,Table 7,96,M96,https://efiling.energysafety.ca.gov/eFiling/Getfile.aspx?fileid=58132&shareable=true
T7R-dc18ba323eb70729,1070000095,4.0.c.ii,v4_native,4. Residential customers,,Non-HFTD,Highly rural,Non-WUI,Number of residential customers,v4_native,1672,,,SDG&E,2025,1,v4.01,6,1,SDGE_2025_Q1_R6.xlsx,Table 7,97,M97,https://efiling.energysafety.ca.gov/eFiling/Getfile.aspx?fileid=58132&shareable=true
T7R-cf46ac2ecd70187d,1070000096,4.2.a.i,v4_native,4. Residential customers,,HFTD Tier 2,Urban,WUI,Number of residential customers,v4_native,67960,,,SDG&E,2025,1,v4.01,6,1,SDGE_2025_Q1_R6.xlsx,Table 7,98,M98,https://efiling.energysafety.ca.gov/eFiling/Getfile.aspx?fileid=58132&shareable=true
T7R-fd48f681ed2819d9,1070000097,4.2.a.ii,v4_native,4. Residential customers,,HFTD Tier 2,Urban,Non-WUI,Number of residential customers,v4_native,17338,,,SDG&E,2025,1,v4.01,6,1,SDGE_2025_Q1_R6.xlsx,Table 7,99,M99,https://efiling.energysafety.ca.gov/eFiling/Getfile.aspx?fileid=58132&shareable=true
T7R-71552fe6f7dcf40d,1070000098,4.2.b.i,v4_native,4. Residential customers,,HFTD Tier 2,Rural,WUI,Number of residential customers,v4_native,58729,,,SDG&E,2025,1,v4.01,6,1,SDGE_2025_Q1_R6.xlsx,Table 7,100,M100,https://efiling.energysafety.ca.gov/eFiling/Getfile.aspx?fileid=58132&shareable=true
T7R-63b6ecd641c7f04f,1070000099,4.2.b.ii,v4_native,4. Residential customers,,HFTD Tier 2,Rural,Non-WUI,Number of residential customers,v4_native,23107,,,SDG&E,2025,1,v4.01,6,1,SDGE_2025_Q1_R6.xlsx,Table 7,101,M101,https://efiling.energysafety.ca.gov/eFiling/Getfile.aspx?fileid=58132&shareable=true
T7R-4fae53c8f6a35ae6,1070000100,4.2.c.i,v4_native,4. Residential customers,,HFTD Tier 2,Highly rural,WUI,Number of residential customers,v4_native,259,,,SDG&E,2025,1,v4.01,6,1,SDGE_2025_Q1_R6.xlsx,Table 7,102,M102,https://efiling.energysafety.ca.gov/eFiling/Getfile.aspx?fileid=58132&shareable=true
T7R-e76bac958fe0f83c,1070000101,4.2.c.ii,v4_native,4. Residential customers,,HFTD Tier 2,Highly rural,Non-WUI,Number of residential customers,v4_native,493,,,SDG&E,2025,1,v4.01,6,1,SDGE_2025_Q1_R6.xlsx,Table 7,103,M103,https://efiling.energysafety.ca.gov/eFiling/Getfile.aspx?fileid=58132&shareable=true
T7R-ccb05905b0b39de7,1070000102,4.3.a.i,v4_native,4. Residential customers,,HFTD Tier 3,Urban,WUI,Number of residential customers,v4_native,102,,,SDG&E,2025,1,v4.01,6,1,SDGE_2025_Q1_R6.xlsx,Table 7,104,M104,https://efiling.energysafety.ca.gov/eFiling/Getfile.aspx?fileid=58132&shareable=true
T7R-4cc4d400fb94931a,1070000103,4.3.a.ii,v4_native,4. Residential customers,,HFTD Tier 3,Urban,Non-WUI,Number of residential customers,v4_native,3,,,SDG&E,2025,1,v4.01,6,1,SDGE_2025_Q1_R6.xlsx,Table 7,105,M105,https://efiling.energysafety.ca.gov/eFiling/Getfile.aspx?fileid=58132&shareable=true
T7R-c20bad25991911bd,1070000104,4.3.b.i,v4_native,4. Residential customers,,HFTD Tier 3,Rural,WUI,Number of residential customers,v4_native,18230,,,SDG&E,2025,1,v4.01,6,1,SDGE_2025_Q1_R6.xlsx,Table 7,106,M106,https://efiling.energysafety.ca.gov/eFiling/Getfile.aspx?fileid=58132&shareable=true
T7R-74014614e6fa7558,1070000105,4.3.b.ii,v4_native,4. Residential customers,,HFTD Tier 3,Rural,Non-WUI,Number of residential customers,v4_native,8146,,,SDG&E,2025,1,v4.01,6,1,SDGE_2025_Q1_R6.xlsx,Table 7,107,M107,https://efiling.energysafety.ca.gov/eFiling/Getfile.aspx?fileid=58132&shareable=true
T7R-7f2bbf74371111be,1070000106,4.3.c.i,v4_native,4. Residential customers,,HFTD Tier 3,Highly rural,WUI,Number of residential customers,v4_native,924,,,SDG&E,2025,1,v4.01,6,1,SDGE_2025_Q1_R6.xlsx,Table 7,108,M108,https://efiling.energysafety.ca.gov/eFiling/Getfile.aspx?fileid=58132&shareable=true
T7R-79becce543ae8cef,1070000107,4.3.c.ii,v4_native,4. Residential customers,,HFTD Tier 3,Highly rural,Non-WUI,Number of residential customers,v4_native,891,,,SDG&E,2025,1,v4.01,6,1,SDGE_2025_Q1_R6.xlsx,Table 7,109,M109,https://efiling.energysafety.ca.gov/eFiling/Getfile.aspx?fileid=58132&shareable=true
T7R-028aba028976b0c6,1070000108,5.0.a.i,v4_native,5. Commercial customers,,Non-HFTD,Urban,WUI,Number of commercial customers,v4_native,14849,,,SDG&E,2025,1,v4.01,6,1,SDGE_2025_Q1_R6.xlsx,Table 7,110,M110,https://efiling.energysafety.ca.gov/eFiling/Getfile.aspx?fileid=58132&shareable=true
T7R-0a44a7b57807f77b,1070000109,5.0.a.ii,v4_native,5. Commercial customers,,Non-HFTD,Urban,Non-WUI,Number of commercial customers,v4_native,94925,,,SDG&E,2025,1,v4.01,6,1,SDGE_2025_Q1_R6.xlsx,Table 7,111,M111,https://efiling.energysafety.ca.gov/eFiling/Getfile.aspx?fileid=58132&shareable=true
T7R-fdbfcd074d116cf1,1070000110,5.0.b.i,v4_native,5. Commercial customers,,Non-HFTD,Rural,WUI,Number of commercial customers,v4_native,4702,,,SDG&E,2025,1,v4.01,6,1,SDGE_2025_Q1_R6.xlsx,Table 7,112,M112,https://efiling.energysafety.ca.gov/eFiling/Getfile.aspx?fileid=58132&shareable=true
T7R-2d7bc7e11abfc3c6,1070000111,5.0.b.ii,v4_native,5. Commercial customers,,Non-HFTD,Rural,Non-WUI,Number of commercial customers,v4_native,24960,,,SDG&E,2025,1,v4.01,6,1,SDGE_2025_Q1_R6.xlsx,Table 7,113,M113,https://efiling.energysafety.ca.gov/eFiling/Getfile.aspx?fileid=58132&shareable=true
T7R-26e19ee9619d8821,1070000112,5.0.c.i,v4_native,5. Commercial customers,,Non-HFTD,Highly rural,WUI,Number of commercial customers,v4_native,101,,,SDG&E,2025,1,v4.01,6,1,SDGE_2025_Q1_R6.xlsx,Table 7,114,M114,https://efiling.energysafety.ca.gov/eFiling/Getfile.aspx?fileid=58132&shareable=true
T7R-623e2f058b7a2260,1070000113,5.0.c.ii,v4_native,5. Commercial customers,,Non-HFTD,Highly rural,Non-WUI,Number of commercial customers,v4_native,525,,,SDG&E,2025,1,v4.01,6,1,SDGE_2025_Q1_R6.xlsx,Table 7,115,M115,https://efiling.energysafety.ca.gov/eFiling/Getfile.aspx?fileid=58132&shareable=true
T7R-8766d711142298bd,1070000114,5.2.a.i,v4_native,5. Commercial customers,,HFTD Tier 2,Urban,WUI,Number of commercial customers,v4_native,4353,,,SDG&E,2025,1,v4.01,6,1,SDGE_2025_Q1_R6.xlsx,Table 7,116,M116,https://efiling.energysafety.ca.gov/eFiling/Getfile.aspx?fileid=58132&shareable=true
T7R-1df506072b2145b7,1070000115,5.2.a.ii,v4_native,5. Commercial customers,,HFTD Tier 2,Urban,Non-WUI,Number of commercial customers,v4_native,2478,,,SDG&E,2025,1,v4.01,6,1,SDGE_2025_Q1_R6.xlsx,Table 7,117,M117,https://efiling.energysafety.ca.gov/eFiling/Getfile.aspx?fileid=58132&shareable=true
T7R-4da8ae6284a224af,1070000116,5.2.b.i,v4_native,5. Commercial customers,,HFTD Tier 2,Rural,WUI,Number of commercial customers,v4_native,5180,,,SDG&E,2025,1,v4.01,6,1,SDGE_2025_Q1_R6.xlsx,Table 7,118,M118,https://efiling.energysafety.ca.gov/eFiling/Getfile.aspx?fileid=58132&shareable=true
T7R-acda541dee24ba7f,1070000117,5.2.b.ii,v4_native,5. Commercial customers,,HFTD Tier 2,Rural,Non-WUI,Number of commercial customers,v4_native,4243,,,SDG&E,2025,1,v4.01,6,1,SDGE_2025_Q1_R6.xlsx,Table 7,119,M119,https://efiling.energysafety.ca.gov/eFiling/Getfile.aspx?fileid=58132&shareable=true
T7R-dd063825a0af9424,1070000118,5.2.c.i,v4_native,5. Commercial customers,,HFTD Tier 2,Highly rural,WUI,Number of commercial customers,v4_native,34,,,SDG&E,2025,1,v4.01,6,1,SDGE_2025_Q1_R6.xlsx,Table 7,120,M120,https://efiling.energysafety.ca.gov/eFiling/Getfile.aspx?fileid=58132&shareable=true
T7R-41d0cf436e9063e4,1070000119,5.2.c.ii,v4_native,5. Commercial customers,,HFTD Tier 2,Highly rural,Non-WUI,Number of commercial customers,v4_native,221,,,SDG&E,2025,1,v4.01,6,1,SDGE_2025_Q1_R6.xlsx,Table 7,121,M121,https://efiling.energysafety.ca.gov/eFiling/Getfile.aspx?fileid=58132&shareable=true
T7R-9a19467119e34faf,1070000120,5.3.a.i,v4_native,5. Commercial customers,,HFTD Tier 3,Urban,WUI,Number of commercial customers,v4_native,17,,,SDG&E,2025,1,v4.01,6,1,SDGE_2025_Q1_R6.xlsx,Table 7,122,M122,https://efiling.energysafety.ca.gov/eFiling/Getfile.aspx?fileid=58132&shareable=true
T7R-1c26cc983226e8c2,1070000121,5.3.a.ii,v4_native,5. Commercial customers,,HFTD Tier 3,Urban,Non-WUI,Number of commercial customers,v4_native,0,,,SDG&E,2025,1,v4.01,6,1,SDGE_2025_Q1_R6.xlsx,Table 7,123,M123,https://efiling.energysafety.ca.gov/eFiling/Getfile.aspx?fileid=58132&shareable=true
T7R-f4fa725ac1a6e846,1070000122,5.3.b.i,v4_native,5. Commercial customers,,HFTD Tier 3,Rural,WUI,Number of commercial customers,v4_native,2260,,,SDG&E,2025,1,v4.01,6,1,SDGE_2025_Q1_R6.xlsx,Table 7,124,M124,https://efiling.energysafety.ca.gov/eFiling/Getfile.aspx?fileid=58132&shareable=true
T7R-aad72dbf6adb202d,1070000123,5.3.b.ii,v4_native,5. Commercial customers,,HFTD Tier 3,Rural,Non-WUI,Number of commercial customers,v4_native,2657,,,SDG&E,2025,1,v4.01,6,1,SDGE_2025_Q1_R6.xlsx,Table 7,125,M125,https://efiling.energysafety.ca.gov/eFiling/Getfile.aspx?fileid=58132&shareable=true
T7R-a843d7a065dab313,1070000124,5.3.c.i,v4_native,5. Commercial customers,,HFTD Tier 3,Highly rural,WUI,Number of commercial customers,v4_native,150,,,SDG&E,2025,1,v4.01,6,1,SDGE_2025_Q1_R6.xlsx,Table 7,126,M126,https://efiling.energysafety.ca.gov/eFiling/Getfile.aspx?fileid=58132&shareable=true
T7R-3f60d2965f52f7fb,1070000125,5.3.c.ii,v4_native,5. Commercial customers,,HFTD Tier 3,Highly rural,Non-WUI,Number of commercial customers,v4_native,384,,,SDG&E,2025,1,v4.01,6,1,SDGE_2025_Q1_R6.xlsx,Table 7,127,M127,https://efiling.energysafety.ca.gov/eFiling/Getfile.aspx?fileid=58132&shareable=true
T7R-144ea496ed35c0e8,1070000126,6.0.a.i,v4_native,6. AFN customers,,Non-HFTD,Urban,WUI,Number of customers belonging to access and functional needs populations,v4_native,48351,,,SDG&E,2025,1,v4.01,6,1,SDGE_2025_Q1_R6.xlsx,Table 7,128,M128,https://efiling.energysafety.ca.gov/eFiling/Getfile.aspx?fileid=58132&shareable=true
T7R-2fe7e2d55f3e9006,1070000127,6.0.a.ii,v4_native,6. AFN customers,,Non-HFTD,Urban,Non-WUI,Number of customers belonging to access and functional needs populations,v4_native,307022,,,SDG&E,2025,1,v4.01,6,1,SDGE_2025_Q1_R6.xlsx,Table 7,129,M129,https://efiling.energysafety.ca.gov/eFiling/Getfile.aspx?fileid=58132&shareable=true
T7R-665cf50041f0b5cf,1070000128,6.0.b.i,v4_native,6. AFN customers,,Non-HFTD,Rural,WUI,Number of customers belonging to access and functional needs populations,v4_native,4586,,,SDG&E,2025,1,v4.01,6,1,SDGE_2025_Q1_R6.xlsx,Table 7,130,M130,https://efiling.energysafety.ca.gov/eFiling/Getfile.aspx?fileid=58132&shareable=true
T7R-35f4f94b15c675a0,1070000129,6.0.b.ii,v4_native,6. AFN customers,,Non-HFTD,Rural,Non-WUI,Number of customers belonging to access and functional needs populations,v4_native,4018,,,SDG&E,2025,1,v4.01,6,1,SDGE_2025_Q1_R6.xlsx,Table 7,131,M131,https://efiling.energysafety.ca.gov/eFiling/Getfile.aspx?fileid=58132&shareable=true
T7R-50075620deb44de2,1070000130,6.0.c.i,v4_native,6. AFN customers,,Non-HFTD,Highly rural,WUI,Number of customers belonging to access and functional needs populations,v4_native,298,,,SDG&E,2025,1,v4.01,6,1,SDGE_2025_Q1_R6.xlsx,Table 7,132,M132,https://efiling.energysafety.ca.gov/eFiling/Getfile.aspx?fileid=58132&shareable=true
T7R-8980decbcbd97976,1070000131,6.0.c.ii,v4_native,6. AFN customers,,Non-HFTD,Highly rural,Non-WUI,Number of customers belonging to access and functional needs populations,v4_native,435,,,SDG&E,2025,1,v4.01,6,1,SDGE_2025_Q1_R6.xlsx,Table 7,133,M133,https://efiling.energysafety.ca.gov/eFiling/Getfile.aspx?fileid=58132&shareable=true
T7R-24e7f3624375f873,1070000132,6.2.a.i,v4_native,6. AFN customers,,HFTD Tier 2,Urban,WUI,Number of customers belonging to access and functional needs populations,v4_native,16589,,,SDG&E,2025,1,v4.01,6,1,SDGE_2025_Q1_R6.xlsx,Table 7,134,M134,https://efiling.energysafety.ca.gov/eFiling/Getfile.aspx?fileid=58132&shareable=true
T7R-8fdf179c5615494f,1070000133,6.2.a.ii,v4_native,6. AFN customers,,HFTD Tier 2,Urban,Non-WUI,Number of customers belonging to access and functional needs populations,v4_native,6778,,,SDG&E,2025,1,v4.01,6,1,SDGE_2025_Q1_R6.xlsx,Table 7,135,M135,https://efiling.energysafety.ca.gov/eFiling/Getfile.aspx?fileid=58132&shareable=true
T7R-a234c17074b265bf,1070000134,6.2.b.i,v4_native,6. AFN customers,,HFTD Tier 2,Rural,WUI,Number of customers belonging to access and functional needs populations,v4_native,9680,,,SDG&E,2025,1,v4.01,6,1,SDGE_2025_Q1_R6.xlsx,Table 7,136,M136,https://efiling.energysafety.ca.gov/eFiling/Getfile.aspx?fileid=58132&shareable=true
T7R-ce14dd784e9ff14c,1070000135,6.2.b.ii,v4_native,6. AFN customers,,HFTD Tier 2,Rural,Non-WUI,Number of customers belonging to access and functional needs populations,v4_native,3612,,,SDG&E,2025,1,v4.01,6,1,SDGE_2025_Q1_R6.xlsx,Table 7,137,M137,https://efiling.energysafety.ca.gov/eFiling/Getfile.aspx?fileid=58132&shareable=true
T7R-50054de5f197080a,1070000136,6.2.c.i,v4_native,6. AFN customers,,HFTD Tier 2,Highly rural,WUI,Number of customers belonging to access and functional needs populations,v4_native,96,,,SDG&E,2025,1,v4.01,6,1,SDGE_2025_Q1_R6.xlsx,Table 7,138,M138,https://efiling.energysafety.ca.gov/eFiling/Getfile.aspx?fileid=58132&shareable=true
T7R-62d43940b42d42cf,1070000137,6.2.c.ii,v4_native,6. AFN customers,,HFTD Tier 2,Highly rural,Non-WUI,Number of customers belonging to access and functional needs populations,v4_native,173,,,SDG&E,2025,1,v4.01,6,1,SDGE_2025_Q1_R6.xlsx,Table 7,139,M139,https://efiling.energysafety.ca.gov/eFiling/Getfile.aspx?fileid=58132&shareable=true
T7R-530554f00592843c,1070000138,6.3.a.i,v4_native,6. AFN customers,,HFTD Tier 3,Urban,WUI,Number of customers belonging to access and functional needs populations,v4_native,28,,,SDG&E,2025,1,v4.01,6,1,SDGE_2025_Q1_R6.xlsx,Table 7,140,M140,https://efiling.energysafety.ca.gov/eFiling/Getfile.aspx?fileid=58132&shareable=true
T7R-2c49e5c0e3165ee6,1070000139,6.3.a.ii,v4_native,6. AFN customers,,HFTD Tier 3,Urban,Non-WUI,Number of customers belonging to access and functional needs populations,v4_native,1,,,SDG&E,2025,1,v4.01,6,1,SDGE_2025_Q1_R6.xlsx,Table 7,141,M141,https://efiling.energysafety.ca.gov/eFiling/Getfile.aspx?fileid=58132&shareable=true
T7R-3b7d066fa7f55619,1070000140,6.3.b.i,v4_native,6. AFN customers,,HFTD Tier 3,Rural,WUI,Number of customers belonging to access and functional needs populations,v4_native,5652,,,SDG&E,2025,1,v4.01,6,1,SDGE_2025_Q1_R6.xlsx,Table 7,142,M142,https://efiling.energysafety.ca.gov/eFiling/Getfile.aspx?fileid=58132&shareable=true
T7R-129e3923b4429fca,1070000141,6.3.b.ii,v4_native,6. AFN customers,,HFTD Tier 3,Rural,Non-WUI,Number of customers belonging to access and functional needs populations,v4_native,2230,,,SDG&E,2025,1,v4.01,6,1,SDGE_2025_Q1_R6.xlsx,Table 7,143,M143,https://efiling.energysafety.ca.gov/eFiling/Getfile.aspx?fileid=58132&shareable=true
T7R-48d42e730e921718,1070000142,6.3.c.i,v4_native,6. AFN customers,,HFTD Tier 3,Highly rural,WUI,Number of customers belonging to access and functional needs populations,v4_native,39,,,SDG&E,2025,1,v4.01,6,1,SDGE_2025_Q1_R6.xlsx,Table 7,144,M144,https://efiling.energysafety.ca.gov/eFiling/Getfile.aspx?fileid=58132&shareable=true
T7R-10f583599b879e55,1070000143,6.3.c.ii,v4_native,6. AFN customers,,HFTD Tier 3,Highly rural,Non-WUI,Number of customers belonging to access and functional needs populations,v4_native,151,,,SDG&E,2025,1,v4.01,6,1,SDGE_2025_Q1_R6.xlsx,Table 7,145,M145,https://efiling.energysafety.ca.gov/eFiling/Getfile.aspx?fileid=58132&shareable=true
T7R-20b89ee85acab96a,1070000144,7.0.a.i,v4_native,7. Substations,,Non-HFTD,Urban,WUI,Number of substations,v4_native,12,,,SDG&E,2025,1,v4.01,6,1,SDGE_2025_Q1_R6.xlsx,Table 7,146,M146,https://efiling.energysafety.ca.gov/eFiling/Getfile.aspx?fileid=58132&shareable=true
T7R-114f56cd04052ec2,1070000145,7.0.a.ii,v4_native,7. Substations,,Non-HFTD,Urban,Non-WUI,Number of substations,v4_native,69,,,SDG&E,2025,1,v4.01,6,1,SDGE_2025_Q1_R6.xlsx,Table 7,147,M147,https://efiling.energysafety.ca.gov/eFiling/Getfile.aspx?fileid=58132&shareable=true
T7R-4479b28347558840,1070000146,7.0.b.i,v4_native,7. Substations,,Non-HFTD,Rural,WUI,Number of substations,v4_native,4,,,SDG&E,2025,1,v4.01,6,1,SDGE_2025_Q1_R6.xlsx,Table 7,148,M148,https://efiling.energysafety.ca.gov/eFiling/Getfile.aspx?fileid=58132&shareable=true
T7R-1fe5641bbc8a5b8d,1070000147,7.0.b.ii,v4_native,7. Substations,,Non-HFTD,Rural,Non-WUI,Number of substations,v4_native,23,,,SDG&E,2025,1,v4.01,6,1,SDGE_2025_Q1_R6.xlsx,Table 7,149,M149,https://efiling.energysafety.ca.gov/eFiling/Getfile.aspx?fileid=58132&shareable=true
T7R-dcab4ea13d187172,1070000148,7.0.c.i,v4_native,7. Substations,,Non-HFTD,Highly rural,WUI,Number of substations,v4_native,0,,,SDG&E,2025,1,v4.01,6,1,SDGE_2025_Q1_R6.xlsx,Table 7,150,M150,https://efiling.energysafety.ca.gov/eFiling/Getfile.aspx?fileid=58132&shareable=true
T7R-3c566c7851b0c5e8,1070000149,7.0.c.ii,v4_native,7. Substations,,Non-HFTD,Highly rural,Non-WUI,Number of substations,v4_native,3,,,SDG&E,2025,1,v4.01,6,1,SDGE_2025_Q1_R6.xlsx,Table 7,151,M151,https://efiling.energysafety.ca.gov/eFiling/Getfile.aspx?fileid=58132&shareable=true
T7R-8d09056bbadbd217,1070000150,7.2.a.i,v4_native,7. Substations,,HFTD Tier 2,Urban,WUI,Number of substations,v4_native,2,,,SDG&E,2025,1,v4.01,6,1,SDGE_2025_Q1_R6.xlsx,Table 7,152,M152,https://efiling.energysafety.ca.gov/eFiling/Getfile.aspx?fileid=58132&shareable=true
T7R-b6d63ae95004fe30,1070000151,7.2.a.ii,v4_native,7. Substations,,HFTD Tier 2,Urban,Non-WUI,Number of substations,v4_native,7,,,SDG&E,2025,1,v4.01,6,1,SDGE_2025_Q1_R6.xlsx,Table 7,153,M153,https://efiling.energysafety.ca.gov/eFiling/Getfile.aspx?fileid=58132&shareable=true
T7R-ed853da1d4a0e24f,1070000152,7.2.b.i,v4_native,7. Substations,,HFTD Tier 2,Rural,WUI,Number of substations,v4_native,4,,,SDG&E,2025,1,v4.01,6,1,SDGE_2025_Q1_R6.xlsx,Table 7,154,M154,https://efiling.energysafety.ca.gov/eFiling/Getfile.aspx?fileid=58132&shareable=true
T7R-8fbad90b441f1ed1,1070000153,7.2.b.ii,v4_native,7. Substations,,HFTD Tier 2,Rural,Non-WUI,Number of substations,v4_native,18,,,SDG&E,2025,1,v4.01,6,1,SDGE_2025_Q1_R6.xlsx,Table 7,155,M155,https://efiling.energysafety.ca.gov/eFiling/Getfile.aspx?fileid=58132&shareable=true
T7R-8e66f03848290dcb,1070000154,7.2.c.i,v4_native,7. Substations,,HFTD Tier 2,Highly rural,WUI,Number of substations,v4_native,0,,,SDG&E,2025,1,v4.01,6,1,SDGE_2025_Q1_R6.xlsx,Table 7,156,M156,https://efiling.energysafety.ca.gov/eFiling/Getfile.aspx?fileid=58132&shareable=true
T7R-6710fed2f782106a,1070000155,7.2.c.ii,v4_native,7. Substations,,HFTD Tier 2,Highly rural,Non-WUI,Number of substations,v4_native,1,,,SDG&E,2025,1,v4.01,6,1,SDGE_2025_Q1_R6.xlsx,Table 7,157,M157,https://efiling.energysafety.ca.gov/eFiling/Getfile.aspx?fileid=58132&shareable=true
T7R-317c5709af501979,1070000156,7.3.a.i,v4_native,7. Substations,,HFTD Tier 3,Urban,WUI,Number of substations,v4_native,0,,,SDG&E,2025,1,v4.01,6,1,SDGE_2025_Q1_R6.xlsx,Table 7,158,M158,https://efiling.energysafety.ca.gov/eFiling/Getfile.aspx?fileid=58132&shareable=true
T7R-f1a14fce64a1914c,1070000157,7.3.a.ii,v4_native,7. Substations,,HFTD Tier 3,Urban,Non-WUI,Number of substations,v4_native,0,,,SDG&E,2025,1,v4.01,6,1,SDGE_2025_Q1_R6.xlsx,Table 7,159,M159,https://efiling.energysafety.ca.gov/eFiling/Getfile.aspx?fileid=58132&shareable=true
T7R-ea208b2fea193816,1070000158,7.3.b.i,v4_native,7. Substations,,HFTD Tier 3,Rural,WUI,Number of substations,v4_native,0,,,SDG&E,2025,1,v4.01,6,1,SDGE_2025_Q1_R6.xlsx,Table 7,160,M160,https://efiling.energysafety.ca.gov/eFiling/Getfile.aspx?fileid=58132&shareable=true
T7R-42282c495af12a18,1070000159,7.3.b.ii,v4_native,7. Substations,,HFTD Tier 3,Rural,Non-WUI,Number of substations,v4_native,11,,,SDG&E,2025,1,v4.01,6,1,SDGE_2025_Q1_R6.xlsx,Table 7,161,M161,https://efiling.energysafety.ca.gov/eFiling/Getfile.aspx?fileid=58132&shareable=true
T7R-6b62e2e635db8645,1070000160,7.3.c.i,v4_native,7. Substations,,HFTD Tier 3,Highly rural,WUI,Number of substations,v4_native,0,,,SDG&E,2025,1,v4.01,6,1,SDGE_2025_Q1_R6.xlsx,Table 7,162,M162,https://efiling.energysafety.ca.gov/eFiling/Getfile.aspx?fileid=58132&shareable=true
T7R-48213b000d2be845,1070000161,7.3.c.ii,v4_native,7. Substations,,HFTD Tier 3,Highly rural,Non-WUI,Number of substations,v4_native,1,,,SDG&E,2025,1,v4.01,6,1,SDGE_2025_Q1_R6.xlsx,Table 7,163,M163,https://efiling.energysafety.ca.gov/eFiling/Getfile.aspx?fileid=58132&shareable=true
T7R-9f7a6aca0aa1793f,1070000162,8.0.a.i,v4_native,8. Weather stations,,Non-HFTD,Urban,WUI,Number of weather stations,v4_native,3,,,SDG&E,2025,1,v4.01,6,1,SDGE_2025_Q1_R6.xlsx,Table 7,164,M164,https://efiling.energysafety.ca.gov/eFiling/Getfile.aspx?fileid=58132&shareable=true
T7R-29fc29372f55368f,1070000163,8.0.a.ii,v4_native,8. Weather stations,,Non-HFTD,Urban,Non-WUI,Number of weather stations,v4_native,14,,,SDG&E,2025,1,v4.01,6,1,SDGE_2025_Q1_R6.xlsx,Table 7,165,M165,https://efiling.energysafety.ca.gov/eFiling/Getfile.aspx?fileid=58132&shareable=true
T7R-73c7273770c1efac,1070000164,8.0.b.i,v4_native,8. Weather stations,,Non-HFTD,Rural,WUI,Number of weather stations,v4_native,0,,,SDG&E,2025,1,v4.01,6,1,SDGE_2025_Q1_R6.xlsx,Table 7,166,M166,https://efiling.energysafety.ca.gov/eFiling/Getfile.aspx?fileid=58132&shareable=true
T7R-f81cc5915c162e4e,1070000165,8.0.b.ii,v4_native,8. Weather stations,,Non-HFTD,Rural,Non-WUI,Number of weather stations,v4_native,3,,,SDG&E,2025,1,v4.01,6,1,SDGE_2025_Q1_R6.xlsx,Table 7,167,M167,https://efiling.energysafety.ca.gov/eFiling/Getfile.aspx?fileid=58132&shareable=true
T7R-1aa903b0e32a6a27,1070000166,8.0.c.i,v4_native,8. Weather stations,,Non-HFTD,Highly rural,WUI,Number of weather stations,v4_native,0,,,SDG&E,2025,1,v4.01,6,1,SDGE_2025_Q1_R6.xlsx,Table 7,168,M168,https://efiling.energysafety.ca.gov/eFiling/Getfile.aspx?fileid=58132&shareable=true
T7R-78242d1fc9c7fc77,1070000167,8.0.c.ii,v4_native,8. Weather stations,,Non-HFTD,Highly rural,Non-WUI,Number of weather stations,v4_native,2,,,SDG&E,2025,1,v4.01,6,1,SDGE_2025_Q1_R6.xlsx,Table 7,169,M169,https://efiling.energysafety.ca.gov/eFiling/Getfile.aspx?fileid=58132&shareable=true
T7R-136f88cfedbb0753,1070000168,8.2.a.i,v4_native,8. Weather stations,,HFTD Tier 2,Urban,WUI,Number of weather stations,v4_native,2,,,SDG&E,2025,1,v4.01,6,1,SDGE_2025_Q1_R6.xlsx,Table 7,170,M170,https://efiling.energysafety.ca.gov/eFiling/Getfile.aspx?fileid=58132&shareable=true
T7R-2cac879eef04b7ac,1070000169,8.2.a.ii,v4_native,8. Weather stations,,HFTD Tier 2,Urban,Non-WUI,Number of weather stations,v4_native,6,,,SDG&E,2025,1,v4.01,6,1,SDGE_2025_Q1_R6.xlsx,Table 7,171,M171,https://efiling.energysafety.ca.gov/eFiling/Getfile.aspx?fileid=58132&shareable=true
T7R-a883e1cfd2311b2d,1070000170,8.2.b.i,v4_native,8. Weather stations,,HFTD Tier 2,Rural,WUI,Number of weather stations,v4_native,16,,,SDG&E,2025,1,v4.01,6,1,SDGE_2025_Q1_R6.xlsx,Table 7,172,M172,https://efiling.energysafety.ca.gov/eFiling/Getfile.aspx?fileid=58132&shareable=true
T7R-c0fc8a1221db3ed5,1070000171,8.2.b.ii,v4_native,8. Weather stations,,HFTD Tier 2,Rural,Non-WUI,Number of weather stations,v4_native,50,,,SDG&E,2025,1,v4.01,6,1,SDGE_2025_Q1_R6.xlsx,Table 7,173,M173,https://efiling.energysafety.ca.gov/eFiling/Getfile.aspx?fileid=58132&shareable=true
T7R-73b5fbe43c3e32e4,1070000172,8.2.c.i,v4_native,8. Weather stations,,HFTD Tier 2,Highly rural,WUI,Number of weather stations,v4_native,1,,,SDG&E,2025,1,v4.01,6,1,SDGE_2025_Q1_R6.xlsx,Table 7,174,M174,https://efiling.energysafety.ca.gov/eFiling/Getfile.aspx?fileid=58132&shareable=true
T7R-fdc336399381e000,1070000173,8.2.c.ii,v4_native,8. Weather stations,,HFTD Tier 2,Highly rural,Non-WUI,Number of weather stations,v4_native,7,,,SDG&E,2025,1,v4.01,6,1,SDGE_2025_Q1_R6.xlsx,Table 7,175,M175,https://efiling.energysafety.ca.gov/eFiling/Getfile.aspx?fileid=58132&shareable=true
T7R-5e247acd95e3ee5a,1070000174,8.3.a.i,v4_native,8. Weather stations,,HFTD Tier 3,Urban,WUI,Number of weather stations,v4_native,0,,,SDG&E,2025,1,v4.01,6,1,SDGE_2025_Q1_R6.xlsx,Table 7,176,M176,https://efiling.energysafety.ca.gov/eFiling/Getfile.aspx?fileid=58132&shareable=true
T7R-4b4540352b7ec920,1070000175,8.3.a.ii,v4_native,8. Weather stations,,HFTD Tier 3,Urban,Non-WUI,Number of weather stations,v4_native,0,,,SDG&E,2025,1,v4.01,6,1,SDGE_2025_Q1_R6.xlsx,Table 7,177,M177,https://efiling.energysafety.ca.gov/eFiling/Getfile.aspx?fileid=58132&shareable=true
T7R-c91cf7b3a76981b4,1070000176,8.3.b.i,v4_native,8. Weather stations,,HFTD Tier 3,Rural,WUI,Number of weather stations,v4_native,12,,,SDG&E,2025,1,v4.01,6,1,SDGE_2025_Q1_R6.xlsx,Table 7,178,M178,https://efiling.energysafety.ca.gov/eFiling/Getfile.aspx?fileid=58132&shareable=true
T7R-c5698622b05b8f77,1070000177,8.3.b.ii,v4_native,8. Weather stations,,HFTD Tier 3,Rural,Non-WUI,Number of weather stations,v4_native,95,,,SDG&E,2025,1,v4.01,6,1,SDGE_2025_Q1_R6.xlsx,Table 7,179,M179,https://efiling.energysafety.ca.gov/eFiling/Getfile.aspx?fileid=58132&shareable=true
T7R-51b125bbeadb7c55,1070000178,8.3.c.i,v4_native,8. Weather stations,,HFTD Tier 3,Highly rural,WUI,Number of weather stations,v4_native,3,,,SDG&E,2025,1,v4.01,6,1,SDGE_2025_Q1_R6.xlsx,Table 7,180,M180,https://efiling.energysafety.ca.gov/eFiling/Getfile.aspx?fileid=58132&shareable=true
T7R-2921a2c0931a54b0,1070000179,8.3.c.ii,v4_native,8. Weather stations,,HFTD Tier 3,Highly rural,Non-WUI,Number of weather stations,v4_native,7,,,SDG&E,2025,1,v4.01,6,1,SDGE_2025_Q1_R6.xlsx,Table 7,181,M181,https://efiling.energysafety.ca.gov/eFiling/Getfile.aspx?fileid=58132&shareable=true
T7R-d06822da92bb7d37,1070000000,1.d.0.a.i,v4_native,1. Overhead circuit miles,Distribution,Non-HFTD,Urban,WUI,Circuit miles,v4_native,429.717234848484,,,SDG&E,2025,2,v4.01,5,2,SDGE_2025_Q2_R5.xlsx,Table 7,2,M2,https://efiling.energysafety.ca.gov/eFiling/Getfile.aspx?fileid=58132&shareable=true
T7R-31ff3ef3bf181928,1070000001,1.d.0.a.ii,v4_native,1. Overhead circuit miles,Distribution,Non-HFTD,Urban,Non-WUI,Circuit miles,v4_native,2099.92291666666,,,SDG&E,2025,2,v4.01,5,2,SDGE_2025_Q2_R5.xlsx,Table 7,3,M3,https://efiling.energysafety.ca.gov/eFiling/Getfile.aspx?fileid=58132&shareable=true
T7R-b699170eee3caa32,1070000002,1.d.0.b.i,v4_native,1. Overhead circuit miles,Distribution,Non-HFTD,Rural,WUI,Circuit miles,v4_native,137.099621212121,,,SDG&E,2025,2,v4.01,5,2,SDGE_2025_Q2_R5.xlsx,Table 7,4,M4,https://efiling.energysafety.ca.gov/eFiling/Getfile.aspx?fileid=58132&shareable=true
T7R-57a16e053b284287,1070000003,1.d.0.b.ii,v4_native,1. Overhead circuit miles,Distribution,Non-HFTD,Rural,Non-WUI,Circuit miles,v4_native,136.247727272727,,,SDG&E,2025,2,v4.01,5,2,SDGE_2025_Q2_R5.xlsx,Table 7,5,M5,https://efiling.energysafety.ca.gov/eFiling/Getfile.aspx?fileid=58132&shareable=true
T7R-679d8d528c636819,1070000004,1.d.0.c.i,v4_native,1. Overhead circuit miles,Distribution,Non-HFTD,Highly rural,WUI,Circuit miles,v4_native,34.8310606060606,,,SDG&E,2025,2,v4.01,5,2,SDGE_2025_Q2_R5.xlsx,Table 7,6,M6,https://efiling.energysafety.ca.gov/eFiling/Getfile.aspx?fileid=58132&shareable=true
T7R-5d05448f52a2ceb4,1070000005,1.d.0.c.ii,v4_native,1. Overhead circuit miles,Distribution,Non-HFTD,Highly rural,Non-WUI,Circuit miles,v4_native,109.225378787878,,,SDG&E,2025,2,v4.01,5,2,SDGE_2025_Q2_R5.xlsx,Table 7,7,M7,https://efiling.energysafety.ca.gov/eFiling/Getfile.aspx?fileid=58132&shareable=true
T7R-712c467a56af7809,1070000006,1.d.2.a.i,v4_native,1. Overhead circuit miles,Distribution,HFTD Tier 2,Urban,WUI,Circuit miles,v4_native,98.479356060606,,,SDG&E,2025,2,v4.01,5,2,SDGE_2025_Q2_R5.xlsx,Table 7,8,M8,https://efiling.energysafety.ca.gov/eFiling/Getfile.aspx?fileid=58132&shareable=true
T7R-6ca4a1f33c954e77,1070000007,1.d.2.a.ii,v4_native,1. Overhead circuit miles,Distribution,HFTD Tier 2,Urban,Non-WUI,Circuit miles,v4_native,86.9448863636363,,,SDG&E,2025,2,v4.01,5,2,SDGE_2025_Q2_R5.xlsx,Table 7,9,M9,https://efiling.energysafety.ca.gov/eFiling/Getfile.aspx?fileid=58132&shareable=true
T7R-b2d8afb6b746b916,1070000008,1.d.2.b.i,v4_native,1. Overhead circuit miles,Distribution,HFTD Tier 2,Rural,WUI,Circuit miles,v4_native,832.223863636363,,,SDG&E,2025,2,v4.01,5,2,SDGE_2025_Q2_R5.xlsx,Table 7,10,M10,https://efiling.energysafety.ca.gov/eFiling/Getfile.aspx?fileid=58132&shareable=true
T7R-1be81a80934676ad,1070000009,1.d.2.b.ii,v4_native,1. Overhead circuit miles,Distribution,HFTD Tier 2,Rural,Non-WUI,Circuit miles,v4_native,578.503409090909,,,SDG&E,2025,2,v4.01,5,2,SDGE_2025_Q2_R5.xlsx,Table 7,11,M11,https://efiling.energysafety.ca.gov/eFiling/Getfile.aspx?fileid=58132&shareable=true
T7R-6abf16f175cf1ed7,1070000010,1.d.2.c.i,v4_native,1. Overhead circuit miles,Distribution,HFTD Tier 2,Highly rural,WUI,Circuit miles,v4_native,20.3181818181818,,,SDG&E,2025,2,v4.01,5,2,SDGE_2025_Q2_R5.xlsx,Table 7,12,M12,https://efiling.energysafety.ca.gov/eFiling/Getfile.aspx?fileid=58132&shareable=true
T7R-5ccee8f612f4cf59,1070000011,1.d.2.c.ii,v4_native,1. Overhead circuit miles,Distribution,HFTD Tier 2,Highly rural,Non-WUI,Circuit miles,v4_native,152.163068181818,,,SDG&E,2025,2,v4.01,5,2,SDGE_2025_Q2_R5.xlsx,Table 7,13,M13,https://efiling.energysafety.ca.gov/eFiling/Getfile.aspx?fileid=58132&shareable=true
T7R-dabe9b801519b1be,1070000012,1.d.3.a.i,v4_native,1. Overhead circuit miles,Distribution,HFTD Tier 3,Urban,WUI,Circuit miles,v4_native,5.35587121212121,,,SDG&E,2025,2,v4.01,5,2,SDGE_2025_Q2_R5.xlsx,Table 7,14,M14,https://efiling.energysafety.ca.gov/eFiling/Getfile.aspx?fileid=58132&shareable=true
T7R-333aeb7caad5965f,1070000013,1.d.3.a.ii,v4_native,1. Overhead circuit miles,Distribution,HFTD Tier 3,Urban,Non-WUI,Circuit miles,v4_native,0.0988636363636363,,,SDG&E,2025,2,v4.01,5,2,SDGE_2025_Q2_R5.xlsx,Table 7,15,M15,https://efiling.energysafety.ca.gov/eFiling/Getfile.aspx?fileid=58132&shareable=true
T7R-c95e73a064104ede,1070000014,1.d.3.b.i,v4_native,1. Overhead circuit miles,Distribution,HFTD Tier 3,Rural,WUI,Circuit miles,v4_native,646.72178030303,,,SDG&E,2025,2,v4.01,5,2,SDGE_2025_Q2_R5.xlsx,Table 7,16,M16,https://efiling.energysafety.ca.gov/eFiling/Getfile.aspx?fileid=58132&shareable=true
T7R-25db3643f4bbdc5b,1070000015,1.d.3.b.ii,v4_native,1. Overhead circuit miles,Distribution,HFTD Tier 3,Rural,Non-WUI,Circuit miles,v4_native,799.178409090909,,,SDG&E,2025,2,v4.01,5,2,SDGE_2025_Q2_R5.xlsx,Table 7,17,M17,https://efiling.energysafety.ca.gov/eFiling/Getfile.aspx?fileid=58132&shareable=true
T7R-64e13491d4c8832b,1070000016,1.d.3.c.i,v4_native,1. Overhead circuit miles,Distribution,HFTD Tier 3,Highly rural,WUI,Circuit miles,v4_native,10.4465909090909,,,SDG&E,2025,2,v4.01,5,2,SDGE_2025_Q2_R5.xlsx,Table 7,18,M18,https://efiling.energysafety.ca.gov/eFiling/Getfile.aspx?fileid=58132&shareable=true
T7R-829a5ef48c73af12,1070000017,1.d.3.c.ii,v4_native,1. Overhead circuit miles,Distribution,HFTD Tier 3,Highly rural,Non-WUI,Circuit miles,v4_native,109.155303030303,,,SDG&E,2025,2,v4.01,5,2,SDGE_2025_Q2_R5.xlsx,Table 7,19,M19,https://efiling.energysafety.ca.gov/eFiling/Getfile.aspx?fileid=58132&shareable=true
T7R-5ae59a6639946d8b,1070000018,1.t.0.a.i,v4_native,1. Overhead circuit miles,Transmission,Non-HFTD,Urban,WUI,Circuit miles,v4_native,150.857159090909,,,SDG&E,2025,2,v4.01,5,2,SDGE_2025_Q2_R5.xlsx,Table 7,20,M20,https://efiling.energysafety.ca.gov/eFiling/Getfile.aspx?fileid=58132&shareable=true
T7R-ebfda90b2ee73266,1070000019,1.t.0.a.ii,v4_native,1. Overhead circuit miles,Transmission,Non-HFTD,Urban,Non-WUI,Circuit miles,v4_native,308.093604166666,,,SDG&E,2025,2,v4.01,5,2,SDGE_2025_Q2_R5.xlsx,Table 7,21,M21,https://efiling.energysafety.ca.gov/eFiling/Getfile.aspx?fileid=58132&shareable=true
T7R-fd0e6e88812d59ae,1070000020,1.t.0.b.i,v4_native,1. Overhead circuit miles,Transmission,Non-HFTD,Rural,WUI,Circuit miles,v4_native,38.4714886363636,,,SDG&E,2025,2,v4.01,5,2,SDGE_2025_Q2_R5.xlsx,Table 7,22,M22,https://efiling.energysafety.ca.gov/eFiling/Getfile.aspx?fileid=58132&shareable=true
T7R-b55d7d18fce7b223,1070000021,1.t.0.b.ii,v4_native,1. Overhead circuit miles,Transmission,Non-HFTD,Rural,Non-WUI,Circuit miles,v4_native,91.2250984848484,,,SDG&E,2025,2,v4.01,5,2,SDGE_2025_Q2_R5.xlsx,Table 7,23,M23,https://efiling.energysafety.ca.gov/eFiling/Getfile.aspx?fileid=58132&shareable=true
T7R-17991c993b7947c8,1070000022,1.t.0.c.i,v4_native,1. Overhead circuit miles,Transmission,Non-HFTD,Highly rural,WUI,Circuit miles,v4_native,0,,,SDG&E,2025,2,v4.01,5,2,SDGE_2025_Q2_R5.xlsx,Table 7,24,M24,https://efiling.energysafety.ca.gov/eFiling/Getfile.aspx?fileid=58132&shareable=true
T7R-4d4d3d7744b6874c,1070000023,1.t.0.c.ii,v4_native,1. Overhead circuit miles,Transmission,Non-HFTD,Highly rural,Non-WUI,Circuit miles,v4_native,22.8085814393939,,,SDG&E,2025,2,v4.01,5,2,SDGE_2025_Q2_R5.xlsx,Table 7,25,M25,https://efiling.energysafety.ca.gov/eFiling/Getfile.aspx?fileid=58132&shareable=true
T7R-7786733024b861be,1070000024,1.t.2.a.i,v4_native,1. Overhead circuit miles,Transmission,HFTD Tier 2,Urban,WUI,Circuit miles,v4_native,45.5331515151515,,,SDG&E,2025,2,v4.01,5,2,SDGE_2025_Q2_R5.xlsx,Table 7,26,M26,https://efiling.energysafety.ca.gov/eFiling/Getfile.aspx?fileid=58132&shareable=true
T7R-8722f5ba30779536,1070000025,1.t.2.a.ii,v4_native,1. Overhead circuit miles,Transmission,HFTD Tier 2,Urban,Non-WUI,Circuit miles,v4_native,79.5712916666666,,,SDG&E,2025,2,v4.01,5,2,SDGE_2025_Q2_R5.xlsx,Table 7,27,M27,https://efiling.energysafety.ca.gov/eFiling/Getfile.aspx?fileid=58132&shareable=true
T7R-d1703c2906bf7b69,1070000026,1.t.2.b.i,v4_native,1. Overhead circuit miles,Transmission,HFTD Tier 2,Rural,WUI,Circuit miles,v4_native,106.674178030303,,,SDG&E,2025,2,v4.01,5,2,SDGE_2025_Q2_R5.xlsx,Table 7,28,M28,https://efiling.energysafety.ca.gov/eFiling/Getfile.aspx?fileid=58132&shareable=true
T7R-a2887052cd89fd39,1070000027,1.t.2.b.ii,v4_native,1. Overhead circuit miles,Transmission,HFTD Tier 2,Rural,Non-WUI,Circuit miles,v4_native,422.99465340909,,,SDG&E,2025,2,v4.01,5,2,SDGE_2025_Q2_R5.xlsx,Table 7,29,M29,https://efiling.energysafety.ca.gov/eFiling/Getfile.aspx?fileid=58132&shareable=true
T7R-0db853813c31f066,1070000028,1.t.2.c.i,v4_native,1. Overhead circuit miles,Transmission,HFTD Tier 2,Highly rural,WUI,Circuit miles,v4_native,0,,,SDG&E,2025,2,v4.01,5,2,SDGE_2025_Q2_R5.xlsx,Table 7,30,M30,https://efiling.energysafety.ca.gov/eFiling/Getfile.aspx?fileid=58132&shareable=true
T7R-fc122b408c620b4a,1070000029,1.t.2.c.ii,v4_native,1. Overhead circuit miles,Transmission,HFTD Tier 2,Highly rural,Non-WUI,Circuit miles,v4_native,23.4249204545454,,,SDG&E,2025,2,v4.01,5,2,SDGE_2025_Q2_R5.xlsx,Table 7,31,M31,https://efiling.energysafety.ca.gov/eFiling/Getfile.aspx?fileid=58132&shareable=true
T7R-15fd393ca3ac6620,1070000030,1.t.3.a.i,v4_native,1. Overhead circuit miles,Transmission,HFTD Tier 3,Urban,WUI,Circuit miles,v4_native,0,,,SDG&E,2025,2,v4.01,5,2,SDGE_2025_Q2_R5.xlsx,Table 7,32,M32,https://efiling.energysafety.ca.gov/eFiling/Getfile.aspx?fileid=58132&shareable=true
T7R-ea81085d8fd728dd,1070000031,1.t.3.a.ii,v4_native,1. Overhead circuit miles,Transmission,HFTD Tier 3,Urban,Non-WUI,Circuit miles,v4_native,0,,,SDG&E,2025,2,v4.01,5,2,SDGE_2025_Q2_R5.xlsx,Table 7,33,M33,https://efiling.energysafety.ca.gov/eFiling/Getfile.aspx?fileid=58132&shareable=true
T7R-3b8b184c46447c7b,1070000032,1.t.3.b.i,v4_native,1. Overhead circuit miles,Transmission,HFTD Tier 3,Rural,WUI,Circuit miles,v4_native,23.8494034090909,,,SDG&E,2025,2,v4.01,5,2,SDGE_2025_Q2_R5.xlsx,Table 7,34,M34,https://efiling.energysafety.ca.gov/eFiling/Getfile.aspx?fileid=58132&shareable=true
T7R-5ee7b4c267078216,1070000033,1.t.3.b.ii,v4_native,1. Overhead circuit miles,Transmission,HFTD Tier 3,Rural,Non-WUI,Circuit miles,v4_native,232.098314393939,,,SDG&E,2025,2,v4.01,5,2,SDGE_2025_Q2_R5.xlsx,Table 7,35,M35,https://efiling.energysafety.ca.gov/eFiling/Getfile.aspx?fileid=58132&shareable=true
T7R-a2e8a0a85e7a8dba,1070000034,1.t.3.c.i,v4_native,1. Overhead circuit miles,Transmission,HFTD Tier 3,Highly rural,WUI,Circuit miles,v4_native,0.30530303030303,,,SDG&E,2025,2,v4.01,5,2,SDGE_2025_Q2_R5.xlsx,Table 7,36,M36,https://efiling.energysafety.ca.gov/eFiling/Getfile.aspx?fileid=58132&shareable=true
T7R-1b1a11d66aa57ab9,1070000035,1.t.3.c.ii,v4_native,1. Overhead circuit miles,Transmission,HFTD Tier 3,Highly rural,Non-WUI,Circuit miles,v4_native,11.5120946969696,,,SDG&E,2025,2,v4.01,5,2,SDGE_2025_Q2_R5.xlsx,Table 7,37,M37,https://efiling.energysafety.ca.gov/eFiling/Getfile.aspx?fileid=58132&shareable=true
T7R-2ab25fe196d04f6c,1070000036,2.d.0.a.i,v4_native,2. Underground circuit miles,Distribution,Non-HFTD,Urban,WUI,Circuit miles,v4_native,2092.14602272727,,,SDG&E,2025,2,v4.01,5,2,SDGE_2025_Q2_R5.xlsx,Table 7,38,M38,https://efiling.energysafety.ca.gov/eFiling/Getfile.aspx?fileid=58132&shareable=true
T7R-4bd5f42ae274cf48,1070000037,2.d.0.a.ii,v4_native,2. Underground circuit miles,Distribution,Non-HFTD,Urban,Non-WUI,Circuit miles,v4_native,5138.24564393939,,,SDG&E,2025,2,v4.01,5,2,SDGE_2025_Q2_R5.xlsx,Table 7,39,M39,https://efiling.energysafety.ca.gov/eFiling/Getfile.aspx?fileid=58132&shareable=true
T7R-5386f23159ab1e09,1070000038,2.d.0.b.i,v4_native,2. Underground circuit miles,Distribution,Non-HFTD,Rural,WUI,Circuit miles,v4_native,440.691477272727,,,SDG&E,2025,2,v4.01,5,2,SDGE_2025_Q2_R5.xlsx,Table 7,40,M40,https://efiling.energysafety.ca.gov/eFiling/Getfile.aspx?fileid=58132&shareable=true
T7R-3a0d1bb8d9cefaf6,1070000039,2.d.0.b.ii,v4_native,2. Underground circuit miles,Distribution,Non-HFTD,Rural,Non-WUI,Circuit miles,v4_native,714.705303030303,,,SDG&E,2025,2,v4.01,5,2,SDGE_2025_Q2_R5.xlsx,Table 7,41,M41,https://efiling.energysafety.ca.gov/eFiling/Getfile.aspx?fileid=58132&shareable=true
T7R-ccc48ef356ebc105,1070000040,2.d.0.c.i,v4_native,2. Underground circuit miles,Distribution,Non-HFTD,Highly rural,WUI,Circuit miles,v4_native,17.8589015151515,,,SDG&E,2025,2,v4.01,5,2,SDGE_2025_Q2_R5.xlsx,Table 7,42,M42,https://efiling.energysafety.ca.gov/eFiling/Getfile.aspx?fileid=58132&shareable=true
T7R-c00f876f1a25d30d,1070000041,2.d.0.c.ii,v4_native,2. Underground circuit miles,Distribution,Non-HFTD,Highly rural,Non-WUI,Circuit miles,v4_native,35.6645833333333,,,SDG&E,2025,2,v4.01,5,2,SDGE_2025_Q2_R5.xlsx,Table 7,43,M43,https://efiling.energysafety.ca.gov/eFiling/Getfile.aspx?fileid=58132&shareable=true
T7R-27bb893ea3a763ab,1070000042,2.d.2.a.i,v4_native,2. Underground circuit miles,Distribution,HFTD Tier 2,Urban,WUI,Circuit miles,v4_native,937.336931818181,,,SDG&E,2025,2,v4.01,5,2,SDGE_2025_Q2_R5.xlsx,Table 7,44,M44,https://efiling.energysafety.ca.gov/eFiling/Getfile.aspx?fileid=58132&shareable=true
T7R-444d37f53c56bdaf,1070000043,2.d.2.a.ii,v4_native,2. Underground circuit miles,Distribution,HFTD Tier 2,Urban,Non-WUI,Circuit miles,v4_native,219.997348484848,,,SDG&E,2025,2,v4.01,5,2,SDGE_2025_Q2_R5.xlsx,Table 7,45,M45,https://efiling.energysafety.ca.gov/eFiling/Getfile.aspx?fileid=58132&shareable=true
T7R-614d9f6207eb2fb2,1070000044,2.d.2.b.i,v4_native,2. Underground circuit miles,Distribution,HFTD Tier 2,Rural,WUI,Circuit miles,v4_native,865.795454545454,,,SDG&E,2025,2,v4.01,5,2,SDGE_2025_Q2_R5.xlsx,Table 7,46,M46,https://efiling.energysafety.ca.gov/eFiling/Getfile.aspx?fileid=58132&shareable=true
T7R-2fbe8fdf07d1cb4f,1070000045,2.d.2.b.ii,v4_native,2. Underground circuit miles,Distribution,HFTD Tier 2,Rural,Non-WUI,Circuit miles,v4_native,314.804545454545,,,SDG&E,2025,2,v4.01,5,2,SDGE_2025_Q2_R5.xlsx,Table 7,47,M47,https://efiling.energysafety.ca.gov/eFiling/Getfile.aspx?fileid=58132&shareable=true
T7R-de965228e8dc5eab,1070000046,2.d.2.c.i,v4_native,2. Underground circuit miles,Distribution,HFTD Tier 2,Highly rural,WUI,Circuit miles,v4_native,3.67537878787878,,,SDG&E,2025,2,v4.01,5,2,SDGE_2025_Q2_R5.xlsx,Table 7,48,M48,https://efiling.energysafety.ca.gov/eFiling/Getfile.aspx?fileid=58132&shareable=true
T7R-6dd4401c368bb787,1070000047,2.d.2.c.ii,v4_native,2. Underground circuit miles,Distribution,HFTD Tier 2,Highly rural,Non-WUI,Circuit miles,v4_native,9.84375,,,SDG&E,2025,2,v4.01,5,2,SDGE_2025_Q2_R5.xlsx,Table 7,49,M49,https://efiling.energysafety.ca.gov/eFiling/Getfile.aspx?fileid=58132&shareable=true
T7R-d329d87c60aa3f74,1070000048,2.d.3.a.i,v4_native,2. Underground circuit miles,Distribution,HFTD Tier 3,Urban,WUI,Circuit miles,v4_native,1.37405303030303,,,SDG&E,2025,2,v4.01,5,2,SDGE_2025_Q2_R5.xlsx,Table 7,50,M50,https://efiling.energysafety.ca.gov/eFiling/Getfile.aspx?fileid=58132&shareable=true
T7R-88b746fc55249c8d,1070000049,2.d.3.a.ii,v4_native,2. Underground circuit miles,Distribution,HFTD Tier 3,Urban,Non-WUI,Circuit miles,v4_native,0,,,SDG&E,2025,2,v4.01,5,2,SDGE_2025_Q2_R5.xlsx,Table 7,51,M51,https://efiling.energysafety.ca.gov/eFiling/Getfile.aspx?fileid=58132&shareable=true
T7R-d09c9d8dab23dc19,1070000050,2.d.3.b.i,v4_native,2. Underground circuit miles,Distribution,HFTD Tier 3,Rural,WUI,Circuit miles,v4_native,364.530492424242,,,SDG&E,2025,2,v4.01,5,2,SDGE_2025_Q2_R5.xlsx,Table 7,52,M52,https://efiling.energysafety.ca.gov/eFiling/Getfile.aspx?fileid=58132&shareable=true
T7R-9066189202e8eac7,1070000051,2.d.3.b.ii,v4_native,2. Underground circuit miles,Distribution,HFTD Tier 3,Rural,Non-WUI,Circuit miles,v4_native,211.770265151515,,,SDG&E,2025,2,v4.01,5,2,SDGE_2025_Q2_R5.xlsx,Table 7,53,M53,https://efiling.energysafety.ca.gov/eFiling/Getfile.aspx?fileid=58132&shareable=true
T7R-69c21b52e7d37d3c,1070000052,2.d.3.c.i,v4_native,2. Underground circuit miles,Distribution,HFTD Tier 3,Highly rural,WUI,Circuit miles,v4_native,6.9217803030303,,,SDG&E,2025,2,v4.01,5,2,SDGE_2025_Q2_R5.xlsx,Table 7,54,M54,https://efiling.energysafety.ca.gov/eFiling/Getfile.aspx?fileid=58132&shareable=true
T7R-292d208c7ef3f09d,1070000053,2.d.3.c.ii,v4_native,2. Underground circuit miles,Distribution,HFTD Tier 3,Highly rural,Non-WUI,Circuit miles,v4_native,27.2901515151515,,,SDG&E,2025,2,v4.01,5,2,SDGE_2025_Q2_R5.xlsx,Table 7,55,M55,https://efiling.energysafety.ca.gov/eFiling/Getfile.aspx?fileid=58132&shareable=true
T7R-525f1f9cd83eb3fb,1070000054,2.t.0.a.i,v4_native,2. Underground circuit miles,Transmission,Non-HFTD,Urban,WUI,Circuit miles,v4_native,24.6621912878787,,,SDG&E,2025,2,v4.01,5,2,SDGE_2025_Q2_R5.xlsx,Table 7,56,M56,https://efiling.energysafety.ca.gov/eFiling/Getfile.aspx?fileid=58132&shareable=true
T7R-6ccf27167d4bf711,1070000055,2.t.0.a.ii,v4_native,2. Underground circuit miles,Transmission,Non-HFTD,Urban,Non-WUI,Circuit miles,v4_native,72.0927992424242,,,SDG&E,2025,2,v4.01,5,2,SDGE_2025_Q2_R5.xlsx,Table 7,57,M57,https://efiling.energysafety.ca.gov/eFiling/Getfile.aspx?fileid=58132&shareable=true
T7R-4946de3bc7db2a0d,1070000056,2.t.0.b.i,v4_native,2. Underground circuit miles,Transmission,Non-HFTD,Rural,WUI,Circuit miles,v4_native,14.2819924242424,,,SDG&E,2025,2,v4.01,5,2,SDGE_2025_Q2_R5.xlsx,Table 7,58,M58,https://efiling.energysafety.ca.gov/eFiling/Getfile.aspx?fileid=58132&shareable=true
T7R-da2f3f2225b98230,1070000057,2.t.0.b.ii,v4_native,2. Underground circuit miles,Transmission,Non-HFTD,Rural,Non-WUI,Circuit miles,v4_native,20.7045511363636,,,SDG&E,2025,2,v4.01,5,2,SDGE_2025_Q2_R5.xlsx,Table 7,59,M59,https://efiling.energysafety.ca.gov/eFiling/Getfile.aspx?fileid=58132&shareable=true
T7R-32e13a6e537e0a50,1070000058,2.t.0.c.i,v4_native,2. Underground circuit miles,Transmission,Non-HFTD,Highly rural,WUI,Circuit miles,v4_native,0,,,SDG&E,2025,2,v4.01,5,2,SDGE_2025_Q2_R5.xlsx,Table 7,60,M60,https://efiling.energysafety.ca.gov/eFiling/Getfile.aspx?fileid=58132&shareable=true
T7R-b9ab3d0e4af6c309,1070000059,2.t.0.c.ii,v4_native,2. Underground circuit miles,Transmission,Non-HFTD,Highly rural,Non-WUI,Circuit miles,v4_native,0.103787878787878,,,SDG&E,2025,2,v4.01,5,2,SDGE_2025_Q2_R5.xlsx,Table 7,61,M61,https://efiling.energysafety.ca.gov/eFiling/Getfile.aspx?fileid=58132&shareable=true
T7R-2ef25471f9e2e3ea,1070000060,2.t.2.a.i,v4_native,2. Underground circuit miles,Transmission,HFTD Tier 2,Urban,WUI,Circuit miles,v4_native,13.4377026515151,,,SDG&E,2025,2,v4.01,5,2,SDGE_2025_Q2_R5.xlsx,Table 7,62,M62,https://efiling.energysafety.ca.gov/eFiling/Getfile.aspx?fileid=58132&shareable=true
T7R-ee9a88a74f4fb1c3,1070000061,2.t.2.a.ii,v4_native,2. Underground circuit miles,Transmission,HFTD Tier 2,Urban,Non-WUI,Circuit miles,v4_native,2.06362121212121,,,SDG&E,2025,2,v4.01,5,2,SDGE_2025_Q2_R5.xlsx,Table 7,63,M63,https://efiling.energysafety.ca.gov/eFiling/Getfile.aspx?fileid=58132&shareable=true
T7R-028b61a48d05e7f1,1070000062,2.t.2.b.i,v4_native,2. Underground circuit miles,Transmission,HFTD Tier 2,Rural,WUI,Circuit miles,v4_native,12.218375,,,SDG&E,2025,2,v4.01,5,2,SDGE_2025_Q2_R5.xlsx,Table 7,64,M64,https://efiling.energysafety.ca.gov/eFiling/Getfile.aspx?fileid=58132&shareable=true
T7R-891df223dde566d2,1070000063,2.t.2.b.ii,v4_native,2. Underground circuit miles,Transmission,HFTD Tier 2,Rural,Non-WUI,Circuit miles,v4_native,7.89046022727272,,,SDG&E,2025,2,v4.01,5,2,SDGE_2025_Q2_R5.xlsx,Table 7,65,M65,https://efiling.energysafety.ca.gov/eFiling/Getfile.aspx?fileid=58132&shareable=true
T7R-a27b3b090baaa75a,1070000064,2.t.2.c.i,v4_native,2. Underground circuit miles,Transmission,HFTD Tier 2,Highly rural,WUI,Circuit miles,v4_native,0,,,SDG&E,2025,2,v4.01,5,2,SDGE_2025_Q2_R5.xlsx,Table 7,66,M66,https://efiling.energysafety.ca.gov/eFiling/Getfile.aspx?fileid=58132&shareable=true
T7R-09f9f3d38b8c1f85,1070000065,2.t.2.c.ii,v4_native,2. Underground circuit miles,Transmission,HFTD Tier 2,Highly rural,Non-WUI,Circuit miles,v4_native,0,,,SDG&E,2025,2,v4.01,5,2,SDGE_2025_Q2_R5.xlsx,Table 7,67,M67,https://efiling.energysafety.ca.gov/eFiling/Getfile.aspx?fileid=58132&shareable=true
T7R-e8119132e8fa8650,1070000066,2.t.3.a.i,v4_native,2. Underground circuit miles,Transmission,HFTD Tier 3,Urban,WUI,Circuit miles,v4_native,1.55179924242424,,,SDG&E,2025,2,v4.01,5,2,SDGE_2025_Q2_R5.xlsx,Table 7,68,M68,https://efiling.energysafety.ca.gov/eFiling/Getfile.aspx?fileid=58132&shareable=true
T7R-0fa7ae6ce1cbf360,1070000067,2.t.3.a.ii,v4_native,2. Underground circuit miles,Transmission,HFTD Tier 3,Urban,Non-WUI,Circuit miles,v4_native,0,,,SDG&E,2025,2,v4.01,5,2,SDGE_2025_Q2_R5.xlsx,Table 7,69,M69,https://efiling.energysafety.ca.gov/eFiling/Getfile.aspx?fileid=58132&shareable=true
T7R-616bf78d31fc2a3e,1070000068,2.t.3.b.i,v4_native,2. Underground circuit miles,Transmission,HFTD Tier 3,Rural,WUI,Circuit miles,v4_native,3.84188636363636,,,SDG&E,2025,2,v4.01,5,2,SDGE_2025_Q2_R5.xlsx,Table 7,70,M70,https://efiling.energysafety.ca.gov/eFiling/Getfile.aspx?fileid=58132&shareable=true
T7R-4fbbf35858ba15bb,1070000069,2.t.3.b.ii,v4_native,2. Underground circuit miles,Transmission,HFTD Tier 3,Rural,Non-WUI,Circuit miles,v4_native,2.15014204545454,,,SDG&E,2025,2,v4.01,5,2,SDGE_2025_Q2_R5.xlsx,Table 7,71,M71,https://efiling.energysafety.ca.gov/eFiling/Getfile.aspx?fileid=58132&shareable=true
T7R-3e4f6e205a46a13c,1070000070,2.t.3.c.i,v4_native,2. Underground circuit miles,Transmission,HFTD Tier 3,Highly rural,WUI,Circuit miles,v4_native,0,,,SDG&E,2025,2,v4.01,5,2,SDGE_2025_Q2_R5.xlsx,Table 7,72,M72,https://efiling.energysafety.ca.gov/eFiling/Getfile.aspx?fileid=58132&shareable=true
T7R-cafd52ff87dc58e6,1070000071,2.t.3.c.ii,v4_native,2. Underground circuit miles,Transmission,HFTD Tier 3,Highly rural,Non-WUI,Circuit miles,v4_native,0,,,SDG&E,2025,2,v4.01,5,2,SDGE_2025_Q2_R5.xlsx,Table 7,73,M73,https://efiling.energysafety.ca.gov/eFiling/Getfile.aspx?fileid=58132&shareable=true
T7R-b76401fd2f15104b,1070000072,3.0.a.i,v4_native,3. Critical facilities,,Non-HFTD,Urban,WUI,Number of critical facilities,v4_native,3020,,,SDG&E,2025,2,v4.01,5,2,SDGE_2025_Q2_R5.xlsx,Table 7,74,M74,https://efiling.energysafety.ca.gov/eFiling/Getfile.aspx?fileid=58132&shareable=true
T7R-47e073ff9ae334ed,1070000073,3.0.a.ii,v4_native,3. Critical facilities,,Non-HFTD,Urban,Non-WUI,Number of critical facilities,v4_native,15210,,,SDG&E,2025,2,v4.01,5,2,SDGE_2025_Q2_R5.xlsx,Table 7,75,M75,https://efiling.energysafety.ca.gov/eFiling/Getfile.aspx?fileid=58132&shareable=true
T7R-9a8aa173c59c8c71,1070000074,3.0.b.i,v4_native,3. Critical facilities,,Non-HFTD,Rural,WUI,Number of critical facilities,v4_native,736,,,SDG&E,2025,2,v4.01,5,2,SDGE_2025_Q2_R5.xlsx,Table 7,76,M76,https://efiling.energysafety.ca.gov/eFiling/Getfile.aspx?fileid=58132&shareable=true
T7R-2e9f4c0e53231f38,1070000075,3.0.b.ii,v4_native,3. Critical facilities,,Non-HFTD,Rural,Non-WUI,Number of critical facilities,v4_native,2452,,,SDG&E,2025,2,v4.01,5,2,SDGE_2025_Q2_R5.xlsx,Table 7,77,M77,https://efiling.energysafety.ca.gov/eFiling/Getfile.aspx?fileid=58132&shareable=true
T7R-fb6738b74db24088,1070000076,3.0.c.i,v4_native,3. Critical facilities,,Non-HFTD,Highly rural,WUI,Number of critical facilities,v4_native,3,,,SDG&E,2025,2,v4.01,5,2,SDGE_2025_Q2_R5.xlsx,Table 7,78,M78,https://efiling.energysafety.ca.gov/eFiling/Getfile.aspx?fileid=58132&shareable=true
T7R-e45e1e501d2212b2,1070000077,3.0.c.ii,v4_native,3. Critical facilities,,Non-HFTD,Highly rural,Non-WUI,Number of critical facilities,v4_native,136,,,SDG&E,2025,2,v4.01,5,2,SDGE_2025_Q2_R5.xlsx,Table 7,79,M79,https://efiling.energysafety.ca.gov/eFiling/Getfile.aspx?fileid=58132&shareable=true
T7R-4ee81d7f224d1dc9,1070000078,3.2.a.i,v4_native,3. Critical facilities,,HFTD Tier 2,Urban,WUI,Number of critical facilities,v4_native,848,,,SDG&E,2025,2,v4.01,5,2,SDGE_2025_Q2_R5.xlsx,Table 7,80,M80,https://efiling.energysafety.ca.gov/eFiling/Getfile.aspx?fileid=58132&shareable=true
T7R-97b325b5d2cbce17,1070000079,3.2.a.ii,v4_native,3. Critical facilities,,HFTD Tier 2,Urban,Non-WUI,Number of critical facilities,v4_native,350,,,SDG&E,2025,2,v4.01,5,2,SDGE_2025_Q2_R5.xlsx,Table 7,81,M81,https://efiling.energysafety.ca.gov/eFiling/Getfile.aspx?fileid=58132&shareable=true
T7R-0e419319b439a038,1070000080,3.2.b.i,v4_native,3. Critical facilities,,HFTD Tier 2,Rural,WUI,Number of critical facilities,v4_native,1049,,,SDG&E,2025,2,v4.01,5,2,SDGE_2025_Q2_R5.xlsx,Table 7,82,M82,https://efiling.energysafety.ca.gov/eFiling/Getfile.aspx?fileid=58132&shareable=true
T7R-a36f8a14ee9a9be5,1070000081,3.2.b.ii,v4_native,3. Critical facilities,,HFTD Tier 2,Rural,Non-WUI,Number of critical facilities,v4_native,959,,,SDG&E,2025,2,v4.01,5,2,SDGE_2025_Q2_R5.xlsx,Table 7,83,M83,https://efiling.energysafety.ca.gov/eFiling/Getfile.aspx?fileid=58132&shareable=true
T7R-7e4c78b27afc56ad,1070000082,3.2.c.i,v4_native,3. Critical facilities,,HFTD Tier 2,Highly rural,WUI,Number of critical facilities,v4_native,12,,,SDG&E,2025,2,v4.01,5,2,SDGE_2025_Q2_R5.xlsx,Table 7,84,M84,https://efiling.energysafety.ca.gov/eFiling/Getfile.aspx?fileid=58132&shareable=true
T7R-af0ee11b6c446570,1070000083,3.2.c.ii,v4_native,3. Critical facilities,,HFTD Tier 2,Highly rural,Non-WUI,Number of critical facilities,v4_native,89,,,SDG&E,2025,2,v4.01,5,2,SDGE_2025_Q2_R5.xlsx,Table 7,85,M85,https://efiling.energysafety.ca.gov/eFiling/Getfile.aspx?fileid=58132&shareable=true
T7R-c21d391c8acfb80e,1070000084,3.3.a.i,v4_native,3. Critical facilities,,HFTD Tier 3,Urban,WUI,Number of critical facilities,v4_native,5,,,SDG&E,2025,2,v4.01,5,2,SDGE_2025_Q2_R5.xlsx,Table 7,86,M86,https://efiling.energysafety.ca.gov/eFiling/Getfile.aspx?fileid=58132&shareable=true
T7R-12f5eae74849e47c,1070000085,3.3.a.ii,v4_native,3. Critical facilities,,HFTD Tier 3,Urban,Non-WUI,Number of critical facilities,v4_native,0,,,SDG&E,2025,2,v4.01,5,2,SDGE_2025_Q2_R5.xlsx,Table 7,87,M87,https://efiling.energysafety.ca.gov/eFiling/Getfile.aspx?fileid=58132&shareable=true
T7R-ec5d2a48303578f2,1070000086,3.3.b.i,v4_native,3. Critical facilities,,HFTD Tier 3,Rural,WUI,Number of critical facilities,v4_native,471,,,SDG&E,2025,2,v4.01,5,2,SDGE_2025_Q2_R5.xlsx,Table 7,88,M88,https://efiling.energysafety.ca.gov/eFiling/Getfile.aspx?fileid=58132&shareable=true
T7R-8fa33cdaed0770f2,1070000087,3.3.b.ii,v4_native,3. Critical facilities,,HFTD Tier 3,Rural,Non-WUI,Number of critical facilities,v4_native,822,,,SDG&E,2025,2,v4.01,5,2,SDGE_2025_Q2_R5.xlsx,Table 7,89,M89,https://efiling.energysafety.ca.gov/eFiling/Getfile.aspx?fileid=58132&shareable=true
T7R-f9e9d082d723f6fb,1070000088,3.3.c.i,v4_native,3. Critical facilities,,HFTD Tier 3,Highly rural,WUI,Number of critical facilities,v4_native,42,,,SDG&E,2025,2,v4.01,5,2,SDGE_2025_Q2_R5.xlsx,Table 7,90,M90,https://efiling.energysafety.ca.gov/eFiling/Getfile.aspx?fileid=58132&shareable=true
T7R-801b69f195b76de6,1070000089,3.3.c.ii,v4_native,3. Critical facilities,,HFTD Tier 3,Highly rural,Non-WUI,Number of critical facilities,v4_native,107,,,SDG&E,2025,2,v4.01,5,2,SDGE_2025_Q2_R5.xlsx,Table 7,91,M91,https://efiling.energysafety.ca.gov/eFiling/Getfile.aspx?fileid=58132&shareable=true
T7R-96d30a9903666cb2,1070000090,4.0.a.i,v4_native,4. Residential customers,,Non-HFTD,Urban,WUI,Number of residential customers,v4_native,204258,,,SDG&E,2025,2,v4.01,5,2,SDGE_2025_Q2_R5.xlsx,Table 7,92,M92,https://efiling.energysafety.ca.gov/eFiling/Getfile.aspx?fileid=58132&shareable=true
T7R-689df76aa69788af,1070000091,4.0.a.ii,v4_native,4. Residential customers,,Non-HFTD,Urban,Non-WUI,Number of residential customers,v4_native,900929,,,SDG&E,2025,2,v4.01,5,2,SDGE_2025_Q2_R5.xlsx,Table 7,93,M93,https://efiling.energysafety.ca.gov/eFiling/Getfile.aspx?fileid=58132&shareable=true
T7R-6fa5390f0f875b3d,1070000092,4.0.b.i,v4_native,4. Residential customers,,Non-HFTD,Rural,WUI,Number of residential customers,v4_native,37193,,,SDG&E,2025,2,v4.01,5,2,SDGE_2025_Q2_R5.xlsx,Table 7,94,M94,https://efiling.energysafety.ca.gov/eFiling/Getfile.aspx?fileid=58132&shareable=true
T7R-fd7e1d7cabbc698e,1070000093,4.0.b.ii,v4_native,4. Residential customers,,Non-HFTD,Rural,Non-WUI,Number of residential customers,v4_native,40265,,,SDG&E,2025,2,v4.01,5,2,SDGE_2025_Q2_R5.xlsx,Table 7,95,M95,https://efiling.energysafety.ca.gov/eFiling/Getfile.aspx?fileid=58132&shareable=true
T7R-9eef9507994b817c,1070000094,4.0.c.i,v4_native,4. Residential customers,,Non-HFTD,Highly rural,WUI,Number of residential customers,v4_native,1350,,,SDG&E,2025,2,v4.01,5,2,SDGE_2025_Q2_R5.xlsx,Table 7,96,M96,https://efiling.energysafety.ca.gov/eFiling/Getfile.aspx?fileid=58132&shareable=true
T7R-3b14bd45fda62d4b,1070000095,4.0.c.ii,v4_native,4. Residential customers,,Non-HFTD,Highly rural,Non-WUI,Number of residential customers,v4_native,1329,,,SDG&E,2025,2,v4.01,5,2,SDGE_2025_Q2_R5.xlsx,Table 7,97,M97,https://efiling.energysafety.ca.gov/eFiling/Getfile.aspx?fileid=58132&shareable=true
T7R-67b41fa73a18d06c,1070000096,4.2.a.i,v4_native,4. Residential customers,,HFTD Tier 2,Urban,WUI,Number of residential customers,v4_native,67972,,,SDG&E,2025,2,v4.01,5,2,SDGE_2025_Q2_R5.xlsx,Table 7,98,M98,https://efiling.energysafety.ca.gov/eFiling/Getfile.aspx?fileid=58132&shareable=true
T7R-fc5b91247f144931,1070000097,4.2.a.ii,v4_native,4. Residential customers,,HFTD Tier 2,Urban,Non-WUI,Number of residential customers,v4_native,17370,,,SDG&E,2025,2,v4.01,5,2,SDGE_2025_Q2_R5.xlsx,Table 7,99,M99,https://efiling.energysafety.ca.gov/eFiling/Getfile.aspx?fileid=58132&shareable=true
T7R-55b71e1645e6c942,1070000098,4.2.b.i,v4_native,4. Residential customers,,HFTD Tier 2,Rural,WUI,Number of residential customers,v4_native,58817,,,SDG&E,2025,2,v4.01,5,2,SDGE_2025_Q2_R5.xlsx,Table 7,100,M100,https://efiling.energysafety.ca.gov/eFiling/Getfile.aspx?fileid=58132&shareable=true
T7R-ac3d0c48f4e8a8eb,1070000099,4.2.b.ii,v4_native,4. Residential customers,,HFTD Tier 2,Rural,Non-WUI,Number of residential customers,v4_native,23691,,,SDG&E,2025,2,v4.01,5,2,SDGE_2025_Q2_R5.xlsx,Table 7,101,M101,https://efiling.energysafety.ca.gov/eFiling/Getfile.aspx?fileid=58132&shareable=true
T7R-f3e0c3f4fdbdf151,1070000100,4.2.c.i,v4_native,4. Residential customers,,HFTD Tier 2,Highly rural,WUI,Number of residential customers,v4_native,257,,,SDG&E,2025,2,v4.01,5,2,SDGE_2025_Q2_R5.xlsx,Table 7,102,M102,https://efiling.energysafety.ca.gov/eFiling/Getfile.aspx?fileid=58132&shareable=true
T7R-c4614c173f239827,1070000101,4.2.c.ii,v4_native,4. Residential customers,,HFTD Tier 2,Highly rural,Non-WUI,Number of residential customers,v4_native,502,,,SDG&E,2025,2,v4.01,5,2,SDGE_2025_Q2_R5.xlsx,Table 7,103,M103,https://efiling.energysafety.ca.gov/eFiling/Getfile.aspx?fileid=58132&shareable=true
T7R-531bd5d92d8346ea,1070000102,4.3.a.i,v4_native,4. Residential customers,,HFTD Tier 3,Urban,WUI,Number of residential customers,v4_native,102,,,SDG&E,2025,2,v4.01,5,2,SDGE_2025_Q2_R5.xlsx,Table 7,104,M104,https://efiling.energysafety.ca.gov/eFiling/Getfile.aspx?fileid=58132&shareable=true
T7R-6f3fffa3ad05654d,1070000103,4.3.a.ii,v4_native,4. Residential customers,,HFTD Tier 3,Urban,Non-WUI,Number of residential customers,v4_native,3,,,SDG&E,2025,2,v4.01,5,2,SDGE_2025_Q2_R5.xlsx,Table 7,105,M105,https://efiling.energysafety.ca.gov/eFiling/Getfile.aspx?fileid=58132&shareable=true
T7R-cff714151d25a36a,1070000104,4.3.b.i,v4_native,4. Residential customers,,HFTD Tier 3,Rural,WUI,Number of residential customers,v4_native,18241,,,SDG&E,2025,2,v4.01,5,2,SDGE_2025_Q2_R5.xlsx,Table 7,106,M106,https://efiling.energysafety.ca.gov/eFiling/Getfile.aspx?fileid=58132&shareable=true
T7R-d46628cf76d897d0,1070000105,4.3.b.ii,v4_native,4. Residential customers,,HFTD Tier 3,Rural,Non-WUI,Number of residential customers,v4_native,8184,,,SDG&E,2025,2,v4.01,5,2,SDGE_2025_Q2_R5.xlsx,Table 7,107,M107,https://efiling.energysafety.ca.gov/eFiling/Getfile.aspx?fileid=58132&shareable=true
T7R-b67d8eaeba4b37c5,1070000106,4.3.c.i,v4_native,4. Residential customers,,HFTD Tier 3,Highly rural,WUI,Number of residential customers,v4_native,924,,,SDG&E,2025,2,v4.01,5,2,SDGE_2025_Q2_R5.xlsx,Table 7,108,M108,https://efiling.energysafety.ca.gov/eFiling/Getfile.aspx?fileid=58132&shareable=true
T7R-a5e14d5fcee29b03,1070000107,4.3.c.ii,v4_native,4. Residential customers,,HFTD Tier 3,Highly rural,Non-WUI,Number of residential customers,v4_native,890,,,SDG&E,2025,2,v4.01,5,2,SDGE_2025_Q2_R5.xlsx,Table 7,109,M109,https://efiling.energysafety.ca.gov/eFiling/Getfile.aspx?fileid=58132&shareable=true
T7R-357f630550dbfcd9,1070000108,5.0.a.i,v4_native,5. Commercial customers,,Non-HFTD,Urban,WUI,Number of commercial customers,v4_native,14857,,,SDG&E,2025,2,v4.01,5,2,SDGE_2025_Q2_R5.xlsx,Table 7,110,M110,https://efiling.energysafety.ca.gov/eFiling/Getfile.aspx?fileid=58132&shareable=true
T7R-d1edc35f931b7872,1070000109,5.0.a.ii,v4_native,5. Commercial customers,,Non-HFTD,Urban,Non-WUI,Number of commercial customers,v4_native,95056,,,SDG&E,2025,2,v4.01,5,2,SDGE_2025_Q2_R5.xlsx,Table 7,111,M111,https://efiling.energysafety.ca.gov/eFiling/Getfile.aspx?fileid=58132&shareable=true
T7R-14751c65d1420eb4,1070000110,5.0.b.i,v4_native,5. Commercial customers,,Non-HFTD,Rural,WUI,Number of commercial customers,v4_native,4687,,,SDG&E,2025,2,v4.01,5,2,SDGE_2025_Q2_R5.xlsx,Table 7,112,M112,https://efiling.energysafety.ca.gov/eFiling/Getfile.aspx?fileid=58132&shareable=true
T7R-35f57baba49d75bd,1070000111,5.0.b.ii,v4_native,5. Commercial customers,,Non-HFTD,Rural,Non-WUI,Number of commercial customers,v4_native,25025,,,SDG&E,2025,2,v4.01,5,2,SDGE_2025_Q2_R5.xlsx,Table 7,113,M113,https://efiling.energysafety.ca.gov/eFiling/Getfile.aspx?fileid=58132&shareable=true
T7R-10c680e60376574b,1070000112,5.0.c.i,v4_native,5. Commercial customers,,Non-HFTD,Highly rural,WUI,Number of commercial customers,v4_native,109,,,SDG&E,2025,2,v4.01,5,2,SDGE_2025_Q2_R5.xlsx,Table 7,114,M114,https://efiling.energysafety.ca.gov/eFiling/Getfile.aspx?fileid=58132&shareable=true
T7R-0e57d846d99f44ac,1070000113,5.0.c.ii,v4_native,5. Commercial customers,,Non-HFTD,Highly rural,Non-WUI,Number of commercial customers,v4_native,522,,,SDG&E,2025,2,v4.01,5,2,SDGE_2025_Q2_R5.xlsx,Table 7,115,M115,https://efiling.energysafety.ca.gov/eFiling/Getfile.aspx?fileid=58132&shareable=true
T7R-dd987f2810219936,1070000114,5.2.a.i,v4_native,5. Commercial customers,,HFTD Tier 2,Urban,WUI,Number of commercial customers,v4_native,4339,,,SDG&E,2025,2,v4.01,5,2,SDGE_2025_Q2_R5.xlsx,Table 7,116,M116,https://efiling.energysafety.ca.gov/eFiling/Getfile.aspx?fileid=58132&shareable=true
T7R-2cd8453bc2a788ca,1070000115,5.2.a.ii,v4_native,5. Commercial customers,,HFTD Tier 2,Urban,Non-WUI,Number of commercial customers,v4_native,2475,,,SDG&E,2025,2,v4.01,5,2,SDGE_2025_Q2_R5.xlsx,Table 7,117,M117,https://efiling.energysafety.ca.gov/eFiling/Getfile.aspx?fileid=58132&shareable=true
T7R-43c6efbd33d72bd7,1070000116,5.2.b.i,v4_native,5. Commercial customers,,HFTD Tier 2,Rural,WUI,Number of commercial customers,v4_native,5181,,,SDG&E,2025,2,v4.01,5,2,SDGE_2025_Q2_R5.xlsx,Table 7,118,M118,https://efiling.energysafety.ca.gov/eFiling/Getfile.aspx?fileid=58132&shareable=true
T7R-d774ba8ff2cf3662,1070000117,5.2.b.ii,v4_native,5. Commercial customers,,HFTD Tier 2,Rural,Non-WUI,Number of commercial customers,v4_native,4314,,,SDG&E,2025,2,v4.01,5,2,SDGE_2025_Q2_R5.xlsx,Table 7,119,M119,https://efiling.energysafety.ca.gov/eFiling/Getfile.aspx?fileid=58132&shareable=true
T7R-0e74521bba0aa3ba,1070000118,5.2.c.i,v4_native,5. Commercial customers,,HFTD Tier 2,Highly rural,WUI,Number of commercial customers,v4_native,35,,,SDG&E,2025,2,v4.01,5,2,SDGE_2025_Q2_R5.xlsx,Table 7,120,M120,https://efiling.energysafety.ca.gov/eFiling/Getfile.aspx?fileid=58132&shareable=true
T7R-3437aa9ec5f56047,1070000119,5.2.c.ii,v4_native,5. Commercial customers,,HFTD Tier 2,Highly rural,Non-WUI,Number of commercial customers,v4_native,221,,,SDG&E,2025,2,v4.01,5,2,SDGE_2025_Q2_R5.xlsx,Table 7,121,M121,https://efiling.energysafety.ca.gov/eFiling/Getfile.aspx?fileid=58132&shareable=true
T7R-b1b6f5a3fe3ebd18,1070000120,5.3.a.i,v4_native,5. Commercial customers,,HFTD Tier 3,Urban,WUI,Number of commercial customers,v4_native,17,,,SDG&E,2025,2,v4.01,5,2,SDGE_2025_Q2_R5.xlsx,Table 7,122,M122,https://efiling.energysafety.ca.gov/eFiling/Getfile.aspx?fileid=58132&shareable=true
T7R-401af99dc94a0cc7,1070000121,5.3.a.ii,v4_native,5. Commercial customers,,HFTD Tier 3,Urban,Non-WUI,Number of commercial customers,v4_native,0,,,SDG&E,2025,2,v4.01,5,2,SDGE_2025_Q2_R5.xlsx,Table 7,123,M123,https://efiling.energysafety.ca.gov/eFiling/Getfile.aspx?fileid=58132&shareable=true
T7R-5c5293b88bcf5c48,1070000122,5.3.b.i,v4_native,5. Commercial customers,,HFTD Tier 3,Rural,WUI,Number of commercial customers,v4_native,2253,,,SDG&E,2025,2,v4.01,5,2,SDGE_2025_Q2_R5.xlsx,Table 7,124,M124,https://efiling.energysafety.ca.gov/eFiling/Getfile.aspx?fileid=58132&shareable=true
T7R-6dd85954815b7356,1070000123,5.3.b.ii,v4_native,5. Commercial customers,,HFTD Tier 3,Rural,Non-WUI,Number of commercial customers,v4_native,2663,,,SDG&E,2025,2,v4.01,5,2,SDGE_2025_Q2_R5.xlsx,Table 7,125,M125,https://efiling.energysafety.ca.gov/eFiling/Getfile.aspx?fileid=58132&shareable=true
T7R-30b5a1cbf6674112,1070000124,5.3.c.i,v4_native,5. Commercial customers,,HFTD Tier 3,Highly rural,WUI,Number of commercial customers,v4_native,149,,,SDG&E,2025,2,v4.01,5,2,SDGE_2025_Q2_R5.xlsx,Table 7,126,M126,https://efiling.energysafety.ca.gov/eFiling/Getfile.aspx?fileid=58132&shareable=true
T7R-3091232f6cdebbc6,1070000125,5.3.c.ii,v4_native,5. Commercial customers,,HFTD Tier 3,Highly rural,Non-WUI,Number of commercial customers,v4_native,384,,,SDG&E,2025,2,v4.01,5,2,SDGE_2025_Q2_R5.xlsx,Table 7,127,M127,https://efiling.energysafety.ca.gov/eFiling/Getfile.aspx?fileid=58132&shareable=true
T7R-d926bc8a736423d6,1070000126,6.0.a.i,v4_native,6. AFN customers,,Non-HFTD,Urban,WUI,Number of customers belonging to access and functional needs populations,v4_native,47689,,,SDG&E,2025,2,v4.01,5,2,SDGE_2025_Q2_R5.xlsx,Table 7,128,M128,https://efiling.energysafety.ca.gov/eFiling/Getfile.aspx?fileid=58132&shareable=true
T7R-e2a657c78f43632d,1070000127,6.0.a.ii,v4_native,6. AFN customers,,Non-HFTD,Urban,Non-WUI,Number of customers belonging to access and functional needs populations,v4_native,302069,,,SDG&E,2025,2,v4.01,5,2,SDGE_2025_Q2_R5.xlsx,Table 7,129,M129,https://efiling.energysafety.ca.gov/eFiling/Getfile.aspx?fileid=58132&shareable=true
T7R-2cc787c7ff842652,1070000128,6.0.b.i,v4_native,6. AFN customers,,Non-HFTD,Rural,WUI,Number of customers belonging to access and functional needs populations,v4_native,4541,,,SDG&E,2025,2,v4.01,5,2,SDGE_2025_Q2_R5.xlsx,Table 7,130,M130,https://efiling.energysafety.ca.gov/eFiling/Getfile.aspx?fileid=58132&shareable=true
T7R-ebdaa2c3bcf2549e,1070000129,6.0.b.ii,v4_native,6. AFN customers,,Non-HFTD,Rural,Non-WUI,Number of customers belonging to access and functional needs populations,v4_native,3964,,,SDG&E,2025,2,v4.01,5,2,SDGE_2025_Q2_R5.xlsx,Table 7,131,M131,https://efiling.energysafety.ca.gov/eFiling/Getfile.aspx?fileid=58132&shareable=true
T7R-3659dca3d57bda50,1070000130,6.0.c.i,v4_native,6. AFN customers,,Non-HFTD,Highly rural,WUI,Number of customers belonging to access and functional needs populations,v4_native,406,,,SDG&E,2025,2,v4.01,5,2,SDGE_2025_Q2_R5.xlsx,Table 7,132,M132,https://efiling.energysafety.ca.gov/eFiling/Getfile.aspx?fileid=58132&shareable=true
T7R-45595fbf47e2b545,1070000131,6.0.c.ii,v4_native,6. AFN customers,,Non-HFTD,Highly rural,Non-WUI,Number of customers belonging to access and functional needs populations,v4_native,320,,,SDG&E,2025,2,v4.01,5,2,SDGE_2025_Q2_R5.xlsx,Table 7,133,M133,https://efiling.energysafety.ca.gov/eFiling/Getfile.aspx?fileid=58132&shareable=true
T7R-a4fa26cd9cdab6a5,1070000132,6.2.a.i,v4_native,6. AFN customers,,HFTD Tier 2,Urban,WUI,Number of customers belonging to access and functional needs populations,v4_native,16469,,,SDG&E,2025,2,v4.01,5,2,SDGE_2025_Q2_R5.xlsx,Table 7,134,M134,https://efiling.energysafety.ca.gov/eFiling/Getfile.aspx?fileid=58132&shareable=true
T7R-6809e078d4b6c999,1070000133,6.2.a.ii,v4_native,6. AFN customers,,HFTD Tier 2,Urban,Non-WUI,Number of customers belonging to access and functional needs populations,v4_native,6748,,,SDG&E,2025,2,v4.01,5,2,SDGE_2025_Q2_R5.xlsx,Table 7,135,M135,https://efiling.energysafety.ca.gov/eFiling/Getfile.aspx?fileid=58132&shareable=true
T7R-84910b284113b00b,1070000134,6.2.b.i,v4_native,6. AFN customers,,HFTD Tier 2,Rural,WUI,Number of customers belonging to access and functional needs populations,v4_native,9568,,,SDG&E,2025,2,v4.01,5,2,SDGE_2025_Q2_R5.xlsx,Table 7,136,M136,https://efiling.energysafety.ca.gov/eFiling/Getfile.aspx?fileid=58132&shareable=true
T7R-29364a6ba90e352e,1070000135,6.2.b.ii,v4_native,6. AFN customers,,HFTD Tier 2,Rural,Non-WUI,Number of customers belonging to access and functional needs populations,v4_native,3650,,,SDG&E,2025,2,v4.01,5,2,SDGE_2025_Q2_R5.xlsx,Table 7,137,M137,https://efiling.energysafety.ca.gov/eFiling/Getfile.aspx?fileid=58132&shareable=true
T7R-7db06f1970d85c98,1070000136,6.2.c.i,v4_native,6. AFN customers,,HFTD Tier 2,Highly rural,WUI,Number of customers belonging to access and functional needs populations,v4_native,97,,,SDG&E,2025,2,v4.01,5,2,SDGE_2025_Q2_R5.xlsx,Table 7,138,M138,https://efiling.energysafety.ca.gov/eFiling/Getfile.aspx?fileid=58132&shareable=true
T7R-0d838ffb4342184c,1070000137,6.2.c.ii,v4_native,6. AFN customers,,HFTD Tier 2,Highly rural,Non-WUI,Number of customers belonging to access and functional needs populations,v4_native,172,,,SDG&E,2025,2,v4.01,5,2,SDGE_2025_Q2_R5.xlsx,Table 7,139,M139,https://efiling.energysafety.ca.gov/eFiling/Getfile.aspx?fileid=58132&shareable=true
T7R-8bd70cd396a3a26d,1070000138,6.3.a.i,v4_native,6. AFN customers,,HFTD Tier 3,Urban,WUI,Number of customers belonging to access and functional needs populations,v4_native,26,,,SDG&E,2025,2,v4.01,5,2,SDGE_2025_Q2_R5.xlsx,Table 7,140,M140,https://efiling.energysafety.ca.gov/eFiling/Getfile.aspx?fileid=58132&shareable=true
T7R-dca81fc6313732ce,1070000139,6.3.a.ii,v4_native,6. AFN customers,,HFTD Tier 3,Urban,Non-WUI,Number of customers belonging to access and functional needs populations,v4_native,1,,,SDG&E,2025,2,v4.01,5,2,SDGE_2025_Q2_R5.xlsx,Table 7,141,M141,https://efiling.energysafety.ca.gov/eFiling/Getfile.aspx?fileid=58132&shareable=true
T7R-eb96cc1fbc36542c,1070000140,6.3.b.i,v4_native,6. AFN customers,,HFTD Tier 3,Rural,WUI,Number of customers belonging to access and functional needs populations,v4_native,5604,,,SDG&E,2025,2,v4.01,5,2,SDGE_2025_Q2_R5.xlsx,Table 7,142,M142,https://efiling.energysafety.ca.gov/eFiling/Getfile.aspx?fileid=58132&shareable=true
T7R-39fa80c6c5595c7a,1070000141,6.3.b.ii,v4_native,6. AFN customers,,HFTD Tier 3,Rural,Non-WUI,Number of customers belonging to access and functional needs populations,v4_native,2179,,,SDG&E,2025,2,v4.01,5,2,SDGE_2025_Q2_R5.xlsx,Table 7,143,M143,https://efiling.energysafety.ca.gov/eFiling/Getfile.aspx?fileid=58132&shareable=true
T7R-7ed164420cad238e,1070000142,6.3.c.i,v4_native,6. AFN customers,,HFTD Tier 3,Highly rural,WUI,Number of customers belonging to access and functional needs populations,v4_native,38,,,SDG&E,2025,2,v4.01,5,2,SDGE_2025_Q2_R5.xlsx,Table 7,144,M144,https://efiling.energysafety.ca.gov/eFiling/Getfile.aspx?fileid=58132&shareable=true
T7R-e1a560fe19d18766,1070000143,6.3.c.ii,v4_native,6. AFN customers,,HFTD Tier 3,Highly rural,Non-WUI,Number of customers belonging to access and functional needs populations,v4_native,154,,,SDG&E,2025,2,v4.01,5,2,SDGE_2025_Q2_R5.xlsx,Table 7,145,M145,https://efiling.energysafety.ca.gov/eFiling/Getfile.aspx?fileid=58132&shareable=true
T7R-e69fde588252f2a0,1070000144,7.0.a.i,v4_native,7. Substations,,Non-HFTD,Urban,WUI,Number of substations,v4_native,12,,,SDG&E,2025,2,v4.01,5,2,SDGE_2025_Q2_R5.xlsx,Table 7,146,M146,https://efiling.energysafety.ca.gov/eFiling/Getfile.aspx?fileid=58132&shareable=true
T7R-fafc718393b0cbdc,1070000145,7.0.a.ii,v4_native,7. Substations,,Non-HFTD,Urban,Non-WUI,Number of substations,v4_native,69,,,SDG&E,2025,2,v4.01,5,2,SDGE_2025_Q2_R5.xlsx,Table 7,147,M147,https://efiling.energysafety.ca.gov/eFiling/Getfile.aspx?fileid=58132&shareable=true
T7R-7b5d5df389c5cbb0,1070000146,7.0.b.i,v4_native,7. Substations,,Non-HFTD,Rural,WUI,Number of substations,v4_native,4,,,SDG&E,2025,2,v4.01,5,2,SDGE_2025_Q2_R5.xlsx,Table 7,148,M148,https://efiling.energysafety.ca.gov/eFiling/Getfile.aspx?fileid=58132&shareable=true
T7R-c12277b26051d0b5,1070000147,7.0.b.ii,v4_native,7. Substations,,Non-HFTD,Rural,Non-WUI,Number of substations,v4_native,23,,,SDG&E,2025,2,v4.01,5,2,SDGE_2025_Q2_R5.xlsx,Table 7,149,M149,https://efiling.energysafety.ca.gov/eFiling/Getfile.aspx?fileid=58132&shareable=true
T7R-ddf77840a3536eb1,1070000148,7.0.c.i,v4_native,7. Substations,,Non-HFTD,Highly rural,WUI,Number of substations,v4_native,0,,,SDG&E,2025,2,v4.01,5,2,SDGE_2025_Q2_R5.xlsx,Table 7,150,M150,https://efiling.energysafety.ca.gov/eFiling/Getfile.aspx?fileid=58132&shareable=true
T7R-f5c9dcfc14bf5283,1070000149,7.0.c.ii,v4_native,7. Substations,,Non-HFTD,Highly rural,Non-WUI,Number of substations,v4_native,3,,,SDG&E,2025,2,v4.01,5,2,SDGE_2025_Q2_R5.xlsx,Table 7,151,M151,https://efiling.energysafety.ca.gov/eFiling/Getfile.aspx?fileid=58132&shareable=true
T7R-365fd3c758c7f123,1070000150,7.2.a.i,v4_native,7. Substations,,HFTD Tier 2,Urban,WUI,Number of substations,v4_native,2,,,SDG&E,2025,2,v4.01,5,2,SDGE_2025_Q2_R5.xlsx,Table 7,152,M152,https://efiling.energysafety.ca.gov/eFiling/Getfile.aspx?fileid=58132&shareable=true
T7R-fc00907698d923b3,1070000151,7.2.a.ii,v4_native,7. Substations,,HFTD Tier 2,Urban,Non-WUI,Number of substations,v4_native,7,,,SDG&E,2025,2,v4.01,5,2,SDGE_2025_Q2_R5.xlsx,Table 7,153,M153,https://efiling.energysafety.ca.gov/eFiling/Getfile.aspx?fileid=58132&shareable=true
T7R-5ead4762d9b533d1,1070000152,7.2.b.i,v4_native,7. Substations,,HFTD Tier 2,Rural,WUI,Number of substations,v4_native,4,,,SDG&E,2025,2,v4.01,5,2,SDGE_2025_Q2_R5.xlsx,Table 7,154,M154,https://efiling.energysafety.ca.gov/eFiling/Getfile.aspx?fileid=58132&shareable=true
T7R-69848a4fa3729ee2,1070000153,7.2.b.ii,v4_native,7. Substations,,HFTD Tier 2,Rural,Non-WUI,Number of substations,v4_native,18,,,SDG&E,2025,2,v4.01,5,2,SDGE_2025_Q2_R5.xlsx,Table 7,155,M155,https://efiling.energysafety.ca.gov/eFiling/Getfile.aspx?fileid=58132&shareable=true
T7R-39668f8c42b108d1,1070000154,7.2.c.i,v4_native,7. Substations,,HFTD Tier 2,Highly rural,WUI,Number of substations,v4_native,0,,,SDG&E,2025,2,v4.01,5,2,SDGE_2025_Q2_R5.xlsx,Table 7,156,M156,https://efiling.energysafety.ca.gov/eFiling/Getfile.aspx?fileid=58132&shareable=true
T7R-eaf864e2aa737705,1070000155,7.2.c.ii,v4_native,7. Substations,,HFTD Tier 2,Highly rural,Non-WUI,Number of substations,v4_native,1,,,SDG&E,2025,2,v4.01,5,2,SDGE_2025_Q2_R5.xlsx,Table 7,157,M157,https://efiling.energysafety.ca.gov/eFiling/Getfile.aspx?fileid=58132&shareable=true
T7R-faf5c5457b5fb04b,1070000156,7.3.a.i,v4_native,7. Substations,,HFTD Tier 3,Urban,WUI,Number of substations,v4_native,0,,,SDG&E,2025,2,v4.01,5,2,SDGE_2025_Q2_R5.xlsx,Table 7,158,M158,https://efiling.energysafety.ca.gov/eFiling/Getfile.aspx?fileid=58132&shareable=true
T7R-81ac48433447a19a,1070000157,7.3.a.ii,v4_native,7. Substations,,HFTD Tier 3,Urban,Non-WUI,Number of substations,v4_native,0,,,SDG&E,2025,2,v4.01,5,2,SDGE_2025_Q2_R5.xlsx,Table 7,159,M159,https://efiling.energysafety.ca.gov/eFiling/Getfile.aspx?fileid=58132&shareable=true
T7R-dc9046f85e36c71c,1070000158,7.3.b.i,v4_native,7. Substations,,HFTD Tier 3,Rural,WUI,Number of substations,v4_native,0,,,SDG&E,2025,2,v4.01,5,2,SDGE_2025_Q2_R5.xlsx,Table 7,160,M160,https://efiling.energysafety.ca.gov/eFiling/Getfile.aspx?fileid=58132&shareable=true
T7R-776b5388bda05e19,1070000159,7.3.b.ii,v4_native,7. Substations,,HFTD Tier 3,Rural,Non-WUI,Number of substations,v4_native,11,,,SDG&E,2025,2,v4.01,5,2,SDGE_2025_Q2_R5.xlsx,Table 7,161,M161,https://efiling.energysafety.ca.gov/eFiling/Getfile.aspx?fileid=58132&shareable=true
T7R-0e9014dcb31c538d,1070000160,7.3.c.i,v4_native,7. Substations,,HFTD Tier 3,Highly rural,WUI,Number of substations,v4_native,0,,,SDG&E,2025,2,v4.01,5,2,SDGE_2025_Q2_R5.xlsx,Table 7,162,M162,https://efiling.energysafety.ca.gov/eFiling/Getfile.aspx?fileid=58132&shareable=true
T7R-80d537a988dd8023,1070000161,7.3.c.ii,v4_native,7. Substations,,HFTD Tier 3,Highly rural,Non-WUI,Number of substations,v4_native,1,,,SDG&E,2025,2,v4.01,5,2,SDGE_2025_Q2_R5.xlsx,Table 7,163,M163,https://efiling.energysafety.ca.gov/eFiling/Getfile.aspx?fileid=58132&shareable=true
T7R-2bc3423541f51b33,1070000162,8.0.a.i,v4_native,8. Weather stations,,Non-HFTD,Urban,WUI,Number of weather stations,v4_native,3,,,SDG&E,2025,2,v4.01,5,2,SDGE_2025_Q2_R5.xlsx,Table 7,164,M164,https://efiling.energysafety.ca.gov/eFiling/Getfile.aspx?fileid=58132&shareable=true
T7R-a55a5f68fa2e27d2,1070000163,8.0.a.ii,v4_native,8. Weather stations,,Non-HFTD,Urban,Non-WUI,Number of weather stations,v4_native,14,,,SDG&E,2025,2,v4.01,5,2,SDGE_2025_Q2_R5.xlsx,Table 7,165,M165,https://efiling.energysafety.ca.gov/eFiling/Getfile.aspx?fileid=58132&shareable=true
T7R-1cff5f42dbd24012,1070000164,8.0.b.i,v4_native,8. Weather stations,,Non-HFTD,Rural,WUI,Number of weather stations,v4_native,0,,,SDG&E,2025,2,v4.01,5,2,SDGE_2025_Q2_R5.xlsx,Table 7,166,M166,https://efiling.energysafety.ca.gov/eFiling/Getfile.aspx?fileid=58132&shareable=true
T7R-c97bdf43c7863b07,1070000165,8.0.b.ii,v4_native,8. Weather stations,,Non-HFTD,Rural,Non-WUI,Number of weather stations,v4_native,3,,,SDG&E,2025,2,v4.01,5,2,SDGE_2025_Q2_R5.xlsx,Table 7,167,M167,https://efiling.energysafety.ca.gov/eFiling/Getfile.aspx?fileid=58132&shareable=true
T7R-da64e572cfb3bc6d,1070000166,8.0.c.i,v4_native,8. Weather stations,,Non-HFTD,Highly rural,WUI,Number of weather stations,v4_native,0,,,SDG&E,2025,2,v4.01,5,2,SDGE_2025_Q2_R5.xlsx,Table 7,168,M168,https://efiling.energysafety.ca.gov/eFiling/Getfile.aspx?fileid=58132&shareable=true
T7R-ab4a15a6eae14368,1070000167,8.0.c.ii,v4_native,8. Weather stations,,Non-HFTD,Highly rural,Non-WUI,Number of weather stations,v4_native,2,,,SDG&E,2025,2,v4.01,5,2,SDGE_2025_Q2_R5.xlsx,Table 7,169,M169,https://efiling.energysafety.ca.gov/eFiling/Getfile.aspx?fileid=58132&shareable=true
T7R-36b9619a677a71d1,1070000168,8.2.a.i,v4_native,8. Weather stations,,HFTD Tier 2,Urban,WUI,Number of weather stations,v4_native,3,,,SDG&E,2025,2,v4.01,5,2,SDGE_2025_Q2_R5.xlsx,Table 7,170,M170,https://efiling.energysafety.ca.gov/eFiling/Getfile.aspx?fileid=58132&shareable=true
T7R-27635df35ef010fe,1070000169,8.2.a.ii,v4_native,8. Weather stations,,HFTD Tier 2,Urban,Non-WUI,Number of weather stations,v4_native,6,,,SDG&E,2025,2,v4.01,5,2,SDGE_2025_Q2_R5.xlsx,Table 7,171,M171,https://efiling.energysafety.ca.gov/eFiling/Getfile.aspx?fileid=58132&shareable=true
T7R-41ba287b2060db2e,1070000170,8.2.b.i,v4_native,8. Weather stations,,HFTD Tier 2,Rural,WUI,Number of weather stations,v4_native,16,,,SDG&E,2025,2,v4.01,5,2,SDGE_2025_Q2_R5.xlsx,Table 7,172,M172,https://efiling.energysafety.ca.gov/eFiling/Getfile.aspx?fileid=58132&shareable=true
T7R-39c872d8818c08d0,1070000171,8.2.b.ii,v4_native,8. Weather stations,,HFTD Tier 2,Rural,Non-WUI,Number of weather stations,v4_native,51,,,SDG&E,2025,2,v4.01,5,2,SDGE_2025_Q2_R5.xlsx,Table 7,173,M173,https://efiling.energysafety.ca.gov/eFiling/Getfile.aspx?fileid=58132&shareable=true
T7R-ae764a0f66eafc38,1070000172,8.2.c.i,v4_native,8. Weather stations,,HFTD Tier 2,Highly rural,WUI,Number of weather stations,v4_native,1,,,SDG&E,2025,2,v4.01,5,2,SDGE_2025_Q2_R5.xlsx,Table 7,174,M174,https://efiling.energysafety.ca.gov/eFiling/Getfile.aspx?fileid=58132&shareable=true
T7R-d01d1975cca09fe2,1070000173,8.2.c.ii,v4_native,8. Weather stations,,HFTD Tier 2,Highly rural,Non-WUI,Number of weather stations,v4_native,7,,,SDG&E,2025,2,v4.01,5,2,SDGE_2025_Q2_R5.xlsx,Table 7,175,M175,https://efiling.energysafety.ca.gov/eFiling/Getfile.aspx?fileid=58132&shareable=true
T7R-8c43eebff36404cd,1070000174,8.3.a.i,v4_native,8. Weather stations,,HFTD Tier 3,Urban,WUI,Number of weather stations,v4_native,0,,,SDG&E,2025,2,v4.01,5,2,SDGE_2025_Q2_R5.xlsx,Table 7,176,M176,https://efiling.energysafety.ca.gov/eFiling/Getfile.aspx?fileid=58132&shareable=true
T7R-24c0edc3341b17c4,1070000175,8.3.a.ii,v4_native,8. Weather stations,,HFTD Tier 3,Urban,Non-WUI,Number of weather stations,v4_native,0,,,SDG&E,2025,2,v4.01,5,2,SDGE_2025_Q2_R5.xlsx,Table 7,177,M177,https://efiling.energysafety.ca.gov/eFiling/Getfile.aspx?fileid=58132&shareable=true
T7R-00cc0adb7d8e6c6a,1070000176,8.3.b.i,v4_native,8. Weather stations,,HFTD Tier 3,Rural,WUI,Number of weather stations,v4_native,12,,,SDG&E,2025,2,v4.01,5,2,SDGE_2025_Q2_R5.xlsx,Table 7,178,M178,https://efiling.energysafety.ca.gov/eFiling/Getfile.aspx?fileid=58132&shareable=true
T7R-e88152df25a0e379,1070000177,8.3.b.ii,v4_native,8. Weather stations,,HFTD Tier 3,Rural,Non-WUI,Number of weather stations,v4_native,95,,,SDG&E,2025,2,v4.01,5,2,SDGE_2025_Q2_R5.xlsx,Table 7,179,M179,https://efiling.energysafety.ca.gov/eFiling/Getfile.aspx?fileid=58132&shareable=true
T7R-029acee4de472523,1070000178,8.3.c.i,v4_native,8. Weather stations,,HFTD Tier 3,Highly rural,WUI,Number of weather stations,v4_native,3,,,SDG&E,2025,2,v4.01,5,2,SDGE_2025_Q2_R5.xlsx,Table 7,180,M180,https://efiling.energysafety.ca.gov/eFiling/Getfile.aspx?fileid=58132&shareable=true
T7R-77ae3e76ad831096,1070000179,8.3.c.ii,v4_native,8. Weather stations,,HFTD Tier 3,Highly rural,Non-WUI,Number of weather stations,v4_native,7,,,SDG&E,2025,2,v4.01,5,2,SDGE_2025_Q2_R5.xlsx,Table 7,181,M181,https://efiling.energysafety.ca.gov/eFiling/Getfile.aspx?fileid=58132&shareable=true
T7R-71e920ddd241a558,1070000000,1.d.0.a.i,v4_native,1. Overhead circuit miles,Distribution,Non-HFTD,Urban,WUI,Circuit miles,v4_native,368.398825479431,,,SDG&E,2025,3,v4.01,4,3,SDGE_2025_Q3_R4.xlsx,Table 7,2,M2,https://efiling.energysafety.ca.gov/eFiling/Getfile.aspx?fileid=58132&shareable=true
T7R-314cccb05b9e1de8,1070000001,1.d.0.a.ii,v4_native,1. Overhead circuit miles,Distribution,Non-HFTD,Urban,Non-WUI,Circuit miles,v4_native,2164.64768712271,,,SDG&E,2025,3,v4.01,4,3,SDGE_2025_Q3_R4.xlsx,Table 7,3,M3,https://efiling.energysafety.ca.gov/eFiling/Getfile.aspx?fileid=58132&shareable=true
T7R-574da8093a73ef05,1070000002,1.d.0.b.i,v4_native,1. Overhead circuit miles,Distribution,Non-HFTD,Rural,WUI,Circuit miles,v4_native,122.212235216194,,,SDG&E,2025,3,v4.01,4,3,SDGE_2025_Q3_R4.xlsx,Table 7,4,M4,https://efiling.energysafety.ca.gov/eFiling/Getfile.aspx?fileid=58132&shareable=true
T7R-04c7156cba9d516e,1070000003,1.d.0.b.ii,v4_native,1. Overhead circuit miles,Distribution,Non-HFTD,Rural,Non-WUI,Circuit miles,v4_native,146.955958975208,,,SDG&E,2025,3,v4.01,4,3,SDGE_2025_Q3_R4.xlsx,Table 7,5,M5,https://efiling.energysafety.ca.gov/eFiling/Getfile.aspx?fileid=58132&shareable=true
T7R-4f3fe14dbc74437f,1070000004,1.d.0.c.i,v4_native,1. Overhead circuit miles,Distribution,Non-HFTD,Highly rural,WUI,Circuit miles,v4_native,26.0930303000667,,,SDG&E,2025,3,v4.01,4,3,SDGE_2025_Q3_R4.xlsx,Table 7,6,M6,https://efiling.energysafety.ca.gov/eFiling/Getfile.aspx?fileid=58132&shareable=true
T7R-cf7b796a1efa7122,1070000005,1.d.0.c.ii,v4_native,1. Overhead circuit miles,Distribution,Non-HFTD,Highly rural,Non-WUI,Circuit miles,v4_native,117.75091250861,,,SDG&E,2025,3,v4.01,4,3,SDGE_2025_Q3_R4.xlsx,Table 7,7,M7,https://efiling.energysafety.ca.gov/eFiling/Getfile.aspx?fileid=58132&shareable=true
T7R-3a255368ad2c8593,1070000006,1.d.2.a.i,v4_native,1. Overhead circuit miles,Distribution,HFTD Tier 2,Urban,WUI,Circuit miles,v4_native,87.5245244575907,,,SDG&E,2025,3,v4.01,4,3,SDGE_2025_Q3_R4.xlsx,Table 7,8,M8,https://efiling.energysafety.ca.gov/eFiling/Getfile.aspx?fileid=58132&shareable=true
T7R-41d1e50841e50d04,1070000007,1.d.2.a.ii,v4_native,1. Overhead circuit miles,Distribution,HFTD Tier 2,Urban,Non-WUI,Circuit miles,v4_native,96.1280658775896,,,SDG&E,2025,3,v4.01,4,3,SDGE_2025_Q3_R4.xlsx,Table 7,9,M9,https://efiling.energysafety.ca.gov/eFiling/Getfile.aspx?fileid=58132&shareable=true
T7R-6467bb8fb980fd30,1070000008,1.d.2.b.i,v4_native,1. Overhead circuit miles,Distribution,HFTD Tier 2,Rural,WUI,Circuit miles,v4_native,730.615458045959,,,SDG&E,2025,3,v4.01,4,3,SDGE_2025_Q3_R4.xlsx,Table 7,10,M10,https://efiling.energysafety.ca.gov/eFiling/Getfile.aspx?fileid=58132&shareable=true
T7R-8f954f6310045914,1070000009,1.d.2.b.ii,v4_native,1. Overhead circuit miles,Distribution,HFTD Tier 2,Rural,Non-WUI,Circuit miles,v4_native,674.339875037376,,,SDG&E,2025,3,v4.01,4,3,SDGE_2025_Q3_R4.xlsx,Table 7,11,M11,https://efiling.energysafety.ca.gov/eFiling/Getfile.aspx?fileid=58132&shareable=true
T7R-71fd0069b7c6f1a6,1070000010,1.d.2.c.i,v4_native,1. Overhead circuit miles,Distribution,HFTD Tier 2,Highly rural,WUI,Circuit miles,v4_native,12.8813285397089,,,SDG&E,2025,3,v4.01,4,3,SDGE_2025_Q3_R4.xlsx,Table 7,12,M12,https://efiling.energysafety.ca.gov/eFiling/Getfile.aspx?fileid=58132&shareable=true
T7R-c74bd40d74aab178,1070000011,1.d.2.c.ii,v4_native,1. Overhead circuit miles,Distribution,HFTD Tier 2,Highly rural,Non-WUI,Circuit miles,v4_native,151.33275846772,,,SDG&E,2025,3,v4.01,4,3,SDGE_2025_Q3_R4.xlsx,Table 7,13,M13,https://efiling.energysafety.ca.gov/eFiling/Getfile.aspx?fileid=58132&shareable=true
T7R-dc94f44af6210273,1070000012,1.d.3.a.i,v4_native,1. Overhead circuit miles,Distribution,HFTD Tier 3,Urban,WUI,Circuit miles,v4_native,4.97915848068528,,,SDG&E,2025,3,v4.01,4,3,SDGE_2025_Q3_R4.xlsx,Table 7,14,M14,https://efiling.energysafety.ca.gov/eFiling/Getfile.aspx?fileid=58132&shareable=true
T7R-ac2171f40fdf14af,1070000013,1.d.3.a.ii,v4_native,1. Overhead circuit miles,Distribution,HFTD Tier 3,Urban,Non-WUI,Circuit miles,v4_native,0.379573583529507,,,SDG&E,2025,3,v4.01,4,3,SDGE_2025_Q3_R4.xlsx,Table 7,15,M15,https://efiling.energysafety.ca.gov/eFiling/Getfile.aspx?fileid=58132&shareable=true
T7R-41c3c221278183f8,1070000014,1.d.3.b.i,v4_native,1. Overhead circuit miles,Distribution,HFTD Tier 3,Rural,WUI,Circuit miles,v4_native,541.39862777667,,,SDG&E,2025,3,v4.01,4,3,SDGE_2025_Q3_R4.xlsx,Table 7,16,M16,https://efiling.energysafety.ca.gov/eFiling/Getfile.aspx?fileid=58132&shareable=true
T7R-ba3c48c8dbb5eff9,1070000015,1.d.3.b.ii,v4_native,1. Overhead circuit miles,Distribution,HFTD Tier 3,Rural,Non-WUI,Circuit miles,v4_native,890.357722706081,,,SDG&E,2025,3,v4.01,4,3,SDGE_2025_Q3_R4.xlsx,Table 7,17,M17,https://efiling.energysafety.ca.gov/eFiling/Getfile.aspx?fileid=58132&shareable=true
T7R-a72d715991359ebd,1070000016,1.d.3.c.i,v4_native,1. Overhead circuit miles,Distribution,HFTD Tier 3,Highly rural,WUI,Circuit miles,v4_native,7.74348871844243,,,SDG&E,2025,3,v4.01,4,3,SDGE_2025_Q3_R4.xlsx,Table 7,18,M18,https://efiling.energysafety.ca.gov/eFiling/Getfile.aspx?fileid=58132&shareable=true
T7R-a3da9531eb122ed7,1070000017,1.d.3.c.ii,v4_native,1. Overhead circuit miles,Distribution,HFTD Tier 3,Highly rural,Non-WUI,Circuit miles,v4_native,110.38651030972,,,SDG&E,2025,3,v4.01,4,3,SDGE_2025_Q3_R4.xlsx,Table 7,19,M19,https://efiling.energysafety.ca.gov/eFiling/Getfile.aspx?fileid=58132&shareable=true
T7R-b1ec1a66659cafcc,1070000018,1.t.0.a.i,v4_native,1. Overhead circuit miles,Transmission,Non-HFTD,Urban,WUI,Circuit miles,v4_native,99.738855412046,,,SDG&E,2025,3,v4.01,4,3,SDGE_2025_Q3_R4.xlsx,Table 7,20,M20,https://efiling.energysafety.ca.gov/eFiling/Getfile.aspx?fileid=58132&shareable=true
T7R-4f10d7ddcfa5a602,1070000019,1.t.0.a.ii,v4_native,1. Overhead circuit miles,Transmission,Non-HFTD,Urban,Non-WUI,Circuit miles,v4_native,452.951185092632,,,SDG&E,2025,3,v4.01,4,3,SDGE_2025_Q3_R4.xlsx,Table 7,21,M21,https://efiling.energysafety.ca.gov/eFiling/Getfile.aspx?fileid=58132&shareable=true
T7R-a38695c0b5b85b45,1070000020,1.t.0.b.i,v4_native,1. Overhead circuit miles,Transmission,Non-HFTD,Rural,WUI,Circuit miles,v4_native,25.163368648243,,,SDG&E,2025,3,v4.01,4,3,SDGE_2025_Q3_R4.xlsx,Table 7,22,M22,https://efiling.energysafety.ca.gov/eFiling/Getfile.aspx?fileid=58132&shareable=true
T7R-5b33b6fa22ebc70a,1070000021,1.t.0.b.ii,v4_native,1. Overhead circuit miles,Transmission,Non-HFTD,Rural,Non-WUI,Circuit miles,v4_native,123.884521841104,,,SDG&E,2025,3,v4.01,4,3,SDGE_2025_Q3_R4.xlsx,Table 7,23,M23,https://efiling.energysafety.ca.gov/eFiling/Getfile.aspx?fileid=58132&shareable=true
T7R-953ec417002df84d,1070000022,1.t.0.c.i,v4_native,1. Overhead circuit miles,Transmission,Non-HFTD,Highly rural,WUI,Circuit miles,v4_native,0,,,SDG&E,2025,3,v4.01,4,3,SDGE_2025_Q3_R4.xlsx,Table 7,24,M24,https://efiling.energysafety.ca.gov/eFiling/Getfile.aspx?fileid=58132&shareable=true
T7R-b89a29c7504d100a,1070000023,1.t.0.c.ii,v4_native,1. Overhead circuit miles,Transmission,Non-HFTD,Highly rural,Non-WUI,Circuit miles,v4_native,22.857477957344,,,SDG&E,2025,3,v4.01,4,3,SDGE_2025_Q3_R4.xlsx,Table 7,25,M25,https://efiling.energysafety.ca.gov/eFiling/Getfile.aspx?fileid=58132&shareable=true
T7R-f721c0e9fbc61090,1070000024,1.t.2.a.i,v4_native,1. Overhead circuit miles,Transmission,HFTD Tier 2,Urban,WUI,Circuit miles,v4_native,27.1016163899139,,,SDG&E,2025,3,v4.01,4,3,SDGE_2025_Q3_R4.xlsx,Table 7,26,M26,https://efiling.energysafety.ca.gov/eFiling/Getfile.aspx?fileid=58132&shareable=true
T7R-7f3dac8ee89709c0,1070000025,1.t.2.a.ii,v4_native,1. Overhead circuit miles,Transmission,HFTD Tier 2,Urban,Non-WUI,Circuit miles,v4_native,110.34544944592,,,SDG&E,2025,3,v4.01,4,3,SDGE_2025_Q3_R4.xlsx,Table 7,27,M27,https://efiling.energysafety.ca.gov/eFiling/Getfile.aspx?fileid=58132&shareable=true
T7R-d3ff395ccbfabef0,1070000026,1.t.2.b.i,v4_native,1. Overhead circuit miles,Transmission,HFTD Tier 2,Rural,WUI,Circuit miles,v4_native,67.1164791583986,,,SDG&E,2025,3,v4.01,4,3,SDGE_2025_Q3_R4.xlsx,Table 7,28,M28,https://efiling.energysafety.ca.gov/eFiling/Getfile.aspx?fileid=58132&shareable=true
T7R-9551da8b713e96db,1070000027,1.t.2.b.ii,v4_native,1. Overhead circuit miles,Transmission,HFTD Tier 2,Rural,Non-WUI,Circuit miles,v4_native,514.010749328497,,,SDG&E,2025,3,v4.01,4,3,SDGE_2025_Q3_R4.xlsx,Table 7,29,M29,https://efiling.energysafety.ca.gov/eFiling/Getfile.aspx?fileid=58132&shareable=true
T7R-5d36d81854614c98,1070000028,1.t.2.c.i,v4_native,1. Overhead circuit miles,Transmission,HFTD Tier 2,Highly rural,WUI,Circuit miles,v4_native,0,,,SDG&E,2025,3,v4.01,4,3,SDGE_2025_Q3_R4.xlsx,Table 7,30,M30,https://efiling.energysafety.ca.gov/eFiling/Getfile.aspx?fileid=58132&shareable=true
T7R-fe1772b2dff17d31,1070000029,1.t.2.c.ii,v4_native,1. Overhead circuit miles,Transmission,HFTD Tier 2,Highly rural,Non-WUI,Circuit miles,v4_native,23.4247501025327,,,SDG&E,2025,3,v4.01,4,3,SDGE_2025_Q3_R4.xlsx,Table 7,31,M31,https://efiling.energysafety.ca.gov/eFiling/Getfile.aspx?fileid=58132&shareable=true
T7R-4e03fec449e9372c,1070000030,1.t.3.a.i,v4_native,1. Overhead circuit miles,Transmission,HFTD Tier 3,Urban,WUI,Circuit miles,v4_native,0.665387342556402,,,SDG&E,2025,3,v4.01,4,3,SDGE_2025_Q3_R4.xlsx,Table 7,32,M32,https://efiling.energysafety.ca.gov/eFiling/Getfile.aspx?fileid=58132&shareable=true
T7R-daedeae3ef89e6cc,1070000031,1.t.3.a.ii,v4_native,1. Overhead circuit miles,Transmission,HFTD Tier 3,Urban,Non-WUI,Circuit miles,v4_native,0.569463565528207,,,SDG&E,2025,3,v4.01,4,3,SDGE_2025_Q3_R4.xlsx,Table 7,33,M33,https://efiling.energysafety.ca.gov/eFiling/Getfile.aspx?fileid=58132&shareable=true
T7R-b756b7fb9630df9a,1070000032,1.t.3.b.i,v4_native,1. Overhead circuit miles,Transmission,HFTD Tier 3,Rural,WUI,Circuit miles,v4_native,16.0867296582509,,,SDG&E,2025,3,v4.01,4,3,SDGE_2025_Q3_R4.xlsx,Table 7,34,M34,https://efiling.energysafety.ca.gov/eFiling/Getfile.aspx?fileid=58132&shareable=true
T7R-04257ba10efea795,1070000033,1.t.3.b.ii,v4_native,1. Overhead circuit miles,Transmission,HFTD Tier 3,Rural,Non-WUI,Circuit miles,v4_native,246.692887918306,,,SDG&E,2025,3,v4.01,4,3,SDGE_2025_Q3_R4.xlsx,Table 7,35,M35,https://efiling.energysafety.ca.gov/eFiling/Getfile.aspx?fileid=58132&shareable=true
T7R-c0819cc9ef596446,1070000034,1.t.3.c.i,v4_native,1. Overhead circuit miles,Transmission,HFTD Tier 3,Highly rural,WUI,Circuit miles,v4_native,0.201642233328601,,,SDG&E,2025,3,v4.01,4,3,SDGE_2025_Q3_R4.xlsx,Table 7,36,M36,https://efiling.energysafety.ca.gov/eFiling/Getfile.aspx?fileid=58132&shareable=true
T7R-d6cda510464339b8,1070000035,1.t.3.c.ii,v4_native,1. Overhead circuit miles,Transmission,HFTD Tier 3,Highly rural,Non-WUI,Circuit miles,v4_native,11.8541634083516,,,SDG&E,2025,3,v4.01,4,3,SDGE_2025_Q3_R4.xlsx,Table 7,37,M37,https://efiling.energysafety.ca.gov/eFiling/Getfile.aspx?fileid=58132&shareable=true
T7R-ea8ef0c4a727381d,1070000036,2.d.0.a.i,v4_native,2. Underground circuit miles,Distribution,Non-HFTD,Urban,WUI,Circuit miles,v4_native,1735.32282460109,,,SDG&E,2025,3,v4.01,4,3,SDGE_2025_Q3_R4.xlsx,Table 7,38,M38,https://efiling.energysafety.ca.gov/eFiling/Getfile.aspx?fileid=58132&shareable=true
T7R-73caddb3092fe44b,1070000037,2.d.0.a.ii,v4_native,2. Underground circuit miles,Distribution,Non-HFTD,Urban,Non-WUI,Circuit miles,v4_native,5224.31561760725,,,SDG&E,2025,3,v4.01,4,3,SDGE_2025_Q3_R4.xlsx,Table 7,39,M39,https://efiling.energysafety.ca.gov/eFiling/Getfile.aspx?fileid=58132&shareable=true
T7R-7f3cbec6244a3a76,1070000038,2.d.0.b.i,v4_native,2. Underground circuit miles,Distribution,Non-HFTD,Rural,WUI,Circuit miles,v4_native,372.342436898796,,,SDG&E,2025,3,v4.01,4,3,SDGE_2025_Q3_R4.xlsx,Table 7,40,M40,https://efiling.energysafety.ca.gov/eFiling/Getfile.aspx?fileid=58132&shareable=true
T7R-24cd56c12d526acd,1070000039,2.d.0.b.ii,v4_native,2. Underground circuit miles,Distribution,Non-HFTD,Rural,Non-WUI,Circuit miles,v4_native,763.659176708446,,,SDG&E,2025,3,v4.01,4,3,SDGE_2025_Q3_R4.xlsx,Table 7,41,M41,https://efiling.energysafety.ca.gov/eFiling/Getfile.aspx?fileid=58132&shareable=true
T7R-0f34f9dfd7219af7,1070000040,2.d.0.c.i,v4_native,2. Underground circuit miles,Distribution,Non-HFTD,Highly rural,WUI,Circuit miles,v4_native,11.8625315273016,,,SDG&E,2025,3,v4.01,4,3,SDGE_2025_Q3_R4.xlsx,Table 7,42,M42,https://efiling.energysafety.ca.gov/eFiling/Getfile.aspx?fileid=58132&shareable=true
T7R-235f696563f60ce4,1070000041,2.d.0.c.ii,v4_native,2. Underground circuit miles,Distribution,Non-HFTD,Highly rural,Non-WUI,Circuit miles,v4_native,39.7466714016938,,,SDG&E,2025,3,v4.01,4,3,SDGE_2025_Q3_R4.xlsx,Table 7,43,M43,https://efiling.energysafety.ca.gov/eFiling/Getfile.aspx?fileid=58132&shareable=true
T7R-3f68004b29ac205e,1070000042,2.d.2.a.i,v4_native,2. Underground circuit miles,Distribution,HFTD Tier 2,Urban,WUI,Circuit miles,v4_native,845.494559365438,,,SDG&E,2025,3,v4.01,4,3,SDGE_2025_Q3_R4.xlsx,Table 7,44,M44,https://efiling.energysafety.ca.gov/eFiling/Getfile.aspx?fileid=58132&shareable=true
T7R-5dfb7ae4006c91f4,1070000043,2.d.2.a.ii,v4_native,2. Underground circuit miles,Distribution,HFTD Tier 2,Urban,Non-WUI,Circuit miles,v4_native,283.764328106682,,,SDG&E,2025,3,v4.01,4,3,SDGE_2025_Q3_R4.xlsx,Table 7,45,M45,https://efiling.energysafety.ca.gov/eFiling/Getfile.aspx?fileid=58132&shareable=true
T7R-f4de4b7ed90518f7,1070000044,2.d.2.b.i,v4_native,2. Underground circuit miles,Distribution,HFTD Tier 2,Rural,WUI,Circuit miles,v4_native,731.348469329408,,,SDG&E,2025,3,v4.01,4,3,SDGE_2025_Q3_R4.xlsx,Table 7,46,M46,https://efiling.energysafety.ca.gov/eFiling/Getfile.aspx?fileid=58132&shareable=true
T7R-3202f7cca159d41d,1070000045,2.d.2.b.ii,v4_native,2. Underground circuit miles,Distribution,HFTD Tier 2,Rural,Non-WUI,Circuit miles,v4_native,409.079991922955,,,SDG&E,2025,3,v4.01,4,3,SDGE_2025_Q3_R4.xlsx,Table 7,47,M47,https://efiling.energysafety.ca.gov/eFiling/Getfile.aspx?fileid=58132&shareable=true
T7R-2c92d54b166f0976,1070000046,2.d.2.c.i,v4_native,2. Underground circuit miles,Distribution,HFTD Tier 2,Highly rural,WUI,Circuit miles,v4_native,4.12492568517391,,,SDG&E,2025,3,v4.01,4,3,SDGE_2025_Q3_R4.xlsx,Table 7,48,M48,https://efiling.energysafety.ca.gov/eFiling/Getfile.aspx?fileid=58132&shareable=true
T7R-8af1a88e623f9842,1070000047,2.d.2.c.ii,v4_native,2. Underground circuit miles,Distribution,HFTD Tier 2,Highly rural,Non-WUI,Circuit miles,v4_native,9.56594030724463,,,SDG&E,2025,3,v4.01,4,3,SDGE_2025_Q3_R4.xlsx,Table 7,49,M49,https://efiling.energysafety.ca.gov/eFiling/Getfile.aspx?fileid=58132&shareable=true
T7R-1c680ccf5377959a,1070000048,2.d.3.a.i,v4_native,2. Underground circuit miles,Distribution,HFTD Tier 3,Urban,WUI,Circuit miles,v4_native,5.58807946292957,,,SDG&E,2025,3,v4.01,4,3,SDGE_2025_Q3_R4.xlsx,Table 7,50,M50,https://efiling.energysafety.ca.gov/eFiling/Getfile.aspx?fileid=58132&shareable=true
T7R-b355f7c78bd623b4,1070000049,2.d.3.a.ii,v4_native,2. Underground circuit miles,Distribution,HFTD Tier 3,Urban,Non-WUI,Circuit miles,v4_native,1.68347936866499,,,SDG&E,2025,3,v4.01,4,3,SDGE_2025_Q3_R4.xlsx,Table 7,51,M51,https://efiling.energysafety.ca.gov/eFiling/Getfile.aspx?fileid=58132&shareable=true
T7R-1ffa9c04fb2d8e90,1070000050,2.d.3.b.i,v4_native,2. Underground circuit miles,Distribution,HFTD Tier 3,Rural,WUI,Circuit miles,v4_native,315.732561677512,,,SDG&E,2025,3,v4.01,4,3,SDGE_2025_Q3_R4.xlsx,Table 7,52,M52,https://efiling.energysafety.ca.gov/eFiling/Getfile.aspx?fileid=58132&shareable=true
T7R-9ce7fdcc420f2e29,1070000051,2.d.3.b.ii,v4_native,2. Underground circuit miles,Distribution,HFTD Tier 3,Rural,Non-WUI,Circuit miles,v4_native,253.107582511002,,,SDG&E,2025,3,v4.01,4,3,SDGE_2025_Q3_R4.xlsx,Table 7,53,M53,https://efiling.energysafety.ca.gov/eFiling/Getfile.aspx?fileid=58132&shareable=true
T7R-3f9de7ce31de1873,1070000052,2.d.3.c.i,v4_native,2. Underground circuit miles,Distribution,HFTD Tier 3,Highly rural,WUI,Circuit miles,v4_native,4.87517207613712,,,SDG&E,2025,3,v4.01,4,3,SDGE_2025_Q3_R4.xlsx,Table 7,54,M54,https://efiling.energysafety.ca.gov/eFiling/Getfile.aspx?fileid=58132&shareable=true
T7R-541498ca407b6841,1070000053,2.d.3.c.ii,v4_native,2. Underground circuit miles,Distribution,HFTD Tier 3,Highly rural,Non-WUI,Circuit miles,v4_native,29.7046518178645,,,SDG&E,2025,3,v4.01,4,3,SDGE_2025_Q3_R4.xlsx,Table 7,55,M55,https://efiling.energysafety.ca.gov/eFiling/Getfile.aspx?fileid=58132&shareable=true
T7R-40f0b05cac6cae10,1070000054,2.t.0.a.i,v4_native,2. Underground circuit miles,Transmission,Non-HFTD,Urban,WUI,Circuit miles,v4_native,14.3221620753906,,,SDG&E,2025,3,v4.01,4,3,SDGE_2025_Q3_R4.xlsx,Table 7,56,M56,https://efiling.energysafety.ca.gov/eFiling/Getfile.aspx?fileid=58132&shareable=true
T7R-ccdb4f07e6df06b6,1070000055,2.t.0.a.ii,v4_native,2. Underground circuit miles,Transmission,Non-HFTD,Urban,Non-WUI,Circuit miles,v4_native,86.8950282445897,,,SDG&E,2025,3,v4.01,4,3,SDGE_2025_Q3_R4.xlsx,Table 7,57,M57,https://efiling.energysafety.ca.gov/eFiling/Getfile.aspx?fileid=58132&shareable=true
T7R-0382dd4bdfe1cd54,1070000056,2.t.0.b.i,v4_native,2. Underground circuit miles,Transmission,Non-HFTD,Rural,WUI,Circuit miles,v4_native,5.38686532020781,,,SDG&E,2025,3,v4.01,4,3,SDGE_2025_Q3_R4.xlsx,Table 7,58,M58,https://efiling.energysafety.ca.gov/eFiling/Getfile.aspx?fileid=58132&shareable=true
T7R-b6e65d97f2f3b757,1070000057,2.t.0.b.ii,v4_native,2. Underground circuit miles,Transmission,Non-HFTD,Rural,Non-WUI,Circuit miles,v4_native,22.7880876105196,,,SDG&E,2025,3,v4.01,4,3,SDGE_2025_Q3_R4.xlsx,Table 7,59,M59,https://efiling.energysafety.ca.gov/eFiling/Getfile.aspx?fileid=58132&shareable=true
T7R-742f501af51b648b,1070000058,2.t.0.c.i,v4_native,2. Underground circuit miles,Transmission,Non-HFTD,Highly rural,WUI,Circuit miles,v4_native,0,,,SDG&E,2025,3,v4.01,4,3,SDGE_2025_Q3_R4.xlsx,Table 7,60,M60,https://efiling.energysafety.ca.gov/eFiling/Getfile.aspx?fileid=58132&shareable=true
T7R-151a05f52e28a61f,1070000059,2.t.0.c.ii,v4_native,2. Underground circuit miles,Transmission,Non-HFTD,Highly rural,Non-WUI,Circuit miles,v4_native,0.0922415316328129,,,SDG&E,2025,3,v4.01,4,3,SDGE_2025_Q3_R4.xlsx,Table 7,61,M61,https://efiling.energysafety.ca.gov/eFiling/Getfile.aspx?fileid=58132&shareable=true
T7R-4de54a7bf154e0d6,1070000060,2.t.2.a.i,v4_native,2. Underground circuit miles,Transmission,HFTD Tier 2,Urban,WUI,Circuit miles,v4_native,10.6668071144145,,,SDG&E,2025,3,v4.01,4,3,SDGE_2025_Q3_R4.xlsx,Table 7,62,M62,https://efiling.energysafety.ca.gov/eFiling/Getfile.aspx?fileid=58132&shareable=true
T7R-778703f6fa5d250e,1070000061,2.t.2.a.ii,v4_native,2. Underground circuit miles,Transmission,HFTD Tier 2,Urban,Non-WUI,Circuit miles,v4_native,4.96044448898647,,,SDG&E,2025,3,v4.01,4,3,SDGE_2025_Q3_R4.xlsx,Table 7,63,M63,https://efiling.energysafety.ca.gov/eFiling/Getfile.aspx?fileid=58132&shareable=true
T7R-cf5873eb1f203849,1070000062,2.t.2.b.i,v4_native,2. Underground circuit miles,Transmission,HFTD Tier 2,Rural,WUI,Circuit miles,v4_native,8.63999896381648,,,SDG&E,2025,3,v4.01,4,3,SDGE_2025_Q3_R4.xlsx,Table 7,64,M64,https://efiling.energysafety.ca.gov/eFiling/Getfile.aspx?fileid=58132&shareable=true
T7R-54308ac36af3eba6,1070000063,2.t.2.b.ii,v4_native,2. Underground circuit miles,Transmission,HFTD Tier 2,Rural,Non-WUI,Circuit miles,v4_native,16.9733335084851,,,SDG&E,2025,3,v4.01,4,3,SDGE_2025_Q3_R4.xlsx,Table 7,65,M65,https://efiling.energysafety.ca.gov/eFiling/Getfile.aspx?fileid=58132&shareable=true
T7R-25d3924e57b8b496,1070000064,2.t.2.c.i,v4_native,2. Underground circuit miles,Transmission,HFTD Tier 2,Highly rural,WUI,Circuit miles,v4_native,0,,,SDG&E,2025,3,v4.01,4,3,SDGE_2025_Q3_R4.xlsx,Table 7,66,M66,https://efiling.energysafety.ca.gov/eFiling/Getfile.aspx?fileid=58132&shareable=true
T7R-8cfa364e5fe5e71f,1070000065,2.t.2.c.ii,v4_native,2. Underground circuit miles,Transmission,HFTD Tier 2,Highly rural,Non-WUI,Circuit miles,v4_native,0,,,SDG&E,2025,3,v4.01,4,3,SDGE_2025_Q3_R4.xlsx,Table 7,67,M67,https://efiling.energysafety.ca.gov/eFiling/Getfile.aspx?fileid=58132&shareable=true
T7R-15661cde661d1f92,1070000066,2.t.3.a.i,v4_native,2. Underground circuit miles,Transmission,HFTD Tier 3,Urban,WUI,Circuit miles,v4_native,1.7610273046824,,,SDG&E,2025,3,v4.01,4,3,SDGE_2025_Q3_R4.xlsx,Table 7,68,M68,https://efiling.energysafety.ca.gov/eFiling/Getfile.aspx?fileid=58132&shareable=true
T7R-0b110cd53a2c141b,1070000067,2.t.3.a.ii,v4_native,2. Underground circuit miles,Transmission,HFTD Tier 3,Urban,Non-WUI,Circuit miles,v4_native,0.650118426872256,,,SDG&E,2025,3,v4.01,4,3,SDGE_2025_Q3_R4.xlsx,Table 7,69,M69,https://efiling.energysafety.ca.gov/eFiling/Getfile.aspx?fileid=58132&shareable=true
T7R-7ad6c47b36e7816c,1070000068,2.t.3.b.i,v4_native,2. Underground circuit miles,Transmission,HFTD Tier 3,Rural,WUI,Circuit miles,v4_native,3.50730562141012,,,SDG&E,2025,3,v4.01,4,3,SDGE_2025_Q3_R4.xlsx,Table 7,70,M70,https://efiling.energysafety.ca.gov/eFiling/Getfile.aspx?fileid=58132&shareable=true
T7R-06bb679a39c17eb0,1070000069,2.t.3.b.ii,v4_native,2. Underground circuit miles,Transmission,HFTD Tier 3,Rural,Non-WUI,Circuit miles,v4_native,3.46845012862462,,,SDG&E,2025,3,v4.01,4,3,SDGE_2025_Q3_R4.xlsx,Table 7,71,M71,https://efiling.energysafety.ca.gov/eFiling/Getfile.aspx?fileid=58132&shareable=true
T7R-00838395e3f838ec,1070000070,2.t.3.c.i,v4_native,2. Underground circuit miles,Transmission,HFTD Tier 3,Highly rural,WUI,Circuit miles,v4_native,0,,,SDG&E,2025,3,v4.01,4,3,SDGE_2025_Q3_R4.xlsx,Table 7,72,M72,https://efiling.energysafety.ca.gov/eFiling/Getfile.aspx?fileid=58132&shareable=true
T7R-a16c8080ff4eb0da,1070000071,2.t.3.c.ii,v4_native,2. Underground circuit miles,Transmission,HFTD Tier 3,Highly rural,Non-WUI,Circuit miles,v4_native,0,,,SDG&E,2025,3,v4.01,4,3,SDGE_2025_Q3_R4.xlsx,Table 7,73,M73,https://efiling.energysafety.ca.gov/eFiling/Getfile.aspx?fileid=58132&shareable=true
T7R-86933f2179ea2f10,1070000072,3.0.a.i,v4_native,3. Critical facilities,,Non-HFTD,Urban,WUI,Number of critical facilities,v4_native,3249,,,SDG&E,2025,3,v4.01,4,3,SDGE_2025_Q3_R4.xlsx,Table 7,74,M74,https://efiling.energysafety.ca.gov/eFiling/Getfile.aspx?fileid=58132&shareable=true
T7R-ec90fdb1f4702c1d,1070000073,3.0.a.ii,v4_native,3. Critical facilities,,Non-HFTD,Urban,Non-WUI,Number of critical facilities,v4_native,15666,,,SDG&E,2025,3,v4.01,4,3,SDGE_2025_Q3_R4.xlsx,Table 7,75,M75,https://efiling.energysafety.ca.gov/eFiling/Getfile.aspx?fileid=58132&shareable=true
T7R-8b46118240b850af,1070000074,3.0.b.i,v4_native,3. Critical facilities,,Non-HFTD,Rural,WUI,Number of critical facilities,v4_native,497,,,SDG&E,2025,3,v4.01,4,3,SDGE_2025_Q3_R4.xlsx,Table 7,76,M76,https://efiling.energysafety.ca.gov/eFiling/Getfile.aspx?fileid=58132&shareable=true
T7R-5d17cadec0771bf0,1070000075,3.0.b.ii,v4_native,3. Critical facilities,,Non-HFTD,Rural,Non-WUI,Number of critical facilities,v4_native,2074,,,SDG&E,2025,3,v4.01,4,3,SDGE_2025_Q3_R4.xlsx,Table 7,77,M77,https://efiling.energysafety.ca.gov/eFiling/Getfile.aspx?fileid=58132&shareable=true
T7R-ddaffa7cc3c73151,1070000076,3.0.c.i,v4_native,3. Critical facilities,,Non-HFTD,Highly rural,WUI,Number of critical facilities,v4_native,3,,,SDG&E,2025,3,v4.01,4,3,SDGE_2025_Q3_R4.xlsx,Table 7,78,M78,https://efiling.energysafety.ca.gov/eFiling/Getfile.aspx?fileid=58132&shareable=true
T7R-c7c7ddab2f48def5,1070000077,3.0.c.ii,v4_native,3. Critical facilities,,Non-HFTD,Highly rural,Non-WUI,Number of critical facilities,v4_native,66,,,SDG&E,2025,3,v4.01,4,3,SDGE_2025_Q3_R4.xlsx,Table 7,79,M79,https://efiling.energysafety.ca.gov/eFiling/Getfile.aspx?fileid=58132&shareable=true
T7R-e543bd3a7498902e,1070000078,3.2.a.i,v4_native,3. Critical facilities,,HFTD Tier 2,Urban,WUI,Number of critical facilities,v4_native,986,,,SDG&E,2025,3,v4.01,4,3,SDGE_2025_Q3_R4.xlsx,Table 7,80,M80,https://efiling.energysafety.ca.gov/eFiling/Getfile.aspx?fileid=58132&shareable=true
T7R-711150f81dbd2090,1070000079,3.2.a.ii,v4_native,3. Critical facilities,,HFTD Tier 2,Urban,Non-WUI,Number of critical facilities,v4_native,397,,,SDG&E,2025,3,v4.01,4,3,SDGE_2025_Q3_R4.xlsx,Table 7,81,M81,https://efiling.energysafety.ca.gov/eFiling/Getfile.aspx?fileid=58132&shareable=true
T7R-5209d516cb061e70,1070000080,3.2.b.i,v4_native,3. Critical facilities,,HFTD Tier 2,Rural,WUI,Number of critical facilities,v4_native,916,,,SDG&E,2025,3,v4.01,4,3,SDGE_2025_Q3_R4.xlsx,Table 7,82,M82,https://efiling.energysafety.ca.gov/eFiling/Getfile.aspx?fileid=58132&shareable=true
T7R-e731b7720864c19b,1070000081,3.2.b.ii,v4_native,3. Critical facilities,,HFTD Tier 2,Rural,Non-WUI,Number of critical facilities,v4_native,915,,,SDG&E,2025,3,v4.01,4,3,SDGE_2025_Q3_R4.xlsx,Table 7,83,M83,https://efiling.energysafety.ca.gov/eFiling/Getfile.aspx?fileid=58132&shareable=true
T7R-a29d7c9a2ac29e77,1070000082,3.2.c.i,v4_native,3. Critical facilities,,HFTD Tier 2,Highly rural,WUI,Number of critical facilities,v4_native,12,,,SDG&E,2025,3,v4.01,4,3,SDGE_2025_Q3_R4.xlsx,Table 7,84,M84,https://efiling.energysafety.ca.gov/eFiling/Getfile.aspx?fileid=58132&shareable=true
T7R-1a1389853cebbe45,1070000083,3.2.c.ii,v4_native,3. Critical facilities,,HFTD Tier 2,Highly rural,Non-WUI,Number of critical facilities,v4_native,88,,,SDG&E,2025,3,v4.01,4,3,SDGE_2025_Q3_R4.xlsx,Table 7,85,M85,https://efiling.energysafety.ca.gov/eFiling/Getfile.aspx?fileid=58132&shareable=true
T7R-7f540c4664a1ce29,1070000084,3.3.a.i,v4_native,3. Critical facilities,,HFTD Tier 3,Urban,WUI,Number of critical facilities,v4_native,2,,,SDG&E,2025,3,v4.01,4,3,SDGE_2025_Q3_R4.xlsx,Table 7,86,M86,https://efiling.energysafety.ca.gov/eFiling/Getfile.aspx?fileid=58132&shareable=true
T7R-33a0460feea1bf16,1070000085,3.3.a.ii,v4_native,3. Critical facilities,,HFTD Tier 3,Urban,Non-WUI,Number of critical facilities,v4_native,0,,,SDG&E,2025,3,v4.01,4,3,SDGE_2025_Q3_R4.xlsx,Table 7,87,M87,https://efiling.energysafety.ca.gov/eFiling/Getfile.aspx?fileid=58132&shareable=true
T7R-8d068610fb07fe21,1070000086,3.3.b.i,v4_native,3. Critical facilities,,HFTD Tier 3,Rural,WUI,Number of critical facilities,v4_native,504,,,SDG&E,2025,3,v4.01,4,3,SDGE_2025_Q3_R4.xlsx,Table 7,88,M88,https://efiling.energysafety.ca.gov/eFiling/Getfile.aspx?fileid=58132&shareable=true
T7R-d83062e8ae86b705,1070000087,3.3.b.ii,v4_native,3. Critical facilities,,HFTD Tier 3,Rural,Non-WUI,Number of critical facilities,v4_native,862,,,SDG&E,2025,3,v4.01,4,3,SDGE_2025_Q3_R4.xlsx,Table 7,89,M89,https://efiling.energysafety.ca.gov/eFiling/Getfile.aspx?fileid=58132&shareable=true
T7R-589feabf636e159d,1070000088,3.3.c.i,v4_native,3. Critical facilities,,HFTD Tier 3,Highly rural,WUI,Number of critical facilities,v4_native,13,,,SDG&E,2025,3,v4.01,4,3,SDGE_2025_Q3_R4.xlsx,Table 7,90,M90,https://efiling.energysafety.ca.gov/eFiling/Getfile.aspx?fileid=58132&shareable=true
T7R-f12f4dbb94b19290,1070000089,3.3.c.ii,v4_native,3. Critical facilities,,HFTD Tier 3,Highly rural,Non-WUI,Number of critical facilities,v4_native,69,,,SDG&E,2025,3,v4.01,4,3,SDGE_2025_Q3_R4.xlsx,Table 7,91,M91,https://efiling.energysafety.ca.gov/eFiling/Getfile.aspx?fileid=58132&shareable=true
T7R-f864de09a5b12b95,1070000090,4.0.a.i,v4_native,4. Residential customers,,Non-HFTD,Urban,WUI,Number of residential customers,v4_native,217821,,,SDG&E,2025,3,v4.01,4,3,SDGE_2025_Q3_R4.xlsx,Table 7,92,M92,https://efiling.energysafety.ca.gov/eFiling/Getfile.aspx?fileid=58132&shareable=true
T7R-db7efd44fa5c21a6,1070000091,4.0.a.ii,v4_native,4. Residential customers,,Non-HFTD,Urban,Non-WUI,Number of residential customers,v4_native,913531,,,SDG&E,2025,3,v4.01,4,3,SDGE_2025_Q3_R4.xlsx,Table 7,93,M93,https://efiling.energysafety.ca.gov/eFiling/Getfile.aspx?fileid=58132&shareable=true
T7R-c87066bebc0c0ef5,1070000092,4.0.b.i,v4_native,4. Residential customers,,Non-HFTD,Rural,WUI,Number of residential customers,v4_native,23142,,,SDG&E,2025,3,v4.01,4,3,SDGE_2025_Q3_R4.xlsx,Table 7,94,M94,https://efiling.energysafety.ca.gov/eFiling/Getfile.aspx?fileid=58132&shareable=true
T7R-5f4d714df5efcd75,1070000093,4.0.b.ii,v4_native,4. Residential customers,,Non-HFTD,Rural,Non-WUI,Number of residential customers,v4_native,20403,,,SDG&E,2025,3,v4.01,4,3,SDGE_2025_Q3_R4.xlsx,Table 7,95,M95,https://efiling.energysafety.ca.gov/eFiling/Getfile.aspx?fileid=58132&shareable=true
T7R-74f65fa03847211b,1070000094,4.0.c.i,v4_native,4. Residential customers,,Non-HFTD,Highly rural,WUI,Number of residential customers,v4_native,1003,,,SDG&E,2025,3,v4.01,4,3,SDGE_2025_Q3_R4.xlsx,Table 7,96,M96,https://efiling.energysafety.ca.gov/eFiling/Getfile.aspx?fileid=58132&shareable=true
T7R-876d3ad6ba20dae7,1070000095,4.0.c.ii,v4_native,4. Residential customers,,Non-HFTD,Highly rural,Non-WUI,Number of residential customers,v4_native,1663,,,SDG&E,2025,3,v4.01,4,3,SDGE_2025_Q3_R4.xlsx,Table 7,97,M97,https://efiling.energysafety.ca.gov/eFiling/Getfile.aspx?fileid=58132&shareable=true
T7R-8c6fe1fbbb12ca5e,1070000096,4.2.a.i,v4_native,4. Residential customers,,HFTD Tier 2,Urban,WUI,Number of residential customers,v4_native,80023,,,SDG&E,2025,3,v4.01,4,3,SDGE_2025_Q3_R4.xlsx,Table 7,98,M98,https://efiling.energysafety.ca.gov/eFiling/Getfile.aspx?fileid=58132&shareable=true
T7R-2eb6c2bcad51947a,1070000097,4.2.a.ii,v4_native,4. Residential customers,,HFTD Tier 2,Urban,Non-WUI,Number of residential customers,v4_native,23574,,,SDG&E,2025,3,v4.01,4,3,SDGE_2025_Q3_R4.xlsx,Table 7,99,M99,https://efiling.energysafety.ca.gov/eFiling/Getfile.aspx?fileid=58132&shareable=true
T7R-b9ad599c6365cafc,1070000098,4.2.b.i,v4_native,4. Residential customers,,HFTD Tier 2,Rural,WUI,Number of residential customers,v4_native,46173,,,SDG&E,2025,3,v4.01,4,3,SDGE_2025_Q3_R4.xlsx,Table 7,100,M100,https://efiling.energysafety.ca.gov/eFiling/Getfile.aspx?fileid=58132&shareable=true
T7R-98754b03317662c1,1070000099,4.2.b.ii,v4_native,4. Residential customers,,HFTD Tier 2,Rural,Non-WUI,Number of residential customers,v4_native,16740,,,SDG&E,2025,3,v4.01,4,3,SDGE_2025_Q3_R4.xlsx,Table 7,101,M101,https://efiling.energysafety.ca.gov/eFiling/Getfile.aspx?fileid=58132&shareable=true
T7R-ec923cff371a9679,1070000100,4.2.c.i,v4_native,4. Residential customers,,HFTD Tier 2,Highly rural,WUI,Number of residential customers,v4_native,256,,,SDG&E,2025,3,v4.01,4,3,SDGE_2025_Q3_R4.xlsx,Table 7,102,M102,https://efiling.energysafety.ca.gov/eFiling/Getfile.aspx?fileid=58132&shareable=true
T7R-2cc50574fb7dd2da,1070000101,4.2.c.ii,v4_native,4. Residential customers,,HFTD Tier 2,Highly rural,Non-WUI,Number of residential customers,v4_native,493,,,SDG&E,2025,3,v4.01,4,3,SDGE_2025_Q3_R4.xlsx,Table 7,103,M103,https://efiling.energysafety.ca.gov/eFiling/Getfile.aspx?fileid=58132&shareable=true
T7R-06e6e91ac355eebe,1070000102,4.3.a.i,v4_native,4. Residential customers,,HFTD Tier 3,Urban,WUI,Number of residential customers,v4_native,102,,,SDG&E,2025,3,v4.01,4,3,SDGE_2025_Q3_R4.xlsx,Table 7,104,M104,https://efiling.energysafety.ca.gov/eFiling/Getfile.aspx?fileid=58132&shareable=true
T7R-6534eb23a3883e89,1070000103,4.3.a.ii,v4_native,4. Residential customers,,HFTD Tier 3,Urban,Non-WUI,Number of residential customers,v4_native,3,,,SDG&E,2025,3,v4.01,4,3,SDGE_2025_Q3_R4.xlsx,Table 7,105,M105,https://efiling.energysafety.ca.gov/eFiling/Getfile.aspx?fileid=58132&shareable=true
T7R-a038327c6c4b858b,1070000104,4.3.b.i,v4_native,4. Residential customers,,HFTD Tier 3,Rural,WUI,Number of residential customers,v4_native,18917,,,SDG&E,2025,3,v4.01,4,3,SDGE_2025_Q3_R4.xlsx,Table 7,106,M106,https://efiling.energysafety.ca.gov/eFiling/Getfile.aspx?fileid=58132&shareable=true
T7R-7b6b4d94d4d84fbd,1070000105,4.3.b.ii,v4_native,4. Residential customers,,HFTD Tier 3,Rural,Non-WUI,Number of residential customers,v4_native,8463,,,SDG&E,2025,3,v4.01,4,3,SDGE_2025_Q3_R4.xlsx,Table 7,107,M107,https://efiling.energysafety.ca.gov/eFiling/Getfile.aspx?fileid=58132&shareable=true
T7R-ee65d62f8b171a49,1070000106,4.3.c.i,v4_native,4. Residential customers,,HFTD Tier 3,Highly rural,WUI,Number of residential customers,v4_native,156,,,SDG&E,2025,3,v4.01,4,3,SDGE_2025_Q3_R4.xlsx,Table 7,108,M108,https://efiling.energysafety.ca.gov/eFiling/Getfile.aspx?fileid=58132&shareable=true
T7R-dc846776b5650fcc,1070000107,4.3.c.ii,v4_native,4. Residential customers,,HFTD Tier 3,Highly rural,Non-WUI,Number of residential customers,v4_native,547,,,SDG&E,2025,3,v4.01,4,3,SDGE_2025_Q3_R4.xlsx,Table 7,109,M109,https://efiling.energysafety.ca.gov/eFiling/Getfile.aspx?fileid=58132&shareable=true
T7R-afc3176aab89322f,1070000108,5.0.a.i,v4_native,5. Commercial customers,,Non-HFTD,Urban,WUI,Number of commercial customers,v4_native,16143,,,SDG&E,2025,3,v4.01,4,3,SDGE_2025_Q3_R4.xlsx,Table 7,110,M110,https://efiling.energysafety.ca.gov/eFiling/Getfile.aspx?fileid=58132&shareable=true
T7R-8f1515301603e29d,1070000109,5.0.a.ii,v4_native,5. Commercial customers,,Non-HFTD,Urban,Non-WUI,Number of commercial customers,v4_native,95881,,,SDG&E,2025,3,v4.01,4,3,SDGE_2025_Q3_R4.xlsx,Table 7,111,M111,https://efiling.energysafety.ca.gov/eFiling/Getfile.aspx?fileid=58132&shareable=true
T7R-35e8d6c9ae299544,1070000110,5.0.b.i,v4_native,5. Commercial customers,,Non-HFTD,Rural,WUI,Number of commercial customers,v4_native,2686,,,SDG&E,2025,3,v4.01,4,3,SDGE_2025_Q3_R4.xlsx,Table 7,112,M112,https://efiling.energysafety.ca.gov/eFiling/Getfile.aspx?fileid=58132&shareable=true
T7R-80758b2c881dae31,1070000111,5.0.b.ii,v4_native,5. Commercial customers,,Non-HFTD,Rural,Non-WUI,Number of commercial customers,v4_native,20111,,,SDG&E,2025,3,v4.01,4,3,SDGE_2025_Q3_R4.xlsx,Table 7,113,M113,https://efiling.energysafety.ca.gov/eFiling/Getfile.aspx?fileid=58132&shareable=true
T7R-0097450b68f37beb,1070000112,5.0.c.i,v4_native,5. Commercial customers,,Non-HFTD,Highly rural,WUI,Number of commercial customers,v4_native,98,,,SDG&E,2025,3,v4.01,4,3,SDGE_2025_Q3_R4.xlsx,Table 7,114,M114,https://efiling.energysafety.ca.gov/eFiling/Getfile.aspx?fileid=58132&shareable=true
T7R-53df91a5a3cb3a55,1070000113,5.0.c.ii,v4_native,5. Commercial customers,,Non-HFTD,Highly rural,Non-WUI,Number of commercial customers,v4_native,381,,,SDG&E,2025,3,v4.01,4,3,SDGE_2025_Q3_R4.xlsx,Table 7,115,M115,https://efiling.energysafety.ca.gov/eFiling/Getfile.aspx?fileid=58132&shareable=true
T7R-ddd068dd4c417337,1070000114,5.2.a.i,v4_native,5. Commercial customers,,HFTD Tier 2,Urban,WUI,Number of commercial customers,v4_native,4740,,,SDG&E,2025,3,v4.01,4,3,SDGE_2025_Q3_R4.xlsx,Table 7,116,M116,https://efiling.energysafety.ca.gov/eFiling/Getfile.aspx?fileid=58132&shareable=true
T7R-26601bc8ca3050dc,1070000115,5.2.a.ii,v4_native,5. Commercial customers,,HFTD Tier 2,Urban,Non-WUI,Number of commercial customers,v4_native,2647,,,SDG&E,2025,3,v4.01,4,3,SDGE_2025_Q3_R4.xlsx,Table 7,117,M117,https://efiling.energysafety.ca.gov/eFiling/Getfile.aspx?fileid=58132&shareable=true
T7R-ef846e5626351ec6,1070000116,5.2.b.i,v4_native,5. Commercial customers,,HFTD Tier 2,Rural,WUI,Number of commercial customers,v4_native,4254,,,SDG&E,2025,3,v4.01,4,3,SDGE_2025_Q3_R4.xlsx,Table 7,118,M118,https://efiling.energysafety.ca.gov/eFiling/Getfile.aspx?fileid=58132&shareable=true
T7R-45b386d1728cc2aa,1070000117,5.2.b.ii,v4_native,5. Commercial customers,,HFTD Tier 2,Rural,Non-WUI,Number of commercial customers,v4_native,3859,,,SDG&E,2025,3,v4.01,4,3,SDGE_2025_Q3_R4.xlsx,Table 7,119,M119,https://efiling.energysafety.ca.gov/eFiling/Getfile.aspx?fileid=58132&shareable=true
T7R-6df819c621aa6f0a,1070000118,5.2.c.i,v4_native,5. Commercial customers,,HFTD Tier 2,Highly rural,WUI,Number of commercial customers,v4_native,34,,,SDG&E,2025,3,v4.01,4,3,SDGE_2025_Q3_R4.xlsx,Table 7,120,M120,https://efiling.energysafety.ca.gov/eFiling/Getfile.aspx?fileid=58132&shareable=true
T7R-4a8c3812a93dac7a,1070000119,5.2.c.ii,v4_native,5. Commercial customers,,HFTD Tier 2,Highly rural,Non-WUI,Number of commercial customers,v4_native,216,,,SDG&E,2025,3,v4.01,4,3,SDGE_2025_Q3_R4.xlsx,Table 7,121,M121,https://efiling.energysafety.ca.gov/eFiling/Getfile.aspx?fileid=58132&shareable=true
T7R-08ad133d794860e6,1070000120,5.3.a.i,v4_native,5. Commercial customers,,HFTD Tier 3,Urban,WUI,Number of commercial customers,v4_native,14,,,SDG&E,2025,3,v4.01,4,3,SDGE_2025_Q3_R4.xlsx,Table 7,122,M122,https://efiling.energysafety.ca.gov/eFiling/Getfile.aspx?fileid=58132&shareable=true
T7R-91516d80343b3ba4,1070000121,5.3.a.ii,v4_native,5. Commercial customers,,HFTD Tier 3,Urban,Non-WUI,Number of commercial customers,v4_native,0,,,SDG&E,2025,3,v4.01,4,3,SDGE_2025_Q3_R4.xlsx,Table 7,123,M123,https://efiling.energysafety.ca.gov/eFiling/Getfile.aspx?fileid=58132&shareable=true
T7R-b3bea9bd38ba9966,1070000122,5.3.b.i,v4_native,5. Commercial customers,,HFTD Tier 3,Rural,WUI,Number of commercial customers,v4_native,2197,,,SDG&E,2025,3,v4.01,4,3,SDGE_2025_Q3_R4.xlsx,Table 7,124,M124,https://efiling.energysafety.ca.gov/eFiling/Getfile.aspx?fileid=58132&shareable=true
T7R-1735b8e093285500,1070000123,5.3.b.ii,v4_native,5. Commercial customers,,HFTD Tier 3,Rural,Non-WUI,Number of commercial customers,v4_native,2600,,,SDG&E,2025,3,v4.01,4,3,SDGE_2025_Q3_R4.xlsx,Table 7,125,M125,https://efiling.energysafety.ca.gov/eFiling/Getfile.aspx?fileid=58132&shareable=true
T7R-a6bcdb9dfd97d6b1,1070000124,5.3.c.i,v4_native,5. Commercial customers,,HFTD Tier 3,Highly rural,WUI,Number of commercial customers,v4_native,50,,,SDG&E,2025,3,v4.01,4,3,SDGE_2025_Q3_R4.xlsx,Table 7,126,M126,https://efiling.energysafety.ca.gov/eFiling/Getfile.aspx?fileid=58132&shareable=true
T7R-3e9d0b6dad58a060,1070000125,5.3.c.ii,v4_native,5. Commercial customers,,HFTD Tier 3,Highly rural,Non-WUI,Number of commercial customers,v4_native,236,,,SDG&E,2025,3,v4.01,4,3,SDGE_2025_Q3_R4.xlsx,Table 7,127,M127,https://efiling.energysafety.ca.gov/eFiling/Getfile.aspx?fileid=58132&shareable=true
T7R-a0973df3d7e025ad,1070000126,6.0.a.i,v4_native,6. AFN customers,,Non-HFTD,Urban,WUI,Number of customers belonging to access and functional needs populations,v4_native,47287,,,SDG&E,2025,3,v4.01,4,3,SDGE_2025_Q3_R4.xlsx,Table 7,128,M128,https://efiling.energysafety.ca.gov/eFiling/Getfile.aspx?fileid=58132&shareable=true
T7R-305a81ca7942a37d,1070000127,6.0.a.ii,v4_native,6. AFN customers,,Non-HFTD,Urban,Non-WUI,Number of customers belonging to access and functional needs populations,v4_native,298181,,,SDG&E,2025,3,v4.01,4,3,SDGE_2025_Q3_R4.xlsx,Table 7,129,M129,https://efiling.energysafety.ca.gov/eFiling/Getfile.aspx?fileid=58132&shareable=true
T7R-bfdd163ebcf05f7a,1070000128,6.0.b.i,v4_native,6. AFN customers,,Non-HFTD,Rural,WUI,Number of customers belonging to access and functional needs populations,v4_native,4504,,,SDG&E,2025,3,v4.01,4,3,SDGE_2025_Q3_R4.xlsx,Table 7,130,M130,https://efiling.energysafety.ca.gov/eFiling/Getfile.aspx?fileid=58132&shareable=true
T7R-ce57347340fb4e84,1070000129,6.0.b.ii,v4_native,6. AFN customers,,Non-HFTD,Rural,Non-WUI,Number of customers belonging to access and functional needs populations,v4_native,3920,,,SDG&E,2025,3,v4.01,4,3,SDGE_2025_Q3_R4.xlsx,Table 7,131,M131,https://efiling.energysafety.ca.gov/eFiling/Getfile.aspx?fileid=58132&shareable=true
T7R-cc421ecc359bcf39,1070000130,6.0.c.i,v4_native,6. AFN customers,,Non-HFTD,Highly rural,WUI,Number of customers belonging to access and functional needs populations,v4_native,405,,,SDG&E,2025,3,v4.01,4,3,SDGE_2025_Q3_R4.xlsx,Table 7,132,M132,https://efiling.energysafety.ca.gov/eFiling/Getfile.aspx?fileid=58132&shareable=true
T7R-5369a71758ff5974,1070000131,6.0.c.ii,v4_native,6. AFN customers,,Non-HFTD,Highly rural,Non-WUI,Number of customers belonging to access and functional needs populations,v4_native,319,,,SDG&E,2025,3,v4.01,4,3,SDGE_2025_Q3_R4.xlsx,Table 7,133,M133,https://efiling.energysafety.ca.gov/eFiling/Getfile.aspx?fileid=58132&shareable=true
T7R-89929eac0f2b2f28,1070000132,6.2.a.i,v4_native,6. AFN customers,,HFTD Tier 2,Urban,WUI,Number of customers belonging to access and functional needs populations,v4_native,16353,,,SDG&E,2025,3,v4.01,4,3,SDGE_2025_Q3_R4.xlsx,Table 7,134,M134,https://efiling.energysafety.ca.gov/eFiling/Getfile.aspx?fileid=58132&shareable=true
T7R-b2cdf4927884cdb8,1070000133,6.2.a.ii,v4_native,6. AFN customers,,HFTD Tier 2,Urban,Non-WUI,Number of customers belonging to access and functional needs populations,v4_native,6677,,,SDG&E,2025,3,v4.01,4,3,SDGE_2025_Q3_R4.xlsx,Table 7,135,M135,https://efiling.energysafety.ca.gov/eFiling/Getfile.aspx?fileid=58132&shareable=true
T7R-efe255100ff91417,1070000134,6.2.b.i,v4_native,6. AFN customers,,HFTD Tier 2,Rural,WUI,Number of customers belonging to access and functional needs populations,v4_native,9521,,,SDG&E,2025,3,v4.01,4,3,SDGE_2025_Q3_R4.xlsx,Table 7,136,M136,https://efiling.energysafety.ca.gov/eFiling/Getfile.aspx?fileid=58132&shareable=true
T7R-9dcf0b1a316a1643,1070000135,6.2.b.ii,v4_native,6. AFN customers,,HFTD Tier 2,Rural,Non-WUI,Number of customers belonging to access and functional needs populations,v4_native,3656,,,SDG&E,2025,3,v4.01,4,3,SDGE_2025_Q3_R4.xlsx,Table 7,137,M137,https://efiling.energysafety.ca.gov/eFiling/Getfile.aspx?fileid=58132&shareable=true
T7R-c2b0f063b26bbc16,1070000136,6.2.c.i,v4_native,6. AFN customers,,HFTD Tier 2,Highly rural,WUI,Number of customers belonging to access and functional needs populations,v4_native,94,,,SDG&E,2025,3,v4.01,4,3,SDGE_2025_Q3_R4.xlsx,Table 7,138,M138,https://efiling.energysafety.ca.gov/eFiling/Getfile.aspx?fileid=58132&shareable=true
T7R-03a37b900f2381a6,1070000137,6.2.c.ii,v4_native,6. AFN customers,,HFTD Tier 2,Highly rural,Non-WUI,Number of customers belonging to access and functional needs populations,v4_native,174,,,SDG&E,2025,3,v4.01,4,3,SDGE_2025_Q3_R4.xlsx,Table 7,139,M139,https://efiling.energysafety.ca.gov/eFiling/Getfile.aspx?fileid=58132&shareable=true
T7R-c865a3f056243f7e,1070000138,6.3.a.i,v4_native,6. AFN customers,,HFTD Tier 3,Urban,WUI,Number of customers belonging to access and functional needs populations,v4_native,29,,,SDG&E,2025,3,v4.01,4,3,SDGE_2025_Q3_R4.xlsx,Table 7,140,M140,https://efiling.energysafety.ca.gov/eFiling/Getfile.aspx?fileid=58132&shareable=true
T7R-32da3caff09c39d4,1070000139,6.3.a.ii,v4_native,6. AFN customers,,HFTD Tier 3,Urban,Non-WUI,Number of customers belonging to access and functional needs populations,v4_native,1,,,SDG&E,2025,3,v4.01,4,3,SDGE_2025_Q3_R4.xlsx,Table 7,141,M141,https://efiling.energysafety.ca.gov/eFiling/Getfile.aspx?fileid=58132&shareable=true
T7R-84be33fa010bce4e,1070000140,6.3.b.i,v4_native,6. AFN customers,,HFTD Tier 3,Rural,WUI,Number of customers belonging to access and functional needs populations,v4_native,5584,,,SDG&E,2025,3,v4.01,4,3,SDGE_2025_Q3_R4.xlsx,Table 7,142,M142,https://efiling.energysafety.ca.gov/eFiling/Getfile.aspx?fileid=58132&shareable=true
T7R-92cdbe793637fff1,1070000141,6.3.b.ii,v4_native,6. AFN customers,,HFTD Tier 3,Rural,Non-WUI,Number of customers belonging to access and functional needs populations,v4_native,2195,,,SDG&E,2025,3,v4.01,4,3,SDGE_2025_Q3_R4.xlsx,Table 7,143,M143,https://efiling.energysafety.ca.gov/eFiling/Getfile.aspx?fileid=58132&shareable=true
T7R-b20ab9cc5124f4c4,1070000142,6.3.c.i,v4_native,6. AFN customers,,HFTD Tier 3,Highly rural,WUI,Number of customers belonging to access and functional needs populations,v4_native,37,,,SDG&E,2025,3,v4.01,4,3,SDGE_2025_Q3_R4.xlsx,Table 7,144,M144,https://efiling.energysafety.ca.gov/eFiling/Getfile.aspx?fileid=58132&shareable=true
T7R-320191ae246f3d02,1070000143,6.3.c.ii,v4_native,6. AFN customers,,HFTD Tier 3,Highly rural,Non-WUI,Number of customers belonging to access and functional needs populations,v4_native,154,,,SDG&E,2025,3,v4.01,4,3,SDGE_2025_Q3_R4.xlsx,Table 7,145,M145,https://efiling.energysafety.ca.gov/eFiling/Getfile.aspx?fileid=58132&shareable=true
T7R-8b2d70fb1e6b7289,1070000144,7.0.a.i,v4_native,7. Substations,,Non-HFTD,Urban,WUI,Number of substations,v4_native,12,,,SDG&E,2025,3,v4.01,4,3,SDGE_2025_Q3_R4.xlsx,Table 7,146,M146,https://efiling.energysafety.ca.gov/eFiling/Getfile.aspx?fileid=58132&shareable=true
T7R-5f1e07a0ee98d57a,1070000145,7.0.a.ii,v4_native,7. Substations,,Non-HFTD,Urban,Non-WUI,Number of substations,v4_native,71,,,SDG&E,2025,3,v4.01,4,3,SDGE_2025_Q3_R4.xlsx,Table 7,147,M147,https://efiling.energysafety.ca.gov/eFiling/Getfile.aspx?fileid=58132&shareable=true
T7R-a3d79c07fe504900,1070000146,7.0.b.i,v4_native,7. Substations,,Non-HFTD,Rural,WUI,Number of substations,v4_native,4,,,SDG&E,2025,3,v4.01,4,3,SDGE_2025_Q3_R4.xlsx,Table 7,148,M148,https://efiling.energysafety.ca.gov/eFiling/Getfile.aspx?fileid=58132&shareable=true
T7R-571f53d46cb36531,1070000147,7.0.b.ii,v4_native,7. Substations,,Non-HFTD,Rural,Non-WUI,Number of substations,v4_native,23,,,SDG&E,2025,3,v4.01,4,3,SDGE_2025_Q3_R4.xlsx,Table 7,149,M149,https://efiling.energysafety.ca.gov/eFiling/Getfile.aspx?fileid=58132&shareable=true
T7R-0eded7cd26afe742,1070000148,7.0.c.i,v4_native,7. Substations,,Non-HFTD,Highly rural,WUI,Number of substations,v4_native,0,,,SDG&E,2025,3,v4.01,4,3,SDGE_2025_Q3_R4.xlsx,Table 7,150,M150,https://efiling.energysafety.ca.gov/eFiling/Getfile.aspx?fileid=58132&shareable=true
T7R-e1bdbbcb2d3f58f0,1070000149,7.0.c.ii,v4_native,7. Substations,,Non-HFTD,Highly rural,Non-WUI,Number of substations,v4_native,3,,,SDG&E,2025,3,v4.01,4,3,SDGE_2025_Q3_R4.xlsx,Table 7,151,M151,https://efiling.energysafety.ca.gov/eFiling/Getfile.aspx?fileid=58132&shareable=true
T7R-eaa60d292b337f51,1070000150,7.2.a.i,v4_native,7. Substations,,HFTD Tier 2,Urban,WUI,Number of substations,v4_native,2,,,SDG&E,2025,3,v4.01,4,3,SDGE_2025_Q3_R4.xlsx,Table 7,152,M152,https://efiling.energysafety.ca.gov/eFiling/Getfile.aspx?fileid=58132&shareable=true
T7R-5259c98fd65356b7,1070000151,7.2.a.ii,v4_native,7. Substations,,HFTD Tier 2,Urban,Non-WUI,Number of substations,v4_native,7,,,SDG&E,2025,3,v4.01,4,3,SDGE_2025_Q3_R4.xlsx,Table 7,153,M153,https://efiling.energysafety.ca.gov/eFiling/Getfile.aspx?fileid=58132&shareable=true
T7R-76bb405b91dd9184,1070000152,7.2.b.i,v4_native,7. Substations,,HFTD Tier 2,Rural,WUI,Number of substations,v4_native,4,,,SDG&E,2025,3,v4.01,4,3,SDGE_2025_Q3_R4.xlsx,Table 7,154,M154,https://efiling.energysafety.ca.gov/eFiling/Getfile.aspx?fileid=58132&shareable=true
T7R-4352af3123b49645,1070000153,7.2.b.ii,v4_native,7. Substations,,HFTD Tier 2,Rural,Non-WUI,Number of substations,v4_native,18,,,SDG&E,2025,3,v4.01,4,3,SDGE_2025_Q3_R4.xlsx,Table 7,155,M155,https://efiling.energysafety.ca.gov/eFiling/Getfile.aspx?fileid=58132&shareable=true
T7R-ef6b883a86ce8b04,1070000154,7.2.c.i,v4_native,7. Substations,,HFTD Tier 2,Highly rural,WUI,Number of substations,v4_native,0,,,SDG&E,2025,3,v4.01,4,3,SDGE_2025_Q3_R4.xlsx,Table 7,156,M156,https://efiling.energysafety.ca.gov/eFiling/Getfile.aspx?fileid=58132&shareable=true
T7R-33e2f44a352d265b,1070000155,7.2.c.ii,v4_native,7. Substations,,HFTD Tier 2,Highly rural,Non-WUI,Number of substations,v4_native,1,,,SDG&E,2025,3,v4.01,4,3,SDGE_2025_Q3_R4.xlsx,Table 7,157,M157,https://efiling.energysafety.ca.gov/eFiling/Getfile.aspx?fileid=58132&shareable=true
T7R-78d6e0572355b0fc,1070000156,7.3.a.i,v4_native,7. Substations,,HFTD Tier 3,Urban,WUI,Number of substations,v4_native,0,,,SDG&E,2025,3,v4.01,4,3,SDGE_2025_Q3_R4.xlsx,Table 7,158,M158,https://efiling.energysafety.ca.gov/eFiling/Getfile.aspx?fileid=58132&shareable=true
T7R-6049d0e8516c80bd,1070000157,7.3.a.ii,v4_native,7. Substations,,HFTD Tier 3,Urban,Non-WUI,Number of substations,v4_native,0,,,SDG&E,2025,3,v4.01,4,3,SDGE_2025_Q3_R4.xlsx,Table 7,159,M159,https://efiling.energysafety.ca.gov/eFiling/Getfile.aspx?fileid=58132&shareable=true
T7R-ba0d264dd32958d6,1070000158,7.3.b.i,v4_native,7. Substations,,HFTD Tier 3,Rural,WUI,Number of substations,v4_native,0,,,SDG&E,2025,3,v4.01,4,3,SDGE_2025_Q3_R4.xlsx,Table 7,160,M160,https://efiling.energysafety.ca.gov/eFiling/Getfile.aspx?fileid=58132&shareable=true
T7R-8e750f930028eccb,1070000159,7.3.b.ii,v4_native,7. Substations,,HFTD Tier 3,Rural,Non-WUI,Number of substations,v4_native,11,,,SDG&E,2025,3,v4.01,4,3,SDGE_2025_Q3_R4.xlsx,Table 7,161,M161,https://efiling.energysafety.ca.gov/eFiling/Getfile.aspx?fileid=58132&shareable=true
T7R-aba1a6cde92e2b9c,1070000160,7.3.c.i,v4_native,7. Substations,,HFTD Tier 3,Highly rural,WUI,Number of substations,v4_native,0,,,SDG&E,2025,3,v4.01,4,3,SDGE_2025_Q3_R4.xlsx,Table 7,162,M162,https://efiling.energysafety.ca.gov/eFiling/Getfile.aspx?fileid=58132&shareable=true
T7R-0d79c4765a96e116,1070000161,7.3.c.ii,v4_native,7. Substations,,HFTD Tier 3,Highly rural,Non-WUI,Number of substations,v4_native,1,,,SDG&E,2025,3,v4.01,4,3,SDGE_2025_Q3_R4.xlsx,Table 7,163,M163,https://efiling.energysafety.ca.gov/eFiling/Getfile.aspx?fileid=58132&shareable=true
T7R-ef8c4332f82e18f8,1070000162,8.0.a.i,v4_native,8. Weather stations,,Non-HFTD,Urban,WUI,Number of weather stations,v4_native,3,,,SDG&E,2025,3,v4.01,4,3,SDGE_2025_Q3_R4.xlsx,Table 7,164,M164,https://efiling.energysafety.ca.gov/eFiling/Getfile.aspx?fileid=58132&shareable=true
T7R-8531dcd4d0053ca8,1070000163,8.0.a.ii,v4_native,8. Weather stations,,Non-HFTD,Urban,Non-WUI,Number of weather stations,v4_native,14,,,SDG&E,2025,3,v4.01,4,3,SDGE_2025_Q3_R4.xlsx,Table 7,165,M165,https://efiling.energysafety.ca.gov/eFiling/Getfile.aspx?fileid=58132&shareable=true
T7R-116772c2e44cebf1,1070000164,8.0.b.i,v4_native,8. Weather stations,,Non-HFTD,Rural,WUI,Number of weather stations,v4_native,0,,,SDG&E,2025,3,v4.01,4,3,SDGE_2025_Q3_R4.xlsx,Table 7,166,M166,https://efiling.energysafety.ca.gov/eFiling/Getfile.aspx?fileid=58132&shareable=true
T7R-73cb6f29218864e8,1070000165,8.0.b.ii,v4_native,8. Weather stations,,Non-HFTD,Rural,Non-WUI,Number of weather stations,v4_native,3,,,SDG&E,2025,3,v4.01,4,3,SDGE_2025_Q3_R4.xlsx,Table 7,167,M167,https://efiling.energysafety.ca.gov/eFiling/Getfile.aspx?fileid=58132&shareable=true
T7R-af713b852b1f743f,1070000166,8.0.c.i,v4_native,8. Weather stations,,Non-HFTD,Highly rural,WUI,Number of weather stations,v4_native,0,,,SDG&E,2025,3,v4.01,4,3,SDGE_2025_Q3_R4.xlsx,Table 7,168,M168,https://efiling.energysafety.ca.gov/eFiling/Getfile.aspx?fileid=58132&shareable=true
T7R-0c3a7635e291016c,1070000167,8.0.c.ii,v4_native,8. Weather stations,,Non-HFTD,Highly rural,Non-WUI,Number of weather stations,v4_native,2,,,SDG&E,2025,3,v4.01,4,3,SDGE_2025_Q3_R4.xlsx,Table 7,169,M169,https://efiling.energysafety.ca.gov/eFiling/Getfile.aspx?fileid=58132&shareable=true
T7R-37652e99271a3669,1070000168,8.2.a.i,v4_native,8. Weather stations,,HFTD Tier 2,Urban,WUI,Number of weather stations,v4_native,2,,,SDG&E,2025,3,v4.01,4,3,SDGE_2025_Q3_R4.xlsx,Table 7,170,M170,https://efiling.energysafety.ca.gov/eFiling/Getfile.aspx?fileid=58132&shareable=true
T7R-0c08f7ab6e2e540b,1070000169,8.2.a.ii,v4_native,8. Weather stations,,HFTD Tier 2,Urban,Non-WUI,Number of weather stations,v4_native,6,,,SDG&E,2025,3,v4.01,4,3,SDGE_2025_Q3_R4.xlsx,Table 7,171,M171,https://efiling.energysafety.ca.gov/eFiling/Getfile.aspx?fileid=58132&shareable=true
T7R-7f35340f365c87f4,1070000170,8.2.b.i,v4_native,8. Weather stations,,HFTD Tier 2,Rural,WUI,Number of weather stations,v4_native,17,,,SDG&E,2025,3,v4.01,4,3,SDGE_2025_Q3_R4.xlsx,Table 7,172,M172,https://efiling.energysafety.ca.gov/eFiling/Getfile.aspx?fileid=58132&shareable=true
T7R-1ce53b2ae015bde6,1070000171,8.2.b.ii,v4_native,8. Weather stations,,HFTD Tier 2,Rural,Non-WUI,Number of weather stations,v4_native,49,,,SDG&E,2025,3,v4.01,4,3,SDGE_2025_Q3_R4.xlsx,Table 7,173,M173,https://efiling.energysafety.ca.gov/eFiling/Getfile.aspx?fileid=58132&shareable=true
T7R-b8c57c5e2fc87202,1070000172,8.2.c.i,v4_native,8. Weather stations,,HFTD Tier 2,Highly rural,WUI,Number of weather stations,v4_native,1,,,SDG&E,2025,3,v4.01,4,3,SDGE_2025_Q3_R4.xlsx,Table 7,174,M174,https://efiling.energysafety.ca.gov/eFiling/Getfile.aspx?fileid=58132&shareable=true
T7R-f9add5fec1e3b0a6,1070000173,8.2.c.ii,v4_native,8. Weather stations,,HFTD Tier 2,Highly rural,Non-WUI,Number of weather stations,v4_native,7,,,SDG&E,2025,3,v4.01,4,3,SDGE_2025_Q3_R4.xlsx,Table 7,175,M175,https://efiling.energysafety.ca.gov/eFiling/Getfile.aspx?fileid=58132&shareable=true
T7R-07a276302f317d4e,1070000174,8.3.a.i,v4_native,8. Weather stations,,HFTD Tier 3,Urban,WUI,Number of weather stations,v4_native,0,,,SDG&E,2025,3,v4.01,4,3,SDGE_2025_Q3_R4.xlsx,Table 7,176,M176,https://efiling.energysafety.ca.gov/eFiling/Getfile.aspx?fileid=58132&shareable=true
T7R-698b5422e12e0e93,1070000175,8.3.a.ii,v4_native,8. Weather stations,,HFTD Tier 3,Urban,Non-WUI,Number of weather stations,v4_native,0,,,SDG&E,2025,3,v4.01,4,3,SDGE_2025_Q3_R4.xlsx,Table 7,177,M177,https://efiling.energysafety.ca.gov/eFiling/Getfile.aspx?fileid=58132&shareable=true
T7R-695c1b9637c35ed2,1070000176,8.3.b.i,v4_native,8. Weather stations,,HFTD Tier 3,Rural,WUI,Number of weather stations,v4_native,13,,,SDG&E,2025,3,v4.01,4,3,SDGE_2025_Q3_R4.xlsx,Table 7,178,M178,https://efiling.energysafety.ca.gov/eFiling/Getfile.aspx?fileid=58132&shareable=true
T7R-57d059078ac4e04b,1070000177,8.3.b.ii,v4_native,8. Weather stations,,HFTD Tier 3,Rural,Non-WUI,Number of weather stations,v4_native,93,,,SDG&E,2025,3,v4.01,4,3,SDGE_2025_Q3_R4.xlsx,Table 7,179,M179,https://efiling.energysafety.ca.gov/eFiling/Getfile.aspx?fileid=58132&shareable=true
T7R-387e4db6fafae3f9,1070000178,8.3.c.i,v4_native,8. Weather stations,,HFTD Tier 3,Highly rural,WUI,Number of weather stations,v4_native,3,,,SDG&E,2025,3,v4.01,4,3,SDGE_2025_Q3_R4.xlsx,Table 7,180,M180,https://efiling.energysafety.ca.gov/eFiling/Getfile.aspx?fileid=58132&shareable=true
T7R-43667c181c66febc,1070000179,8.3.c.ii,v4_native,8. Weather stations,,HFTD Tier 3,Highly rural,Non-WUI,Number of weather stations,v4_native,7,,,SDG&E,2025,3,v4.01,4,3,SDGE_2025_Q3_R4.xlsx,Table 7,181,M181,https://efiling.energysafety.ca.gov/eFiling/Getfile.aspx?fileid=58132&shareable=true
T7R-7652c819df788c65,1070000000,1.d.0.a.i,v4_native,1. Overhead circuit miles,Distribution,Non-HFTD,Urban,WUI,Circuit miles,v4_native,368.398825479431,,,SDG&E,2025,4,v4.01,3,4,SDGE_2025_Q4_R3.xlsx,Table 7,2,M2,https://efiling.energysafety.ca.gov/eFiling/Getfile.aspx?fileid=58132&shareable=true
T7R-72333b69bce3e754,1070000001,1.d.0.a.ii,v4_native,1. Overhead circuit miles,Distribution,Non-HFTD,Urban,Non-WUI,Circuit miles,v4_native,2164.64768712271,,,SDG&E,2025,4,v4.01,3,4,SDGE_2025_Q4_R3.xlsx,Table 7,3,M3,https://efiling.energysafety.ca.gov/eFiling/Getfile.aspx?fileid=58132&shareable=true
T7R-12b403a46574da28,1070000002,1.d.0.b.i,v4_native,1. Overhead circuit miles,Distribution,Non-HFTD,Rural,WUI,Circuit miles,v4_native,122.212235216194,,,SDG&E,2025,4,v4.01,3,4,SDGE_2025_Q4_R3.xlsx,Table 7,4,M4,https://efiling.energysafety.ca.gov/eFiling/Getfile.aspx?fileid=58132&shareable=true
T7R-9272b1e0bc254d12,1070000003,1.d.0.b.ii,v4_native,1. Overhead circuit miles,Distribution,Non-HFTD,Rural,Non-WUI,Circuit miles,v4_native,146.955958975208,,,SDG&E,2025,4,v4.01,3,4,SDGE_2025_Q4_R3.xlsx,Table 7,5,M5,https://efiling.energysafety.ca.gov/eFiling/Getfile.aspx?fileid=58132&shareable=true
T7R-99e5d218ffaf0459,1070000004,1.d.0.c.i,v4_native,1. Overhead circuit miles,Distribution,Non-HFTD,Highly rural,WUI,Circuit miles,v4_native,26.0930303000667,,,SDG&E,2025,4,v4.01,3,4,SDGE_2025_Q4_R3.xlsx,Table 7,6,M6,https://efiling.energysafety.ca.gov/eFiling/Getfile.aspx?fileid=58132&shareable=true
T7R-554b841af382601b,1070000005,1.d.0.c.ii,v4_native,1. Overhead circuit miles,Distribution,Non-HFTD,Highly rural,Non-WUI,Circuit miles,v4_native,117.75091250861,,,SDG&E,2025,4,v4.01,3,4,SDGE_2025_Q4_R3.xlsx,Table 7,7,M7,https://efiling.energysafety.ca.gov/eFiling/Getfile.aspx?fileid=58132&shareable=true
T7R-2c2316cd61a1aef7,1070000006,1.d.2.a.i,v4_native,1. Overhead circuit miles,Distribution,HFTD Tier 2,Urban,WUI,Circuit miles,v4_native,87.5245244575907,,,SDG&E,2025,4,v4.01,3,4,SDGE_2025_Q4_R3.xlsx,Table 7,8,M8,https://efiling.energysafety.ca.gov/eFiling/Getfile.aspx?fileid=58132&shareable=true
T7R-4b4911e286f71862,1070000007,1.d.2.a.ii,v4_native,1. Overhead circuit miles,Distribution,HFTD Tier 2,Urban,Non-WUI,Circuit miles,v4_native,96.1280658775896,,,SDG&E,2025,4,v4.01,3,4,SDGE_2025_Q4_R3.xlsx,Table 7,9,M9,https://efiling.energysafety.ca.gov/eFiling/Getfile.aspx?fileid=58132&shareable=true
T7R-d04d2779ded69c44,1070000008,1.d.2.b.i,v4_native,1. Overhead circuit miles,Distribution,HFTD Tier 2,Rural,WUI,Circuit miles,v4_native,730.615458045959,,,SDG&E,2025,4,v4.01,3,4,SDGE_2025_Q4_R3.xlsx,Table 7,10,M10,https://efiling.energysafety.ca.gov/eFiling/Getfile.aspx?fileid=58132&shareable=true
T7R-6e4ea2c55b862b29,1070000009,1.d.2.b.ii,v4_native,1. Overhead circuit miles,Distribution,HFTD Tier 2,Rural,Non-WUI,Circuit miles,v4_native,674.339875037376,,,SDG&E,2025,4,v4.01,3,4,SDGE_2025_Q4_R3.xlsx,Table 7,11,M11,https://efiling.energysafety.ca.gov/eFiling/Getfile.aspx?fileid=58132&shareable=true
T7R-78a94fba860a54ff,1070000010,1.d.2.c.i,v4_native,1. Overhead circuit miles,Distribution,HFTD Tier 2,Highly rural,WUI,Circuit miles,v4_native,12.8813285397089,,,SDG&E,2025,4,v4.01,3,4,SDGE_2025_Q4_R3.xlsx,Table 7,12,M12,https://efiling.energysafety.ca.gov/eFiling/Getfile.aspx?fileid=58132&shareable=true
T7R-7940cb25fe6cacd1,1070000011,1.d.2.c.ii,v4_native,1. Overhead circuit miles,Distribution,HFTD Tier 2,Highly rural,Non-WUI,Circuit miles,v4_native,151.33275846772,,,SDG&E,2025,4,v4.01,3,4,SDGE_2025_Q4_R3.xlsx,Table 7,13,M13,https://efiling.energysafety.ca.gov/eFiling/Getfile.aspx?fileid=58132&shareable=true
T7R-4598a40735333f12,1070000012,1.d.3.a.i,v4_native,1. Overhead circuit miles,Distribution,HFTD Tier 3,Urban,WUI,Circuit miles,v4_native,4.97915848068528,,,SDG&E,2025,4,v4.01,3,4,SDGE_2025_Q4_R3.xlsx,Table 7,14,M14,https://efiling.energysafety.ca.gov/eFiling/Getfile.aspx?fileid=58132&shareable=true
T7R-b46b87d5af6f84a9,1070000013,1.d.3.a.ii,v4_native,1. Overhead circuit miles,Distribution,HFTD Tier 3,Urban,Non-WUI,Circuit miles,v4_native,0.379573583529507,,,SDG&E,2025,4,v4.01,3,4,SDGE_2025_Q4_R3.xlsx,Table 7,15,M15,https://efiling.energysafety.ca.gov/eFiling/Getfile.aspx?fileid=58132&shareable=true
T7R-6220e1a7b72e2da5,1070000014,1.d.3.b.i,v4_native,1. Overhead circuit miles,Distribution,HFTD Tier 3,Rural,WUI,Circuit miles,v4_native,541.39862777667,,,SDG&E,2025,4,v4.01,3,4,SDGE_2025_Q4_R3.xlsx,Table 7,16,M16,https://efiling.energysafety.ca.gov/eFiling/Getfile.aspx?fileid=58132&shareable=true
T7R-422a16de14fb492b,1070000015,1.d.3.b.ii,v4_native,1. Overhead circuit miles,Distribution,HFTD Tier 3,Rural,Non-WUI,Circuit miles,v4_native,890.357722706081,,,SDG&E,2025,4,v4.01,3,4,SDGE_2025_Q4_R3.xlsx,Table 7,17,M17,https://efiling.energysafety.ca.gov/eFiling/Getfile.aspx?fileid=58132&shareable=true
T7R-9050363a6e2a6d2e,1070000016,1.d.3.c.i,v4_native,1. Overhead circuit miles,Distribution,HFTD Tier 3,Highly rural,WUI,Circuit miles,v4_native,7.74348871844243,,,SDG&E,2025,4,v4.01,3,4,SDGE_2025_Q4_R3.xlsx,Table 7,18,M18,https://efiling.energysafety.ca.gov/eFiling/Getfile.aspx?fileid=58132&shareable=true
T7R-30ff21b95dbf73a4,1070000017,1.d.3.c.ii,v4_native,1. Overhead circuit miles,Distribution,HFTD Tier 3,Highly rural,Non-WUI,Circuit miles,v4_native,110.38651030972,,,SDG&E,2025,4,v4.01,3,4,SDGE_2025_Q4_R3.xlsx,Table 7,19,M19,https://efiling.energysafety.ca.gov/eFiling/Getfile.aspx?fileid=58132&shareable=true
T7R-74b9bbed137d4a78,1070000018,1.t.0.a.i,v4_native,1. Overhead circuit miles,Transmission,Non-HFTD,Urban,WUI,Circuit miles,v4_native,99.738855412046,,,SDG&E,2025,4,v4.01,3,4,SDGE_2025_Q4_R3.xlsx,Table 7,20,M20,https://efiling.energysafety.ca.gov/eFiling/Getfile.aspx?fileid=58132&shareable=true
T7R-4e1fa163a91e6824,1070000019,1.t.0.a.ii,v4_native,1. Overhead circuit miles,Transmission,Non-HFTD,Urban,Non-WUI,Circuit miles,v4_native,452.951185092632,,,SDG&E,2025,4,v4.01,3,4,SDGE_2025_Q4_R3.xlsx,Table 7,21,M21,https://efiling.energysafety.ca.gov/eFiling/Getfile.aspx?fileid=58132&shareable=true
T7R-03259cfa712190cf,1070000020,1.t.0.b.i,v4_native,1. Overhead circuit miles,Transmission,Non-HFTD,Rural,WUI,Circuit miles,v4_native,25.163368648243,,,SDG&E,2025,4,v4.01,3,4,SDGE_2025_Q4_R3.xlsx,Table 7,22,M22,https://efiling.energysafety.ca.gov/eFiling/Getfile.aspx?fileid=58132&shareable=true
T7R-af1b0143440e6202,1070000021,1.t.0.b.ii,v4_native,1. Overhead circuit miles,Transmission,Non-HFTD,Rural,Non-WUI,Circuit miles,v4_native,123.884521841104,,,SDG&E,2025,4,v4.01,3,4,SDGE_2025_Q4_R3.xlsx,Table 7,23,M23,https://efiling.energysafety.ca.gov/eFiling/Getfile.aspx?fileid=58132&shareable=true
T7R-667846fc99a148ae,1070000022,1.t.0.c.i,v4_native,1. Overhead circuit miles,Transmission,Non-HFTD,Highly rural,WUI,Circuit miles,v4_native,0,,,SDG&E,2025,4,v4.01,3,4,SDGE_2025_Q4_R3.xlsx,Table 7,24,M24,https://efiling.energysafety.ca.gov/eFiling/Getfile.aspx?fileid=58132&shareable=true
T7R-c8c3281220291b37,1070000023,1.t.0.c.ii,v4_native,1. Overhead circuit miles,Transmission,Non-HFTD,Highly rural,Non-WUI,Circuit miles,v4_native,22.857477957344,,,SDG&E,2025,4,v4.01,3,4,SDGE_2025_Q4_R3.xlsx,Table 7,25,M25,https://efiling.energysafety.ca.gov/eFiling/Getfile.aspx?fileid=58132&shareable=true
T7R-960efccb20b43f31,1070000024,1.t.2.a.i,v4_native,1. Overhead circuit miles,Transmission,HFTD Tier 2,Urban,WUI,Circuit miles,v4_native,27.1016163899139,,,SDG&E,2025,4,v4.01,3,4,SDGE_2025_Q4_R3.xlsx,Table 7,26,M26,https://efiling.energysafety.ca.gov/eFiling/Getfile.aspx?fileid=58132&shareable=true
T7R-90ca3752345cdaa9,1070000025,1.t.2.a.ii,v4_native,1. Overhead circuit miles,Transmission,HFTD Tier 2,Urban,Non-WUI,Circuit miles,v4_native,110.34544944592,,,SDG&E,2025,4,v4.01,3,4,SDGE_2025_Q4_R3.xlsx,Table 7,27,M27,https://efiling.energysafety.ca.gov/eFiling/Getfile.aspx?fileid=58132&shareable=true
T7R-4aa3151a0bc028b3,1070000026,1.t.2.b.i,v4_native,1. Overhead circuit miles,Transmission,HFTD Tier 2,Rural,WUI,Circuit miles,v4_native,67.1164791583986,,,SDG&E,2025,4,v4.01,3,4,SDGE_2025_Q4_R3.xlsx,Table 7,28,M28,https://efiling.energysafety.ca.gov/eFiling/Getfile.aspx?fileid=58132&shareable=true
T7R-58f7f01ed632f975,1070000027,1.t.2.b.ii,v4_native,1. Overhead circuit miles,Transmission,HFTD Tier 2,Rural,Non-WUI,Circuit miles,v4_native,514.010749328497,,,SDG&E,2025,4,v4.01,3,4,SDGE_2025_Q4_R3.xlsx,Table 7,29,M29,https://efiling.energysafety.ca.gov/eFiling/Getfile.aspx?fileid=58132&shareable=true
T7R-9aefcff9e8b4df77,1070000028,1.t.2.c.i,v4_native,1. Overhead circuit miles,Transmission,HFTD Tier 2,Highly rural,WUI,Circuit miles,v4_native,0,,,SDG&E,2025,4,v4.01,3,4,SDGE_2025_Q4_R3.xlsx,Table 7,30,M30,https://efiling.energysafety.ca.gov/eFiling/Getfile.aspx?fileid=58132&shareable=true
T7R-3e8862c51aab555f,1070000029,1.t.2.c.ii,v4_native,1. Overhead circuit miles,Transmission,HFTD Tier 2,Highly rural,Non-WUI,Circuit miles,v4_native,23.4247501025327,,,SDG&E,2025,4,v4.01,3,4,SDGE_2025_Q4_R3.xlsx,Table 7,31,M31,https://efiling.energysafety.ca.gov/eFiling/Getfile.aspx?fileid=58132&shareable=true
T7R-41094d638bda4187,1070000030,1.t.3.a.i,v4_native,1. Overhead circuit miles,Transmission,HFTD Tier 3,Urban,WUI,Circuit miles,v4_native,0.665387342556402,,,SDG&E,2025,4,v4.01,3,4,SDGE_2025_Q4_R3.xlsx,Table 7,32,M32,https://efiling.energysafety.ca.gov/eFiling/Getfile.aspx?fileid=58132&shareable=true
T7R-a2dd05c486c2a17b,1070000031,1.t.3.a.ii,v4_native,1. Overhead circuit miles,Transmission,HFTD Tier 3,Urban,Non-WUI,Circuit miles,v4_native,0.569463565528207,,,SDG&E,2025,4,v4.01,3,4,SDGE_2025_Q4_R3.xlsx,Table 7,33,M33,https://efiling.energysafety.ca.gov/eFiling/Getfile.aspx?fileid=58132&shareable=true
T7R-58e99b83add908d8,1070000032,1.t.3.b.i,v4_native,1. Overhead circuit miles,Transmission,HFTD Tier 3,Rural,WUI,Circuit miles,v4_native,16.0867296582509,,,SDG&E,2025,4,v4.01,3,4,SDGE_2025_Q4_R3.xlsx,Table 7,34,M34,https://efiling.energysafety.ca.gov/eFiling/Getfile.aspx?fileid=58132&shareable=true
T7R-4b1fde00387c0452,1070000033,1.t.3.b.ii,v4_native,1. Overhead circuit miles,Transmission,HFTD Tier 3,Rural,Non-WUI,Circuit miles,v4_native,246.692887918306,,,SDG&E,2025,4,v4.01,3,4,SDGE_2025_Q4_R3.xlsx,Table 7,35,M35,https://efiling.energysafety.ca.gov/eFiling/Getfile.aspx?fileid=58132&shareable=true
T7R-cb67105b11282631,1070000034,1.t.3.c.i,v4_native,1. Overhead circuit miles,Transmission,HFTD Tier 3,Highly rural,WUI,Circuit miles,v4_native,0.201642233328601,,,SDG&E,2025,4,v4.01,3,4,SDGE_2025_Q4_R3.xlsx,Table 7,36,M36,https://efiling.energysafety.ca.gov/eFiling/Getfile.aspx?fileid=58132&shareable=true
T7R-8e68a7a72aad5c4c,1070000035,1.t.3.c.ii,v4_native,1. Overhead circuit miles,Transmission,HFTD Tier 3,Highly rural,Non-WUI,Circuit miles,v4_native,11.8541634083516,,,SDG&E,2025,4,v4.01,3,4,SDGE_2025_Q4_R3.xlsx,Table 7,37,M37,https://efiling.energysafety.ca.gov/eFiling/Getfile.aspx?fileid=58132&shareable=true
T7R-cb3723eb7ce3db39,1070000036,2.d.0.a.i,v4_native,2. Underground circuit miles,Distribution,Non-HFTD,Urban,WUI,Circuit miles,v4_native,1735.32282460109,,,SDG&E,2025,4,v4.01,3,4,SDGE_2025_Q4_R3.xlsx,Table 7,38,M38,https://efiling.energysafety.ca.gov/eFiling/Getfile.aspx?fileid=58132&shareable=true
T7R-5f05106d64730cb5,1070000037,2.d.0.a.ii,v4_native,2. Underground circuit miles,Distribution,Non-HFTD,Urban,Non-WUI,Circuit miles,v4_native,5224.31561760725,,,SDG&E,2025,4,v4.01,3,4,SDGE_2025_Q4_R3.xlsx,Table 7,39,M39,https://efiling.energysafety.ca.gov/eFiling/Getfile.aspx?fileid=58132&shareable=true
T7R-b1b7582655402449,1070000038,2.d.0.b.i,v4_native,2. Underground circuit miles,Distribution,Non-HFTD,Rural,WUI,Circuit miles,v4_native,372.342436898796,,,SDG&E,2025,4,v4.01,3,4,SDGE_2025_Q4_R3.xlsx,Table 7,40,M40,https://efiling.energysafety.ca.gov/eFiling/Getfile.aspx?fileid=58132&shareable=true
T7R-c881010cc7fefb3b,1070000039,2.d.0.b.ii,v4_native,2. Underground circuit miles,Distribution,Non-HFTD,Rural,Non-WUI,Circuit miles,v4_native,763.659176708446,,,SDG&E,2025,4,v4.01,3,4,SDGE_2025_Q4_R3.xlsx,Table 7,41,M41,https://efiling.energysafety.ca.gov/eFiling/Getfile.aspx?fileid=58132&shareable=true
T7R-b5cf8401e1d2f7c8,1070000040,2.d.0.c.i,v4_native,2. Underground circuit miles,Distribution,Non-HFTD,Highly rural,WUI,Circuit miles,v4_native,11.8625315273016,,,SDG&E,2025,4,v4.01,3,4,SDGE_2025_Q4_R3.xlsx,Table 7,42,M42,https://efiling.energysafety.ca.gov/eFiling/Getfile.aspx?fileid=58132&shareable=true
T7R-96f6b506347564cd,1070000041,2.d.0.c.ii,v4_native,2. Underground circuit miles,Distribution,Non-HFTD,Highly rural,Non-WUI,Circuit miles,v4_native,39.7466714016938,,,SDG&E,2025,4,v4.01,3,4,SDGE_2025_Q4_R3.xlsx,Table 7,43,M43,https://efiling.energysafety.ca.gov/eFiling/Getfile.aspx?fileid=58132&shareable=true
T7R-891c0ebf14e265d6,1070000042,2.d.2.a.i,v4_native,2. Underground circuit miles,Distribution,HFTD Tier 2,Urban,WUI,Circuit miles,v4_native,845.494559365438,,,SDG&E,2025,4,v4.01,3,4,SDGE_2025_Q4_R3.xlsx,Table 7,44,M44,https://efiling.energysafety.ca.gov/eFiling/Getfile.aspx?fileid=58132&shareable=true
T7R-5e4dfcc585ff4600,1070000043,2.d.2.a.ii,v4_native,2. Underground circuit miles,Distribution,HFTD Tier 2,Urban,Non-WUI,Circuit miles,v4_native,283.764328106682,,,SDG&E,2025,4,v4.01,3,4,SDGE_2025_Q4_R3.xlsx,Table 7,45,M45,https://efiling.energysafety.ca.gov/eFiling/Getfile.aspx?fileid=58132&shareable=true
T7R-9fe3050bcd348a19,1070000044,2.d.2.b.i,v4_native,2. Underground circuit miles,Distribution,HFTD Tier 2,Rural,WUI,Circuit miles,v4_native,731.348469329408,,,SDG&E,2025,4,v4.01,3,4,SDGE_2025_Q4_R3.xlsx,Table 7,46,M46,https://efiling.energysafety.ca.gov/eFiling/Getfile.aspx?fileid=58132&shareable=true
T7R-abbaa4c3455ba0fc,1070000045,2.d.2.b.ii,v4_native,2. Underground circuit miles,Distribution,HFTD Tier 2,Rural,Non-WUI,Circuit miles,v4_native,409.079991922955,,,SDG&E,2025,4,v4.01,3,4,SDGE_2025_Q4_R3.xlsx,Table 7,47,M47,https://efiling.energysafety.ca.gov/eFiling/Getfile.aspx?fileid=58132&shareable=true
T7R-e1e484ae25a35598,1070000046,2.d.2.c.i,v4_native,2. Underground circuit miles,Distribution,HFTD Tier 2,Highly rural,WUI,Circuit miles,v4_native,4.12492568517391,,,SDG&E,2025,4,v4.01,3,4,SDGE_2025_Q4_R3.xlsx,Table 7,48,M48,https://efiling.energysafety.ca.gov/eFiling/Getfile.aspx?fileid=58132&shareable=true
T7R-2c963bc9df98a4a7,1070000047,2.d.2.c.ii,v4_native,2. Underground circuit miles,Distribution,HFTD Tier 2,Highly rural,Non-WUI,Circuit miles,v4_native,9.56594030724463,,,SDG&E,2025,4,v4.01,3,4,SDGE_2025_Q4_R3.xlsx,Table 7,49,M49,https://efiling.energysafety.ca.gov/eFiling/Getfile.aspx?fileid=58132&shareable=true
T7R-82fcfb20853816c9,1070000048,2.d.3.a.i,v4_native,2. Underground circuit miles,Distribution,HFTD Tier 3,Urban,WUI,Circuit miles,v4_native,5.58807946292957,,,SDG&E,2025,4,v4.01,3,4,SDGE_2025_Q4_R3.xlsx,Table 7,50,M50,https://efiling.energysafety.ca.gov/eFiling/Getfile.aspx?fileid=58132&shareable=true
T7R-7820140920f3f47d,1070000049,2.d.3.a.ii,v4_native,2. Underground circuit miles,Distribution,HFTD Tier 3,Urban,Non-WUI,Circuit miles,v4_native,1.68347936866499,,,SDG&E,2025,4,v4.01,3,4,SDGE_2025_Q4_R3.xlsx,Table 7,51,M51,https://efiling.energysafety.ca.gov/eFiling/Getfile.aspx?fileid=58132&shareable=true
T7R-463cd768e48b4ead,1070000050,2.d.3.b.i,v4_native,2. Underground circuit miles,Distribution,HFTD Tier 3,Rural,WUI,Circuit miles,v4_native,315.732561677512,,,SDG&E,2025,4,v4.01,3,4,SDGE_2025_Q4_R3.xlsx,Table 7,52,M52,https://efiling.energysafety.ca.gov/eFiling/Getfile.aspx?fileid=58132&shareable=true
T7R-db721ade76a95fea,1070000051,2.d.3.b.ii,v4_native,2. Underground circuit miles,Distribution,HFTD Tier 3,Rural,Non-WUI,Circuit miles,v4_native,253.107582511002,,,SDG&E,2025,4,v4.01,3,4,SDGE_2025_Q4_R3.xlsx,Table 7,53,M53,https://efiling.energysafety.ca.gov/eFiling/Getfile.aspx?fileid=58132&shareable=true
T7R-f464732375cd9dd3,1070000052,2.d.3.c.i,v4_native,2. Underground circuit miles,Distribution,HFTD Tier 3,Highly rural,WUI,Circuit miles,v4_native,4.87517207613712,,,SDG&E,2025,4,v4.01,3,4,SDGE_2025_Q4_R3.xlsx,Table 7,54,M54,https://efiling.energysafety.ca.gov/eFiling/Getfile.aspx?fileid=58132&shareable=true
T7R-7f63e6e8a09452ec,1070000053,2.d.3.c.ii,v4_native,2. Underground circuit miles,Distribution,HFTD Tier 3,Highly rural,Non-WUI,Circuit miles,v4_native,29.7046518178645,,,SDG&E,2025,4,v4.01,3,4,SDGE_2025_Q4_R3.xlsx,Table 7,55,M55,https://efiling.energysafety.ca.gov/eFiling/Getfile.aspx?fileid=58132&shareable=true
T7R-85565d403876d4c6,1070000054,2.t.0.a.i,v4_native,2. Underground circuit miles,Transmission,Non-HFTD,Urban,WUI,Circuit miles,v4_native,14.3221620753906,,,SDG&E,2025,4,v4.01,3,4,SDGE_2025_Q4_R3.xlsx,Table 7,56,M56,https://efiling.energysafety.ca.gov/eFiling/Getfile.aspx?fileid=58132&shareable=true
T7R-a3d919472d57550c,1070000055,2.t.0.a.ii,v4_native,2. Underground circuit miles,Transmission,Non-HFTD,Urban,Non-WUI,Circuit miles,v4_native,86.8950282445897,,,SDG&E,2025,4,v4.01,3,4,SDGE_2025_Q4_R3.xlsx,Table 7,57,M57,https://efiling.energysafety.ca.gov/eFiling/Getfile.aspx?fileid=58132&shareable=true
T7R-b2352d61bdb6ad13,1070000056,2.t.0.b.i,v4_native,2. Underground circuit miles,Transmission,Non-HFTD,Rural,WUI,Circuit miles,v4_native,5.38686532020781,,,SDG&E,2025,4,v4.01,3,4,SDGE_2025_Q4_R3.xlsx,Table 7,58,M58,https://efiling.energysafety.ca.gov/eFiling/Getfile.aspx?fileid=58132&shareable=true
T7R-821042fb8ec7fee1,1070000057,2.t.0.b.ii,v4_native,2. Underground circuit miles,Transmission,Non-HFTD,Rural,Non-WUI,Circuit miles,v4_native,22.7880876105196,,,SDG&E,2025,4,v4.01,3,4,SDGE_2025_Q4_R3.xlsx,Table 7,59,M59,https://efiling.energysafety.ca.gov/eFiling/Getfile.aspx?fileid=58132&shareable=true
T7R-55aac1041084844c,1070000058,2.t.0.c.i,v4_native,2. Underground circuit miles,Transmission,Non-HFTD,Highly rural,WUI,Circuit miles,v4_native,0,,,SDG&E,2025,4,v4.01,3,4,SDGE_2025_Q4_R3.xlsx,Table 7,60,M60,https://efiling.energysafety.ca.gov/eFiling/Getfile.aspx?fileid=58132&shareable=true
T7R-4fd4bf9e3e8d4b39,1070000059,2.t.0.c.ii,v4_native,2. Underground circuit miles,Transmission,Non-HFTD,Highly rural,Non-WUI,Circuit miles,v4_native,0.0922415316328129,,,SDG&E,2025,4,v4.01,3,4,SDGE_2025_Q4_R3.xlsx,Table 7,61,M61,https://efiling.energysafety.ca.gov/eFiling/Getfile.aspx?fileid=58132&shareable=true
T7R-23bf7370af6ffb65,1070000060,2.t.2.a.i,v4_native,2. Underground circuit miles,Transmission,HFTD Tier 2,Urban,WUI,Circuit miles,v4_native,10.6668071144145,,,SDG&E,2025,4,v4.01,3,4,SDGE_2025_Q4_R3.xlsx,Table 7,62,M62,https://efiling.energysafety.ca.gov/eFiling/Getfile.aspx?fileid=58132&shareable=true
T7R-02a49217f539df8a,1070000061,2.t.2.a.ii,v4_native,2. Underground circuit miles,Transmission,HFTD Tier 2,Urban,Non-WUI,Circuit miles,v4_native,4.96044448898647,,,SDG&E,2025,4,v4.01,3,4,SDGE_2025_Q4_R3.xlsx,Table 7,63,M63,https://efiling.energysafety.ca.gov/eFiling/Getfile.aspx?fileid=58132&shareable=true
T7R-642d7f1356ff13e5,1070000062,2.t.2.b.i,v4_native,2. Underground circuit miles,Transmission,HFTD Tier 2,Rural,WUI,Circuit miles,v4_native,8.63999896381648,,,SDG&E,2025,4,v4.01,3,4,SDGE_2025_Q4_R3.xlsx,Table 7,64,M64,https://efiling.energysafety.ca.gov/eFiling/Getfile.aspx?fileid=58132&shareable=true
T7R-71756bf903a54cd7,1070000063,2.t.2.b.ii,v4_native,2. Underground circuit miles,Transmission,HFTD Tier 2,Rural,Non-WUI,Circuit miles,v4_native,16.9733335084851,,,SDG&E,2025,4,v4.01,3,4,SDGE_2025_Q4_R3.xlsx,Table 7,65,M65,https://efiling.energysafety.ca.gov/eFiling/Getfile.aspx?fileid=58132&shareable=true
T7R-8a0b53cf6af54691,1070000064,2.t.2.c.i,v4_native,2. Underground circuit miles,Transmission,HFTD Tier 2,Highly rural,WUI,Circuit miles,v4_native,0,,,SDG&E,2025,4,v4.01,3,4,SDGE_2025_Q4_R3.xlsx,Table 7,66,M66,https://efiling.energysafety.ca.gov/eFiling/Getfile.aspx?fileid=58132&shareable=true
T7R-7a941c6baba33aa7,1070000065,2.t.2.c.ii,v4_native,2. Underground circuit miles,Transmission,HFTD Tier 2,Highly rural,Non-WUI,Circuit miles,v4_native,0,,,SDG&E,2025,4,v4.01,3,4,SDGE_2025_Q4_R3.xlsx,Table 7,67,M67,https://efiling.energysafety.ca.gov/eFiling/Getfile.aspx?fileid=58132&shareable=true
T7R-eb10751f1dde5563,1070000066,2.t.3.a.i,v4_native,2. Underground circuit miles,Transmission,HFTD Tier 3,Urban,WUI,Circuit miles,v4_native,1.7610273046824,,,SDG&E,2025,4,v4.01,3,4,SDGE_2025_Q4_R3.xlsx,Table 7,68,M68,https://efiling.energysafety.ca.gov/eFiling/Getfile.aspx?fileid=58132&shareable=true
T7R-be752a2b04ac3c31,1070000067,2.t.3.a.ii,v4_native,2. Underground circuit miles,Transmission,HFTD Tier 3,Urban,Non-WUI,Circuit miles,v4_native,0.650118426872256,,,SDG&E,2025,4,v4.01,3,4,SDGE_2025_Q4_R3.xlsx,Table 7,69,M69,https://efiling.energysafety.ca.gov/eFiling/Getfile.aspx?fileid=58132&shareable=true
T7R-f6c0e1401a944a79,1070000068,2.t.3.b.i,v4_native,2. Underground circuit miles,Transmission,HFTD Tier 3,Rural,WUI,Circuit miles,v4_native,3.50730562141012,,,SDG&E,2025,4,v4.01,3,4,SDGE_2025_Q4_R3.xlsx,Table 7,70,M70,https://efiling.energysafety.ca.gov/eFiling/Getfile.aspx?fileid=58132&shareable=true
T7R-3a05516e6ebd794c,1070000069,2.t.3.b.ii,v4_native,2. Underground circuit miles,Transmission,HFTD Tier 3,Rural,Non-WUI,Circuit miles,v4_native,3.46845012862462,,,SDG&E,2025,4,v4.01,3,4,SDGE_2025_Q4_R3.xlsx,Table 7,71,M71,https://efiling.energysafety.ca.gov/eFiling/Getfile.aspx?fileid=58132&shareable=true
T7R-70019faaeed411ae,1070000070,2.t.3.c.i,v4_native,2. Underground circuit miles,Transmission,HFTD Tier 3,Highly rural,WUI,Circuit miles,v4_native,0,,,SDG&E,2025,4,v4.01,3,4,SDGE_2025_Q4_R3.xlsx,Table 7,72,M72,https://efiling.energysafety.ca.gov/eFiling/Getfile.aspx?fileid=58132&shareable=true
T7R-2b3f86d22e6ba828,1070000071,2.t.3.c.ii,v4_native,2. Underground circuit miles,Transmission,HFTD Tier 3,Highly rural,Non-WUI,Circuit miles,v4_native,0,,,SDG&E,2025,4,v4.01,3,4,SDGE_2025_Q4_R3.xlsx,Table 7,73,M73,https://efiling.energysafety.ca.gov/eFiling/Getfile.aspx?fileid=58132&shareable=true
T7R-8ff8d7114cb14274,1070000072,3.0.a.i,v4_native,3. Critical facilities,,Non-HFTD,Urban,WUI,Number of critical facilities,v4_native,3249,,,SDG&E,2025,4,v4.01,3,4,SDGE_2025_Q4_R3.xlsx,Table 7,74,M74,https://efiling.energysafety.ca.gov/eFiling/Getfile.aspx?fileid=58132&shareable=true
T7R-319bff86c65f0b9c,1070000073,3.0.a.ii,v4_native,3. Critical facilities,,Non-HFTD,Urban,Non-WUI,Number of critical facilities,v4_native,15666,,,SDG&E,2025,4,v4.01,3,4,SDGE_2025_Q4_R3.xlsx,Table 7,75,M75,https://efiling.energysafety.ca.gov/eFiling/Getfile.aspx?fileid=58132&shareable=true
T7R-51b1b2668af2b4e0,1070000074,3.0.b.i,v4_native,3. Critical facilities,,Non-HFTD,Rural,WUI,Number of critical facilities,v4_native,497,,,SDG&E,2025,4,v4.01,3,4,SDGE_2025_Q4_R3.xlsx,Table 7,76,M76,https://efiling.energysafety.ca.gov/eFiling/Getfile.aspx?fileid=58132&shareable=true
T7R-3fa1e1cedc8e3f65,1070000075,3.0.b.ii,v4_native,3. Critical facilities,,Non-HFTD,Rural,Non-WUI,Number of critical facilities,v4_native,2074,,,SDG&E,2025,4,v4.01,3,4,SDGE_2025_Q4_R3.xlsx,Table 7,77,M77,https://efiling.energysafety.ca.gov/eFiling/Getfile.aspx?fileid=58132&shareable=true
T7R-380d9db1e5c95474,1070000076,3.0.c.i,v4_native,3. Critical facilities,,Non-HFTD,Highly rural,WUI,Number of critical facilities,v4_native,3,,,SDG&E,2025,4,v4.01,3,4,SDGE_2025_Q4_R3.xlsx,Table 7,78,M78,https://efiling.energysafety.ca.gov/eFiling/Getfile.aspx?fileid=58132&shareable=true
T7R-ab349194b4507540,1070000077,3.0.c.ii,v4_native,3. Critical facilities,,Non-HFTD,Highly rural,Non-WUI,Number of critical facilities,v4_native,66,,,SDG&E,2025,4,v4.01,3,4,SDGE_2025_Q4_R3.xlsx,Table 7,79,M79,https://efiling.energysafety.ca.gov/eFiling/Getfile.aspx?fileid=58132&shareable=true
T7R-dcfe00653f856489,1070000078,3.2.a.i,v4_native,3. Critical facilities,,HFTD Tier 2,Urban,WUI,Number of critical facilities,v4_native,986,,,SDG&E,2025,4,v4.01,3,4,SDGE_2025_Q4_R3.xlsx,Table 7,80,M80,https://efiling.energysafety.ca.gov/eFiling/Getfile.aspx?fileid=58132&shareable=true
T7R-afabefec0181bd16,1070000079,3.2.a.ii,v4_native,3. Critical facilities,,HFTD Tier 2,Urban,Non-WUI,Number of critical facilities,v4_native,397,,,SDG&E,2025,4,v4.01,3,4,SDGE_2025_Q4_R3.xlsx,Table 7,81,M81,https://efiling.energysafety.ca.gov/eFiling/Getfile.aspx?fileid=58132&shareable=true
T7R-9fcc0bb49a80ea7a,1070000080,3.2.b.i,v4_native,3. Critical facilities,,HFTD Tier 2,Rural,WUI,Number of critical facilities,v4_native,916,,,SDG&E,2025,4,v4.01,3,4,SDGE_2025_Q4_R3.xlsx,Table 7,82,M82,https://efiling.energysafety.ca.gov/eFiling/Getfile.aspx?fileid=58132&shareable=true
T7R-2fce12ecdc741dae,1070000081,3.2.b.ii,v4_native,3. Critical facilities,,HFTD Tier 2,Rural,Non-WUI,Number of critical facilities,v4_native,915,,,SDG&E,2025,4,v4.01,3,4,SDGE_2025_Q4_R3.xlsx,Table 7,83,M83,https://efiling.energysafety.ca.gov/eFiling/Getfile.aspx?fileid=58132&shareable=true
T7R-4fc4333fe748eb5f,1070000082,3.2.c.i,v4_native,3. Critical facilities,,HFTD Tier 2,Highly rural,WUI,Number of critical facilities,v4_native,12,,,SDG&E,2025,4,v4.01,3,4,SDGE_2025_Q4_R3.xlsx,Table 7,84,M84,https://efiling.energysafety.ca.gov/eFiling/Getfile.aspx?fileid=58132&shareable=true
T7R-74b6989d6105d5fa,1070000083,3.2.c.ii,v4_native,3. Critical facilities,,HFTD Tier 2,Highly rural,Non-WUI,Number of critical facilities,v4_native,88,,,SDG&E,2025,4,v4.01,3,4,SDGE_2025_Q4_R3.xlsx,Table 7,85,M85,https://efiling.energysafety.ca.gov/eFiling/Getfile.aspx?fileid=58132&shareable=true
T7R-094f8dba58619116,1070000084,3.3.a.i,v4_native,3. Critical facilities,,HFTD Tier 3,Urban,WUI,Number of critical facilities,v4_native,2,,,SDG&E,2025,4,v4.01,3,4,SDGE_2025_Q4_R3.xlsx,Table 7,86,M86,https://efiling.energysafety.ca.gov/eFiling/Getfile.aspx?fileid=58132&shareable=true
T7R-a76078fac4fe6d1d,1070000085,3.3.a.ii,v4_native,3. Critical facilities,,HFTD Tier 3,Urban,Non-WUI,Number of critical facilities,v4_native,0,,,SDG&E,2025,4,v4.01,3,4,SDGE_2025_Q4_R3.xlsx,Table 7,87,M87,https://efiling.energysafety.ca.gov/eFiling/Getfile.aspx?fileid=58132&shareable=true
T7R-1f96a7e2ae979f72,1070000086,3.3.b.i,v4_native,3. Critical facilities,,HFTD Tier 3,Rural,WUI,Number of critical facilities,v4_native,504,,,SDG&E,2025,4,v4.01,3,4,SDGE_2025_Q4_R3.xlsx,Table 7,88,M88,https://efiling.energysafety.ca.gov/eFiling/Getfile.aspx?fileid=58132&shareable=true
T7R-cae06fdd445ca38b,1070000087,3.3.b.ii,v4_native,3. Critical facilities,,HFTD Tier 3,Rural,Non-WUI,Number of critical facilities,v4_native,862,,,SDG&E,2025,4,v4.01,3,4,SDGE_2025_Q4_R3.xlsx,Table 7,89,M89,https://efiling.energysafety.ca.gov/eFiling/Getfile.aspx?fileid=58132&shareable=true
T7R-ccaef37854995eba,1070000088,3.3.c.i,v4_native,3. Critical facilities,,HFTD Tier 3,Highly rural,WUI,Number of critical facilities,v4_native,13,,,SDG&E,2025,4,v4.01,3,4,SDGE_2025_Q4_R3.xlsx,Table 7,90,M90,https://efiling.energysafety.ca.gov/eFiling/Getfile.aspx?fileid=58132&shareable=true
T7R-21588de134cfc148,1070000089,3.3.c.ii,v4_native,3. Critical facilities,,HFTD Tier 3,Highly rural,Non-WUI,Number of critical facilities,v4_native,69,,,SDG&E,2025,4,v4.01,3,4,SDGE_2025_Q4_R3.xlsx,Table 7,91,M91,https://efiling.energysafety.ca.gov/eFiling/Getfile.aspx?fileid=58132&shareable=true
T7R-350a459be600bbf7,1070000090,4.0.a.i,v4_native,4. Residential customers,,Non-HFTD,Urban,WUI,Number of residential customers,v4_native,217821,,,SDG&E,2025,4,v4.01,3,4,SDGE_2025_Q4_R3.xlsx,Table 7,92,M92,https://efiling.energysafety.ca.gov/eFiling/Getfile.aspx?fileid=58132&shareable=true
T7R-629e435e5d4bac32,1070000091,4.0.a.ii,v4_native,4. Residential customers,,Non-HFTD,Urban,Non-WUI,Number of residential customers,v4_native,913531,,,SDG&E,2025,4,v4.01,3,4,SDGE_2025_Q4_R3.xlsx,Table 7,93,M93,https://efiling.energysafety.ca.gov/eFiling/Getfile.aspx?fileid=58132&shareable=true
T7R-16c8ba5953e119ae,1070000092,4.0.b.i,v4_native,4. Residential customers,,Non-HFTD,Rural,WUI,Number of residential customers,v4_native,23142,,,SDG&E,2025,4,v4.01,3,4,SDGE_2025_Q4_R3.xlsx,Table 7,94,M94,https://efiling.energysafety.ca.gov/eFiling/Getfile.aspx?fileid=58132&shareable=true
T7R-fc9cf76998c7c4b0,1070000093,4.0.b.ii,v4_native,4. Residential customers,,Non-HFTD,Rural,Non-WUI,Number of residential customers,v4_native,20403,,,SDG&E,2025,4,v4.01,3,4,SDGE_2025_Q4_R3.xlsx,Table 7,95,M95,https://efiling.energysafety.ca.gov/eFiling/Getfile.aspx?fileid=58132&shareable=true
T7R-855389a03828bbdf,1070000094,4.0.c.i,v4_native,4. Residential customers,,Non-HFTD,Highly rural,WUI,Number of residential customers,v4_native,1003,,,SDG&E,2025,4,v4.01,3,4,SDGE_2025_Q4_R3.xlsx,Table 7,96,M96,https://efiling.energysafety.ca.gov/eFiling/Getfile.aspx?fileid=58132&shareable=true
T7R-04ef43992f0a5042,1070000095,4.0.c.ii,v4_native,4. Residential customers,,Non-HFTD,Highly rural,Non-WUI,Number of residential customers,v4_native,1663,,,SDG&E,2025,4,v4.01,3,4,SDGE_2025_Q4_R3.xlsx,Table 7,97,M97,https://efiling.energysafety.ca.gov/eFiling/Getfile.aspx?fileid=58132&shareable=true
T7R-8ed9e7957b98a97a,1070000096,4.2.a.i,v4_native,4. Residential customers,,HFTD Tier 2,Urban,WUI,Number of residential customers,v4_native,80023,,,SDG&E,2025,4,v4.01,3,4,SDGE_2025_Q4_R3.xlsx,Table 7,98,M98,https://efiling.energysafety.ca.gov/eFiling/Getfile.aspx?fileid=58132&shareable=true
T7R-c79d42c8d68a1c93,1070000097,4.2.a.ii,v4_native,4. Residential customers,,HFTD Tier 2,Urban,Non-WUI,Number of residential customers,v4_native,23574,,,SDG&E,2025,4,v4.01,3,4,SDGE_2025_Q4_R3.xlsx,Table 7,99,M99,https://efiling.energysafety.ca.gov/eFiling/Getfile.aspx?fileid=58132&shareable=true
T7R-744be4500d99cf58,1070000098,4.2.b.i,v4_native,4. Residential customers,,HFTD Tier 2,Rural,WUI,Number of residential customers,v4_native,46173,,,SDG&E,2025,4,v4.01,3,4,SDGE_2025_Q4_R3.xlsx,Table 7,100,M100,https://efiling.energysafety.ca.gov/eFiling/Getfile.aspx?fileid=58132&shareable=true
T7R-18fc348dd4faacce,1070000099,4.2.b.ii,v4_native,4. Residential customers,,HFTD Tier 2,Rural,Non-WUI,Number of residential customers,v4_native,16740,,,SDG&E,2025,4,v4.01,3,4,SDGE_2025_Q4_R3.xlsx,Table 7,101,M101,https://efiling.energysafety.ca.gov/eFiling/Getfile.aspx?fileid=58132&shareable=true
T7R-17baac64265ec976,1070000100,4.2.c.i,v4_native,4. Residential customers,,HFTD Tier 2,Highly rural,WUI,Number of residential customers,v4_native,256,,,SDG&E,2025,4,v4.01,3,4,SDGE_2025_Q4_R3.xlsx,Table 7,102,M102,https://efiling.energysafety.ca.gov/eFiling/Getfile.aspx?fileid=58132&shareable=true
T7R-0c88cf719b8985ec,1070000101,4.2.c.ii,v4_native,4. Residential customers,,HFTD Tier 2,Highly rural,Non-WUI,Number of residential customers,v4_native,493,,,SDG&E,2025,4,v4.01,3,4,SDGE_2025_Q4_R3.xlsx,Table 7,103,M103,https://efiling.energysafety.ca.gov/eFiling/Getfile.aspx?fileid=58132&shareable=true
T7R-5980601fa9df6ef3,1070000102,4.3.a.i,v4_native,4. Residential customers,,HFTD Tier 3,Urban,WUI,Number of residential customers,v4_native,102,,,SDG&E,2025,4,v4.01,3,4,SDGE_2025_Q4_R3.xlsx,Table 7,104,M104,https://efiling.energysafety.ca.gov/eFiling/Getfile.aspx?fileid=58132&shareable=true
T7R-1e616dcfa4d84b67,1070000103,4.3.a.ii,v4_native,4. Residential customers,,HFTD Tier 3,Urban,Non-WUI,Number of residential customers,v4_native,3,,,SDG&E,2025,4,v4.01,3,4,SDGE_2025_Q4_R3.xlsx,Table 7,105,M105,https://efiling.energysafety.ca.gov/eFiling/Getfile.aspx?fileid=58132&shareable=true
T7R-a6c1f9ead610f240,1070000104,4.3.b.i,v4_native,4. Residential customers,,HFTD Tier 3,Rural,WUI,Number of residential customers,v4_native,18917,,,SDG&E,2025,4,v4.01,3,4,SDGE_2025_Q4_R3.xlsx,Table 7,106,M106,https://efiling.energysafety.ca.gov/eFiling/Getfile.aspx?fileid=58132&shareable=true
T7R-c6af8589967dfd79,1070000105,4.3.b.ii,v4_native,4. Residential customers,,HFTD Tier 3,Rural,Non-WUI,Number of residential customers,v4_native,8463,,,SDG&E,2025,4,v4.01,3,4,SDGE_2025_Q4_R3.xlsx,Table 7,107,M107,https://efiling.energysafety.ca.gov/eFiling/Getfile.aspx?fileid=58132&shareable=true
T7R-0e1b374f9aff13af,1070000106,4.3.c.i,v4_native,4. Residential customers,,HFTD Tier 3,Highly rural,WUI,Number of residential customers,v4_native,156,,,SDG&E,2025,4,v4.01,3,4,SDGE_2025_Q4_R3.xlsx,Table 7,108,M108,https://efiling.energysafety.ca.gov/eFiling/Getfile.aspx?fileid=58132&shareable=true
T7R-1680bd18899bedc0,1070000107,4.3.c.ii,v4_native,4. Residential customers,,HFTD Tier 3,Highly rural,Non-WUI,Number of residential customers,v4_native,547,,,SDG&E,2025,4,v4.01,3,4,SDGE_2025_Q4_R3.xlsx,Table 7,109,M109,https://efiling.energysafety.ca.gov/eFiling/Getfile.aspx?fileid=58132&shareable=true
T7R-902e211873d419cb,1070000108,5.0.a.i,v4_native,5. Commercial customers,,Non-HFTD,Urban,WUI,Number of commercial customers,v4_native,16143,,,SDG&E,2025,4,v4.01,3,4,SDGE_2025_Q4_R3.xlsx,Table 7,110,M110,https://efiling.energysafety.ca.gov/eFiling/Getfile.aspx?fileid=58132&shareable=true
T7R-8876151f0bb69cdd,1070000109,5.0.a.ii,v4_native,5. Commercial customers,,Non-HFTD,Urban,Non-WUI,Number of commercial customers,v4_native,95881,,,SDG&E,2025,4,v4.01,3,4,SDGE_2025_Q4_R3.xlsx,Table 7,111,M111,https://efiling.energysafety.ca.gov/eFiling/Getfile.aspx?fileid=58132&shareable=true
T7R-273445ecf4ab51de,1070000110,5.0.b.i,v4_native,5. Commercial customers,,Non-HFTD,Rural,WUI,Number of commercial customers,v4_native,2686,,,SDG&E,2025,4,v4.01,3,4,SDGE_2025_Q4_R3.xlsx,Table 7,112,M112,https://efiling.energysafety.ca.gov/eFiling/Getfile.aspx?fileid=58132&shareable=true
T7R-3b463668aadae633,1070000111,5.0.b.ii,v4_native,5. Commercial customers,,Non-HFTD,Rural,Non-WUI,Number of commercial customers,v4_native,20111,,,SDG&E,2025,4,v4.01,3,4,SDGE_2025_Q4_R3.xlsx,Table 7,113,M113,https://efiling.energysafety.ca.gov/eFiling/Getfile.aspx?fileid=58132&shareable=true
T7R-026a241992cabd40,1070000112,5.0.c.i,v4_native,5. Commercial customers,,Non-HFTD,Highly rural,WUI,Number of commercial customers,v4_native,98,,,SDG&E,2025,4,v4.01,3,4,SDGE_2025_Q4_R3.xlsx,Table 7,114,M114,https://efiling.energysafety.ca.gov/eFiling/Getfile.aspx?fileid=58132&shareable=true
T7R-a1aefaa995312d2c,1070000113,5.0.c.ii,v4_native,5. Commercial customers,,Non-HFTD,Highly rural,Non-WUI,Number of commercial customers,v4_native,381,,,SDG&E,2025,4,v4.01,3,4,SDGE_2025_Q4_R3.xlsx,Table 7,115,M115,https://efiling.energysafety.ca.gov/eFiling/Getfile.aspx?fileid=58132&shareable=true
T7R-57adeb1093386d65,1070000114,5.2.a.i,v4_native,5. Commercial customers,,HFTD Tier 2,Urban,WUI,Number of commercial customers,v4_native,4740,,,SDG&E,2025,4,v4.01,3,4,SDGE_2025_Q4_R3.xlsx,Table 7,116,M116,https://efiling.energysafety.ca.gov/eFiling/Getfile.aspx?fileid=58132&shareable=true
T7R-3b60bdfaae7af6dc,1070000115,5.2.a.ii,v4_native,5. Commercial customers,,HFTD Tier 2,Urban,Non-WUI,Number of commercial customers,v4_native,2647,,,SDG&E,2025,4,v4.01,3,4,SDGE_2025_Q4_R3.xlsx,Table 7,117,M117,https://efiling.energysafety.ca.gov/eFiling/Getfile.aspx?fileid=58132&shareable=true
T7R-6a4ee0dd8e462c2c,1070000116,5.2.b.i,v4_native,5. Commercial customers,,HFTD Tier 2,Rural,WUI,Number of commercial customers,v4_native,4254,,,SDG&E,2025,4,v4.01,3,4,SDGE_2025_Q4_R3.xlsx,Table 7,118,M118,https://efiling.energysafety.ca.gov/eFiling/Getfile.aspx?fileid=58132&shareable=true
T7R-5865817f84302e27,1070000117,5.2.b.ii,v4_native,5. Commercial customers,,HFTD Tier 2,Rural,Non-WUI,Number of commercial customers,v4_native,3859,,,SDG&E,2025,4,v4.01,3,4,SDGE_2025_Q4_R3.xlsx,Table 7,119,M119,https://efiling.energysafety.ca.gov/eFiling/Getfile.aspx?fileid=58132&shareable=true
T7R-b1e37886a7ed076c,1070000118,5.2.c.i,v4_native,5. Commercial customers,,HFTD Tier 2,Highly rural,WUI,Number of commercial customers,v4_native,34,,,SDG&E,2025,4,v4.01,3,4,SDGE_2025_Q4_R3.xlsx,Table 7,120,M120,https://efiling.energysafety.ca.gov/eFiling/Getfile.aspx?fileid=58132&shareable=true
T7R-cccfd197a4b7cf83,1070000119,5.2.c.ii,v4_native,5. Commercial customers,,HFTD Tier 2,Highly rural,Non-WUI,Number of commercial customers,v4_native,216,,,SDG&E,2025,4,v4.01,3,4,SDGE_2025_Q4_R3.xlsx,Table 7,121,M121,https://efiling.energysafety.ca.gov/eFiling/Getfile.aspx?fileid=58132&shareable=true
T7R-1eccf680aded8301,1070000120,5.3.a.i,v4_native,5. Commercial customers,,HFTD Tier 3,Urban,WUI,Number of commercial customers,v4_native,14,,,SDG&E,2025,4,v4.01,3,4,SDGE_2025_Q4_R3.xlsx,Table 7,122,M122,https://efiling.energysafety.ca.gov/eFiling/Getfile.aspx?fileid=58132&shareable=true
T7R-2c20e19e749548ca,1070000121,5.3.a.ii,v4_native,5. Commercial customers,,HFTD Tier 3,Urban,Non-WUI,Number of commercial customers,v4_native,0,,,SDG&E,2025,4,v4.01,3,4,SDGE_2025_Q4_R3.xlsx,Table 7,123,M123,https://efiling.energysafety.ca.gov/eFiling/Getfile.aspx?fileid=58132&shareable=true
T7R-851c30c94835fb24,1070000122,5.3.b.i,v4_native,5. Commercial customers,,HFTD Tier 3,Rural,WUI,Number of commercial customers,v4_native,2197,,,SDG&E,2025,4,v4.01,3,4,SDGE_2025_Q4_R3.xlsx,Table 7,124,M124,https://efiling.energysafety.ca.gov/eFiling/Getfile.aspx?fileid=58132&shareable=true
T7R-310ac130ae22646d,1070000123,5.3.b.ii,v4_native,5. Commercial customers,,HFTD Tier 3,Rural,Non-WUI,Number of commercial customers,v4_native,2600,,,SDG&E,2025,4,v4.01,3,4,SDGE_2025_Q4_R3.xlsx,Table 7,125,M125,https://efiling.energysafety.ca.gov/eFiling/Getfile.aspx?fileid=58132&shareable=true
T7R-6ebae6474b5a2bfd,1070000124,5.3.c.i,v4_native,5. Commercial customers,,HFTD Tier 3,Highly rural,WUI,Number of commercial customers,v4_native,50,,,SDG&E,2025,4,v4.01,3,4,SDGE_2025_Q4_R3.xlsx,Table 7,126,M126,https://efiling.energysafety.ca.gov/eFiling/Getfile.aspx?fileid=58132&shareable=true
T7R-a484245c7ec07850,1070000125,5.3.c.ii,v4_native,5. Commercial customers,,HFTD Tier 3,Highly rural,Non-WUI,Number of commercial customers,v4_native,236,,,SDG&E,2025,4,v4.01,3,4,SDGE_2025_Q4_R3.xlsx,Table 7,127,M127,https://efiling.energysafety.ca.gov/eFiling/Getfile.aspx?fileid=58132&shareable=true
T7R-bfd8b2784f8c78e2,1070000126,6.0.a.i,v4_native,6. AFN customers,,Non-HFTD,Urban,WUI,Number of customers belonging to access and functional needs populations,v4_native,47014,,,SDG&E,2025,4,v4.01,3,4,SDGE_2025_Q4_R3.xlsx,Table 7,128,M128,https://efiling.energysafety.ca.gov/eFiling/Getfile.aspx?fileid=58132&shareable=true
T7R-9c92a09ad3247e7b,1070000127,6.0.a.ii,v4_native,6. AFN customers,,Non-HFTD,Urban,Non-WUI,Number of customers belonging to access and functional needs populations,v4_native,296674,,,SDG&E,2025,4,v4.01,3,4,SDGE_2025_Q4_R3.xlsx,Table 7,129,M129,https://efiling.energysafety.ca.gov/eFiling/Getfile.aspx?fileid=58132&shareable=true
T7R-516a86dfb899e184,1070000128,6.0.b.i,v4_native,6. AFN customers,,Non-HFTD,Rural,WUI,Number of customers belonging to access and functional needs populations,v4_native,4466,,,SDG&E,2025,4,v4.01,3,4,SDGE_2025_Q4_R3.xlsx,Table 7,130,M130,https://efiling.energysafety.ca.gov/eFiling/Getfile.aspx?fileid=58132&shareable=true
T7R-074e57f9952d85cb,1070000129,6.0.b.ii,v4_native,6. AFN customers,,Non-HFTD,Rural,Non-WUI,Number of customers belonging to access and functional needs populations,v4_native,3966,,,SDG&E,2025,4,v4.01,3,4,SDGE_2025_Q4_R3.xlsx,Table 7,131,M131,https://efiling.energysafety.ca.gov/eFiling/Getfile.aspx?fileid=58132&shareable=true
T7R-825a7a810625fa39,1070000130,6.0.c.i,v4_native,6. AFN customers,,Non-HFTD,Highly rural,WUI,Number of customers belonging to access and functional needs populations,v4_native,404,,,SDG&E,2025,4,v4.01,3,4,SDGE_2025_Q4_R3.xlsx,Table 7,132,M132,https://efiling.energysafety.ca.gov/eFiling/Getfile.aspx?fileid=58132&shareable=true
T7R-f3a86651e127ba7e,1070000131,6.0.c.ii,v4_native,6. AFN customers,,Non-HFTD,Highly rural,Non-WUI,Number of customers belonging to access and functional needs populations,v4_native,314,,,SDG&E,2025,4,v4.01,3,4,SDGE_2025_Q4_R3.xlsx,Table 7,133,M133,https://efiling.energysafety.ca.gov/eFiling/Getfile.aspx?fileid=58132&shareable=true
T7R-6f0741746a0fd7d2,1070000132,6.2.a.i,v4_native,6. AFN customers,,HFTD Tier 2,Urban,WUI,Number of customers belonging to access and functional needs populations,v4_native,16231,,,SDG&E,2025,4,v4.01,3,4,SDGE_2025_Q4_R3.xlsx,Table 7,134,M134,https://efiling.energysafety.ca.gov/eFiling/Getfile.aspx?fileid=58132&shareable=true
T7R-9a0ae56eb023843b,1070000133,6.2.a.ii,v4_native,6. AFN customers,,HFTD Tier 2,Urban,Non-WUI,Number of customers belonging to access and functional needs populations,v4_native,6608,,,SDG&E,2025,4,v4.01,3,4,SDGE_2025_Q4_R3.xlsx,Table 7,135,M135,https://efiling.energysafety.ca.gov/eFiling/Getfile.aspx?fileid=58132&shareable=true
T7R-61710e656f454955,1070000134,6.2.b.i,v4_native,6. AFN customers,,HFTD Tier 2,Rural,WUI,Number of customers belonging to access and functional needs populations,v4_native,9506,,,SDG&E,2025,4,v4.01,3,4,SDGE_2025_Q4_R3.xlsx,Table 7,136,M136,https://efiling.energysafety.ca.gov/eFiling/Getfile.aspx?fileid=58132&shareable=true
T7R-a85755cc17584645,1070000135,6.2.b.ii,v4_native,6. AFN customers,,HFTD Tier 2,Rural,Non-WUI,Number of customers belonging to access and functional needs populations,v4_native,3620,,,SDG&E,2025,4,v4.01,3,4,SDGE_2025_Q4_R3.xlsx,Table 7,137,M137,https://efiling.energysafety.ca.gov/eFiling/Getfile.aspx?fileid=58132&shareable=true
T7R-03976da32a5ec451,1070000136,6.2.c.i,v4_native,6. AFN customers,,HFTD Tier 2,Highly rural,WUI,Number of customers belonging to access and functional needs populations,v4_native,100,,,SDG&E,2025,4,v4.01,3,4,SDGE_2025_Q4_R3.xlsx,Table 7,138,M138,https://efiling.energysafety.ca.gov/eFiling/Getfile.aspx?fileid=58132&shareable=true
T7R-e8998ff5281125f9,1070000137,6.2.c.ii,v4_native,6. AFN customers,,HFTD Tier 2,Highly rural,Non-WUI,Number of customers belonging to access and functional needs populations,v4_native,169,,,SDG&E,2025,4,v4.01,3,4,SDGE_2025_Q4_R3.xlsx,Table 7,139,M139,https://efiling.energysafety.ca.gov/eFiling/Getfile.aspx?fileid=58132&shareable=true
T7R-b3a18543d66f156f,1070000138,6.3.a.i,v4_native,6. AFN customers,,HFTD Tier 3,Urban,WUI,Number of customers belonging to access and functional needs populations,v4_native,26,,,SDG&E,2025,4,v4.01,3,4,SDGE_2025_Q4_R3.xlsx,Table 7,140,M140,https://efiling.energysafety.ca.gov/eFiling/Getfile.aspx?fileid=58132&shareable=true
T7R-25eb0d26e1059e35,1070000139,6.3.a.ii,v4_native,6. AFN customers,,HFTD Tier 3,Urban,Non-WUI,Number of customers belonging to access and functional needs populations,v4_native,1,,,SDG&E,2025,4,v4.01,3,4,SDGE_2025_Q4_R3.xlsx,Table 7,141,M141,https://efiling.energysafety.ca.gov/eFiling/Getfile.aspx?fileid=58132&shareable=true
T7R-652047c9944389b6,1070000140,6.3.b.i,v4_native,6. AFN customers,,HFTD Tier 3,Rural,WUI,Number of customers belonging to access and functional needs populations,v4_native,5579,,,SDG&E,2025,4,v4.01,3,4,SDGE_2025_Q4_R3.xlsx,Table 7,142,M142,https://efiling.energysafety.ca.gov/eFiling/Getfile.aspx?fileid=58132&shareable=true
T7R-35cafbcdd126f8fd,1070000141,6.3.b.ii,v4_native,6. AFN customers,,HFTD Tier 3,Rural,Non-WUI,Number of customers belonging to access and functional needs populations,v4_native,2150,,,SDG&E,2025,4,v4.01,3,4,SDGE_2025_Q4_R3.xlsx,Table 7,143,M143,https://efiling.energysafety.ca.gov/eFiling/Getfile.aspx?fileid=58132&shareable=true
T7R-14b89ecb6326a759,1070000142,6.3.c.i,v4_native,6. AFN customers,,HFTD Tier 3,Highly rural,WUI,Number of customers belonging to access and functional needs populations,v4_native,37,,,SDG&E,2025,4,v4.01,3,4,SDGE_2025_Q4_R3.xlsx,Table 7,144,M144,https://efiling.energysafety.ca.gov/eFiling/Getfile.aspx?fileid=58132&shareable=true
T7R-58a21b852ba07bf9,1070000143,6.3.c.ii,v4_native,6. AFN customers,,HFTD Tier 3,Highly rural,Non-WUI,Number of customers belonging to access and functional needs populations,v4_native,158,,,SDG&E,2025,4,v4.01,3,4,SDGE_2025_Q4_R3.xlsx,Table 7,145,M145,https://efiling.energysafety.ca.gov/eFiling/Getfile.aspx?fileid=58132&shareable=true
T7R-fc042867e2b25299,1070000144,7.0.a.i,v4_native,7. Substations,,Non-HFTD,Urban,WUI,Number of substations,v4_native,12,,,SDG&E,2025,4,v4.01,3,4,SDGE_2025_Q4_R3.xlsx,Table 7,146,M146,https://efiling.energysafety.ca.gov/eFiling/Getfile.aspx?fileid=58132&shareable=true
T7R-b8023c146fe41491,1070000145,7.0.a.ii,v4_native,7. Substations,,Non-HFTD,Urban,Non-WUI,Number of substations,v4_native,71,,,SDG&E,2025,4,v4.01,3,4,SDGE_2025_Q4_R3.xlsx,Table 7,147,M147,https://efiling.energysafety.ca.gov/eFiling/Getfile.aspx?fileid=58132&shareable=true
T7R-02cead17313d4715,1070000146,7.0.b.i,v4_native,7. Substations,,Non-HFTD,Rural,WUI,Number of substations,v4_native,4,,,SDG&E,2025,4,v4.01,3,4,SDGE_2025_Q4_R3.xlsx,Table 7,148,M148,https://efiling.energysafety.ca.gov/eFiling/Getfile.aspx?fileid=58132&shareable=true
T7R-66dd41806c3ed9cb,1070000147,7.0.b.ii,v4_native,7. Substations,,Non-HFTD,Rural,Non-WUI,Number of substations,v4_native,23,,,SDG&E,2025,4,v4.01,3,4,SDGE_2025_Q4_R3.xlsx,Table 7,149,M149,https://efiling.energysafety.ca.gov/eFiling/Getfile.aspx?fileid=58132&shareable=true
T7R-7648802db781c336,1070000148,7.0.c.i,v4_native,7. Substations,,Non-HFTD,Highly rural,WUI,Number of substations,v4_native,0,,,SDG&E,2025,4,v4.01,3,4,SDGE_2025_Q4_R3.xlsx,Table 7,150,M150,https://efiling.energysafety.ca.gov/eFiling/Getfile.aspx?fileid=58132&shareable=true
T7R-a6c311c5e525b051,1070000149,7.0.c.ii,v4_native,7. Substations,,Non-HFTD,Highly rural,Non-WUI,Number of substations,v4_native,3,,,SDG&E,2025,4,v4.01,3,4,SDGE_2025_Q4_R3.xlsx,Table 7,151,M151,https://efiling.energysafety.ca.gov/eFiling/Getfile.aspx?fileid=58132&shareable=true
T7R-43846cee22e49b2a,1070000150,7.2.a.i,v4_native,7. Substations,,HFTD Tier 2,Urban,WUI,Number of substations,v4_native,2,,,SDG&E,2025,4,v4.01,3,4,SDGE_2025_Q4_R3.xlsx,Table 7,152,M152,https://efiling.energysafety.ca.gov/eFiling/Getfile.aspx?fileid=58132&shareable=true
T7R-8e3840e08ce79499,1070000151,7.2.a.ii,v4_native,7. Substations,,HFTD Tier 2,Urban,Non-WUI,Number of substations,v4_native,7,,,SDG&E,2025,4,v4.01,3,4,SDGE_2025_Q4_R3.xlsx,Table 7,153,M153,https://efiling.energysafety.ca.gov/eFiling/Getfile.aspx?fileid=58132&shareable=true
T7R-e851f59e1502bca1,1070000152,7.2.b.i,v4_native,7. Substations,,HFTD Tier 2,Rural,WUI,Number of substations,v4_native,4,,,SDG&E,2025,4,v4.01,3,4,SDGE_2025_Q4_R3.xlsx,Table 7,154,M154,https://efiling.energysafety.ca.gov/eFiling/Getfile.aspx?fileid=58132&shareable=true
T7R-1b46d2b84f8528a5,1070000153,7.2.b.ii,v4_native,7. Substations,,HFTD Tier 2,Rural,Non-WUI,Number of substations,v4_native,18,,,SDG&E,2025,4,v4.01,3,4,SDGE_2025_Q4_R3.xlsx,Table 7,155,M155,https://efiling.energysafety.ca.gov/eFiling/Getfile.aspx?fileid=58132&shareable=true
T7R-f42a2819a386bd89,1070000154,7.2.c.i,v4_native,7. Substations,,HFTD Tier 2,Highly rural,WUI,Number of substations,v4_native,0,,,SDG&E,2025,4,v4.01,3,4,SDGE_2025_Q4_R3.xlsx,Table 7,156,M156,https://efiling.energysafety.ca.gov/eFiling/Getfile.aspx?fileid=58132&shareable=true
T7R-3ad6c602d6fec044,1070000155,7.2.c.ii,v4_native,7. Substations,,HFTD Tier 2,Highly rural,Non-WUI,Number of substations,v4_native,1,,,SDG&E,2025,4,v4.01,3,4,SDGE_2025_Q4_R3.xlsx,Table 7,157,M157,https://efiling.energysafety.ca.gov/eFiling/Getfile.aspx?fileid=58132&shareable=true
T7R-674bac02ad15d9a7,1070000156,7.3.a.i,v4_native,7. Substations,,HFTD Tier 3,Urban,WUI,Number of substations,v4_native,0,,,SDG&E,2025,4,v4.01,3,4,SDGE_2025_Q4_R3.xlsx,Table 7,158,M158,https://efiling.energysafety.ca.gov/eFiling/Getfile.aspx?fileid=58132&shareable=true
T7R-8bf9704b66a85d56,1070000157,7.3.a.ii,v4_native,7. Substations,,HFTD Tier 3,Urban,Non-WUI,Number of substations,v4_native,0,,,SDG&E,2025,4,v4.01,3,4,SDGE_2025_Q4_R3.xlsx,Table 7,159,M159,https://efiling.energysafety.ca.gov/eFiling/Getfile.aspx?fileid=58132&shareable=true
T7R-7d30e2cdc78756e8,1070000158,7.3.b.i,v4_native,7. Substations,,HFTD Tier 3,Rural,WUI,Number of substations,v4_native,0,,,SDG&E,2025,4,v4.01,3,4,SDGE_2025_Q4_R3.xlsx,Table 7,160,M160,https://efiling.energysafety.ca.gov/eFiling/Getfile.aspx?fileid=58132&shareable=true
T7R-5808bb62b95c7b3b,1070000159,7.3.b.ii,v4_native,7. Substations,,HFTD Tier 3,Rural,Non-WUI,Number of substations,v4_native,11,,,SDG&E,2025,4,v4.01,3,4,SDGE_2025_Q4_R3.xlsx,Table 7,161,M161,https://efiling.energysafety.ca.gov/eFiling/Getfile.aspx?fileid=58132&shareable=true
T7R-509585f89ad3fac9,1070000160,7.3.c.i,v4_native,7. Substations,,HFTD Tier 3,Highly rural,WUI,Number of substations,v4_native,0,,,SDG&E,2025,4,v4.01,3,4,SDGE_2025_Q4_R3.xlsx,Table 7,162,M162,https://efiling.energysafety.ca.gov/eFiling/Getfile.aspx?fileid=58132&shareable=true
T7R-874c3e9b4345d3ce,1070000161,7.3.c.ii,v4_native,7. Substations,,HFTD Tier 3,Highly rural,Non-WUI,Number of substations,v4_native,1,,,SDG&E,2025,4,v4.01,3,4,SDGE_2025_Q4_R3.xlsx,Table 7,163,M163,https://efiling.energysafety.ca.gov/eFiling/Getfile.aspx?fileid=58132&shareable=true
T7R-7ef49742e387e43c,1070000162,8.0.a.i,v4_native,8. Weather stations,,Non-HFTD,Urban,WUI,Number of weather stations,v4_native,3,,,SDG&E,2025,4,v4.01,3,4,SDGE_2025_Q4_R3.xlsx,Table 7,164,M164,https://efiling.energysafety.ca.gov/eFiling/Getfile.aspx?fileid=58132&shareable=true
T7R-24e8f6ad3525b004,1070000163,8.0.a.ii,v4_native,8. Weather stations,,Non-HFTD,Urban,Non-WUI,Number of weather stations,v4_native,14,,,SDG&E,2025,4,v4.01,3,4,SDGE_2025_Q4_R3.xlsx,Table 7,165,M165,https://efiling.energysafety.ca.gov/eFiling/Getfile.aspx?fileid=58132&shareable=true
T7R-eb8862e114e8738e,1070000164,8.0.b.i,v4_native,8. Weather stations,,Non-HFTD,Rural,WUI,Number of weather stations,v4_native,0,,,SDG&E,2025,4,v4.01,3,4,SDGE_2025_Q4_R3.xlsx,Table 7,166,M166,https://efiling.energysafety.ca.gov/eFiling/Getfile.aspx?fileid=58132&shareable=true
T7R-6dd3e0e694c36d08,1070000165,8.0.b.ii,v4_native,8. Weather stations,,Non-HFTD,Rural,Non-WUI,Number of weather stations,v4_native,3,,,SDG&E,2025,4,v4.01,3,4,SDGE_2025_Q4_R3.xlsx,Table 7,167,M167,https://efiling.energysafety.ca.gov/eFiling/Getfile.aspx?fileid=58132&shareable=true
T7R-cc1c966893cff7c0,1070000166,8.0.c.i,v4_native,8. Weather stations,,Non-HFTD,Highly rural,WUI,Number of weather stations,v4_native,0,,,SDG&E,2025,4,v4.01,3,4,SDGE_2025_Q4_R3.xlsx,Table 7,168,M168,https://efiling.energysafety.ca.gov/eFiling/Getfile.aspx?fileid=58132&shareable=true
T7R-846a0031fb1a1ca0,1070000167,8.0.c.ii,v4_native,8. Weather stations,,Non-HFTD,Highly rural,Non-WUI,Number of weather stations,v4_native,2,,,SDG&E,2025,4,v4.01,3,4,SDGE_2025_Q4_R3.xlsx,Table 7,169,M169,https://efiling.energysafety.ca.gov/eFiling/Getfile.aspx?fileid=58132&shareable=true
T7R-e9517e60292dfee6,1070000168,8.2.a.i,v4_native,8. Weather stations,,HFTD Tier 2,Urban,WUI,Number of weather stations,v4_native,2,,,SDG&E,2025,4,v4.01,3,4,SDGE_2025_Q4_R3.xlsx,Table 7,170,M170,https://efiling.energysafety.ca.gov/eFiling/Getfile.aspx?fileid=58132&shareable=true
T7R-bb79252b8aa8ff9f,1070000169,8.2.a.ii,v4_native,8. Weather stations,,HFTD Tier 2,Urban,Non-WUI,Number of weather stations,v4_native,6,,,SDG&E,2025,4,v4.01,3,4,SDGE_2025_Q4_R3.xlsx,Table 7,171,M171,https://efiling.energysafety.ca.gov/eFiling/Getfile.aspx?fileid=58132&shareable=true
T7R-6312d2146b880878,1070000170,8.2.b.i,v4_native,8. Weather stations,,HFTD Tier 2,Rural,WUI,Number of weather stations,v4_native,17,,,SDG&E,2025,4,v4.01,3,4,SDGE_2025_Q4_R3.xlsx,Table 7,172,M172,https://efiling.energysafety.ca.gov/eFiling/Getfile.aspx?fileid=58132&shareable=true
T7R-8e6c8db50dda1cb4,1070000171,8.2.b.ii,v4_native,8. Weather stations,,HFTD Tier 2,Rural,Non-WUI,Number of weather stations,v4_native,49,,,SDG&E,2025,4,v4.01,3,4,SDGE_2025_Q4_R3.xlsx,Table 7,173,M173,https://efiling.energysafety.ca.gov/eFiling/Getfile.aspx?fileid=58132&shareable=true
T7R-ed79443c77885665,1070000172,8.2.c.i,v4_native,8. Weather stations,,HFTD Tier 2,Highly rural,WUI,Number of weather stations,v4_native,1,,,SDG&E,2025,4,v4.01,3,4,SDGE_2025_Q4_R3.xlsx,Table 7,174,M174,https://efiling.energysafety.ca.gov/eFiling/Getfile.aspx?fileid=58132&shareable=true
T7R-ccd5b7dc78d1e1ff,1070000173,8.2.c.ii,v4_native,8. Weather stations,,HFTD Tier 2,Highly rural,Non-WUI,Number of weather stations,v4_native,7,,,SDG&E,2025,4,v4.01,3,4,SDGE_2025_Q4_R3.xlsx,Table 7,175,M175,https://efiling.energysafety.ca.gov/eFiling/Getfile.aspx?fileid=58132&shareable=true
T7R-48c8bb0dd4881b05,1070000174,8.3.a.i,v4_native,8. Weather stations,,HFTD Tier 3,Urban,WUI,Number of weather stations,v4_native,0,,,SDG&E,2025,4,v4.01,3,4,SDGE_2025_Q4_R3.xlsx,Table 7,176,M176,https://efiling.energysafety.ca.gov/eFiling/Getfile.aspx?fileid=58132&shareable=true
T7R-8d8ff547bf3ecb90,1070000175,8.3.a.ii,v4_native,8. Weather stations,,HFTD Tier 3,Urban,Non-WUI,Number of weather stations,v4_native,0,,,SDG&E,2025,4,v4.01,3,4,SDGE_2025_Q4_R3.xlsx,Table 7,177,M177,https://efiling.energysafety.ca.gov/eFiling/Getfile.aspx?fileid=58132&shareable=true
T7R-c53da2ab7bf4c037,1070000176,8.3.b.i,v4_native,8. Weather stations,,HFTD Tier 3,Rural,WUI,Number of weather stations,v4_native,13,,,SDG&E,2025,4,v4.01,3,4,SDGE_2025_Q4_R3.xlsx,Table 7,178,M178,https://efiling.energysafety.ca.gov/eFiling/Getfile.aspx?fileid=58132&shareable=true
T7R-1afb74db1c76131f,1070000177,8.3.b.ii,v4_native,8. Weather stations,,HFTD Tier 3,Rural,Non-WUI,Number of weather stations,v4_native,93,,,SDG&E,2025,4,v4.01,3,4,SDGE_2025_Q4_R3.xlsx,Table 7,179,M179,https://efiling.energysafety.ca.gov/eFiling/Getfile.aspx?fileid=58132&shareable=true
T7R-433fe8725ca912d2,1070000178,8.3.c.i,v4_native,8. Weather stations,,HFTD Tier 3,Highly rural,WUI,Number of weather stations,v4_native,3,,,SDG&E,2025,4,v4.01,3,4,SDGE_2025_Q4_R3.xlsx,Table 7,180,M180,https://efiling.energysafety.ca.gov/eFiling/Getfile.aspx?fileid=58132&shareable=true
T7R-d4af688e90c93f14,1070000179,8.3.c.ii,v4_native,8. Weather stations,,HFTD Tier 3,Highly rural,Non-WUI,Number of weather stations,v4_native,7,,,SDG&E,2025,4,v4.01,3,4,SDGE_2025_Q4_R3.xlsx,Table 7,181,M181,https://efiling.energysafety.ca.gov/eFiling/Getfile.aspx?fileid=58132&shareable=true
