record_id,metric_number,legacy_metric_number_mapped,crosswalk_status,metric_type,line_type,hftd_tier,area_type,wui_status,unit_canonical,unit_crosswalk_status,actual_value,comments,blank_meaning,utility_id,reporting_year,reporting_quarter,schema_version,source_revision,source_report_quarter,source_file,source_sheet,source_row,source_value_cell,guideline_url
T8R-7da0f6c5fd59e2e1,1080000000,1.d.0.a.i,metric_label_update,1. Net addition (or removal) - overhead circuit miles,Distribution,Non-HFTD,Urban,WUI,Circuit miles,exact,-1.978999999999985,,,SDG&E,2023,1,v3.1,0,4,SDGE_2023_Q4_Tables1-15.xlsx,Table 8,10,M10,https://efiling.energysafety.ca.gov/eFiling/Getfile.aspx?fileid=53475&shareable=true
T8R-0a8c6bb8af510655,1080000000,1.d.0.a.i,metric_label_update,1. Net addition (or removal) - overhead circuit miles,Distribution,Non-HFTD,Urban,WUI,Circuit miles,exact,-0.19100000000003092,,,SDG&E,2023,2,v3.1,0,4,SDGE_2023_Q4_Tables1-15.xlsx,Table 8,10,N10,https://efiling.energysafety.ca.gov/eFiling/Getfile.aspx?fileid=53475&shareable=true
T8R-da3d62773757d7ad,1080000000,1.d.0.a.i,metric_label_update,1. Net addition (or removal) - overhead circuit miles,Distribution,Non-HFTD,Urban,WUI,Circuit miles,exact,-0.3199999999999932,,,SDG&E,2023,3,v3.1,0,4,SDGE_2023_Q4_Tables1-15.xlsx,Table 8,10,O10,https://efiling.energysafety.ca.gov/eFiling/Getfile.aspx?fileid=53475&shareable=true
T8R-15b2f8eedc5dcdde,1080000000,1.d.0.a.i,metric_label_update,1. Net addition (or removal) - overhead circuit miles,Distribution,Non-HFTD,Urban,WUI,Circuit miles,exact,-0.21999999999997044,,,SDG&E,2023,4,v3.1,0,4,SDGE_2023_Q4_Tables1-15.xlsx,Table 8,10,P10,https://efiling.energysafety.ca.gov/eFiling/Getfile.aspx?fileid=53475&shareable=true
T8R-0a264504c1b28cbe,1080000001,1.d.0.a.ii,metric_label_update,1. Net addition (or removal) - overhead circuit miles,Distribution,Non-HFTD,Urban,Non-WUI,Circuit miles,exact,-0.4010000000002947,,,SDG&E,2023,1,v3.1,0,4,SDGE_2023_Q4_Tables1-15.xlsx,Table 8,11,M11,https://efiling.energysafety.ca.gov/eFiling/Getfile.aspx?fileid=53475&shareable=true
T8R-4f9d2a307fbbedd4,1080000001,1.d.0.a.ii,metric_label_update,1. Net addition (or removal) - overhead circuit miles,Distribution,Non-HFTD,Urban,Non-WUI,Circuit miles,exact,-0.36899999999968713,,,SDG&E,2023,2,v3.1,0,4,SDGE_2023_Q4_Tables1-15.xlsx,Table 8,11,N11,https://efiling.energysafety.ca.gov/eFiling/Getfile.aspx?fileid=53475&shareable=true
T8R-1a9653ec4651e4b8,1080000001,1.d.0.a.ii,metric_label_update,1. Net addition (or removal) - overhead circuit miles,Distribution,Non-HFTD,Urban,Non-WUI,Circuit miles,exact,-2.2100000000000364,,,SDG&E,2023,3,v3.1,0,4,SDGE_2023_Q4_Tables1-15.xlsx,Table 8,11,O11,https://efiling.energysafety.ca.gov/eFiling/Getfile.aspx?fileid=53475&shareable=true
T8R-99d5339ad4948d7c,1080000001,1.d.0.a.ii,metric_label_update,1. Net addition (or removal) - overhead circuit miles,Distribution,Non-HFTD,Urban,Non-WUI,Circuit miles,exact,-2.6900000000000546,,,SDG&E,2023,4,v3.1,0,4,SDGE_2023_Q4_Tables1-15.xlsx,Table 8,11,P11,https://efiling.energysafety.ca.gov/eFiling/Getfile.aspx?fileid=53475&shareable=true
T8R-c59d1aee576a76c7,1080000002,1.d.0.b.i,metric_label_update,1. Net addition (or removal) - overhead circuit miles,Distribution,Non-HFTD,Rural,WUI,Circuit miles,exact,0.13900000000001,,,SDG&E,2023,1,v3.1,0,4,SDGE_2023_Q4_Tables1-15.xlsx,Table 8,12,M12,https://efiling.energysafety.ca.gov/eFiling/Getfile.aspx?fileid=53475&shareable=true
T8R-d66ff910b5be7a0f,1080000002,1.d.0.b.i,metric_label_update,1. Net addition (or removal) - overhead circuit miles,Distribution,Non-HFTD,Rural,WUI,Circuit miles,exact,0.10099999999999909,,,SDG&E,2023,2,v3.1,0,4,SDGE_2023_Q4_Tables1-15.xlsx,Table 8,12,N12,https://efiling.energysafety.ca.gov/eFiling/Getfile.aspx?fileid=53475&shareable=true
T8R-f7d89b56b7cda314,1080000002,1.d.0.b.i,metric_label_update,1. Net addition (or removal) - overhead circuit miles,Distribution,Non-HFTD,Rural,WUI,Circuit miles,exact,-0.13000000000002387,,,SDG&E,2023,3,v3.1,0,4,SDGE_2023_Q4_Tables1-15.xlsx,Table 8,12,O12,https://efiling.energysafety.ca.gov/eFiling/Getfile.aspx?fileid=53475&shareable=true
T8R-15eab510bbbee367,1080000002,1.d.0.b.i,metric_label_update,1. Net addition (or removal) - overhead circuit miles,Distribution,Non-HFTD,Rural,WUI,Circuit miles,exact,-0.009999999999990905,,,SDG&E,2023,4,v3.1,0,4,SDGE_2023_Q4_Tables1-15.xlsx,Table 8,12,P12,https://efiling.energysafety.ca.gov/eFiling/Getfile.aspx?fileid=53475&shareable=true
T8R-8c44790a80863157,1080000003,1.d.0.b.ii,metric_label_update,1. Net addition (or removal) - overhead circuit miles,Distribution,Non-HFTD,Rural,Non-WUI,Circuit miles,exact,1.8239999999999839,,,SDG&E,2023,1,v3.1,0,4,SDGE_2023_Q4_Tables1-15.xlsx,Table 8,13,M13,https://efiling.energysafety.ca.gov/eFiling/Getfile.aspx?fileid=53475&shareable=true
T8R-d8cebd00509a032c,1080000003,1.d.0.b.ii,metric_label_update,1. Net addition (or removal) - overhead circuit miles,Distribution,Non-HFTD,Rural,Non-WUI,Circuit miles,exact,-0.7939999999999827,,,SDG&E,2023,2,v3.1,0,4,SDGE_2023_Q4_Tables1-15.xlsx,Table 8,13,N13,https://efiling.energysafety.ca.gov/eFiling/Getfile.aspx?fileid=53475&shareable=true
T8R-6c7253a00a26fb13,1080000003,1.d.0.b.ii,metric_label_update,1. Net addition (or removal) - overhead circuit miles,Distribution,Non-HFTD,Rural,Non-WUI,Circuit miles,exact,0,,,SDG&E,2023,3,v3.1,0,4,SDGE_2023_Q4_Tables1-15.xlsx,Table 8,13,O13,https://efiling.energysafety.ca.gov/eFiling/Getfile.aspx?fileid=53475&shareable=true
T8R-8aa3315f40865685,1080000003,1.d.0.b.ii,metric_label_update,1. Net addition (or removal) - overhead circuit miles,Distribution,Non-HFTD,Rural,Non-WUI,Circuit miles,exact,-1.200000000000017,,,SDG&E,2023,4,v3.1,0,4,SDGE_2023_Q4_Tables1-15.xlsx,Table 8,13,P13,https://efiling.energysafety.ca.gov/eFiling/Getfile.aspx?fileid=53475&shareable=true
T8R-3e233b36abccdfad,1080000004,1.d.0.c.i,metric_label_update,1. Net addition (or removal) - overhead circuit miles,Distribution,Non-HFTD,Highly rural,WUI,Circuit miles,exact,0.0009999999999976694,,,SDG&E,2023,1,v3.1,0,4,SDGE_2023_Q4_Tables1-15.xlsx,Table 8,14,M14,https://efiling.energysafety.ca.gov/eFiling/Getfile.aspx?fileid=53475&shareable=true
T8R-b60669dc5835dcfc,1080000004,1.d.0.c.i,metric_label_update,1. Net addition (or removal) - overhead circuit miles,Distribution,Non-HFTD,Highly rural,WUI,Circuit miles,exact,0.1490000000000009,,,SDG&E,2023,2,v3.1,0,4,SDGE_2023_Q4_Tables1-15.xlsx,Table 8,14,N14,https://efiling.energysafety.ca.gov/eFiling/Getfile.aspx?fileid=53475&shareable=true
T8R-5eeb30c96d339a3a,1080000004,1.d.0.c.i,metric_label_update,1. Net addition (or removal) - overhead circuit miles,Distribution,Non-HFTD,Highly rural,WUI,Circuit miles,exact,0,,,SDG&E,2023,3,v3.1,0,4,SDGE_2023_Q4_Tables1-15.xlsx,Table 8,14,O14,https://efiling.energysafety.ca.gov/eFiling/Getfile.aspx?fileid=53475&shareable=true
T8R-b746073d68274860,1080000004,1.d.0.c.i,metric_label_update,1. Net addition (or removal) - overhead circuit miles,Distribution,Non-HFTD,Highly rural,WUI,Circuit miles,exact,0,,,SDG&E,2023,4,v3.1,0,4,SDGE_2023_Q4_Tables1-15.xlsx,Table 8,14,P14,https://efiling.energysafety.ca.gov/eFiling/Getfile.aspx?fileid=53475&shareable=true
T8R-9ec78fcf236585c8,1080000005,1.d.0.c.ii,metric_label_update,1. Net addition (or removal) - overhead circuit miles,Distribution,Non-HFTD,Highly rural,Non-WUI,Circuit miles,exact,0.10599999999999454,,,SDG&E,2023,1,v3.1,0,4,SDGE_2023_Q4_Tables1-15.xlsx,Table 8,15,M15,https://efiling.energysafety.ca.gov/eFiling/Getfile.aspx?fileid=53475&shareable=true
T8R-c8548e101e1b714b,1080000005,1.d.0.c.ii,metric_label_update,1. Net addition (or removal) - overhead circuit miles,Distribution,Non-HFTD,Highly rural,Non-WUI,Circuit miles,exact,0.11400000000000432,,,SDG&E,2023,2,v3.1,0,4,SDGE_2023_Q4_Tables1-15.xlsx,Table 8,15,N15,https://efiling.energysafety.ca.gov/eFiling/Getfile.aspx?fileid=53475&shareable=true
T8R-122b0101a1c46364,1080000005,1.d.0.c.ii,metric_label_update,1. Net addition (or removal) - overhead circuit miles,Distribution,Non-HFTD,Highly rural,Non-WUI,Circuit miles,exact,0,,,SDG&E,2023,3,v3.1,0,4,SDGE_2023_Q4_Tables1-15.xlsx,Table 8,15,O15,https://efiling.energysafety.ca.gov/eFiling/Getfile.aspx?fileid=53475&shareable=true
T8R-b4370fd6549368a7,1080000005,1.d.0.c.ii,metric_label_update,1. Net addition (or removal) - overhead circuit miles,Distribution,Non-HFTD,Highly rural,Non-WUI,Circuit miles,exact,0,,,SDG&E,2023,4,v3.1,0,4,SDGE_2023_Q4_Tables1-15.xlsx,Table 8,15,P15,https://efiling.energysafety.ca.gov/eFiling/Getfile.aspx?fileid=53475&shareable=true
T8R-8ba284d997912c41,1080000006,1.d.2.a.i,metric_label_update,1. Net addition (or removal) - overhead circuit miles,Distribution,HFTD Tier 2,Urban,WUI,Circuit miles,exact,0.15800000000000125,,,SDG&E,2023,1,v3.1,0,4,SDGE_2023_Q4_Tables1-15.xlsx,Table 8,16,M16,https://efiling.energysafety.ca.gov/eFiling/Getfile.aspx?fileid=53475&shareable=true
T8R-a14357d033c58419,1080000006,1.d.2.a.i,metric_label_update,1. Net addition (or removal) - overhead circuit miles,Distribution,HFTD Tier 2,Urban,WUI,Circuit miles,exact,0.031999999999996476,,,SDG&E,2023,2,v3.1,0,4,SDGE_2023_Q4_Tables1-15.xlsx,Table 8,16,N16,https://efiling.energysafety.ca.gov/eFiling/Getfile.aspx?fileid=53475&shareable=true
T8R-c23340cdd2c0f7f8,1080000006,1.d.2.a.i,metric_label_update,1. Net addition (or removal) - overhead circuit miles,Distribution,HFTD Tier 2,Urban,WUI,Circuit miles,exact,0.18000000000000682,,,SDG&E,2023,3,v3.1,0,4,SDGE_2023_Q4_Tables1-15.xlsx,Table 8,16,O16,https://efiling.energysafety.ca.gov/eFiling/Getfile.aspx?fileid=53475&shareable=true
T8R-f76197d55310bf23,1080000006,1.d.2.a.i,metric_label_update,1. Net addition (or removal) - overhead circuit miles,Distribution,HFTD Tier 2,Urban,WUI,Circuit miles,exact,-0.05000000000001137,,,SDG&E,2023,4,v3.1,0,4,SDGE_2023_Q4_Tables1-15.xlsx,Table 8,16,P16,https://efiling.energysafety.ca.gov/eFiling/Getfile.aspx?fileid=53475&shareable=true
T8R-43abbf7a3e78fd82,1080000007,1.d.2.a.ii,metric_label_update,1. Net addition (or removal) - overhead circuit miles,Distribution,HFTD Tier 2,Urban,Non-WUI,Circuit miles,exact,0.03900000000000148,,,SDG&E,2023,1,v3.1,0,4,SDGE_2023_Q4_Tables1-15.xlsx,Table 8,17,M17,https://efiling.energysafety.ca.gov/eFiling/Getfile.aspx?fileid=53475&shareable=true
T8R-c6f38b8a92d4b387,1080000007,1.d.2.a.ii,metric_label_update,1. Net addition (or removal) - overhead circuit miles,Distribution,HFTD Tier 2,Urban,Non-WUI,Circuit miles,exact,0.4609999999999985,,,SDG&E,2023,2,v3.1,0,4,SDGE_2023_Q4_Tables1-15.xlsx,Table 8,17,N17,https://efiling.energysafety.ca.gov/eFiling/Getfile.aspx?fileid=53475&shareable=true
T8R-9feff9bb4019c639,1080000007,1.d.2.a.ii,metric_label_update,1. Net addition (or removal) - overhead circuit miles,Distribution,HFTD Tier 2,Urban,Non-WUI,Circuit miles,exact,-0.04000000000000625,,,SDG&E,2023,3,v3.1,0,4,SDGE_2023_Q4_Tables1-15.xlsx,Table 8,17,O17,https://efiling.energysafety.ca.gov/eFiling/Getfile.aspx?fileid=53475&shareable=true
T8R-0bf1478d82b3913b,1080000007,1.d.2.a.ii,metric_label_update,1. Net addition (or removal) - overhead circuit miles,Distribution,HFTD Tier 2,Urban,Non-WUI,Circuit miles,exact,-0.03999999999999204,,,SDG&E,2023,4,v3.1,0,4,SDGE_2023_Q4_Tables1-15.xlsx,Table 8,17,P17,https://efiling.energysafety.ca.gov/eFiling/Getfile.aspx?fileid=53475&shareable=true
T8R-ee44660e5962446f,1080000008,1.d.2.b.i,metric_label_update,1. Net addition (or removal) - overhead circuit miles,Distribution,HFTD Tier 2,Rural,WUI,Circuit miles,exact,0.04800000000000182,,,SDG&E,2023,1,v3.1,0,4,SDGE_2023_Q4_Tables1-15.xlsx,Table 8,18,M18,https://efiling.energysafety.ca.gov/eFiling/Getfile.aspx?fileid=53475&shareable=true
T8R-f48719c5d3630f16,1080000008,1.d.2.b.i,metric_label_update,1. Net addition (or removal) - overhead circuit miles,Distribution,HFTD Tier 2,Rural,WUI,Circuit miles,exact,0.8120000000000118,,,SDG&E,2023,2,v3.1,0,4,SDGE_2023_Q4_Tables1-15.xlsx,Table 8,18,N18,https://efiling.energysafety.ca.gov/eFiling/Getfile.aspx?fileid=53475&shareable=true
T8R-a74cc4707199f24c,1080000008,1.d.2.b.i,metric_label_update,1. Net addition (or removal) - overhead circuit miles,Distribution,HFTD Tier 2,Rural,WUI,Circuit miles,exact,0.5099999999999909,,,SDG&E,2023,3,v3.1,0,4,SDGE_2023_Q4_Tables1-15.xlsx,Table 8,18,O18,https://efiling.energysafety.ca.gov/eFiling/Getfile.aspx?fileid=53475&shareable=true
T8R-95d54f5b310e2260,1080000008,1.d.2.b.i,metric_label_update,1. Net addition (or removal) - overhead circuit miles,Distribution,HFTD Tier 2,Rural,WUI,Circuit miles,exact,-0.38999999999998636,,,SDG&E,2023,4,v3.1,0,4,SDGE_2023_Q4_Tables1-15.xlsx,Table 8,18,P18,https://efiling.energysafety.ca.gov/eFiling/Getfile.aspx?fileid=53475&shareable=true
T8R-65b2afca6144e4b6,1080000009,1.d.2.b.ii,metric_label_update,1. Net addition (or removal) - overhead circuit miles,Distribution,HFTD Tier 2,Rural,Non-WUI,Circuit miles,exact,-1.4259999999999309,,,SDG&E,2023,1,v3.1,0,4,SDGE_2023_Q4_Tables1-15.xlsx,Table 8,19,M19,https://efiling.energysafety.ca.gov/eFiling/Getfile.aspx?fileid=53475&shareable=true
T8R-84cb3b5a73193ce7,1080000009,1.d.2.b.ii,metric_label_update,1. Net addition (or removal) - overhead circuit miles,Distribution,HFTD Tier 2,Rural,Non-WUI,Circuit miles,exact,-1.58400000000006,,,SDG&E,2023,2,v3.1,0,4,SDGE_2023_Q4_Tables1-15.xlsx,Table 8,19,N19,https://efiling.energysafety.ca.gov/eFiling/Getfile.aspx?fileid=53475&shareable=true
T8R-dd36708f7fe5afec,1080000009,1.d.2.b.ii,metric_label_update,1. Net addition (or removal) - overhead circuit miles,Distribution,HFTD Tier 2,Rural,Non-WUI,Circuit miles,exact,0.03999999999996362,,,SDG&E,2023,3,v3.1,0,4,SDGE_2023_Q4_Tables1-15.xlsx,Table 8,19,O19,https://efiling.energysafety.ca.gov/eFiling/Getfile.aspx?fileid=53475&shareable=true
T8R-db8592ef37c6e3e1,1080000009,1.d.2.b.ii,metric_label_update,1. Net addition (or removal) - overhead circuit miles,Distribution,HFTD Tier 2,Rural,Non-WUI,Circuit miles,exact,-3.7099999999999227,,,SDG&E,2023,4,v3.1,0,4,SDGE_2023_Q4_Tables1-15.xlsx,Table 8,19,P19,https://efiling.energysafety.ca.gov/eFiling/Getfile.aspx?fileid=53475&shareable=true
T8R-d63fbc864f971b82,1080000010,1.d.2.c.i,metric_label_update,1. Net addition (or removal) - overhead circuit miles,Distribution,HFTD Tier 2,Highly rural,WUI,Circuit miles,exact,0.004999999999999005,,,SDG&E,2023,1,v3.1,0,4,SDGE_2023_Q4_Tables1-15.xlsx,Table 8,20,M20,https://efiling.energysafety.ca.gov/eFiling/Getfile.aspx?fileid=53475&shareable=true
T8R-2f63497be54586bd,1080000010,1.d.2.c.i,metric_label_update,1. Net addition (or removal) - overhead circuit miles,Distribution,HFTD Tier 2,Highly rural,WUI,Circuit miles,exact,0.125,,,SDG&E,2023,2,v3.1,0,4,SDGE_2023_Q4_Tables1-15.xlsx,Table 8,20,N20,https://efiling.energysafety.ca.gov/eFiling/Getfile.aspx?fileid=53475&shareable=true
T8R-1b4a3c7100ac5111,1080000010,1.d.2.c.i,metric_label_update,1. Net addition (or removal) - overhead circuit miles,Distribution,HFTD Tier 2,Highly rural,WUI,Circuit miles,exact,0,,,SDG&E,2023,3,v3.1,0,4,SDGE_2023_Q4_Tables1-15.xlsx,Table 8,20,O20,https://efiling.energysafety.ca.gov/eFiling/Getfile.aspx?fileid=53475&shareable=true
T8R-19146657d313ec92,1080000010,1.d.2.c.i,metric_label_update,1. Net addition (or removal) - overhead circuit miles,Distribution,HFTD Tier 2,Highly rural,WUI,Circuit miles,exact,0,,,SDG&E,2023,4,v3.1,0,4,SDGE_2023_Q4_Tables1-15.xlsx,Table 8,20,P20,https://efiling.energysafety.ca.gov/eFiling/Getfile.aspx?fileid=53475&shareable=true
T8R-224d1a97e42afbb9,1080000011,1.d.2.c.ii,metric_label_update,1. Net addition (or removal) - overhead circuit miles,Distribution,HFTD Tier 2,Highly rural,Non-WUI,Circuit miles,exact,-0.6559999999999775,,,SDG&E,2023,1,v3.1,0,4,SDGE_2023_Q4_Tables1-15.xlsx,Table 8,21,M21,https://efiling.energysafety.ca.gov/eFiling/Getfile.aspx?fileid=53475&shareable=true
T8R-f95098ee000798bc,1080000011,1.d.2.c.ii,metric_label_update,1. Net addition (or removal) - overhead circuit miles,Distribution,HFTD Tier 2,Highly rural,Non-WUI,Circuit miles,exact,0.5859999999999843,,,SDG&E,2023,2,v3.1,0,4,SDGE_2023_Q4_Tables1-15.xlsx,Table 8,21,N21,https://efiling.energysafety.ca.gov/eFiling/Getfile.aspx?fileid=53475&shareable=true
T8R-e769b1e04a6f0b7e,1080000011,1.d.2.c.ii,metric_label_update,1. Net addition (or removal) - overhead circuit miles,Distribution,HFTD Tier 2,Highly rural,Non-WUI,Circuit miles,exact,0,,,SDG&E,2023,3,v3.1,0,4,SDGE_2023_Q4_Tables1-15.xlsx,Table 8,21,O21,https://efiling.energysafety.ca.gov/eFiling/Getfile.aspx?fileid=53475&shareable=true
T8R-e6569b6c418d20f2,1080000011,1.d.2.c.ii,metric_label_update,1. Net addition (or removal) - overhead circuit miles,Distribution,HFTD Tier 2,Highly rural,Non-WUI,Circuit miles,exact,-0.020000000000010232,,,SDG&E,2023,4,v3.1,0,4,SDGE_2023_Q4_Tables1-15.xlsx,Table 8,21,P21,https://efiling.energysafety.ca.gov/eFiling/Getfile.aspx?fileid=53475&shareable=true
T8R-949ba6ec0790a3e3,1080000012,1.d.3.a.i,metric_label_update,1. Net addition (or removal) - overhead circuit miles,Distribution,HFTD Tier 3,Urban,WUI,Circuit miles,exact,0.006000000000000227,,,SDG&E,2023,1,v3.1,0,4,SDGE_2023_Q4_Tables1-15.xlsx,Table 8,22,M22,https://efiling.energysafety.ca.gov/eFiling/Getfile.aspx?fileid=53475&shareable=true
T8R-0a9b0eec38628d9d,1080000012,1.d.3.a.i,metric_label_update,1. Net addition (or removal) - overhead circuit miles,Distribution,HFTD Tier 3,Urban,WUI,Circuit miles,exact,0.12400000000000055,,,SDG&E,2023,2,v3.1,0,4,SDGE_2023_Q4_Tables1-15.xlsx,Table 8,22,N22,https://efiling.energysafety.ca.gov/eFiling/Getfile.aspx?fileid=53475&shareable=true
T8R-5fa1a2cdd1b2958c,1080000012,1.d.3.a.i,metric_label_update,1. Net addition (or removal) - overhead circuit miles,Distribution,HFTD Tier 3,Urban,WUI,Circuit miles,exact,0,,,SDG&E,2023,3,v3.1,0,4,SDGE_2023_Q4_Tables1-15.xlsx,Table 8,22,O22,https://efiling.energysafety.ca.gov/eFiling/Getfile.aspx?fileid=53475&shareable=true
T8R-5f3ad06eafdcf66d,1080000012,1.d.3.a.i,metric_label_update,1. Net addition (or removal) - overhead circuit miles,Distribution,HFTD Tier 3,Urban,WUI,Circuit miles,exact,0,,,SDG&E,2023,4,v3.1,0,4,SDGE_2023_Q4_Tables1-15.xlsx,Table 8,22,P22,https://efiling.energysafety.ca.gov/eFiling/Getfile.aspx?fileid=53475&shareable=true
T8R-fa5dcb5e366546c8,1080000013,1.d.3.a.ii,metric_label_update,1. Net addition (or removal) - overhead circuit miles,Distribution,HFTD Tier 3,Urban,Non-WUI,Circuit miles,exact,0,,,SDG&E,2023,1,v3.1,0,4,SDGE_2023_Q4_Tables1-15.xlsx,Table 8,23,M23,https://efiling.energysafety.ca.gov/eFiling/Getfile.aspx?fileid=53475&shareable=true
T8R-2f42e40414f1de0a,1080000013,1.d.3.a.ii,metric_label_update,1. Net addition (or removal) - overhead circuit miles,Distribution,HFTD Tier 3,Urban,Non-WUI,Circuit miles,exact,0,,,SDG&E,2023,2,v3.1,0,4,SDGE_2023_Q4_Tables1-15.xlsx,Table 8,23,N23,https://efiling.energysafety.ca.gov/eFiling/Getfile.aspx?fileid=53475&shareable=true
T8R-0bb97aa1321bf2eb,1080000013,1.d.3.a.ii,metric_label_update,1. Net addition (or removal) - overhead circuit miles,Distribution,HFTD Tier 3,Urban,Non-WUI,Circuit miles,exact,0,,,SDG&E,2023,3,v3.1,0,4,SDGE_2023_Q4_Tables1-15.xlsx,Table 8,23,O23,https://efiling.energysafety.ca.gov/eFiling/Getfile.aspx?fileid=53475&shareable=true
T8R-ab9107143ded7790,1080000013,1.d.3.a.ii,metric_label_update,1. Net addition (or removal) - overhead circuit miles,Distribution,HFTD Tier 3,Urban,Non-WUI,Circuit miles,exact,0,,,SDG&E,2023,4,v3.1,0,4,SDGE_2023_Q4_Tables1-15.xlsx,Table 8,23,P23,https://efiling.energysafety.ca.gov/eFiling/Getfile.aspx?fileid=53475&shareable=true
T8R-c67db17fd405828d,1080000014,1.d.3.b.i,metric_label_update,1. Net addition (or removal) - overhead circuit miles,Distribution,HFTD Tier 3,Rural,WUI,Circuit miles,exact,-4.951999999999998,,,SDG&E,2023,1,v3.1,0,4,SDGE_2023_Q4_Tables1-15.xlsx,Table 8,24,M24,https://efiling.energysafety.ca.gov/eFiling/Getfile.aspx?fileid=53475&shareable=true
T8R-50f3e2d91d3277ea,1080000014,1.d.3.b.i,metric_label_update,1. Net addition (or removal) - overhead circuit miles,Distribution,HFTD Tier 3,Rural,WUI,Circuit miles,exact,1.5720000000000027,,,SDG&E,2023,2,v3.1,0,4,SDGE_2023_Q4_Tables1-15.xlsx,Table 8,24,N24,https://efiling.energysafety.ca.gov/eFiling/Getfile.aspx?fileid=53475&shareable=true
T8R-8bdcd51b45e74091,1080000014,1.d.3.b.i,metric_label_update,1. Net addition (or removal) - overhead circuit miles,Distribution,HFTD Tier 3,Rural,WUI,Circuit miles,exact,-1.4399999999999409,,,SDG&E,2023,3,v3.1,0,4,SDGE_2023_Q4_Tables1-15.xlsx,Table 8,24,O24,https://efiling.energysafety.ca.gov/eFiling/Getfile.aspx?fileid=53475&shareable=true
T8R-eda0f672793cf755,1080000014,1.d.3.b.i,metric_label_update,1. Net addition (or removal) - overhead circuit miles,Distribution,HFTD Tier 3,Rural,WUI,Circuit miles,exact,-5.930000000000064,,,SDG&E,2023,4,v3.1,0,4,SDGE_2023_Q4_Tables1-15.xlsx,Table 8,24,P24,https://efiling.energysafety.ca.gov/eFiling/Getfile.aspx?fileid=53475&shareable=true
T8R-b26812f7db801668,1080000015,1.d.3.b.ii,metric_label_update,1. Net addition (or removal) - overhead circuit miles,Distribution,HFTD Tier 3,Rural,Non-WUI,Circuit miles,exact,-4.753999999999905,,,SDG&E,2023,1,v3.1,0,4,SDGE_2023_Q4_Tables1-15.xlsx,Table 8,25,M25,https://efiling.energysafety.ca.gov/eFiling/Getfile.aspx?fileid=53475&shareable=true
T8R-b2643edb5641b7ae,1080000015,1.d.3.b.ii,metric_label_update,1. Net addition (or removal) - overhead circuit miles,Distribution,HFTD Tier 3,Rural,Non-WUI,Circuit miles,exact,1.113999999999919,,,SDG&E,2023,2,v3.1,0,4,SDGE_2023_Q4_Tables1-15.xlsx,Table 8,25,N25,https://efiling.energysafety.ca.gov/eFiling/Getfile.aspx?fileid=53475&shareable=true
T8R-453d4deff5ad43d6,1080000015,1.d.3.b.ii,metric_label_update,1. Net addition (or removal) - overhead circuit miles,Distribution,HFTD Tier 3,Rural,Non-WUI,Circuit miles,exact,0.18000000000006366,,,SDG&E,2023,3,v3.1,0,4,SDGE_2023_Q4_Tables1-15.xlsx,Table 8,25,O25,https://efiling.energysafety.ca.gov/eFiling/Getfile.aspx?fileid=53475&shareable=true
T8R-251855da01f7d28b,1080000015,1.d.3.b.ii,metric_label_update,1. Net addition (or removal) - overhead circuit miles,Distribution,HFTD Tier 3,Rural,Non-WUI,Circuit miles,exact,-3.9700000000000273,,,SDG&E,2023,4,v3.1,0,4,SDGE_2023_Q4_Tables1-15.xlsx,Table 8,25,P25,https://efiling.energysafety.ca.gov/eFiling/Getfile.aspx?fileid=53475&shareable=true
T8R-d91d85b367121c33,1080000016,1.d.3.c.i,metric_label_update,1. Net addition (or removal) - overhead circuit miles,Distribution,HFTD Tier 3,Highly rural,WUI,Circuit miles,exact,0.0009999999999976694,,,SDG&E,2023,1,v3.1,0,4,SDGE_2023_Q4_Tables1-15.xlsx,Table 8,26,M26,https://efiling.energysafety.ca.gov/eFiling/Getfile.aspx?fileid=53475&shareable=true
T8R-6261bd91e0c10c95,1080000016,1.d.3.c.i,metric_label_update,1. Net addition (or removal) - overhead circuit miles,Distribution,HFTD Tier 3,Highly rural,WUI,Circuit miles,exact,0.0990000000000002,,,SDG&E,2023,2,v3.1,0,4,SDGE_2023_Q4_Tables1-15.xlsx,Table 8,26,N26,https://efiling.energysafety.ca.gov/eFiling/Getfile.aspx?fileid=53475&shareable=true
T8R-bc0d03a631c67fa1,1080000016,1.d.3.c.i,metric_label_update,1. Net addition (or removal) - overhead circuit miles,Distribution,HFTD Tier 3,Highly rural,WUI,Circuit miles,exact,-0.48999999999999844,,,SDG&E,2023,3,v3.1,0,4,SDGE_2023_Q4_Tables1-15.xlsx,Table 8,26,O26,https://efiling.energysafety.ca.gov/eFiling/Getfile.aspx?fileid=53475&shareable=true
T8R-c8af18d547a02030,1080000016,1.d.3.c.i,metric_label_update,1. Net addition (or removal) - overhead circuit miles,Distribution,HFTD Tier 3,Highly rural,WUI,Circuit miles,exact,-0.019999999999999574,,,SDG&E,2023,4,v3.1,0,4,SDGE_2023_Q4_Tables1-15.xlsx,Table 8,26,P26,https://efiling.energysafety.ca.gov/eFiling/Getfile.aspx?fileid=53475&shareable=true
T8R-c3c6c89a8b0a3d50,1080000017,1.d.3.c.ii,metric_label_update,1. Net addition (or removal) - overhead circuit miles,Distribution,HFTD Tier 3,Highly rural,Non-WUI,Circuit miles,exact,-0.055999999999983174,,,SDG&E,2023,1,v3.1,0,4,SDGE_2023_Q4_Tables1-15.xlsx,Table 8,27,M27,https://efiling.energysafety.ca.gov/eFiling/Getfile.aspx?fileid=53475&shareable=true
T8R-e45fc5d70655595a,1080000017,1.d.3.c.ii,metric_label_update,1. Net addition (or removal) - overhead circuit miles,Distribution,HFTD Tier 3,Highly rural,Non-WUI,Circuit miles,exact,0.2560000000000002,,,SDG&E,2023,2,v3.1,0,4,SDGE_2023_Q4_Tables1-15.xlsx,Table 8,27,N27,https://efiling.energysafety.ca.gov/eFiling/Getfile.aspx?fileid=53475&shareable=true
T8R-943fd9b826207c78,1080000017,1.d.3.c.ii,metric_label_update,1. Net addition (or removal) - overhead circuit miles,Distribution,HFTD Tier 3,Highly rural,Non-WUI,Circuit miles,exact,-0.0700000000000216,,,SDG&E,2023,3,v3.1,0,4,SDGE_2023_Q4_Tables1-15.xlsx,Table 8,27,O27,https://efiling.energysafety.ca.gov/eFiling/Getfile.aspx?fileid=53475&shareable=true
T8R-75ea6cbb7cf99608,1080000017,1.d.3.c.ii,metric_label_update,1. Net addition (or removal) - overhead circuit miles,Distribution,HFTD Tier 3,Highly rural,Non-WUI,Circuit miles,exact,0,,,SDG&E,2023,4,v3.1,0,4,SDGE_2023_Q4_Tables1-15.xlsx,Table 8,27,P27,https://efiling.energysafety.ca.gov/eFiling/Getfile.aspx?fileid=53475&shareable=true
T8R-e48100c9b55c2914,1080000018,1.t.0.a.i,metric_label_update,1. Net addition (or removal) - overhead circuit miles,Transmission,Non-HFTD,Urban,WUI,Circuit miles,exact,1.7239999999999895,,,SDG&E,2023,1,v3.1,0,4,SDGE_2023_Q4_Tables1-15.xlsx,Table 8,28,M28,https://efiling.energysafety.ca.gov/eFiling/Getfile.aspx?fileid=53475&shareable=true
T8R-52c24f191d10b7a4,1080000018,1.t.0.a.i,metric_label_update,1. Net addition (or removal) - overhead circuit miles,Transmission,Non-HFTD,Urban,WUI,Circuit miles,exact,-0.003999999999990678,,,SDG&E,2023,2,v3.1,0,4,SDGE_2023_Q4_Tables1-15.xlsx,Table 8,28,N28,https://efiling.energysafety.ca.gov/eFiling/Getfile.aspx?fileid=53475&shareable=true
T8R-f9ebd3c8063f2ec4,1080000018,1.t.0.a.i,metric_label_update,1. Net addition (or removal) - overhead circuit miles,Transmission,Non-HFTD,Urban,WUI,Circuit miles,exact,0,,,SDG&E,2023,3,v3.1,0,4,SDGE_2023_Q4_Tables1-15.xlsx,Table 8,28,O28,https://efiling.energysafety.ca.gov/eFiling/Getfile.aspx?fileid=53475&shareable=true
T8R-754312f5c8fcfdf2,1080000018,1.t.0.a.i,metric_label_update,1. Net addition (or removal) - overhead circuit miles,Transmission,Non-HFTD,Urban,WUI,Circuit miles,exact,-0.030000000000001137,,,SDG&E,2023,4,v3.1,0,4,SDGE_2023_Q4_Tables1-15.xlsx,Table 8,28,P28,https://efiling.energysafety.ca.gov/eFiling/Getfile.aspx?fileid=53475&shareable=true
T8R-288f5d7f97a84533,1080000019,1.t.0.a.ii,metric_label_update,1. Net addition (or removal) - overhead circuit miles,Transmission,Non-HFTD,Urban,Non-WUI,Circuit miles,exact,1.535000000000025,,,SDG&E,2023,1,v3.1,0,4,SDGE_2023_Q4_Tables1-15.xlsx,Table 8,29,M29,https://efiling.energysafety.ca.gov/eFiling/Getfile.aspx?fileid=53475&shareable=true
T8R-6e334c0400a63a0e,1080000019,1.t.0.a.ii,metric_label_update,1. Net addition (or removal) - overhead circuit miles,Transmission,Non-HFTD,Urban,Non-WUI,Circuit miles,exact,-0.0049999999999954525,,,SDG&E,2023,2,v3.1,0,4,SDGE_2023_Q4_Tables1-15.xlsx,Table 8,29,N29,https://efiling.energysafety.ca.gov/eFiling/Getfile.aspx?fileid=53475&shareable=true
T8R-ada4b6d826811c8f,1080000019,1.t.0.a.ii,metric_label_update,1. Net addition (or removal) - overhead circuit miles,Transmission,Non-HFTD,Urban,Non-WUI,Circuit miles,exact,-0.010000000000047748,,,SDG&E,2023,3,v3.1,0,4,SDGE_2023_Q4_Tables1-15.xlsx,Table 8,29,O29,https://efiling.energysafety.ca.gov/eFiling/Getfile.aspx?fileid=53475&shareable=true
T8R-c6c82398a4402aa3,1080000019,1.t.0.a.ii,metric_label_update,1. Net addition (or removal) - overhead circuit miles,Transmission,Non-HFTD,Urban,Non-WUI,Circuit miles,exact,-0.07999999999998408,,,SDG&E,2023,4,v3.1,0,4,SDGE_2023_Q4_Tables1-15.xlsx,Table 8,29,P29,https://efiling.energysafety.ca.gov/eFiling/Getfile.aspx?fileid=53475&shareable=true
T8R-e70c21aa226d9f72,1080000020,1.t.0.b.i,metric_label_update,1. Net addition (or removal) - overhead circuit miles,Transmission,Non-HFTD,Rural,WUI,Circuit miles,exact,-0.02499999999999858,,,SDG&E,2023,1,v3.1,0,4,SDGE_2023_Q4_Tables1-15.xlsx,Table 8,30,M30,https://efiling.energysafety.ca.gov/eFiling/Getfile.aspx?fileid=53475&shareable=true
T8R-3fd734a0d1a4370c,1080000020,1.t.0.b.i,metric_label_update,1. Net addition (or removal) - overhead circuit miles,Transmission,Non-HFTD,Rural,WUI,Circuit miles,exact,-0.005000000000002558,,,SDG&E,2023,2,v3.1,0,4,SDGE_2023_Q4_Tables1-15.xlsx,Table 8,30,N30,https://efiling.energysafety.ca.gov/eFiling/Getfile.aspx?fileid=53475&shareable=true
T8R-139c40e647a5f229,1080000020,1.t.0.b.i,metric_label_update,1. Net addition (or removal) - overhead circuit miles,Transmission,Non-HFTD,Rural,WUI,Circuit miles,exact,0.04999999999999716,,,SDG&E,2023,3,v3.1,0,4,SDGE_2023_Q4_Tables1-15.xlsx,Table 8,30,O30,https://efiling.energysafety.ca.gov/eFiling/Getfile.aspx?fileid=53475&shareable=true
T8R-fb735e23e63ad556,1080000020,1.t.0.b.i,metric_label_update,1. Net addition (or removal) - overhead circuit miles,Transmission,Non-HFTD,Rural,WUI,Circuit miles,exact,0,,,SDG&E,2023,4,v3.1,0,4,SDGE_2023_Q4_Tables1-15.xlsx,Table 8,30,P30,https://efiling.energysafety.ca.gov/eFiling/Getfile.aspx?fileid=53475&shareable=true
T8R-4a7b50c7eaf6d80f,1080000021,1.t.0.b.ii,metric_label_update,1. Net addition (or removal) - overhead circuit miles,Transmission,Non-HFTD,Rural,Non-WUI,Circuit miles,exact,-0.20999999999999375,,,SDG&E,2023,1,v3.1,0,4,SDGE_2023_Q4_Tables1-15.xlsx,Table 8,31,M31,https://efiling.energysafety.ca.gov/eFiling/Getfile.aspx?fileid=53475&shareable=true
T8R-45cc40f0ee18831a,1080000021,1.t.0.b.ii,metric_label_update,1. Net addition (or removal) - overhead circuit miles,Transmission,Non-HFTD,Rural,Non-WUI,Circuit miles,exact,0,,,SDG&E,2023,2,v3.1,0,4,SDGE_2023_Q4_Tables1-15.xlsx,Table 8,31,N31,https://efiling.energysafety.ca.gov/eFiling/Getfile.aspx?fileid=53475&shareable=true
T8R-b541461a4d5cfd58,1080000021,1.t.0.b.ii,metric_label_update,1. Net addition (or removal) - overhead circuit miles,Transmission,Non-HFTD,Rural,Non-WUI,Circuit miles,exact,0,,,SDG&E,2023,3,v3.1,0,4,SDGE_2023_Q4_Tables1-15.xlsx,Table 8,31,O31,https://efiling.energysafety.ca.gov/eFiling/Getfile.aspx?fileid=53475&shareable=true
T8R-7c1aa14131ef9f5d,1080000021,1.t.0.b.ii,metric_label_update,1. Net addition (or removal) - overhead circuit miles,Transmission,Non-HFTD,Rural,Non-WUI,Circuit miles,exact,0,,,SDG&E,2023,4,v3.1,0,4,SDGE_2023_Q4_Tables1-15.xlsx,Table 8,31,P31,https://efiling.energysafety.ca.gov/eFiling/Getfile.aspx?fileid=53475&shareable=true
T8R-7906ed7b146fa63c,1080000022,1.t.0.c.i,metric_label_update,1. Net addition (or removal) - overhead circuit miles,Transmission,Non-HFTD,Highly rural,WUI,Circuit miles,exact,0,,,SDG&E,2023,1,v3.1,0,4,SDGE_2023_Q4_Tables1-15.xlsx,Table 8,32,M32,https://efiling.energysafety.ca.gov/eFiling/Getfile.aspx?fileid=53475&shareable=true
T8R-4d6a24f2088c247c,1080000022,1.t.0.c.i,metric_label_update,1. Net addition (or removal) - overhead circuit miles,Transmission,Non-HFTD,Highly rural,WUI,Circuit miles,exact,0,,,SDG&E,2023,2,v3.1,0,4,SDGE_2023_Q4_Tables1-15.xlsx,Table 8,32,N32,https://efiling.energysafety.ca.gov/eFiling/Getfile.aspx?fileid=53475&shareable=true
T8R-baadcfae75cb53dc,1080000022,1.t.0.c.i,metric_label_update,1. Net addition (or removal) - overhead circuit miles,Transmission,Non-HFTD,Highly rural,WUI,Circuit miles,exact,0,,,SDG&E,2023,3,v3.1,0,4,SDGE_2023_Q4_Tables1-15.xlsx,Table 8,32,O32,https://efiling.energysafety.ca.gov/eFiling/Getfile.aspx?fileid=53475&shareable=true
T8R-11645f948b9d8885,1080000022,1.t.0.c.i,metric_label_update,1. Net addition (or removal) - overhead circuit miles,Transmission,Non-HFTD,Highly rural,WUI,Circuit miles,exact,0,,,SDG&E,2023,4,v3.1,0,4,SDGE_2023_Q4_Tables1-15.xlsx,Table 8,32,P32,https://efiling.energysafety.ca.gov/eFiling/Getfile.aspx?fileid=53475&shareable=true
T8R-b168576ca851e011,1080000023,1.t.0.c.ii,metric_label_update,1. Net addition (or removal) - overhead circuit miles,Transmission,Non-HFTD,Highly rural,Non-WUI,Circuit miles,exact,-0.003999999999997783,,,SDG&E,2023,1,v3.1,0,4,SDGE_2023_Q4_Tables1-15.xlsx,Table 8,33,M33,https://efiling.energysafety.ca.gov/eFiling/Getfile.aspx?fileid=53475&shareable=true
T8R-e2ec0f786fceb980,1080000023,1.t.0.c.ii,metric_label_update,1. Net addition (or removal) - overhead circuit miles,Transmission,Non-HFTD,Highly rural,Non-WUI,Circuit miles,exact,0.003999999999997783,,,SDG&E,2023,2,v3.1,0,4,SDGE_2023_Q4_Tables1-15.xlsx,Table 8,33,N33,https://efiling.energysafety.ca.gov/eFiling/Getfile.aspx?fileid=53475&shareable=true
T8R-6aa2f7da946577f0,1080000023,1.t.0.c.ii,metric_label_update,1. Net addition (or removal) - overhead circuit miles,Transmission,Non-HFTD,Highly rural,Non-WUI,Circuit miles,exact,0,,,SDG&E,2023,3,v3.1,0,4,SDGE_2023_Q4_Tables1-15.xlsx,Table 8,33,O33,https://efiling.energysafety.ca.gov/eFiling/Getfile.aspx?fileid=53475&shareable=true
T8R-507d599c593eaf59,1080000023,1.t.0.c.ii,metric_label_update,1. Net addition (or removal) - overhead circuit miles,Transmission,Non-HFTD,Highly rural,Non-WUI,Circuit miles,exact,0,,,SDG&E,2023,4,v3.1,0,4,SDGE_2023_Q4_Tables1-15.xlsx,Table 8,33,P33,https://efiling.energysafety.ca.gov/eFiling/Getfile.aspx?fileid=53475&shareable=true
T8R-4e2f60eeb518e5c0,1080000024,1.t.2.a.i,metric_label_update,1. Net addition (or removal) - overhead circuit miles,Transmission,HFTD Tier 2,Urban,WUI,Circuit miles,exact,0.15200000000000102,,,SDG&E,2023,1,v3.1,0,4,SDGE_2023_Q4_Tables1-15.xlsx,Table 8,34,M34,https://efiling.energysafety.ca.gov/eFiling/Getfile.aspx?fileid=53475&shareable=true
T8R-2e09e856d0ae47e2,1080000024,1.t.2.a.i,metric_label_update,1. Net addition (or removal) - overhead circuit miles,Transmission,HFTD Tier 2,Urban,WUI,Circuit miles,exact,0.15800000000000125,,,SDG&E,2023,2,v3.1,0,4,SDGE_2023_Q4_Tables1-15.xlsx,Table 8,34,N34,https://efiling.energysafety.ca.gov/eFiling/Getfile.aspx?fileid=53475&shareable=true
T8R-ad0364766db5b9c4,1080000024,1.t.2.a.i,metric_label_update,1. Net addition (or removal) - overhead circuit miles,Transmission,HFTD Tier 2,Urban,WUI,Circuit miles,exact,0,,,SDG&E,2023,3,v3.1,0,4,SDGE_2023_Q4_Tables1-15.xlsx,Table 8,34,O34,https://efiling.energysafety.ca.gov/eFiling/Getfile.aspx?fileid=53475&shareable=true
T8R-97beffdec07dd9db,1080000024,1.t.2.a.i,metric_label_update,1. Net addition (or removal) - overhead circuit miles,Transmission,HFTD Tier 2,Urban,WUI,Circuit miles,exact,0,,,SDG&E,2023,4,v3.1,0,4,SDGE_2023_Q4_Tables1-15.xlsx,Table 8,34,P34,https://efiling.energysafety.ca.gov/eFiling/Getfile.aspx?fileid=53475&shareable=true
T8R-52aab9b02815eb82,1080000025,1.t.2.a.ii,metric_label_update,1. Net addition (or removal) - overhead circuit miles,Transmission,HFTD Tier 2,Urban,Non-WUI,Circuit miles,exact,1.2790000000000035,,,SDG&E,2023,1,v3.1,0,4,SDGE_2023_Q4_Tables1-15.xlsx,Table 8,35,M35,https://efiling.energysafety.ca.gov/eFiling/Getfile.aspx?fileid=53475&shareable=true
T8R-8338011d0be760f5,1080000025,1.t.2.a.ii,metric_label_update,1. Net addition (or removal) - overhead circuit miles,Transmission,HFTD Tier 2,Urban,Non-WUI,Circuit miles,exact,0.0009999999999976694,,,SDG&E,2023,2,v3.1,0,4,SDGE_2023_Q4_Tables1-15.xlsx,Table 8,35,N35,https://efiling.energysafety.ca.gov/eFiling/Getfile.aspx?fileid=53475&shareable=true
T8R-8157cf7558764e5c,1080000025,1.t.2.a.ii,metric_label_update,1. Net addition (or removal) - overhead circuit miles,Transmission,HFTD Tier 2,Urban,Non-WUI,Circuit miles,exact,0,,,SDG&E,2023,3,v3.1,0,4,SDGE_2023_Q4_Tables1-15.xlsx,Table 8,35,O35,https://efiling.energysafety.ca.gov/eFiling/Getfile.aspx?fileid=53475&shareable=true
T8R-e5104faa8d8f3862,1080000025,1.t.2.a.ii,metric_label_update,1. Net addition (or removal) - overhead circuit miles,Transmission,HFTD Tier 2,Urban,Non-WUI,Circuit miles,exact,0,,,SDG&E,2023,4,v3.1,0,4,SDGE_2023_Q4_Tables1-15.xlsx,Table 8,35,P35,https://efiling.energysafety.ca.gov/eFiling/Getfile.aspx?fileid=53475&shareable=true
T8R-943da0b39e06d03b,1080000026,1.t.2.b.i,metric_label_update,1. Net addition (or removal) - overhead circuit miles,Transmission,HFTD Tier 2,Rural,WUI,Circuit miles,exact,0.03300000000000125,,,SDG&E,2023,1,v3.1,0,4,SDGE_2023_Q4_Tables1-15.xlsx,Table 8,36,M36,https://efiling.energysafety.ca.gov/eFiling/Getfile.aspx?fileid=53475&shareable=true
T8R-17f5e4efd69ea051,1080000026,1.t.2.b.i,metric_label_update,1. Net addition (or removal) - overhead circuit miles,Transmission,HFTD Tier 2,Rural,WUI,Circuit miles,exact,-0.12300000000000466,,,SDG&E,2023,2,v3.1,0,4,SDGE_2023_Q4_Tables1-15.xlsx,Table 8,36,N36,https://efiling.energysafety.ca.gov/eFiling/Getfile.aspx?fileid=53475&shareable=true
T8R-1a8ed1ae27fa776f,1080000026,1.t.2.b.i,metric_label_update,1. Net addition (or removal) - overhead circuit miles,Transmission,HFTD Tier 2,Rural,WUI,Circuit miles,exact,-2.510000000000005,,,SDG&E,2023,3,v3.1,0,4,SDGE_2023_Q4_Tables1-15.xlsx,Table 8,36,O36,https://efiling.energysafety.ca.gov/eFiling/Getfile.aspx?fileid=53475&shareable=true
T8R-fe7e038c6d003203,1080000026,1.t.2.b.i,metric_label_update,1. Net addition (or removal) - overhead circuit miles,Transmission,HFTD Tier 2,Rural,WUI,Circuit miles,exact,-0.009999999999990905,,,SDG&E,2023,4,v3.1,0,4,SDGE_2023_Q4_Tables1-15.xlsx,Table 8,36,P36,https://efiling.energysafety.ca.gov/eFiling/Getfile.aspx?fileid=53475&shareable=true
T8R-2cdb4c4645d5f035,1080000027,1.t.2.b.ii,metric_label_update,1. Net addition (or removal) - overhead circuit miles,Transmission,HFTD Tier 2,Rural,Non-WUI,Circuit miles,exact,0.5869999999999891,,,SDG&E,2023,1,v3.1,0,4,SDGE_2023_Q4_Tables1-15.xlsx,Table 8,37,M37,https://efiling.energysafety.ca.gov/eFiling/Getfile.aspx?fileid=53475&shareable=true
T8R-9e1ae62676f3d29b,1080000027,1.t.2.b.ii,metric_label_update,1. Net addition (or removal) - overhead circuit miles,Transmission,HFTD Tier 2,Rural,Non-WUI,Circuit miles,exact,0.043000000000006366,,,SDG&E,2023,2,v3.1,0,4,SDGE_2023_Q4_Tables1-15.xlsx,Table 8,37,N37,https://efiling.energysafety.ca.gov/eFiling/Getfile.aspx?fileid=53475&shareable=true
T8R-bdccbecf27f25c93,1080000027,1.t.2.b.ii,metric_label_update,1. Net addition (or removal) - overhead circuit miles,Transmission,HFTD Tier 2,Rural,Non-WUI,Circuit miles,exact,-0.7200000000000273,,,SDG&E,2023,3,v3.1,0,4,SDGE_2023_Q4_Tables1-15.xlsx,Table 8,37,O37,https://efiling.energysafety.ca.gov/eFiling/Getfile.aspx?fileid=53475&shareable=true
T8R-bf0a71e00606322f,1080000027,1.t.2.b.ii,metric_label_update,1. Net addition (or removal) - overhead circuit miles,Transmission,HFTD Tier 2,Rural,Non-WUI,Circuit miles,exact,0.6500000000000341,,,SDG&E,2023,4,v3.1,0,4,SDGE_2023_Q4_Tables1-15.xlsx,Table 8,37,P37,https://efiling.energysafety.ca.gov/eFiling/Getfile.aspx?fileid=53475&shareable=true
T8R-f245e6e263ca3318,1080000028,1.t.2.c.i,metric_label_update,1. Net addition (or removal) - overhead circuit miles,Transmission,HFTD Tier 2,Highly rural,WUI,Circuit miles,exact,0,,,SDG&E,2023,1,v3.1,0,4,SDGE_2023_Q4_Tables1-15.xlsx,Table 8,38,M38,https://efiling.energysafety.ca.gov/eFiling/Getfile.aspx?fileid=53475&shareable=true
T8R-1d26caf3318d66a8,1080000028,1.t.2.c.i,metric_label_update,1. Net addition (or removal) - overhead circuit miles,Transmission,HFTD Tier 2,Highly rural,WUI,Circuit miles,exact,0,,,SDG&E,2023,2,v3.1,0,4,SDGE_2023_Q4_Tables1-15.xlsx,Table 8,38,N38,https://efiling.energysafety.ca.gov/eFiling/Getfile.aspx?fileid=53475&shareable=true
T8R-0c3968aa7d3c4465,1080000028,1.t.2.c.i,metric_label_update,1. Net addition (or removal) - overhead circuit miles,Transmission,HFTD Tier 2,Highly rural,WUI,Circuit miles,exact,0,,,SDG&E,2023,3,v3.1,0,4,SDGE_2023_Q4_Tables1-15.xlsx,Table 8,38,O38,https://efiling.energysafety.ca.gov/eFiling/Getfile.aspx?fileid=53475&shareable=true
T8R-9345844767498a52,1080000028,1.t.2.c.i,metric_label_update,1. Net addition (or removal) - overhead circuit miles,Transmission,HFTD Tier 2,Highly rural,WUI,Circuit miles,exact,0,,,SDG&E,2023,4,v3.1,0,4,SDGE_2023_Q4_Tables1-15.xlsx,Table 8,38,P38,https://efiling.energysafety.ca.gov/eFiling/Getfile.aspx?fileid=53475&shareable=true
T8R-3330c12ad5e8a7a1,1080000029,1.t.2.c.ii,metric_label_update,1. Net addition (or removal) - overhead circuit miles,Transmission,HFTD Tier 2,Highly rural,Non-WUI,Circuit miles,exact,0.004999999999999005,,,SDG&E,2023,1,v3.1,0,4,SDGE_2023_Q4_Tables1-15.xlsx,Table 8,39,M39,https://efiling.energysafety.ca.gov/eFiling/Getfile.aspx?fileid=53475&shareable=true
T8R-18a74eb12c307bdd,1080000029,1.t.2.c.ii,metric_label_update,1. Net addition (or removal) - overhead circuit miles,Transmission,HFTD Tier 2,Highly rural,Non-WUI,Circuit miles,exact,-0.004999999999999005,,,SDG&E,2023,2,v3.1,0,4,SDGE_2023_Q4_Tables1-15.xlsx,Table 8,39,N39,https://efiling.energysafety.ca.gov/eFiling/Getfile.aspx?fileid=53475&shareable=true
T8R-9e20bb2db9ba6804,1080000029,1.t.2.c.ii,metric_label_update,1. Net addition (or removal) - overhead circuit miles,Transmission,HFTD Tier 2,Highly rural,Non-WUI,Circuit miles,exact,0,,,SDG&E,2023,3,v3.1,0,4,SDGE_2023_Q4_Tables1-15.xlsx,Table 8,39,O39,https://efiling.energysafety.ca.gov/eFiling/Getfile.aspx?fileid=53475&shareable=true
T8R-8f03bda1469c7c8b,1080000029,1.t.2.c.ii,metric_label_update,1. Net addition (or removal) - overhead circuit miles,Transmission,HFTD Tier 2,Highly rural,Non-WUI,Circuit miles,exact,0,,,SDG&E,2023,4,v3.1,0,4,SDGE_2023_Q4_Tables1-15.xlsx,Table 8,39,P39,https://efiling.energysafety.ca.gov/eFiling/Getfile.aspx?fileid=53475&shareable=true
T8R-12579eb51fcd1001,1080000030,1.t.3.a.i,metric_label_update,1. Net addition (or removal) - overhead circuit miles,Transmission,HFTD Tier 3,Urban,WUI,Circuit miles,exact,0,,,SDG&E,2023,1,v3.1,0,4,SDGE_2023_Q4_Tables1-15.xlsx,Table 8,40,M40,https://efiling.energysafety.ca.gov/eFiling/Getfile.aspx?fileid=53475&shareable=true
T8R-219f9775d53d9e4f,1080000030,1.t.3.a.i,metric_label_update,1. Net addition (or removal) - overhead circuit miles,Transmission,HFTD Tier 3,Urban,WUI,Circuit miles,exact,0,,,SDG&E,2023,2,v3.1,0,4,SDGE_2023_Q4_Tables1-15.xlsx,Table 8,40,N40,https://efiling.energysafety.ca.gov/eFiling/Getfile.aspx?fileid=53475&shareable=true
T8R-d0f6dba4e4f2559a,1080000030,1.t.3.a.i,metric_label_update,1. Net addition (or removal) - overhead circuit miles,Transmission,HFTD Tier 3,Urban,WUI,Circuit miles,exact,0,,,SDG&E,2023,3,v3.1,0,4,SDGE_2023_Q4_Tables1-15.xlsx,Table 8,40,O40,https://efiling.energysafety.ca.gov/eFiling/Getfile.aspx?fileid=53475&shareable=true
T8R-f7c951503de8f5c9,1080000030,1.t.3.a.i,metric_label_update,1. Net addition (or removal) - overhead circuit miles,Transmission,HFTD Tier 3,Urban,WUI,Circuit miles,exact,0,,,SDG&E,2023,4,v3.1,0,4,SDGE_2023_Q4_Tables1-15.xlsx,Table 8,40,P40,https://efiling.energysafety.ca.gov/eFiling/Getfile.aspx?fileid=53475&shareable=true
T8R-5641fde64b8a19ad,1080000031,1.t.3.a.ii,metric_label_update,1. Net addition (or removal) - overhead circuit miles,Transmission,HFTD Tier 3,Urban,Non-WUI,Circuit miles,exact,0,,,SDG&E,2023,1,v3.1,0,4,SDGE_2023_Q4_Tables1-15.xlsx,Table 8,41,M41,https://efiling.energysafety.ca.gov/eFiling/Getfile.aspx?fileid=53475&shareable=true
T8R-44880cc85e0d0caf,1080000031,1.t.3.a.ii,metric_label_update,1. Net addition (or removal) - overhead circuit miles,Transmission,HFTD Tier 3,Urban,Non-WUI,Circuit miles,exact,0,,,SDG&E,2023,2,v3.1,0,4,SDGE_2023_Q4_Tables1-15.xlsx,Table 8,41,N41,https://efiling.energysafety.ca.gov/eFiling/Getfile.aspx?fileid=53475&shareable=true
T8R-17be261d708364f3,1080000031,1.t.3.a.ii,metric_label_update,1. Net addition (or removal) - overhead circuit miles,Transmission,HFTD Tier 3,Urban,Non-WUI,Circuit miles,exact,0,,,SDG&E,2023,3,v3.1,0,4,SDGE_2023_Q4_Tables1-15.xlsx,Table 8,41,O41,https://efiling.energysafety.ca.gov/eFiling/Getfile.aspx?fileid=53475&shareable=true
T8R-e4d55c43d7acb6a3,1080000031,1.t.3.a.ii,metric_label_update,1. Net addition (or removal) - overhead circuit miles,Transmission,HFTD Tier 3,Urban,Non-WUI,Circuit miles,exact,0,,,SDG&E,2023,4,v3.1,0,4,SDGE_2023_Q4_Tables1-15.xlsx,Table 8,41,P41,https://efiling.energysafety.ca.gov/eFiling/Getfile.aspx?fileid=53475&shareable=true
T8R-245d533608df3339,1080000032,1.t.3.b.i,metric_label_update,1. Net addition (or removal) - overhead circuit miles,Transmission,HFTD Tier 3,Rural,WUI,Circuit miles,exact,0.006000000000000227,,,SDG&E,2023,1,v3.1,0,4,SDGE_2023_Q4_Tables1-15.xlsx,Table 8,42,M42,https://efiling.energysafety.ca.gov/eFiling/Getfile.aspx?fileid=53475&shareable=true
T8R-bcbcab88c53c354a,1080000032,1.t.3.b.i,metric_label_update,1. Net addition (or removal) - overhead circuit miles,Transmission,HFTD Tier 3,Rural,WUI,Circuit miles,exact,-0.006000000000000227,,,SDG&E,2023,2,v3.1,0,4,SDGE_2023_Q4_Tables1-15.xlsx,Table 8,42,N42,https://efiling.energysafety.ca.gov/eFiling/Getfile.aspx?fileid=53475&shareable=true
T8R-a5a4b78d01b44e08,1080000032,1.t.3.b.i,metric_label_update,1. Net addition (or removal) - overhead circuit miles,Transmission,HFTD Tier 3,Rural,WUI,Circuit miles,exact,-0.5799999999999983,,,SDG&E,2023,3,v3.1,0,4,SDGE_2023_Q4_Tables1-15.xlsx,Table 8,42,O42,https://efiling.energysafety.ca.gov/eFiling/Getfile.aspx?fileid=53475&shareable=true
T8R-bbeefba738fabda3,1080000032,1.t.3.b.i,metric_label_update,1. Net addition (or removal) - overhead circuit miles,Transmission,HFTD Tier 3,Rural,WUI,Circuit miles,exact,0,,,SDG&E,2023,4,v3.1,0,4,SDGE_2023_Q4_Tables1-15.xlsx,Table 8,42,P42,https://efiling.energysafety.ca.gov/eFiling/Getfile.aspx?fileid=53475&shareable=true
T8R-0393dc162e1fb177,1080000033,1.t.3.b.ii,metric_label_update,1. Net addition (or removal) - overhead circuit miles,Transmission,HFTD Tier 3,Rural,Non-WUI,Circuit miles,exact,0.0049999999999954525,,,SDG&E,2023,1,v3.1,0,4,SDGE_2023_Q4_Tables1-15.xlsx,Table 8,43,M43,https://efiling.energysafety.ca.gov/eFiling/Getfile.aspx?fileid=53475&shareable=true
T8R-672da153b5c44110,1080000033,1.t.3.b.ii,metric_label_update,1. Net addition (or removal) - overhead circuit miles,Transmission,HFTD Tier 3,Rural,Non-WUI,Circuit miles,exact,-0.0049999999999954525,,,SDG&E,2023,2,v3.1,0,4,SDGE_2023_Q4_Tables1-15.xlsx,Table 8,43,N43,https://efiling.energysafety.ca.gov/eFiling/Getfile.aspx?fileid=53475&shareable=true
T8R-f0cc5b6933e707a9,1080000033,1.t.3.b.ii,metric_label_update,1. Net addition (or removal) - overhead circuit miles,Transmission,HFTD Tier 3,Rural,Non-WUI,Circuit miles,exact,-3.2600000000000193,,,SDG&E,2023,3,v3.1,0,4,SDGE_2023_Q4_Tables1-15.xlsx,Table 8,43,O43,https://efiling.energysafety.ca.gov/eFiling/Getfile.aspx?fileid=53475&shareable=true
T8R-6091aee6243cf525,1080000033,1.t.3.b.ii,metric_label_update,1. Net addition (or removal) - overhead circuit miles,Transmission,HFTD Tier 3,Rural,Non-WUI,Circuit miles,exact,0.010000000000019327,,,SDG&E,2023,4,v3.1,0,4,SDGE_2023_Q4_Tables1-15.xlsx,Table 8,43,P43,https://efiling.energysafety.ca.gov/eFiling/Getfile.aspx?fileid=53475&shareable=true
T8R-7aad5fed4ad9830a,1080000034,1.t.3.c.i,metric_label_update,1. Net addition (or removal) - overhead circuit miles,Transmission,HFTD Tier 3,Highly rural,WUI,Circuit miles,exact,-0.0029999999999996696,,,SDG&E,2023,1,v3.1,0,4,SDGE_2023_Q4_Tables1-15.xlsx,Table 8,44,M44,https://efiling.energysafety.ca.gov/eFiling/Getfile.aspx?fileid=53475&shareable=true
T8R-f37b26f4179cff31,1080000034,1.t.3.c.i,metric_label_update,1. Net addition (or removal) - overhead circuit miles,Transmission,HFTD Tier 3,Highly rural,WUI,Circuit miles,exact,0.0029999999999996696,,,SDG&E,2023,2,v3.1,0,4,SDGE_2023_Q4_Tables1-15.xlsx,Table 8,44,N44,https://efiling.energysafety.ca.gov/eFiling/Getfile.aspx?fileid=53475&shareable=true
T8R-05418da4de4b4ffc,1080000034,1.t.3.c.i,metric_label_update,1. Net addition (or removal) - overhead circuit miles,Transmission,HFTD Tier 3,Highly rural,WUI,Circuit miles,exact,0,,,SDG&E,2023,3,v3.1,0,4,SDGE_2023_Q4_Tables1-15.xlsx,Table 8,44,O44,https://efiling.energysafety.ca.gov/eFiling/Getfile.aspx?fileid=53475&shareable=true
T8R-95e8c9b1f8b31dd4,1080000034,1.t.3.c.i,metric_label_update,1. Net addition (or removal) - overhead circuit miles,Transmission,HFTD Tier 3,Highly rural,WUI,Circuit miles,exact,0,,,SDG&E,2023,4,v3.1,0,4,SDGE_2023_Q4_Tables1-15.xlsx,Table 8,44,P44,https://efiling.energysafety.ca.gov/eFiling/Getfile.aspx?fileid=53475&shareable=true
T8R-1dbe38c73c5e94c4,1080000035,1.t.3.c.ii,metric_label_update,1. Net addition (or removal) - overhead circuit miles,Transmission,HFTD Tier 3,Highly rural,Non-WUI,Circuit miles,exact,0.005000000000000782,,,SDG&E,2023,1,v3.1,0,4,SDGE_2023_Q4_Tables1-15.xlsx,Table 8,45,M45,https://efiling.energysafety.ca.gov/eFiling/Getfile.aspx?fileid=53475&shareable=true
T8R-05e551fcc71cdb76,1080000035,1.t.3.c.ii,metric_label_update,1. Net addition (or removal) - overhead circuit miles,Transmission,HFTD Tier 3,Highly rural,Non-WUI,Circuit miles,exact,-0.005000000000000782,,,SDG&E,2023,2,v3.1,0,4,SDGE_2023_Q4_Tables1-15.xlsx,Table 8,45,N45,https://efiling.energysafety.ca.gov/eFiling/Getfile.aspx?fileid=53475&shareable=true
T8R-cdc4bad31014ca59,1080000035,1.t.3.c.ii,metric_label_update,1. Net addition (or removal) - overhead circuit miles,Transmission,HFTD Tier 3,Highly rural,Non-WUI,Circuit miles,exact,0,,,SDG&E,2023,3,v3.1,0,4,SDGE_2023_Q4_Tables1-15.xlsx,Table 8,45,O45,https://efiling.energysafety.ca.gov/eFiling/Getfile.aspx?fileid=53475&shareable=true
T8R-9b8b7dac15074087,1080000035,1.t.3.c.ii,metric_label_update,1. Net addition (or removal) - overhead circuit miles,Transmission,HFTD Tier 3,Highly rural,Non-WUI,Circuit miles,exact,0,,,SDG&E,2023,4,v3.1,0,4,SDGE_2023_Q4_Tables1-15.xlsx,Table 8,45,P45,https://efiling.energysafety.ca.gov/eFiling/Getfile.aspx?fileid=53475&shareable=true
T8R-314ea47bfdff8df3,1080000036,2.d.0.a.i,metric_label_update,2. Net addition (or removal) - underground circuit miles,Distribution,Non-HFTD,Urban,WUI,Circuit miles,exact,0.625,,,SDG&E,2023,1,v3.1,0,4,SDGE_2023_Q4_Tables1-15.xlsx,Table 8,46,M46,https://efiling.energysafety.ca.gov/eFiling/Getfile.aspx?fileid=53475&shareable=true
T8R-0800cb432857ee0a,1080000036,2.d.0.a.i,metric_label_update,2. Net addition (or removal) - underground circuit miles,Distribution,Non-HFTD,Urban,WUI,Circuit miles,exact,1.824999999999818,,,SDG&E,2023,2,v3.1,0,4,SDGE_2023_Q4_Tables1-15.xlsx,Table 8,46,N46,https://efiling.energysafety.ca.gov/eFiling/Getfile.aspx?fileid=53475&shareable=true
T8R-addbedda77f03508,1080000036,2.d.0.a.i,metric_label_update,2. Net addition (or removal) - underground circuit miles,Distribution,Non-HFTD,Urban,WUI,Circuit miles,exact,2.980000000000018,,,SDG&E,2023,3,v3.1,0,4,SDGE_2023_Q4_Tables1-15.xlsx,Table 8,46,O46,https://efiling.energysafety.ca.gov/eFiling/Getfile.aspx?fileid=53475&shareable=true
T8R-2ac8ddf05770bc1b,1080000036,2.d.0.a.i,metric_label_update,2. Net addition (or removal) - underground circuit miles,Distribution,Non-HFTD,Urban,WUI,Circuit miles,exact,2.900000000000091,,,SDG&E,2023,4,v3.1,0,4,SDGE_2023_Q4_Tables1-15.xlsx,Table 8,46,P46,https://efiling.energysafety.ca.gov/eFiling/Getfile.aspx?fileid=53475&shareable=true
T8R-aaf44cb2948758b6,1080000037,2.d.0.a.ii,metric_label_update,2. Net addition (or removal) - underground circuit miles,Distribution,Non-HFTD,Urban,Non-WUI,Circuit miles,exact,3.3609999999998763,,,SDG&E,2023,1,v3.1,0,4,SDGE_2023_Q4_Tables1-15.xlsx,Table 8,47,M47,https://efiling.energysafety.ca.gov/eFiling/Getfile.aspx?fileid=53475&shareable=true
T8R-019587ca2fa53b2d,1080000037,2.d.0.a.ii,metric_label_update,2. Net addition (or removal) - underground circuit miles,Distribution,Non-HFTD,Urban,Non-WUI,Circuit miles,exact,5.399000000000342,,,SDG&E,2023,2,v3.1,0,4,SDGE_2023_Q4_Tables1-15.xlsx,Table 8,47,N47,https://efiling.energysafety.ca.gov/eFiling/Getfile.aspx?fileid=53475&shareable=true
T8R-1aa4ef48f08d3bc9,1080000037,2.d.0.a.ii,metric_label_update,2. Net addition (or removal) - underground circuit miles,Distribution,Non-HFTD,Urban,Non-WUI,Circuit miles,exact,8.339999999999236,,,SDG&E,2023,3,v3.1,0,4,SDGE_2023_Q4_Tables1-15.xlsx,Table 8,47,O47,https://efiling.energysafety.ca.gov/eFiling/Getfile.aspx?fileid=53475&shareable=true
T8R-146cdee29fb6a170,1080000037,2.d.0.a.ii,metric_label_update,2. Net addition (or removal) - underground circuit miles,Distribution,Non-HFTD,Urban,Non-WUI,Circuit miles,exact,5.520000000000437,,,SDG&E,2023,4,v3.1,0,4,SDGE_2023_Q4_Tables1-15.xlsx,Table 8,47,P47,https://efiling.energysafety.ca.gov/eFiling/Getfile.aspx?fileid=53475&shareable=true
T8R-75f41cd5f3ef3e28,1080000038,2.d.0.b.i,metric_label_update,2. Net addition (or removal) - underground circuit miles,Distribution,Non-HFTD,Rural,WUI,Circuit miles,exact,0.3709999999999809,,,SDG&E,2023,1,v3.1,0,4,SDGE_2023_Q4_Tables1-15.xlsx,Table 8,48,M48,https://efiling.energysafety.ca.gov/eFiling/Getfile.aspx?fileid=53475&shareable=true
T8R-17ee4a25aa91576a,1080000038,2.d.0.b.i,metric_label_update,2. Net addition (or removal) - underground circuit miles,Distribution,Non-HFTD,Rural,WUI,Circuit miles,exact,0.3390000000000555,,,SDG&E,2023,2,v3.1,0,4,SDGE_2023_Q4_Tables1-15.xlsx,Table 8,48,N48,https://efiling.energysafety.ca.gov/eFiling/Getfile.aspx?fileid=53475&shareable=true
T8R-6313bf2386070571,1080000038,2.d.0.b.i,metric_label_update,2. Net addition (or removal) - underground circuit miles,Distribution,Non-HFTD,Rural,WUI,Circuit miles,exact,1.25,,,SDG&E,2023,3,v3.1,0,4,SDGE_2023_Q4_Tables1-15.xlsx,Table 8,48,O48,https://efiling.energysafety.ca.gov/eFiling/Getfile.aspx?fileid=53475&shareable=true
T8R-b169755f4004e5c1,1080000038,2.d.0.b.i,metric_label_update,2. Net addition (or removal) - underground circuit miles,Distribution,Non-HFTD,Rural,WUI,Circuit miles,exact,0.5399999999999636,,,SDG&E,2023,4,v3.1,0,4,SDGE_2023_Q4_Tables1-15.xlsx,Table 8,48,P48,https://efiling.energysafety.ca.gov/eFiling/Getfile.aspx?fileid=53475&shareable=true
T8R-fe68f92b1d4a3366,1080000039,2.d.0.b.ii,metric_label_update,2. Net addition (or removal) - underground circuit miles,Distribution,Non-HFTD,Rural,Non-WUI,Circuit miles,exact,0.36799999999993815,,,SDG&E,2023,1,v3.1,0,4,SDGE_2023_Q4_Tables1-15.xlsx,Table 8,49,M49,https://efiling.energysafety.ca.gov/eFiling/Getfile.aspx?fileid=53475&shareable=true
T8R-ec1003831dc904e0,1080000039,2.d.0.b.ii,metric_label_update,2. Net addition (or removal) - underground circuit miles,Distribution,Non-HFTD,Rural,Non-WUI,Circuit miles,exact,2.6420000000000528,,,SDG&E,2023,2,v3.1,0,4,SDGE_2023_Q4_Tables1-15.xlsx,Table 8,49,N49,https://efiling.energysafety.ca.gov/eFiling/Getfile.aspx?fileid=53475&shareable=true
T8R-9e34265e5c1395ed,1080000039,2.d.0.b.ii,metric_label_update,2. Net addition (or removal) - underground circuit miles,Distribution,Non-HFTD,Rural,Non-WUI,Circuit miles,exact,1.1899999999999409,,,SDG&E,2023,3,v3.1,0,4,SDGE_2023_Q4_Tables1-15.xlsx,Table 8,49,O49,https://efiling.energysafety.ca.gov/eFiling/Getfile.aspx?fileid=53475&shareable=true
T8R-ebc9f0b1ce857f86,1080000039,2.d.0.b.ii,metric_label_update,2. Net addition (or removal) - underground circuit miles,Distribution,Non-HFTD,Rural,Non-WUI,Circuit miles,exact,1.580000000000041,,,SDG&E,2023,4,v3.1,0,4,SDGE_2023_Q4_Tables1-15.xlsx,Table 8,49,P49,https://efiling.energysafety.ca.gov/eFiling/Getfile.aspx?fileid=53475&shareable=true
T8R-53d367b6f0cdd6c1,1080000040,2.d.0.c.i,metric_label_update,2. Net addition (or removal) - underground circuit miles,Distribution,Non-HFTD,Highly rural,WUI,Circuit miles,exact,-0.0019999999999988916,,,SDG&E,2023,1,v3.1,0,4,SDGE_2023_Q4_Tables1-15.xlsx,Table 8,50,M50,https://efiling.energysafety.ca.gov/eFiling/Getfile.aspx?fileid=53475&shareable=true
T8R-7a2c52e2e15fa6f1,1080000040,2.d.0.c.i,metric_label_update,2. Net addition (or removal) - underground circuit miles,Distribution,Non-HFTD,Highly rural,WUI,Circuit miles,exact,0.0019999999999988916,,,SDG&E,2023,2,v3.1,0,4,SDGE_2023_Q4_Tables1-15.xlsx,Table 8,50,N50,https://efiling.energysafety.ca.gov/eFiling/Getfile.aspx?fileid=53475&shareable=true
T8R-46c72d49d8a853f8,1080000040,2.d.0.c.i,metric_label_update,2. Net addition (or removal) - underground circuit miles,Distribution,Non-HFTD,Highly rural,WUI,Circuit miles,exact,0,,,SDG&E,2023,3,v3.1,0,4,SDGE_2023_Q4_Tables1-15.xlsx,Table 8,50,O50,https://efiling.energysafety.ca.gov/eFiling/Getfile.aspx?fileid=53475&shareable=true
T8R-e80310246bbb23f7,1080000040,2.d.0.c.i,metric_label_update,2. Net addition (or removal) - underground circuit miles,Distribution,Non-HFTD,Highly rural,WUI,Circuit miles,exact,0,,,SDG&E,2023,4,v3.1,0,4,SDGE_2023_Q4_Tables1-15.xlsx,Table 8,50,P50,https://efiling.energysafety.ca.gov/eFiling/Getfile.aspx?fileid=53475&shareable=true
T8R-d69695abe607ec4c,1080000041,2.d.0.c.ii,metric_label_update,2. Net addition (or removal) - underground circuit miles,Distribution,Non-HFTD,Highly rural,Non-WUI,Circuit miles,exact,0.4819999999999993,,,SDG&E,2023,1,v3.1,0,4,SDGE_2023_Q4_Tables1-15.xlsx,Table 8,51,M51,https://efiling.energysafety.ca.gov/eFiling/Getfile.aspx?fileid=53475&shareable=true
T8R-755879f20e1b99f4,1080000041,2.d.0.c.ii,metric_label_update,2. Net addition (or removal) - underground circuit miles,Distribution,Non-HFTD,Highly rural,Non-WUI,Circuit miles,exact,-0.0020000000000024443,,,SDG&E,2023,2,v3.1,0,4,SDGE_2023_Q4_Tables1-15.xlsx,Table 8,51,N51,https://efiling.energysafety.ca.gov/eFiling/Getfile.aspx?fileid=53475&shareable=true
T8R-651732437b369ddd,1080000041,2.d.0.c.ii,metric_label_update,2. Net addition (or removal) - underground circuit miles,Distribution,Non-HFTD,Highly rural,Non-WUI,Circuit miles,exact,0.18999999999999773,,,SDG&E,2023,3,v3.1,0,4,SDGE_2023_Q4_Tables1-15.xlsx,Table 8,51,O51,https://efiling.energysafety.ca.gov/eFiling/Getfile.aspx?fileid=53475&shareable=true
T8R-03338c46ed8ff4ed,1080000041,2.d.0.c.ii,metric_label_update,2. Net addition (or removal) - underground circuit miles,Distribution,Non-HFTD,Highly rural,Non-WUI,Circuit miles,exact,0.3100000000000023,,,SDG&E,2023,4,v3.1,0,4,SDGE_2023_Q4_Tables1-15.xlsx,Table 8,51,P51,https://efiling.energysafety.ca.gov/eFiling/Getfile.aspx?fileid=53475&shareable=true
T8R-9dac0a00821ff71d,1080000042,2.d.2.a.i,metric_label_update,2. Net addition (or removal) - underground circuit miles,Distribution,HFTD Tier 2,Urban,WUI,Circuit miles,exact,0.006999999999948159,,,SDG&E,2023,1,v3.1,0,4,SDGE_2023_Q4_Tables1-15.xlsx,Table 8,52,M52,https://efiling.energysafety.ca.gov/eFiling/Getfile.aspx?fileid=53475&shareable=true
T8R-473eebb39a8fe9cd,1080000042,2.d.2.a.i,metric_label_update,2. Net addition (or removal) - underground circuit miles,Distribution,HFTD Tier 2,Urban,WUI,Circuit miles,exact,-0.1169999999999618,,,SDG&E,2023,2,v3.1,0,4,SDGE_2023_Q4_Tables1-15.xlsx,Table 8,52,N52,https://efiling.energysafety.ca.gov/eFiling/Getfile.aspx?fileid=53475&shareable=true
T8R-ec109ec6dc04b078,1080000042,2.d.2.a.i,metric_label_update,2. Net addition (or removal) - underground circuit miles,Distribution,HFTD Tier 2,Urban,WUI,Circuit miles,exact,0.14999999999997726,,,SDG&E,2023,3,v3.1,0,4,SDGE_2023_Q4_Tables1-15.xlsx,Table 8,52,O52,https://efiling.energysafety.ca.gov/eFiling/Getfile.aspx?fileid=53475&shareable=true
T8R-633230c7c4c3d876,1080000042,2.d.2.a.i,metric_label_update,2. Net addition (or removal) - underground circuit miles,Distribution,HFTD Tier 2,Urban,WUI,Circuit miles,exact,0.22000000000002728,,,SDG&E,2023,4,v3.1,0,4,SDGE_2023_Q4_Tables1-15.xlsx,Table 8,52,P52,https://efiling.energysafety.ca.gov/eFiling/Getfile.aspx?fileid=53475&shareable=true
T8R-ed978ead34d2a2cf,1080000043,2.d.2.a.ii,metric_label_update,2. Net addition (or removal) - underground circuit miles,Distribution,HFTD Tier 2,Urban,Non-WUI,Circuit miles,exact,0.038000000000010914,,,SDG&E,2023,1,v3.1,0,4,SDGE_2023_Q4_Tables1-15.xlsx,Table 8,53,M53,https://efiling.energysafety.ca.gov/eFiling/Getfile.aspx?fileid=53475&shareable=true
T8R-c914216c6bc8a1c4,1080000043,2.d.2.a.ii,metric_label_update,2. Net addition (or removal) - underground circuit miles,Distribution,HFTD Tier 2,Urban,Non-WUI,Circuit miles,exact,0.32200000000000273,,,SDG&E,2023,2,v3.1,0,4,SDGE_2023_Q4_Tables1-15.xlsx,Table 8,53,N53,https://efiling.energysafety.ca.gov/eFiling/Getfile.aspx?fileid=53475&shareable=true
T8R-bc5de1d3b9d67373,1080000043,2.d.2.a.ii,metric_label_update,2. Net addition (or removal) - underground circuit miles,Distribution,HFTD Tier 2,Urban,Non-WUI,Circuit miles,exact,1.9799999999999898,,,SDG&E,2023,3,v3.1,0,4,SDGE_2023_Q4_Tables1-15.xlsx,Table 8,53,O53,https://efiling.energysafety.ca.gov/eFiling/Getfile.aspx?fileid=53475&shareable=true
T8R-844003277e296e4b,1080000043,2.d.2.a.ii,metric_label_update,2. Net addition (or removal) - underground circuit miles,Distribution,HFTD Tier 2,Urban,Non-WUI,Circuit miles,exact,1.2700000000000102,,,SDG&E,2023,4,v3.1,0,4,SDGE_2023_Q4_Tables1-15.xlsx,Table 8,53,P53,https://efiling.energysafety.ca.gov/eFiling/Getfile.aspx?fileid=53475&shareable=true
T8R-9a40fa7c5101cc4c,1080000044,2.d.2.b.i,metric_label_update,2. Net addition (or removal) - underground circuit miles,Distribution,HFTD Tier 2,Rural,WUI,Circuit miles,exact,0.36800000000005184,,,SDG&E,2023,1,v3.1,0,4,SDGE_2023_Q4_Tables1-15.xlsx,Table 8,54,M54,https://efiling.energysafety.ca.gov/eFiling/Getfile.aspx?fileid=53475&shareable=true
T8R-5c230ce88b4269a8,1080000044,2.d.2.b.i,metric_label_update,2. Net addition (or removal) - underground circuit miles,Distribution,HFTD Tier 2,Rural,WUI,Circuit miles,exact,8.66199999999992,,,SDG&E,2023,2,v3.1,0,4,SDGE_2023_Q4_Tables1-15.xlsx,Table 8,54,N54,https://efiling.energysafety.ca.gov/eFiling/Getfile.aspx?fileid=53475&shareable=true
T8R-b39db0f363041e71,1080000044,2.d.2.b.i,metric_label_update,2. Net addition (or removal) - underground circuit miles,Distribution,HFTD Tier 2,Rural,WUI,Circuit miles,exact,1.5900000000000318,,,SDG&E,2023,3,v3.1,0,4,SDGE_2023_Q4_Tables1-15.xlsx,Table 8,54,O54,https://efiling.energysafety.ca.gov/eFiling/Getfile.aspx?fileid=53475&shareable=true
T8R-a7280086b3541e42,1080000044,2.d.2.b.i,metric_label_update,2. Net addition (or removal) - underground circuit miles,Distribution,HFTD Tier 2,Rural,WUI,Circuit miles,exact,2.6900000000000546,,,SDG&E,2023,4,v3.1,0,4,SDGE_2023_Q4_Tables1-15.xlsx,Table 8,54,P54,https://efiling.energysafety.ca.gov/eFiling/Getfile.aspx?fileid=53475&shareable=true
T8R-524255c7f424c453,1080000045,2.d.2.b.ii,metric_label_update,2. Net addition (or removal) - underground circuit miles,Distribution,HFTD Tier 2,Rural,Non-WUI,Circuit miles,exact,2.103999999999985,,,SDG&E,2023,1,v3.1,0,4,SDGE_2023_Q4_Tables1-15.xlsx,Table 8,55,M55,https://efiling.energysafety.ca.gov/eFiling/Getfile.aspx?fileid=53475&shareable=true
T8R-b6578179622f09b2,1080000045,2.d.2.b.ii,metric_label_update,2. Net addition (or removal) - underground circuit miles,Distribution,HFTD Tier 2,Rural,Non-WUI,Circuit miles,exact,2.656000000000006,,,SDG&E,2023,2,v3.1,0,4,SDGE_2023_Q4_Tables1-15.xlsx,Table 8,55,N55,https://efiling.energysafety.ca.gov/eFiling/Getfile.aspx?fileid=53475&shareable=true
T8R-824d893a9079720f,1080000045,2.d.2.b.ii,metric_label_update,2. Net addition (or removal) - underground circuit miles,Distribution,HFTD Tier 2,Rural,Non-WUI,Circuit miles,exact,3.519999999999982,,,SDG&E,2023,3,v3.1,0,4,SDGE_2023_Q4_Tables1-15.xlsx,Table 8,55,O55,https://efiling.energysafety.ca.gov/eFiling/Getfile.aspx?fileid=53475&shareable=true
T8R-20ab64933985b4f1,1080000045,2.d.2.b.ii,metric_label_update,2. Net addition (or removal) - underground circuit miles,Distribution,HFTD Tier 2,Rural,Non-WUI,Circuit miles,exact,6.100000000000023,,,SDG&E,2023,4,v3.1,0,4,SDGE_2023_Q4_Tables1-15.xlsx,Table 8,55,P55,https://efiling.energysafety.ca.gov/eFiling/Getfile.aspx?fileid=53475&shareable=true
T8R-59fc12c192e405cc,1080000046,2.d.2.c.i,metric_label_update,2. Net addition (or removal) - underground circuit miles,Distribution,HFTD Tier 2,Highly rural,WUI,Circuit miles,exact,0.0009999999999998899,,,SDG&E,2023,1,v3.1,0,4,SDGE_2023_Q4_Tables1-15.xlsx,Table 8,56,M56,https://efiling.energysafety.ca.gov/eFiling/Getfile.aspx?fileid=53475&shareable=true
T8R-7e162a3888ee0d8a,1080000046,2.d.2.c.i,metric_label_update,2. Net addition (or removal) - underground circuit miles,Distribution,HFTD Tier 2,Highly rural,WUI,Circuit miles,exact,-0.0009999999999998899,,,SDG&E,2023,2,v3.1,0,4,SDGE_2023_Q4_Tables1-15.xlsx,Table 8,56,N56,https://efiling.energysafety.ca.gov/eFiling/Getfile.aspx?fileid=53475&shareable=true
T8R-e5c277308a865ac2,1080000046,2.d.2.c.i,metric_label_update,2. Net addition (or removal) - underground circuit miles,Distribution,HFTD Tier 2,Highly rural,WUI,Circuit miles,exact,0,,,SDG&E,2023,3,v3.1,0,4,SDGE_2023_Q4_Tables1-15.xlsx,Table 8,56,O56,https://efiling.energysafety.ca.gov/eFiling/Getfile.aspx?fileid=53475&shareable=true
T8R-47ab4b27bb5dd476,1080000046,2.d.2.c.i,metric_label_update,2. Net addition (or removal) - underground circuit miles,Distribution,HFTD Tier 2,Highly rural,WUI,Circuit miles,exact,0,,,SDG&E,2023,4,v3.1,0,4,SDGE_2023_Q4_Tables1-15.xlsx,Table 8,56,P56,https://efiling.energysafety.ca.gov/eFiling/Getfile.aspx?fileid=53475&shareable=true
T8R-2f30bfb61f0d906b,1080000047,2.d.2.c.ii,metric_label_update,2. Net addition (or removal) - underground circuit miles,Distribution,HFTD Tier 2,Highly rural,Non-WUI,Circuit miles,exact,0.0030000000000001137,,,SDG&E,2023,1,v3.1,0,4,SDGE_2023_Q4_Tables1-15.xlsx,Table 8,57,M57,https://efiling.energysafety.ca.gov/eFiling/Getfile.aspx?fileid=53475&shareable=true
T8R-2f7f7387cf0d9313,1080000047,2.d.2.c.ii,metric_label_update,2. Net addition (or removal) - underground circuit miles,Distribution,HFTD Tier 2,Highly rural,Non-WUI,Circuit miles,exact,-0.0030000000000001137,,,SDG&E,2023,2,v3.1,0,4,SDGE_2023_Q4_Tables1-15.xlsx,Table 8,57,N57,https://efiling.energysafety.ca.gov/eFiling/Getfile.aspx?fileid=53475&shareable=true
T8R-63854c0f863013ca,1080000047,2.d.2.c.ii,metric_label_update,2. Net addition (or removal) - underground circuit miles,Distribution,HFTD Tier 2,Highly rural,Non-WUI,Circuit miles,exact,0,,,SDG&E,2023,3,v3.1,0,4,SDGE_2023_Q4_Tables1-15.xlsx,Table 8,57,O57,https://efiling.energysafety.ca.gov/eFiling/Getfile.aspx?fileid=53475&shareable=true
T8R-bbd8589e7498f8be,1080000047,2.d.2.c.ii,metric_label_update,2. Net addition (or removal) - underground circuit miles,Distribution,HFTD Tier 2,Highly rural,Non-WUI,Circuit miles,exact,0,,,SDG&E,2023,4,v3.1,0,4,SDGE_2023_Q4_Tables1-15.xlsx,Table 8,57,P57,https://efiling.energysafety.ca.gov/eFiling/Getfile.aspx?fileid=53475&shareable=true
T8R-1f2cb97343ad6c6f,1080000048,2.d.3.a.i,metric_label_update,2. Net addition (or removal) - underground circuit miles,Distribution,HFTD Tier 3,Urban,WUI,Circuit miles,exact,-0.0030000000000000027,,,SDG&E,2023,1,v3.1,0,4,SDGE_2023_Q4_Tables1-15.xlsx,Table 8,58,M58,https://efiling.energysafety.ca.gov/eFiling/Getfile.aspx?fileid=53475&shareable=true
T8R-68d19e7faeb25010,1080000048,2.d.3.a.i,metric_label_update,2. Net addition (or removal) - underground circuit miles,Distribution,HFTD Tier 3,Urban,WUI,Circuit miles,exact,0.0030000000000000027,,,SDG&E,2023,2,v3.1,0,4,SDGE_2023_Q4_Tables1-15.xlsx,Table 8,58,N58,https://efiling.energysafety.ca.gov/eFiling/Getfile.aspx?fileid=53475&shareable=true
T8R-eeb378e7656bc202,1080000048,2.d.3.a.i,metric_label_update,2. Net addition (or removal) - underground circuit miles,Distribution,HFTD Tier 3,Urban,WUI,Circuit miles,exact,0,,,SDG&E,2023,3,v3.1,0,4,SDGE_2023_Q4_Tables1-15.xlsx,Table 8,58,O58,https://efiling.energysafety.ca.gov/eFiling/Getfile.aspx?fileid=53475&shareable=true
T8R-041e710b258a9ad6,1080000048,2.d.3.a.i,metric_label_update,2. Net addition (or removal) - underground circuit miles,Distribution,HFTD Tier 3,Urban,WUI,Circuit miles,exact,0.37,,,SDG&E,2023,4,v3.1,0,4,SDGE_2023_Q4_Tables1-15.xlsx,Table 8,58,P58,https://efiling.energysafety.ca.gov/eFiling/Getfile.aspx?fileid=53475&shareable=true
T8R-9f13a3bab509ba12,1080000049,2.d.3.a.ii,metric_label_update,2. Net addition (or removal) - underground circuit miles,Distribution,HFTD Tier 3,Urban,Non-WUI,Circuit miles,exact,0,,,SDG&E,2023,1,v3.1,0,4,SDGE_2023_Q4_Tables1-15.xlsx,Table 8,59,M59,https://efiling.energysafety.ca.gov/eFiling/Getfile.aspx?fileid=53475&shareable=true
T8R-d21ad67371fe4832,1080000049,2.d.3.a.ii,metric_label_update,2. Net addition (or removal) - underground circuit miles,Distribution,HFTD Tier 3,Urban,Non-WUI,Circuit miles,exact,0,,,SDG&E,2023,2,v3.1,0,4,SDGE_2023_Q4_Tables1-15.xlsx,Table 8,59,N59,https://efiling.energysafety.ca.gov/eFiling/Getfile.aspx?fileid=53475&shareable=true
T8R-0d0416b1c5265e4c,1080000049,2.d.3.a.ii,metric_label_update,2. Net addition (or removal) - underground circuit miles,Distribution,HFTD Tier 3,Urban,Non-WUI,Circuit miles,exact,0,,,SDG&E,2023,3,v3.1,0,4,SDGE_2023_Q4_Tables1-15.xlsx,Table 8,59,O59,https://efiling.energysafety.ca.gov/eFiling/Getfile.aspx?fileid=53475&shareable=true
T8R-32f154b851a09790,1080000049,2.d.3.a.ii,metric_label_update,2. Net addition (or removal) - underground circuit miles,Distribution,HFTD Tier 3,Urban,Non-WUI,Circuit miles,exact,0,,,SDG&E,2023,4,v3.1,0,4,SDGE_2023_Q4_Tables1-15.xlsx,Table 8,59,P59,https://efiling.energysafety.ca.gov/eFiling/Getfile.aspx?fileid=53475&shareable=true
T8R-c5d71452e54f003f,1080000050,2.d.3.b.i,metric_label_update,2. Net addition (or removal) - underground circuit miles,Distribution,HFTD Tier 3,Rural,WUI,Circuit miles,exact,1.1639999999999873,,,SDG&E,2023,1,v3.1,0,4,SDGE_2023_Q4_Tables1-15.xlsx,Table 8,60,M60,https://efiling.energysafety.ca.gov/eFiling/Getfile.aspx?fileid=53475&shareable=true
T8R-1a8cdc3fc9f373a4,1080000050,2.d.3.b.i,metric_label_update,2. Net addition (or removal) - underground circuit miles,Distribution,HFTD Tier 3,Rural,WUI,Circuit miles,exact,0.23600000000004684,,,SDG&E,2023,2,v3.1,0,4,SDGE_2023_Q4_Tables1-15.xlsx,Table 8,60,N60,https://efiling.energysafety.ca.gov/eFiling/Getfile.aspx?fileid=53475&shareable=true
T8R-4eb96448ff6e4711,1080000050,2.d.3.b.i,metric_label_update,2. Net addition (or removal) - underground circuit miles,Distribution,HFTD Tier 3,Rural,WUI,Circuit miles,exact,7.189999999999998,,,SDG&E,2023,3,v3.1,0,4,SDGE_2023_Q4_Tables1-15.xlsx,Table 8,60,O60,https://efiling.energysafety.ca.gov/eFiling/Getfile.aspx?fileid=53475&shareable=true
T8R-5a5c36ab704ec3cf,1080000050,2.d.3.b.i,metric_label_update,2. Net addition (or removal) - underground circuit miles,Distribution,HFTD Tier 3,Rural,WUI,Circuit miles,exact,9.289999999999964,,,SDG&E,2023,4,v3.1,0,4,SDGE_2023_Q4_Tables1-15.xlsx,Table 8,60,P60,https://efiling.energysafety.ca.gov/eFiling/Getfile.aspx?fileid=53475&shareable=true
T8R-50ff7e34a542b506,1080000051,2.d.3.b.ii,metric_label_update,2. Net addition (or removal) - underground circuit miles,Distribution,HFTD Tier 3,Rural,Non-WUI,Circuit miles,exact,1.1190000000000282,,,SDG&E,2023,1,v3.1,0,4,SDGE_2023_Q4_Tables1-15.xlsx,Table 8,61,M61,https://efiling.energysafety.ca.gov/eFiling/Getfile.aspx?fileid=53475&shareable=true
T8R-f28e8d65907c2512,1080000051,2.d.3.b.ii,metric_label_update,2. Net addition (or removal) - underground circuit miles,Distribution,HFTD Tier 3,Rural,Non-WUI,Circuit miles,exact,0.9310000000000116,,,SDG&E,2023,2,v3.1,0,4,SDGE_2023_Q4_Tables1-15.xlsx,Table 8,61,N61,https://efiling.energysafety.ca.gov/eFiling/Getfile.aspx?fileid=53475&shareable=true
T8R-37bc2feac4a8ce3a,1080000051,2.d.3.b.ii,metric_label_update,2. Net addition (or removal) - underground circuit miles,Distribution,HFTD Tier 3,Rural,Non-WUI,Circuit miles,exact,2.4299999999999784,,,SDG&E,2023,3,v3.1,0,4,SDGE_2023_Q4_Tables1-15.xlsx,Table 8,61,O61,https://efiling.energysafety.ca.gov/eFiling/Getfile.aspx?fileid=53475&shareable=true
T8R-b3e525fc091ba81f,1080000051,2.d.3.b.ii,metric_label_update,2. Net addition (or removal) - underground circuit miles,Distribution,HFTD Tier 3,Rural,Non-WUI,Circuit miles,exact,9.579999999999018,,,SDG&E,2023,4,v3.1,0,4,SDGE_2023_Q4_Tables1-15.xlsx,Table 8,61,P61,https://efiling.energysafety.ca.gov/eFiling/Getfile.aspx?fileid=53475&shareable=true
T8R-a7c6973248fdbade,1080000052,2.d.3.c.i,metric_label_update,2. Net addition (or removal) - underground circuit miles,Distribution,HFTD Tier 3,Highly rural,WUI,Circuit miles,exact,0.005000000000000782,,,SDG&E,2023,1,v3.1,0,4,SDGE_2023_Q4_Tables1-15.xlsx,Table 8,62,M62,https://efiling.energysafety.ca.gov/eFiling/Getfile.aspx?fileid=53475&shareable=true
T8R-9efa3f3ccfa6df9b,1080000052,2.d.3.c.i,metric_label_update,2. Net addition (or removal) - underground circuit miles,Distribution,HFTD Tier 3,Highly rural,WUI,Circuit miles,exact,-0.005000000000000782,,,SDG&E,2023,2,v3.1,0,4,SDGE_2023_Q4_Tables1-15.xlsx,Table 8,62,N62,https://efiling.energysafety.ca.gov/eFiling/Getfile.aspx?fileid=53475&shareable=true
T8R-be619dce86841335,1080000052,2.d.3.c.i,metric_label_update,2. Net addition (or removal) - underground circuit miles,Distribution,HFTD Tier 3,Highly rural,WUI,Circuit miles,exact,1.67,,,SDG&E,2023,3,v3.1,0,4,SDGE_2023_Q4_Tables1-15.xlsx,Table 8,62,O62,https://efiling.energysafety.ca.gov/eFiling/Getfile.aspx?fileid=53475&shareable=true
T8R-e2dd1edfa6b5428a,1080000052,2.d.3.c.i,metric_label_update,2. Net addition (or removal) - underground circuit miles,Distribution,HFTD Tier 3,Highly rural,WUI,Circuit miles,exact,0.21000000000000085,,,SDG&E,2023,4,v3.1,0,4,SDGE_2023_Q4_Tables1-15.xlsx,Table 8,62,P62,https://efiling.energysafety.ca.gov/eFiling/Getfile.aspx?fileid=53475&shareable=true
T8R-eff12acad394831b,1080000053,2.d.3.c.ii,metric_label_update,2. Net addition (or removal) - underground circuit miles,Distribution,HFTD Tier 3,Highly rural,Non-WUI,Circuit miles,exact,-0.37400000000000233,,,SDG&E,2023,1,v3.1,0,4,SDGE_2023_Q4_Tables1-15.xlsx,Table 8,63,M63,https://efiling.energysafety.ca.gov/eFiling/Getfile.aspx?fileid=53475&shareable=true
T8R-8a0d5e44511a776d,1080000053,2.d.3.c.ii,metric_label_update,2. Net addition (or removal) - underground circuit miles,Distribution,HFTD Tier 3,Highly rural,Non-WUI,Circuit miles,exact,-0.0259999999999998,,,SDG&E,2023,2,v3.1,0,4,SDGE_2023_Q4_Tables1-15.xlsx,Table 8,63,N63,https://efiling.energysafety.ca.gov/eFiling/Getfile.aspx?fileid=53475&shareable=true
T8R-525f896a30887d72,1080000053,2.d.3.c.ii,metric_label_update,2. Net addition (or removal) - underground circuit miles,Distribution,HFTD Tier 3,Highly rural,Non-WUI,Circuit miles,exact,1.1999999999999993,,,SDG&E,2023,3,v3.1,0,4,SDGE_2023_Q4_Tables1-15.xlsx,Table 8,63,O63,https://efiling.energysafety.ca.gov/eFiling/Getfile.aspx?fileid=53475&shareable=true
T8R-b67add55755299e7,1080000053,2.d.3.c.ii,metric_label_update,2. Net addition (or removal) - underground circuit miles,Distribution,HFTD Tier 3,Highly rural,Non-WUI,Circuit miles,exact,0.4400000000000013,,,SDG&E,2023,4,v3.1,0,4,SDGE_2023_Q4_Tables1-15.xlsx,Table 8,63,P63,https://efiling.energysafety.ca.gov/eFiling/Getfile.aspx?fileid=53475&shareable=true
T8R-d89535afeeaa114c,1080000054,2.t.0.a.i,metric_label_update,2. Net addition (or removal) - underground circuit miles,Transmission,Non-HFTD,Urban,WUI,Circuit miles,exact,-0.004999999999999005,,,SDG&E,2023,1,v3.1,0,4,SDGE_2023_Q4_Tables1-15.xlsx,Table 8,64,M64,https://efiling.energysafety.ca.gov/eFiling/Getfile.aspx?fileid=53475&shareable=true
T8R-24c396f294bec279,1080000054,2.t.0.a.i,metric_label_update,2. Net addition (or removal) - underground circuit miles,Transmission,Non-HFTD,Urban,WUI,Circuit miles,exact,0.004999999999999005,,,SDG&E,2023,2,v3.1,0,4,SDGE_2023_Q4_Tables1-15.xlsx,Table 8,64,N64,https://efiling.energysafety.ca.gov/eFiling/Getfile.aspx?fileid=53475&shareable=true
T8R-6d570340232f2398,1080000054,2.t.0.a.i,metric_label_update,2. Net addition (or removal) - underground circuit miles,Transmission,Non-HFTD,Urban,WUI,Circuit miles,exact,2.6400000000000006,,,SDG&E,2023,3,v3.1,0,4,SDGE_2023_Q4_Tables1-15.xlsx,Table 8,64,O64,https://efiling.energysafety.ca.gov/eFiling/Getfile.aspx?fileid=53475&shareable=true
T8R-f07266193d3637ca,1080000054,2.t.0.a.i,metric_label_update,2. Net addition (or removal) - underground circuit miles,Transmission,Non-HFTD,Urban,WUI,Circuit miles,exact,0.21000000000000085,,,SDG&E,2023,4,v3.1,0,4,SDGE_2023_Q4_Tables1-15.xlsx,Table 8,64,P64,https://efiling.energysafety.ca.gov/eFiling/Getfile.aspx?fileid=53475&shareable=true
T8R-1bff59d22bd054bf,1080000055,2.t.0.a.ii,metric_label_update,2. Net addition (or removal) - underground circuit miles,Transmission,Non-HFTD,Urban,Non-WUI,Circuit miles,exact,0.000999999999990564,,,SDG&E,2023,1,v3.1,0,4,SDGE_2023_Q4_Tables1-15.xlsx,Table 8,65,M65,https://efiling.energysafety.ca.gov/eFiling/Getfile.aspx?fileid=53475&shareable=true
T8R-31d9810f5c6314c3,1080000055,2.t.0.a.ii,metric_label_update,2. Net addition (or removal) - underground circuit miles,Transmission,Non-HFTD,Urban,Non-WUI,Circuit miles,exact,-0.08099999999998886,,,SDG&E,2023,2,v3.1,0,4,SDGE_2023_Q4_Tables1-15.xlsx,Table 8,65,N65,https://efiling.energysafety.ca.gov/eFiling/Getfile.aspx?fileid=53475&shareable=true
T8R-ebab7c6e1590ef16,1080000055,2.t.0.a.ii,metric_label_update,2. Net addition (or removal) - underground circuit miles,Transmission,Non-HFTD,Urban,Non-WUI,Circuit miles,exact,2.9799999999999898,,,SDG&E,2023,3,v3.1,0,4,SDGE_2023_Q4_Tables1-15.xlsx,Table 8,65,O65,https://efiling.energysafety.ca.gov/eFiling/Getfile.aspx?fileid=53475&shareable=true
T8R-fe80331643a61f39,1080000055,2.t.0.a.ii,metric_label_update,2. Net addition (or removal) - underground circuit miles,Transmission,Non-HFTD,Urban,Non-WUI,Circuit miles,exact,0,,,SDG&E,2023,4,v3.1,0,4,SDGE_2023_Q4_Tables1-15.xlsx,Table 8,65,P65,https://efiling.energysafety.ca.gov/eFiling/Getfile.aspx?fileid=53475&shareable=true
T8R-6587023ec75ed8df,1080000056,2.t.0.b.i,metric_label_update,2. Net addition (or removal) - underground circuit miles,Transmission,Non-HFTD,Rural,WUI,Circuit miles,exact,0.1739999999999995,,,SDG&E,2023,1,v3.1,0,4,SDGE_2023_Q4_Tables1-15.xlsx,Table 8,66,M66,https://efiling.energysafety.ca.gov/eFiling/Getfile.aspx?fileid=53475&shareable=true
T8R-33fc4578db66e261,1080000056,2.t.0.b.i,metric_label_update,2. Net addition (or removal) - underground circuit miles,Transmission,Non-HFTD,Rural,WUI,Circuit miles,exact,-0.0039999999999995595,,,SDG&E,2023,2,v3.1,0,4,SDGE_2023_Q4_Tables1-15.xlsx,Table 8,66,N66,https://efiling.energysafety.ca.gov/eFiling/Getfile.aspx?fileid=53475&shareable=true
T8R-1b928cabfb7e41bf,1080000056,2.t.0.b.i,metric_label_update,2. Net addition (or removal) - underground circuit miles,Transmission,Non-HFTD,Rural,WUI,Circuit miles,exact,0,,,SDG&E,2023,3,v3.1,0,4,SDGE_2023_Q4_Tables1-15.xlsx,Table 8,66,O66,https://efiling.energysafety.ca.gov/eFiling/Getfile.aspx?fileid=53475&shareable=true
T8R-ec779a5f67b54ebd,1080000056,2.t.0.b.i,metric_label_update,2. Net addition (or removal) - underground circuit miles,Transmission,Non-HFTD,Rural,WUI,Circuit miles,exact,0,,,SDG&E,2023,4,v3.1,0,4,SDGE_2023_Q4_Tables1-15.xlsx,Table 8,66,P66,https://efiling.energysafety.ca.gov/eFiling/Getfile.aspx?fileid=53475&shareable=true
T8R-be47bbc9d48bab57,1080000057,2.t.0.b.ii,metric_label_update,2. Net addition (or removal) - underground circuit miles,Transmission,Non-HFTD,Rural,Non-WUI,Circuit miles,exact,0.030999999999998806,,,SDG&E,2023,1,v3.1,0,4,SDGE_2023_Q4_Tables1-15.xlsx,Table 8,67,M67,https://efiling.energysafety.ca.gov/eFiling/Getfile.aspx?fileid=53475&shareable=true
T8R-27c80b06533b22b0,1080000057,2.t.0.b.ii,metric_label_update,2. Net addition (or removal) - underground circuit miles,Transmission,Non-HFTD,Rural,Non-WUI,Circuit miles,exact,-0.0009999999999976694,,,SDG&E,2023,2,v3.1,0,4,SDGE_2023_Q4_Tables1-15.xlsx,Table 8,67,N67,https://efiling.energysafety.ca.gov/eFiling/Getfile.aspx?fileid=53475&shareable=true
T8R-e09d4d75c6e8f5e8,1080000057,2.t.0.b.ii,metric_label_update,2. Net addition (or removal) - underground circuit miles,Transmission,Non-HFTD,Rural,Non-WUI,Circuit miles,exact,0,,,SDG&E,2023,3,v3.1,0,4,SDGE_2023_Q4_Tables1-15.xlsx,Table 8,67,O67,https://efiling.energysafety.ca.gov/eFiling/Getfile.aspx?fileid=53475&shareable=true
T8R-8b19cd87d4dd4985,1080000057,2.t.0.b.ii,metric_label_update,2. Net addition (or removal) - underground circuit miles,Transmission,Non-HFTD,Rural,Non-WUI,Circuit miles,exact,0.029999999999997584,,,SDG&E,2023,4,v3.1,0,4,SDGE_2023_Q4_Tables1-15.xlsx,Table 8,67,P67,https://efiling.energysafety.ca.gov/eFiling/Getfile.aspx?fileid=53475&shareable=true
T8R-1669dfc849fd75c1,1080000058,2.t.0.c.i,metric_label_update,2. Net addition (or removal) - underground circuit miles,Transmission,Non-HFTD,Highly rural,WUI,Circuit miles,exact,0,,,SDG&E,2023,1,v3.1,0,4,SDGE_2023_Q4_Tables1-15.xlsx,Table 8,68,M68,https://efiling.energysafety.ca.gov/eFiling/Getfile.aspx?fileid=53475&shareable=true
T8R-d7cc8090625c9175,1080000058,2.t.0.c.i,metric_label_update,2. Net addition (or removal) - underground circuit miles,Transmission,Non-HFTD,Highly rural,WUI,Circuit miles,exact,0,,,SDG&E,2023,2,v3.1,0,4,SDGE_2023_Q4_Tables1-15.xlsx,Table 8,68,N68,https://efiling.energysafety.ca.gov/eFiling/Getfile.aspx?fileid=53475&shareable=true
T8R-c0e5383de73bb38d,1080000058,2.t.0.c.i,metric_label_update,2. Net addition (or removal) - underground circuit miles,Transmission,Non-HFTD,Highly rural,WUI,Circuit miles,exact,0,,,SDG&E,2023,3,v3.1,0,4,SDGE_2023_Q4_Tables1-15.xlsx,Table 8,68,O68,https://efiling.energysafety.ca.gov/eFiling/Getfile.aspx?fileid=53475&shareable=true
T8R-68ed4a7fdef39757,1080000058,2.t.0.c.i,metric_label_update,2. Net addition (or removal) - underground circuit miles,Transmission,Non-HFTD,Highly rural,WUI,Circuit miles,exact,0,,,SDG&E,2023,4,v3.1,0,4,SDGE_2023_Q4_Tables1-15.xlsx,Table 8,68,P68,https://efiling.energysafety.ca.gov/eFiling/Getfile.aspx?fileid=53475&shareable=true
T8R-dd9282514bc66fe8,1080000059,2.t.0.c.ii,metric_label_update,2. Net addition (or removal) - underground circuit miles,Transmission,Non-HFTD,Highly rural,Non-WUI,Circuit miles,exact,-0.0020000000000000018,,,SDG&E,2023,1,v3.1,0,4,SDGE_2023_Q4_Tables1-15.xlsx,Table 8,69,M69,https://efiling.energysafety.ca.gov/eFiling/Getfile.aspx?fileid=53475&shareable=true
T8R-3fe50034e08195eb,1080000059,2.t.0.c.ii,metric_label_update,2. Net addition (or removal) - underground circuit miles,Transmission,Non-HFTD,Highly rural,Non-WUI,Circuit miles,exact,0.0020000000000000018,,,SDG&E,2023,2,v3.1,0,4,SDGE_2023_Q4_Tables1-15.xlsx,Table 8,69,N69,https://efiling.energysafety.ca.gov/eFiling/Getfile.aspx?fileid=53475&shareable=true
T8R-414740a2a628d506,1080000059,2.t.0.c.ii,metric_label_update,2. Net addition (or removal) - underground circuit miles,Transmission,Non-HFTD,Highly rural,Non-WUI,Circuit miles,exact,0,,,SDG&E,2023,3,v3.1,0,4,SDGE_2023_Q4_Tables1-15.xlsx,Table 8,69,O69,https://efiling.energysafety.ca.gov/eFiling/Getfile.aspx?fileid=53475&shareable=true
T8R-144a1936805744dc,1080000059,2.t.0.c.ii,metric_label_update,2. Net addition (or removal) - underground circuit miles,Transmission,Non-HFTD,Highly rural,Non-WUI,Circuit miles,exact,0,,,SDG&E,2023,4,v3.1,0,4,SDGE_2023_Q4_Tables1-15.xlsx,Table 8,69,P69,https://efiling.energysafety.ca.gov/eFiling/Getfile.aspx?fileid=53475&shareable=true
T8R-605e752c86e4a317,1080000060,2.t.2.a.i,metric_label_update,2. Net addition (or removal) - underground circuit miles,Transmission,HFTD Tier 2,Urban,WUI,Circuit miles,exact,-0.0009999999999994458,,,SDG&E,2023,1,v3.1,0,4,SDGE_2023_Q4_Tables1-15.xlsx,Table 8,70,M70,https://efiling.energysafety.ca.gov/eFiling/Getfile.aspx?fileid=53475&shareable=true
T8R-7441525411ad3028,1080000060,2.t.2.a.i,metric_label_update,2. Net addition (or removal) - underground circuit miles,Transmission,HFTD Tier 2,Urban,WUI,Circuit miles,exact,0.0009999999999994458,,,SDG&E,2023,2,v3.1,0,4,SDGE_2023_Q4_Tables1-15.xlsx,Table 8,70,N70,https://efiling.energysafety.ca.gov/eFiling/Getfile.aspx?fileid=53475&shareable=true
T8R-945bf5c429cd5ce7,1080000060,2.t.2.a.i,metric_label_update,2. Net addition (or removal) - underground circuit miles,Transmission,HFTD Tier 2,Urban,WUI,Circuit miles,exact,0,,,SDG&E,2023,3,v3.1,0,4,SDGE_2023_Q4_Tables1-15.xlsx,Table 8,70,O70,https://efiling.energysafety.ca.gov/eFiling/Getfile.aspx?fileid=53475&shareable=true
T8R-2ddceccf4d202b8f,1080000060,2.t.2.a.i,metric_label_update,2. Net addition (or removal) - underground circuit miles,Transmission,HFTD Tier 2,Urban,WUI,Circuit miles,exact,0,,,SDG&E,2023,4,v3.1,0,4,SDGE_2023_Q4_Tables1-15.xlsx,Table 8,70,P70,https://efiling.energysafety.ca.gov/eFiling/Getfile.aspx?fileid=53475&shareable=true
T8R-b436af54cb39e483,1080000061,2.t.2.a.ii,metric_label_update,2. Net addition (or removal) - underground circuit miles,Transmission,HFTD Tier 2,Urban,Non-WUI,Circuit miles,exact,0.0020000000000000018,,,SDG&E,2023,1,v3.1,0,4,SDGE_2023_Q4_Tables1-15.xlsx,Table 8,71,M71,https://efiling.energysafety.ca.gov/eFiling/Getfile.aspx?fileid=53475&shareable=true
T8R-573490286743baa3,1080000061,2.t.2.a.ii,metric_label_update,2. Net addition (or removal) - underground circuit miles,Transmission,HFTD Tier 2,Urban,Non-WUI,Circuit miles,exact,-0.0020000000000000018,,,SDG&E,2023,2,v3.1,0,4,SDGE_2023_Q4_Tables1-15.xlsx,Table 8,71,N71,https://efiling.energysafety.ca.gov/eFiling/Getfile.aspx?fileid=53475&shareable=true
T8R-998e0ebe715b3d83,1080000061,2.t.2.a.ii,metric_label_update,2. Net addition (or removal) - underground circuit miles,Transmission,HFTD Tier 2,Urban,Non-WUI,Circuit miles,exact,0,,,SDG&E,2023,3,v3.1,0,4,SDGE_2023_Q4_Tables1-15.xlsx,Table 8,71,O71,https://efiling.energysafety.ca.gov/eFiling/Getfile.aspx?fileid=53475&shareable=true
T8R-53ae82d511bd29bd,1080000061,2.t.2.a.ii,metric_label_update,2. Net addition (or removal) - underground circuit miles,Transmission,HFTD Tier 2,Urban,Non-WUI,Circuit miles,exact,0,,,SDG&E,2023,4,v3.1,0,4,SDGE_2023_Q4_Tables1-15.xlsx,Table 8,71,P71,https://efiling.energysafety.ca.gov/eFiling/Getfile.aspx?fileid=53475&shareable=true
T8R-2c87869b997c382a,1080000062,2.t.2.b.i,metric_label_update,2. Net addition (or removal) - underground circuit miles,Transmission,HFTD Tier 2,Rural,WUI,Circuit miles,exact,-0.004999999999999005,,,SDG&E,2023,1,v3.1,0,4,SDGE_2023_Q4_Tables1-15.xlsx,Table 8,72,M72,https://efiling.energysafety.ca.gov/eFiling/Getfile.aspx?fileid=53475&shareable=true
T8R-99e69475a8742a5b,1080000062,2.t.2.b.i,metric_label_update,2. Net addition (or removal) - underground circuit miles,Transmission,HFTD Tier 2,Rural,WUI,Circuit miles,exact,0.004999999999999005,,,SDG&E,2023,2,v3.1,0,4,SDGE_2023_Q4_Tables1-15.xlsx,Table 8,72,N72,https://efiling.energysafety.ca.gov/eFiling/Getfile.aspx?fileid=53475&shareable=true
T8R-b41a993b0f13d3f5,1080000062,2.t.2.b.i,metric_label_update,2. Net addition (or removal) - underground circuit miles,Transmission,HFTD Tier 2,Rural,WUI,Circuit miles,exact,-0.23000000000000043,,,SDG&E,2023,3,v3.1,0,4,SDGE_2023_Q4_Tables1-15.xlsx,Table 8,72,O72,https://efiling.energysafety.ca.gov/eFiling/Getfile.aspx?fileid=53475&shareable=true
T8R-94b0d78d4527f2a4,1080000062,2.t.2.b.i,metric_label_update,2. Net addition (or removal) - underground circuit miles,Transmission,HFTD Tier 2,Rural,WUI,Circuit miles,exact,0,,,SDG&E,2023,4,v3.1,0,4,SDGE_2023_Q4_Tables1-15.xlsx,Table 8,72,P72,https://efiling.energysafety.ca.gov/eFiling/Getfile.aspx?fileid=53475&shareable=true
T8R-6ff6f8baf27c829e,1080000063,2.t.2.b.ii,metric_label_update,2. Net addition (or removal) - underground circuit miles,Transmission,HFTD Tier 2,Rural,Non-WUI,Circuit miles,exact,-0.004999999999999005,,,SDG&E,2023,1,v3.1,0,4,SDGE_2023_Q4_Tables1-15.xlsx,Table 8,73,M73,https://efiling.energysafety.ca.gov/eFiling/Getfile.aspx?fileid=53475&shareable=true
T8R-fa1d532aeffc42f5,1080000063,2.t.2.b.ii,metric_label_update,2. Net addition (or removal) - underground circuit miles,Transmission,HFTD Tier 2,Rural,Non-WUI,Circuit miles,exact,0.004999999999999005,,,SDG&E,2023,2,v3.1,0,4,SDGE_2023_Q4_Tables1-15.xlsx,Table 8,73,N73,https://efiling.energysafety.ca.gov/eFiling/Getfile.aspx?fileid=53475&shareable=true
T8R-ecc4de32b03f8ade,1080000063,2.t.2.b.ii,metric_label_update,2. Net addition (or removal) - underground circuit miles,Transmission,HFTD Tier 2,Rural,Non-WUI,Circuit miles,exact,0.05000000000000071,,,SDG&E,2023,3,v3.1,0,4,SDGE_2023_Q4_Tables1-15.xlsx,Table 8,73,O73,https://efiling.energysafety.ca.gov/eFiling/Getfile.aspx?fileid=53475&shareable=true
T8R-c813496b635253ba,1080000063,2.t.2.b.ii,metric_label_update,2. Net addition (or removal) - underground circuit miles,Transmission,HFTD Tier 2,Rural,Non-WUI,Circuit miles,exact,0,,,SDG&E,2023,4,v3.1,0,4,SDGE_2023_Q4_Tables1-15.xlsx,Table 8,73,P73,https://efiling.energysafety.ca.gov/eFiling/Getfile.aspx?fileid=53475&shareable=true
T8R-c7401318c7fcf0fb,1080000064,2.t.2.c.i,metric_label_update,2. Net addition (or removal) - underground circuit miles,Transmission,HFTD Tier 2,Highly rural,WUI,Circuit miles,exact,0,,,SDG&E,2023,1,v3.1,0,4,SDGE_2023_Q4_Tables1-15.xlsx,Table 8,74,M74,https://efiling.energysafety.ca.gov/eFiling/Getfile.aspx?fileid=53475&shareable=true
T8R-80b013af4470682b,1080000064,2.t.2.c.i,metric_label_update,2. Net addition (or removal) - underground circuit miles,Transmission,HFTD Tier 2,Highly rural,WUI,Circuit miles,exact,0,,,SDG&E,2023,2,v3.1,0,4,SDGE_2023_Q4_Tables1-15.xlsx,Table 8,74,N74,https://efiling.energysafety.ca.gov/eFiling/Getfile.aspx?fileid=53475&shareable=true
T8R-0f5d6fff714ee772,1080000064,2.t.2.c.i,metric_label_update,2. Net addition (or removal) - underground circuit miles,Transmission,HFTD Tier 2,Highly rural,WUI,Circuit miles,exact,0,,,SDG&E,2023,3,v3.1,0,4,SDGE_2023_Q4_Tables1-15.xlsx,Table 8,74,O74,https://efiling.energysafety.ca.gov/eFiling/Getfile.aspx?fileid=53475&shareable=true
T8R-d8a26bfca9e409ba,1080000064,2.t.2.c.i,metric_label_update,2. Net addition (or removal) - underground circuit miles,Transmission,HFTD Tier 2,Highly rural,WUI,Circuit miles,exact,0,,,SDG&E,2023,4,v3.1,0,4,SDGE_2023_Q4_Tables1-15.xlsx,Table 8,74,P74,https://efiling.energysafety.ca.gov/eFiling/Getfile.aspx?fileid=53475&shareable=true
T8R-b31997857c58479b,1080000065,2.t.2.c.ii,metric_label_update,2. Net addition (or removal) - underground circuit miles,Transmission,HFTD Tier 2,Highly rural,Non-WUI,Circuit miles,exact,0,,,SDG&E,2023,1,v3.1,0,4,SDGE_2023_Q4_Tables1-15.xlsx,Table 8,75,M75,https://efiling.energysafety.ca.gov/eFiling/Getfile.aspx?fileid=53475&shareable=true
T8R-e49aa9b55a5427bb,1080000065,2.t.2.c.ii,metric_label_update,2. Net addition (or removal) - underground circuit miles,Transmission,HFTD Tier 2,Highly rural,Non-WUI,Circuit miles,exact,0,,,SDG&E,2023,2,v3.1,0,4,SDGE_2023_Q4_Tables1-15.xlsx,Table 8,75,N75,https://efiling.energysafety.ca.gov/eFiling/Getfile.aspx?fileid=53475&shareable=true
T8R-407fe60366933917,1080000065,2.t.2.c.ii,metric_label_update,2. Net addition (or removal) - underground circuit miles,Transmission,HFTD Tier 2,Highly rural,Non-WUI,Circuit miles,exact,0,,,SDG&E,2023,3,v3.1,0,4,SDGE_2023_Q4_Tables1-15.xlsx,Table 8,75,O75,https://efiling.energysafety.ca.gov/eFiling/Getfile.aspx?fileid=53475&shareable=true
T8R-606b3fec3172be1b,1080000065,2.t.2.c.ii,metric_label_update,2. Net addition (or removal) - underground circuit miles,Transmission,HFTD Tier 2,Highly rural,Non-WUI,Circuit miles,exact,0,,,SDG&E,2023,4,v3.1,0,4,SDGE_2023_Q4_Tables1-15.xlsx,Table 8,75,P75,https://efiling.energysafety.ca.gov/eFiling/Getfile.aspx?fileid=53475&shareable=true
T8R-1b82077f3700e2d9,1080000066,2.t.3.a.i,metric_label_update,2. Net addition (or removal) - underground circuit miles,Transmission,HFTD Tier 3,Urban,WUI,Circuit miles,exact,-0.004999999999999893,,,SDG&E,2023,1,v3.1,0,4,SDGE_2023_Q4_Tables1-15.xlsx,Table 8,76,M76,https://efiling.energysafety.ca.gov/eFiling/Getfile.aspx?fileid=53475&shareable=true
T8R-40ff9b6a7abc221b,1080000066,2.t.3.a.i,metric_label_update,2. Net addition (or removal) - underground circuit miles,Transmission,HFTD Tier 3,Urban,WUI,Circuit miles,exact,0.004999999999999893,,,SDG&E,2023,2,v3.1,0,4,SDGE_2023_Q4_Tables1-15.xlsx,Table 8,76,N76,https://efiling.energysafety.ca.gov/eFiling/Getfile.aspx?fileid=53475&shareable=true
T8R-b191f835e92baf68,1080000066,2.t.3.a.i,metric_label_update,2. Net addition (or removal) - underground circuit miles,Transmission,HFTD Tier 3,Urban,WUI,Circuit miles,exact,0,,,SDG&E,2023,3,v3.1,0,4,SDGE_2023_Q4_Tables1-15.xlsx,Table 8,76,O76,https://efiling.energysafety.ca.gov/eFiling/Getfile.aspx?fileid=53475&shareable=true
T8R-288c8cee47d94672,1080000066,2.t.3.a.i,metric_label_update,2. Net addition (or removal) - underground circuit miles,Transmission,HFTD Tier 3,Urban,WUI,Circuit miles,exact,0,,,SDG&E,2023,4,v3.1,0,4,SDGE_2023_Q4_Tables1-15.xlsx,Table 8,76,P76,https://efiling.energysafety.ca.gov/eFiling/Getfile.aspx?fileid=53475&shareable=true
T8R-85bb8b4d9a6f9741,1080000067,2.t.3.a.ii,metric_label_update,2. Net addition (or removal) - underground circuit miles,Transmission,HFTD Tier 3,Urban,Non-WUI,Circuit miles,exact,0,,,SDG&E,2023,1,v3.1,0,4,SDGE_2023_Q4_Tables1-15.xlsx,Table 8,77,M77,https://efiling.energysafety.ca.gov/eFiling/Getfile.aspx?fileid=53475&shareable=true
T8R-60305d98d7a6903f,1080000067,2.t.3.a.ii,metric_label_update,2. Net addition (or removal) - underground circuit miles,Transmission,HFTD Tier 3,Urban,Non-WUI,Circuit miles,exact,0,,,SDG&E,2023,2,v3.1,0,4,SDGE_2023_Q4_Tables1-15.xlsx,Table 8,77,N77,https://efiling.energysafety.ca.gov/eFiling/Getfile.aspx?fileid=53475&shareable=true
T8R-f8088eceae0c801d,1080000067,2.t.3.a.ii,metric_label_update,2. Net addition (or removal) - underground circuit miles,Transmission,HFTD Tier 3,Urban,Non-WUI,Circuit miles,exact,0,,,SDG&E,2023,3,v3.1,0,4,SDGE_2023_Q4_Tables1-15.xlsx,Table 8,77,O77,https://efiling.energysafety.ca.gov/eFiling/Getfile.aspx?fileid=53475&shareable=true
T8R-0ea9fbe72de89e91,1080000067,2.t.3.a.ii,metric_label_update,2. Net addition (or removal) - underground circuit miles,Transmission,HFTD Tier 3,Urban,Non-WUI,Circuit miles,exact,0,,,SDG&E,2023,4,v3.1,0,4,SDGE_2023_Q4_Tables1-15.xlsx,Table 8,77,P77,https://efiling.energysafety.ca.gov/eFiling/Getfile.aspx?fileid=53475&shareable=true
T8R-f4983bd9b814ff8d,1080000068,2.t.3.b.i,metric_label_update,2. Net addition (or removal) - underground circuit miles,Transmission,HFTD Tier 3,Rural,WUI,Circuit miles,exact,-0.0019999999999997797,,,SDG&E,2023,1,v3.1,0,4,SDGE_2023_Q4_Tables1-15.xlsx,Table 8,78,M78,https://efiling.energysafety.ca.gov/eFiling/Getfile.aspx?fileid=53475&shareable=true
T8R-5b57045b1ab8186a,1080000068,2.t.3.b.i,metric_label_update,2. Net addition (or removal) - underground circuit miles,Transmission,HFTD Tier 3,Rural,WUI,Circuit miles,exact,0.0019999999999997797,,,SDG&E,2023,2,v3.1,0,4,SDGE_2023_Q4_Tables1-15.xlsx,Table 8,78,N78,https://efiling.energysafety.ca.gov/eFiling/Getfile.aspx?fileid=53475&shareable=true
T8R-f77a374088804d44,1080000068,2.t.3.b.i,metric_label_update,2. Net addition (or removal) - underground circuit miles,Transmission,HFTD Tier 3,Rural,WUI,Circuit miles,exact,0,,,SDG&E,2023,3,v3.1,0,4,SDGE_2023_Q4_Tables1-15.xlsx,Table 8,78,O78,https://efiling.energysafety.ca.gov/eFiling/Getfile.aspx?fileid=53475&shareable=true
T8R-b20a6ca229b742e7,1080000068,2.t.3.b.i,metric_label_update,2. Net addition (or removal) - underground circuit miles,Transmission,HFTD Tier 3,Rural,WUI,Circuit miles,exact,0,,,SDG&E,2023,4,v3.1,0,4,SDGE_2023_Q4_Tables1-15.xlsx,Table 8,78,P78,https://efiling.energysafety.ca.gov/eFiling/Getfile.aspx?fileid=53475&shareable=true
T8R-aa97263979162fc6,1080000069,2.t.3.b.ii,metric_label_update,2. Net addition (or removal) - underground circuit miles,Transmission,HFTD Tier 3,Rural,Non-WUI,Circuit miles,exact,-0.05899999999999972,,,SDG&E,2023,1,v3.1,0,4,SDGE_2023_Q4_Tables1-15.xlsx,Table 8,79,M79,https://efiling.energysafety.ca.gov/eFiling/Getfile.aspx?fileid=53475&shareable=true
T8R-b019ec97245a878a,1080000069,2.t.3.b.ii,metric_label_update,2. Net addition (or removal) - underground circuit miles,Transmission,HFTD Tier 3,Rural,Non-WUI,Circuit miles,exact,-0.001000000000000112,,,SDG&E,2023,2,v3.1,0,4,SDGE_2023_Q4_Tables1-15.xlsx,Table 8,79,N79,https://efiling.energysafety.ca.gov/eFiling/Getfile.aspx?fileid=53475&shareable=true
T8R-81de5e946096f4af,1080000069,2.t.3.b.ii,metric_label_update,2. Net addition (or removal) - underground circuit miles,Transmission,HFTD Tier 3,Rural,Non-WUI,Circuit miles,exact,0,,,SDG&E,2023,3,v3.1,0,4,SDGE_2023_Q4_Tables1-15.xlsx,Table 8,79,O79,https://efiling.energysafety.ca.gov/eFiling/Getfile.aspx?fileid=53475&shareable=true
T8R-557fd4141fee664a,1080000069,2.t.3.b.ii,metric_label_update,2. Net addition (or removal) - underground circuit miles,Transmission,HFTD Tier 3,Rural,Non-WUI,Circuit miles,exact,0.15999999999999992,,,SDG&E,2023,4,v3.1,0,4,SDGE_2023_Q4_Tables1-15.xlsx,Table 8,79,P79,https://efiling.energysafety.ca.gov/eFiling/Getfile.aspx?fileid=53475&shareable=true
T8R-dda9d0b71d79dbde,1080000070,2.t.3.c.i,metric_label_update,2. Net addition (or removal) - underground circuit miles,Transmission,HFTD Tier 3,Highly rural,WUI,Circuit miles,exact,0,,,SDG&E,2023,1,v3.1,0,4,SDGE_2023_Q4_Tables1-15.xlsx,Table 8,80,M80,https://efiling.energysafety.ca.gov/eFiling/Getfile.aspx?fileid=53475&shareable=true
T8R-8336c181c6c61ee4,1080000070,2.t.3.c.i,metric_label_update,2. Net addition (or removal) - underground circuit miles,Transmission,HFTD Tier 3,Highly rural,WUI,Circuit miles,exact,0,,,SDG&E,2023,2,v3.1,0,4,SDGE_2023_Q4_Tables1-15.xlsx,Table 8,80,N80,https://efiling.energysafety.ca.gov/eFiling/Getfile.aspx?fileid=53475&shareable=true
T8R-0774ddff0edb8aa6,1080000070,2.t.3.c.i,metric_label_update,2. Net addition (or removal) - underground circuit miles,Transmission,HFTD Tier 3,Highly rural,WUI,Circuit miles,exact,0,,,SDG&E,2023,3,v3.1,0,4,SDGE_2023_Q4_Tables1-15.xlsx,Table 8,80,O80,https://efiling.energysafety.ca.gov/eFiling/Getfile.aspx?fileid=53475&shareable=true
T8R-89149cb2e835d46e,1080000070,2.t.3.c.i,metric_label_update,2. Net addition (or removal) - underground circuit miles,Transmission,HFTD Tier 3,Highly rural,WUI,Circuit miles,exact,0,,,SDG&E,2023,4,v3.1,0,4,SDGE_2023_Q4_Tables1-15.xlsx,Table 8,80,P80,https://efiling.energysafety.ca.gov/eFiling/Getfile.aspx?fileid=53475&shareable=true
T8R-08b44216664e7839,1080000071,2.t.3.c.ii,metric_label_update,2. Net addition (or removal) - underground circuit miles,Transmission,HFTD Tier 3,Highly rural,Non-WUI,Circuit miles,exact,0,,,SDG&E,2023,1,v3.1,0,4,SDGE_2023_Q4_Tables1-15.xlsx,Table 8,81,M81,https://efiling.energysafety.ca.gov/eFiling/Getfile.aspx?fileid=53475&shareable=true
T8R-66f78e1dc2de62d5,1080000071,2.t.3.c.ii,metric_label_update,2. Net addition (or removal) - underground circuit miles,Transmission,HFTD Tier 3,Highly rural,Non-WUI,Circuit miles,exact,0,,,SDG&E,2023,2,v3.1,0,4,SDGE_2023_Q4_Tables1-15.xlsx,Table 8,81,N81,https://efiling.energysafety.ca.gov/eFiling/Getfile.aspx?fileid=53475&shareable=true
T8R-0ff413c6eda433cb,1080000071,2.t.3.c.ii,metric_label_update,2. Net addition (or removal) - underground circuit miles,Transmission,HFTD Tier 3,Highly rural,Non-WUI,Circuit miles,exact,0,,,SDG&E,2023,3,v3.1,0,4,SDGE_2023_Q4_Tables1-15.xlsx,Table 8,81,O81,https://efiling.energysafety.ca.gov/eFiling/Getfile.aspx?fileid=53475&shareable=true
T8R-acc30f35606dbd20,1080000071,2.t.3.c.ii,metric_label_update,2. Net addition (or removal) - underground circuit miles,Transmission,HFTD Tier 3,Highly rural,Non-WUI,Circuit miles,exact,0,,,SDG&E,2023,4,v3.1,0,4,SDGE_2023_Q4_Tables1-15.xlsx,Table 8,81,P81,https://efiling.energysafety.ca.gov/eFiling/Getfile.aspx?fileid=53475&shareable=true
T8R-39b940a31d565041,1080000072,3.0.a.i,metric_label_update_and_na_to_null,3. Net addition (or removal) - Substations,,Non-HFTD,Urban,WUI,Number of substations,exact,0,,,SDG&E,2023,1,v3.1,0,4,SDGE_2023_Q4_Tables1-15.xlsx,Table 8,82,M82,https://efiling.energysafety.ca.gov/eFiling/Getfile.aspx?fileid=53475&shareable=true
T8R-cbc8fac08059cf6b,1080000072,3.0.a.i,metric_label_update_and_na_to_null,3. Net addition (or removal) - Substations,,Non-HFTD,Urban,WUI,Number of substations,exact,0,,,SDG&E,2023,2,v3.1,0,4,SDGE_2023_Q4_Tables1-15.xlsx,Table 8,82,N82,https://efiling.energysafety.ca.gov/eFiling/Getfile.aspx?fileid=53475&shareable=true
T8R-626244d812491f38,1080000072,3.0.a.i,metric_label_update_and_na_to_null,3. Net addition (or removal) - Substations,,Non-HFTD,Urban,WUI,Number of substations,exact,0,,,SDG&E,2023,3,v3.1,0,4,SDGE_2023_Q4_Tables1-15.xlsx,Table 8,82,O82,https://efiling.energysafety.ca.gov/eFiling/Getfile.aspx?fileid=53475&shareable=true
T8R-40e1cea80e4901f2,1080000072,3.0.a.i,metric_label_update_and_na_to_null,3. Net addition (or removal) - Substations,,Non-HFTD,Urban,WUI,Number of substations,exact,0,,,SDG&E,2023,4,v3.1,0,4,SDGE_2023_Q4_Tables1-15.xlsx,Table 8,82,P82,https://efiling.energysafety.ca.gov/eFiling/Getfile.aspx?fileid=53475&shareable=true
T8R-4420497f970c1062,1080000073,3.0.a.ii,metric_label_update_and_na_to_null,3. Net addition (or removal) - Substations,,Non-HFTD,Urban,Non-WUI,Number of substations,exact,0,,,SDG&E,2023,1,v3.1,0,4,SDGE_2023_Q4_Tables1-15.xlsx,Table 8,83,M83,https://efiling.energysafety.ca.gov/eFiling/Getfile.aspx?fileid=53475&shareable=true
T8R-8931431cf3ced700,1080000073,3.0.a.ii,metric_label_update_and_na_to_null,3. Net addition (or removal) - Substations,,Non-HFTD,Urban,Non-WUI,Number of substations,exact,0,,,SDG&E,2023,2,v3.1,0,4,SDGE_2023_Q4_Tables1-15.xlsx,Table 8,83,N83,https://efiling.energysafety.ca.gov/eFiling/Getfile.aspx?fileid=53475&shareable=true
T8R-ce37a0f4cfb3329c,1080000073,3.0.a.ii,metric_label_update_and_na_to_null,3. Net addition (or removal) - Substations,,Non-HFTD,Urban,Non-WUI,Number of substations,exact,0,,,SDG&E,2023,3,v3.1,0,4,SDGE_2023_Q4_Tables1-15.xlsx,Table 8,83,O83,https://efiling.energysafety.ca.gov/eFiling/Getfile.aspx?fileid=53475&shareable=true
T8R-da5e477735940f44,1080000073,3.0.a.ii,metric_label_update_and_na_to_null,3. Net addition (or removal) - Substations,,Non-HFTD,Urban,Non-WUI,Number of substations,exact,0,,,SDG&E,2023,4,v3.1,0,4,SDGE_2023_Q4_Tables1-15.xlsx,Table 8,83,P83,https://efiling.energysafety.ca.gov/eFiling/Getfile.aspx?fileid=53475&shareable=true
T8R-5034747bcf136e9d,1080000074,3.0.b.i,metric_label_update_and_na_to_null,3. Net addition (or removal) - Substations,,Non-HFTD,Rural,WUI,Number of substations,exact,0,,,SDG&E,2023,1,v3.1,0,4,SDGE_2023_Q4_Tables1-15.xlsx,Table 8,84,M84,https://efiling.energysafety.ca.gov/eFiling/Getfile.aspx?fileid=53475&shareable=true
T8R-a0958d17890d94d8,1080000074,3.0.b.i,metric_label_update_and_na_to_null,3. Net addition (or removal) - Substations,,Non-HFTD,Rural,WUI,Number of substations,exact,0,,,SDG&E,2023,2,v3.1,0,4,SDGE_2023_Q4_Tables1-15.xlsx,Table 8,84,N84,https://efiling.energysafety.ca.gov/eFiling/Getfile.aspx?fileid=53475&shareable=true
T8R-05a249a214cd9477,1080000074,3.0.b.i,metric_label_update_and_na_to_null,3. Net addition (or removal) - Substations,,Non-HFTD,Rural,WUI,Number of substations,exact,0,,,SDG&E,2023,3,v3.1,0,4,SDGE_2023_Q4_Tables1-15.xlsx,Table 8,84,O84,https://efiling.energysafety.ca.gov/eFiling/Getfile.aspx?fileid=53475&shareable=true
T8R-c294e076418f1d7d,1080000074,3.0.b.i,metric_label_update_and_na_to_null,3. Net addition (or removal) - Substations,,Non-HFTD,Rural,WUI,Number of substations,exact,0,,,SDG&E,2023,4,v3.1,0,4,SDGE_2023_Q4_Tables1-15.xlsx,Table 8,84,P84,https://efiling.energysafety.ca.gov/eFiling/Getfile.aspx?fileid=53475&shareable=true
T8R-012077dbe7d309ee,1080000075,3.0.b.ii,metric_label_update_and_na_to_null,3. Net addition (or removal) - Substations,,Non-HFTD,Rural,Non-WUI,Number of substations,exact,0,,,SDG&E,2023,1,v3.1,0,4,SDGE_2023_Q4_Tables1-15.xlsx,Table 8,85,M85,https://efiling.energysafety.ca.gov/eFiling/Getfile.aspx?fileid=53475&shareable=true
T8R-a6cac7cb79b961cc,1080000075,3.0.b.ii,metric_label_update_and_na_to_null,3. Net addition (or removal) - Substations,,Non-HFTD,Rural,Non-WUI,Number of substations,exact,0,,,SDG&E,2023,2,v3.1,0,4,SDGE_2023_Q4_Tables1-15.xlsx,Table 8,85,N85,https://efiling.energysafety.ca.gov/eFiling/Getfile.aspx?fileid=53475&shareable=true
T8R-b99fdeda67c372ef,1080000075,3.0.b.ii,metric_label_update_and_na_to_null,3. Net addition (or removal) - Substations,,Non-HFTD,Rural,Non-WUI,Number of substations,exact,0,,,SDG&E,2023,3,v3.1,0,4,SDGE_2023_Q4_Tables1-15.xlsx,Table 8,85,O85,https://efiling.energysafety.ca.gov/eFiling/Getfile.aspx?fileid=53475&shareable=true
T8R-327ce1de1f7fef32,1080000075,3.0.b.ii,metric_label_update_and_na_to_null,3. Net addition (or removal) - Substations,,Non-HFTD,Rural,Non-WUI,Number of substations,exact,0,,,SDG&E,2023,4,v3.1,0,4,SDGE_2023_Q4_Tables1-15.xlsx,Table 8,85,P85,https://efiling.energysafety.ca.gov/eFiling/Getfile.aspx?fileid=53475&shareable=true
T8R-19430ea99b974f79,1080000076,3.0.c.i,metric_label_update_and_na_to_null,3. Net addition (or removal) - Substations,,Non-HFTD,Highly rural,WUI,Number of substations,exact,0,,,SDG&E,2023,1,v3.1,0,4,SDGE_2023_Q4_Tables1-15.xlsx,Table 8,86,M86,https://efiling.energysafety.ca.gov/eFiling/Getfile.aspx?fileid=53475&shareable=true
T8R-ea2b1fccbf3bc859,1080000076,3.0.c.i,metric_label_update_and_na_to_null,3. Net addition (or removal) - Substations,,Non-HFTD,Highly rural,WUI,Number of substations,exact,0,,,SDG&E,2023,2,v3.1,0,4,SDGE_2023_Q4_Tables1-15.xlsx,Table 8,86,N86,https://efiling.energysafety.ca.gov/eFiling/Getfile.aspx?fileid=53475&shareable=true
T8R-c3e5b8454f815ee7,1080000076,3.0.c.i,metric_label_update_and_na_to_null,3. Net addition (or removal) - Substations,,Non-HFTD,Highly rural,WUI,Number of substations,exact,0,,,SDG&E,2023,3,v3.1,0,4,SDGE_2023_Q4_Tables1-15.xlsx,Table 8,86,O86,https://efiling.energysafety.ca.gov/eFiling/Getfile.aspx?fileid=53475&shareable=true
T8R-e2021bb6349201a6,1080000076,3.0.c.i,metric_label_update_and_na_to_null,3. Net addition (or removal) - Substations,,Non-HFTD,Highly rural,WUI,Number of substations,exact,0,,,SDG&E,2023,4,v3.1,0,4,SDGE_2023_Q4_Tables1-15.xlsx,Table 8,86,P86,https://efiling.energysafety.ca.gov/eFiling/Getfile.aspx?fileid=53475&shareable=true
T8R-2a6e7b0893494275,1080000077,3.0.c.ii,metric_label_update_and_na_to_null,3. Net addition (or removal) - Substations,,Non-HFTD,Highly rural,Non-WUI,Number of substations,exact,0,,,SDG&E,2023,1,v3.1,0,4,SDGE_2023_Q4_Tables1-15.xlsx,Table 8,87,M87,https://efiling.energysafety.ca.gov/eFiling/Getfile.aspx?fileid=53475&shareable=true
T8R-947dbce192057009,1080000077,3.0.c.ii,metric_label_update_and_na_to_null,3. Net addition (or removal) - Substations,,Non-HFTD,Highly rural,Non-WUI,Number of substations,exact,0,,,SDG&E,2023,2,v3.1,0,4,SDGE_2023_Q4_Tables1-15.xlsx,Table 8,87,N87,https://efiling.energysafety.ca.gov/eFiling/Getfile.aspx?fileid=53475&shareable=true
T8R-04790696fdf8b047,1080000077,3.0.c.ii,metric_label_update_and_na_to_null,3. Net addition (or removal) - Substations,,Non-HFTD,Highly rural,Non-WUI,Number of substations,exact,0,,,SDG&E,2023,3,v3.1,0,4,SDGE_2023_Q4_Tables1-15.xlsx,Table 8,87,O87,https://efiling.energysafety.ca.gov/eFiling/Getfile.aspx?fileid=53475&shareable=true
T8R-4b050b55c65ca5c5,1080000077,3.0.c.ii,metric_label_update_and_na_to_null,3. Net addition (or removal) - Substations,,Non-HFTD,Highly rural,Non-WUI,Number of substations,exact,0,,,SDG&E,2023,4,v3.1,0,4,SDGE_2023_Q4_Tables1-15.xlsx,Table 8,87,P87,https://efiling.energysafety.ca.gov/eFiling/Getfile.aspx?fileid=53475&shareable=true
T8R-dcce0fa068d688ae,1080000078,3.2.a.i,metric_label_update_and_na_to_null,3. Net addition (or removal) - Substations,,HFTD Tier 2,Urban,WUI,Number of substations,exact,0,,,SDG&E,2023,1,v3.1,0,4,SDGE_2023_Q4_Tables1-15.xlsx,Table 8,88,M88,https://efiling.energysafety.ca.gov/eFiling/Getfile.aspx?fileid=53475&shareable=true
T8R-3f0f295a5ef71d86,1080000078,3.2.a.i,metric_label_update_and_na_to_null,3. Net addition (or removal) - Substations,,HFTD Tier 2,Urban,WUI,Number of substations,exact,0,,,SDG&E,2023,2,v3.1,0,4,SDGE_2023_Q4_Tables1-15.xlsx,Table 8,88,N88,https://efiling.energysafety.ca.gov/eFiling/Getfile.aspx?fileid=53475&shareable=true
T8R-a6d683de1e360317,1080000078,3.2.a.i,metric_label_update_and_na_to_null,3. Net addition (or removal) - Substations,,HFTD Tier 2,Urban,WUI,Number of substations,exact,0,,,SDG&E,2023,3,v3.1,0,4,SDGE_2023_Q4_Tables1-15.xlsx,Table 8,88,O88,https://efiling.energysafety.ca.gov/eFiling/Getfile.aspx?fileid=53475&shareable=true
T8R-8d02894df63c5033,1080000078,3.2.a.i,metric_label_update_and_na_to_null,3. Net addition (or removal) - Substations,,HFTD Tier 2,Urban,WUI,Number of substations,exact,0,,,SDG&E,2023,4,v3.1,0,4,SDGE_2023_Q4_Tables1-15.xlsx,Table 8,88,P88,https://efiling.energysafety.ca.gov/eFiling/Getfile.aspx?fileid=53475&shareable=true
T8R-73d8494f8eb08043,1080000079,3.2.a.ii,metric_label_update_and_na_to_null,3. Net addition (or removal) - Substations,,HFTD Tier 2,Urban,Non-WUI,Number of substations,exact,0,,,SDG&E,2023,1,v3.1,0,4,SDGE_2023_Q4_Tables1-15.xlsx,Table 8,89,M89,https://efiling.energysafety.ca.gov/eFiling/Getfile.aspx?fileid=53475&shareable=true
T8R-c001d43ef0cc5f86,1080000079,3.2.a.ii,metric_label_update_and_na_to_null,3. Net addition (or removal) - Substations,,HFTD Tier 2,Urban,Non-WUI,Number of substations,exact,0,,,SDG&E,2023,2,v3.1,0,4,SDGE_2023_Q4_Tables1-15.xlsx,Table 8,89,N89,https://efiling.energysafety.ca.gov/eFiling/Getfile.aspx?fileid=53475&shareable=true
T8R-60f7776cbe5850dd,1080000079,3.2.a.ii,metric_label_update_and_na_to_null,3. Net addition (or removal) - Substations,,HFTD Tier 2,Urban,Non-WUI,Number of substations,exact,0,,,SDG&E,2023,3,v3.1,0,4,SDGE_2023_Q4_Tables1-15.xlsx,Table 8,89,O89,https://efiling.energysafety.ca.gov/eFiling/Getfile.aspx?fileid=53475&shareable=true
T8R-ab085dc68726166e,1080000079,3.2.a.ii,metric_label_update_and_na_to_null,3. Net addition (or removal) - Substations,,HFTD Tier 2,Urban,Non-WUI,Number of substations,exact,0,,,SDG&E,2023,4,v3.1,0,4,SDGE_2023_Q4_Tables1-15.xlsx,Table 8,89,P89,https://efiling.energysafety.ca.gov/eFiling/Getfile.aspx?fileid=53475&shareable=true
T8R-5e73dec6ee55b343,1080000080,3.2.b.i,metric_label_update_and_na_to_null,3. Net addition (or removal) - Substations,,HFTD Tier 2,Rural,WUI,Number of substations,exact,0,"Substation removals or addtions are sourced from businesses, table 7 is sourced from GIS database. A small difference is observed due to data digitizing processes.",,SDG&E,2023,1,v3.1,0,4,SDGE_2023_Q4_Tables1-15.xlsx,Table 8,90,M90,https://efiling.energysafety.ca.gov/eFiling/Getfile.aspx?fileid=53475&shareable=true
T8R-58b83587960448eb,1080000080,3.2.b.i,metric_label_update_and_na_to_null,3. Net addition (or removal) - Substations,,HFTD Tier 2,Rural,WUI,Number of substations,exact,0,"Substation removals or addtions are sourced from businesses, table 7 is sourced from GIS database. A small difference is observed due to data digitizing processes.",,SDG&E,2023,2,v3.1,0,4,SDGE_2023_Q4_Tables1-15.xlsx,Table 8,90,N90,https://efiling.energysafety.ca.gov/eFiling/Getfile.aspx?fileid=53475&shareable=true
T8R-1ad3ae634e6a0f47,1080000080,3.2.b.i,metric_label_update_and_na_to_null,3. Net addition (or removal) - Substations,,HFTD Tier 2,Rural,WUI,Number of substations,exact,0,"Substation removals or addtions are sourced from businesses, table 7 is sourced from GIS database. A small difference is observed due to data digitizing processes.",,SDG&E,2023,3,v3.1,0,4,SDGE_2023_Q4_Tables1-15.xlsx,Table 8,90,O90,https://efiling.energysafety.ca.gov/eFiling/Getfile.aspx?fileid=53475&shareable=true
T8R-114d2e49f78460e7,1080000080,3.2.b.i,metric_label_update_and_na_to_null,3. Net addition (or removal) - Substations,,HFTD Tier 2,Rural,WUI,Number of substations,exact,0,"Substation removals or addtions are sourced from businesses, table 7 is sourced from GIS database. A small difference is observed due to data digitizing processes.",,SDG&E,2023,4,v3.1,0,4,SDGE_2023_Q4_Tables1-15.xlsx,Table 8,90,P90,https://efiling.energysafety.ca.gov/eFiling/Getfile.aspx?fileid=53475&shareable=true
T8R-912b894fbc7e8f65,1080000081,3.2.b.ii,metric_label_update_and_na_to_null,3. Net addition (or removal) - Substations,,HFTD Tier 2,Rural,Non-WUI,Number of substations,exact,0,"Substation removals or addtions are sourced from businesses, table 7 is sourced from GIS database. A small difference is observed due to data digitizing processes.",,SDG&E,2023,1,v3.1,0,4,SDGE_2023_Q4_Tables1-15.xlsx,Table 8,91,M91,https://efiling.energysafety.ca.gov/eFiling/Getfile.aspx?fileid=53475&shareable=true
T8R-56fae8357816cc0c,1080000081,3.2.b.ii,metric_label_update_and_na_to_null,3. Net addition (or removal) - Substations,,HFTD Tier 2,Rural,Non-WUI,Number of substations,exact,0,"Substation removals or addtions are sourced from businesses, table 7 is sourced from GIS database. A small difference is observed due to data digitizing processes.",,SDG&E,2023,2,v3.1,0,4,SDGE_2023_Q4_Tables1-15.xlsx,Table 8,91,N91,https://efiling.energysafety.ca.gov/eFiling/Getfile.aspx?fileid=53475&shareable=true
T8R-b1fc990d0e023f95,1080000081,3.2.b.ii,metric_label_update_and_na_to_null,3. Net addition (or removal) - Substations,,HFTD Tier 2,Rural,Non-WUI,Number of substations,exact,0,"Substation removals or addtions are sourced from businesses, table 7 is sourced from GIS database. A small difference is observed due to data digitizing processes.",,SDG&E,2023,3,v3.1,0,4,SDGE_2023_Q4_Tables1-15.xlsx,Table 8,91,O91,https://efiling.energysafety.ca.gov/eFiling/Getfile.aspx?fileid=53475&shareable=true
T8R-98c1c34ec0cdccb4,1080000081,3.2.b.ii,metric_label_update_and_na_to_null,3. Net addition (or removal) - Substations,,HFTD Tier 2,Rural,Non-WUI,Number of substations,exact,0,"Substation removals or addtions are sourced from businesses, table 7 is sourced from GIS database. A small difference is observed due to data digitizing processes.",,SDG&E,2023,4,v3.1,0,4,SDGE_2023_Q4_Tables1-15.xlsx,Table 8,91,P91,https://efiling.energysafety.ca.gov/eFiling/Getfile.aspx?fileid=53475&shareable=true
T8R-e1bfc04c13522126,1080000082,3.2.c.i,metric_label_update_and_na_to_null,3. Net addition (or removal) - Substations,,HFTD Tier 2,Highly rural,WUI,Number of substations,exact,0,,,SDG&E,2023,1,v3.1,0,4,SDGE_2023_Q4_Tables1-15.xlsx,Table 8,92,M92,https://efiling.energysafety.ca.gov/eFiling/Getfile.aspx?fileid=53475&shareable=true
T8R-16f59f308ac4a5ca,1080000082,3.2.c.i,metric_label_update_and_na_to_null,3. Net addition (or removal) - Substations,,HFTD Tier 2,Highly rural,WUI,Number of substations,exact,0,,,SDG&E,2023,2,v3.1,0,4,SDGE_2023_Q4_Tables1-15.xlsx,Table 8,92,N92,https://efiling.energysafety.ca.gov/eFiling/Getfile.aspx?fileid=53475&shareable=true
T8R-5d683c060849a167,1080000082,3.2.c.i,metric_label_update_and_na_to_null,3. Net addition (or removal) - Substations,,HFTD Tier 2,Highly rural,WUI,Number of substations,exact,0,,,SDG&E,2023,3,v3.1,0,4,SDGE_2023_Q4_Tables1-15.xlsx,Table 8,92,O92,https://efiling.energysafety.ca.gov/eFiling/Getfile.aspx?fileid=53475&shareable=true
T8R-7f4658dbed970d10,1080000082,3.2.c.i,metric_label_update_and_na_to_null,3. Net addition (or removal) - Substations,,HFTD Tier 2,Highly rural,WUI,Number of substations,exact,0,,,SDG&E,2023,4,v3.1,0,4,SDGE_2023_Q4_Tables1-15.xlsx,Table 8,92,P92,https://efiling.energysafety.ca.gov/eFiling/Getfile.aspx?fileid=53475&shareable=true
T8R-73a9cdd72f4d8a8a,1080000083,3.2.c.ii,metric_label_update_and_na_to_null,3. Net addition (or removal) - Substations,,HFTD Tier 2,Highly rural,Non-WUI,Number of substations,exact,0,,,SDG&E,2023,1,v3.1,0,4,SDGE_2023_Q4_Tables1-15.xlsx,Table 8,93,M93,https://efiling.energysafety.ca.gov/eFiling/Getfile.aspx?fileid=53475&shareable=true
T8R-46350c7f5aa1baac,1080000083,3.2.c.ii,metric_label_update_and_na_to_null,3. Net addition (or removal) - Substations,,HFTD Tier 2,Highly rural,Non-WUI,Number of substations,exact,0,,,SDG&E,2023,2,v3.1,0,4,SDGE_2023_Q4_Tables1-15.xlsx,Table 8,93,N93,https://efiling.energysafety.ca.gov/eFiling/Getfile.aspx?fileid=53475&shareable=true
T8R-d73ba6ea911ac693,1080000083,3.2.c.ii,metric_label_update_and_na_to_null,3. Net addition (or removal) - Substations,,HFTD Tier 2,Highly rural,Non-WUI,Number of substations,exact,0,,,SDG&E,2023,3,v3.1,0,4,SDGE_2023_Q4_Tables1-15.xlsx,Table 8,93,O93,https://efiling.energysafety.ca.gov/eFiling/Getfile.aspx?fileid=53475&shareable=true
T8R-d264d83a09bebe53,1080000083,3.2.c.ii,metric_label_update_and_na_to_null,3. Net addition (or removal) - Substations,,HFTD Tier 2,Highly rural,Non-WUI,Number of substations,exact,0,,,SDG&E,2023,4,v3.1,0,4,SDGE_2023_Q4_Tables1-15.xlsx,Table 8,93,P93,https://efiling.energysafety.ca.gov/eFiling/Getfile.aspx?fileid=53475&shareable=true
T8R-f1ea589f932fa27e,1080000084,3.3.a.i,metric_label_update_and_na_to_null,3. Net addition (or removal) - Substations,,HFTD Tier 3,Urban,WUI,Number of substations,exact,0,,,SDG&E,2023,1,v3.1,0,4,SDGE_2023_Q4_Tables1-15.xlsx,Table 8,94,M94,https://efiling.energysafety.ca.gov/eFiling/Getfile.aspx?fileid=53475&shareable=true
T8R-6ee43dead7b76027,1080000084,3.3.a.i,metric_label_update_and_na_to_null,3. Net addition (or removal) - Substations,,HFTD Tier 3,Urban,WUI,Number of substations,exact,0,,,SDG&E,2023,2,v3.1,0,4,SDGE_2023_Q4_Tables1-15.xlsx,Table 8,94,N94,https://efiling.energysafety.ca.gov/eFiling/Getfile.aspx?fileid=53475&shareable=true
T8R-37916b997e3a9383,1080000084,3.3.a.i,metric_label_update_and_na_to_null,3. Net addition (or removal) - Substations,,HFTD Tier 3,Urban,WUI,Number of substations,exact,0,,,SDG&E,2023,3,v3.1,0,4,SDGE_2023_Q4_Tables1-15.xlsx,Table 8,94,O94,https://efiling.energysafety.ca.gov/eFiling/Getfile.aspx?fileid=53475&shareable=true
T8R-edad12b04d219c5f,1080000084,3.3.a.i,metric_label_update_and_na_to_null,3. Net addition (or removal) - Substations,,HFTD Tier 3,Urban,WUI,Number of substations,exact,0,,,SDG&E,2023,4,v3.1,0,4,SDGE_2023_Q4_Tables1-15.xlsx,Table 8,94,P94,https://efiling.energysafety.ca.gov/eFiling/Getfile.aspx?fileid=53475&shareable=true
T8R-00e5ff0d685c9971,1080000085,3.3.a.ii,metric_label_update_and_na_to_null,3. Net addition (or removal) - Substations,,HFTD Tier 3,Urban,Non-WUI,Number of substations,exact,0,,,SDG&E,2023,1,v3.1,0,4,SDGE_2023_Q4_Tables1-15.xlsx,Table 8,95,M95,https://efiling.energysafety.ca.gov/eFiling/Getfile.aspx?fileid=53475&shareable=true
T8R-97f88890a5225abc,1080000085,3.3.a.ii,metric_label_update_and_na_to_null,3. Net addition (or removal) - Substations,,HFTD Tier 3,Urban,Non-WUI,Number of substations,exact,0,,,SDG&E,2023,2,v3.1,0,4,SDGE_2023_Q4_Tables1-15.xlsx,Table 8,95,N95,https://efiling.energysafety.ca.gov/eFiling/Getfile.aspx?fileid=53475&shareable=true
T8R-c94e18c761f3e39f,1080000085,3.3.a.ii,metric_label_update_and_na_to_null,3. Net addition (or removal) - Substations,,HFTD Tier 3,Urban,Non-WUI,Number of substations,exact,0,,,SDG&E,2023,3,v3.1,0,4,SDGE_2023_Q4_Tables1-15.xlsx,Table 8,95,O95,https://efiling.energysafety.ca.gov/eFiling/Getfile.aspx?fileid=53475&shareable=true
T8R-ce0b6fa99837fb1a,1080000085,3.3.a.ii,metric_label_update_and_na_to_null,3. Net addition (or removal) - Substations,,HFTD Tier 3,Urban,Non-WUI,Number of substations,exact,0,,,SDG&E,2023,4,v3.1,0,4,SDGE_2023_Q4_Tables1-15.xlsx,Table 8,95,P95,https://efiling.energysafety.ca.gov/eFiling/Getfile.aspx?fileid=53475&shareable=true
T8R-b01ea3f5106595a7,1080000086,3.3.b.i,metric_label_update_and_na_to_null,3. Net addition (or removal) - Substations,,HFTD Tier 3,Rural,WUI,Number of substations,exact,0,,,SDG&E,2023,1,v3.1,0,4,SDGE_2023_Q4_Tables1-15.xlsx,Table 8,96,M96,https://efiling.energysafety.ca.gov/eFiling/Getfile.aspx?fileid=53475&shareable=true
T8R-30e25f998343432c,1080000086,3.3.b.i,metric_label_update_and_na_to_null,3. Net addition (or removal) - Substations,,HFTD Tier 3,Rural,WUI,Number of substations,exact,0,,,SDG&E,2023,2,v3.1,0,4,SDGE_2023_Q4_Tables1-15.xlsx,Table 8,96,N96,https://efiling.energysafety.ca.gov/eFiling/Getfile.aspx?fileid=53475&shareable=true
T8R-00b7a27f4b12668b,1080000086,3.3.b.i,metric_label_update_and_na_to_null,3. Net addition (or removal) - Substations,,HFTD Tier 3,Rural,WUI,Number of substations,exact,0,,,SDG&E,2023,3,v3.1,0,4,SDGE_2023_Q4_Tables1-15.xlsx,Table 8,96,O96,https://efiling.energysafety.ca.gov/eFiling/Getfile.aspx?fileid=53475&shareable=true
T8R-5d1e2f7c55afa457,1080000086,3.3.b.i,metric_label_update_and_na_to_null,3. Net addition (or removal) - Substations,,HFTD Tier 3,Rural,WUI,Number of substations,exact,0,,,SDG&E,2023,4,v3.1,0,4,SDGE_2023_Q4_Tables1-15.xlsx,Table 8,96,P96,https://efiling.energysafety.ca.gov/eFiling/Getfile.aspx?fileid=53475&shareable=true
T8R-6b5e177f897b87a4,1080000087,3.3.b.ii,metric_label_update_and_na_to_null,3. Net addition (or removal) - Substations,,HFTD Tier 3,Rural,Non-WUI,Number of substations,exact,0,,,SDG&E,2023,1,v3.1,0,4,SDGE_2023_Q4_Tables1-15.xlsx,Table 8,97,M97,https://efiling.energysafety.ca.gov/eFiling/Getfile.aspx?fileid=53475&shareable=true
T8R-de7fe135fef97839,1080000087,3.3.b.ii,metric_label_update_and_na_to_null,3. Net addition (or removal) - Substations,,HFTD Tier 3,Rural,Non-WUI,Number of substations,exact,0,,,SDG&E,2023,2,v3.1,0,4,SDGE_2023_Q4_Tables1-15.xlsx,Table 8,97,N97,https://efiling.energysafety.ca.gov/eFiling/Getfile.aspx?fileid=53475&shareable=true
T8R-58744959877d4f60,1080000087,3.3.b.ii,metric_label_update_and_na_to_null,3. Net addition (or removal) - Substations,,HFTD Tier 3,Rural,Non-WUI,Number of substations,exact,0,,,SDG&E,2023,3,v3.1,0,4,SDGE_2023_Q4_Tables1-15.xlsx,Table 8,97,O97,https://efiling.energysafety.ca.gov/eFiling/Getfile.aspx?fileid=53475&shareable=true
T8R-c407f6c35912c90e,1080000087,3.3.b.ii,metric_label_update_and_na_to_null,3. Net addition (or removal) - Substations,,HFTD Tier 3,Rural,Non-WUI,Number of substations,exact,0,,,SDG&E,2023,4,v3.1,0,4,SDGE_2023_Q4_Tables1-15.xlsx,Table 8,97,P97,https://efiling.energysafety.ca.gov/eFiling/Getfile.aspx?fileid=53475&shareable=true
T8R-51ad9765f1025c2f,1080000088,3.3.c.i,metric_label_update_and_na_to_null,3. Net addition (or removal) - Substations,,HFTD Tier 3,Highly rural,WUI,Number of substations,exact,0,,,SDG&E,2023,1,v3.1,0,4,SDGE_2023_Q4_Tables1-15.xlsx,Table 8,98,M98,https://efiling.energysafety.ca.gov/eFiling/Getfile.aspx?fileid=53475&shareable=true
T8R-58f9e4ca75211212,1080000088,3.3.c.i,metric_label_update_and_na_to_null,3. Net addition (or removal) - Substations,,HFTD Tier 3,Highly rural,WUI,Number of substations,exact,0,,,SDG&E,2023,2,v3.1,0,4,SDGE_2023_Q4_Tables1-15.xlsx,Table 8,98,N98,https://efiling.energysafety.ca.gov/eFiling/Getfile.aspx?fileid=53475&shareable=true
T8R-38c7e5c60c5dba4b,1080000088,3.3.c.i,metric_label_update_and_na_to_null,3. Net addition (or removal) - Substations,,HFTD Tier 3,Highly rural,WUI,Number of substations,exact,0,,,SDG&E,2023,3,v3.1,0,4,SDGE_2023_Q4_Tables1-15.xlsx,Table 8,98,O98,https://efiling.energysafety.ca.gov/eFiling/Getfile.aspx?fileid=53475&shareable=true
T8R-dc3ba64b11a59684,1080000088,3.3.c.i,metric_label_update_and_na_to_null,3. Net addition (or removal) - Substations,,HFTD Tier 3,Highly rural,WUI,Number of substations,exact,0,,,SDG&E,2023,4,v3.1,0,4,SDGE_2023_Q4_Tables1-15.xlsx,Table 8,98,P98,https://efiling.energysafety.ca.gov/eFiling/Getfile.aspx?fileid=53475&shareable=true
T8R-afe92293fdbc18cd,1080000089,3.3.c.ii,metric_label_update_and_na_to_null,3. Net addition (or removal) - Substations,,HFTD Tier 3,Highly rural,Non-WUI,Number of substations,exact,0,,,SDG&E,2023,1,v3.1,0,4,SDGE_2023_Q4_Tables1-15.xlsx,Table 8,99,M99,https://efiling.energysafety.ca.gov/eFiling/Getfile.aspx?fileid=53475&shareable=true
T8R-f521cad777812696,1080000089,3.3.c.ii,metric_label_update_and_na_to_null,3. Net addition (or removal) - Substations,,HFTD Tier 3,Highly rural,Non-WUI,Number of substations,exact,0,,,SDG&E,2023,2,v3.1,0,4,SDGE_2023_Q4_Tables1-15.xlsx,Table 8,99,N99,https://efiling.energysafety.ca.gov/eFiling/Getfile.aspx?fileid=53475&shareable=true
T8R-938830768009bed5,1080000089,3.3.c.ii,metric_label_update_and_na_to_null,3. Net addition (or removal) - Substations,,HFTD Tier 3,Highly rural,Non-WUI,Number of substations,exact,0,,,SDG&E,2023,3,v3.1,0,4,SDGE_2023_Q4_Tables1-15.xlsx,Table 8,99,O99,https://efiling.energysafety.ca.gov/eFiling/Getfile.aspx?fileid=53475&shareable=true
T8R-65a5639fdc31fedf,1080000089,3.3.c.ii,metric_label_update_and_na_to_null,3. Net addition (or removal) - Substations,,HFTD Tier 3,Highly rural,Non-WUI,Number of substations,exact,0,,,SDG&E,2023,4,v3.1,0,4,SDGE_2023_Q4_Tables1-15.xlsx,Table 8,99,P99,https://efiling.energysafety.ca.gov/eFiling/Getfile.aspx?fileid=53475&shareable=true
T8R-210daddf94d41872,1080000090,4.0.a.i,metric_label_update_and_na_to_null,4. Net addition (or removal) - Weather stations,,Non-HFTD,Urban,WUI,Number of weather stations,exact,0,,,SDG&E,2023,1,v3.1,0,4,SDGE_2023_Q4_Tables1-15.xlsx,Table 8,100,M100,https://efiling.energysafety.ca.gov/eFiling/Getfile.aspx?fileid=53475&shareable=true
T8R-718fd59a1b5563ac,1080000090,4.0.a.i,metric_label_update_and_na_to_null,4. Net addition (or removal) - Weather stations,,Non-HFTD,Urban,WUI,Number of weather stations,exact,0,,,SDG&E,2023,2,v3.1,0,4,SDGE_2023_Q4_Tables1-15.xlsx,Table 8,100,N100,https://efiling.energysafety.ca.gov/eFiling/Getfile.aspx?fileid=53475&shareable=true
T8R-56a8b89c94a0f8c2,1080000090,4.0.a.i,metric_label_update_and_na_to_null,4. Net addition (or removal) - Weather stations,,Non-HFTD,Urban,WUI,Number of weather stations,exact,0,,,SDG&E,2023,3,v3.1,0,4,SDGE_2023_Q4_Tables1-15.xlsx,Table 8,100,O100,https://efiling.energysafety.ca.gov/eFiling/Getfile.aspx?fileid=53475&shareable=true
T8R-feef20a5e3caa48f,1080000090,4.0.a.i,metric_label_update_and_na_to_null,4. Net addition (or removal) - Weather stations,,Non-HFTD,Urban,WUI,Number of weather stations,exact,0,,,SDG&E,2023,4,v3.1,0,4,SDGE_2023_Q4_Tables1-15.xlsx,Table 8,100,P100,https://efiling.energysafety.ca.gov/eFiling/Getfile.aspx?fileid=53475&shareable=true
T8R-166fb5aafde21cc3,1080000091,4.0.a.ii,metric_label_update_and_na_to_null,4. Net addition (or removal) - Weather stations,,Non-HFTD,Urban,Non-WUI,Number of weather stations,exact,0,,,SDG&E,2023,1,v3.1,0,4,SDGE_2023_Q4_Tables1-15.xlsx,Table 8,101,M101,https://efiling.energysafety.ca.gov/eFiling/Getfile.aspx?fileid=53475&shareable=true
T8R-2e389e0a2348d4df,1080000091,4.0.a.ii,metric_label_update_and_na_to_null,4. Net addition (or removal) - Weather stations,,Non-HFTD,Urban,Non-WUI,Number of weather stations,exact,0,,,SDG&E,2023,2,v3.1,0,4,SDGE_2023_Q4_Tables1-15.xlsx,Table 8,101,N101,https://efiling.energysafety.ca.gov/eFiling/Getfile.aspx?fileid=53475&shareable=true
T8R-b996e748dffcdd6f,1080000091,4.0.a.ii,metric_label_update_and_na_to_null,4. Net addition (or removal) - Weather stations,,Non-HFTD,Urban,Non-WUI,Number of weather stations,exact,0,,,SDG&E,2023,3,v3.1,0,4,SDGE_2023_Q4_Tables1-15.xlsx,Table 8,101,O101,https://efiling.energysafety.ca.gov/eFiling/Getfile.aspx?fileid=53475&shareable=true
T8R-5f85d33a3bc51389,1080000091,4.0.a.ii,metric_label_update_and_na_to_null,4. Net addition (or removal) - Weather stations,,Non-HFTD,Urban,Non-WUI,Number of weather stations,exact,0,,,SDG&E,2023,4,v3.1,0,4,SDGE_2023_Q4_Tables1-15.xlsx,Table 8,101,P101,https://efiling.energysafety.ca.gov/eFiling/Getfile.aspx?fileid=53475&shareable=true
T8R-6f46f1d9892ed271,1080000092,4.0.b.i,metric_label_update_and_na_to_null,4. Net addition (or removal) - Weather stations,,Non-HFTD,Rural,WUI,Number of weather stations,exact,0,,,SDG&E,2023,1,v3.1,0,4,SDGE_2023_Q4_Tables1-15.xlsx,Table 8,102,M102,https://efiling.energysafety.ca.gov/eFiling/Getfile.aspx?fileid=53475&shareable=true
T8R-79aa8714f7bd1794,1080000092,4.0.b.i,metric_label_update_and_na_to_null,4. Net addition (or removal) - Weather stations,,Non-HFTD,Rural,WUI,Number of weather stations,exact,0,,,SDG&E,2023,2,v3.1,0,4,SDGE_2023_Q4_Tables1-15.xlsx,Table 8,102,N102,https://efiling.energysafety.ca.gov/eFiling/Getfile.aspx?fileid=53475&shareable=true
T8R-4b292ecbb33f08e2,1080000092,4.0.b.i,metric_label_update_and_na_to_null,4. Net addition (or removal) - Weather stations,,Non-HFTD,Rural,WUI,Number of weather stations,exact,0,,,SDG&E,2023,3,v3.1,0,4,SDGE_2023_Q4_Tables1-15.xlsx,Table 8,102,O102,https://efiling.energysafety.ca.gov/eFiling/Getfile.aspx?fileid=53475&shareable=true
T8R-f0b0fb1b57a0d4e9,1080000092,4.0.b.i,metric_label_update_and_na_to_null,4. Net addition (or removal) - Weather stations,,Non-HFTD,Rural,WUI,Number of weather stations,exact,0,,,SDG&E,2023,4,v3.1,0,4,SDGE_2023_Q4_Tables1-15.xlsx,Table 8,102,P102,https://efiling.energysafety.ca.gov/eFiling/Getfile.aspx?fileid=53475&shareable=true
T8R-33d53261cd3c5b05,1080000093,4.0.b.ii,metric_label_update_and_na_to_null,4. Net addition (or removal) - Weather stations,,Non-HFTD,Rural,Non-WUI,Number of weather stations,exact,0,,,SDG&E,2023,1,v3.1,0,4,SDGE_2023_Q4_Tables1-15.xlsx,Table 8,103,M103,https://efiling.energysafety.ca.gov/eFiling/Getfile.aspx?fileid=53475&shareable=true
T8R-e740f8bcdd9e6906,1080000093,4.0.b.ii,metric_label_update_and_na_to_null,4. Net addition (or removal) - Weather stations,,Non-HFTD,Rural,Non-WUI,Number of weather stations,exact,0,,,SDG&E,2023,2,v3.1,0,4,SDGE_2023_Q4_Tables1-15.xlsx,Table 8,103,N103,https://efiling.energysafety.ca.gov/eFiling/Getfile.aspx?fileid=53475&shareable=true
T8R-71d5f19701bfcf56,1080000093,4.0.b.ii,metric_label_update_and_na_to_null,4. Net addition (or removal) - Weather stations,,Non-HFTD,Rural,Non-WUI,Number of weather stations,exact,0,,,SDG&E,2023,3,v3.1,0,4,SDGE_2023_Q4_Tables1-15.xlsx,Table 8,103,O103,https://efiling.energysafety.ca.gov/eFiling/Getfile.aspx?fileid=53475&shareable=true
T8R-70adb8baaeaead99,1080000093,4.0.b.ii,metric_label_update_and_na_to_null,4. Net addition (or removal) - Weather stations,,Non-HFTD,Rural,Non-WUI,Number of weather stations,exact,0,,,SDG&E,2023,4,v3.1,0,4,SDGE_2023_Q4_Tables1-15.xlsx,Table 8,103,P103,https://efiling.energysafety.ca.gov/eFiling/Getfile.aspx?fileid=53475&shareable=true
T8R-1d463cb63da10ee8,1080000094,4.0.c.i,metric_label_update_and_na_to_null,4. Net addition (or removal) - Weather stations,,Non-HFTD,Highly rural,WUI,Number of weather stations,exact,0,,,SDG&E,2023,1,v3.1,0,4,SDGE_2023_Q4_Tables1-15.xlsx,Table 8,104,M104,https://efiling.energysafety.ca.gov/eFiling/Getfile.aspx?fileid=53475&shareable=true
T8R-0a586ee6ecdb4fb3,1080000094,4.0.c.i,metric_label_update_and_na_to_null,4. Net addition (or removal) - Weather stations,,Non-HFTD,Highly rural,WUI,Number of weather stations,exact,0,,,SDG&E,2023,2,v3.1,0,4,SDGE_2023_Q4_Tables1-15.xlsx,Table 8,104,N104,https://efiling.energysafety.ca.gov/eFiling/Getfile.aspx?fileid=53475&shareable=true
T8R-16412c7346f026ae,1080000094,4.0.c.i,metric_label_update_and_na_to_null,4. Net addition (or removal) - Weather stations,,Non-HFTD,Highly rural,WUI,Number of weather stations,exact,0,,,SDG&E,2023,3,v3.1,0,4,SDGE_2023_Q4_Tables1-15.xlsx,Table 8,104,O104,https://efiling.energysafety.ca.gov/eFiling/Getfile.aspx?fileid=53475&shareable=true
T8R-48ca3e820a1693bc,1080000094,4.0.c.i,metric_label_update_and_na_to_null,4. Net addition (or removal) - Weather stations,,Non-HFTD,Highly rural,WUI,Number of weather stations,exact,0,,,SDG&E,2023,4,v3.1,0,4,SDGE_2023_Q4_Tables1-15.xlsx,Table 8,104,P104,https://efiling.energysafety.ca.gov/eFiling/Getfile.aspx?fileid=53475&shareable=true
T8R-1ccb0d48c7e45c55,1080000095,4.0.c.ii,metric_label_update_and_na_to_null,4. Net addition (or removal) - Weather stations,,Non-HFTD,Highly rural,Non-WUI,Number of weather stations,exact,0,,,SDG&E,2023,1,v3.1,0,4,SDGE_2023_Q4_Tables1-15.xlsx,Table 8,105,M105,https://efiling.energysafety.ca.gov/eFiling/Getfile.aspx?fileid=53475&shareable=true
T8R-e6195051c5f1b969,1080000095,4.0.c.ii,metric_label_update_and_na_to_null,4. Net addition (or removal) - Weather stations,,Non-HFTD,Highly rural,Non-WUI,Number of weather stations,exact,0,,,SDG&E,2023,2,v3.1,0,4,SDGE_2023_Q4_Tables1-15.xlsx,Table 8,105,N105,https://efiling.energysafety.ca.gov/eFiling/Getfile.aspx?fileid=53475&shareable=true
T8R-10df858f118896f9,1080000095,4.0.c.ii,metric_label_update_and_na_to_null,4. Net addition (or removal) - Weather stations,,Non-HFTD,Highly rural,Non-WUI,Number of weather stations,exact,0,,,SDG&E,2023,3,v3.1,0,4,SDGE_2023_Q4_Tables1-15.xlsx,Table 8,105,O105,https://efiling.energysafety.ca.gov/eFiling/Getfile.aspx?fileid=53475&shareable=true
T8R-6924593b29bd3b9b,1080000095,4.0.c.ii,metric_label_update_and_na_to_null,4. Net addition (or removal) - Weather stations,,Non-HFTD,Highly rural,Non-WUI,Number of weather stations,exact,0,,,SDG&E,2023,4,v3.1,0,4,SDGE_2023_Q4_Tables1-15.xlsx,Table 8,105,P105,https://efiling.energysafety.ca.gov/eFiling/Getfile.aspx?fileid=53475&shareable=true
T8R-700ff941fe8c7f9d,1080000096,4.2.a.i,metric_label_update_and_na_to_null,4. Net addition (or removal) - Weather stations,,HFTD Tier 2,Urban,WUI,Number of weather stations,exact,0,,,SDG&E,2023,1,v3.1,0,4,SDGE_2023_Q4_Tables1-15.xlsx,Table 8,106,M106,https://efiling.energysafety.ca.gov/eFiling/Getfile.aspx?fileid=53475&shareable=true
T8R-a9a099612eaba442,1080000096,4.2.a.i,metric_label_update_and_na_to_null,4. Net addition (or removal) - Weather stations,,HFTD Tier 2,Urban,WUI,Number of weather stations,exact,0,,,SDG&E,2023,2,v3.1,0,4,SDGE_2023_Q4_Tables1-15.xlsx,Table 8,106,N106,https://efiling.energysafety.ca.gov/eFiling/Getfile.aspx?fileid=53475&shareable=true
T8R-53d7f27f29e5ba9c,1080000096,4.2.a.i,metric_label_update_and_na_to_null,4. Net addition (or removal) - Weather stations,,HFTD Tier 2,Urban,WUI,Number of weather stations,exact,0,,,SDG&E,2023,3,v3.1,0,4,SDGE_2023_Q4_Tables1-15.xlsx,Table 8,106,O106,https://efiling.energysafety.ca.gov/eFiling/Getfile.aspx?fileid=53475&shareable=true
T8R-99192fbd15a494b9,1080000096,4.2.a.i,metric_label_update_and_na_to_null,4. Net addition (or removal) - Weather stations,,HFTD Tier 2,Urban,WUI,Number of weather stations,exact,0,,,SDG&E,2023,4,v3.1,0,4,SDGE_2023_Q4_Tables1-15.xlsx,Table 8,106,P106,https://efiling.energysafety.ca.gov/eFiling/Getfile.aspx?fileid=53475&shareable=true
T8R-0fbf07ae679a07c5,1080000097,4.2.a.ii,metric_label_update_and_na_to_null,4. Net addition (or removal) - Weather stations,,HFTD Tier 2,Urban,Non-WUI,Number of weather stations,exact,0,,,SDG&E,2023,1,v3.1,0,4,SDGE_2023_Q4_Tables1-15.xlsx,Table 8,107,M107,https://efiling.energysafety.ca.gov/eFiling/Getfile.aspx?fileid=53475&shareable=true
T8R-5b06c35101c28b48,1080000097,4.2.a.ii,metric_label_update_and_na_to_null,4. Net addition (or removal) - Weather stations,,HFTD Tier 2,Urban,Non-WUI,Number of weather stations,exact,0,,,SDG&E,2023,2,v3.1,0,4,SDGE_2023_Q4_Tables1-15.xlsx,Table 8,107,N107,https://efiling.energysafety.ca.gov/eFiling/Getfile.aspx?fileid=53475&shareable=true
T8R-7acbb03afeca1737,1080000097,4.2.a.ii,metric_label_update_and_na_to_null,4. Net addition (or removal) - Weather stations,,HFTD Tier 2,Urban,Non-WUI,Number of weather stations,exact,0,,,SDG&E,2023,3,v3.1,0,4,SDGE_2023_Q4_Tables1-15.xlsx,Table 8,107,O107,https://efiling.energysafety.ca.gov/eFiling/Getfile.aspx?fileid=53475&shareable=true
T8R-407426b5caf548ee,1080000097,4.2.a.ii,metric_label_update_and_na_to_null,4. Net addition (or removal) - Weather stations,,HFTD Tier 2,Urban,Non-WUI,Number of weather stations,exact,0,,,SDG&E,2023,4,v3.1,0,4,SDGE_2023_Q4_Tables1-15.xlsx,Table 8,107,P107,https://efiling.energysafety.ca.gov/eFiling/Getfile.aspx?fileid=53475&shareable=true
T8R-c002bf0b538c197a,1080000098,4.2.b.i,metric_label_update_and_na_to_null,4. Net addition (or removal) - Weather stations,,HFTD Tier 2,Rural,WUI,Number of weather stations,exact,0,GIS database was updated in 2022 Q3 to true up weather stations records. Addtional weather stations captured in the GIS system were active prior to 2022 submissions.,,SDG&E,2023,1,v3.1,0,4,SDGE_2023_Q4_Tables1-15.xlsx,Table 8,108,M108,https://efiling.energysafety.ca.gov/eFiling/Getfile.aspx?fileid=53475&shareable=true
T8R-956cb999e6927c8d,1080000098,4.2.b.i,metric_label_update_and_na_to_null,4. Net addition (or removal) - Weather stations,,HFTD Tier 2,Rural,WUI,Number of weather stations,exact,0,GIS database was updated in 2022 Q3 to true up weather stations records. Addtional weather stations captured in the GIS system were active prior to 2022 submissions.,,SDG&E,2023,2,v3.1,0,4,SDGE_2023_Q4_Tables1-15.xlsx,Table 8,108,N108,https://efiling.energysafety.ca.gov/eFiling/Getfile.aspx?fileid=53475&shareable=true
T8R-0035378970bac64c,1080000098,4.2.b.i,metric_label_update_and_na_to_null,4. Net addition (or removal) - Weather stations,,HFTD Tier 2,Rural,WUI,Number of weather stations,exact,0,GIS database was updated in 2022 Q3 to true up weather stations records. Addtional weather stations captured in the GIS system were active prior to 2022 submissions.,,SDG&E,2023,3,v3.1,0,4,SDGE_2023_Q4_Tables1-15.xlsx,Table 8,108,O108,https://efiling.energysafety.ca.gov/eFiling/Getfile.aspx?fileid=53475&shareable=true
T8R-c572f6154c9cd044,1080000098,4.2.b.i,metric_label_update_and_na_to_null,4. Net addition (or removal) - Weather stations,,HFTD Tier 2,Rural,WUI,Number of weather stations,exact,0,GIS database was updated in 2022 Q3 to true up weather stations records. Addtional weather stations captured in the GIS system were active prior to 2022 submissions.,,SDG&E,2023,4,v3.1,0,4,SDGE_2023_Q4_Tables1-15.xlsx,Table 8,108,P108,https://efiling.energysafety.ca.gov/eFiling/Getfile.aspx?fileid=53475&shareable=true
T8R-a9e677b3570e30b2,1080000099,4.2.b.ii,metric_label_update_and_na_to_null,4. Net addition (or removal) - Weather stations,,HFTD Tier 2,Rural,Non-WUI,Number of weather stations,exact,0,GIS database was updated in 2022 Q3 to true up weather stations records. Addtional weather stations captured in the GIS system were active prior to 2022 submissions.,,SDG&E,2023,1,v3.1,0,4,SDGE_2023_Q4_Tables1-15.xlsx,Table 8,109,M109,https://efiling.energysafety.ca.gov/eFiling/Getfile.aspx?fileid=53475&shareable=true
T8R-34de0aa61c66da17,1080000099,4.2.b.ii,metric_label_update_and_na_to_null,4. Net addition (or removal) - Weather stations,,HFTD Tier 2,Rural,Non-WUI,Number of weather stations,exact,0,GIS database was updated in 2022 Q3 to true up weather stations records. Addtional weather stations captured in the GIS system were active prior to 2022 submissions.,,SDG&E,2023,2,v3.1,0,4,SDGE_2023_Q4_Tables1-15.xlsx,Table 8,109,N109,https://efiling.energysafety.ca.gov/eFiling/Getfile.aspx?fileid=53475&shareable=true
T8R-1e4d7a27513a9549,1080000099,4.2.b.ii,metric_label_update_and_na_to_null,4. Net addition (or removal) - Weather stations,,HFTD Tier 2,Rural,Non-WUI,Number of weather stations,exact,0,GIS database was updated in 2022 Q3 to true up weather stations records. Addtional weather stations captured in the GIS system were active prior to 2022 submissions.,,SDG&E,2023,3,v3.1,0,4,SDGE_2023_Q4_Tables1-15.xlsx,Table 8,109,O109,https://efiling.energysafety.ca.gov/eFiling/Getfile.aspx?fileid=53475&shareable=true
T8R-5b23561e21de081d,1080000099,4.2.b.ii,metric_label_update_and_na_to_null,4. Net addition (or removal) - Weather stations,,HFTD Tier 2,Rural,Non-WUI,Number of weather stations,exact,0,GIS database was updated in 2022 Q3 to true up weather stations records. Addtional weather stations captured in the GIS system were active prior to 2022 submissions.,,SDG&E,2023,4,v3.1,0,4,SDGE_2023_Q4_Tables1-15.xlsx,Table 8,109,P109,https://efiling.energysafety.ca.gov/eFiling/Getfile.aspx?fileid=53475&shareable=true
T8R-b1702650a6c65b95,1080000100,4.2.c.i,metric_label_update_and_na_to_null,4. Net addition (or removal) - Weather stations,,HFTD Tier 2,Highly rural,WUI,Number of weather stations,exact,0,,,SDG&E,2023,1,v3.1,0,4,SDGE_2023_Q4_Tables1-15.xlsx,Table 8,110,M110,https://efiling.energysafety.ca.gov/eFiling/Getfile.aspx?fileid=53475&shareable=true
T8R-d6745de616333faf,1080000100,4.2.c.i,metric_label_update_and_na_to_null,4. Net addition (or removal) - Weather stations,,HFTD Tier 2,Highly rural,WUI,Number of weather stations,exact,0,,,SDG&E,2023,2,v3.1,0,4,SDGE_2023_Q4_Tables1-15.xlsx,Table 8,110,N110,https://efiling.energysafety.ca.gov/eFiling/Getfile.aspx?fileid=53475&shareable=true
T8R-a4802e0b32e256c7,1080000100,4.2.c.i,metric_label_update_and_na_to_null,4. Net addition (or removal) - Weather stations,,HFTD Tier 2,Highly rural,WUI,Number of weather stations,exact,0,,,SDG&E,2023,3,v3.1,0,4,SDGE_2023_Q4_Tables1-15.xlsx,Table 8,110,O110,https://efiling.energysafety.ca.gov/eFiling/Getfile.aspx?fileid=53475&shareable=true
T8R-5c4427ebbf32f680,1080000100,4.2.c.i,metric_label_update_and_na_to_null,4. Net addition (or removal) - Weather stations,,HFTD Tier 2,Highly rural,WUI,Number of weather stations,exact,0,,,SDG&E,2023,4,v3.1,0,4,SDGE_2023_Q4_Tables1-15.xlsx,Table 8,110,P110,https://efiling.energysafety.ca.gov/eFiling/Getfile.aspx?fileid=53475&shareable=true
T8R-59584d619d61c7d4,1080000101,4.2.c.ii,metric_label_update_and_na_to_null,4. Net addition (or removal) - Weather stations,,HFTD Tier 2,Highly rural,Non-WUI,Number of weather stations,exact,0,,,SDG&E,2023,1,v3.1,0,4,SDGE_2023_Q4_Tables1-15.xlsx,Table 8,111,M111,https://efiling.energysafety.ca.gov/eFiling/Getfile.aspx?fileid=53475&shareable=true
T8R-d479acf9b0ed7371,1080000101,4.2.c.ii,metric_label_update_and_na_to_null,4. Net addition (or removal) - Weather stations,,HFTD Tier 2,Highly rural,Non-WUI,Number of weather stations,exact,0,,,SDG&E,2023,2,v3.1,0,4,SDGE_2023_Q4_Tables1-15.xlsx,Table 8,111,N111,https://efiling.energysafety.ca.gov/eFiling/Getfile.aspx?fileid=53475&shareable=true
T8R-6ceb0b90c7cf9b06,1080000101,4.2.c.ii,metric_label_update_and_na_to_null,4. Net addition (or removal) - Weather stations,,HFTD Tier 2,Highly rural,Non-WUI,Number of weather stations,exact,0,,,SDG&E,2023,3,v3.1,0,4,SDGE_2023_Q4_Tables1-15.xlsx,Table 8,111,O111,https://efiling.energysafety.ca.gov/eFiling/Getfile.aspx?fileid=53475&shareable=true
T8R-c2c286994126ae53,1080000101,4.2.c.ii,metric_label_update_and_na_to_null,4. Net addition (or removal) - Weather stations,,HFTD Tier 2,Highly rural,Non-WUI,Number of weather stations,exact,0,,,SDG&E,2023,4,v3.1,0,4,SDGE_2023_Q4_Tables1-15.xlsx,Table 8,111,P111,https://efiling.energysafety.ca.gov/eFiling/Getfile.aspx?fileid=53475&shareable=true
T8R-920b56c7b02a4b21,1080000102,4.3.a.i,metric_label_update_and_na_to_null,4. Net addition (or removal) - Weather stations,,HFTD Tier 3,Urban,WUI,Number of weather stations,exact,0,,,SDG&E,2023,1,v3.1,0,4,SDGE_2023_Q4_Tables1-15.xlsx,Table 8,112,M112,https://efiling.energysafety.ca.gov/eFiling/Getfile.aspx?fileid=53475&shareable=true
T8R-076403062029af61,1080000102,4.3.a.i,metric_label_update_and_na_to_null,4. Net addition (or removal) - Weather stations,,HFTD Tier 3,Urban,WUI,Number of weather stations,exact,0,,,SDG&E,2023,2,v3.1,0,4,SDGE_2023_Q4_Tables1-15.xlsx,Table 8,112,N112,https://efiling.energysafety.ca.gov/eFiling/Getfile.aspx?fileid=53475&shareable=true
T8R-dedeccfa9f9d1f11,1080000102,4.3.a.i,metric_label_update_and_na_to_null,4. Net addition (or removal) - Weather stations,,HFTD Tier 3,Urban,WUI,Number of weather stations,exact,0,,,SDG&E,2023,3,v3.1,0,4,SDGE_2023_Q4_Tables1-15.xlsx,Table 8,112,O112,https://efiling.energysafety.ca.gov/eFiling/Getfile.aspx?fileid=53475&shareable=true
T8R-c1a2f2c453398da7,1080000102,4.3.a.i,metric_label_update_and_na_to_null,4. Net addition (or removal) - Weather stations,,HFTD Tier 3,Urban,WUI,Number of weather stations,exact,0,,,SDG&E,2023,4,v3.1,0,4,SDGE_2023_Q4_Tables1-15.xlsx,Table 8,112,P112,https://efiling.energysafety.ca.gov/eFiling/Getfile.aspx?fileid=53475&shareable=true
T8R-b2039d975b7dd9f2,1080000103,4.3.a.ii,metric_label_update_and_na_to_null,4. Net addition (or removal) - Weather stations,,HFTD Tier 3,Urban,Non-WUI,Number of weather stations,exact,0,,,SDG&E,2023,1,v3.1,0,4,SDGE_2023_Q4_Tables1-15.xlsx,Table 8,113,M113,https://efiling.energysafety.ca.gov/eFiling/Getfile.aspx?fileid=53475&shareable=true
T8R-bf5102d6bd4c937a,1080000103,4.3.a.ii,metric_label_update_and_na_to_null,4. Net addition (or removal) - Weather stations,,HFTD Tier 3,Urban,Non-WUI,Number of weather stations,exact,0,,,SDG&E,2023,2,v3.1,0,4,SDGE_2023_Q4_Tables1-15.xlsx,Table 8,113,N113,https://efiling.energysafety.ca.gov/eFiling/Getfile.aspx?fileid=53475&shareable=true
T8R-ad473c8ca56ebbed,1080000103,4.3.a.ii,metric_label_update_and_na_to_null,4. Net addition (or removal) - Weather stations,,HFTD Tier 3,Urban,Non-WUI,Number of weather stations,exact,0,,,SDG&E,2023,3,v3.1,0,4,SDGE_2023_Q4_Tables1-15.xlsx,Table 8,113,O113,https://efiling.energysafety.ca.gov/eFiling/Getfile.aspx?fileid=53475&shareable=true
T8R-9026fcf2515ad256,1080000103,4.3.a.ii,metric_label_update_and_na_to_null,4. Net addition (or removal) - Weather stations,,HFTD Tier 3,Urban,Non-WUI,Number of weather stations,exact,0,,,SDG&E,2023,4,v3.1,0,4,SDGE_2023_Q4_Tables1-15.xlsx,Table 8,113,P113,https://efiling.energysafety.ca.gov/eFiling/Getfile.aspx?fileid=53475&shareable=true
T8R-7284f63e44367f76,1080000104,4.3.b.i,metric_label_update_and_na_to_null,4. Net addition (or removal) - Weather stations,,HFTD Tier 3,Rural,WUI,Number of weather stations,exact,0,,,SDG&E,2023,1,v3.1,0,4,SDGE_2023_Q4_Tables1-15.xlsx,Table 8,114,M114,https://efiling.energysafety.ca.gov/eFiling/Getfile.aspx?fileid=53475&shareable=true
T8R-8b554a02996e8627,1080000104,4.3.b.i,metric_label_update_and_na_to_null,4. Net addition (or removal) - Weather stations,,HFTD Tier 3,Rural,WUI,Number of weather stations,exact,0,,,SDG&E,2023,2,v3.1,0,4,SDGE_2023_Q4_Tables1-15.xlsx,Table 8,114,N114,https://efiling.energysafety.ca.gov/eFiling/Getfile.aspx?fileid=53475&shareable=true
T8R-274a7275cbe0fc21,1080000104,4.3.b.i,metric_label_update_and_na_to_null,4. Net addition (or removal) - Weather stations,,HFTD Tier 3,Rural,WUI,Number of weather stations,exact,0,,,SDG&E,2023,3,v3.1,0,4,SDGE_2023_Q4_Tables1-15.xlsx,Table 8,114,O114,https://efiling.energysafety.ca.gov/eFiling/Getfile.aspx?fileid=53475&shareable=true
T8R-83cd380d0eb3f539,1080000104,4.3.b.i,metric_label_update_and_na_to_null,4. Net addition (or removal) - Weather stations,,HFTD Tier 3,Rural,WUI,Number of weather stations,exact,0,,,SDG&E,2023,4,v3.1,0,4,SDGE_2023_Q4_Tables1-15.xlsx,Table 8,114,P114,https://efiling.energysafety.ca.gov/eFiling/Getfile.aspx?fileid=53475&shareable=true
T8R-23d79078518f49de,1080000105,4.3.b.ii,metric_label_update_and_na_to_null,4. Net addition (or removal) - Weather stations,,HFTD Tier 3,Rural,Non-WUI,Number of weather stations,exact,0,GIS database was updated in 2022 Q3 to true up weather stations records. Addtional weather stations captured in the GIS system were active prior to 2022 submissions.,,SDG&E,2023,1,v3.1,0,4,SDGE_2023_Q4_Tables1-15.xlsx,Table 8,115,M115,https://efiling.energysafety.ca.gov/eFiling/Getfile.aspx?fileid=53475&shareable=true
T8R-23235a777659329c,1080000105,4.3.b.ii,metric_label_update_and_na_to_null,4. Net addition (or removal) - Weather stations,,HFTD Tier 3,Rural,Non-WUI,Number of weather stations,exact,0,GIS database was updated in 2022 Q3 to true up weather stations records. Addtional weather stations captured in the GIS system were active prior to 2022 submissions.,,SDG&E,2023,2,v3.1,0,4,SDGE_2023_Q4_Tables1-15.xlsx,Table 8,115,N115,https://efiling.energysafety.ca.gov/eFiling/Getfile.aspx?fileid=53475&shareable=true
T8R-ac1074fdcee94f2d,1080000105,4.3.b.ii,metric_label_update_and_na_to_null,4. Net addition (or removal) - Weather stations,,HFTD Tier 3,Rural,Non-WUI,Number of weather stations,exact,0,GIS database was updated in 2022 Q3 to true up weather stations records. Addtional weather stations captured in the GIS system were active prior to 2022 submissions.,,SDG&E,2023,3,v3.1,0,4,SDGE_2023_Q4_Tables1-15.xlsx,Table 8,115,O115,https://efiling.energysafety.ca.gov/eFiling/Getfile.aspx?fileid=53475&shareable=true
T8R-c69de794a9a4be9a,1080000105,4.3.b.ii,metric_label_update_and_na_to_null,4. Net addition (or removal) - Weather stations,,HFTD Tier 3,Rural,Non-WUI,Number of weather stations,exact,0,GIS database was updated in 2022 Q3 to true up weather stations records. Addtional weather stations captured in the GIS system were active prior to 2022 submissions.,,SDG&E,2023,4,v3.1,0,4,SDGE_2023_Q4_Tables1-15.xlsx,Table 8,115,P115,https://efiling.energysafety.ca.gov/eFiling/Getfile.aspx?fileid=53475&shareable=true
T8R-cbd1ac681ce8b090,1080000106,4.3.c.i,metric_label_update_and_na_to_null,4. Net addition (or removal) - Weather stations,,HFTD Tier 3,Highly rural,WUI,Number of weather stations,exact,0,,,SDG&E,2023,1,v3.1,0,4,SDGE_2023_Q4_Tables1-15.xlsx,Table 8,116,M116,https://efiling.energysafety.ca.gov/eFiling/Getfile.aspx?fileid=53475&shareable=true
T8R-2188ab0a23417b3d,1080000106,4.3.c.i,metric_label_update_and_na_to_null,4. Net addition (or removal) - Weather stations,,HFTD Tier 3,Highly rural,WUI,Number of weather stations,exact,0,,,SDG&E,2023,2,v3.1,0,4,SDGE_2023_Q4_Tables1-15.xlsx,Table 8,116,N116,https://efiling.energysafety.ca.gov/eFiling/Getfile.aspx?fileid=53475&shareable=true
T8R-157aea3d0b8f8fe6,1080000106,4.3.c.i,metric_label_update_and_na_to_null,4. Net addition (or removal) - Weather stations,,HFTD Tier 3,Highly rural,WUI,Number of weather stations,exact,0,,,SDG&E,2023,3,v3.1,0,4,SDGE_2023_Q4_Tables1-15.xlsx,Table 8,116,O116,https://efiling.energysafety.ca.gov/eFiling/Getfile.aspx?fileid=53475&shareable=true
T8R-87fdc0ed3090bf39,1080000106,4.3.c.i,metric_label_update_and_na_to_null,4. Net addition (or removal) - Weather stations,,HFTD Tier 3,Highly rural,WUI,Number of weather stations,exact,0,,,SDG&E,2023,4,v3.1,0,4,SDGE_2023_Q4_Tables1-15.xlsx,Table 8,116,P116,https://efiling.energysafety.ca.gov/eFiling/Getfile.aspx?fileid=53475&shareable=true
T8R-68e40c603bc7f158,1080000107,4.3.c.ii,metric_label_update_and_na_to_null,4. Net addition (or removal) - Weather stations,,HFTD Tier 3,Highly rural,Non-WUI,Number of weather stations,exact,0,,,SDG&E,2023,1,v3.1,0,4,SDGE_2023_Q4_Tables1-15.xlsx,Table 8,117,M117,https://efiling.energysafety.ca.gov/eFiling/Getfile.aspx?fileid=53475&shareable=true
T8R-aea57e357a2c1be4,1080000107,4.3.c.ii,metric_label_update_and_na_to_null,4. Net addition (or removal) - Weather stations,,HFTD Tier 3,Highly rural,Non-WUI,Number of weather stations,exact,0,,,SDG&E,2023,2,v3.1,0,4,SDGE_2023_Q4_Tables1-15.xlsx,Table 8,117,N117,https://efiling.energysafety.ca.gov/eFiling/Getfile.aspx?fileid=53475&shareable=true
T8R-f180e61dbb49e551,1080000107,4.3.c.ii,metric_label_update_and_na_to_null,4. Net addition (or removal) - Weather stations,,HFTD Tier 3,Highly rural,Non-WUI,Number of weather stations,exact,0,,,SDG&E,2023,3,v3.1,0,4,SDGE_2023_Q4_Tables1-15.xlsx,Table 8,117,O117,https://efiling.energysafety.ca.gov/eFiling/Getfile.aspx?fileid=53475&shareable=true
T8R-6c71ff9a68f9608d,1080000107,4.3.c.ii,metric_label_update_and_na_to_null,4. Net addition (or removal) - Weather stations,,HFTD Tier 3,Highly rural,Non-WUI,Number of weather stations,exact,0,,,SDG&E,2023,4,v3.1,0,4,SDGE_2023_Q4_Tables1-15.xlsx,Table 8,117,P117,https://efiling.energysafety.ca.gov/eFiling/Getfile.aspx?fileid=53475&shareable=true
T8R-5303d9ae46dc70a6,1080000000,1.d.0.a.i,metric_label_update,1. Net addition (or removal) - overhead circuit miles,Distribution,Non-HFTD,Urban,WUI,Circuit miles,exact,0.14109848484798704,,,SDG&E,2024,1,v3.2,2,1,SDGE_2024_Q1_Tables1-15_R2.xlsx,Table 8,10,I10,https://efiling.energysafety.ca.gov/eFiling/Getfile.aspx?fileid=56226&shareable=true
T8R-24383ea5848930d0,1080000001,1.d.0.a.ii,metric_label_update,1. Net addition (or removal) - overhead circuit miles,Distribution,Non-HFTD,Urban,Non-WUI,Circuit miles,exact,0,,,SDG&E,2024,1,v3.2,2,1,SDGE_2024_Q1_Tables1-15_R2.xlsx,Table 8,11,I11,https://efiling.energysafety.ca.gov/eFiling/Getfile.aspx?fileid=56226&shareable=true
T8R-f0ca3d1264552dd8,1080000002,1.d.0.b.i,metric_label_update,1. Net addition (or removal) - overhead circuit miles,Distribution,Non-HFTD,Rural,WUI,Circuit miles,exact,0,,,SDG&E,2024,1,v3.2,2,1,SDGE_2024_Q1_Tables1-15_R2.xlsx,Table 8,12,I12,https://efiling.energysafety.ca.gov/eFiling/Getfile.aspx?fileid=56226&shareable=true
T8R-2a7c0abc80f37dc4,1080000003,1.d.0.b.ii,metric_label_update,1. Net addition (or removal) - overhead circuit miles,Distribution,Non-HFTD,Rural,Non-WUI,Circuit miles,exact,0,,,SDG&E,2024,1,v3.2,2,1,SDGE_2024_Q1_Tables1-15_R2.xlsx,Table 8,13,I13,https://efiling.energysafety.ca.gov/eFiling/Getfile.aspx?fileid=56226&shareable=true
T8R-024227b69d356165,1080000004,1.d.0.c.i,metric_label_update,1. Net addition (or removal) - overhead circuit miles,Distribution,Non-HFTD,Highly rural,WUI,Circuit miles,exact,0,,,SDG&E,2024,1,v3.2,2,1,SDGE_2024_Q1_Tables1-15_R2.xlsx,Table 8,14,I14,https://efiling.energysafety.ca.gov/eFiling/Getfile.aspx?fileid=56226&shareable=true
T8R-39f749645567d3cf,1080000005,1.d.0.c.ii,metric_label_update,1. Net addition (or removal) - overhead circuit miles,Distribution,Non-HFTD,Highly rural,Non-WUI,Circuit miles,exact,0,,,SDG&E,2024,1,v3.2,2,1,SDGE_2024_Q1_Tables1-15_R2.xlsx,Table 8,15,I15,https://efiling.energysafety.ca.gov/eFiling/Getfile.aspx?fileid=56226&shareable=true
T8R-c81619079322ab07,1080000006,1.d.2.a.i,metric_label_update,1. Net addition (or removal) - overhead circuit miles,Distribution,HFTD Tier 2,Urban,WUI,Circuit miles,exact,0,,,SDG&E,2024,1,v3.2,2,1,SDGE_2024_Q1_Tables1-15_R2.xlsx,Table 8,16,I16,https://efiling.energysafety.ca.gov/eFiling/Getfile.aspx?fileid=56226&shareable=true
T8R-39183ef771d6eece,1080000007,1.d.2.a.ii,metric_label_update,1. Net addition (or removal) - overhead circuit miles,Distribution,HFTD Tier 2,Urban,Non-WUI,Circuit miles,exact,0,,,SDG&E,2024,1,v3.2,2,1,SDGE_2024_Q1_Tables1-15_R2.xlsx,Table 8,17,I17,https://efiling.energysafety.ca.gov/eFiling/Getfile.aspx?fileid=56226&shareable=true
T8R-309c7b1897eb1dad,1080000008,1.d.2.b.i,metric_label_update,1. Net addition (or removal) - overhead circuit miles,Distribution,HFTD Tier 2,Rural,WUI,Circuit miles,exact,-1.8901515151519561,,,SDG&E,2024,1,v3.2,2,1,SDGE_2024_Q1_Tables1-15_R2.xlsx,Table 8,18,I18,https://efiling.energysafety.ca.gov/eFiling/Getfile.aspx?fileid=56226&shareable=true
T8R-33344151c552e73a,1080000009,1.d.2.b.ii,metric_label_update,1. Net addition (or removal) - overhead circuit miles,Distribution,HFTD Tier 2,Rural,Non-WUI,Circuit miles,exact,-4.096590909090992,,,SDG&E,2024,1,v3.2,2,1,SDGE_2024_Q1_Tables1-15_R2.xlsx,Table 8,19,I19,https://efiling.energysafety.ca.gov/eFiling/Getfile.aspx?fileid=56226&shareable=true
T8R-717d898f6973805c,1080000010,1.d.2.c.i,metric_label_update,1. Net addition (or removal) - overhead circuit miles,Distribution,HFTD Tier 2,Highly rural,WUI,Circuit miles,exact,0,,,SDG&E,2024,1,v3.2,2,1,SDGE_2024_Q1_Tables1-15_R2.xlsx,Table 8,20,I20,https://efiling.energysafety.ca.gov/eFiling/Getfile.aspx?fileid=56226&shareable=true
T8R-df07968c1aad8a15,1080000011,1.d.2.c.ii,metric_label_update,1. Net addition (or removal) - overhead circuit miles,Distribution,HFTD Tier 2,Highly rural,Non-WUI,Circuit miles,exact,0,,,SDG&E,2024,1,v3.2,2,1,SDGE_2024_Q1_Tables1-15_R2.xlsx,Table 8,21,I21,https://efiling.energysafety.ca.gov/eFiling/Getfile.aspx?fileid=56226&shareable=true
T8R-34b6cc9c28868b25,1080000012,1.d.3.a.i,metric_label_update,1. Net addition (or removal) - overhead circuit miles,Distribution,HFTD Tier 3,Urban,WUI,Circuit miles,exact,0,,,SDG&E,2024,1,v3.2,2,1,SDGE_2024_Q1_Tables1-15_R2.xlsx,Table 8,22,I22,https://efiling.energysafety.ca.gov/eFiling/Getfile.aspx?fileid=56226&shareable=true
T8R-beac928e6d727623,1080000013,1.d.3.a.ii,metric_label_update,1. Net addition (or removal) - overhead circuit miles,Distribution,HFTD Tier 3,Urban,Non-WUI,Circuit miles,exact,0,,,SDG&E,2024,1,v3.2,2,1,SDGE_2024_Q1_Tables1-15_R2.xlsx,Table 8,23,I23,https://efiling.energysafety.ca.gov/eFiling/Getfile.aspx?fileid=56226&shareable=true
T8R-fdc5f1b146bcfea7,1080000014,1.d.3.b.i,metric_label_update,1. Net addition (or removal) - overhead circuit miles,Distribution,HFTD Tier 3,Rural,WUI,Circuit miles,exact,-3.1581439393939945,,,SDG&E,2024,1,v3.2,2,1,SDGE_2024_Q1_Tables1-15_R2.xlsx,Table 8,24,I24,https://efiling.energysafety.ca.gov/eFiling/Getfile.aspx?fileid=56226&shareable=true
T8R-1f624173c7cd2ff4,1080000015,1.d.3.b.ii,metric_label_update,1. Net addition (or removal) - overhead circuit miles,Distribution,HFTD Tier 3,Rural,Non-WUI,Circuit miles,exact,-2.9123106060610553,,,SDG&E,2024,1,v3.2,2,1,SDGE_2024_Q1_Tables1-15_R2.xlsx,Table 8,25,I25,https://efiling.energysafety.ca.gov/eFiling/Getfile.aspx?fileid=56226&shareable=true
T8R-ae7bb2046a21cbe0,1080000016,1.d.3.c.i,metric_label_update,1. Net addition (or removal) - overhead circuit miles,Distribution,HFTD Tier 3,Highly rural,WUI,Circuit miles,exact,0,,,SDG&E,2024,1,v3.2,2,1,SDGE_2024_Q1_Tables1-15_R2.xlsx,Table 8,26,I26,https://efiling.energysafety.ca.gov/eFiling/Getfile.aspx?fileid=56226&shareable=true
T8R-786b34fe51e89124,1080000017,1.d.3.c.ii,metric_label_update,1. Net addition (or removal) - overhead circuit miles,Distribution,HFTD Tier 3,Highly rural,Non-WUI,Circuit miles,exact,0,,,SDG&E,2024,1,v3.2,2,1,SDGE_2024_Q1_Tables1-15_R2.xlsx,Table 8,27,I27,https://efiling.energysafety.ca.gov/eFiling/Getfile.aspx?fileid=56226&shareable=true
T8R-46b4ebf3ad98b9be,1080000018,1.t.0.a.i,metric_label_update,1. Net addition (or removal) - overhead circuit miles,Transmission,Non-HFTD,Urban,WUI,Circuit miles,exact,0,,,SDG&E,2024,1,v3.2,2,1,SDGE_2024_Q1_Tables1-15_R2.xlsx,Table 8,28,I28,https://efiling.energysafety.ca.gov/eFiling/Getfile.aspx?fileid=56226&shareable=true
T8R-a1ec2ec0288e92c1,1080000019,1.t.0.a.ii,metric_label_update,1. Net addition (or removal) - overhead circuit miles,Transmission,Non-HFTD,Urban,Non-WUI,Circuit miles,exact,0,,,SDG&E,2024,1,v3.2,2,1,SDGE_2024_Q1_Tables1-15_R2.xlsx,Table 8,29,I29,https://efiling.energysafety.ca.gov/eFiling/Getfile.aspx?fileid=56226&shareable=true
T8R-6df097ec00386fc6,1080000020,1.t.0.b.i,metric_label_update,1. Net addition (or removal) - overhead circuit miles,Transmission,Non-HFTD,Rural,WUI,Circuit miles,exact,0,,,SDG&E,2024,1,v3.2,2,1,SDGE_2024_Q1_Tables1-15_R2.xlsx,Table 8,30,I30,https://efiling.energysafety.ca.gov/eFiling/Getfile.aspx?fileid=56226&shareable=true
T8R-258644b935521103,1080000021,1.t.0.b.ii,metric_label_update,1. Net addition (or removal) - overhead circuit miles,Transmission,Non-HFTD,Rural,Non-WUI,Circuit miles,exact,0,,,SDG&E,2024,1,v3.2,2,1,SDGE_2024_Q1_Tables1-15_R2.xlsx,Table 8,31,I31,https://efiling.energysafety.ca.gov/eFiling/Getfile.aspx?fileid=56226&shareable=true
T8R-4dc7341b8c9ff79e,1080000022,1.t.0.c.i,metric_label_update,1. Net addition (or removal) - overhead circuit miles,Transmission,Non-HFTD,Highly rural,WUI,Circuit miles,exact,0,,,SDG&E,2024,1,v3.2,2,1,SDGE_2024_Q1_Tables1-15_R2.xlsx,Table 8,32,I32,https://efiling.energysafety.ca.gov/eFiling/Getfile.aspx?fileid=56226&shareable=true
T8R-636a65c12b8f19fe,1080000023,1.t.0.c.ii,metric_label_update,1. Net addition (or removal) - overhead circuit miles,Transmission,Non-HFTD,Highly rural,Non-WUI,Circuit miles,exact,0,,,SDG&E,2024,1,v3.2,2,1,SDGE_2024_Q1_Tables1-15_R2.xlsx,Table 8,33,I33,https://efiling.energysafety.ca.gov/eFiling/Getfile.aspx?fileid=56226&shareable=true
T8R-04e46a54dffe4cc8,1080000024,1.t.2.a.i,metric_label_update,1. Net addition (or removal) - overhead circuit miles,Transmission,HFTD Tier 2,Urban,WUI,Circuit miles,exact,0,,,SDG&E,2024,1,v3.2,2,1,SDGE_2024_Q1_Tables1-15_R2.xlsx,Table 8,34,I34,https://efiling.energysafety.ca.gov/eFiling/Getfile.aspx?fileid=56226&shareable=true
T8R-f800d3f362471484,1080000025,1.t.2.a.ii,metric_label_update,1. Net addition (or removal) - overhead circuit miles,Transmission,HFTD Tier 2,Urban,Non-WUI,Circuit miles,exact,0,,,SDG&E,2024,1,v3.2,2,1,SDGE_2024_Q1_Tables1-15_R2.xlsx,Table 8,35,I35,https://efiling.energysafety.ca.gov/eFiling/Getfile.aspx?fileid=56226&shareable=true
T8R-8ec70e6ab6809b0e,1080000026,1.t.2.b.i,metric_label_update,1. Net addition (or removal) - overhead circuit miles,Transmission,HFTD Tier 2,Rural,WUI,Circuit miles,exact,0,,,SDG&E,2024,1,v3.2,2,1,SDGE_2024_Q1_Tables1-15_R2.xlsx,Table 8,36,I36,https://efiling.energysafety.ca.gov/eFiling/Getfile.aspx?fileid=56226&shareable=true
T8R-b86abc37ea3f7d20,1080000027,1.t.2.b.ii,metric_label_update,1. Net addition (or removal) - overhead circuit miles,Transmission,HFTD Tier 2,Rural,Non-WUI,Circuit miles,exact,0,,,SDG&E,2024,1,v3.2,2,1,SDGE_2024_Q1_Tables1-15_R2.xlsx,Table 8,37,I37,https://efiling.energysafety.ca.gov/eFiling/Getfile.aspx?fileid=56226&shareable=true
T8R-c3ab7907411222e6,1080000028,1.t.2.c.i,metric_label_update,1. Net addition (or removal) - overhead circuit miles,Transmission,HFTD Tier 2,Highly rural,WUI,Circuit miles,exact,0,,,SDG&E,2024,1,v3.2,2,1,SDGE_2024_Q1_Tables1-15_R2.xlsx,Table 8,38,I38,https://efiling.energysafety.ca.gov/eFiling/Getfile.aspx?fileid=56226&shareable=true
T8R-3c9e4357e6c3b0d8,1080000029,1.t.2.c.ii,metric_label_update,1. Net addition (or removal) - overhead circuit miles,Transmission,HFTD Tier 2,Highly rural,Non-WUI,Circuit miles,exact,0,,,SDG&E,2024,1,v3.2,2,1,SDGE_2024_Q1_Tables1-15_R2.xlsx,Table 8,39,I39,https://efiling.energysafety.ca.gov/eFiling/Getfile.aspx?fileid=56226&shareable=true
T8R-7d59a25ac7301a8c,1080000030,1.t.3.a.i,metric_label_update,1. Net addition (or removal) - overhead circuit miles,Transmission,HFTD Tier 3,Urban,WUI,Circuit miles,exact,0,,,SDG&E,2024,1,v3.2,2,1,SDGE_2024_Q1_Tables1-15_R2.xlsx,Table 8,40,I40,https://efiling.energysafety.ca.gov/eFiling/Getfile.aspx?fileid=56226&shareable=true
T8R-aec55cc0d8b118da,1080000031,1.t.3.a.ii,metric_label_update,1. Net addition (or removal) - overhead circuit miles,Transmission,HFTD Tier 3,Urban,Non-WUI,Circuit miles,exact,0,,,SDG&E,2024,1,v3.2,2,1,SDGE_2024_Q1_Tables1-15_R2.xlsx,Table 8,41,I41,https://efiling.energysafety.ca.gov/eFiling/Getfile.aspx?fileid=56226&shareable=true
T8R-09aa257d01de0739,1080000032,1.t.3.b.i,metric_label_update,1. Net addition (or removal) - overhead circuit miles,Transmission,HFTD Tier 3,Rural,WUI,Circuit miles,exact,0,,,SDG&E,2024,1,v3.2,2,1,SDGE_2024_Q1_Tables1-15_R2.xlsx,Table 8,42,I42,https://efiling.energysafety.ca.gov/eFiling/Getfile.aspx?fileid=56226&shareable=true
T8R-0fbd25af756b00b8,1080000033,1.t.3.b.ii,metric_label_update,1. Net addition (or removal) - overhead circuit miles,Transmission,HFTD Tier 3,Rural,Non-WUI,Circuit miles,exact,0,,,SDG&E,2024,1,v3.2,2,1,SDGE_2024_Q1_Tables1-15_R2.xlsx,Table 8,43,I43,https://efiling.energysafety.ca.gov/eFiling/Getfile.aspx?fileid=56226&shareable=true
T8R-35ffc0716a521ef0,1080000034,1.t.3.c.i,metric_label_update,1. Net addition (or removal) - overhead circuit miles,Transmission,HFTD Tier 3,Highly rural,WUI,Circuit miles,exact,0,,,SDG&E,2024,1,v3.2,2,1,SDGE_2024_Q1_Tables1-15_R2.xlsx,Table 8,44,I44,https://efiling.energysafety.ca.gov/eFiling/Getfile.aspx?fileid=56226&shareable=true
T8R-b0baed18fa978ed2,1080000035,1.t.3.c.ii,metric_label_update,1. Net addition (or removal) - overhead circuit miles,Transmission,HFTD Tier 3,Highly rural,Non-WUI,Circuit miles,exact,0,,,SDG&E,2024,1,v3.2,2,1,SDGE_2024_Q1_Tables1-15_R2.xlsx,Table 8,45,I45,https://efiling.energysafety.ca.gov/eFiling/Getfile.aspx?fileid=56226&shareable=true
T8R-09536329ba9703f0,1080000036,2.d.0.a.i,metric_label_update,2. Net addition (or removal) - underground circuit miles,Distribution,Non-HFTD,Urban,WUI,Circuit miles,exact,1.2020833333299379,,,SDG&E,2024,1,v3.2,2,1,SDGE_2024_Q1_Tables1-15_R2.xlsx,Table 8,46,I46,https://efiling.energysafety.ca.gov/eFiling/Getfile.aspx?fileid=56226&shareable=true
T8R-4d0d0506f4d968e7,1080000037,2.d.0.a.ii,metric_label_update,2. Net addition (or removal) - underground circuit miles,Distribution,Non-HFTD,Urban,Non-WUI,Circuit miles,exact,6.733712121210374,,,SDG&E,2024,1,v3.2,2,1,SDGE_2024_Q1_Tables1-15_R2.xlsx,Table 8,47,I47,https://efiling.energysafety.ca.gov/eFiling/Getfile.aspx?fileid=56226&shareable=true
T8R-636b37e96b4de931,1080000038,2.d.0.b.i,metric_label_update,2. Net addition (or removal) - underground circuit miles,Distribution,Non-HFTD,Rural,WUI,Circuit miles,exact,0.7011363636360102,,,SDG&E,2024,1,v3.2,2,1,SDGE_2024_Q1_Tables1-15_R2.xlsx,Table 8,48,I48,https://efiling.energysafety.ca.gov/eFiling/Getfile.aspx?fileid=56226&shareable=true
T8R-597109868c519b62,1080000039,2.d.0.b.ii,metric_label_update,2. Net addition (or removal) - underground circuit miles,Distribution,Non-HFTD,Rural,Non-WUI,Circuit miles,exact,1.9863636363629666,,,SDG&E,2024,1,v3.2,2,1,SDGE_2024_Q1_Tables1-15_R2.xlsx,Table 8,49,I49,https://efiling.energysafety.ca.gov/eFiling/Getfile.aspx?fileid=56226&shareable=true
T8R-51e87f9a20a56acc,1080000040,2.d.0.c.i,metric_label_update,2. Net addition (or removal) - underground circuit miles,Distribution,Non-HFTD,Highly rural,WUI,Circuit miles,exact,0,,,SDG&E,2024,1,v3.2,2,1,SDGE_2024_Q1_Tables1-15_R2.xlsx,Table 8,50,I50,https://efiling.energysafety.ca.gov/eFiling/Getfile.aspx?fileid=56226&shareable=true
T8R-5dbc46081fc1e875,1080000041,2.d.0.c.ii,metric_label_update,2. Net addition (or removal) - underground circuit miles,Distribution,Non-HFTD,Highly rural,Non-WUI,Circuit miles,exact,0,,,SDG&E,2024,1,v3.2,2,1,SDGE_2024_Q1_Tables1-15_R2.xlsx,Table 8,51,I51,https://efiling.energysafety.ca.gov/eFiling/Getfile.aspx?fileid=56226&shareable=true
T8R-985d0e2442b1f39c,1080000042,2.d.2.a.i,metric_label_update,2. Net addition (or removal) - underground circuit miles,Distribution,HFTD Tier 2,Urban,WUI,Circuit miles,exact,0.520643939393949,,,SDG&E,2024,1,v3.2,2,1,SDGE_2024_Q1_Tables1-15_R2.xlsx,Table 8,52,I52,https://efiling.energysafety.ca.gov/eFiling/Getfile.aspx?fileid=56226&shareable=true
T8R-f0d5ca3e5c0e576d,1080000043,2.d.2.a.ii,metric_label_update,2. Net addition (or removal) - underground circuit miles,Distribution,HFTD Tier 2,Urban,Non-WUI,Circuit miles,exact,0,,,SDG&E,2024,1,v3.2,2,1,SDGE_2024_Q1_Tables1-15_R2.xlsx,Table 8,53,I53,https://efiling.energysafety.ca.gov/eFiling/Getfile.aspx?fileid=56226&shareable=true
T8R-b91c5db1031d6a00,1080000044,2.d.2.b.i,metric_label_update,2. Net addition (or removal) - underground circuit miles,Distribution,HFTD Tier 2,Rural,WUI,Circuit miles,exact,2.8130681818099674,,,SDG&E,2024,1,v3.2,2,1,SDGE_2024_Q1_Tables1-15_R2.xlsx,Table 8,54,I54,https://efiling.energysafety.ca.gov/eFiling/Getfile.aspx?fileid=56226&shareable=true
T8R-09875e6ce72906e4,1080000045,2.d.2.b.ii,metric_label_update,2. Net addition (or removal) - underground circuit miles,Distribution,HFTD Tier 2,Rural,Non-WUI,Circuit miles,exact,2.6477272727270247,,,SDG&E,2024,1,v3.2,2,1,SDGE_2024_Q1_Tables1-15_R2.xlsx,Table 8,55,I55,https://efiling.energysafety.ca.gov/eFiling/Getfile.aspx?fileid=56226&shareable=true
T8R-0fb52f16139d4473,1080000046,2.d.2.c.i,metric_label_update,2. Net addition (or removal) - underground circuit miles,Distribution,HFTD Tier 2,Highly rural,WUI,Circuit miles,exact,0,,,SDG&E,2024,1,v3.2,2,1,SDGE_2024_Q1_Tables1-15_R2.xlsx,Table 8,56,I56,https://efiling.energysafety.ca.gov/eFiling/Getfile.aspx?fileid=56226&shareable=true
T8R-1ad3232c81ea0f0d,1080000047,2.d.2.c.ii,metric_label_update,2. Net addition (or removal) - underground circuit miles,Distribution,HFTD Tier 2,Highly rural,Non-WUI,Circuit miles,exact,0,,,SDG&E,2024,1,v3.2,2,1,SDGE_2024_Q1_Tables1-15_R2.xlsx,Table 8,57,I57,https://efiling.energysafety.ca.gov/eFiling/Getfile.aspx?fileid=56226&shareable=true
T8R-4f013b5fd8b70ac0,1080000048,2.d.3.a.i,metric_label_update,2. Net addition (or removal) - underground circuit miles,Distribution,HFTD Tier 3,Urban,WUI,Circuit miles,exact,0,,,SDG&E,2024,1,v3.2,2,1,SDGE_2024_Q1_Tables1-15_R2.xlsx,Table 8,58,I58,https://efiling.energysafety.ca.gov/eFiling/Getfile.aspx?fileid=56226&shareable=true
T8R-6b0552a8fe66a477,1080000049,2.d.3.a.ii,metric_label_update,2. Net addition (or removal) - underground circuit miles,Distribution,HFTD Tier 3,Urban,Non-WUI,Circuit miles,exact,0,,,SDG&E,2024,1,v3.2,2,1,SDGE_2024_Q1_Tables1-15_R2.xlsx,Table 8,59,I59,https://efiling.energysafety.ca.gov/eFiling/Getfile.aspx?fileid=56226&shareable=true
T8R-fe392bf2d904627c,1080000050,2.d.3.b.i,metric_label_update,2. Net addition (or removal) - underground circuit miles,Distribution,HFTD Tier 3,Rural,WUI,Circuit miles,exact,4.1484848484839745,,,SDG&E,2024,1,v3.2,2,1,SDGE_2024_Q1_Tables1-15_R2.xlsx,Table 8,60,I60,https://efiling.energysafety.ca.gov/eFiling/Getfile.aspx?fileid=56226&shareable=true
T8R-70793eec7fcb83e3,1080000051,2.d.3.b.ii,metric_label_update,2. Net addition (or removal) - underground circuit miles,Distribution,HFTD Tier 3,Rural,Non-WUI,Circuit miles,exact,2.6445075757569896,,,SDG&E,2024,1,v3.2,2,1,SDGE_2024_Q1_Tables1-15_R2.xlsx,Table 8,61,I61,https://efiling.energysafety.ca.gov/eFiling/Getfile.aspx?fileid=56226&shareable=true
T8R-cb63f4729ac0e302,1080000052,2.d.3.c.i,metric_label_update,2. Net addition (or removal) - underground circuit miles,Distribution,HFTD Tier 3,Highly rural,WUI,Circuit miles,exact,0,,,SDG&E,2024,1,v3.2,2,1,SDGE_2024_Q1_Tables1-15_R2.xlsx,Table 8,62,I62,https://efiling.energysafety.ca.gov/eFiling/Getfile.aspx?fileid=56226&shareable=true
T8R-c3220613d95b5818,1080000053,2.d.3.c.ii,metric_label_update,2. Net addition (or removal) - underground circuit miles,Distribution,HFTD Tier 3,Highly rural,Non-WUI,Circuit miles,exact,0,,,SDG&E,2024,1,v3.2,2,1,SDGE_2024_Q1_Tables1-15_R2.xlsx,Table 8,63,I63,https://efiling.energysafety.ca.gov/eFiling/Getfile.aspx?fileid=56226&shareable=true
T8R-6934ef836e674070,1080000054,2.t.0.a.i,metric_label_update,2. Net addition (or removal) - underground circuit miles,Transmission,Non-HFTD,Urban,WUI,Circuit miles,exact,0,,,SDG&E,2024,1,v3.2,2,1,SDGE_2024_Q1_Tables1-15_R2.xlsx,Table 8,64,I64,https://efiling.energysafety.ca.gov/eFiling/Getfile.aspx?fileid=56226&shareable=true
T8R-b2c5753d9c58b0b9,1080000055,2.t.0.a.ii,metric_label_update,2. Net addition (or removal) - underground circuit miles,Transmission,Non-HFTD,Urban,Non-WUI,Circuit miles,exact,0,,,SDG&E,2024,1,v3.2,2,1,SDGE_2024_Q1_Tables1-15_R2.xlsx,Table 8,65,I65,https://efiling.energysafety.ca.gov/eFiling/Getfile.aspx?fileid=56226&shareable=true
T8R-9733c450553624f6,1080000056,2.t.0.b.i,metric_label_update,2. Net addition (or removal) - underground circuit miles,Transmission,Non-HFTD,Rural,WUI,Circuit miles,exact,0,,,SDG&E,2024,1,v3.2,2,1,SDGE_2024_Q1_Tables1-15_R2.xlsx,Table 8,66,I66,https://efiling.energysafety.ca.gov/eFiling/Getfile.aspx?fileid=56226&shareable=true
T8R-f54ec6ce58f1c3a2,1080000057,2.t.0.b.ii,metric_label_update,2. Net addition (or removal) - underground circuit miles,Transmission,Non-HFTD,Rural,Non-WUI,Circuit miles,exact,0,,,SDG&E,2024,1,v3.2,2,1,SDGE_2024_Q1_Tables1-15_R2.xlsx,Table 8,67,I67,https://efiling.energysafety.ca.gov/eFiling/Getfile.aspx?fileid=56226&shareable=true
T8R-e1d94e917b19a3be,1080000058,2.t.0.c.i,metric_label_update,2. Net addition (or removal) - underground circuit miles,Transmission,Non-HFTD,Highly rural,WUI,Circuit miles,exact,0,,,SDG&E,2024,1,v3.2,2,1,SDGE_2024_Q1_Tables1-15_R2.xlsx,Table 8,68,I68,https://efiling.energysafety.ca.gov/eFiling/Getfile.aspx?fileid=56226&shareable=true
T8R-ccd262c160446fd9,1080000059,2.t.0.c.ii,metric_label_update,2. Net addition (or removal) - underground circuit miles,Transmission,Non-HFTD,Highly rural,Non-WUI,Circuit miles,exact,0.347916666666666,,,SDG&E,2024,1,v3.2,2,1,SDGE_2024_Q1_Tables1-15_R2.xlsx,Table 8,69,I69,https://efiling.energysafety.ca.gov/eFiling/Getfile.aspx?fileid=56226&shareable=true
T8R-acf9bd5e664a0792,1080000060,2.t.2.a.i,metric_label_update,2. Net addition (or removal) - underground circuit miles,Transmission,HFTD Tier 2,Urban,WUI,Circuit miles,exact,0,,,SDG&E,2024,1,v3.2,2,1,SDGE_2024_Q1_Tables1-15_R2.xlsx,Table 8,70,I70,https://efiling.energysafety.ca.gov/eFiling/Getfile.aspx?fileid=56226&shareable=true
T8R-b0a2c5da26df58c2,1080000061,2.t.2.a.ii,metric_label_update,2. Net addition (or removal) - underground circuit miles,Transmission,HFTD Tier 2,Urban,Non-WUI,Circuit miles,exact,0,,,SDG&E,2024,1,v3.2,2,1,SDGE_2024_Q1_Tables1-15_R2.xlsx,Table 8,71,I71,https://efiling.energysafety.ca.gov/eFiling/Getfile.aspx?fileid=56226&shareable=true
T8R-8575d2e82c47ad11,1080000062,2.t.2.b.i,metric_label_update,2. Net addition (or removal) - underground circuit miles,Transmission,HFTD Tier 2,Rural,WUI,Circuit miles,exact,0,,,SDG&E,2024,1,v3.2,2,1,SDGE_2024_Q1_Tables1-15_R2.xlsx,Table 8,72,I72,https://efiling.energysafety.ca.gov/eFiling/Getfile.aspx?fileid=56226&shareable=true
T8R-15453927e6e6794b,1080000063,2.t.2.b.ii,metric_label_update,2. Net addition (or removal) - underground circuit miles,Transmission,HFTD Tier 2,Rural,Non-WUI,Circuit miles,exact,0,,,SDG&E,2024,1,v3.2,2,1,SDGE_2024_Q1_Tables1-15_R2.xlsx,Table 8,73,I73,https://efiling.energysafety.ca.gov/eFiling/Getfile.aspx?fileid=56226&shareable=true
T8R-1b75da8e4c5c4f6b,1080000064,2.t.2.c.i,metric_label_update,2. Net addition (or removal) - underground circuit miles,Transmission,HFTD Tier 2,Highly rural,WUI,Circuit miles,exact,0,,,SDG&E,2024,1,v3.2,2,1,SDGE_2024_Q1_Tables1-15_R2.xlsx,Table 8,74,I74,https://efiling.energysafety.ca.gov/eFiling/Getfile.aspx?fileid=56226&shareable=true
T8R-b1872767986b58ee,1080000065,2.t.2.c.ii,metric_label_update,2. Net addition (or removal) - underground circuit miles,Transmission,HFTD Tier 2,Highly rural,Non-WUI,Circuit miles,exact,0,,,SDG&E,2024,1,v3.2,2,1,SDGE_2024_Q1_Tables1-15_R2.xlsx,Table 8,75,I75,https://efiling.energysafety.ca.gov/eFiling/Getfile.aspx?fileid=56226&shareable=true
T8R-dbafaa23686c1c04,1080000066,2.t.3.a.i,metric_label_update,2. Net addition (or removal) - underground circuit miles,Transmission,HFTD Tier 3,Urban,WUI,Circuit miles,exact,0,,,SDG&E,2024,1,v3.2,2,1,SDGE_2024_Q1_Tables1-15_R2.xlsx,Table 8,76,I76,https://efiling.energysafety.ca.gov/eFiling/Getfile.aspx?fileid=56226&shareable=true
T8R-0418f8a5f3264fb2,1080000067,2.t.3.a.ii,metric_label_update,2. Net addition (or removal) - underground circuit miles,Transmission,HFTD Tier 3,Urban,Non-WUI,Circuit miles,exact,0,,,SDG&E,2024,1,v3.2,2,1,SDGE_2024_Q1_Tables1-15_R2.xlsx,Table 8,77,I77,https://efiling.energysafety.ca.gov/eFiling/Getfile.aspx?fileid=56226&shareable=true
T8R-b6cf9f92022d7cd0,1080000068,2.t.3.b.i,metric_label_update,2. Net addition (or removal) - underground circuit miles,Transmission,HFTD Tier 3,Rural,WUI,Circuit miles,exact,0,,,SDG&E,2024,1,v3.2,2,1,SDGE_2024_Q1_Tables1-15_R2.xlsx,Table 8,78,I78,https://efiling.energysafety.ca.gov/eFiling/Getfile.aspx?fileid=56226&shareable=true
T8R-15a9230f7a911f58,1080000069,2.t.3.b.ii,metric_label_update,2. Net addition (or removal) - underground circuit miles,Transmission,HFTD Tier 3,Rural,Non-WUI,Circuit miles,exact,0,,,SDG&E,2024,1,v3.2,2,1,SDGE_2024_Q1_Tables1-15_R2.xlsx,Table 8,79,I79,https://efiling.energysafety.ca.gov/eFiling/Getfile.aspx?fileid=56226&shareable=true
T8R-19970b6d08c79d73,1080000070,2.t.3.c.i,metric_label_update,2. Net addition (or removal) - underground circuit miles,Transmission,HFTD Tier 3,Highly rural,WUI,Circuit miles,exact,0,,,SDG&E,2024,1,v3.2,2,1,SDGE_2024_Q1_Tables1-15_R2.xlsx,Table 8,80,I80,https://efiling.energysafety.ca.gov/eFiling/Getfile.aspx?fileid=56226&shareable=true
T8R-b85452d70e50da8e,1080000071,2.t.3.c.ii,metric_label_update,2. Net addition (or removal) - underground circuit miles,Transmission,HFTD Tier 3,Highly rural,Non-WUI,Circuit miles,exact,0,,,SDG&E,2024,1,v3.2,2,1,SDGE_2024_Q1_Tables1-15_R2.xlsx,Table 8,81,I81,https://efiling.energysafety.ca.gov/eFiling/Getfile.aspx?fileid=56226&shareable=true
T8R-cdfc6c5ba8b88c9a,1080000072,3.0.a.i,metric_label_update_and_na_to_null,3. Net addition (or removal) - Substations,,Non-HFTD,Urban,WUI,Number of substations,exact,0,,,SDG&E,2024,1,v3.2,2,1,SDGE_2024_Q1_Tables1-15_R2.xlsx,Table 8,82,I82,https://efiling.energysafety.ca.gov/eFiling/Getfile.aspx?fileid=56226&shareable=true
T8R-55b7006858a72669,1080000073,3.0.a.ii,metric_label_update_and_na_to_null,3. Net addition (or removal) - Substations,,Non-HFTD,Urban,Non-WUI,Number of substations,exact,0,,,SDG&E,2024,1,v3.2,2,1,SDGE_2024_Q1_Tables1-15_R2.xlsx,Table 8,83,I83,https://efiling.energysafety.ca.gov/eFiling/Getfile.aspx?fileid=56226&shareable=true
T8R-c4a84f7a498e9d15,1080000074,3.0.b.i,metric_label_update_and_na_to_null,3. Net addition (or removal) - Substations,,Non-HFTD,Rural,WUI,Number of substations,exact,0,,,SDG&E,2024,1,v3.2,2,1,SDGE_2024_Q1_Tables1-15_R2.xlsx,Table 8,84,I84,https://efiling.energysafety.ca.gov/eFiling/Getfile.aspx?fileid=56226&shareable=true
T8R-2ab2d942ce1e51e0,1080000075,3.0.b.ii,metric_label_update_and_na_to_null,3. Net addition (or removal) - Substations,,Non-HFTD,Rural,Non-WUI,Number of substations,exact,0,,,SDG&E,2024,1,v3.2,2,1,SDGE_2024_Q1_Tables1-15_R2.xlsx,Table 8,85,I85,https://efiling.energysafety.ca.gov/eFiling/Getfile.aspx?fileid=56226&shareable=true
T8R-a0f3a8e829ea41d6,1080000076,3.0.c.i,metric_label_update_and_na_to_null,3. Net addition (or removal) - Substations,,Non-HFTD,Highly rural,WUI,Number of substations,exact,0,,,SDG&E,2024,1,v3.2,2,1,SDGE_2024_Q1_Tables1-15_R2.xlsx,Table 8,86,I86,https://efiling.energysafety.ca.gov/eFiling/Getfile.aspx?fileid=56226&shareable=true
T8R-545cded371d7d3ec,1080000077,3.0.c.ii,metric_label_update_and_na_to_null,3. Net addition (or removal) - Substations,,Non-HFTD,Highly rural,Non-WUI,Number of substations,exact,0,,,SDG&E,2024,1,v3.2,2,1,SDGE_2024_Q1_Tables1-15_R2.xlsx,Table 8,87,I87,https://efiling.energysafety.ca.gov/eFiling/Getfile.aspx?fileid=56226&shareable=true
T8R-a661c49f0e44719b,1080000078,3.2.a.i,metric_label_update_and_na_to_null,3. Net addition (or removal) - Substations,,HFTD Tier 2,Urban,WUI,Number of substations,exact,0,,,SDG&E,2024,1,v3.2,2,1,SDGE_2024_Q1_Tables1-15_R2.xlsx,Table 8,88,I88,https://efiling.energysafety.ca.gov/eFiling/Getfile.aspx?fileid=56226&shareable=true
T8R-5bf8515aca9d5bc3,1080000079,3.2.a.ii,metric_label_update_and_na_to_null,3. Net addition (or removal) - Substations,,HFTD Tier 2,Urban,Non-WUI,Number of substations,exact,0,,,SDG&E,2024,1,v3.2,2,1,SDGE_2024_Q1_Tables1-15_R2.xlsx,Table 8,89,I89,https://efiling.energysafety.ca.gov/eFiling/Getfile.aspx?fileid=56226&shareable=true
T8R-76174eb63dba500b,1080000080,3.2.b.i,metric_label_update_and_na_to_null,3. Net addition (or removal) - Substations,,HFTD Tier 2,Rural,WUI,Number of substations,exact,0,,,SDG&E,2024,1,v3.2,2,1,SDGE_2024_Q1_Tables1-15_R2.xlsx,Table 8,90,I90,https://efiling.energysafety.ca.gov/eFiling/Getfile.aspx?fileid=56226&shareable=true
T8R-cecd0d4ca0987638,1080000081,3.2.b.ii,metric_label_update_and_na_to_null,3. Net addition (or removal) - Substations,,HFTD Tier 2,Rural,Non-WUI,Number of substations,exact,0,,,SDG&E,2024,1,v3.2,2,1,SDGE_2024_Q1_Tables1-15_R2.xlsx,Table 8,91,I91,https://efiling.energysafety.ca.gov/eFiling/Getfile.aspx?fileid=56226&shareable=true
T8R-94bed50902b5818b,1080000082,3.2.c.i,metric_label_update_and_na_to_null,3. Net addition (or removal) - Substations,,HFTD Tier 2,Highly rural,WUI,Number of substations,exact,0,,,SDG&E,2024,1,v3.2,2,1,SDGE_2024_Q1_Tables1-15_R2.xlsx,Table 8,92,I92,https://efiling.energysafety.ca.gov/eFiling/Getfile.aspx?fileid=56226&shareable=true
T8R-98a01f79bec54cd5,1080000083,3.2.c.ii,metric_label_update_and_na_to_null,3. Net addition (or removal) - Substations,,HFTD Tier 2,Highly rural,Non-WUI,Number of substations,exact,0,,,SDG&E,2024,1,v3.2,2,1,SDGE_2024_Q1_Tables1-15_R2.xlsx,Table 8,93,I93,https://efiling.energysafety.ca.gov/eFiling/Getfile.aspx?fileid=56226&shareable=true
T8R-27f9d18b66521386,1080000084,3.3.a.i,metric_label_update_and_na_to_null,3. Net addition (or removal) - Substations,,HFTD Tier 3,Urban,WUI,Number of substations,exact,0,,,SDG&E,2024,1,v3.2,2,1,SDGE_2024_Q1_Tables1-15_R2.xlsx,Table 8,94,I94,https://efiling.energysafety.ca.gov/eFiling/Getfile.aspx?fileid=56226&shareable=true
T8R-c3668f36b75c080e,1080000085,3.3.a.ii,metric_label_update_and_na_to_null,3. Net addition (or removal) - Substations,,HFTD Tier 3,Urban,Non-WUI,Number of substations,exact,0,,,SDG&E,2024,1,v3.2,2,1,SDGE_2024_Q1_Tables1-15_R2.xlsx,Table 8,95,I95,https://efiling.energysafety.ca.gov/eFiling/Getfile.aspx?fileid=56226&shareable=true
T8R-a20e802bcca37ab8,1080000086,3.3.b.i,metric_label_update_and_na_to_null,3. Net addition (or removal) - Substations,,HFTD Tier 3,Rural,WUI,Number of substations,exact,0,,,SDG&E,2024,1,v3.2,2,1,SDGE_2024_Q1_Tables1-15_R2.xlsx,Table 8,96,I96,https://efiling.energysafety.ca.gov/eFiling/Getfile.aspx?fileid=56226&shareable=true
T8R-153a2ead94f45e01,1080000087,3.3.b.ii,metric_label_update_and_na_to_null,3. Net addition (or removal) - Substations,,HFTD Tier 3,Rural,Non-WUI,Number of substations,exact,0,,,SDG&E,2024,1,v3.2,2,1,SDGE_2024_Q1_Tables1-15_R2.xlsx,Table 8,97,I97,https://efiling.energysafety.ca.gov/eFiling/Getfile.aspx?fileid=56226&shareable=true
T8R-15a99d024610baf5,1080000088,3.3.c.i,metric_label_update_and_na_to_null,3. Net addition (or removal) - Substations,,HFTD Tier 3,Highly rural,WUI,Number of substations,exact,0,,,SDG&E,2024,1,v3.2,2,1,SDGE_2024_Q1_Tables1-15_R2.xlsx,Table 8,98,I98,https://efiling.energysafety.ca.gov/eFiling/Getfile.aspx?fileid=56226&shareable=true
T8R-69f0605bb7b0fd3c,1080000089,3.3.c.ii,metric_label_update_and_na_to_null,3. Net addition (or removal) - Substations,,HFTD Tier 3,Highly rural,Non-WUI,Number of substations,exact,0,,,SDG&E,2024,1,v3.2,2,1,SDGE_2024_Q1_Tables1-15_R2.xlsx,Table 8,99,I99,https://efiling.energysafety.ca.gov/eFiling/Getfile.aspx?fileid=56226&shareable=true
T8R-292ff960faa85e92,1080000090,4.0.a.i,metric_label_update_and_na_to_null,4. Net addition (or removal) - Weather stations,,Non-HFTD,Urban,WUI,Number of weather stations,exact,0,,,SDG&E,2024,1,v3.2,2,1,SDGE_2024_Q1_Tables1-15_R2.xlsx,Table 8,100,I100,https://efiling.energysafety.ca.gov/eFiling/Getfile.aspx?fileid=56226&shareable=true
T8R-14da1fc3f37d9db3,1080000091,4.0.a.ii,metric_label_update_and_na_to_null,4. Net addition (or removal) - Weather stations,,Non-HFTD,Urban,Non-WUI,Number of weather stations,exact,0,,,SDG&E,2024,1,v3.2,2,1,SDGE_2024_Q1_Tables1-15_R2.xlsx,Table 8,101,I101,https://efiling.energysafety.ca.gov/eFiling/Getfile.aspx?fileid=56226&shareable=true
T8R-3d7f66654b0b71f3,1080000092,4.0.b.i,metric_label_update_and_na_to_null,4. Net addition (or removal) - Weather stations,,Non-HFTD,Rural,WUI,Number of weather stations,exact,0,,,SDG&E,2024,1,v3.2,2,1,SDGE_2024_Q1_Tables1-15_R2.xlsx,Table 8,102,I102,https://efiling.energysafety.ca.gov/eFiling/Getfile.aspx?fileid=56226&shareable=true
T8R-d5ed75a93da830bf,1080000093,4.0.b.ii,metric_label_update_and_na_to_null,4. Net addition (or removal) - Weather stations,,Non-HFTD,Rural,Non-WUI,Number of weather stations,exact,0,,,SDG&E,2024,1,v3.2,2,1,SDGE_2024_Q1_Tables1-15_R2.xlsx,Table 8,103,I103,https://efiling.energysafety.ca.gov/eFiling/Getfile.aspx?fileid=56226&shareable=true
T8R-11e70d2bf366a529,1080000094,4.0.c.i,metric_label_update_and_na_to_null,4. Net addition (or removal) - Weather stations,,Non-HFTD,Highly rural,WUI,Number of weather stations,exact,0,,,SDG&E,2024,1,v3.2,2,1,SDGE_2024_Q1_Tables1-15_R2.xlsx,Table 8,104,I104,https://efiling.energysafety.ca.gov/eFiling/Getfile.aspx?fileid=56226&shareable=true
T8R-7872f8dc252a6041,1080000095,4.0.c.ii,metric_label_update_and_na_to_null,4. Net addition (or removal) - Weather stations,,Non-HFTD,Highly rural,Non-WUI,Number of weather stations,exact,0,,,SDG&E,2024,1,v3.2,2,1,SDGE_2024_Q1_Tables1-15_R2.xlsx,Table 8,105,I105,https://efiling.energysafety.ca.gov/eFiling/Getfile.aspx?fileid=56226&shareable=true
T8R-220c53c3934efecc,1080000096,4.2.a.i,metric_label_update_and_na_to_null,4. Net addition (or removal) - Weather stations,,HFTD Tier 2,Urban,WUI,Number of weather stations,exact,0,,,SDG&E,2024,1,v3.2,2,1,SDGE_2024_Q1_Tables1-15_R2.xlsx,Table 8,106,I106,https://efiling.energysafety.ca.gov/eFiling/Getfile.aspx?fileid=56226&shareable=true
T8R-e4cbe2b3a7eaa7fb,1080000097,4.2.a.ii,metric_label_update_and_na_to_null,4. Net addition (or removal) - Weather stations,,HFTD Tier 2,Urban,Non-WUI,Number of weather stations,exact,0,,,SDG&E,2024,1,v3.2,2,1,SDGE_2024_Q1_Tables1-15_R2.xlsx,Table 8,107,I107,https://efiling.energysafety.ca.gov/eFiling/Getfile.aspx?fileid=56226&shareable=true
T8R-5e3e3699a9178bca,1080000098,4.2.b.i,metric_label_update_and_na_to_null,4. Net addition (or removal) - Weather stations,,HFTD Tier 2,Rural,WUI,Number of weather stations,exact,0,,,SDG&E,2024,1,v3.2,2,1,SDGE_2024_Q1_Tables1-15_R2.xlsx,Table 8,108,I108,https://efiling.energysafety.ca.gov/eFiling/Getfile.aspx?fileid=56226&shareable=true
T8R-f930e93ac21a9a06,1080000099,4.2.b.ii,metric_label_update_and_na_to_null,4. Net addition (or removal) - Weather stations,,HFTD Tier 2,Rural,Non-WUI,Number of weather stations,exact,0,,,SDG&E,2024,1,v3.2,2,1,SDGE_2024_Q1_Tables1-15_R2.xlsx,Table 8,109,I109,https://efiling.energysafety.ca.gov/eFiling/Getfile.aspx?fileid=56226&shareable=true
T8R-f03b147a7fe5cc9d,1080000100,4.2.c.i,metric_label_update_and_na_to_null,4. Net addition (or removal) - Weather stations,,HFTD Tier 2,Highly rural,WUI,Number of weather stations,exact,0,,,SDG&E,2024,1,v3.2,2,1,SDGE_2024_Q1_Tables1-15_R2.xlsx,Table 8,110,I110,https://efiling.energysafety.ca.gov/eFiling/Getfile.aspx?fileid=56226&shareable=true
T8R-de7f9832e10826fa,1080000101,4.2.c.ii,metric_label_update_and_na_to_null,4. Net addition (or removal) - Weather stations,,HFTD Tier 2,Highly rural,Non-WUI,Number of weather stations,exact,0,,,SDG&E,2024,1,v3.2,2,1,SDGE_2024_Q1_Tables1-15_R2.xlsx,Table 8,111,I111,https://efiling.energysafety.ca.gov/eFiling/Getfile.aspx?fileid=56226&shareable=true
T8R-f5a4462e0e75046c,1080000102,4.3.a.i,metric_label_update_and_na_to_null,4. Net addition (or removal) - Weather stations,,HFTD Tier 3,Urban,WUI,Number of weather stations,exact,0,,,SDG&E,2024,1,v3.2,2,1,SDGE_2024_Q1_Tables1-15_R2.xlsx,Table 8,112,I112,https://efiling.energysafety.ca.gov/eFiling/Getfile.aspx?fileid=56226&shareable=true
T8R-30c80c7fd735bb3f,1080000103,4.3.a.ii,metric_label_update_and_na_to_null,4. Net addition (or removal) - Weather stations,,HFTD Tier 3,Urban,Non-WUI,Number of weather stations,exact,0,,,SDG&E,2024,1,v3.2,2,1,SDGE_2024_Q1_Tables1-15_R2.xlsx,Table 8,113,I113,https://efiling.energysafety.ca.gov/eFiling/Getfile.aspx?fileid=56226&shareable=true
T8R-aa0e6f7dd48b2103,1080000104,4.3.b.i,metric_label_update_and_na_to_null,4. Net addition (or removal) - Weather stations,,HFTD Tier 3,Rural,WUI,Number of weather stations,exact,0,,,SDG&E,2024,1,v3.2,2,1,SDGE_2024_Q1_Tables1-15_R2.xlsx,Table 8,114,I114,https://efiling.energysafety.ca.gov/eFiling/Getfile.aspx?fileid=56226&shareable=true
T8R-4fad4d572d2d095a,1080000105,4.3.b.ii,metric_label_update_and_na_to_null,4. Net addition (or removal) - Weather stations,,HFTD Tier 3,Rural,Non-WUI,Number of weather stations,exact,-1,"Weather station removals or addtions are sourced from businesses, table 7 is sourced from GIS database. A small difference is observed due to data digitizing processes.",,SDG&E,2024,1,v3.2,2,1,SDGE_2024_Q1_Tables1-15_R2.xlsx,Table 8,115,I115,https://efiling.energysafety.ca.gov/eFiling/Getfile.aspx?fileid=56226&shareable=true
T8R-6696eea37dfa68b1,1080000106,4.3.c.i,metric_label_update_and_na_to_null,4. Net addition (or removal) - Weather stations,,HFTD Tier 3,Highly rural,WUI,Number of weather stations,exact,0,,,SDG&E,2024,1,v3.2,2,1,SDGE_2024_Q1_Tables1-15_R2.xlsx,Table 8,116,I116,https://efiling.energysafety.ca.gov/eFiling/Getfile.aspx?fileid=56226&shareable=true
T8R-040c786ba1f84ca1,1080000107,4.3.c.ii,metric_label_update_and_na_to_null,4. Net addition (or removal) - Weather stations,,HFTD Tier 3,Highly rural,Non-WUI,Number of weather stations,exact,0,,,SDG&E,2024,1,v3.2,2,1,SDGE_2024_Q1_Tables1-15_R2.xlsx,Table 8,117,I117,https://efiling.energysafety.ca.gov/eFiling/Getfile.aspx?fileid=56226&shareable=true
T8R-ec5eaabe7da2cba9,1080000000,1.d.0.a.i,metric_label_update,1. Net addition (or removal) - overhead circuit miles,Distribution,Non-HFTD,Urban,WUI,Circuit miles,exact,-0.3884469696969859,,,SDG&E,2024,2,v3.2,1,2,SDGE_2024_Q2_Tables1-15_R1.xlsx,Table 8,10,I10,https://efiling.energysafety.ca.gov/eFiling/Getfile.aspx?fileid=56226&shareable=true
T8R-091632d53e5bd686,1080000001,1.d.0.a.ii,metric_label_update,1. Net addition (or removal) - overhead circuit miles,Distribution,Non-HFTD,Urban,Non-WUI,Circuit miles,exact,-1.2647727272701559,,,SDG&E,2024,2,v3.2,1,2,SDGE_2024_Q2_Tables1-15_R1.xlsx,Table 8,11,I11,https://efiling.energysafety.ca.gov/eFiling/Getfile.aspx?fileid=56226&shareable=true
T8R-a173f5cbae55f24a,1080000002,1.d.0.b.i,metric_label_update,1. Net addition (or removal) - overhead circuit miles,Distribution,Non-HFTD,Rural,WUI,Circuit miles,exact,-0.15094696969697452,,,SDG&E,2024,2,v3.2,1,2,SDGE_2024_Q2_Tables1-15_R1.xlsx,Table 8,12,I12,https://efiling.energysafety.ca.gov/eFiling/Getfile.aspx?fileid=56226&shareable=true
T8R-35336d6f568567c1,1080000003,1.d.0.b.ii,metric_label_update,1. Net addition (or removal) - overhead circuit miles,Distribution,Non-HFTD,Rural,Non-WUI,Circuit miles,exact,-0.28863636363598744,,,SDG&E,2024,2,v3.2,1,2,SDGE_2024_Q2_Tables1-15_R1.xlsx,Table 8,13,I13,https://efiling.energysafety.ca.gov/eFiling/Getfile.aspx?fileid=56226&shareable=true
T8R-a51cf07b16355be8,1080000004,1.d.0.c.i,metric_label_update,1. Net addition (or removal) - overhead circuit miles,Distribution,Non-HFTD,Highly rural,WUI,Circuit miles,exact,0,,,SDG&E,2024,2,v3.2,1,2,SDGE_2024_Q2_Tables1-15_R1.xlsx,Table 8,14,I14,https://efiling.energysafety.ca.gov/eFiling/Getfile.aspx?fileid=56226&shareable=true
T8R-b432dc2888733bb0,1080000005,1.d.0.c.ii,metric_label_update,1. Net addition (or removal) - overhead circuit miles,Distribution,Non-HFTD,Highly rural,Non-WUI,Circuit miles,exact,-0.088068181818997,,,SDG&E,2024,2,v3.2,1,2,SDGE_2024_Q2_Tables1-15_R1.xlsx,Table 8,15,I15,https://efiling.energysafety.ca.gov/eFiling/Getfile.aspx?fileid=56226&shareable=true
T8R-9e61bc04b01175f6,1080000006,1.d.2.a.i,metric_label_update,1. Net addition (or removal) - overhead circuit miles,Distribution,HFTD Tier 2,Urban,WUI,Circuit miles,exact,-0.088825757575691,,,SDG&E,2024,2,v3.2,1,2,SDGE_2024_Q2_Tables1-15_R1.xlsx,Table 8,16,I16,https://efiling.energysafety.ca.gov/eFiling/Getfile.aspx?fileid=56226&shareable=true
T8R-ab017fcbacffa1b7,1080000007,1.d.2.a.ii,metric_label_update,1. Net addition (or removal) - overhead circuit miles,Distribution,HFTD Tier 2,Urban,Non-WUI,Circuit miles,exact,0.08219696969700863,,,SDG&E,2024,2,v3.2,1,2,SDGE_2024_Q2_Tables1-15_R1.xlsx,Table 8,17,I17,https://efiling.energysafety.ca.gov/eFiling/Getfile.aspx?fileid=56226&shareable=true
T8R-c8185524bcdabeee,1080000008,1.d.2.b.i,metric_label_update,1. Net addition (or removal) - overhead circuit miles,Distribution,HFTD Tier 2,Rural,WUI,Circuit miles,exact,-0.4982954545450866,,,SDG&E,2024,2,v3.2,1,2,SDGE_2024_Q2_Tables1-15_R1.xlsx,Table 8,18,I18,https://efiling.energysafety.ca.gov/eFiling/Getfile.aspx?fileid=56226&shareable=true
T8R-d4b027d03f7d05f5,1080000009,1.d.2.b.ii,metric_label_update,1. Net addition (or removal) - overhead circuit miles,Distribution,HFTD Tier 2,Rural,Non-WUI,Circuit miles,exact,-0.3077651515150137,,,SDG&E,2024,2,v3.2,1,2,SDGE_2024_Q2_Tables1-15_R1.xlsx,Table 8,19,I19,https://efiling.energysafety.ca.gov/eFiling/Getfile.aspx?fileid=56226&shareable=true
T8R-4f88e94cd8ec8699,1080000010,1.d.2.c.i,metric_label_update,1. Net addition (or removal) - overhead circuit miles,Distribution,HFTD Tier 2,Highly rural,WUI,Circuit miles,exact,0,,,SDG&E,2024,2,v3.2,1,2,SDGE_2024_Q2_Tables1-15_R1.xlsx,Table 8,20,I20,https://efiling.energysafety.ca.gov/eFiling/Getfile.aspx?fileid=56226&shareable=true
T8R-4f6060b8d059aa5f,1080000011,1.d.2.c.ii,metric_label_update,1. Net addition (or removal) - overhead circuit miles,Distribution,HFTD Tier 2,Highly rural,Non-WUI,Circuit miles,exact,-0.0009469696969972574,,,SDG&E,2024,2,v3.2,1,2,SDGE_2024_Q2_Tables1-15_R1.xlsx,Table 8,21,I21,https://efiling.energysafety.ca.gov/eFiling/Getfile.aspx?fileid=56226&shareable=true
T8R-ce6c78c6654ca301,1080000012,1.d.3.a.i,metric_label_update,1. Net addition (or removal) - overhead circuit miles,Distribution,HFTD Tier 3,Urban,WUI,Circuit miles,exact,0,,,SDG&E,2024,2,v3.2,1,2,SDGE_2024_Q2_Tables1-15_R1.xlsx,Table 8,22,I22,https://efiling.energysafety.ca.gov/eFiling/Getfile.aspx?fileid=56226&shareable=true
T8R-ac3a9758c5446eda,1080000013,1.d.3.a.ii,metric_label_update,1. Net addition (or removal) - overhead circuit miles,Distribution,HFTD Tier 3,Urban,Non-WUI,Circuit miles,exact,0,,,SDG&E,2024,2,v3.2,1,2,SDGE_2024_Q2_Tables1-15_R1.xlsx,Table 8,23,I23,https://efiling.energysafety.ca.gov/eFiling/Getfile.aspx?fileid=56226&shareable=true
T8R-b09f0f74aa0f7296,1080000014,1.d.3.b.i,metric_label_update,1. Net addition (or removal) - overhead circuit miles,Distribution,HFTD Tier 3,Rural,WUI,Circuit miles,exact,-0.3859848878789762,,,SDG&E,2024,2,v3.2,1,2,SDGE_2024_Q2_Tables1-15_R1.xlsx,Table 8,24,I24,https://efiling.energysafety.ca.gov/eFiling/Getfile.aspx?fileid=56226&shareable=true
T8R-5bb516077ec7cf88,1080000015,1.d.3.b.ii,metric_label_update,1. Net addition (or removal) - overhead circuit miles,Distribution,HFTD Tier 3,Rural,Non-WUI,Circuit miles,exact,-0.7162878787879663,,,SDG&E,2024,2,v3.2,1,2,SDGE_2024_Q2_Tables1-15_R1.xlsx,Table 8,25,I25,https://efiling.energysafety.ca.gov/eFiling/Getfile.aspx?fileid=56226&shareable=true
T8R-00ed085e9a4737a6,1080000016,1.d.3.c.i,metric_label_update,1. Net addition (or removal) - overhead circuit miles,Distribution,HFTD Tier 3,Highly rural,WUI,Circuit miles,exact,0,,,SDG&E,2024,2,v3.2,1,2,SDGE_2024_Q2_Tables1-15_R1.xlsx,Table 8,26,I26,https://efiling.energysafety.ca.gov/eFiling/Getfile.aspx?fileid=56226&shareable=true
T8R-98baf7160eec9e5f,1080000017,1.d.3.c.ii,metric_label_update,1. Net addition (or removal) - overhead circuit miles,Distribution,HFTD Tier 3,Highly rural,Non-WUI,Circuit miles,exact,-0.018749999999982947,,,SDG&E,2024,2,v3.2,1,2,SDGE_2024_Q2_Tables1-15_R1.xlsx,Table 8,27,I27,https://efiling.energysafety.ca.gov/eFiling/Getfile.aspx?fileid=56226&shareable=true
T8R-94f937a488e14ef7,1080000018,1.t.0.a.i,metric_label_update,1. Net addition (or removal) - overhead circuit miles,Transmission,Non-HFTD,Urban,WUI,Circuit miles,exact,-2.32105492424202,,,SDG&E,2024,2,v3.2,1,2,SDGE_2024_Q2_Tables1-15_R1.xlsx,Table 8,28,I28,https://efiling.energysafety.ca.gov/eFiling/Getfile.aspx?fileid=56226&shareable=true
T8R-a4e5f2c69af2c1c7,1080000019,1.t.0.a.ii,metric_label_update,1. Net addition (or removal) - overhead circuit miles,Transmission,Non-HFTD,Urban,Non-WUI,Circuit miles,exact,-1.5434204545450143,,,SDG&E,2024,2,v3.2,1,2,SDGE_2024_Q2_Tables1-15_R1.xlsx,Table 8,29,I29,https://efiling.energysafety.ca.gov/eFiling/Getfile.aspx?fileid=56226&shareable=true
T8R-a184cce8f429666b,1080000020,1.t.0.b.i,metric_label_update,1. Net addition (or removal) - overhead circuit miles,Transmission,Non-HFTD,Rural,WUI,Circuit miles,exact,-0.8994507575757993,,,SDG&E,2024,2,v3.2,1,2,SDGE_2024_Q2_Tables1-15_R1.xlsx,Table 8,30,I30,https://efiling.energysafety.ca.gov/eFiling/Getfile.aspx?fileid=56226&shareable=true
T8R-bbac933d145fa12b,1080000021,1.t.0.b.ii,metric_label_update,1. Net addition (or removal) - overhead circuit miles,Transmission,Non-HFTD,Rural,Non-WUI,Circuit miles,exact,-0.7590852272730046,,,SDG&E,2024,2,v3.2,1,2,SDGE_2024_Q2_Tables1-15_R1.xlsx,Table 8,31,I31,https://efiling.energysafety.ca.gov/eFiling/Getfile.aspx?fileid=56226&shareable=true
T8R-ca80523bb23aa47f,1080000022,1.t.0.c.i,metric_label_update,1. Net addition (or removal) - overhead circuit miles,Transmission,Non-HFTD,Highly rural,WUI,Circuit miles,exact,0,,,SDG&E,2024,2,v3.2,1,2,SDGE_2024_Q2_Tables1-15_R1.xlsx,Table 8,32,I32,https://efiling.energysafety.ca.gov/eFiling/Getfile.aspx?fileid=56226&shareable=true
T8R-c4d44112f8cc0ead,1080000023,1.t.0.c.ii,metric_label_update,1. Net addition (or removal) - overhead circuit miles,Transmission,Non-HFTD,Highly rural,Non-WUI,Circuit miles,exact,0,,,SDG&E,2024,2,v3.2,1,2,SDGE_2024_Q2_Tables1-15_R1.xlsx,Table 8,33,I33,https://efiling.energysafety.ca.gov/eFiling/Getfile.aspx?fileid=56226&shareable=true
T8R-aa14a8bea05372f5,1080000024,1.t.2.a.i,metric_label_update,1. Net addition (or removal) - overhead circuit miles,Transmission,HFTD Tier 2,Urban,WUI,Circuit miles,exact,0,,,SDG&E,2024,2,v3.2,1,2,SDGE_2024_Q2_Tables1-15_R1.xlsx,Table 8,34,I34,https://efiling.energysafety.ca.gov/eFiling/Getfile.aspx?fileid=56226&shareable=true
T8R-efcb3979cb8bface,1080000025,1.t.2.a.ii,metric_label_update,1. Net addition (or removal) - overhead circuit miles,Transmission,HFTD Tier 2,Urban,Non-WUI,Circuit miles,exact,0,,,SDG&E,2024,2,v3.2,1,2,SDGE_2024_Q2_Tables1-15_R1.xlsx,Table 8,35,I35,https://efiling.energysafety.ca.gov/eFiling/Getfile.aspx?fileid=56226&shareable=true
T8R-f8d3cb645f2abe4e,1080000026,1.t.2.b.i,metric_label_update,1. Net addition (or removal) - overhead circuit miles,Transmission,HFTD Tier 2,Rural,WUI,Circuit miles,exact,0,,,SDG&E,2024,2,v3.2,1,2,SDGE_2024_Q2_Tables1-15_R1.xlsx,Table 8,36,I36,https://efiling.energysafety.ca.gov/eFiling/Getfile.aspx?fileid=56226&shareable=true
T8R-954ad9da42a22e25,1080000027,1.t.2.b.ii,metric_label_update,1. Net addition (or removal) - overhead circuit miles,Transmission,HFTD Tier 2,Rural,Non-WUI,Circuit miles,exact,-0.015602272726994215,,,SDG&E,2024,2,v3.2,1,2,SDGE_2024_Q2_Tables1-15_R1.xlsx,Table 8,37,I37,https://efiling.energysafety.ca.gov/eFiling/Getfile.aspx?fileid=56226&shareable=true
T8R-1dfc06adcd768e7e,1080000028,1.t.2.c.i,metric_label_update,1. Net addition (or removal) - overhead circuit miles,Transmission,HFTD Tier 2,Highly rural,WUI,Circuit miles,exact,0,,,SDG&E,2024,2,v3.2,1,2,SDGE_2024_Q2_Tables1-15_R1.xlsx,Table 8,38,I38,https://efiling.energysafety.ca.gov/eFiling/Getfile.aspx?fileid=56226&shareable=true
T8R-c44260942bf228a3,1080000029,1.t.2.c.ii,metric_label_update,1. Net addition (or removal) - overhead circuit miles,Transmission,HFTD Tier 2,Highly rural,Non-WUI,Circuit miles,exact,0,,,SDG&E,2024,2,v3.2,1,2,SDGE_2024_Q2_Tables1-15_R1.xlsx,Table 8,39,I39,https://efiling.energysafety.ca.gov/eFiling/Getfile.aspx?fileid=56226&shareable=true
T8R-8aa0ff62358fb9ff,1080000030,1.t.3.a.i,metric_label_update,1. Net addition (or removal) - overhead circuit miles,Transmission,HFTD Tier 3,Urban,WUI,Circuit miles,exact,0,,,SDG&E,2024,2,v3.2,1,2,SDGE_2024_Q2_Tables1-15_R1.xlsx,Table 8,40,I40,https://efiling.energysafety.ca.gov/eFiling/Getfile.aspx?fileid=56226&shareable=true
T8R-16c0ecd6934b3b85,1080000031,1.t.3.a.ii,metric_label_update,1. Net addition (or removal) - overhead circuit miles,Transmission,HFTD Tier 3,Urban,Non-WUI,Circuit miles,exact,0,,,SDG&E,2024,2,v3.2,1,2,SDGE_2024_Q2_Tables1-15_R1.xlsx,Table 8,41,I41,https://efiling.energysafety.ca.gov/eFiling/Getfile.aspx?fileid=56226&shareable=true
T8R-e72655f680a1af2e,1080000032,1.t.3.b.i,metric_label_update,1. Net addition (or removal) - overhead circuit miles,Transmission,HFTD Tier 3,Rural,WUI,Circuit miles,exact,0,,,SDG&E,2024,2,v3.2,1,2,SDGE_2024_Q2_Tables1-15_R1.xlsx,Table 8,42,I42,https://efiling.energysafety.ca.gov/eFiling/Getfile.aspx?fileid=56226&shareable=true
T8R-18e3ba35c4a00c25,1080000033,1.t.3.b.ii,metric_label_update,1. Net addition (or removal) - overhead circuit miles,Transmission,HFTD Tier 3,Rural,Non-WUI,Circuit miles,exact,0,,,SDG&E,2024,2,v3.2,1,2,SDGE_2024_Q2_Tables1-15_R1.xlsx,Table 8,43,I43,https://efiling.energysafety.ca.gov/eFiling/Getfile.aspx?fileid=56226&shareable=true
T8R-44eaaf78a047b112,1080000034,1.t.3.c.i,metric_label_update,1. Net addition (or removal) - overhead circuit miles,Transmission,HFTD Tier 3,Highly rural,WUI,Circuit miles,exact,0,,,SDG&E,2024,2,v3.2,1,2,SDGE_2024_Q2_Tables1-15_R1.xlsx,Table 8,44,I44,https://efiling.energysafety.ca.gov/eFiling/Getfile.aspx?fileid=56226&shareable=true
T8R-99a5a441d1bc57f6,1080000035,1.t.3.c.ii,metric_label_update,1. Net addition (or removal) - overhead circuit miles,Transmission,HFTD Tier 3,Highly rural,Non-WUI,Circuit miles,exact,0,,,SDG&E,2024,2,v3.2,1,2,SDGE_2024_Q2_Tables1-15_R1.xlsx,Table 8,45,I45,https://efiling.energysafety.ca.gov/eFiling/Getfile.aspx?fileid=56226&shareable=true
T8R-fd98adc342914352,1080000036,2.d.0.a.i,metric_label_update,2. Net addition (or removal) - underground circuit miles,Distribution,Non-HFTD,Urban,WUI,Circuit miles,exact,2.6672348484801205,,,SDG&E,2024,2,v3.2,1,2,SDGE_2024_Q2_Tables1-15_R1.xlsx,Table 8,46,I46,https://efiling.energysafety.ca.gov/eFiling/Getfile.aspx?fileid=56226&shareable=true
T8R-79d10ced1681bfaa,1080000037,2.d.0.a.ii,metric_label_update,2. Net addition (or removal) - underground circuit miles,Distribution,Non-HFTD,Urban,Non-WUI,Circuit miles,exact,5.781439393939763,,,SDG&E,2024,2,v3.2,1,2,SDGE_2024_Q2_Tables1-15_R1.xlsx,Table 8,47,I47,https://efiling.energysafety.ca.gov/eFiling/Getfile.aspx?fileid=56226&shareable=true
T8R-a6c6e24950e56e3f,1080000038,2.d.0.b.i,metric_label_update,2. Net addition (or removal) - underground circuit miles,Distribution,Non-HFTD,Rural,WUI,Circuit miles,exact,0.4842803030300047,,,SDG&E,2024,2,v3.2,1,2,SDGE_2024_Q2_Tables1-15_R1.xlsx,Table 8,48,I48,https://efiling.energysafety.ca.gov/eFiling/Getfile.aspx?fileid=56226&shareable=true
T8R-501e51d05ae0326e,1080000039,2.d.0.b.ii,metric_label_update,2. Net addition (or removal) - underground circuit miles,Distribution,Non-HFTD,Rural,Non-WUI,Circuit miles,exact,1.4981060606060055,,,SDG&E,2024,2,v3.2,1,2,SDGE_2024_Q2_Tables1-15_R1.xlsx,Table 8,49,I49,https://efiling.energysafety.ca.gov/eFiling/Getfile.aspx?fileid=56226&shareable=true
T8R-2b92cc5781bde113,1080000040,2.d.0.c.i,metric_label_update,2. Net addition (or removal) - underground circuit miles,Distribution,Non-HFTD,Highly rural,WUI,Circuit miles,exact,0,,,SDG&E,2024,2,v3.2,1,2,SDGE_2024_Q2_Tables1-15_R1.xlsx,Table 8,50,I50,https://efiling.energysafety.ca.gov/eFiling/Getfile.aspx?fileid=56226&shareable=true
T8R-655a274d2b81e7ac,1080000041,2.d.0.c.ii,metric_label_update,2. Net addition (or removal) - underground circuit miles,Distribution,Non-HFTD,Highly rural,Non-WUI,Circuit miles,exact,0.015530300000001773,,,SDG&E,2024,2,v3.2,1,2,SDGE_2024_Q2_Tables1-15_R1.xlsx,Table 8,51,I51,https://efiling.energysafety.ca.gov/eFiling/Getfile.aspx?fileid=56226&shareable=true
T8R-0c0622bb5fdf8f05,1080000042,2.d.2.a.i,metric_label_update,2. Net addition (or removal) - underground circuit miles,Distribution,HFTD Tier 2,Urban,WUI,Circuit miles,exact,0.014015190909049124,,,SDG&E,2024,2,v3.2,1,2,SDGE_2024_Q2_Tables1-15_R1.xlsx,Table 8,52,I52,https://efiling.energysafety.ca.gov/eFiling/Getfile.aspx?fileid=56226&shareable=true
T8R-9dee1e4ba03be2ee,1080000043,2.d.2.a.ii,metric_label_update,2. Net addition (or removal) - underground circuit miles,Distribution,HFTD Tier 2,Urban,Non-WUI,Circuit miles,exact,0.2630681818179994,,,SDG&E,2024,2,v3.2,1,2,SDGE_2024_Q2_Tables1-15_R1.xlsx,Table 8,53,I53,https://efiling.energysafety.ca.gov/eFiling/Getfile.aspx?fileid=56226&shareable=true
T8R-1638724d8581d5eb,1080000044,2.d.2.b.i,metric_label_update,2. Net addition (or removal) - underground circuit miles,Distribution,HFTD Tier 2,Rural,WUI,Circuit miles,exact,3.1653409090899913,,,SDG&E,2024,2,v3.2,1,2,SDGE_2024_Q2_Tables1-15_R1.xlsx,Table 8,54,I54,https://efiling.energysafety.ca.gov/eFiling/Getfile.aspx?fileid=56226&shareable=true
T8R-a79ec17913cb8be0,1080000045,2.d.2.b.ii,metric_label_update,2. Net addition (or removal) - underground circuit miles,Distribution,HFTD Tier 2,Rural,Non-WUI,Circuit miles,exact,1.3920454545449843,,,SDG&E,2024,2,v3.2,1,2,SDGE_2024_Q2_Tables1-15_R1.xlsx,Table 8,55,I55,https://efiling.energysafety.ca.gov/eFiling/Getfile.aspx?fileid=56226&shareable=true
T8R-501775ea1ada8124,1080000046,2.d.2.c.i,metric_label_update,2. Net addition (or removal) - underground circuit miles,Distribution,HFTD Tier 2,Highly rural,WUI,Circuit miles,exact,0,,,SDG&E,2024,2,v3.2,1,2,SDGE_2024_Q2_Tables1-15_R1.xlsx,Table 8,56,I56,https://efiling.energysafety.ca.gov/eFiling/Getfile.aspx?fileid=56226&shareable=true
T8R-a937833733435071,1080000047,2.d.2.c.ii,metric_label_update,2. Net addition (or removal) - underground circuit miles,Distribution,HFTD Tier 2,Highly rural,Non-WUI,Circuit miles,exact,0,,,SDG&E,2024,2,v3.2,1,2,SDGE_2024_Q2_Tables1-15_R1.xlsx,Table 8,57,I57,https://efiling.energysafety.ca.gov/eFiling/Getfile.aspx?fileid=56226&shareable=true
T8R-aa6cab87df396649,1080000048,2.d.3.a.i,metric_label_update,2. Net addition (or removal) - underground circuit miles,Distribution,HFTD Tier 3,Urban,WUI,Circuit miles,exact,0,,,SDG&E,2024,2,v3.2,1,2,SDGE_2024_Q2_Tables1-15_R1.xlsx,Table 8,58,I58,https://efiling.energysafety.ca.gov/eFiling/Getfile.aspx?fileid=56226&shareable=true
T8R-d2b01272f56b8854,1080000049,2.d.3.a.ii,metric_label_update,2. Net addition (or removal) - underground circuit miles,Distribution,HFTD Tier 3,Urban,Non-WUI,Circuit miles,exact,0,,,SDG&E,2024,2,v3.2,1,2,SDGE_2024_Q2_Tables1-15_R1.xlsx,Table 8,59,I59,https://efiling.energysafety.ca.gov/eFiling/Getfile.aspx?fileid=56226&shareable=true
T8R-4a7b69226826bb2b,1080000050,2.d.3.b.i,metric_label_update,2. Net addition (or removal) - underground circuit miles,Distribution,HFTD Tier 3,Rural,WUI,Circuit miles,exact,0.3287878787880345,,,SDG&E,2024,2,v3.2,1,2,SDGE_2024_Q2_Tables1-15_R1.xlsx,Table 8,60,I60,https://efiling.energysafety.ca.gov/eFiling/Getfile.aspx?fileid=56226&shareable=true
T8R-ee50a2b3f9c9e0cf,1080000051,2.d.3.b.ii,metric_label_update,2. Net addition (or removal) - underground circuit miles,Distribution,HFTD Tier 3,Rural,Non-WUI,Circuit miles,exact,0.2373106060610155,,,SDG&E,2024,2,v3.2,1,2,SDGE_2024_Q2_Tables1-15_R1.xlsx,Table 8,61,I61,https://efiling.energysafety.ca.gov/eFiling/Getfile.aspx?fileid=56226&shareable=true
T8R-47041e9eda2607e4,1080000052,2.d.3.c.i,metric_label_update,2. Net addition (or removal) - underground circuit miles,Distribution,HFTD Tier 3,Highly rural,WUI,Circuit miles,exact,0,,,SDG&E,2024,2,v3.2,1,2,SDGE_2024_Q2_Tables1-15_R1.xlsx,Table 8,62,I62,https://efiling.energysafety.ca.gov/eFiling/Getfile.aspx?fileid=56226&shareable=true
T8R-1a0239be47f9a0a9,1080000053,2.d.3.c.ii,metric_label_update,2. Net addition (or removal) - underground circuit miles,Distribution,HFTD Tier 3,Highly rural,Non-WUI,Circuit miles,exact,0,,,SDG&E,2024,2,v3.2,1,2,SDGE_2024_Q2_Tables1-15_R1.xlsx,Table 8,63,I63,https://efiling.energysafety.ca.gov/eFiling/Getfile.aspx?fileid=56226&shareable=true
T8R-0763179b4b96d422,1080000054,2.t.0.a.i,metric_label_update,2. Net addition (or removal) - underground circuit miles,Transmission,Non-HFTD,Urban,WUI,Circuit miles,exact,0,,,SDG&E,2024,2,v3.2,1,2,SDGE_2024_Q2_Tables1-15_R1.xlsx,Table 8,64,I64,https://efiling.energysafety.ca.gov/eFiling/Getfile.aspx?fileid=56226&shareable=true
T8R-31436284f0a59136,1080000055,2.t.0.a.ii,metric_label_update,2. Net addition (or removal) - underground circuit miles,Transmission,Non-HFTD,Urban,Non-WUI,Circuit miles,exact,0,,,SDG&E,2024,2,v3.2,1,2,SDGE_2024_Q2_Tables1-15_R1.xlsx,Table 8,65,I65,https://efiling.energysafety.ca.gov/eFiling/Getfile.aspx?fileid=56226&shareable=true
T8R-586d9ea4f17450fc,1080000056,2.t.0.b.i,metric_label_update,2. Net addition (or removal) - underground circuit miles,Transmission,Non-HFTD,Rural,WUI,Circuit miles,exact,0,,,SDG&E,2024,2,v3.2,1,2,SDGE_2024_Q2_Tables1-15_R1.xlsx,Table 8,66,I66,https://efiling.energysafety.ca.gov/eFiling/Getfile.aspx?fileid=56226&shareable=true
T8R-782ee2d087be5989,1080000057,2.t.0.b.ii,metric_label_update,2. Net addition (or removal) - underground circuit miles,Transmission,Non-HFTD,Rural,Non-WUI,Circuit miles,exact,0,,,SDG&E,2024,2,v3.2,1,2,SDGE_2024_Q2_Tables1-15_R1.xlsx,Table 8,67,I67,https://efiling.energysafety.ca.gov/eFiling/Getfile.aspx?fileid=56226&shareable=true
T8R-e8f7a219c5ee2394,1080000058,2.t.0.c.i,metric_label_update,2. Net addition (or removal) - underground circuit miles,Transmission,Non-HFTD,Highly rural,WUI,Circuit miles,exact,0,,,SDG&E,2024,2,v3.2,1,2,SDGE_2024_Q2_Tables1-15_R1.xlsx,Table 8,68,I68,https://efiling.energysafety.ca.gov/eFiling/Getfile.aspx?fileid=56226&shareable=true
T8R-7980283610dcb1a1,1080000059,2.t.0.c.ii,metric_label_update,2. Net addition (or removal) - underground circuit miles,Transmission,Non-HFTD,Highly rural,Non-WUI,Circuit miles,exact,0,,,SDG&E,2024,2,v3.2,1,2,SDGE_2024_Q2_Tables1-15_R1.xlsx,Table 8,69,I69,https://efiling.energysafety.ca.gov/eFiling/Getfile.aspx?fileid=56226&shareable=true
T8R-acf9a2f95a969ff4,1080000060,2.t.2.a.i,metric_label_update,2. Net addition (or removal) - underground circuit miles,Transmission,HFTD Tier 2,Urban,WUI,Circuit miles,exact,0,,,SDG&E,2024,2,v3.2,1,2,SDGE_2024_Q2_Tables1-15_R1.xlsx,Table 8,70,I70,https://efiling.energysafety.ca.gov/eFiling/Getfile.aspx?fileid=56226&shareable=true
T8R-d2c364964dec75e6,1080000061,2.t.2.a.ii,metric_label_update,2. Net addition (or removal) - underground circuit miles,Transmission,HFTD Tier 2,Urban,Non-WUI,Circuit miles,exact,0,,,SDG&E,2024,2,v3.2,1,2,SDGE_2024_Q2_Tables1-15_R1.xlsx,Table 8,71,I71,https://efiling.energysafety.ca.gov/eFiling/Getfile.aspx?fileid=56226&shareable=true
T8R-3fb7ab68b87f63f8,1080000062,2.t.2.b.i,metric_label_update,2. Net addition (or removal) - underground circuit miles,Transmission,HFTD Tier 2,Rural,WUI,Circuit miles,exact,0,,,SDG&E,2024,2,v3.2,1,2,SDGE_2024_Q2_Tables1-15_R1.xlsx,Table 8,72,I72,https://efiling.energysafety.ca.gov/eFiling/Getfile.aspx?fileid=56226&shareable=true
T8R-f1f4d2f74de0703d,1080000063,2.t.2.b.ii,metric_label_update,2. Net addition (or removal) - underground circuit miles,Transmission,HFTD Tier 2,Rural,Non-WUI,Circuit miles,exact,-3.9393910356011475e-10,,,SDG&E,2024,2,v3.2,1,2,SDGE_2024_Q2_Tables1-15_R1.xlsx,Table 8,73,I73,https://efiling.energysafety.ca.gov/eFiling/Getfile.aspx?fileid=56226&shareable=true
T8R-63752a17dc546713,1080000064,2.t.2.c.i,metric_label_update,2. Net addition (or removal) - underground circuit miles,Transmission,HFTD Tier 2,Highly rural,WUI,Circuit miles,exact,0,,,SDG&E,2024,2,v3.2,1,2,SDGE_2024_Q2_Tables1-15_R1.xlsx,Table 8,74,I74,https://efiling.energysafety.ca.gov/eFiling/Getfile.aspx?fileid=56226&shareable=true
T8R-992badc5f5305026,1080000065,2.t.2.c.ii,metric_label_update,2. Net addition (or removal) - underground circuit miles,Transmission,HFTD Tier 2,Highly rural,Non-WUI,Circuit miles,exact,0,,,SDG&E,2024,2,v3.2,1,2,SDGE_2024_Q2_Tables1-15_R1.xlsx,Table 8,75,I75,https://efiling.energysafety.ca.gov/eFiling/Getfile.aspx?fileid=56226&shareable=true
T8R-5a8e973323fc6979,1080000066,2.t.3.a.i,metric_label_update,2. Net addition (or removal) - underground circuit miles,Transmission,HFTD Tier 3,Urban,WUI,Circuit miles,exact,0,,,SDG&E,2024,2,v3.2,1,2,SDGE_2024_Q2_Tables1-15_R1.xlsx,Table 8,76,I76,https://efiling.energysafety.ca.gov/eFiling/Getfile.aspx?fileid=56226&shareable=true
T8R-45fffb5085c781ed,1080000067,2.t.3.a.ii,metric_label_update,2. Net addition (or removal) - underground circuit miles,Transmission,HFTD Tier 3,Urban,Non-WUI,Circuit miles,exact,0,,,SDG&E,2024,2,v3.2,1,2,SDGE_2024_Q2_Tables1-15_R1.xlsx,Table 8,77,I77,https://efiling.energysafety.ca.gov/eFiling/Getfile.aspx?fileid=56226&shareable=true
T8R-602ded7d68ce3297,1080000068,2.t.3.b.i,metric_label_update,2. Net addition (or removal) - underground circuit miles,Transmission,HFTD Tier 3,Rural,WUI,Circuit miles,exact,0,,,SDG&E,2024,2,v3.2,1,2,SDGE_2024_Q2_Tables1-15_R1.xlsx,Table 8,78,I78,https://efiling.energysafety.ca.gov/eFiling/Getfile.aspx?fileid=56226&shareable=true
T8R-3e60e33b14e526db,1080000069,2.t.3.b.ii,metric_label_update,2. Net addition (or removal) - underground circuit miles,Transmission,HFTD Tier 3,Rural,Non-WUI,Circuit miles,exact,0,,,SDG&E,2024,2,v3.2,1,2,SDGE_2024_Q2_Tables1-15_R1.xlsx,Table 8,79,I79,https://efiling.energysafety.ca.gov/eFiling/Getfile.aspx?fileid=56226&shareable=true
T8R-6dbf548f32c117c3,1080000070,2.t.3.c.i,metric_label_update,2. Net addition (or removal) - underground circuit miles,Transmission,HFTD Tier 3,Highly rural,WUI,Circuit miles,exact,0,,,SDG&E,2024,2,v3.2,1,2,SDGE_2024_Q2_Tables1-15_R1.xlsx,Table 8,80,I80,https://efiling.energysafety.ca.gov/eFiling/Getfile.aspx?fileid=56226&shareable=true
T8R-67000825ef0b0617,1080000071,2.t.3.c.ii,metric_label_update,2. Net addition (or removal) - underground circuit miles,Transmission,HFTD Tier 3,Highly rural,Non-WUI,Circuit miles,exact,0,,,SDG&E,2024,2,v3.2,1,2,SDGE_2024_Q2_Tables1-15_R1.xlsx,Table 8,81,I81,https://efiling.energysafety.ca.gov/eFiling/Getfile.aspx?fileid=56226&shareable=true
T8R-d4a81263d513136f,1080000072,3.0.a.i,metric_label_update_and_na_to_null,3. Net addition (or removal) - Substations,,Non-HFTD,Urban,WUI,Number of substations,exact,0,,,SDG&E,2024,2,v3.2,1,2,SDGE_2024_Q2_Tables1-15_R1.xlsx,Table 8,82,I82,https://efiling.energysafety.ca.gov/eFiling/Getfile.aspx?fileid=56226&shareable=true
T8R-37cf489317094ece,1080000073,3.0.a.ii,metric_label_update_and_na_to_null,3. Net addition (or removal) - Substations,,Non-HFTD,Urban,Non-WUI,Number of substations,exact,0,,,SDG&E,2024,2,v3.2,1,2,SDGE_2024_Q2_Tables1-15_R1.xlsx,Table 8,83,I83,https://efiling.energysafety.ca.gov/eFiling/Getfile.aspx?fileid=56226&shareable=true
T8R-cf6d5818c35b6b54,1080000074,3.0.b.i,metric_label_update_and_na_to_null,3. Net addition (or removal) - Substations,,Non-HFTD,Rural,WUI,Number of substations,exact,0,,,SDG&E,2024,2,v3.2,1,2,SDGE_2024_Q2_Tables1-15_R1.xlsx,Table 8,84,I84,https://efiling.energysafety.ca.gov/eFiling/Getfile.aspx?fileid=56226&shareable=true
T8R-b48df43407a92682,1080000075,3.0.b.ii,metric_label_update_and_na_to_null,3. Net addition (or removal) - Substations,,Non-HFTD,Rural,Non-WUI,Number of substations,exact,0,,,SDG&E,2024,2,v3.2,1,2,SDGE_2024_Q2_Tables1-15_R1.xlsx,Table 8,85,I85,https://efiling.energysafety.ca.gov/eFiling/Getfile.aspx?fileid=56226&shareable=true
T8R-c13e545525eeecbe,1080000076,3.0.c.i,metric_label_update_and_na_to_null,3. Net addition (or removal) - Substations,,Non-HFTD,Highly rural,WUI,Number of substations,exact,0,,,SDG&E,2024,2,v3.2,1,2,SDGE_2024_Q2_Tables1-15_R1.xlsx,Table 8,86,I86,https://efiling.energysafety.ca.gov/eFiling/Getfile.aspx?fileid=56226&shareable=true
T8R-c1793f7a20cab6f6,1080000077,3.0.c.ii,metric_label_update_and_na_to_null,3. Net addition (or removal) - Substations,,Non-HFTD,Highly rural,Non-WUI,Number of substations,exact,0,,,SDG&E,2024,2,v3.2,1,2,SDGE_2024_Q2_Tables1-15_R1.xlsx,Table 8,87,I87,https://efiling.energysafety.ca.gov/eFiling/Getfile.aspx?fileid=56226&shareable=true
T8R-e23e6b871f5a5a98,1080000078,3.2.a.i,metric_label_update_and_na_to_null,3. Net addition (or removal) - Substations,,HFTD Tier 2,Urban,WUI,Number of substations,exact,0,,,SDG&E,2024,2,v3.2,1,2,SDGE_2024_Q2_Tables1-15_R1.xlsx,Table 8,88,I88,https://efiling.energysafety.ca.gov/eFiling/Getfile.aspx?fileid=56226&shareable=true
T8R-e57a590a01c9be2c,1080000079,3.2.a.ii,metric_label_update_and_na_to_null,3. Net addition (or removal) - Substations,,HFTD Tier 2,Urban,Non-WUI,Number of substations,exact,0,,,SDG&E,2024,2,v3.2,1,2,SDGE_2024_Q2_Tables1-15_R1.xlsx,Table 8,89,I89,https://efiling.energysafety.ca.gov/eFiling/Getfile.aspx?fileid=56226&shareable=true
T8R-b252f698fe3c3a0a,1080000080,3.2.b.i,metric_label_update_and_na_to_null,3. Net addition (or removal) - Substations,,HFTD Tier 2,Rural,WUI,Number of substations,exact,0,,,SDG&E,2024,2,v3.2,1,2,SDGE_2024_Q2_Tables1-15_R1.xlsx,Table 8,90,I90,https://efiling.energysafety.ca.gov/eFiling/Getfile.aspx?fileid=56226&shareable=true
T8R-d79f1059d2164c2a,1080000081,3.2.b.ii,metric_label_update_and_na_to_null,3. Net addition (or removal) - Substations,,HFTD Tier 2,Rural,Non-WUI,Number of substations,exact,0,,,SDG&E,2024,2,v3.2,1,2,SDGE_2024_Q2_Tables1-15_R1.xlsx,Table 8,91,I91,https://efiling.energysafety.ca.gov/eFiling/Getfile.aspx?fileid=56226&shareable=true
T8R-ffa203320c4ae7fa,1080000082,3.2.c.i,metric_label_update_and_na_to_null,3. Net addition (or removal) - Substations,,HFTD Tier 2,Highly rural,WUI,Number of substations,exact,0,,,SDG&E,2024,2,v3.2,1,2,SDGE_2024_Q2_Tables1-15_R1.xlsx,Table 8,92,I92,https://efiling.energysafety.ca.gov/eFiling/Getfile.aspx?fileid=56226&shareable=true
T8R-46349f75f9a6b2d9,1080000083,3.2.c.ii,metric_label_update_and_na_to_null,3. Net addition (or removal) - Substations,,HFTD Tier 2,Highly rural,Non-WUI,Number of substations,exact,0,,,SDG&E,2024,2,v3.2,1,2,SDGE_2024_Q2_Tables1-15_R1.xlsx,Table 8,93,I93,https://efiling.energysafety.ca.gov/eFiling/Getfile.aspx?fileid=56226&shareable=true
T8R-31688d34da37f040,1080000084,3.3.a.i,metric_label_update_and_na_to_null,3. Net addition (or removal) - Substations,,HFTD Tier 3,Urban,WUI,Number of substations,exact,0,,,SDG&E,2024,2,v3.2,1,2,SDGE_2024_Q2_Tables1-15_R1.xlsx,Table 8,94,I94,https://efiling.energysafety.ca.gov/eFiling/Getfile.aspx?fileid=56226&shareable=true
T8R-fdaa4190ad3c17e5,1080000085,3.3.a.ii,metric_label_update_and_na_to_null,3. Net addition (or removal) - Substations,,HFTD Tier 3,Urban,Non-WUI,Number of substations,exact,0,,,SDG&E,2024,2,v3.2,1,2,SDGE_2024_Q2_Tables1-15_R1.xlsx,Table 8,95,I95,https://efiling.energysafety.ca.gov/eFiling/Getfile.aspx?fileid=56226&shareable=true
T8R-f8da8829ed32e7ef,1080000086,3.3.b.i,metric_label_update_and_na_to_null,3. Net addition (or removal) - Substations,,HFTD Tier 3,Rural,WUI,Number of substations,exact,0,,,SDG&E,2024,2,v3.2,1,2,SDGE_2024_Q2_Tables1-15_R1.xlsx,Table 8,96,I96,https://efiling.energysafety.ca.gov/eFiling/Getfile.aspx?fileid=56226&shareable=true
T8R-844e80a81ede72c3,1080000087,3.3.b.ii,metric_label_update_and_na_to_null,3. Net addition (or removal) - Substations,,HFTD Tier 3,Rural,Non-WUI,Number of substations,exact,0,,,SDG&E,2024,2,v3.2,1,2,SDGE_2024_Q2_Tables1-15_R1.xlsx,Table 8,97,I97,https://efiling.energysafety.ca.gov/eFiling/Getfile.aspx?fileid=56226&shareable=true
T8R-04ee3ba78f0f1828,1080000088,3.3.c.i,metric_label_update_and_na_to_null,3. Net addition (or removal) - Substations,,HFTD Tier 3,Highly rural,WUI,Number of substations,exact,0,,,SDG&E,2024,2,v3.2,1,2,SDGE_2024_Q2_Tables1-15_R1.xlsx,Table 8,98,I98,https://efiling.energysafety.ca.gov/eFiling/Getfile.aspx?fileid=56226&shareable=true
T8R-a501913a5b155e13,1080000089,3.3.c.ii,metric_label_update_and_na_to_null,3. Net addition (or removal) - Substations,,HFTD Tier 3,Highly rural,Non-WUI,Number of substations,exact,0,,,SDG&E,2024,2,v3.2,1,2,SDGE_2024_Q2_Tables1-15_R1.xlsx,Table 8,99,I99,https://efiling.energysafety.ca.gov/eFiling/Getfile.aspx?fileid=56226&shareable=true
T8R-d58ebee2557c1530,1080000090,4.0.a.i,metric_label_update_and_na_to_null,4. Net addition (or removal) - Weather stations,,Non-HFTD,Urban,WUI,Number of weather stations,exact,0,,,SDG&E,2024,2,v3.2,1,2,SDGE_2024_Q2_Tables1-15_R1.xlsx,Table 8,100,I100,https://efiling.energysafety.ca.gov/eFiling/Getfile.aspx?fileid=56226&shareable=true
T8R-4ae743c79ce9934d,1080000091,4.0.a.ii,metric_label_update_and_na_to_null,4. Net addition (or removal) - Weather stations,,Non-HFTD,Urban,Non-WUI,Number of weather stations,exact,0,,,SDG&E,2024,2,v3.2,1,2,SDGE_2024_Q2_Tables1-15_R1.xlsx,Table 8,101,I101,https://efiling.energysafety.ca.gov/eFiling/Getfile.aspx?fileid=56226&shareable=true
T8R-8ae93d17405398a9,1080000092,4.0.b.i,metric_label_update_and_na_to_null,4. Net addition (or removal) - Weather stations,,Non-HFTD,Rural,WUI,Number of weather stations,exact,0,,,SDG&E,2024,2,v3.2,1,2,SDGE_2024_Q2_Tables1-15_R1.xlsx,Table 8,102,I102,https://efiling.energysafety.ca.gov/eFiling/Getfile.aspx?fileid=56226&shareable=true
T8R-3161cf1aaa09ca9a,1080000093,4.0.b.ii,metric_label_update_and_na_to_null,4. Net addition (or removal) - Weather stations,,Non-HFTD,Rural,Non-WUI,Number of weather stations,exact,0,,,SDG&E,2024,2,v3.2,1,2,SDGE_2024_Q2_Tables1-15_R1.xlsx,Table 8,103,I103,https://efiling.energysafety.ca.gov/eFiling/Getfile.aspx?fileid=56226&shareable=true
T8R-1c346b1479968177,1080000094,4.0.c.i,metric_label_update_and_na_to_null,4. Net addition (or removal) - Weather stations,,Non-HFTD,Highly rural,WUI,Number of weather stations,exact,0,,,SDG&E,2024,2,v3.2,1,2,SDGE_2024_Q2_Tables1-15_R1.xlsx,Table 8,104,I104,https://efiling.energysafety.ca.gov/eFiling/Getfile.aspx?fileid=56226&shareable=true
T8R-daf73aaeb5efc7e3,1080000095,4.0.c.ii,metric_label_update_and_na_to_null,4. Net addition (or removal) - Weather stations,,Non-HFTD,Highly rural,Non-WUI,Number of weather stations,exact,0,,,SDG&E,2024,2,v3.2,1,2,SDGE_2024_Q2_Tables1-15_R1.xlsx,Table 8,105,I105,https://efiling.energysafety.ca.gov/eFiling/Getfile.aspx?fileid=56226&shareable=true
T8R-fdba59b64bab8652,1080000096,4.2.a.i,metric_label_update_and_na_to_null,4. Net addition (or removal) - Weather stations,,HFTD Tier 2,Urban,WUI,Number of weather stations,exact,0,,,SDG&E,2024,2,v3.2,1,2,SDGE_2024_Q2_Tables1-15_R1.xlsx,Table 8,106,I106,https://efiling.energysafety.ca.gov/eFiling/Getfile.aspx?fileid=56226&shareable=true
T8R-d2c6b1e927f21f64,1080000097,4.2.a.ii,metric_label_update_and_na_to_null,4. Net addition (or removal) - Weather stations,,HFTD Tier 2,Urban,Non-WUI,Number of weather stations,exact,0,,,SDG&E,2024,2,v3.2,1,2,SDGE_2024_Q2_Tables1-15_R1.xlsx,Table 8,107,I107,https://efiling.energysafety.ca.gov/eFiling/Getfile.aspx?fileid=56226&shareable=true
T8R-6ad094e43583939a,1080000098,4.2.b.i,metric_label_update_and_na_to_null,4. Net addition (or removal) - Weather stations,,HFTD Tier 2,Rural,WUI,Number of weather stations,exact,0,,,SDG&E,2024,2,v3.2,1,2,SDGE_2024_Q2_Tables1-15_R1.xlsx,Table 8,108,I108,https://efiling.energysafety.ca.gov/eFiling/Getfile.aspx?fileid=56226&shareable=true
T8R-83f96b0627e25a19,1080000099,4.2.b.ii,metric_label_update_and_na_to_null,4. Net addition (or removal) - Weather stations,,HFTD Tier 2,Rural,Non-WUI,Number of weather stations,exact,0,,,SDG&E,2024,2,v3.2,1,2,SDGE_2024_Q2_Tables1-15_R1.xlsx,Table 8,109,I109,https://efiling.energysafety.ca.gov/eFiling/Getfile.aspx?fileid=56226&shareable=true
T8R-92d694b0b1cacefb,1080000100,4.2.c.i,metric_label_update_and_na_to_null,4. Net addition (or removal) - Weather stations,,HFTD Tier 2,Highly rural,WUI,Number of weather stations,exact,0,,,SDG&E,2024,2,v3.2,1,2,SDGE_2024_Q2_Tables1-15_R1.xlsx,Table 8,110,I110,https://efiling.energysafety.ca.gov/eFiling/Getfile.aspx?fileid=56226&shareable=true
T8R-a9f916323aa48613,1080000101,4.2.c.ii,metric_label_update_and_na_to_null,4. Net addition (or removal) - Weather stations,,HFTD Tier 2,Highly rural,Non-WUI,Number of weather stations,exact,0,,,SDG&E,2024,2,v3.2,1,2,SDGE_2024_Q2_Tables1-15_R1.xlsx,Table 8,111,I111,https://efiling.energysafety.ca.gov/eFiling/Getfile.aspx?fileid=56226&shareable=true
T8R-b890015b93219374,1080000102,4.3.a.i,metric_label_update_and_na_to_null,4. Net addition (or removal) - Weather stations,,HFTD Tier 3,Urban,WUI,Number of weather stations,exact,0,,,SDG&E,2024,2,v3.2,1,2,SDGE_2024_Q2_Tables1-15_R1.xlsx,Table 8,112,I112,https://efiling.energysafety.ca.gov/eFiling/Getfile.aspx?fileid=56226&shareable=true
T8R-d4bd21f00077d187,1080000103,4.3.a.ii,metric_label_update_and_na_to_null,4. Net addition (or removal) - Weather stations,,HFTD Tier 3,Urban,Non-WUI,Number of weather stations,exact,0,,,SDG&E,2024,2,v3.2,1,2,SDGE_2024_Q2_Tables1-15_R1.xlsx,Table 8,113,I113,https://efiling.energysafety.ca.gov/eFiling/Getfile.aspx?fileid=56226&shareable=true
T8R-a7db1bce169a200f,1080000104,4.3.b.i,metric_label_update_and_na_to_null,4. Net addition (or removal) - Weather stations,,HFTD Tier 3,Rural,WUI,Number of weather stations,exact,0,,,SDG&E,2024,2,v3.2,1,2,SDGE_2024_Q2_Tables1-15_R1.xlsx,Table 8,114,I114,https://efiling.energysafety.ca.gov/eFiling/Getfile.aspx?fileid=56226&shareable=true
T8R-5feccbc44dcaa758,1080000105,4.3.b.ii,metric_label_update_and_na_to_null,4. Net addition (or removal) - Weather stations,,HFTD Tier 3,Rural,Non-WUI,Number of weather stations,exact,0,"Weather station removals or addtions are sourced from businesses, table 7 is sourced from GIS database. A small difference is observed due to data digitizing processes.",,SDG&E,2024,2,v3.2,1,2,SDGE_2024_Q2_Tables1-15_R1.xlsx,Table 8,115,I115,https://efiling.energysafety.ca.gov/eFiling/Getfile.aspx?fileid=56226&shareable=true
T8R-0a634296f0b89613,1080000106,4.3.c.i,metric_label_update_and_na_to_null,4. Net addition (or removal) - Weather stations,,HFTD Tier 3,Highly rural,WUI,Number of weather stations,exact,0,,,SDG&E,2024,2,v3.2,1,2,SDGE_2024_Q2_Tables1-15_R1.xlsx,Table 8,116,I116,https://efiling.energysafety.ca.gov/eFiling/Getfile.aspx?fileid=56226&shareable=true
T8R-7a882f19ea7fae64,1080000107,4.3.c.ii,metric_label_update_and_na_to_null,4. Net addition (or removal) - Weather stations,,HFTD Tier 3,Highly rural,Non-WUI,Number of weather stations,exact,0,,,SDG&E,2024,2,v3.2,1,2,SDGE_2024_Q2_Tables1-15_R1.xlsx,Table 8,117,I117,https://efiling.energysafety.ca.gov/eFiling/Getfile.aspx?fileid=56226&shareable=true
T8R-8b5b83cd70e5c585,1080000000,1.d.0.a.i,metric_label_update,1. Net addition (or removal) - overhead circuit miles,Distribution,Non-HFTD,Urban,WUI,Circuit miles,exact,-0.060416667,,,SDG&E,2024,3,v3.2,1,3,SDGE_2024_Q3_Tables1-15_Rev1.xlsx,Table 8,10,I10,https://efiling.energysafety.ca.gov/eFiling/Getfile.aspx?fileid=56226&shareable=true
T8R-2a0d5ccc3e18afec,1080000001,1.d.0.a.ii,metric_label_update,1. Net addition (or removal) - overhead circuit miles,Distribution,Non-HFTD,Urban,Non-WUI,Circuit miles,exact,-0.551136364,,,SDG&E,2024,3,v3.2,1,3,SDGE_2024_Q3_Tables1-15_Rev1.xlsx,Table 8,11,I11,https://efiling.energysafety.ca.gov/eFiling/Getfile.aspx?fileid=56226&shareable=true
T8R-77a80ce268b08345,1080000002,1.d.0.b.i,metric_label_update,1. Net addition (or removal) - overhead circuit miles,Distribution,Non-HFTD,Rural,WUI,Circuit miles,exact,-0.551136364,,,SDG&E,2024,3,v3.2,1,3,SDGE_2024_Q3_Tables1-15_Rev1.xlsx,Table 8,12,I12,https://efiling.energysafety.ca.gov/eFiling/Getfile.aspx?fileid=56226&shareable=true
T8R-ca4f84bba1586f36,1080000003,1.d.0.b.ii,metric_label_update,1. Net addition (or removal) - overhead circuit miles,Distribution,Non-HFTD,Rural,Non-WUI,Circuit miles,exact,-0.417613636,,,SDG&E,2024,3,v3.2,1,3,SDGE_2024_Q3_Tables1-15_Rev1.xlsx,Table 8,13,I13,https://efiling.energysafety.ca.gov/eFiling/Getfile.aspx?fileid=56226&shareable=true
T8R-71775c3f3430f872,1080000004,1.d.0.c.i,metric_label_update,1. Net addition (or removal) - overhead circuit miles,Distribution,Non-HFTD,Highly rural,WUI,Circuit miles,exact,0,,,SDG&E,2024,3,v3.2,1,3,SDGE_2024_Q3_Tables1-15_Rev1.xlsx,Table 8,14,I14,https://efiling.energysafety.ca.gov/eFiling/Getfile.aspx?fileid=56226&shareable=true
T8R-80132a92b9869615,1080000005,1.d.0.c.ii,metric_label_update,1. Net addition (or removal) - overhead circuit miles,Distribution,Non-HFTD,Highly rural,Non-WUI,Circuit miles,exact,0,,,SDG&E,2024,3,v3.2,1,3,SDGE_2024_Q3_Tables1-15_Rev1.xlsx,Table 8,15,I15,https://efiling.energysafety.ca.gov/eFiling/Getfile.aspx?fileid=56226&shareable=true
T8R-4f2e116de6d6ecb8,1080000006,1.d.2.a.i,metric_label_update,1. Net addition (or removal) - overhead circuit miles,Distribution,HFTD Tier 2,Urban,WUI,Circuit miles,exact,-0.062310606,,,SDG&E,2024,3,v3.2,1,3,SDGE_2024_Q3_Tables1-15_Rev1.xlsx,Table 8,16,I16,https://efiling.energysafety.ca.gov/eFiling/Getfile.aspx?fileid=56226&shareable=true
T8R-b8f0f009d0161fb7,1080000007,1.d.2.a.ii,metric_label_update,1. Net addition (or removal) - overhead circuit miles,Distribution,HFTD Tier 2,Urban,Non-WUI,Circuit miles,exact,-0.096590909,,,SDG&E,2024,3,v3.2,1,3,SDGE_2024_Q3_Tables1-15_Rev1.xlsx,Table 8,17,I17,https://efiling.energysafety.ca.gov/eFiling/Getfile.aspx?fileid=56226&shareable=true
T8R-1a066d081d036c14,1080000008,1.d.2.b.i,metric_label_update,1. Net addition (or removal) - overhead circuit miles,Distribution,HFTD Tier 2,Rural,WUI,Circuit miles,exact,-2.806060606,,,SDG&E,2024,3,v3.2,1,3,SDGE_2024_Q3_Tables1-15_Rev1.xlsx,Table 8,18,I18,https://efiling.energysafety.ca.gov/eFiling/Getfile.aspx?fileid=56226&shareable=true
T8R-b26dbd4fefb629cb,1080000009,1.d.2.b.ii,metric_label_update,1. Net addition (or removal) - overhead circuit miles,Distribution,HFTD Tier 2,Rural,Non-WUI,Circuit miles,exact,-0.298674203,,,SDG&E,2024,3,v3.2,1,3,SDGE_2024_Q3_Tables1-15_Rev1.xlsx,Table 8,19,I19,https://efiling.energysafety.ca.gov/eFiling/Getfile.aspx?fileid=56226&shareable=true
T8R-7ba718d18c879d17,1080000010,1.d.2.c.i,metric_label_update,1. Net addition (or removal) - overhead circuit miles,Distribution,HFTD Tier 2,Highly rural,WUI,Circuit miles,exact,0.000189394,,,SDG&E,2024,3,v3.2,1,3,SDGE_2024_Q3_Tables1-15_Rev1.xlsx,Table 8,20,I20,https://efiling.energysafety.ca.gov/eFiling/Getfile.aspx?fileid=56226&shareable=true
T8R-7dcc17be861796cc,1080000011,1.d.2.c.ii,metric_label_update,1. Net addition (or removal) - overhead circuit miles,Distribution,HFTD Tier 2,Highly rural,Non-WUI,Circuit miles,exact,0,,,SDG&E,2024,3,v3.2,1,3,SDGE_2024_Q3_Tables1-15_Rev1.xlsx,Table 8,21,I21,https://efiling.energysafety.ca.gov/eFiling/Getfile.aspx?fileid=56226&shareable=true
T8R-30a9f15538ae3466,1080000012,1.d.3.a.i,metric_label_update,1. Net addition (or removal) - overhead circuit miles,Distribution,HFTD Tier 3,Urban,WUI,Circuit miles,exact,0,,,SDG&E,2024,3,v3.2,1,3,SDGE_2024_Q3_Tables1-15_Rev1.xlsx,Table 8,22,I22,https://efiling.energysafety.ca.gov/eFiling/Getfile.aspx?fileid=56226&shareable=true
T8R-7df4ad3e57f3bada,1080000013,1.d.3.a.ii,metric_label_update,1. Net addition (or removal) - overhead circuit miles,Distribution,HFTD Tier 3,Urban,Non-WUI,Circuit miles,exact,0,,,SDG&E,2024,3,v3.2,1,3,SDGE_2024_Q3_Tables1-15_Rev1.xlsx,Table 8,23,I23,https://efiling.energysafety.ca.gov/eFiling/Getfile.aspx?fileid=56226&shareable=true
T8R-79650f318982eb52,1080000014,1.d.3.b.i,metric_label_update,1. Net addition (or removal) - overhead circuit miles,Distribution,HFTD Tier 3,Rural,WUI,Circuit miles,exact,-0.969128788,,,SDG&E,2024,3,v3.2,1,3,SDGE_2024_Q3_Tables1-15_Rev1.xlsx,Table 8,24,I24,https://efiling.energysafety.ca.gov/eFiling/Getfile.aspx?fileid=56226&shareable=true
T8R-a1e92c9f52bd87e1,1080000015,1.d.3.b.ii,metric_label_update,1. Net addition (or removal) - overhead circuit miles,Distribution,HFTD Tier 3,Rural,Non-WUI,Circuit miles,exact,-3.725189394,,,SDG&E,2024,3,v3.2,1,3,SDGE_2024_Q3_Tables1-15_Rev1.xlsx,Table 8,25,I25,https://efiling.energysafety.ca.gov/eFiling/Getfile.aspx?fileid=56226&shareable=true
T8R-0c17cc06e2c9ec7d,1080000016,1.d.3.c.i,metric_label_update,1. Net addition (or removal) - overhead circuit miles,Distribution,HFTD Tier 3,Highly rural,WUI,Circuit miles,exact,0,,,SDG&E,2024,3,v3.2,1,3,SDGE_2024_Q3_Tables1-15_Rev1.xlsx,Table 8,26,I26,https://efiling.energysafety.ca.gov/eFiling/Getfile.aspx?fileid=56226&shareable=true
T8R-eaa2ff3d9f725126,1080000017,1.d.3.c.ii,metric_label_update,1. Net addition (or removal) - overhead circuit miles,Distribution,HFTD Tier 3,Highly rural,Non-WUI,Circuit miles,exact,-0.009090909,,,SDG&E,2024,3,v3.2,1,3,SDGE_2024_Q3_Tables1-15_Rev1.xlsx,Table 8,27,I27,https://efiling.energysafety.ca.gov/eFiling/Getfile.aspx?fileid=56226&shareable=true
T8R-5c7bff93c04a8fd6,1080000018,1.t.0.a.i,metric_label_update,1. Net addition (or removal) - overhead circuit miles,Transmission,Non-HFTD,Urban,WUI,Circuit miles,exact,1.2688125,,,SDG&E,2024,3,v3.2,1,3,SDGE_2024_Q3_Tables1-15_Rev1.xlsx,Table 8,28,I28,https://efiling.energysafety.ca.gov/eFiling/Getfile.aspx?fileid=56226&shareable=true
T8R-3adb012ad439fbee,1080000019,1.t.0.a.ii,metric_label_update,1. Net addition (or removal) - overhead circuit miles,Transmission,Non-HFTD,Urban,Non-WUI,Circuit miles,exact,0.254170455,,,SDG&E,2024,3,v3.2,1,3,SDGE_2024_Q3_Tables1-15_Rev1.xlsx,Table 8,29,I29,https://efiling.energysafety.ca.gov/eFiling/Getfile.aspx?fileid=56226&shareable=true
T8R-a06f29cf699d5812,1080000020,1.t.0.b.i,metric_label_update,1. Net addition (or removal) - overhead circuit miles,Transmission,Non-HFTD,Rural,WUI,Circuit miles,exact,0,,,SDG&E,2024,3,v3.2,1,3,SDGE_2024_Q3_Tables1-15_Rev1.xlsx,Table 8,30,I30,https://efiling.energysafety.ca.gov/eFiling/Getfile.aspx?fileid=56226&shareable=true
T8R-b755598c96c836af,1080000021,1.t.0.b.ii,metric_label_update,1. Net addition (or removal) - overhead circuit miles,Transmission,Non-HFTD,Rural,Non-WUI,Circuit miles,exact,0.010642045,,,SDG&E,2024,3,v3.2,1,3,SDGE_2024_Q3_Tables1-15_Rev1.xlsx,Table 8,31,I31,https://efiling.energysafety.ca.gov/eFiling/Getfile.aspx?fileid=56226&shareable=true
T8R-c8560236644ed849,1080000022,1.t.0.c.i,metric_label_update,1. Net addition (or removal) - overhead circuit miles,Transmission,Non-HFTD,Highly rural,WUI,Circuit miles,exact,0,,,SDG&E,2024,3,v3.2,1,3,SDGE_2024_Q3_Tables1-15_Rev1.xlsx,Table 8,32,I32,https://efiling.energysafety.ca.gov/eFiling/Getfile.aspx?fileid=56226&shareable=true
T8R-c3a85153b5f31be9,1080000023,1.t.0.c.ii,metric_label_update,1. Net addition (or removal) - overhead circuit miles,Transmission,Non-HFTD,Highly rural,Non-WUI,Circuit miles,exact,0,,,SDG&E,2024,3,v3.2,1,3,SDGE_2024_Q3_Tables1-15_Rev1.xlsx,Table 8,33,I33,https://efiling.energysafety.ca.gov/eFiling/Getfile.aspx?fileid=56226&shareable=true
T8R-8fed57a046a381eb,1080000024,1.t.2.a.i,metric_label_update,1. Net addition (or removal) - overhead circuit miles,Transmission,HFTD Tier 2,Urban,WUI,Circuit miles,exact,0.081431818,,,SDG&E,2024,3,v3.2,1,3,SDGE_2024_Q3_Tables1-15_Rev1.xlsx,Table 8,34,I34,https://efiling.energysafety.ca.gov/eFiling/Getfile.aspx?fileid=56226&shareable=true
T8R-bc33a2e771bfefdb,1080000025,1.t.2.a.ii,metric_label_update,1. Net addition (or removal) - overhead circuit miles,Transmission,HFTD Tier 2,Urban,Non-WUI,Circuit miles,exact,-0.012206439,,,SDG&E,2024,3,v3.2,1,3,SDGE_2024_Q3_Tables1-15_Rev1.xlsx,Table 8,35,I35,https://efiling.energysafety.ca.gov/eFiling/Getfile.aspx?fileid=56226&shareable=true
T8R-7fd340094c3c1e3b,1080000026,1.t.2.b.i,metric_label_update,1. Net addition (or removal) - overhead circuit miles,Transmission,HFTD Tier 2,Rural,WUI,Circuit miles,exact,-0.065808712,,,SDG&E,2024,3,v3.2,1,3,SDGE_2024_Q3_Tables1-15_Rev1.xlsx,Table 8,36,I36,https://efiling.energysafety.ca.gov/eFiling/Getfile.aspx?fileid=56226&shareable=true
T8R-aee4e12b92b98d70,1080000027,1.t.2.b.ii,metric_label_update,1. Net addition (or removal) - overhead circuit miles,Transmission,HFTD Tier 2,Rural,Non-WUI,Circuit miles,exact,0.031839015,,,SDG&E,2024,3,v3.2,1,3,SDGE_2024_Q3_Tables1-15_Rev1.xlsx,Table 8,37,I37,https://efiling.energysafety.ca.gov/eFiling/Getfile.aspx?fileid=56226&shareable=true
T8R-23552b3bf208710a,1080000028,1.t.2.c.i,metric_label_update,1. Net addition (or removal) - overhead circuit miles,Transmission,HFTD Tier 2,Highly rural,WUI,Circuit miles,exact,0,,,SDG&E,2024,3,v3.2,1,3,SDGE_2024_Q3_Tables1-15_Rev1.xlsx,Table 8,38,I38,https://efiling.energysafety.ca.gov/eFiling/Getfile.aspx?fileid=56226&shareable=true
T8R-f2f19c54bba63555,1080000029,1.t.2.c.ii,metric_label_update,1. Net addition (or removal) - overhead circuit miles,Transmission,HFTD Tier 2,Highly rural,Non-WUI,Circuit miles,exact,0,,,SDG&E,2024,3,v3.2,1,3,SDGE_2024_Q3_Tables1-15_Rev1.xlsx,Table 8,39,I39,https://efiling.energysafety.ca.gov/eFiling/Getfile.aspx?fileid=56226&shareable=true
T8R-e4ed1f779e24a4bb,1080000030,1.t.3.a.i,metric_label_update,1. Net addition (or removal) - overhead circuit miles,Transmission,HFTD Tier 3,Urban,WUI,Circuit miles,exact,0,,,SDG&E,2024,3,v3.2,1,3,SDGE_2024_Q3_Tables1-15_Rev1.xlsx,Table 8,40,I40,https://efiling.energysafety.ca.gov/eFiling/Getfile.aspx?fileid=56226&shareable=true
T8R-eb584a28ccae08a6,1080000031,1.t.3.a.ii,metric_label_update,1. Net addition (or removal) - overhead circuit miles,Transmission,HFTD Tier 3,Urban,Non-WUI,Circuit miles,exact,0,,,SDG&E,2024,3,v3.2,1,3,SDGE_2024_Q3_Tables1-15_Rev1.xlsx,Table 8,41,I41,https://efiling.energysafety.ca.gov/eFiling/Getfile.aspx?fileid=56226&shareable=true
T8R-afe2ee74c94812d2,1080000032,1.t.3.b.i,metric_label_update,1. Net addition (or removal) - overhead circuit miles,Transmission,HFTD Tier 3,Rural,WUI,Circuit miles,exact,-0.00030303,,,SDG&E,2024,3,v3.2,1,3,SDGE_2024_Q3_Tables1-15_Rev1.xlsx,Table 8,42,I42,https://efiling.energysafety.ca.gov/eFiling/Getfile.aspx?fileid=56226&shareable=true
T8R-a86f2bf8944984e3,1080000033,1.t.3.b.ii,metric_label_update,1. Net addition (or removal) - overhead circuit miles,Transmission,HFTD Tier 3,Rural,Non-WUI,Circuit miles,exact,1.687310606,,,SDG&E,2024,3,v3.2,1,3,SDGE_2024_Q3_Tables1-15_Rev1.xlsx,Table 8,43,I43,https://efiling.energysafety.ca.gov/eFiling/Getfile.aspx?fileid=56226&shareable=true
T8R-f6411ee3acd08359,1080000034,1.t.3.c.i,metric_label_update,1. Net addition (or removal) - overhead circuit miles,Transmission,HFTD Tier 3,Highly rural,WUI,Circuit miles,exact,0,,,SDG&E,2024,3,v3.2,1,3,SDGE_2024_Q3_Tables1-15_Rev1.xlsx,Table 8,44,I44,https://efiling.energysafety.ca.gov/eFiling/Getfile.aspx?fileid=56226&shareable=true
T8R-72886c07464d0310,1080000035,1.t.3.c.ii,metric_label_update,1. Net addition (or removal) - overhead circuit miles,Transmission,HFTD Tier 3,Highly rural,Non-WUI,Circuit miles,exact,0,,,SDG&E,2024,3,v3.2,1,3,SDGE_2024_Q3_Tables1-15_Rev1.xlsx,Table 8,45,I45,https://efiling.energysafety.ca.gov/eFiling/Getfile.aspx?fileid=56226&shareable=true
T8R-a5627d2cd2c76c6e,1080000036,2.d.0.a.i,metric_label_update,2. Net addition (or removal) - underground circuit miles,Distribution,Non-HFTD,Urban,WUI,Circuit miles,exact,1.295833333,,,SDG&E,2024,3,v3.2,1,3,SDGE_2024_Q3_Tables1-15_Rev1.xlsx,Table 8,46,I46,https://efiling.energysafety.ca.gov/eFiling/Getfile.aspx?fileid=56226&shareable=true
T8R-2d5c73f7e0a0bf5e,1080000037,2.d.0.a.ii,metric_label_update,2. Net addition (or removal) - underground circuit miles,Distribution,Non-HFTD,Urban,Non-WUI,Circuit miles,exact,5.181439394,,,SDG&E,2024,3,v3.2,1,3,SDGE_2024_Q3_Tables1-15_Rev1.xlsx,Table 8,47,I47,https://efiling.energysafety.ca.gov/eFiling/Getfile.aspx?fileid=56226&shareable=true
T8R-a14ce3ca85b0981e,1080000038,2.d.0.b.i,metric_label_update,2. Net addition (or removal) - underground circuit miles,Distribution,Non-HFTD,Rural,WUI,Circuit miles,exact,0.885795455,,,SDG&E,2024,3,v3.2,1,3,SDGE_2024_Q3_Tables1-15_Rev1.xlsx,Table 8,48,I48,https://efiling.energysafety.ca.gov/eFiling/Getfile.aspx?fileid=56226&shareable=true
T8R-478175bf777041a9,1080000039,2.d.0.b.ii,metric_label_update,2. Net addition (or removal) - underground circuit miles,Distribution,Non-HFTD,Rural,Non-WUI,Circuit miles,exact,2.892045455,,,SDG&E,2024,3,v3.2,1,3,SDGE_2024_Q3_Tables1-15_Rev1.xlsx,Table 8,49,I49,https://efiling.energysafety.ca.gov/eFiling/Getfile.aspx?fileid=56226&shareable=true
T8R-178732514ac5ac7e,1080000040,2.d.0.c.i,metric_label_update,2. Net addition (or removal) - underground circuit miles,Distribution,Non-HFTD,Highly rural,WUI,Circuit miles,exact,-0.024431818,,,SDG&E,2024,3,v3.2,1,3,SDGE_2024_Q3_Tables1-15_Rev1.xlsx,Table 8,50,I50,https://efiling.energysafety.ca.gov/eFiling/Getfile.aspx?fileid=56226&shareable=true
T8R-c8caf898d4aac03a,1080000041,2.d.0.c.ii,metric_label_update,2. Net addition (or removal) - underground circuit miles,Distribution,Non-HFTD,Highly rural,Non-WUI,Circuit miles,exact,-0.039583333,,,SDG&E,2024,3,v3.2,1,3,SDGE_2024_Q3_Tables1-15_Rev1.xlsx,Table 8,51,I51,https://efiling.energysafety.ca.gov/eFiling/Getfile.aspx?fileid=56226&shareable=true
T8R-ffb1ef961da959b7,1080000042,2.d.2.a.i,metric_label_update,2. Net addition (or removal) - underground circuit miles,Distribution,HFTD Tier 2,Urban,WUI,Circuit miles,exact,-0.084848485,,,SDG&E,2024,3,v3.2,1,3,SDGE_2024_Q3_Tables1-15_Rev1.xlsx,Table 8,52,I52,https://efiling.energysafety.ca.gov/eFiling/Getfile.aspx?fileid=56226&shareable=true
T8R-8cbdffedc6643068,1080000043,2.d.2.a.ii,metric_label_update,2. Net addition (or removal) - underground circuit miles,Distribution,HFTD Tier 2,Urban,Non-WUI,Circuit miles,exact,-0.000568182,,,SDG&E,2024,3,v3.2,1,3,SDGE_2024_Q3_Tables1-15_Rev1.xlsx,Table 8,53,I53,https://efiling.energysafety.ca.gov/eFiling/Getfile.aspx?fileid=56226&shareable=true
T8R-dd2fdaa798f30df4,1080000044,2.d.2.b.i,metric_label_update,2. Net addition (or removal) - underground circuit miles,Distribution,HFTD Tier 2,Rural,WUI,Circuit miles,exact,3.216098485,,,SDG&E,2024,3,v3.2,1,3,SDGE_2024_Q3_Tables1-15_Rev1.xlsx,Table 8,54,I54,https://efiling.energysafety.ca.gov/eFiling/Getfile.aspx?fileid=56226&shareable=true
T8R-4111d2b20d910b1a,1080000045,2.d.2.b.ii,metric_label_update,2. Net addition (or removal) - underground circuit miles,Distribution,HFTD Tier 2,Rural,Non-WUI,Circuit miles,exact,0.826325758,,,SDG&E,2024,3,v3.2,1,3,SDGE_2024_Q3_Tables1-15_Rev1.xlsx,Table 8,55,I55,https://efiling.energysafety.ca.gov/eFiling/Getfile.aspx?fileid=56226&shareable=true
T8R-9638d0d6cc55fe63,1080000046,2.d.2.c.i,metric_label_update,2. Net addition (or removal) - underground circuit miles,Distribution,HFTD Tier 2,Highly rural,WUI,Circuit miles,exact,0,,,SDG&E,2024,3,v3.2,1,3,SDGE_2024_Q3_Tables1-15_Rev1.xlsx,Table 8,56,I56,https://efiling.energysafety.ca.gov/eFiling/Getfile.aspx?fileid=56226&shareable=true
T8R-23d87869094fa129,1080000047,2.d.2.c.ii,metric_label_update,2. Net addition (or removal) - underground circuit miles,Distribution,HFTD Tier 2,Highly rural,Non-WUI,Circuit miles,exact,0.535037879,,,SDG&E,2024,3,v3.2,1,3,SDGE_2024_Q3_Tables1-15_Rev1.xlsx,Table 8,57,I57,https://efiling.energysafety.ca.gov/eFiling/Getfile.aspx?fileid=56226&shareable=true
T8R-3872c4a873e35daf,1080000048,2.d.3.a.i,metric_label_update,2. Net addition (or removal) - underground circuit miles,Distribution,HFTD Tier 3,Urban,WUI,Circuit miles,exact,0,,,SDG&E,2024,3,v3.2,1,3,SDGE_2024_Q3_Tables1-15_Rev1.xlsx,Table 8,58,I58,https://efiling.energysafety.ca.gov/eFiling/Getfile.aspx?fileid=56226&shareable=true
T8R-fc6c61e46b43fddd,1080000049,2.d.3.a.ii,metric_label_update,2. Net addition (or removal) - underground circuit miles,Distribution,HFTD Tier 3,Urban,Non-WUI,Circuit miles,exact,0,,,SDG&E,2024,3,v3.2,1,3,SDGE_2024_Q3_Tables1-15_Rev1.xlsx,Table 8,59,I59,https://efiling.energysafety.ca.gov/eFiling/Getfile.aspx?fileid=56226&shareable=true
T8R-e532a246aef15bb7,1080000050,2.d.3.b.i,metric_label_update,2. Net addition (or removal) - underground circuit miles,Distribution,HFTD Tier 3,Rural,WUI,Circuit miles,exact,4.255871212,,,SDG&E,2024,3,v3.2,1,3,SDGE_2024_Q3_Tables1-15_Rev1.xlsx,Table 8,60,I60,https://efiling.energysafety.ca.gov/eFiling/Getfile.aspx?fileid=56226&shareable=true
T8R-1d48ecaf8f8b4cac,1080000051,2.d.3.b.ii,metric_label_update,2. Net addition (or removal) - underground circuit miles,Distribution,HFTD Tier 3,Rural,Non-WUI,Circuit miles,exact,7.803977273,,,SDG&E,2024,3,v3.2,1,3,SDGE_2024_Q3_Tables1-15_Rev1.xlsx,Table 8,61,I61,https://efiling.energysafety.ca.gov/eFiling/Getfile.aspx?fileid=56226&shareable=true
T8R-f9543a4e6965bdd4,1080000052,2.d.3.c.i,metric_label_update,2. Net addition (or removal) - underground circuit miles,Distribution,HFTD Tier 3,Highly rural,WUI,Circuit miles,exact,0.009090909,,,SDG&E,2024,3,v3.2,1,3,SDGE_2024_Q3_Tables1-15_Rev1.xlsx,Table 8,62,I62,https://efiling.energysafety.ca.gov/eFiling/Getfile.aspx?fileid=56226&shareable=true
T8R-d610af07f8c316eb,1080000053,2.d.3.c.ii,metric_label_update,2. Net addition (or removal) - underground circuit miles,Distribution,HFTD Tier 3,Highly rural,Non-WUI,Circuit miles,exact,0.085606061,,,SDG&E,2024,3,v3.2,1,3,SDGE_2024_Q3_Tables1-15_Rev1.xlsx,Table 8,63,I63,https://efiling.energysafety.ca.gov/eFiling/Getfile.aspx?fileid=56226&shareable=true
T8R-bcc734ec98e29541,1080000054,2.t.0.a.i,metric_label_update,2. Net addition (or removal) - underground circuit miles,Transmission,Non-HFTD,Urban,WUI,Circuit miles,exact,0,,,SDG&E,2024,3,v3.2,1,3,SDGE_2024_Q3_Tables1-15_Rev1.xlsx,Table 8,64,I64,https://efiling.energysafety.ca.gov/eFiling/Getfile.aspx?fileid=56226&shareable=true
T8R-24cb0175211e1f0f,1080000055,2.t.0.a.ii,metric_label_update,2. Net addition (or removal) - underground circuit miles,Transmission,Non-HFTD,Urban,Non-WUI,Circuit miles,exact,0,,,SDG&E,2024,3,v3.2,1,3,SDGE_2024_Q3_Tables1-15_Rev1.xlsx,Table 8,65,I65,https://efiling.energysafety.ca.gov/eFiling/Getfile.aspx?fileid=56226&shareable=true
T8R-f28d22643250ca4f,1080000056,2.t.0.b.i,metric_label_update,2. Net addition (or removal) - underground circuit miles,Transmission,Non-HFTD,Rural,WUI,Circuit miles,exact,-0.011458333,,,SDG&E,2024,3,v3.2,1,3,SDGE_2024_Q3_Tables1-15_Rev1.xlsx,Table 8,66,I66,https://efiling.energysafety.ca.gov/eFiling/Getfile.aspx?fileid=56226&shareable=true
T8R-580cc86b771180d8,1080000057,2.t.0.b.ii,metric_label_update,2. Net addition (or removal) - underground circuit miles,Transmission,Non-HFTD,Rural,Non-WUI,Circuit miles,exact,-0.011325758,,,SDG&E,2024,3,v3.2,1,3,SDGE_2024_Q3_Tables1-15_Rev1.xlsx,Table 8,67,I67,https://efiling.energysafety.ca.gov/eFiling/Getfile.aspx?fileid=56226&shareable=true
T8R-daa57f1dd850c65c,1080000058,2.t.0.c.i,metric_label_update,2. Net addition (or removal) - underground circuit miles,Transmission,Non-HFTD,Highly rural,WUI,Circuit miles,exact,0,,,SDG&E,2024,3,v3.2,1,3,SDGE_2024_Q3_Tables1-15_Rev1.xlsx,Table 8,68,I68,https://efiling.energysafety.ca.gov/eFiling/Getfile.aspx?fileid=56226&shareable=true
T8R-1cbbb961c9d326c2,1080000059,2.t.0.c.ii,metric_label_update,2. Net addition (or removal) - underground circuit miles,Transmission,Non-HFTD,Highly rural,Non-WUI,Circuit miles,exact,0,,,SDG&E,2024,3,v3.2,1,3,SDGE_2024_Q3_Tables1-15_Rev1.xlsx,Table 8,69,I69,https://efiling.energysafety.ca.gov/eFiling/Getfile.aspx?fileid=56226&shareable=true
T8R-04fcb4f14e98cf72,1080000060,2.t.2.a.i,metric_label_update,2. Net addition (or removal) - underground circuit miles,Transmission,HFTD Tier 2,Urban,WUI,Circuit miles,exact,0,,,SDG&E,2024,3,v3.2,1,3,SDGE_2024_Q3_Tables1-15_Rev1.xlsx,Table 8,70,I70,https://efiling.energysafety.ca.gov/eFiling/Getfile.aspx?fileid=56226&shareable=true
T8R-cbba7634aada8198,1080000061,2.t.2.a.ii,metric_label_update,2. Net addition (or removal) - underground circuit miles,Transmission,HFTD Tier 2,Urban,Non-WUI,Circuit miles,exact,0,,,SDG&E,2024,3,v3.2,1,3,SDGE_2024_Q3_Tables1-15_Rev1.xlsx,Table 8,71,I71,https://efiling.energysafety.ca.gov/eFiling/Getfile.aspx?fileid=56226&shareable=true
T8R-0394602f02a7b5e3,1080000062,2.t.2.b.i,metric_label_update,2. Net addition (or removal) - underground circuit miles,Transmission,HFTD Tier 2,Rural,WUI,Circuit miles,exact,0,,,SDG&E,2024,3,v3.2,1,3,SDGE_2024_Q3_Tables1-15_Rev1.xlsx,Table 8,72,I72,https://efiling.energysafety.ca.gov/eFiling/Getfile.aspx?fileid=56226&shareable=true
T8R-c85f1d10334e8368,1080000063,2.t.2.b.ii,metric_label_update,2. Net addition (or removal) - underground circuit miles,Transmission,HFTD Tier 2,Rural,Non-WUI,Circuit miles,exact,-3.93939e-10,,,SDG&E,2024,3,v3.2,1,3,SDGE_2024_Q3_Tables1-15_Rev1.xlsx,Table 8,73,I73,https://efiling.energysafety.ca.gov/eFiling/Getfile.aspx?fileid=56226&shareable=true
T8R-43828219830026f7,1080000064,2.t.2.c.i,metric_label_update,2. Net addition (or removal) - underground circuit miles,Transmission,HFTD Tier 2,Highly rural,WUI,Circuit miles,exact,0,,,SDG&E,2024,3,v3.2,1,3,SDGE_2024_Q3_Tables1-15_Rev1.xlsx,Table 8,74,I74,https://efiling.energysafety.ca.gov/eFiling/Getfile.aspx?fileid=56226&shareable=true
T8R-405a15c07f12398e,1080000065,2.t.2.c.ii,metric_label_update,2. Net addition (or removal) - underground circuit miles,Transmission,HFTD Tier 2,Highly rural,Non-WUI,Circuit miles,exact,0,,,SDG&E,2024,3,v3.2,1,3,SDGE_2024_Q3_Tables1-15_Rev1.xlsx,Table 8,75,I75,https://efiling.energysafety.ca.gov/eFiling/Getfile.aspx?fileid=56226&shareable=true
T8R-87ea2970e68370b8,1080000066,2.t.3.a.i,metric_label_update,2. Net addition (or removal) - underground circuit miles,Transmission,HFTD Tier 3,Urban,WUI,Circuit miles,exact,0,,,SDG&E,2024,3,v3.2,1,3,SDGE_2024_Q3_Tables1-15_Rev1.xlsx,Table 8,76,I76,https://efiling.energysafety.ca.gov/eFiling/Getfile.aspx?fileid=56226&shareable=true
T8R-cd22a720fd4d9168,1080000067,2.t.3.a.ii,metric_label_update,2. Net addition (or removal) - underground circuit miles,Transmission,HFTD Tier 3,Urban,Non-WUI,Circuit miles,exact,0,,,SDG&E,2024,3,v3.2,1,3,SDGE_2024_Q3_Tables1-15_Rev1.xlsx,Table 8,77,I77,https://efiling.energysafety.ca.gov/eFiling/Getfile.aspx?fileid=56226&shareable=true
T8R-83ac01a53f7a24ce,1080000068,2.t.3.b.i,metric_label_update,2. Net addition (or removal) - underground circuit miles,Transmission,HFTD Tier 3,Rural,WUI,Circuit miles,exact,0,,,SDG&E,2024,3,v3.2,1,3,SDGE_2024_Q3_Tables1-15_Rev1.xlsx,Table 8,78,I78,https://efiling.energysafety.ca.gov/eFiling/Getfile.aspx?fileid=56226&shareable=true
T8R-90a5f5ed2427fa90,1080000069,2.t.3.b.ii,metric_label_update,2. Net addition (or removal) - underground circuit miles,Transmission,HFTD Tier 3,Rural,Non-WUI,Circuit miles,exact,0,,,SDG&E,2024,3,v3.2,1,3,SDGE_2024_Q3_Tables1-15_Rev1.xlsx,Table 8,79,I79,https://efiling.energysafety.ca.gov/eFiling/Getfile.aspx?fileid=56226&shareable=true
T8R-a7bd1653bf2c6055,1080000070,2.t.3.c.i,metric_label_update,2. Net addition (or removal) - underground circuit miles,Transmission,HFTD Tier 3,Highly rural,WUI,Circuit miles,exact,0,,,SDG&E,2024,3,v3.2,1,3,SDGE_2024_Q3_Tables1-15_Rev1.xlsx,Table 8,80,I80,https://efiling.energysafety.ca.gov/eFiling/Getfile.aspx?fileid=56226&shareable=true
T8R-334f0bf0984ea0de,1080000071,2.t.3.c.ii,metric_label_update,2. Net addition (or removal) - underground circuit miles,Transmission,HFTD Tier 3,Highly rural,Non-WUI,Circuit miles,exact,0,,,SDG&E,2024,3,v3.2,1,3,SDGE_2024_Q3_Tables1-15_Rev1.xlsx,Table 8,81,I81,https://efiling.energysafety.ca.gov/eFiling/Getfile.aspx?fileid=56226&shareable=true
T8R-eadbabbb2d2f347f,1080000072,3.0.a.i,metric_label_update_and_na_to_null,3. Net addition (or removal) - Substations,,Non-HFTD,Urban,WUI,Number of substations,exact,0,,,SDG&E,2024,3,v3.2,1,3,SDGE_2024_Q3_Tables1-15_Rev1.xlsx,Table 8,82,I82,https://efiling.energysafety.ca.gov/eFiling/Getfile.aspx?fileid=56226&shareable=true
T8R-3923e7107b5a9dea,1080000073,3.0.a.ii,metric_label_update_and_na_to_null,3. Net addition (or removal) - Substations,,Non-HFTD,Urban,Non-WUI,Number of substations,exact,0,,,SDG&E,2024,3,v3.2,1,3,SDGE_2024_Q3_Tables1-15_Rev1.xlsx,Table 8,83,I83,https://efiling.energysafety.ca.gov/eFiling/Getfile.aspx?fileid=56226&shareable=true
T8R-a379b0d7cf83d9ad,1080000074,3.0.b.i,metric_label_update_and_na_to_null,3. Net addition (or removal) - Substations,,Non-HFTD,Rural,WUI,Number of substations,exact,0,,,SDG&E,2024,3,v3.2,1,3,SDGE_2024_Q3_Tables1-15_Rev1.xlsx,Table 8,84,I84,https://efiling.energysafety.ca.gov/eFiling/Getfile.aspx?fileid=56226&shareable=true
T8R-068763d1eb794e89,1080000075,3.0.b.ii,metric_label_update_and_na_to_null,3. Net addition (or removal) - Substations,,Non-HFTD,Rural,Non-WUI,Number of substations,exact,0,,,SDG&E,2024,3,v3.2,1,3,SDGE_2024_Q3_Tables1-15_Rev1.xlsx,Table 8,85,I85,https://efiling.energysafety.ca.gov/eFiling/Getfile.aspx?fileid=56226&shareable=true
T8R-c34e06c3dbd01caf,1080000076,3.0.c.i,metric_label_update_and_na_to_null,3. Net addition (or removal) - Substations,,Non-HFTD,Highly rural,WUI,Number of substations,exact,0,,,SDG&E,2024,3,v3.2,1,3,SDGE_2024_Q3_Tables1-15_Rev1.xlsx,Table 8,86,I86,https://efiling.energysafety.ca.gov/eFiling/Getfile.aspx?fileid=56226&shareable=true
T8R-80b946bba94d4364,1080000077,3.0.c.ii,metric_label_update_and_na_to_null,3. Net addition (or removal) - Substations,,Non-HFTD,Highly rural,Non-WUI,Number of substations,exact,0,,,SDG&E,2024,3,v3.2,1,3,SDGE_2024_Q3_Tables1-15_Rev1.xlsx,Table 8,87,I87,https://efiling.energysafety.ca.gov/eFiling/Getfile.aspx?fileid=56226&shareable=true
T8R-edb3a7ba296d0557,1080000078,3.2.a.i,metric_label_update_and_na_to_null,3. Net addition (or removal) - Substations,,HFTD Tier 2,Urban,WUI,Number of substations,exact,0,,,SDG&E,2024,3,v3.2,1,3,SDGE_2024_Q3_Tables1-15_Rev1.xlsx,Table 8,88,I88,https://efiling.energysafety.ca.gov/eFiling/Getfile.aspx?fileid=56226&shareable=true
T8R-33a900b1ae8d79fe,1080000079,3.2.a.ii,metric_label_update_and_na_to_null,3. Net addition (or removal) - Substations,,HFTD Tier 2,Urban,Non-WUI,Number of substations,exact,0,,,SDG&E,2024,3,v3.2,1,3,SDGE_2024_Q3_Tables1-15_Rev1.xlsx,Table 8,89,I89,https://efiling.energysafety.ca.gov/eFiling/Getfile.aspx?fileid=56226&shareable=true
T8R-68e0429e10abba49,1080000080,3.2.b.i,metric_label_update_and_na_to_null,3. Net addition (or removal) - Substations,,HFTD Tier 2,Rural,WUI,Number of substations,exact,0,,,SDG&E,2024,3,v3.2,1,3,SDGE_2024_Q3_Tables1-15_Rev1.xlsx,Table 8,90,I90,https://efiling.energysafety.ca.gov/eFiling/Getfile.aspx?fileid=56226&shareable=true
T8R-f1f9f86119a9427b,1080000081,3.2.b.ii,metric_label_update_and_na_to_null,3. Net addition (or removal) - Substations,,HFTD Tier 2,Rural,Non-WUI,Number of substations,exact,0,,,SDG&E,2024,3,v3.2,1,3,SDGE_2024_Q3_Tables1-15_Rev1.xlsx,Table 8,91,I91,https://efiling.energysafety.ca.gov/eFiling/Getfile.aspx?fileid=56226&shareable=true
T8R-1298de8ef2e37a1d,1080000082,3.2.c.i,metric_label_update_and_na_to_null,3. Net addition (or removal) - Substations,,HFTD Tier 2,Highly rural,WUI,Number of substations,exact,0,,,SDG&E,2024,3,v3.2,1,3,SDGE_2024_Q3_Tables1-15_Rev1.xlsx,Table 8,92,I92,https://efiling.energysafety.ca.gov/eFiling/Getfile.aspx?fileid=56226&shareable=true
T8R-9b3faa834fc72d02,1080000083,3.2.c.ii,metric_label_update_and_na_to_null,3. Net addition (or removal) - Substations,,HFTD Tier 2,Highly rural,Non-WUI,Number of substations,exact,0,,,SDG&E,2024,3,v3.2,1,3,SDGE_2024_Q3_Tables1-15_Rev1.xlsx,Table 8,93,I93,https://efiling.energysafety.ca.gov/eFiling/Getfile.aspx?fileid=56226&shareable=true
T8R-3ddd3e8825aafd1e,1080000084,3.3.a.i,metric_label_update_and_na_to_null,3. Net addition (or removal) - Substations,,HFTD Tier 3,Urban,WUI,Number of substations,exact,0,,,SDG&E,2024,3,v3.2,1,3,SDGE_2024_Q3_Tables1-15_Rev1.xlsx,Table 8,94,I94,https://efiling.energysafety.ca.gov/eFiling/Getfile.aspx?fileid=56226&shareable=true
T8R-73a21dc4b42a97cc,1080000085,3.3.a.ii,metric_label_update_and_na_to_null,3. Net addition (or removal) - Substations,,HFTD Tier 3,Urban,Non-WUI,Number of substations,exact,0,,,SDG&E,2024,3,v3.2,1,3,SDGE_2024_Q3_Tables1-15_Rev1.xlsx,Table 8,95,I95,https://efiling.energysafety.ca.gov/eFiling/Getfile.aspx?fileid=56226&shareable=true
T8R-20600ca4a4dc9dc0,1080000086,3.3.b.i,metric_label_update_and_na_to_null,3. Net addition (or removal) - Substations,,HFTD Tier 3,Rural,WUI,Number of substations,exact,0,,,SDG&E,2024,3,v3.2,1,3,SDGE_2024_Q3_Tables1-15_Rev1.xlsx,Table 8,96,I96,https://efiling.energysafety.ca.gov/eFiling/Getfile.aspx?fileid=56226&shareable=true
T8R-b27f1c7a5a7cb0c3,1080000087,3.3.b.ii,metric_label_update_and_na_to_null,3. Net addition (or removal) - Substations,,HFTD Tier 3,Rural,Non-WUI,Number of substations,exact,0,,,SDG&E,2024,3,v3.2,1,3,SDGE_2024_Q3_Tables1-15_Rev1.xlsx,Table 8,97,I97,https://efiling.energysafety.ca.gov/eFiling/Getfile.aspx?fileid=56226&shareable=true
T8R-f51036cc57942595,1080000088,3.3.c.i,metric_label_update_and_na_to_null,3. Net addition (or removal) - Substations,,HFTD Tier 3,Highly rural,WUI,Number of substations,exact,0,,,SDG&E,2024,3,v3.2,1,3,SDGE_2024_Q3_Tables1-15_Rev1.xlsx,Table 8,98,I98,https://efiling.energysafety.ca.gov/eFiling/Getfile.aspx?fileid=56226&shareable=true
T8R-8e6cb13911e07876,1080000089,3.3.c.ii,metric_label_update_and_na_to_null,3. Net addition (or removal) - Substations,,HFTD Tier 3,Highly rural,Non-WUI,Number of substations,exact,0,,,SDG&E,2024,3,v3.2,1,3,SDGE_2024_Q3_Tables1-15_Rev1.xlsx,Table 8,99,I99,https://efiling.energysafety.ca.gov/eFiling/Getfile.aspx?fileid=56226&shareable=true
T8R-3e3297c36d2c3844,1080000090,4.0.a.i,metric_label_update_and_na_to_null,4. Net addition (or removal) - Weather stations,,Non-HFTD,Urban,WUI,Number of weather stations,exact,0,,,SDG&E,2024,3,v3.2,1,3,SDGE_2024_Q3_Tables1-15_Rev1.xlsx,Table 8,100,I100,https://efiling.energysafety.ca.gov/eFiling/Getfile.aspx?fileid=56226&shareable=true
T8R-72a23a55d6bbb74b,1080000091,4.0.a.ii,metric_label_update_and_na_to_null,4. Net addition (or removal) - Weather stations,,Non-HFTD,Urban,Non-WUI,Number of weather stations,exact,0,,,SDG&E,2024,3,v3.2,1,3,SDGE_2024_Q3_Tables1-15_Rev1.xlsx,Table 8,101,I101,https://efiling.energysafety.ca.gov/eFiling/Getfile.aspx?fileid=56226&shareable=true
T8R-84487319078ffc2d,1080000092,4.0.b.i,metric_label_update_and_na_to_null,4. Net addition (or removal) - Weather stations,,Non-HFTD,Rural,WUI,Number of weather stations,exact,0,,,SDG&E,2024,3,v3.2,1,3,SDGE_2024_Q3_Tables1-15_Rev1.xlsx,Table 8,102,I102,https://efiling.energysafety.ca.gov/eFiling/Getfile.aspx?fileid=56226&shareable=true
T8R-5ca6a01d8acaf9ed,1080000093,4.0.b.ii,metric_label_update_and_na_to_null,4. Net addition (or removal) - Weather stations,,Non-HFTD,Rural,Non-WUI,Number of weather stations,exact,0,,,SDG&E,2024,3,v3.2,1,3,SDGE_2024_Q3_Tables1-15_Rev1.xlsx,Table 8,103,I103,https://efiling.energysafety.ca.gov/eFiling/Getfile.aspx?fileid=56226&shareable=true
T8R-bbc7c3e1406f9e1f,1080000094,4.0.c.i,metric_label_update_and_na_to_null,4. Net addition (or removal) - Weather stations,,Non-HFTD,Highly rural,WUI,Number of weather stations,exact,0,,,SDG&E,2024,3,v3.2,1,3,SDGE_2024_Q3_Tables1-15_Rev1.xlsx,Table 8,104,I104,https://efiling.energysafety.ca.gov/eFiling/Getfile.aspx?fileid=56226&shareable=true
T8R-8834dfb6c23f8e14,1080000095,4.0.c.ii,metric_label_update_and_na_to_null,4. Net addition (or removal) - Weather stations,,Non-HFTD,Highly rural,Non-WUI,Number of weather stations,exact,0,,,SDG&E,2024,3,v3.2,1,3,SDGE_2024_Q3_Tables1-15_Rev1.xlsx,Table 8,105,I105,https://efiling.energysafety.ca.gov/eFiling/Getfile.aspx?fileid=56226&shareable=true
T8R-4dc26490a982e30c,1080000096,4.2.a.i,metric_label_update_and_na_to_null,4. Net addition (or removal) - Weather stations,,HFTD Tier 2,Urban,WUI,Number of weather stations,exact,0,,,SDG&E,2024,3,v3.2,1,3,SDGE_2024_Q3_Tables1-15_Rev1.xlsx,Table 8,106,I106,https://efiling.energysafety.ca.gov/eFiling/Getfile.aspx?fileid=56226&shareable=true
T8R-54e1b03df9c4a1ad,1080000097,4.2.a.ii,metric_label_update_and_na_to_null,4. Net addition (or removal) - Weather stations,,HFTD Tier 2,Urban,Non-WUI,Number of weather stations,exact,0,,,SDG&E,2024,3,v3.2,1,3,SDGE_2024_Q3_Tables1-15_Rev1.xlsx,Table 8,107,I107,https://efiling.energysafety.ca.gov/eFiling/Getfile.aspx?fileid=56226&shareable=true
T8R-f6837ed0690bc61d,1080000098,4.2.b.i,metric_label_update_and_na_to_null,4. Net addition (or removal) - Weather stations,,HFTD Tier 2,Rural,WUI,Number of weather stations,exact,0,,,SDG&E,2024,3,v3.2,1,3,SDGE_2024_Q3_Tables1-15_Rev1.xlsx,Table 8,108,I108,https://efiling.energysafety.ca.gov/eFiling/Getfile.aspx?fileid=56226&shareable=true
T8R-66c2acee0fe261ec,1080000099,4.2.b.ii,metric_label_update_and_na_to_null,4. Net addition (or removal) - Weather stations,,HFTD Tier 2,Rural,Non-WUI,Number of weather stations,exact,0,,,SDG&E,2024,3,v3.2,1,3,SDGE_2024_Q3_Tables1-15_Rev1.xlsx,Table 8,109,I109,https://efiling.energysafety.ca.gov/eFiling/Getfile.aspx?fileid=56226&shareable=true
T8R-fe92bc2e22a91e05,1080000100,4.2.c.i,metric_label_update_and_na_to_null,4. Net addition (or removal) - Weather stations,,HFTD Tier 2,Highly rural,WUI,Number of weather stations,exact,0,,,SDG&E,2024,3,v3.2,1,3,SDGE_2024_Q3_Tables1-15_Rev1.xlsx,Table 8,110,I110,https://efiling.energysafety.ca.gov/eFiling/Getfile.aspx?fileid=56226&shareable=true
T8R-438289f3f82c5af1,1080000101,4.2.c.ii,metric_label_update_and_na_to_null,4. Net addition (or removal) - Weather stations,,HFTD Tier 2,Highly rural,Non-WUI,Number of weather stations,exact,0,,,SDG&E,2024,3,v3.2,1,3,SDGE_2024_Q3_Tables1-15_Rev1.xlsx,Table 8,111,I111,https://efiling.energysafety.ca.gov/eFiling/Getfile.aspx?fileid=56226&shareable=true
T8R-6c3d5f338af6613f,1080000102,4.3.a.i,metric_label_update_and_na_to_null,4. Net addition (or removal) - Weather stations,,HFTD Tier 3,Urban,WUI,Number of weather stations,exact,0,,,SDG&E,2024,3,v3.2,1,3,SDGE_2024_Q3_Tables1-15_Rev1.xlsx,Table 8,112,I112,https://efiling.energysafety.ca.gov/eFiling/Getfile.aspx?fileid=56226&shareable=true
T8R-65846170ab0bc272,1080000103,4.3.a.ii,metric_label_update_and_na_to_null,4. Net addition (or removal) - Weather stations,,HFTD Tier 3,Urban,Non-WUI,Number of weather stations,exact,0,,,SDG&E,2024,3,v3.2,1,3,SDGE_2024_Q3_Tables1-15_Rev1.xlsx,Table 8,113,I113,https://efiling.energysafety.ca.gov/eFiling/Getfile.aspx?fileid=56226&shareable=true
T8R-8093570b3cf49036,1080000104,4.3.b.i,metric_label_update_and_na_to_null,4. Net addition (or removal) - Weather stations,,HFTD Tier 3,Rural,WUI,Number of weather stations,exact,0,,,SDG&E,2024,3,v3.2,1,3,SDGE_2024_Q3_Tables1-15_Rev1.xlsx,Table 8,114,I114,https://efiling.energysafety.ca.gov/eFiling/Getfile.aspx?fileid=56226&shareable=true
T8R-2df09cabef17ea35,1080000105,4.3.b.ii,metric_label_update_and_na_to_null,4. Net addition (or removal) - Weather stations,,HFTD Tier 3,Rural,Non-WUI,Number of weather stations,exact,0,"Weather station removals or addtions are sourced from businesses, table 7 is sourced from GIS database. A small difference is observed due to data digitizing processes.",,SDG&E,2024,3,v3.2,1,3,SDGE_2024_Q3_Tables1-15_Rev1.xlsx,Table 8,115,I115,https://efiling.energysafety.ca.gov/eFiling/Getfile.aspx?fileid=56226&shareable=true
T8R-0f66e4db0b560fd5,1080000106,4.3.c.i,metric_label_update_and_na_to_null,4. Net addition (or removal) - Weather stations,,HFTD Tier 3,Highly rural,WUI,Number of weather stations,exact,0,,,SDG&E,2024,3,v3.2,1,3,SDGE_2024_Q3_Tables1-15_Rev1.xlsx,Table 8,116,I116,https://efiling.energysafety.ca.gov/eFiling/Getfile.aspx?fileid=56226&shareable=true
T8R-e341b3f829cc7e82,1080000107,4.3.c.ii,metric_label_update_and_na_to_null,4. Net addition (or removal) - Weather stations,,HFTD Tier 3,Highly rural,Non-WUI,Number of weather stations,exact,0,,,SDG&E,2024,3,v3.2,1,3,SDGE_2024_Q3_Tables1-15_Rev1.xlsx,Table 8,117,I117,https://efiling.energysafety.ca.gov/eFiling/Getfile.aspx?fileid=56226&shareable=true
T8R-b4489ae3f9217845,1080000000,1.d.0.a.i,metric_label_update,1. Net addition (or removal) - overhead circuit miles,Distribution,Non-HFTD,Urban,WUI,Circuit miles,exact,-1.7722,,,SDG&E,2024,4,v3.2,1,4,SDGE_2024_Q4_Tables1-15_R1.xlsx,Table 8,10,I10,https://efiling.energysafety.ca.gov/eFiling/Getfile.aspx?fileid=56226&shareable=true
T8R-b3267e67b16bc957,1080000001,1.d.0.a.ii,metric_label_update,1. Net addition (or removal) - overhead circuit miles,Distribution,Non-HFTD,Urban,Non-WUI,Circuit miles,exact,1.5875,,,SDG&E,2024,4,v3.2,1,4,SDGE_2024_Q4_Tables1-15_R1.xlsx,Table 8,11,I11,https://efiling.energysafety.ca.gov/eFiling/Getfile.aspx?fileid=56226&shareable=true
T8R-339a1751dd26d503,1080000002,1.d.0.b.i,metric_label_update,1. Net addition (or removal) - overhead circuit miles,Distribution,Non-HFTD,Rural,WUI,Circuit miles,exact,1.5663,,,SDG&E,2024,4,v3.2,1,4,SDGE_2024_Q4_Tables1-15_R1.xlsx,Table 8,12,I12,https://efiling.energysafety.ca.gov/eFiling/Getfile.aspx?fileid=56226&shareable=true
T8R-8c3f0fed11ee3c0e,1080000003,1.d.0.b.ii,metric_label_update,1. Net addition (or removal) - overhead circuit miles,Distribution,Non-HFTD,Rural,Non-WUI,Circuit miles,exact,-3.9902,,,SDG&E,2024,4,v3.2,1,4,SDGE_2024_Q4_Tables1-15_R1.xlsx,Table 8,13,I13,https://efiling.energysafety.ca.gov/eFiling/Getfile.aspx?fileid=56226&shareable=true
T8R-326bbd7eee5857d5,1080000004,1.d.0.c.i,metric_label_update,1. Net addition (or removal) - overhead circuit miles,Distribution,Non-HFTD,Highly rural,WUI,Circuit miles,exact,0,,,SDG&E,2024,4,v3.2,1,4,SDGE_2024_Q4_Tables1-15_R1.xlsx,Table 8,14,I14,https://efiling.energysafety.ca.gov/eFiling/Getfile.aspx?fileid=56226&shareable=true
T8R-e463db3c434ff51e,1080000005,1.d.0.c.ii,metric_label_update,1. Net addition (or removal) - overhead circuit miles,Distribution,Non-HFTD,Highly rural,Non-WUI,Circuit miles,exact,-0.3009,,,SDG&E,2024,4,v3.2,1,4,SDGE_2024_Q4_Tables1-15_R1.xlsx,Table 8,15,I15,https://efiling.energysafety.ca.gov/eFiling/Getfile.aspx?fileid=56226&shareable=true
T8R-b107d87b4c812ffc,1080000006,1.d.2.a.i,metric_label_update,1. Net addition (or removal) - overhead circuit miles,Distribution,HFTD Tier 2,Urban,WUI,Circuit miles,exact,0.4481,,,SDG&E,2024,4,v3.2,1,4,SDGE_2024_Q4_Tables1-15_R1.xlsx,Table 8,16,I16,https://efiling.energysafety.ca.gov/eFiling/Getfile.aspx?fileid=56226&shareable=true
T8R-50826e05391311c4,1080000007,1.d.2.a.ii,metric_label_update,1. Net addition (or removal) - overhead circuit miles,Distribution,HFTD Tier 2,Urban,Non-WUI,Circuit miles,exact,-0.2011,,,SDG&E,2024,4,v3.2,1,4,SDGE_2024_Q4_Tables1-15_R1.xlsx,Table 8,17,I17,https://efiling.energysafety.ca.gov/eFiling/Getfile.aspx?fileid=56226&shareable=true
T8R-7f450d3b57bd3785,1080000008,1.d.2.b.i,metric_label_update,1. Net addition (or removal) - overhead circuit miles,Distribution,HFTD Tier 2,Rural,WUI,Circuit miles,exact,-2.4445,,,SDG&E,2024,4,v3.2,1,4,SDGE_2024_Q4_Tables1-15_R1.xlsx,Table 8,18,I18,https://efiling.energysafety.ca.gov/eFiling/Getfile.aspx?fileid=56226&shareable=true
T8R-7a0e717c8e6383fe,1080000009,1.d.2.b.ii,metric_label_update,1. Net addition (or removal) - overhead circuit miles,Distribution,HFTD Tier 2,Rural,Non-WUI,Circuit miles,exact,-2.7843,,,SDG&E,2024,4,v3.2,1,4,SDGE_2024_Q4_Tables1-15_R1.xlsx,Table 8,19,I19,https://efiling.energysafety.ca.gov/eFiling/Getfile.aspx?fileid=56226&shareable=true
T8R-2e60492893e4e4e6,1080000010,1.d.2.c.i,metric_label_update,1. Net addition (or removal) - overhead circuit miles,Distribution,HFTD Tier 2,Highly rural,WUI,Circuit miles,exact,0.0129,,,SDG&E,2024,4,v3.2,1,4,SDGE_2024_Q4_Tables1-15_R1.xlsx,Table 8,20,I20,https://efiling.energysafety.ca.gov/eFiling/Getfile.aspx?fileid=56226&shareable=true
T8R-cdd71343ff52c7d4,1080000011,1.d.2.c.ii,metric_label_update,1. Net addition (or removal) - overhead circuit miles,Distribution,HFTD Tier 2,Highly rural,Non-WUI,Circuit miles,exact,0.0542,,,SDG&E,2024,4,v3.2,1,4,SDGE_2024_Q4_Tables1-15_R1.xlsx,Table 8,21,I21,https://efiling.energysafety.ca.gov/eFiling/Getfile.aspx?fileid=56226&shareable=true
T8R-29a29dafaf5c17d8,1080000012,1.d.3.a.i,metric_label_update,1. Net addition (or removal) - overhead circuit miles,Distribution,HFTD Tier 3,Urban,WUI,Circuit miles,exact,0.2972,,,SDG&E,2024,4,v3.2,1,4,SDGE_2024_Q4_Tables1-15_R1.xlsx,Table 8,22,I22,https://efiling.energysafety.ca.gov/eFiling/Getfile.aspx?fileid=56226&shareable=true
T8R-1aa32c709a879a77,1080000013,1.d.3.a.ii,metric_label_update,1. Net addition (or removal) - overhead circuit miles,Distribution,HFTD Tier 3,Urban,Non-WUI,Circuit miles,exact,0.0585,,,SDG&E,2024,4,v3.2,1,4,SDGE_2024_Q4_Tables1-15_R1.xlsx,Table 8,23,I23,https://efiling.energysafety.ca.gov/eFiling/Getfile.aspx?fileid=56226&shareable=true
T8R-5a2c265fe5aeca95,1080000014,1.d.3.b.i,metric_label_update,1. Net addition (or removal) - overhead circuit miles,Distribution,HFTD Tier 3,Rural,WUI,Circuit miles,exact,-1.858,,,SDG&E,2024,4,v3.2,1,4,SDGE_2024_Q4_Tables1-15_R1.xlsx,Table 8,24,I24,https://efiling.energysafety.ca.gov/eFiling/Getfile.aspx?fileid=56226&shareable=true
T8R-abeb29ecf34712cf,1080000015,1.d.3.b.ii,metric_label_update,1. Net addition (or removal) - overhead circuit miles,Distribution,HFTD Tier 3,Rural,Non-WUI,Circuit miles,exact,-2.4318,,,SDG&E,2024,4,v3.2,1,4,SDGE_2024_Q4_Tables1-15_R1.xlsx,Table 8,25,I25,https://efiling.energysafety.ca.gov/eFiling/Getfile.aspx?fileid=56226&shareable=true
T8R-0f4717be01d408c3,1080000016,1.d.3.c.i,metric_label_update,1. Net addition (or removal) - overhead circuit miles,Distribution,HFTD Tier 3,Highly rural,WUI,Circuit miles,exact,-0.0737,,,SDG&E,2024,4,v3.2,1,4,SDGE_2024_Q4_Tables1-15_R1.xlsx,Table 8,26,I26,https://efiling.energysafety.ca.gov/eFiling/Getfile.aspx?fileid=56226&shareable=true
T8R-c4f0891c06e81b72,1080000017,1.d.3.c.ii,metric_label_update,1. Net addition (or removal) - overhead circuit miles,Distribution,HFTD Tier 3,Highly rural,Non-WUI,Circuit miles,exact,-3.5943,,,SDG&E,2024,4,v3.2,1,4,SDGE_2024_Q4_Tables1-15_R1.xlsx,Table 8,27,I27,https://efiling.energysafety.ca.gov/eFiling/Getfile.aspx?fileid=56226&shareable=true
T8R-fb6c705ea6be45cd,1080000018,1.t.0.a.i,metric_label_update,1. Net addition (or removal) - overhead circuit miles,Transmission,Non-HFTD,Urban,WUI,Circuit miles,exact,0.4369,,,SDG&E,2024,4,v3.2,1,4,SDGE_2024_Q4_Tables1-15_R1.xlsx,Table 8,28,I28,https://efiling.energysafety.ca.gov/eFiling/Getfile.aspx?fileid=56226&shareable=true
T8R-57c1ac588b346281,1080000019,1.t.0.a.ii,metric_label_update,1. Net addition (or removal) - overhead circuit miles,Transmission,Non-HFTD,Urban,Non-WUI,Circuit miles,exact,5.675,,,SDG&E,2024,4,v3.2,1,4,SDGE_2024_Q4_Tables1-15_R1.xlsx,Table 8,29,I29,https://efiling.energysafety.ca.gov/eFiling/Getfile.aspx?fileid=56226&shareable=true
T8R-1039057bbc8bf87a,1080000020,1.t.0.b.i,metric_label_update,1. Net addition (or removal) - overhead circuit miles,Transmission,Non-HFTD,Rural,WUI,Circuit miles,exact,-0.4593,,,SDG&E,2024,4,v3.2,1,4,SDGE_2024_Q4_Tables1-15_R1.xlsx,Table 8,30,I30,https://efiling.energysafety.ca.gov/eFiling/Getfile.aspx?fileid=56226&shareable=true
T8R-b76f2e3322f67787,1080000021,1.t.0.b.ii,metric_label_update,1. Net addition (or removal) - overhead circuit miles,Transmission,Non-HFTD,Rural,Non-WUI,Circuit miles,exact,-5.7286,,,SDG&E,2024,4,v3.2,1,4,SDGE_2024_Q4_Tables1-15_R1.xlsx,Table 8,31,I31,https://efiling.energysafety.ca.gov/eFiling/Getfile.aspx?fileid=56226&shareable=true
T8R-9d684a25f40585cd,1080000022,1.t.0.c.i,metric_label_update,1. Net addition (or removal) - overhead circuit miles,Transmission,Non-HFTD,Highly rural,WUI,Circuit miles,exact,0,,,SDG&E,2024,4,v3.2,1,4,SDGE_2024_Q4_Tables1-15_R1.xlsx,Table 8,32,I32,https://efiling.energysafety.ca.gov/eFiling/Getfile.aspx?fileid=56226&shareable=true
T8R-2ee9ad61309b0757,1080000023,1.t.0.c.ii,metric_label_update,1. Net addition (or removal) - overhead circuit miles,Transmission,Non-HFTD,Highly rural,Non-WUI,Circuit miles,exact,0,,,SDG&E,2024,4,v3.2,1,4,SDGE_2024_Q4_Tables1-15_R1.xlsx,Table 8,33,I33,https://efiling.energysafety.ca.gov/eFiling/Getfile.aspx?fileid=56226&shareable=true
T8R-c99d279425ed0502,1080000024,1.t.2.a.i,metric_label_update,1. Net addition (or removal) - overhead circuit miles,Transmission,HFTD Tier 2,Urban,WUI,Circuit miles,exact,-4.179,,,SDG&E,2024,4,v3.2,1,4,SDGE_2024_Q4_Tables1-15_R1.xlsx,Table 8,34,I34,https://efiling.energysafety.ca.gov/eFiling/Getfile.aspx?fileid=56226&shareable=true
T8R-443f87a0eb989a09,1080000025,1.t.2.a.ii,metric_label_update,1. Net addition (or removal) - overhead circuit miles,Transmission,HFTD Tier 2,Urban,Non-WUI,Circuit miles,exact,7.1443,,,SDG&E,2024,4,v3.2,1,4,SDGE_2024_Q4_Tables1-15_R1.xlsx,Table 8,35,I35,https://efiling.energysafety.ca.gov/eFiling/Getfile.aspx?fileid=56226&shareable=true
T8R-f0bd64f6f7a6850a,1080000026,1.t.2.b.i,metric_label_update,1. Net addition (or removal) - overhead circuit miles,Transmission,HFTD Tier 2,Rural,WUI,Circuit miles,exact,4.179,,,SDG&E,2024,4,v3.2,1,4,SDGE_2024_Q4_Tables1-15_R1.xlsx,Table 8,36,I36,https://efiling.energysafety.ca.gov/eFiling/Getfile.aspx?fileid=56226&shareable=true
T8R-953b8f5c2585c494,1080000027,1.t.2.b.ii,metric_label_update,1. Net addition (or removal) - overhead circuit miles,Transmission,HFTD Tier 2,Rural,Non-WUI,Circuit miles,exact,-7.8808,,,SDG&E,2024,4,v3.2,1,4,SDGE_2024_Q4_Tables1-15_R1.xlsx,Table 8,37,I37,https://efiling.energysafety.ca.gov/eFiling/Getfile.aspx?fileid=56226&shareable=true
T8R-3ad9c81f976bfe67,1080000028,1.t.2.c.i,metric_label_update,1. Net addition (or removal) - overhead circuit miles,Transmission,HFTD Tier 2,Highly rural,WUI,Circuit miles,exact,0,,,SDG&E,2024,4,v3.2,1,4,SDGE_2024_Q4_Tables1-15_R1.xlsx,Table 8,38,I38,https://efiling.energysafety.ca.gov/eFiling/Getfile.aspx?fileid=56226&shareable=true
T8R-762c59603d342bc1,1080000029,1.t.2.c.ii,metric_label_update,1. Net addition (or removal) - overhead circuit miles,Transmission,HFTD Tier 2,Highly rural,Non-WUI,Circuit miles,exact,0,,,SDG&E,2024,4,v3.2,1,4,SDGE_2024_Q4_Tables1-15_R1.xlsx,Table 8,39,I39,https://efiling.energysafety.ca.gov/eFiling/Getfile.aspx?fileid=56226&shareable=true
T8R-a2782e6760c4bd68,1080000030,1.t.3.a.i,metric_label_update,1. Net addition (or removal) - overhead circuit miles,Transmission,HFTD Tier 3,Urban,WUI,Circuit miles,exact,0,,,SDG&E,2024,4,v3.2,1,4,SDGE_2024_Q4_Tables1-15_R1.xlsx,Table 8,40,I40,https://efiling.energysafety.ca.gov/eFiling/Getfile.aspx?fileid=56226&shareable=true
T8R-190b142fdeb786c3,1080000031,1.t.3.a.ii,metric_label_update,1. Net addition (or removal) - overhead circuit miles,Transmission,HFTD Tier 3,Urban,Non-WUI,Circuit miles,exact,0,,,SDG&E,2024,4,v3.2,1,4,SDGE_2024_Q4_Tables1-15_R1.xlsx,Table 8,41,I41,https://efiling.energysafety.ca.gov/eFiling/Getfile.aspx?fileid=56226&shareable=true
T8R-655fd7c2b734e9b8,1080000032,1.t.3.b.i,metric_label_update,1. Net addition (or removal) - overhead circuit miles,Transmission,HFTD Tier 3,Rural,WUI,Circuit miles,exact,-0.0485,,,SDG&E,2024,4,v3.2,1,4,SDGE_2024_Q4_Tables1-15_R1.xlsx,Table 8,42,I42,https://efiling.energysafety.ca.gov/eFiling/Getfile.aspx?fileid=56226&shareable=true
T8R-0187dbf55b879f44,1080000033,1.t.3.b.ii,metric_label_update,1. Net addition (or removal) - overhead circuit miles,Transmission,HFTD Tier 3,Rural,Non-WUI,Circuit miles,exact,0.0321,,,SDG&E,2024,4,v3.2,1,4,SDGE_2024_Q4_Tables1-15_R1.xlsx,Table 8,43,I43,https://efiling.energysafety.ca.gov/eFiling/Getfile.aspx?fileid=56226&shareable=true
T8R-c75ae877436c886b,1080000034,1.t.3.c.i,metric_label_update,1. Net addition (or removal) - overhead circuit miles,Transmission,HFTD Tier 3,Highly rural,WUI,Circuit miles,exact,-0.0528,,,SDG&E,2024,4,v3.2,1,4,SDGE_2024_Q4_Tables1-15_R1.xlsx,Table 8,44,I44,https://efiling.energysafety.ca.gov/eFiling/Getfile.aspx?fileid=56226&shareable=true
T8R-56efabb9e421a84f,1080000035,1.t.3.c.ii,metric_label_update,1. Net addition (or removal) - overhead circuit miles,Transmission,HFTD Tier 3,Highly rural,Non-WUI,Circuit miles,exact,-0.0321,,,SDG&E,2024,4,v3.2,1,4,SDGE_2024_Q4_Tables1-15_R1.xlsx,Table 8,45,I45,https://efiling.energysafety.ca.gov/eFiling/Getfile.aspx?fileid=56226&shareable=true
T8R-fb22ec8daa68f048,1080000036,2.d.0.a.i,metric_label_update,2. Net addition (or removal) - underground circuit miles,Distribution,Non-HFTD,Urban,WUI,Circuit miles,exact,-1.5977,,,SDG&E,2024,4,v3.2,1,4,SDGE_2024_Q4_Tables1-15_R1.xlsx,Table 8,46,I46,https://efiling.energysafety.ca.gov/eFiling/Getfile.aspx?fileid=56226&shareable=true
T8R-01805bbac6223e75,1080000037,2.d.0.a.ii,metric_label_update,2. Net addition (or removal) - underground circuit miles,Distribution,Non-HFTD,Urban,Non-WUI,Circuit miles,exact,10.3277,,,SDG&E,2024,4,v3.2,1,4,SDGE_2024_Q4_Tables1-15_R1.xlsx,Table 8,47,I47,https://efiling.energysafety.ca.gov/eFiling/Getfile.aspx?fileid=56226&shareable=true
T8R-5ac8a4c012f0d3f1,1080000038,2.d.0.b.i,metric_label_update,2. Net addition (or removal) - underground circuit miles,Distribution,Non-HFTD,Rural,WUI,Circuit miles,exact,3.7934,,,SDG&E,2024,4,v3.2,1,4,SDGE_2024_Q4_Tables1-15_R1.xlsx,Table 8,48,I48,https://efiling.energysafety.ca.gov/eFiling/Getfile.aspx?fileid=56226&shareable=true
T8R-281bb11bbb67183a,1080000039,2.d.0.b.ii,metric_label_update,2. Net addition (or removal) - underground circuit miles,Distribution,Non-HFTD,Rural,Non-WUI,Circuit miles,exact,-2.1843,,,SDG&E,2024,4,v3.2,1,4,SDGE_2024_Q4_Tables1-15_R1.xlsx,Table 8,49,I49,https://efiling.energysafety.ca.gov/eFiling/Getfile.aspx?fileid=56226&shareable=true
T8R-8efc2fd3239b81e0,1080000040,2.d.0.c.i,metric_label_update,2. Net addition (or removal) - underground circuit miles,Distribution,Non-HFTD,Highly rural,WUI,Circuit miles,exact,0.0042,,,SDG&E,2024,4,v3.2,1,4,SDGE_2024_Q4_Tables1-15_R1.xlsx,Table 8,50,I50,https://efiling.energysafety.ca.gov/eFiling/Getfile.aspx?fileid=56226&shareable=true
T8R-237fa799d976569e,1080000041,2.d.0.c.ii,metric_label_update,2. Net addition (or removal) - underground circuit miles,Distribution,Non-HFTD,Highly rural,Non-WUI,Circuit miles,exact,-1.4879,,,SDG&E,2024,4,v3.2,1,4,SDGE_2024_Q4_Tables1-15_R1.xlsx,Table 8,51,I51,https://efiling.energysafety.ca.gov/eFiling/Getfile.aspx?fileid=56226&shareable=true
T8R-82cecbade49cd002,1080000042,2.d.2.a.i,metric_label_update,2. Net addition (or removal) - underground circuit miles,Distribution,HFTD Tier 2,Urban,WUI,Circuit miles,exact,-9.9172,,,SDG&E,2024,4,v3.2,1,4,SDGE_2024_Q4_Tables1-15_R1.xlsx,Table 8,52,I52,https://efiling.energysafety.ca.gov/eFiling/Getfile.aspx?fileid=56226&shareable=true
T8R-cea34dc4166067a8,1080000043,2.d.2.a.ii,metric_label_update,2. Net addition (or removal) - underground circuit miles,Distribution,HFTD Tier 2,Urban,Non-WUI,Circuit miles,exact,3.3072,,,SDG&E,2024,4,v3.2,1,4,SDGE_2024_Q4_Tables1-15_R1.xlsx,Table 8,53,I53,https://efiling.energysafety.ca.gov/eFiling/Getfile.aspx?fileid=56226&shareable=true
T8R-7a290cd6f665b8ae,1080000044,2.d.2.b.i,metric_label_update,2. Net addition (or removal) - underground circuit miles,Distribution,HFTD Tier 2,Rural,WUI,Circuit miles,exact,17.7392,,,SDG&E,2024,4,v3.2,1,4,SDGE_2024_Q4_Tables1-15_R1.xlsx,Table 8,54,I54,https://efiling.energysafety.ca.gov/eFiling/Getfile.aspx?fileid=56226&shareable=true
T8R-c5f2a22c8387c2be,1080000045,2.d.2.b.ii,metric_label_update,2. Net addition (or removal) - underground circuit miles,Distribution,HFTD Tier 2,Rural,Non-WUI,Circuit miles,exact,3.1964,,,SDG&E,2024,4,v3.2,1,4,SDGE_2024_Q4_Tables1-15_R1.xlsx,Table 8,55,I55,https://efiling.energysafety.ca.gov/eFiling/Getfile.aspx?fileid=56226&shareable=true
T8R-18eb42b2e43274db,1080000046,2.d.2.c.i,metric_label_update,2. Net addition (or removal) - underground circuit miles,Distribution,HFTD Tier 2,Highly rural,WUI,Circuit miles,exact,2.1045,,,SDG&E,2024,4,v3.2,1,4,SDGE_2024_Q4_Tables1-15_R1.xlsx,Table 8,56,I56,https://efiling.energysafety.ca.gov/eFiling/Getfile.aspx?fileid=56226&shareable=true
T8R-9d6df8c11259181c,1080000047,2.d.2.c.ii,metric_label_update,2. Net addition (or removal) - underground circuit miles,Distribution,HFTD Tier 2,Highly rural,Non-WUI,Circuit miles,exact,0.1676,,,SDG&E,2024,4,v3.2,1,4,SDGE_2024_Q4_Tables1-15_R1.xlsx,Table 8,57,I57,https://efiling.energysafety.ca.gov/eFiling/Getfile.aspx?fileid=56226&shareable=true
T8R-11c8c3d63ed0a9e8,1080000048,2.d.3.a.i,metric_label_update,2. Net addition (or removal) - underground circuit miles,Distribution,HFTD Tier 3,Urban,WUI,Circuit miles,exact,0.3884,,,SDG&E,2024,4,v3.2,1,4,SDGE_2024_Q4_Tables1-15_R1.xlsx,Table 8,58,I58,https://efiling.energysafety.ca.gov/eFiling/Getfile.aspx?fileid=56226&shareable=true
T8R-666a1ef94abc0425,1080000049,2.d.3.a.ii,metric_label_update,2. Net addition (or removal) - underground circuit miles,Distribution,HFTD Tier 3,Urban,Non-WUI,Circuit miles,exact,0,,,SDG&E,2024,4,v3.2,1,4,SDGE_2024_Q4_Tables1-15_R1.xlsx,Table 8,59,I59,https://efiling.energysafety.ca.gov/eFiling/Getfile.aspx?fileid=56226&shareable=true
T8R-158e41fe66398bce,1080000050,2.d.3.b.i,metric_label_update,2. Net addition (or removal) - underground circuit miles,Distribution,HFTD Tier 3,Rural,WUI,Circuit miles,exact,15.6089,,,SDG&E,2024,4,v3.2,1,4,SDGE_2024_Q4_Tables1-15_R1.xlsx,Table 8,60,I60,https://efiling.energysafety.ca.gov/eFiling/Getfile.aspx?fileid=56226&shareable=true
T8R-ed83b305681885ab,1080000051,2.d.3.b.ii,metric_label_update,2. Net addition (or removal) - underground circuit miles,Distribution,HFTD Tier 3,Rural,Non-WUI,Circuit miles,exact,20.3055,,,SDG&E,2024,4,v3.2,1,4,SDGE_2024_Q4_Tables1-15_R1.xlsx,Table 8,61,I61,https://efiling.energysafety.ca.gov/eFiling/Getfile.aspx?fileid=56226&shareable=true
T8R-4cd0c867d312a007,1080000052,2.d.3.c.i,metric_label_update,2. Net addition (or removal) - underground circuit miles,Distribution,HFTD Tier 3,Highly rural,WUI,Circuit miles,exact,1.6799,,,SDG&E,2024,4,v3.2,1,4,SDGE_2024_Q4_Tables1-15_R1.xlsx,Table 8,62,I62,https://efiling.energysafety.ca.gov/eFiling/Getfile.aspx?fileid=56226&shareable=true
T8R-4ea6f4d24a7d57bf,1080000053,2.d.3.c.ii,metric_label_update,2. Net addition (or removal) - underground circuit miles,Distribution,HFTD Tier 3,Highly rural,Non-WUI,Circuit miles,exact,7.6466,,,SDG&E,2024,4,v3.2,1,4,SDGE_2024_Q4_Tables1-15_R1.xlsx,Table 8,63,I63,https://efiling.energysafety.ca.gov/eFiling/Getfile.aspx?fileid=56226&shareable=true
T8R-37a686494a4564a1,1080000054,2.t.0.a.i,metric_label_update,2. Net addition (or removal) - underground circuit miles,Transmission,Non-HFTD,Urban,WUI,Circuit miles,exact,-3.5408,,,SDG&E,2024,4,v3.2,1,4,SDGE_2024_Q4_Tables1-15_R1.xlsx,Table 8,64,I64,https://efiling.energysafety.ca.gov/eFiling/Getfile.aspx?fileid=56226&shareable=true
T8R-8fcae6ea5116dd1e,1080000055,2.t.0.a.ii,metric_label_update,2. Net addition (or removal) - underground circuit miles,Transmission,Non-HFTD,Urban,Non-WUI,Circuit miles,exact,0.3648,,,SDG&E,2024,4,v3.2,1,4,SDGE_2024_Q4_Tables1-15_R1.xlsx,Table 8,65,I65,https://efiling.energysafety.ca.gov/eFiling/Getfile.aspx?fileid=56226&shareable=true
T8R-41f34c10152611b2,1080000056,2.t.0.b.i,metric_label_update,2. Net addition (or removal) - underground circuit miles,Transmission,Non-HFTD,Rural,WUI,Circuit miles,exact,3.5408,,,SDG&E,2024,4,v3.2,1,4,SDGE_2024_Q4_Tables1-15_R1.xlsx,Table 8,66,I66,https://efiling.energysafety.ca.gov/eFiling/Getfile.aspx?fileid=56226&shareable=true
T8R-52120a8288810245,1080000057,2.t.0.b.ii,metric_label_update,2. Net addition (or removal) - underground circuit miles,Transmission,Non-HFTD,Rural,Non-WUI,Circuit miles,exact,-1.9557,,,SDG&E,2024,4,v3.2,1,4,SDGE_2024_Q4_Tables1-15_R1.xlsx,Table 8,67,I67,https://efiling.energysafety.ca.gov/eFiling/Getfile.aspx?fileid=56226&shareable=true
T8R-22786eba17c45879,1080000058,2.t.0.c.i,metric_label_update,2. Net addition (or removal) - underground circuit miles,Transmission,Non-HFTD,Highly rural,WUI,Circuit miles,exact,0,,,SDG&E,2024,4,v3.2,1,4,SDGE_2024_Q4_Tables1-15_R1.xlsx,Table 8,68,I68,https://efiling.energysafety.ca.gov/eFiling/Getfile.aspx?fileid=56226&shareable=true
T8R-e46b501985142631,1080000059,2.t.0.c.ii,metric_label_update,2. Net addition (or removal) - underground circuit miles,Transmission,Non-HFTD,Highly rural,Non-WUI,Circuit miles,exact,1.5909,,,SDG&E,2024,4,v3.2,1,4,SDGE_2024_Q4_Tables1-15_R1.xlsx,Table 8,69,I69,https://efiling.energysafety.ca.gov/eFiling/Getfile.aspx?fileid=56226&shareable=true
T8R-9d82ee0f949f46d3,1080000060,2.t.2.a.i,metric_label_update,2. Net addition (or removal) - underground circuit miles,Transmission,HFTD Tier 2,Urban,WUI,Circuit miles,exact,-0.8135,,,SDG&E,2024,4,v3.2,1,4,SDGE_2024_Q4_Tables1-15_R1.xlsx,Table 8,70,I70,https://efiling.energysafety.ca.gov/eFiling/Getfile.aspx?fileid=56226&shareable=true
T8R-6829389a31c2d8f7,1080000061,2.t.2.a.ii,metric_label_update,2. Net addition (or removal) - underground circuit miles,Transmission,HFTD Tier 2,Urban,Non-WUI,Circuit miles,exact,0.0981,,,SDG&E,2024,4,v3.2,1,4,SDGE_2024_Q4_Tables1-15_R1.xlsx,Table 8,71,I71,https://efiling.energysafety.ca.gov/eFiling/Getfile.aspx?fileid=56226&shareable=true
T8R-32aae97662fb6d62,1080000062,2.t.2.b.i,metric_label_update,2. Net addition (or removal) - underground circuit miles,Transmission,HFTD Tier 2,Rural,WUI,Circuit miles,exact,0.8135,,,SDG&E,2024,4,v3.2,1,4,SDGE_2024_Q4_Tables1-15_R1.xlsx,Table 8,72,I72,https://efiling.energysafety.ca.gov/eFiling/Getfile.aspx?fileid=56226&shareable=true
T8R-4700e3558bdd393e,1080000063,2.t.2.b.ii,metric_label_update,2. Net addition (or removal) - underground circuit miles,Transmission,HFTD Tier 2,Rural,Non-WUI,Circuit miles,exact,-0.0981,,,SDG&E,2024,4,v3.2,1,4,SDGE_2024_Q4_Tables1-15_R1.xlsx,Table 8,73,I73,https://efiling.energysafety.ca.gov/eFiling/Getfile.aspx?fileid=56226&shareable=true
T8R-73dbac2d8023807d,1080000064,2.t.2.c.i,metric_label_update,2. Net addition (or removal) - underground circuit miles,Transmission,HFTD Tier 2,Highly rural,WUI,Circuit miles,exact,0,,,SDG&E,2024,4,v3.2,1,4,SDGE_2024_Q4_Tables1-15_R1.xlsx,Table 8,74,I74,https://efiling.energysafety.ca.gov/eFiling/Getfile.aspx?fileid=56226&shareable=true
T8R-1025d16b744eb59d,1080000065,2.t.2.c.ii,metric_label_update,2. Net addition (or removal) - underground circuit miles,Transmission,HFTD Tier 2,Highly rural,Non-WUI,Circuit miles,exact,0,,,SDG&E,2024,4,v3.2,1,4,SDGE_2024_Q4_Tables1-15_R1.xlsx,Table 8,75,I75,https://efiling.energysafety.ca.gov/eFiling/Getfile.aspx?fileid=56226&shareable=true
T8R-db1cdded8939b315,1080000066,2.t.3.a.i,metric_label_update,2. Net addition (or removal) - underground circuit miles,Transmission,HFTD Tier 3,Urban,WUI,Circuit miles,exact,1.2567,,,SDG&E,2024,4,v3.2,1,4,SDGE_2024_Q4_Tables1-15_R1.xlsx,Table 8,76,I76,https://efiling.energysafety.ca.gov/eFiling/Getfile.aspx?fileid=56226&shareable=true
T8R-d4410ba4164b829b,1080000067,2.t.3.a.ii,metric_label_update,2. Net addition (or removal) - underground circuit miles,Transmission,HFTD Tier 3,Urban,Non-WUI,Circuit miles,exact,0,,,SDG&E,2024,4,v3.2,1,4,SDGE_2024_Q4_Tables1-15_R1.xlsx,Table 8,77,I77,https://efiling.energysafety.ca.gov/eFiling/Getfile.aspx?fileid=56226&shareable=true
T8R-b667c3fc73535f17,1080000068,2.t.3.b.i,metric_label_update,2. Net addition (or removal) - underground circuit miles,Transmission,HFTD Tier 3,Rural,WUI,Circuit miles,exact,-1.2567,,,SDG&E,2024,4,v3.2,1,4,SDGE_2024_Q4_Tables1-15_R1.xlsx,Table 8,78,I78,https://efiling.energysafety.ca.gov/eFiling/Getfile.aspx?fileid=56226&shareable=true
T8R-9de2e7f25922a41d,1080000069,2.t.3.b.ii,metric_label_update,2. Net addition (or removal) - underground circuit miles,Transmission,HFTD Tier 3,Rural,Non-WUI,Circuit miles,exact,0,,,SDG&E,2024,4,v3.2,1,4,SDGE_2024_Q4_Tables1-15_R1.xlsx,Table 8,79,I79,https://efiling.energysafety.ca.gov/eFiling/Getfile.aspx?fileid=56226&shareable=true
T8R-092a1a6317442038,1080000070,2.t.3.c.i,metric_label_update,2. Net addition (or removal) - underground circuit miles,Transmission,HFTD Tier 3,Highly rural,WUI,Circuit miles,exact,0,,,SDG&E,2024,4,v3.2,1,4,SDGE_2024_Q4_Tables1-15_R1.xlsx,Table 8,80,I80,https://efiling.energysafety.ca.gov/eFiling/Getfile.aspx?fileid=56226&shareable=true
T8R-99ae90611435f65a,1080000071,2.t.3.c.ii,metric_label_update,2. Net addition (or removal) - underground circuit miles,Transmission,HFTD Tier 3,Highly rural,Non-WUI,Circuit miles,exact,0,,,SDG&E,2024,4,v3.2,1,4,SDGE_2024_Q4_Tables1-15_R1.xlsx,Table 8,81,I81,https://efiling.energysafety.ca.gov/eFiling/Getfile.aspx?fileid=56226&shareable=true
T8R-65b23bf43e048269,1080000072,3.0.a.i,metric_label_update_and_na_to_null,3. Net addition (or removal) - Substations,,Non-HFTD,Urban,WUI,Number of substations,exact,0,,,SDG&E,2024,4,v3.2,1,4,SDGE_2024_Q4_Tables1-15_R1.xlsx,Table 8,82,I82,https://efiling.energysafety.ca.gov/eFiling/Getfile.aspx?fileid=56226&shareable=true
T8R-00886cd093c82a4f,1080000073,3.0.a.ii,metric_label_update_and_na_to_null,3. Net addition (or removal) - Substations,,Non-HFTD,Urban,Non-WUI,Number of substations,exact,0,,,SDG&E,2024,4,v3.2,1,4,SDGE_2024_Q4_Tables1-15_R1.xlsx,Table 8,83,I83,https://efiling.energysafety.ca.gov/eFiling/Getfile.aspx?fileid=56226&shareable=true
T8R-347b960c0ffeae12,1080000074,3.0.b.i,metric_label_update_and_na_to_null,3. Net addition (or removal) - Substations,,Non-HFTD,Rural,WUI,Number of substations,exact,0,,,SDG&E,2024,4,v3.2,1,4,SDGE_2024_Q4_Tables1-15_R1.xlsx,Table 8,84,I84,https://efiling.energysafety.ca.gov/eFiling/Getfile.aspx?fileid=56226&shareable=true
T8R-30c1d78fae88f51d,1080000075,3.0.b.ii,metric_label_update_and_na_to_null,3. Net addition (or removal) - Substations,,Non-HFTD,Rural,Non-WUI,Number of substations,exact,0,,,SDG&E,2024,4,v3.2,1,4,SDGE_2024_Q4_Tables1-15_R1.xlsx,Table 8,85,I85,https://efiling.energysafety.ca.gov/eFiling/Getfile.aspx?fileid=56226&shareable=true
T8R-43a483c95c7d8e8d,1080000076,3.0.c.i,metric_label_update_and_na_to_null,3. Net addition (or removal) - Substations,,Non-HFTD,Highly rural,WUI,Number of substations,exact,0,,,SDG&E,2024,4,v3.2,1,4,SDGE_2024_Q4_Tables1-15_R1.xlsx,Table 8,86,I86,https://efiling.energysafety.ca.gov/eFiling/Getfile.aspx?fileid=56226&shareable=true
T8R-6c46fbee8ce91298,1080000077,3.0.c.ii,metric_label_update_and_na_to_null,3. Net addition (or removal) - Substations,,Non-HFTD,Highly rural,Non-WUI,Number of substations,exact,0,,,SDG&E,2024,4,v3.2,1,4,SDGE_2024_Q4_Tables1-15_R1.xlsx,Table 8,87,I87,https://efiling.energysafety.ca.gov/eFiling/Getfile.aspx?fileid=56226&shareable=true
T8R-831dc03ecc6d988b,1080000078,3.2.a.i,metric_label_update_and_na_to_null,3. Net addition (or removal) - Substations,,HFTD Tier 2,Urban,WUI,Number of substations,exact,0,,,SDG&E,2024,4,v3.2,1,4,SDGE_2024_Q4_Tables1-15_R1.xlsx,Table 8,88,I88,https://efiling.energysafety.ca.gov/eFiling/Getfile.aspx?fileid=56226&shareable=true
T8R-82c7059b029e6606,1080000079,3.2.a.ii,metric_label_update_and_na_to_null,3. Net addition (or removal) - Substations,,HFTD Tier 2,Urban,Non-WUI,Number of substations,exact,0,,,SDG&E,2024,4,v3.2,1,4,SDGE_2024_Q4_Tables1-15_R1.xlsx,Table 8,89,I89,https://efiling.energysafety.ca.gov/eFiling/Getfile.aspx?fileid=56226&shareable=true
T8R-1ec204d8a1a7bbcf,1080000080,3.2.b.i,metric_label_update_and_na_to_null,3. Net addition (or removal) - Substations,,HFTD Tier 2,Rural,WUI,Number of substations,exact,0,,,SDG&E,2024,4,v3.2,1,4,SDGE_2024_Q4_Tables1-15_R1.xlsx,Table 8,90,I90,https://efiling.energysafety.ca.gov/eFiling/Getfile.aspx?fileid=56226&shareable=true
T8R-92fbe315e61efa2c,1080000081,3.2.b.ii,metric_label_update_and_na_to_null,3. Net addition (or removal) - Substations,,HFTD Tier 2,Rural,Non-WUI,Number of substations,exact,-2,,,SDG&E,2024,4,v3.2,1,4,SDGE_2024_Q4_Tables1-15_R1.xlsx,Table 8,91,I91,https://efiling.energysafety.ca.gov/eFiling/Getfile.aspx?fileid=56226&shareable=true
T8R-7c152fb0aa988b4b,1080000082,3.2.c.i,metric_label_update_and_na_to_null,3. Net addition (or removal) - Substations,,HFTD Tier 2,Highly rural,WUI,Number of substations,exact,0,,,SDG&E,2024,4,v3.2,1,4,SDGE_2024_Q4_Tables1-15_R1.xlsx,Table 8,92,I92,https://efiling.energysafety.ca.gov/eFiling/Getfile.aspx?fileid=56226&shareable=true
T8R-6d6643198d964f6c,1080000083,3.2.c.ii,metric_label_update_and_na_to_null,3. Net addition (or removal) - Substations,,HFTD Tier 2,Highly rural,Non-WUI,Number of substations,exact,0,,,SDG&E,2024,4,v3.2,1,4,SDGE_2024_Q4_Tables1-15_R1.xlsx,Table 8,93,I93,https://efiling.energysafety.ca.gov/eFiling/Getfile.aspx?fileid=56226&shareable=true
T8R-68792a83b43cf993,1080000084,3.3.a.i,metric_label_update_and_na_to_null,3. Net addition (or removal) - Substations,,HFTD Tier 3,Urban,WUI,Number of substations,exact,0,,,SDG&E,2024,4,v3.2,1,4,SDGE_2024_Q4_Tables1-15_R1.xlsx,Table 8,94,I94,https://efiling.energysafety.ca.gov/eFiling/Getfile.aspx?fileid=56226&shareable=true
T8R-554d2ae0bd249a4f,1080000085,3.3.a.ii,metric_label_update_and_na_to_null,3. Net addition (or removal) - Substations,,HFTD Tier 3,Urban,Non-WUI,Number of substations,exact,0,,,SDG&E,2024,4,v3.2,1,4,SDGE_2024_Q4_Tables1-15_R1.xlsx,Table 8,95,I95,https://efiling.energysafety.ca.gov/eFiling/Getfile.aspx?fileid=56226&shareable=true
T8R-10082541a2839917,1080000086,3.3.b.i,metric_label_update_and_na_to_null,3. Net addition (or removal) - Substations,,HFTD Tier 3,Rural,WUI,Number of substations,exact,0,,,SDG&E,2024,4,v3.2,1,4,SDGE_2024_Q4_Tables1-15_R1.xlsx,Table 8,96,I96,https://efiling.energysafety.ca.gov/eFiling/Getfile.aspx?fileid=56226&shareable=true
T8R-5cda924a1bfa6f0b,1080000087,3.3.b.ii,metric_label_update_and_na_to_null,3. Net addition (or removal) - Substations,,HFTD Tier 3,Rural,Non-WUI,Number of substations,exact,0,,,SDG&E,2024,4,v3.2,1,4,SDGE_2024_Q4_Tables1-15_R1.xlsx,Table 8,97,I97,https://efiling.energysafety.ca.gov/eFiling/Getfile.aspx?fileid=56226&shareable=true
T8R-66fa377763dcc2a5,1080000088,3.3.c.i,metric_label_update_and_na_to_null,3. Net addition (or removal) - Substations,,HFTD Tier 3,Highly rural,WUI,Number of substations,exact,0,,,SDG&E,2024,4,v3.2,1,4,SDGE_2024_Q4_Tables1-15_R1.xlsx,Table 8,98,I98,https://efiling.energysafety.ca.gov/eFiling/Getfile.aspx?fileid=56226&shareable=true
T8R-a4044d627d391591,1080000089,3.3.c.ii,metric_label_update_and_na_to_null,3. Net addition (or removal) - Substations,,HFTD Tier 3,Highly rural,Non-WUI,Number of substations,exact,0,,,SDG&E,2024,4,v3.2,1,4,SDGE_2024_Q4_Tables1-15_R1.xlsx,Table 8,99,I99,https://efiling.energysafety.ca.gov/eFiling/Getfile.aspx?fileid=56226&shareable=true
T8R-28c6b2db3a25125f,1080000090,4.0.a.i,metric_label_update_and_na_to_null,4. Net addition (or removal) - Weather stations,,Non-HFTD,Urban,WUI,Number of weather stations,exact,0,,,SDG&E,2024,4,v3.2,1,4,SDGE_2024_Q4_Tables1-15_R1.xlsx,Table 8,100,I100,https://efiling.energysafety.ca.gov/eFiling/Getfile.aspx?fileid=56226&shareable=true
T8R-420f1408d4351c69,1080000091,4.0.a.ii,metric_label_update_and_na_to_null,4. Net addition (or removal) - Weather stations,,Non-HFTD,Urban,Non-WUI,Number of weather stations,exact,0,,,SDG&E,2024,4,v3.2,1,4,SDGE_2024_Q4_Tables1-15_R1.xlsx,Table 8,101,I101,https://efiling.energysafety.ca.gov/eFiling/Getfile.aspx?fileid=56226&shareable=true
T8R-00d7acafaaedcf8e,1080000092,4.0.b.i,metric_label_update_and_na_to_null,4. Net addition (or removal) - Weather stations,,Non-HFTD,Rural,WUI,Number of weather stations,exact,0,,,SDG&E,2024,4,v3.2,1,4,SDGE_2024_Q4_Tables1-15_R1.xlsx,Table 8,102,I102,https://efiling.energysafety.ca.gov/eFiling/Getfile.aspx?fileid=56226&shareable=true
T8R-207ebb1e8f8c7728,1080000093,4.0.b.ii,metric_label_update_and_na_to_null,4. Net addition (or removal) - Weather stations,,Non-HFTD,Rural,Non-WUI,Number of weather stations,exact,0,,,SDG&E,2024,4,v3.2,1,4,SDGE_2024_Q4_Tables1-15_R1.xlsx,Table 8,103,I103,https://efiling.energysafety.ca.gov/eFiling/Getfile.aspx?fileid=56226&shareable=true
T8R-4c9a648304c83cc1,1080000094,4.0.c.i,metric_label_update_and_na_to_null,4. Net addition (or removal) - Weather stations,,Non-HFTD,Highly rural,WUI,Number of weather stations,exact,0,,,SDG&E,2024,4,v3.2,1,4,SDGE_2024_Q4_Tables1-15_R1.xlsx,Table 8,104,I104,https://efiling.energysafety.ca.gov/eFiling/Getfile.aspx?fileid=56226&shareable=true
T8R-dc24fc829b5cf879,1080000095,4.0.c.ii,metric_label_update_and_na_to_null,4. Net addition (or removal) - Weather stations,,Non-HFTD,Highly rural,Non-WUI,Number of weather stations,exact,0,,,SDG&E,2024,4,v3.2,1,4,SDGE_2024_Q4_Tables1-15_R1.xlsx,Table 8,105,I105,https://efiling.energysafety.ca.gov/eFiling/Getfile.aspx?fileid=56226&shareable=true
T8R-ed1a6f3547ada4aa,1080000096,4.2.a.i,metric_label_update_and_na_to_null,4. Net addition (or removal) - Weather stations,,HFTD Tier 2,Urban,WUI,Number of weather stations,exact,0,,,SDG&E,2024,4,v3.2,1,4,SDGE_2024_Q4_Tables1-15_R1.xlsx,Table 8,106,I106,https://efiling.energysafety.ca.gov/eFiling/Getfile.aspx?fileid=56226&shareable=true
T8R-ffe9e2ab4fedeea9,1080000097,4.2.a.ii,metric_label_update_and_na_to_null,4. Net addition (or removal) - Weather stations,,HFTD Tier 2,Urban,Non-WUI,Number of weather stations,exact,0,,,SDG&E,2024,4,v3.2,1,4,SDGE_2024_Q4_Tables1-15_R1.xlsx,Table 8,107,I107,https://efiling.energysafety.ca.gov/eFiling/Getfile.aspx?fileid=56226&shareable=true
T8R-048fdeda6d319a6f,1080000098,4.2.b.i,metric_label_update_and_na_to_null,4. Net addition (or removal) - Weather stations,,HFTD Tier 2,Rural,WUI,Number of weather stations,exact,0,,,SDG&E,2024,4,v3.2,1,4,SDGE_2024_Q4_Tables1-15_R1.xlsx,Table 8,108,I108,https://efiling.energysafety.ca.gov/eFiling/Getfile.aspx?fileid=56226&shareable=true
T8R-ffc0798ae81871cd,1080000099,4.2.b.ii,metric_label_update_and_na_to_null,4. Net addition (or removal) - Weather stations,,HFTD Tier 2,Rural,Non-WUI,Number of weather stations,exact,0,,,SDG&E,2024,4,v3.2,1,4,SDGE_2024_Q4_Tables1-15_R1.xlsx,Table 8,109,I109,https://efiling.energysafety.ca.gov/eFiling/Getfile.aspx?fileid=56226&shareable=true
T8R-20ec4e26a218ef66,1080000100,4.2.c.i,metric_label_update_and_na_to_null,4. Net addition (or removal) - Weather stations,,HFTD Tier 2,Highly rural,WUI,Number of weather stations,exact,0,,,SDG&E,2024,4,v3.2,1,4,SDGE_2024_Q4_Tables1-15_R1.xlsx,Table 8,110,I110,https://efiling.energysafety.ca.gov/eFiling/Getfile.aspx?fileid=56226&shareable=true
T8R-0da548026b09fdf2,1080000101,4.2.c.ii,metric_label_update_and_na_to_null,4. Net addition (or removal) - Weather stations,,HFTD Tier 2,Highly rural,Non-WUI,Number of weather stations,exact,0,,,SDG&E,2024,4,v3.2,1,4,SDGE_2024_Q4_Tables1-15_R1.xlsx,Table 8,111,I111,https://efiling.energysafety.ca.gov/eFiling/Getfile.aspx?fileid=56226&shareable=true
T8R-8c668f1a5c72e06b,1080000102,4.3.a.i,metric_label_update_and_na_to_null,4. Net addition (or removal) - Weather stations,,HFTD Tier 3,Urban,WUI,Number of weather stations,exact,0,,,SDG&E,2024,4,v3.2,1,4,SDGE_2024_Q4_Tables1-15_R1.xlsx,Table 8,112,I112,https://efiling.energysafety.ca.gov/eFiling/Getfile.aspx?fileid=56226&shareable=true
T8R-f740556f8b8e55b8,1080000103,4.3.a.ii,metric_label_update_and_na_to_null,4. Net addition (or removal) - Weather stations,,HFTD Tier 3,Urban,Non-WUI,Number of weather stations,exact,0,,,SDG&E,2024,4,v3.2,1,4,SDGE_2024_Q4_Tables1-15_R1.xlsx,Table 8,113,I113,https://efiling.energysafety.ca.gov/eFiling/Getfile.aspx?fileid=56226&shareable=true
T8R-45cbb320ab75e809,1080000104,4.3.b.i,metric_label_update_and_na_to_null,4. Net addition (or removal) - Weather stations,,HFTD Tier 3,Rural,WUI,Number of weather stations,exact,0,,,SDG&E,2024,4,v3.2,1,4,SDGE_2024_Q4_Tables1-15_R1.xlsx,Table 8,114,I114,https://efiling.energysafety.ca.gov/eFiling/Getfile.aspx?fileid=56226&shareable=true
T8R-520c367fbdbd3696,1080000105,4.3.b.ii,metric_label_update_and_na_to_null,4. Net addition (or removal) - Weather stations,,HFTD Tier 3,Rural,Non-WUI,Number of weather stations,exact,2,"Weather station removals or addtions are sourced from businesses, table 7 is sourced from GIS database. A small difference is observed due to data digitizing processes.",,SDG&E,2024,4,v3.2,1,4,SDGE_2024_Q4_Tables1-15_R1.xlsx,Table 8,115,I115,https://efiling.energysafety.ca.gov/eFiling/Getfile.aspx?fileid=56226&shareable=true
T8R-5f7a8949da56034c,1080000106,4.3.c.i,metric_label_update_and_na_to_null,4. Net addition (or removal) - Weather stations,,HFTD Tier 3,Highly rural,WUI,Number of weather stations,exact,0,,,SDG&E,2024,4,v3.2,1,4,SDGE_2024_Q4_Tables1-15_R1.xlsx,Table 8,116,I116,https://efiling.energysafety.ca.gov/eFiling/Getfile.aspx?fileid=56226&shareable=true
T8R-e27e733600259ef0,1080000107,4.3.c.ii,metric_label_update_and_na_to_null,4. Net addition (or removal) - Weather stations,,HFTD Tier 3,Highly rural,Non-WUI,Number of weather stations,exact,0,,,SDG&E,2024,4,v3.2,1,4,SDGE_2024_Q4_Tables1-15_R1.xlsx,Table 8,117,I117,https://efiling.energysafety.ca.gov/eFiling/Getfile.aspx?fileid=56226&shareable=true
T8R-b5b7016930ac8c47,1080000000,1.d.0.a.i,v4_native,1. Net addition (or removal) - overhead circuit miles,Distribution,Non-HFTD,Urban,WUI,Circuit miles,v4_native,37.926325715150995,,,SDG&E,2025,1,v4.01,6,1,SDGE_2025_Q1_R6.xlsx,Table 8,2,M2,https://efiling.energysafety.ca.gov/eFiling/Getfile.aspx?fileid=58132&shareable=true
T8R-1f033144923f435a,1080000001,1.d.0.a.ii,v4_native,1. Net addition (or removal) - overhead circuit miles,Distribution,Non-HFTD,Urban,Non-WUI,Circuit miles,v4_native,34.00416706060014,,,SDG&E,2025,1,v4.01,6,1,SDGE_2025_Q1_R6.xlsx,Table 8,3,M3,https://efiling.energysafety.ca.gov/eFiling/Getfile.aspx?fileid=58132&shareable=true
T8R-75a1586c29b1c59c,1080000002,1.d.0.b.i,v4_native,1. Net addition (or removal) - overhead circuit miles,Distribution,Non-HFTD,Rural,WUI,Circuit miles,v4_native,-38.63124999394,,,SDG&E,2025,1,v4.01,6,1,SDGE_2025_Q1_R6.xlsx,Table 8,4,M4,https://efiling.energysafety.ca.gov/eFiling/Getfile.aspx?fileid=58132&shareable=true
T8R-cad0ea51942fc216,1080000003,1.d.0.b.ii,v4_native,1. Net addition (or removal) - overhead circuit miles,Distribution,Non-HFTD,Rural,Non-WUI,Circuit miles,v4_native,-36.22803025454601,,,SDG&E,2025,1,v4.01,6,1,SDGE_2025_Q1_R6.xlsx,Table 8,5,M5,https://efiling.energysafety.ca.gov/eFiling/Getfile.aspx?fileid=58132&shareable=true
T8R-77ac8005d56a0ca2,1080000004,1.d.0.c.i,v4_native,1. Net addition (or removal) - overhead circuit miles,Distribution,Non-HFTD,Highly rural,WUI,Circuit miles,v4_native,-4.242501461249049e-09,,,SDG&E,2025,1,v4.01,6,1,SDGE_2025_Q1_R6.xlsx,Table 8,6,M6,https://efiling.energysafety.ca.gov/eFiling/Getfile.aspx?fileid=58132&shareable=true
T8R-df06300dac304742,1080000005,1.d.0.c.ii,v4_native,1. Net addition (or removal) - overhead circuit miles,Distribution,Non-HFTD,Highly rural,Non-WUI,Circuit miles,v4_native,-3.030400819170609e-08,,,SDG&E,2025,1,v4.01,6,1,SDGE_2025_Q1_R6.xlsx,Table 8,7,M7,https://efiling.energysafety.ca.gov/eFiling/Getfile.aspx?fileid=58132&shareable=true
T8R-ab187e3d2ecae96f,1080000006,1.d.2.a.i,v4_native,1. Net addition (or removal) - overhead circuit miles,Distribution,HFTD Tier 2,Urban,WUI,Circuit miles,v4_native,6.89393939848479,,,SDG&E,2025,1,v4.01,6,1,SDGE_2025_Q1_R6.xlsx,Table 8,8,M8,https://efiling.energysafety.ca.gov/eFiling/Getfile.aspx?fileid=58132&shareable=true
T8R-3de9de70bc51cd4d,1080000007,1.d.2.a.ii,v4_native,1. Net addition (or removal) - overhead circuit miles,Distribution,HFTD Tier 2,Urban,Non-WUI,Circuit miles,v4_native,4.490719697575699,,,SDG&E,2025,1,v4.01,6,1,SDGE_2025_Q1_R6.xlsx,Table 8,9,M9,https://efiling.energysafety.ca.gov/eFiling/Getfile.aspx?fileid=58132&shareable=true
T8R-eae4426f1de6e738,1080000008,1.d.2.b.i,v4_native,1. Net addition (or removal) - overhead circuit miles,Distribution,HFTD Tier 2,Rural,WUI,Circuit miles,v4_native,-6.812310557575984,,,SDG&E,2025,1,v4.01,6,1,SDGE_2025_Q1_R6.xlsx,Table 8,10,M10,https://efiling.energysafety.ca.gov/eFiling/Getfile.aspx?fileid=58132&shareable=true
T8R-a3778ec6e59a70e7,1080000009,1.d.2.b.ii,v4_native,1. Net addition (or removal) - overhead circuit miles,Distribution,HFTD Tier 2,Rural,Non-WUI,Circuit miles,v4_native,-4.625000006060986,,,SDG&E,2025,1,v4.01,6,1,SDGE_2025_Q1_R6.xlsx,Table 8,11,M11,https://efiling.energysafety.ca.gov/eFiling/Getfile.aspx?fileid=58132&shareable=true
T8R-ec37e41e89321925,1080000010,1.d.2.c.i,v4_native,1. Net addition (or removal) - overhead circuit miles,Distribution,HFTD Tier 2,Highly rural,WUI,Circuit miles,v4_native,6.060005830477166e-10,,,SDG&E,2025,1,v4.01,6,1,SDGE_2025_Q1_R6.xlsx,Table 8,12,M12,https://efiling.energysafety.ca.gov/eFiling/Getfile.aspx?fileid=58132&shareable=true
T8R-6cb569cadb331ef3,1080000011,1.d.2.c.ii,v4_native,1. Net addition (or removal) - overhead circuit miles,Distribution,HFTD Tier 2,Highly rural,Non-WUI,Circuit miles,v4_native,-0.002462100000002465,,,SDG&E,2025,1,v4.01,6,1,SDGE_2025_Q1_R6.xlsx,Table 8,13,M13,https://efiling.energysafety.ca.gov/eFiling/Getfile.aspx?fileid=58132&shareable=true
T8R-9ff75053cc3af505,1080000012,1.d.3.a.i,v4_native,1. Net addition (or removal) - overhead circuit miles,Distribution,HFTD Tier 3,Urban,WUI,Circuit miles,v4_native,0.1518939391212104,,,SDG&E,2025,1,v4.01,6,1,SDGE_2025_Q1_R6.xlsx,Table 8,14,M14,https://efiling.energysafety.ca.gov/eFiling/Getfile.aspx?fileid=58132&shareable=true
T8R-2b3061ea5932e4a0,1080000013,1.d.3.a.ii,v4_native,1. Net addition (or removal) - overhead circuit miles,Distribution,HFTD Tier 3,Urban,Non-WUI,Circuit miles,v4_native,3.636363016257249e-10,,,SDG&E,2025,1,v4.01,6,1,SDGE_2025_Q1_R6.xlsx,Table 8,15,M15,https://efiling.energysafety.ca.gov/eFiling/Getfile.aspx?fileid=58132&shareable=true
T8R-6771d7e09aaaf220,1080000014,1.d.3.b.i,v4_native,1. Net addition (or removal) - overhead circuit miles,Distribution,HFTD Tier 3,Rural,WUI,Circuit miles,v4_native,12.436174221212013,,,SDG&E,2025,1,v4.01,6,1,SDGE_2025_Q1_R6.xlsx,Table 8,16,M16,https://efiling.energysafety.ca.gov/eFiling/Getfile.aspx?fileid=58132&shareable=true
T8R-5cb1f34080230b68,1080000015,1.d.3.b.ii,v4_native,1. Net addition (or removal) - overhead circuit miles,Distribution,HFTD Tier 3,Rural,Non-WUI,Circuit miles,v4_native,43.22083337272704,,,SDG&E,2025,1,v4.01,6,1,SDGE_2025_Q1_R6.xlsx,Table 8,17,M17,https://efiling.energysafety.ca.gov/eFiling/Getfile.aspx?fileid=58132&shareable=true
T8R-2e46e489db575040,1080000016,1.d.3.c.i,v4_native,1. Net addition (or removal) - overhead circuit miles,Distribution,HFTD Tier 3,Highly rural,WUI,Circuit miles,v4_native,-14.9992424287879,,,SDG&E,2025,1,v4.01,6,1,SDGE_2025_Q1_R6.xlsx,Table 8,18,M18,https://efiling.energysafety.ca.gov/eFiling/Getfile.aspx?fileid=58132&shareable=true
T8R-5bbd4e5700242abe,1080000017,1.d.3.c.ii,v4_native,1. Net addition (or removal) - overhead circuit miles,Distribution,HFTD Tier 3,Highly rural,Non-WUI,Circuit miles,v4_native,-49.820075748484996,,,SDG&E,2025,1,v4.01,6,1,SDGE_2025_Q1_R6.xlsx,Table 8,19,M19,https://efiling.energysafety.ca.gov/eFiling/Getfile.aspx?fileid=58132&shareable=true
T8R-bf2acc73089e0b12,1080000018,1.t.0.a.i,v4_native,1. Net addition (or removal) - overhead circuit miles,Transmission,Non-HFTD,Urban,WUI,Circuit miles,v4_native,15.637731048484,,,SDG&E,2025,1,v4.01,6,1,SDGE_2025_Q1_R6.xlsx,Table 8,20,M20,https://efiling.energysafety.ca.gov/eFiling/Getfile.aspx?fileid=58132&shareable=true
T8R-2ae063929e05a2e1,1080000019,1.t.0.a.ii,v4_native,1. Net addition (or removal) - overhead circuit miles,Transmission,Non-HFTD,Urban,Non-WUI,Circuit miles,v4_native,15.569484869695998,,,SDG&E,2025,1,v4.01,6,1,SDGE_2025_Q1_R6.xlsx,Table 8,21,M21,https://efiling.energysafety.ca.gov/eFiling/Getfile.aspx?fileid=58132&shareable=true
T8R-ad8358aa6e0d5f87,1080000020,1.t.0.b.i,v4_native,1. Net addition (or removal) - overhead circuit miles,Transmission,Non-HFTD,Rural,WUI,Circuit miles,v4_native,-15.649388253636396,,,SDG&E,2025,1,v4.01,6,1,SDGE_2025_Q1_R6.xlsx,Table 8,22,M22,https://efiling.energysafety.ca.gov/eFiling/Getfile.aspx?fileid=58132&shareable=true
T8R-521e33ff7ab4a866,1080000021,1.t.0.b.ii,v4_native,1. Net addition (or removal) - overhead circuit miles,Transmission,Non-HFTD,Rural,Non-WUI,Circuit miles,v4_native,-15.577405266666702,,,SDG&E,2025,1,v4.01,6,1,SDGE_2025_Q1_R6.xlsx,Table 8,23,M23,https://efiling.energysafety.ca.gov/eFiling/Getfile.aspx?fileid=58132&shareable=true
T8R-22724efa41185796,1080000022,1.t.0.c.i,v4_native,1. Net addition (or removal) - overhead circuit miles,Transmission,Non-HFTD,Highly rural,WUI,Circuit miles,v4_native,0,,,SDG&E,2025,1,v4.01,6,1,SDGE_2025_Q1_R6.xlsx,Table 8,24,M24,https://efiling.energysafety.ca.gov/eFiling/Getfile.aspx?fileid=58132&shareable=true
T8R-6406e50620096483,1080000023,1.t.0.c.ii,v4_native,1. Net addition (or removal) - overhead circuit miles,Transmission,Non-HFTD,Highly rural,Non-WUI,Circuit miles,v4_native,-2.424300760139886e-09,,,SDG&E,2025,1,v4.01,6,1,SDGE_2025_Q1_R6.xlsx,Table 8,25,M25,https://efiling.energysafety.ca.gov/eFiling/Getfile.aspx?fileid=58132&shareable=true
T8R-fafa4badb351418f,1080000024,1.t.2.a.i,v4_native,1. Net addition (or removal) - overhead circuit miles,Transmission,HFTD Tier 2,Urban,WUI,Circuit miles,v4_native,12.914568185151502,,,SDG&E,2025,1,v4.01,6,1,SDGE_2025_Q1_R6.xlsx,Table 8,26,M26,https://efiling.energysafety.ca.gov/eFiling/Getfile.aspx?fileid=58132&shareable=true
T8R-d7db0a8b24866cfc,1080000025,1.t.2.a.ii,v4_native,1. Net addition (or removal) - overhead circuit miles,Transmission,HFTD Tier 2,Urban,Non-WUI,Circuit miles,v4_native,12.938058716969692,,,SDG&E,2025,1,v4.01,6,1,SDGE_2025_Q1_R6.xlsx,Table 8,27,M27,https://efiling.energysafety.ca.gov/eFiling/Getfile.aspx?fileid=58132&shareable=true
T8R-ce0c8605e6c8ff79,1080000026,1.t.2.b.i,v4_native,1. Net addition (or removal) - overhead circuit miles,Transmission,HFTD Tier 2,Rural,WUI,Circuit miles,v4_native,-12.914568169697006,,,SDG&E,2025,1,v4.01,6,1,SDGE_2025_Q1_R6.xlsx,Table 8,28,M28,https://efiling.energysafety.ca.gov/eFiling/Getfile.aspx?fileid=58132&shareable=true
T8R-8931920cecd000b5,1080000027,1.t.2.b.ii,v4_native,1. Net addition (or removal) - overhead circuit miles,Transmission,HFTD Tier 2,Rural,Non-WUI,Circuit miles,v4_native,-12.938058706060986,,,SDG&E,2025,1,v4.01,6,1,SDGE_2025_Q1_R6.xlsx,Table 8,29,M29,https://efiling.energysafety.ca.gov/eFiling/Getfile.aspx?fileid=58132&shareable=true
T8R-328844f1c8662ac0,1080000028,1.t.2.c.i,v4_native,1. Net addition (or removal) - overhead circuit miles,Transmission,HFTD Tier 2,Highly rural,WUI,Circuit miles,v4_native,0,,,SDG&E,2025,1,v4.01,6,1,SDGE_2025_Q1_R6.xlsx,Table 8,30,M30,https://efiling.energysafety.ca.gov/eFiling/Getfile.aspx?fileid=58132&shareable=true
T8R-fb891db2fec29902,1080000029,1.t.2.c.ii,v4_native,1. Net addition (or removal) - overhead circuit miles,Transmission,HFTD Tier 2,Highly rural,Non-WUI,Circuit miles,v4_native,4.5454022767899005e-09,,,SDG&E,2025,1,v4.01,6,1,SDGE_2025_Q1_R6.xlsx,Table 8,31,M31,https://efiling.energysafety.ca.gov/eFiling/Getfile.aspx?fileid=58132&shareable=true
T8R-db76d7f1b0b0430a,1080000030,1.t.3.a.i,v4_native,1. Net addition (or removal) - overhead circuit miles,Transmission,HFTD Tier 3,Urban,WUI,Circuit miles,v4_native,0,,,SDG&E,2025,1,v4.01,6,1,SDGE_2025_Q1_R6.xlsx,Table 8,32,M32,https://efiling.energysafety.ca.gov/eFiling/Getfile.aspx?fileid=58132&shareable=true
T8R-410cce5963df88bf,1080000031,1.t.3.a.ii,v4_native,1. Net addition (or removal) - overhead circuit miles,Transmission,HFTD Tier 3,Urban,Non-WUI,Circuit miles,v4_native,0,,,SDG&E,2025,1,v4.01,6,1,SDGE_2025_Q1_R6.xlsx,Table 8,33,M33,https://efiling.energysafety.ca.gov/eFiling/Getfile.aspx?fileid=58132&shareable=true
T8R-8d0248eeb06bc441,1080000032,1.t.3.b.i,v4_native,1. Net addition (or removal) - overhead circuit miles,Transmission,HFTD Tier 3,Rural,WUI,Circuit miles,v4_native,2.4587499990909016,,,SDG&E,2025,1,v4.01,6,1,SDGE_2025_Q1_R6.xlsx,Table 8,34,M34,https://efiling.energysafety.ca.gov/eFiling/Getfile.aspx?fileid=58132&shareable=true
T8R-4e48f114f007fd1e,1080000033,1.t.3.b.ii,v4_native,1. Net addition (or removal) - overhead circuit miles,Transmission,HFTD Tier 3,Rural,Non-WUI,Circuit miles,v4_native,4.140719693939019,,,SDG&E,2025,1,v4.01,6,1,SDGE_2025_Q1_R6.xlsx,Table 8,35,M35,https://efiling.energysafety.ca.gov/eFiling/Getfile.aspx?fileid=58132&shareable=true
T8R-7e118c196b309156,1080000034,1.t.3.c.i,v4_native,1. Net addition (or removal) - overhead circuit miles,Transmission,HFTD Tier 3,Highly rural,WUI,Circuit miles,v4_native,-2.4587499996969697,,,SDG&E,2025,1,v4.01,6,1,SDGE_2025_Q1_R6.xlsx,Table 8,36,M36,https://efiling.energysafety.ca.gov/eFiling/Getfile.aspx?fileid=58132&shareable=true
T8R-3268cc5ada4e9e03,1080000035,1.t.3.c.ii,v4_native,1. Net addition (or removal) - overhead circuit miles,Transmission,HFTD Tier 3,Highly rural,Non-WUI,Circuit miles,v4_native,-4.1407196930304,,,SDG&E,2025,1,v4.01,6,1,SDGE_2025_Q1_R6.xlsx,Table 8,37,M37,https://efiling.energysafety.ca.gov/eFiling/Getfile.aspx?fileid=58132&shareable=true
T8R-d187da0855c5d8c2,1080000036,2.d.0.a.i,v4_native,2. Net addition (or removal) - underground circuit miles,Distribution,Non-HFTD,Urban,WUI,Circuit miles,v4_native,165.22878812120985,,,SDG&E,2025,1,v4.01,6,1,SDGE_2025_Q1_R6.xlsx,Table 8,38,M38,https://efiling.energysafety.ca.gov/eFiling/Getfile.aspx?fileid=58132&shareable=true
T8R-56e25285971bbbc9,1080000037,2.d.0.a.ii,v4_native,2. Net addition (or removal) - underground circuit miles,Distribution,Non-HFTD,Urban,Non-WUI,Circuit miles,v4_native,200.7744322424196,,,SDG&E,2025,1,v4.01,6,1,SDGE_2025_Q1_R6.xlsx,Table 8,39,M39,https://efiling.energysafety.ca.gov/eFiling/Getfile.aspx?fileid=58132&shareable=true
T8R-ca12a96891fcd61c,1080000038,2.d.0.b.i,v4_native,2. Net addition (or removal) - underground circuit miles,Distribution,Non-HFTD,Rural,WUI,Circuit miles,v4_native,-163.53409087575807,,,SDG&E,2025,1,v4.01,6,1,SDGE_2025_Q1_R6.xlsx,Table 8,40,M40,https://efiling.energysafety.ca.gov/eFiling/Getfile.aspx?fileid=58132&shareable=true
T8R-d12cfeb595e2afc1,1080000039,2.d.0.b.ii,v4_native,2. Net addition (or removal) - underground circuit miles,Distribution,Non-HFTD,Rural,Non-WUI,Circuit miles,v4_native,-173.72784086060608,,,SDG&E,2025,1,v4.01,6,1,SDGE_2025_Q1_R6.xlsx,Table 8,41,M41,https://efiling.energysafety.ca.gov/eFiling/Getfile.aspx?fileid=58132&shareable=true
T8R-6e4da3a4aaea572a,1080000040,2.d.0.c.i,v4_native,2. Net addition (or removal) - underground circuit miles,Distribution,Non-HFTD,Highly rural,WUI,Circuit miles,v4_native,-4.8484984915830864e-09,,,SDG&E,2025,1,v4.01,6,1,SDGE_2025_Q1_R6.xlsx,Table 8,42,M42,https://efiling.energysafety.ca.gov/eFiling/Getfile.aspx?fileid=58132&shareable=true
T8R-82ac45e02b92d3a0,1080000041,2.d.0.c.ii,v4_native,2. Net addition (or removal) - underground circuit miles,Distribution,Non-HFTD,Highly rural,Non-WUI,Circuit miles,v4_native,-20.9520833345455,,,SDG&E,2025,1,v4.01,6,1,SDGE_2025_Q1_R6.xlsx,Table 8,43,M43,https://efiling.energysafety.ca.gov/eFiling/Getfile.aspx?fileid=58132&shareable=true
T8R-b36597a18104cd07,1080000042,2.d.2.a.i,v4_native,2. Net addition (or removal) - underground circuit miles,Distribution,HFTD Tier 2,Urban,WUI,Circuit miles,v4_native,173.57632571515103,,,SDG&E,2025,1,v4.01,6,1,SDGE_2025_Q1_R6.xlsx,Table 8,44,M44,https://efiling.energysafety.ca.gov/eFiling/Getfile.aspx?fileid=58132&shareable=true
T8R-b8a840a3fc9a3d22,1080000043,2.d.2.a.ii,v4_native,2. Net addition (or removal) - underground circuit miles,Distribution,HFTD Tier 2,Urban,Non-WUI,Circuit miles,v4_native,57.96666665757499,,,SDG&E,2025,1,v4.01,6,1,SDGE_2025_Q1_R6.xlsx,Table 8,45,M45,https://efiling.energysafety.ca.gov/eFiling/Getfile.aspx?fileid=58132&shareable=true
T8R-e403477ccde97bf5,1080000044,2.d.2.b.i,v4_native,2. Net addition (or removal) - underground circuit miles,Distribution,HFTD Tier 2,Rural,WUI,Circuit miles,v4_native,-172.498295333334,,,SDG&E,2025,1,v4.01,6,1,SDGE_2025_Q1_R6.xlsx,Table 8,46,M46,https://efiling.energysafety.ca.gov/eFiling/Getfile.aspx?fileid=58132&shareable=true
T8R-049db4e8bd54e56d,1080000045,2.d.2.b.ii,v4_native,2. Net addition (or removal) - underground circuit miles,Distribution,HFTD Tier 2,Rural,Non-WUI,Circuit miles,v4_native,-56.42253787878798,,,SDG&E,2025,1,v4.01,6,1,SDGE_2025_Q1_R6.xlsx,Table 8,47,M47,https://efiling.energysafety.ca.gov/eFiling/Getfile.aspx?fileid=58132&shareable=true
T8R-7b58540a77941dcd,1080000046,2.d.2.c.i,v4_native,2. Net addition (or removal) - underground circuit miles,Distribution,HFTD Tier 2,Highly rural,WUI,Circuit miles,v4_native,-1.212203670775125e-10,,,SDG&E,2025,1,v4.01,6,1,SDGE_2025_Q1_R6.xlsx,Table 8,48,M48,https://efiling.energysafety.ca.gov/eFiling/Getfile.aspx?fileid=58132&shareable=true
T8R-5534cd548a8c983a,1080000047,2.d.2.c.ii,v4_native,2. Net addition (or removal) - underground circuit miles,Distribution,HFTD Tier 2,Highly rural,Non-WUI,Circuit miles,v4_native,0.10530302996968999,,,SDG&E,2025,1,v4.01,6,1,SDGE_2025_Q1_R6.xlsx,Table 8,49,M49,https://efiling.energysafety.ca.gov/eFiling/Getfile.aspx?fileid=58132&shareable=true
T8R-c72897ff09044ee7,1080000048,2.d.3.a.i,v4_native,2. Net addition (or removal) - underground circuit miles,Distribution,HFTD Tier 3,Urban,WUI,Circuit miles,v4_native,3.030300455009183e-10,,,SDG&E,2025,1,v4.01,6,1,SDGE_2025_Q1_R6.xlsx,Table 8,50,M50,https://efiling.energysafety.ca.gov/eFiling/Getfile.aspx?fileid=58132&shareable=true
T8R-b02fec8ece13be4b,1080000049,2.d.3.a.ii,v4_native,2. Net addition (or removal) - underground circuit miles,Distribution,HFTD Tier 3,Urban,Non-WUI,Circuit miles,v4_native,0,,,SDG&E,2025,1,v4.01,6,1,SDGE_2025_Q1_R6.xlsx,Table 8,51,M51,https://efiling.energysafety.ca.gov/eFiling/Getfile.aspx?fileid=58132&shareable=true
T8R-21762e2ec596517c,1080000050,2.d.3.b.i,v4_native,2. Net addition (or removal) - underground circuit miles,Distribution,HFTD Tier 3,Rural,WUI,Circuit miles,v4_native,6.151325712121036,,,SDG&E,2025,1,v4.01,6,1,SDGE_2025_Q1_R6.xlsx,Table 8,52,M52,https://efiling.energysafety.ca.gov/eFiling/Getfile.aspx?fileid=58132&shareable=true
T8R-6aafa1924a7f244c,1080000051,2.d.3.b.ii,v4_native,2. Net addition (or removal) - underground circuit miles,Distribution,HFTD Tier 3,Rural,Non-WUI,Circuit miles,v4_native,11.985037857575009,,,SDG&E,2025,1,v4.01,6,1,SDGE_2025_Q1_R6.xlsx,Table 8,53,M53,https://efiling.energysafety.ca.gov/eFiling/Getfile.aspx?fileid=58132&shareable=true
T8R-d3d761cb3de5c2b4,1080000052,2.d.3.c.i,v4_native,2. Net addition (or removal) - underground circuit miles,Distribution,HFTD Tier 3,Highly rural,WUI,Circuit miles,v4_native,-5.292045456666671,,,SDG&E,2025,1,v4.01,6,1,SDGE_2025_Q1_R6.xlsx,Table 8,54,M54,https://efiling.energysafety.ca.gov/eFiling/Getfile.aspx?fileid=58132&shareable=true
T8R-2211e1525f876136,1080000053,2.d.3.c.ii,v4_native,2. Net addition (or removal) - underground circuit miles,Distribution,HFTD Tier 3,Highly rural,Non-WUI,Circuit miles,v4_native,-10.2143939403031,,,SDG&E,2025,1,v4.01,6,1,SDGE_2025_Q1_R6.xlsx,Table 8,55,M55,https://efiling.energysafety.ca.gov/eFiling/Getfile.aspx?fileid=58132&shareable=true
T8R-8872e1fbb21103d1,1080000054,2.t.0.a.i,v4_native,2. Net addition (or removal) - underground circuit miles,Transmission,Non-HFTD,Urban,WUI,Circuit miles,v4_native,-0.5826325772728005,,,SDG&E,2025,1,v4.01,6,1,SDGE_2025_Q1_R6.xlsx,Table 8,56,M56,https://efiling.energysafety.ca.gov/eFiling/Getfile.aspx?fileid=58132&shareable=true
T8R-964464d87d7d4659,1080000055,2.t.0.a.ii,v4_native,2. Net addition (or removal) - underground circuit miles,Transmission,Non-HFTD,Urban,Non-WUI,Circuit miles,v4_native,1.7384829521212026,,,SDG&E,2025,1,v4.01,6,1,SDGE_2025_Q1_R6.xlsx,Table 8,57,M57,https://efiling.energysafety.ca.gov/eFiling/Getfile.aspx?fileid=58132&shareable=true
T8R-767fead48e859e40,1080000056,2.t.0.b.i,v4_native,2. Net addition (or removal) - underground circuit miles,Transmission,Non-HFTD,Rural,WUI,Circuit miles,v4_native,0.5983522742423997,,,SDG&E,2025,1,v4.01,6,1,SDGE_2025_Q1_R6.xlsx,Table 8,58,M58,https://efiling.energysafety.ca.gov/eFiling/Getfile.aspx?fileid=58132&shareable=true
T8R-9c3b5f25aeb3a5c8,1080000057,2.t.0.b.ii,v4_native,2. Net addition (or removal) - underground circuit miles,Transmission,Non-HFTD,Rural,Non-WUI,Circuit miles,v4_native,0.09656628636360054,,,SDG&E,2025,1,v4.01,6,1,SDGE_2025_Q1_R6.xlsx,Table 8,59,M59,https://efiling.energysafety.ca.gov/eFiling/Getfile.aspx?fileid=58132&shareable=true
T8R-3f17c715ee4bd7c0,1080000058,2.t.0.c.i,v4_native,2. Net addition (or removal) - underground circuit miles,Transmission,Non-HFTD,Highly rural,WUI,Circuit miles,v4_native,0,,,SDG&E,2025,1,v4.01,6,1,SDGE_2025_Q1_R6.xlsx,Table 8,60,M60,https://efiling.energysafety.ca.gov/eFiling/Getfile.aspx?fileid=58132&shareable=true
T8R-7050cc2e94962f60,1080000059,2.t.0.c.ii,v4_native,2. Net addition (or removal) - underground circuit miles,Transmission,Non-HFTD,Highly rural,Non-WUI,Circuit miles,v4_native,-1.8350492422121218,,,SDG&E,2025,1,v4.01,6,1,SDGE_2025_Q1_R6.xlsx,Table 8,61,M61,https://efiling.energysafety.ca.gov/eFiling/Getfile.aspx?fileid=58132&shareable=true
T8R-7f9c2b4780660f90,1080000060,2.t.2.a.i,v4_native,2. Net addition (or removal) - underground circuit miles,Transmission,HFTD Tier 2,Urban,WUI,Circuit miles,v4_native,0.9617424215150994,,,SDG&E,2025,1,v4.01,6,1,SDGE_2025_Q1_R6.xlsx,Table 8,62,M62,https://efiling.energysafety.ca.gov/eFiling/Getfile.aspx?fileid=58132&shareable=true
T8R-c82869cebab68ce4,1080000061,2.t.2.a.ii,v4_native,2. Net addition (or removal) - underground circuit miles,Transmission,HFTD Tier 2,Urban,Non-WUI,Circuit miles,v4_native,0.5936382571212098,,,SDG&E,2025,1,v4.01,6,1,SDGE_2025_Q1_R6.xlsx,Table 8,63,M63,https://efiling.energysafety.ca.gov/eFiling/Getfile.aspx?fileid=58132&shareable=true
T8R-6339d87f19af70dc,1080000062,2.t.2.b.i,v4_native,2. Net addition (or removal) - underground circuit miles,Transmission,HFTD Tier 2,Rural,WUI,Circuit miles,v4_native,-1.2941572000000008,,,SDG&E,2025,1,v4.01,6,1,SDGE_2025_Q1_R6.xlsx,Table 8,64,M64,https://efiling.energysafety.ca.gov/eFiling/Getfile.aspx?fileid=58132&shareable=true
T8R-a73b90ff59d6d884,1080000063,2.t.2.b.ii,v4_native,2. Net addition (or removal) - underground circuit miles,Transmission,HFTD Tier 2,Rural,Non-WUI,Circuit miles,v4_native,-0.5936382577272807,,,SDG&E,2025,1,v4.01,6,1,SDGE_2025_Q1_R6.xlsx,Table 8,65,M65,https://efiling.energysafety.ca.gov/eFiling/Getfile.aspx?fileid=58132&shareable=true
T8R-27d1531a6609ee36,1080000064,2.t.2.c.i,v4_native,2. Net addition (or removal) - underground circuit miles,Transmission,HFTD Tier 2,Highly rural,WUI,Circuit miles,v4_native,0,,,SDG&E,2025,1,v4.01,6,1,SDGE_2025_Q1_R6.xlsx,Table 8,66,M66,https://efiling.energysafety.ca.gov/eFiling/Getfile.aspx?fileid=58132&shareable=true
T8R-e475da257a2f2a94,1080000065,2.t.2.c.ii,v4_native,2. Net addition (or removal) - underground circuit miles,Transmission,HFTD Tier 2,Highly rural,Non-WUI,Circuit miles,v4_native,0,,,SDG&E,2025,1,v4.01,6,1,SDGE_2025_Q1_R6.xlsx,Table 8,67,M67,https://efiling.energysafety.ca.gov/eFiling/Getfile.aspx?fileid=58132&shareable=true
T8R-816f7877fef04fd8,1080000066,2.t.3.a.i,v4_native,2. Net addition (or removal) - underground circuit miles,Transmission,HFTD Tier 3,Urban,WUI,Circuit miles,v4_native,-0.6401590905757601,,,SDG&E,2025,1,v4.01,6,1,SDGE_2025_Q1_R6.xlsx,Table 8,68,M68,https://efiling.energysafety.ca.gov/eFiling/Getfile.aspx?fileid=58132&shareable=true
T8R-1c263dd037f26f68,1080000067,2.t.3.a.ii,v4_native,2. Net addition (or removal) - underground circuit miles,Transmission,HFTD Tier 3,Urban,Non-WUI,Circuit miles,v4_native,0,,,SDG&E,2025,1,v4.01,6,1,SDGE_2025_Q1_R6.xlsx,Table 8,69,M69,https://efiling.energysafety.ca.gov/eFiling/Getfile.aspx?fileid=58132&shareable=true
T8R-1c09ee0e952aaaf8,1080000068,2.t.3.b.i,v4_native,2. Net addition (or removal) - underground circuit miles,Transmission,HFTD Tier 3,Rural,WUI,Circuit miles,v4_native,0.6403484846363598,,,SDG&E,2025,1,v4.01,6,1,SDGE_2025_Q1_R6.xlsx,Table 8,70,M70,https://efiling.energysafety.ca.gov/eFiling/Getfile.aspx?fileid=58132&shareable=true
T8R-5d5a45b88c5765e4,1080000069,2.t.3.b.ii,v4_native,2. Net addition (or removal) - underground circuit miles,Transmission,HFTD Tier 3,Rural,Non-WUI,Circuit miles,v4_native,4.5453996122546414e-10,,,SDG&E,2025,1,v4.01,6,1,SDGE_2025_Q1_R6.xlsx,Table 8,71,M71,https://efiling.energysafety.ca.gov/eFiling/Getfile.aspx?fileid=58132&shareable=true
T8R-a1933bfb74136e2d,1080000070,2.t.3.c.i,v4_native,2. Net addition (or removal) - underground circuit miles,Transmission,HFTD Tier 3,Highly rural,WUI,Circuit miles,v4_native,0,,,SDG&E,2025,1,v4.01,6,1,SDGE_2025_Q1_R6.xlsx,Table 8,72,M72,https://efiling.energysafety.ca.gov/eFiling/Getfile.aspx?fileid=58132&shareable=true
T8R-0fbe0a0a035d8088,1080000071,2.t.3.c.ii,v4_native,2. Net addition (or removal) - underground circuit miles,Transmission,HFTD Tier 3,Highly rural,Non-WUI,Circuit miles,v4_native,0,,,SDG&E,2025,1,v4.01,6,1,SDGE_2025_Q1_R6.xlsx,Table 8,73,M73,https://efiling.energysafety.ca.gov/eFiling/Getfile.aspx?fileid=58132&shareable=true
T8R-63ec9c4354a5c8af,1080000072,3.0.a.i,v4_native,3. Net addition (or removal) - Substations,,Non-HFTD,Urban,WUI,Number of substations,v4_native,0,,,SDG&E,2025,1,v4.01,6,1,SDGE_2025_Q1_R6.xlsx,Table 8,74,M74,https://efiling.energysafety.ca.gov/eFiling/Getfile.aspx?fileid=58132&shareable=true
T8R-e35c7e7b04a02923,1080000073,3.0.a.ii,v4_native,3. Net addition (or removal) - Substations,,Non-HFTD,Urban,Non-WUI,Number of substations,v4_native,0,,,SDG&E,2025,1,v4.01,6,1,SDGE_2025_Q1_R6.xlsx,Table 8,75,M75,https://efiling.energysafety.ca.gov/eFiling/Getfile.aspx?fileid=58132&shareable=true
T8R-8f5dee756ddcf052,1080000074,3.0.b.i,v4_native,3. Net addition (or removal) - Substations,,Non-HFTD,Rural,WUI,Number of substations,v4_native,0,,,SDG&E,2025,1,v4.01,6,1,SDGE_2025_Q1_R6.xlsx,Table 8,76,M76,https://efiling.energysafety.ca.gov/eFiling/Getfile.aspx?fileid=58132&shareable=true
T8R-19026a50f5268a5c,1080000075,3.0.b.ii,v4_native,3. Net addition (or removal) - Substations,,Non-HFTD,Rural,Non-WUI,Number of substations,v4_native,0,,,SDG&E,2025,1,v4.01,6,1,SDGE_2025_Q1_R6.xlsx,Table 8,77,M77,https://efiling.energysafety.ca.gov/eFiling/Getfile.aspx?fileid=58132&shareable=true
T8R-615e0a50d388bf80,1080000076,3.0.c.i,v4_native,3. Net addition (or removal) - Substations,,Non-HFTD,Highly rural,WUI,Number of substations,v4_native,0,,,SDG&E,2025,1,v4.01,6,1,SDGE_2025_Q1_R6.xlsx,Table 8,78,M78,https://efiling.energysafety.ca.gov/eFiling/Getfile.aspx?fileid=58132&shareable=true
T8R-448d0928b2575620,1080000077,3.0.c.ii,v4_native,3. Net addition (or removal) - Substations,,Non-HFTD,Highly rural,Non-WUI,Number of substations,v4_native,0,,,SDG&E,2025,1,v4.01,6,1,SDGE_2025_Q1_R6.xlsx,Table 8,79,M79,https://efiling.energysafety.ca.gov/eFiling/Getfile.aspx?fileid=58132&shareable=true
T8R-c84c4526a2da387c,1080000078,3.2.a.i,v4_native,3. Net addition (or removal) - Substations,,HFTD Tier 2,Urban,WUI,Number of substations,v4_native,0,,,SDG&E,2025,1,v4.01,6,1,SDGE_2025_Q1_R6.xlsx,Table 8,80,M80,https://efiling.energysafety.ca.gov/eFiling/Getfile.aspx?fileid=58132&shareable=true
T8R-506c4e89a76eefe4,1080000079,3.2.a.ii,v4_native,3. Net addition (or removal) - Substations,,HFTD Tier 2,Urban,Non-WUI,Number of substations,v4_native,0,,,SDG&E,2025,1,v4.01,6,1,SDGE_2025_Q1_R6.xlsx,Table 8,81,M81,https://efiling.energysafety.ca.gov/eFiling/Getfile.aspx?fileid=58132&shareable=true
T8R-c0ce214cb9b05b0e,1080000080,3.2.b.i,v4_native,3. Net addition (or removal) - Substations,,HFTD Tier 2,Rural,WUI,Number of substations,v4_native,0,,,SDG&E,2025,1,v4.01,6,1,SDGE_2025_Q1_R6.xlsx,Table 8,82,M82,https://efiling.energysafety.ca.gov/eFiling/Getfile.aspx?fileid=58132&shareable=true
T8R-6f5f547834cb3a95,1080000081,3.2.b.ii,v4_native,3. Net addition (or removal) - Substations,,HFTD Tier 2,Rural,Non-WUI,Number of substations,v4_native,0,,,SDG&E,2025,1,v4.01,6,1,SDGE_2025_Q1_R6.xlsx,Table 8,83,M83,https://efiling.energysafety.ca.gov/eFiling/Getfile.aspx?fileid=58132&shareable=true
T8R-ad45aaba2cc0e51a,1080000082,3.2.c.i,v4_native,3. Net addition (or removal) - Substations,,HFTD Tier 2,Highly rural,WUI,Number of substations,v4_native,0,,,SDG&E,2025,1,v4.01,6,1,SDGE_2025_Q1_R6.xlsx,Table 8,84,M84,https://efiling.energysafety.ca.gov/eFiling/Getfile.aspx?fileid=58132&shareable=true
T8R-7c77a79e0c0de71e,1080000083,3.2.c.ii,v4_native,3. Net addition (or removal) - Substations,,HFTD Tier 2,Highly rural,Non-WUI,Number of substations,v4_native,0,,,SDG&E,2025,1,v4.01,6,1,SDGE_2025_Q1_R6.xlsx,Table 8,85,M85,https://efiling.energysafety.ca.gov/eFiling/Getfile.aspx?fileid=58132&shareable=true
T8R-069c328a97a0dcde,1080000084,3.3.a.i,v4_native,3. Net addition (or removal) - Substations,,HFTD Tier 3,Urban,WUI,Number of substations,v4_native,0,,,SDG&E,2025,1,v4.01,6,1,SDGE_2025_Q1_R6.xlsx,Table 8,86,M86,https://efiling.energysafety.ca.gov/eFiling/Getfile.aspx?fileid=58132&shareable=true
T8R-3d121a9949ca8925,1080000085,3.3.a.ii,v4_native,3. Net addition (or removal) - Substations,,HFTD Tier 3,Urban,Non-WUI,Number of substations,v4_native,0,,,SDG&E,2025,1,v4.01,6,1,SDGE_2025_Q1_R6.xlsx,Table 8,87,M87,https://efiling.energysafety.ca.gov/eFiling/Getfile.aspx?fileid=58132&shareable=true
T8R-d7c217ec88409c7a,1080000086,3.3.b.i,v4_native,3. Net addition (or removal) - Substations,,HFTD Tier 3,Rural,WUI,Number of substations,v4_native,0,,,SDG&E,2025,1,v4.01,6,1,SDGE_2025_Q1_R6.xlsx,Table 8,88,M88,https://efiling.energysafety.ca.gov/eFiling/Getfile.aspx?fileid=58132&shareable=true
T8R-31778de022e85192,1080000087,3.3.b.ii,v4_native,3. Net addition (or removal) - Substations,,HFTD Tier 3,Rural,Non-WUI,Number of substations,v4_native,0,,,SDG&E,2025,1,v4.01,6,1,SDGE_2025_Q1_R6.xlsx,Table 8,89,M89,https://efiling.energysafety.ca.gov/eFiling/Getfile.aspx?fileid=58132&shareable=true
T8R-8fe8c26062150784,1080000088,3.3.c.i,v4_native,3. Net addition (or removal) - Substations,,HFTD Tier 3,Highly rural,WUI,Number of substations,v4_native,0,,,SDG&E,2025,1,v4.01,6,1,SDGE_2025_Q1_R6.xlsx,Table 8,90,M90,https://efiling.energysafety.ca.gov/eFiling/Getfile.aspx?fileid=58132&shareable=true
T8R-3b8e250cfb07d274,1080000089,3.3.c.ii,v4_native,3. Net addition (or removal) - Substations,,HFTD Tier 3,Highly rural,Non-WUI,Number of substations,v4_native,0,,,SDG&E,2025,1,v4.01,6,1,SDGE_2025_Q1_R6.xlsx,Table 8,91,M91,https://efiling.energysafety.ca.gov/eFiling/Getfile.aspx?fileid=58132&shareable=true
T8R-d1958680aa0d5996,1080000090,4.0.a.i,v4_native,4. Net addition (or removal) - Weather stations,,Non-HFTD,Urban,WUI,Number of weather stations,v4_native,0,,,SDG&E,2025,1,v4.01,6,1,SDGE_2025_Q1_R6.xlsx,Table 8,92,M92,https://efiling.energysafety.ca.gov/eFiling/Getfile.aspx?fileid=58132&shareable=true
T8R-17d03771a042dc09,1080000091,4.0.a.ii,v4_native,4. Net addition (or removal) - Weather stations,,Non-HFTD,Urban,Non-WUI,Number of weather stations,v4_native,0,,,SDG&E,2025,1,v4.01,6,1,SDGE_2025_Q1_R6.xlsx,Table 8,93,M93,https://efiling.energysafety.ca.gov/eFiling/Getfile.aspx?fileid=58132&shareable=true
T8R-e4f6c4fa88dc138e,1080000092,4.0.b.i,v4_native,4. Net addition (or removal) - Weather stations,,Non-HFTD,Rural,WUI,Number of weather stations,v4_native,0,,,SDG&E,2025,1,v4.01,6,1,SDGE_2025_Q1_R6.xlsx,Table 8,94,M94,https://efiling.energysafety.ca.gov/eFiling/Getfile.aspx?fileid=58132&shareable=true
T8R-8f32e98b20d0f310,1080000093,4.0.b.ii,v4_native,4. Net addition (or removal) - Weather stations,,Non-HFTD,Rural,Non-WUI,Number of weather stations,v4_native,0,,,SDG&E,2025,1,v4.01,6,1,SDGE_2025_Q1_R6.xlsx,Table 8,95,M95,https://efiling.energysafety.ca.gov/eFiling/Getfile.aspx?fileid=58132&shareable=true
T8R-44fa663a5ac77791,1080000094,4.0.c.i,v4_native,4. Net addition (or removal) - Weather stations,,Non-HFTD,Highly rural,WUI,Number of weather stations,v4_native,0,,,SDG&E,2025,1,v4.01,6,1,SDGE_2025_Q1_R6.xlsx,Table 8,96,M96,https://efiling.energysafety.ca.gov/eFiling/Getfile.aspx?fileid=58132&shareable=true
T8R-f43320d2f797541f,1080000095,4.0.c.ii,v4_native,4. Net addition (or removal) - Weather stations,,Non-HFTD,Highly rural,Non-WUI,Number of weather stations,v4_native,0,,,SDG&E,2025,1,v4.01,6,1,SDGE_2025_Q1_R6.xlsx,Table 8,97,M97,https://efiling.energysafety.ca.gov/eFiling/Getfile.aspx?fileid=58132&shareable=true
T8R-3c85b81783212ce2,1080000096,4.2.a.i,v4_native,4. Net addition (or removal) - Weather stations,,HFTD Tier 2,Urban,WUI,Number of weather stations,v4_native,0,,,SDG&E,2025,1,v4.01,6,1,SDGE_2025_Q1_R6.xlsx,Table 8,98,M98,https://efiling.energysafety.ca.gov/eFiling/Getfile.aspx?fileid=58132&shareable=true
T8R-f95028e18b31c033,1080000097,4.2.a.ii,v4_native,4. Net addition (or removal) - Weather stations,,HFTD Tier 2,Urban,Non-WUI,Number of weather stations,v4_native,0,,,SDG&E,2025,1,v4.01,6,1,SDGE_2025_Q1_R6.xlsx,Table 8,99,M99,https://efiling.energysafety.ca.gov/eFiling/Getfile.aspx?fileid=58132&shareable=true
T8R-c0c4c96b907f6e06,1080000098,4.2.b.i,v4_native,4. Net addition (or removal) - Weather stations,,HFTD Tier 2,Rural,WUI,Number of weather stations,v4_native,0,,,SDG&E,2025,1,v4.01,6,1,SDGE_2025_Q1_R6.xlsx,Table 8,100,M100,https://efiling.energysafety.ca.gov/eFiling/Getfile.aspx?fileid=58132&shareable=true
T8R-5b897109f2f687d8,1080000099,4.2.b.ii,v4_native,4. Net addition (or removal) - Weather stations,,HFTD Tier 2,Rural,Non-WUI,Number of weather stations,v4_native,0,,,SDG&E,2025,1,v4.01,6,1,SDGE_2025_Q1_R6.xlsx,Table 8,101,M101,https://efiling.energysafety.ca.gov/eFiling/Getfile.aspx?fileid=58132&shareable=true
T8R-2a083c7bb2cc5fbc,1080000100,4.2.c.i,v4_native,4. Net addition (or removal) - Weather stations,,HFTD Tier 2,Highly rural,WUI,Number of weather stations,v4_native,0,,,SDG&E,2025,1,v4.01,6,1,SDGE_2025_Q1_R6.xlsx,Table 8,102,M102,https://efiling.energysafety.ca.gov/eFiling/Getfile.aspx?fileid=58132&shareable=true
T8R-49d372e56689879f,1080000101,4.2.c.ii,v4_native,4. Net addition (or removal) - Weather stations,,HFTD Tier 2,Highly rural,Non-WUI,Number of weather stations,v4_native,0,,,SDG&E,2025,1,v4.01,6,1,SDGE_2025_Q1_R6.xlsx,Table 8,103,M103,https://efiling.energysafety.ca.gov/eFiling/Getfile.aspx?fileid=58132&shareable=true
T8R-9d28ed980ad4560e,1080000102,4.3.a.i,v4_native,4. Net addition (or removal) - Weather stations,,HFTD Tier 3,Urban,WUI,Number of weather stations,v4_native,0,,,SDG&E,2025,1,v4.01,6,1,SDGE_2025_Q1_R6.xlsx,Table 8,104,M104,https://efiling.energysafety.ca.gov/eFiling/Getfile.aspx?fileid=58132&shareable=true
T8R-ba8b91064bad1f7d,1080000103,4.3.a.ii,v4_native,4. Net addition (or removal) - Weather stations,,HFTD Tier 3,Urban,Non-WUI,Number of weather stations,v4_native,0,,,SDG&E,2025,1,v4.01,6,1,SDGE_2025_Q1_R6.xlsx,Table 8,105,M105,https://efiling.energysafety.ca.gov/eFiling/Getfile.aspx?fileid=58132&shareable=true
T8R-f36e46aeed4c7a32,1080000104,4.3.b.i,v4_native,4. Net addition (or removal) - Weather stations,,HFTD Tier 3,Rural,WUI,Number of weather stations,v4_native,0,,,SDG&E,2025,1,v4.01,6,1,SDGE_2025_Q1_R6.xlsx,Table 8,106,M106,https://efiling.energysafety.ca.gov/eFiling/Getfile.aspx?fileid=58132&shareable=true
T8R-7c5da424dc1085cc,1080000105,4.3.b.ii,v4_native,4. Net addition (or removal) - Weather stations,,HFTD Tier 3,Rural,Non-WUI,Number of weather stations,v4_native,0,,,SDG&E,2025,1,v4.01,6,1,SDGE_2025_Q1_R6.xlsx,Table 8,107,M107,https://efiling.energysafety.ca.gov/eFiling/Getfile.aspx?fileid=58132&shareable=true
T8R-7604592cda5ba22c,1080000106,4.3.c.i,v4_native,4. Net addition (or removal) - Weather stations,,HFTD Tier 3,Highly rural,WUI,Number of weather stations,v4_native,0,,,SDG&E,2025,1,v4.01,6,1,SDGE_2025_Q1_R6.xlsx,Table 8,108,M108,https://efiling.energysafety.ca.gov/eFiling/Getfile.aspx?fileid=58132&shareable=true
T8R-96a8703681116737,1080000107,4.3.c.ii,v4_native,4. Net addition (or removal) - Weather stations,,HFTD Tier 3,Highly rural,Non-WUI,Number of weather stations,v4_native,0,,,SDG&E,2025,1,v4.01,6,1,SDGE_2025_Q1_R6.xlsx,Table 8,109,M109,https://efiling.energysafety.ca.gov/eFiling/Getfile.aspx?fileid=58132&shareable=true
T8R-f831ac499d1de480,1080000000,1.d.0.a.i,v4_native,1. Net addition (or removal) - overhead circuit miles,Distribution,Non-HFTD,Urban,WUI,Circuit miles,v4_native,-0.12916665151601592,,,SDG&E,2025,2,v4.01,5,2,SDGE_2025_Q2_R5.xlsx,Table 8,2,M2,https://efiling.energysafety.ca.gov/eFiling/Getfile.aspx?fileid=58132&shareable=true
T8R-c0db0daca74095f7,1080000001,1.d.0.a.ii,v4_native,1. Net addition (or removal) - overhead circuit miles,Distribution,Non-HFTD,Urban,Non-WUI,Circuit miles,v4_native,-0.3501893333400403,,,SDG&E,2025,2,v4.01,5,2,SDGE_2025_Q2_R5.xlsx,Table 8,3,M3,https://efiling.energysafety.ca.gov/eFiling/Getfile.aspx?fileid=58132&shareable=true
T8R-8237524bc8ea9cbd,1080000002,1.d.0.b.i,v4_native,1. Net addition (or removal) - overhead circuit miles,Distribution,Non-HFTD,Rural,WUI,Circuit miles,v4_native,0.006060612121018494,,,SDG&E,2025,2,v4.01,5,2,SDGE_2025_Q2_R5.xlsx,Table 8,4,M4,https://efiling.energysafety.ca.gov/eFiling/Getfile.aspx?fileid=58132&shareable=true
T8R-b5e3952c8fbbf774,1080000003,1.d.0.b.ii,v4_native,1. Net addition (or removal) - overhead circuit miles,Distribution,Non-HFTD,Rural,Non-WUI,Circuit miles,v4_native,-0.6102272272730147,,,SDG&E,2025,2,v4.01,5,2,SDGE_2025_Q2_R5.xlsx,Table 8,5,M5,https://efiling.energysafety.ca.gov/eFiling/Getfile.aspx?fileid=58132&shareable=true
T8R-4576297db8373dd3,1080000004,1.d.0.c.i,v4_native,1. Net addition (or removal) - overhead circuit miles,Distribution,Non-HFTD,Highly rural,WUI,Circuit miles,v4_native,-0.0009469739393992427,,,SDG&E,2025,2,v4.01,5,2,SDGE_2025_Q2_R5.xlsx,Table 8,6,M6,https://efiling.energysafety.ca.gov/eFiling/Getfile.aspx?fileid=58132&shareable=true
T8R-646e34e69ae6625f,1080000005,1.d.0.c.ii,v4_native,1. Net addition (or removal) - overhead circuit miles,Distribution,Non-HFTD,Highly rural,Non-WUI,Circuit miles,v4_native,-0.000568212122004752,,,SDG&E,2025,2,v4.01,5,2,SDGE_2025_Q2_R5.xlsx,Table 8,7,M7,https://efiling.energysafety.ca.gov/eFiling/Getfile.aspx?fileid=58132&shareable=true
T8R-0aa1e513fc2b61bc,1080000006,1.d.2.a.i,v4_native,1. Net addition (or removal) - overhead circuit miles,Distribution,HFTD Tier 2,Urban,WUI,Circuit miles,v4_native,-0.00037878939400570744,,,SDG&E,2025,2,v4.01,5,2,SDGE_2025_Q2_R5.xlsx,Table 8,8,M8,https://efiling.energysafety.ca.gov/eFiling/Getfile.aspx?fileid=58132&shareable=true
T8R-e3ffb199575dc6dc,1080000007,1.d.2.a.ii,v4_native,1. Net addition (or removal) - overhead circuit miles,Distribution,HFTD Tier 2,Urban,Non-WUI,Circuit miles,v4_native,-0.9501893963636974,,,SDG&E,2025,2,v4.01,5,2,SDGE_2025_Q2_R5.xlsx,Table 8,9,M9,https://efiling.energysafety.ca.gov/eFiling/Getfile.aspx?fileid=58132&shareable=true
T8R-0139d502fbdba366,1080000008,1.d.2.b.i,v4_native,1. Net addition (or removal) - overhead circuit miles,Distribution,HFTD Tier 2,Rural,WUI,Circuit miles,v4_native,-3.3248105636370155,,,SDG&E,2025,2,v4.01,5,2,SDGE_2025_Q2_R5.xlsx,Table 8,10,M10,https://efiling.energysafety.ca.gov/eFiling/Getfile.aspx?fileid=58132&shareable=true
T8R-6bd09f9f98708349,1080000009,1.d.2.b.ii,v4_native,1. Net addition (or removal) - overhead circuit miles,Distribution,HFTD Tier 2,Rural,Non-WUI,Circuit miles,v4_native,-1.3842803090909683,,,SDG&E,2025,2,v4.01,5,2,SDGE_2025_Q2_R5.xlsx,Table 8,11,M11,https://efiling.energysafety.ca.gov/eFiling/Getfile.aspx?fileid=58132&shareable=true
T8R-522dc357a79c9188,1080000010,1.d.2.c.i,v4_native,1. Net addition (or removal) - overhead circuit miles,Distribution,HFTD Tier 2,Highly rural,WUI,Circuit miles,v4_native,0.0013257581817995856,,,SDG&E,2025,2,v4.01,5,2,SDGE_2025_Q2_R5.xlsx,Table 8,12,M12,https://efiling.energysafety.ca.gov/eFiling/Getfile.aspx?fileid=58132&shareable=true
T8R-78bf28b7d1617674,1080000011,1.d.2.c.ii,v4_native,1. Net addition (or removal) - overhead circuit miles,Distribution,HFTD Tier 2,Highly rural,Non-WUI,Circuit miles,v4_native,0.2255681818180051,,,SDG&E,2025,2,v4.01,5,2,SDGE_2025_Q2_R5.xlsx,Table 8,13,M13,https://efiling.energysafety.ca.gov/eFiling/Getfile.aspx?fileid=58132&shareable=true
T8R-52cc1e1b6d441874,1080000012,1.d.3.a.i,v4_native,1. Net addition (or removal) - overhead circuit miles,Distribution,HFTD Tier 3,Urban,WUI,Circuit miles,v4_native,1.212097089364761e-10,,,SDG&E,2025,2,v4.01,5,2,SDGE_2025_Q2_R5.xlsx,Table 8,14,M14,https://efiling.energysafety.ca.gov/eFiling/Getfile.aspx?fileid=58132&shareable=true
T8R-412425ce5a12108d,1080000013,1.d.3.a.ii,v4_native,1. Net addition (or removal) - overhead circuit miles,Distribution,HFTD Tier 3,Urban,Non-WUI,Circuit miles,v4_native,3.636363016257249e-10,,,SDG&E,2025,2,v4.01,5,2,SDGE_2025_Q2_R5.xlsx,Table 8,15,M15,https://efiling.energysafety.ca.gov/eFiling/Getfile.aspx?fileid=58132&shareable=true
T8R-7da7fe2e011e4187,1080000014,1.d.3.b.i,v4_native,1. Net addition (or removal) - overhead circuit miles,Distribution,HFTD Tier 3,Rural,WUI,Circuit miles,v4_native,-4.343181796970043,,,SDG&E,2025,2,v4.01,5,2,SDGE_2025_Q2_R5.xlsx,Table 8,16,M16,https://efiling.energysafety.ca.gov/eFiling/Getfile.aspx?fileid=58132&shareable=true
T8R-11c105dfd2631afa,1080000015,1.d.3.b.ii,v4_native,1. Net addition (or removal) - overhead circuit miles,Distribution,HFTD Tier 3,Rural,Non-WUI,Circuit miles,v4_native,-5.256818209090966,,,SDG&E,2025,2,v4.01,5,2,SDGE_2025_Q2_R5.xlsx,Table 8,17,M17,https://efiling.energysafety.ca.gov/eFiling/Getfile.aspx?fileid=58132&shareable=true
T8R-d2582baac27ac33a,1080000016,1.d.3.c.i,v4_native,1. Net addition (or removal) - overhead circuit miles,Distribution,HFTD Tier 3,Highly rural,WUI,Circuit miles,v4_native,0.00037878909090061086,,,SDG&E,2025,2,v4.01,5,2,SDGE_2025_Q2_R5.xlsx,Table 8,18,M18,https://efiling.energysafety.ca.gov/eFiling/Getfile.aspx?fileid=58132&shareable=true
T8R-dc02f9209febd524,1080000017,1.d.3.c.ii,v4_native,1. Net addition (or removal) - overhead circuit miles,Distribution,HFTD Tier 3,Highly rural,Non-WUI,Circuit miles,v4_native,-0.0024621696969973073,,,SDG&E,2025,2,v4.01,5,2,SDGE_2025_Q2_R5.xlsx,Table 8,19,M19,https://efiling.energysafety.ca.gov/eFiling/Getfile.aspx?fileid=58132&shareable=true
T8R-4b197657b285cff9,1080000018,1.t.0.a.i,v4_native,1. Net addition (or removal) - overhead circuit miles,Transmission,Non-HFTD,Urban,WUI,Circuit miles,v4_native,-0.06551320909099445,,,SDG&E,2025,2,v4.01,5,2,SDGE_2025_Q2_R5.xlsx,Table 8,20,M20,https://efiling.energysafety.ca.gov/eFiling/Getfile.aspx?fileid=58132&shareable=true
T8R-045f082b44e90724,1080000019,1.t.0.a.ii,v4_native,1. Net addition (or removal) - overhead circuit miles,Transmission,Non-HFTD,Urban,Non-WUI,Circuit miles,v4_native,-0.06528033333398753,,,SDG&E,2025,2,v4.01,5,2,SDGE_2025_Q2_R5.xlsx,Table 8,21,M21,https://efiling.energysafety.ca.gov/eFiling/Getfile.aspx?fileid=58132&shareable=true
T8R-b9f6a8bf7110f878,1080000020,1.t.0.b.i,v4_native,1. Net addition (or removal) - overhead circuit miles,Transmission,Non-HFTD,Rural,WUI,Circuit miles,v4_native,-3.636394296790968e-09,,,SDG&E,2025,2,v4.01,5,2,SDGE_2025_Q2_R5.xlsx,Table 8,22,M22,https://efiling.energysafety.ca.gov/eFiling/Getfile.aspx?fileid=58132&shareable=true
T8R-4699e935d06500a8,1080000021,1.t.0.b.ii,v4_native,1. Net addition (or removal) - overhead circuit miles,Transmission,Non-HFTD,Rural,Non-WUI,Circuit miles,v4_native,-0.09079734515159998,,,SDG&E,2025,2,v4.01,5,2,SDGE_2025_Q2_R5.xlsx,Table 8,23,M23,https://efiling.energysafety.ca.gov/eFiling/Getfile.aspx?fileid=58132&shareable=true
T8R-61bb8c36438d99d9,1080000022,1.t.0.c.i,v4_native,1. Net addition (or removal) - overhead circuit miles,Transmission,Non-HFTD,Highly rural,WUI,Circuit miles,v4_native,0,,,SDG&E,2025,2,v4.01,5,2,SDGE_2025_Q2_R5.xlsx,Table 8,24,M24,https://efiling.energysafety.ca.gov/eFiling/Getfile.aspx?fileid=58132&shareable=true
T8R-371a7ae390eb5d52,1080000023,1.t.0.c.ii,v4_native,1. Net addition (or removal) - overhead circuit miles,Transmission,Non-HFTD,Highly rural,Non-WUI,Circuit miles,v4_native,0.002818179393901943,,,SDG&E,2025,2,v4.01,5,2,SDGE_2025_Q2_R5.xlsx,Table 8,25,M25,https://efiling.energysafety.ca.gov/eFiling/Getfile.aspx?fileid=58132&shareable=true
T8R-450d687d06255665,1080000024,1.t.2.a.i,v4_native,1. Net addition (or removal) - overhead circuit miles,Transmission,HFTD Tier 2,Urban,WUI,Circuit miles,v4_native,-4.848494938869408e-09,,,SDG&E,2025,2,v4.01,5,2,SDGE_2025_Q2_R5.xlsx,Table 8,26,M26,https://efiling.energysafety.ca.gov/eFiling/Getfile.aspx?fileid=58132&shareable=true
T8R-dc7efddfd94f7a64,1080000025,1.t.2.a.ii,v4_native,1. Net addition (or removal) - overhead circuit miles,Transmission,HFTD Tier 2,Urban,Non-WUI,Circuit miles,v4_native,0.002071966666591152,,,SDG&E,2025,2,v4.01,5,2,SDGE_2025_Q2_R5.xlsx,Table 8,27,M27,https://efiling.energysafety.ca.gov/eFiling/Getfile.aspx?fileid=58132&shareable=true
T8R-bd20dedf70855198,1080000026,1.t.2.b.i,v4_native,1. Net addition (or removal) - overhead circuit miles,Transmission,HFTD Tier 2,Rural,WUI,Circuit miles,v4_native,3.030299922102131e-08,,,SDG&E,2025,2,v4.01,5,2,SDGE_2025_Q2_R5.xlsx,Table 8,28,M28,https://efiling.energysafety.ca.gov/eFiling/Getfile.aspx?fileid=58132&shareable=true
T8R-d75217add3a71707,1080000027,1.t.2.b.ii,v4_native,1. Net addition (or removal) - overhead circuit miles,Transmission,HFTD Tier 2,Rural,Non-WUI,Circuit miles,v4_native,0.002901509090008858,,,SDG&E,2025,2,v4.01,5,2,SDGE_2025_Q2_R5.xlsx,Table 8,29,M29,https://efiling.energysafety.ca.gov/eFiling/Getfile.aspx?fileid=58132&shareable=true
T8R-c20f8a569fabc89f,1080000028,1.t.2.c.i,v4_native,1. Net addition (or removal) - overhead circuit miles,Transmission,HFTD Tier 2,Highly rural,WUI,Circuit miles,v4_native,0,,,SDG&E,2025,2,v4.01,5,2,SDGE_2025_Q2_R5.xlsx,Table 8,30,M30,https://efiling.energysafety.ca.gov/eFiling/Getfile.aspx?fileid=58132&shareable=true
T8R-03ed3f9d1e8822b4,1080000029,1.t.2.c.ii,v4_native,1. Net addition (or removal) - overhead circuit miles,Transmission,HFTD Tier 2,Highly rural,Non-WUI,Circuit miles,v4_native,4.5454022767899005e-09,,,SDG&E,2025,2,v4.01,5,2,SDGE_2025_Q2_R5.xlsx,Table 8,31,M31,https://efiling.energysafety.ca.gov/eFiling/Getfile.aspx?fileid=58132&shareable=true
T8R-bd1d9e8e97127297,1080000030,1.t.3.a.i,v4_native,1. Net addition (or removal) - overhead circuit miles,Transmission,HFTD Tier 3,Urban,WUI,Circuit miles,v4_native,0,,,SDG&E,2025,2,v4.01,5,2,SDGE_2025_Q2_R5.xlsx,Table 8,32,M32,https://efiling.energysafety.ca.gov/eFiling/Getfile.aspx?fileid=58132&shareable=true
T8R-57cc80d4293ff93b,1080000031,1.t.3.a.ii,v4_native,1. Net addition (or removal) - overhead circuit miles,Transmission,HFTD Tier 3,Urban,Non-WUI,Circuit miles,v4_native,0,,,SDG&E,2025,2,v4.01,5,2,SDGE_2025_Q2_R5.xlsx,Table 8,33,M33,https://efiling.energysafety.ca.gov/eFiling/Getfile.aspx?fileid=58132&shareable=true
T8R-02b8edbf74b7c64d,1080000032,1.t.3.b.i,v4_native,1. Net addition (or removal) - overhead circuit miles,Transmission,HFTD Tier 3,Rural,WUI,Circuit miles,v4_native,-9.091003505545814e-10,,,SDG&E,2025,2,v4.01,5,2,SDGE_2025_Q2_R5.xlsx,Table 8,34,M34,https://efiling.energysafety.ca.gov/eFiling/Getfile.aspx?fileid=58132&shareable=true
T8R-36b56a33b79663ea,1080000033,1.t.3.b.ii,v4_native,1. Net addition (or removal) - overhead circuit miles,Transmission,HFTD Tier 3,Rural,Non-WUI,Circuit miles,v4_native,-6.060986379452515e-09,,,SDG&E,2025,2,v4.01,5,2,SDGE_2025_Q2_R5.xlsx,Table 8,35,M35,https://efiling.energysafety.ca.gov/eFiling/Getfile.aspx?fileid=58132&shareable=true
T8R-a8925e70ffd15285,1080000034,1.t.3.c.i,v4_native,1. Net addition (or removal) - overhead circuit miles,Transmission,HFTD Tier 3,Highly rural,WUI,Circuit miles,v4_native,3.030300455009183e-10,,,SDG&E,2025,2,v4.01,5,2,SDGE_2025_Q2_R5.xlsx,Table 8,36,M36,https://efiling.energysafety.ca.gov/eFiling/Getfile.aspx?fileid=58132&shareable=true
T8R-3f7d174a14feb7f6,1080000035,1.t.3.c.ii,v4_native,1. Net addition (or removal) - overhead circuit miles,Transmission,HFTD Tier 3,Highly rural,Non-WUI,Circuit miles,v4_native,-3.030400819170609e-09,,,SDG&E,2025,2,v4.01,5,2,SDGE_2025_Q2_R5.xlsx,Table 8,37,M37,https://efiling.energysafety.ca.gov/eFiling/Getfile.aspx?fileid=58132&shareable=true
T8R-5bfe5e8512a16c4a,1080000036,2.d.0.a.i,v4_native,2. Net addition (or removal) - underground circuit miles,Distribution,Non-HFTD,Urban,WUI,Circuit miles,v4_native,1.349810727269869,,,SDG&E,2025,2,v4.01,5,2,SDGE_2025_Q2_R5.xlsx,Table 8,38,M38,https://efiling.energysafety.ca.gov/eFiling/Getfile.aspx?fileid=58132&shareable=true
T8R-a4754a93b51e2f85,1080000037,2.d.0.a.ii,v4_native,2. Net addition (or removal) - underground circuit miles,Distribution,Non-HFTD,Urban,Non-WUI,Circuit miles,v4_native,6.446969939390328,,,SDG&E,2025,2,v4.01,5,2,SDGE_2025_Q2_R5.xlsx,Table 8,39,M39,https://efiling.energysafety.ca.gov/eFiling/Getfile.aspx?fileid=58132&shareable=true
T8R-a9b6d3ba3cb69c8c,1080000038,2.d.0.b.i,v4_native,2. Net addition (or removal) - underground circuit miles,Distribution,Non-HFTD,Rural,WUI,Circuit miles,v4_native,0.36098487272698776,,,SDG&E,2025,2,v4.01,5,2,SDGE_2025_Q2_R5.xlsx,Table 8,40,M40,https://efiling.energysafety.ca.gov/eFiling/Getfile.aspx?fileid=58132&shareable=true
T8R-23e8694fea54f8f5,1080000039,2.d.0.b.ii,v4_native,2. Net addition (or removal) - underground circuit miles,Distribution,Non-HFTD,Rural,Non-WUI,Circuit miles,v4_native,3.2409091303029527,,,SDG&E,2025,2,v4.01,5,2,SDGE_2025_Q2_R5.xlsx,Table 8,41,M41,https://efiling.energysafety.ca.gov/eFiling/Getfile.aspx?fileid=58132&shareable=true
T8R-66936147b6d9e83d,1080000040,2.d.0.c.i,v4_native,2. Net addition (or removal) - underground circuit miles,Distribution,Non-HFTD,Highly rural,WUI,Circuit miles,v4_native,-4.8484984915830864e-09,,,SDG&E,2025,2,v4.01,5,2,SDGE_2025_Q2_R5.xlsx,Table 8,42,M42,https://efiling.energysafety.ca.gov/eFiling/Getfile.aspx?fileid=58132&shareable=true
T8R-cb03fefa4444d5f6,1080000041,2.d.0.c.ii,v4_native,2. Net addition (or removal) - underground circuit miles,Distribution,Non-HFTD,Highly rural,Non-WUI,Circuit miles,v4_native,0.012878783333299282,,,SDG&E,2025,2,v4.01,5,2,SDGE_2025_Q2_R5.xlsx,Table 8,43,M43,https://efiling.energysafety.ca.gov/eFiling/Getfile.aspx?fileid=58132&shareable=true
T8R-1372d0241e411027,1080000042,2.d.2.a.i,v4_native,2. Net addition (or removal) - underground circuit miles,Distribution,HFTD Tier 2,Urban,WUI,Circuit miles,v4_native,0.22803031818102681,,,SDG&E,2025,2,v4.01,5,2,SDGE_2025_Q2_R5.xlsx,Table 8,44,M44,https://efiling.energysafety.ca.gov/eFiling/Getfile.aspx?fileid=58132&shareable=true
T8R-405509a40a75d264,1080000043,2.d.2.a.ii,v4_native,2. Net addition (or removal) - underground circuit miles,Distribution,HFTD Tier 2,Urban,Non-WUI,Circuit miles,v4_native,1.1960226848480033,,,SDG&E,2025,2,v4.01,5,2,SDGE_2025_Q2_R5.xlsx,Table 8,45,M45,https://efiling.energysafety.ca.gov/eFiling/Getfile.aspx?fileid=58132&shareable=true
T8R-6cd5d1ab70a2cfa4,1080000044,2.d.2.b.i,v4_native,2. Net addition (or removal) - underground circuit miles,Distribution,HFTD Tier 2,Rural,WUI,Circuit miles,v4_native,0.3600378454540305,,,SDG&E,2025,2,v4.01,5,2,SDGE_2025_Q2_R5.xlsx,Table 8,46,M46,https://efiling.energysafety.ca.gov/eFiling/Getfile.aspx?fileid=58132&shareable=true
T8R-e57a348826b9774e,1080000045,2.d.2.b.ii,v4_native,2. Net addition (or removal) - underground circuit miles,Distribution,HFTD Tier 2,Rural,Non-WUI,Circuit miles,v4_native,5.164583354545016,,,SDG&E,2025,2,v4.01,5,2,SDGE_2025_Q2_R5.xlsx,Table 8,47,M47,https://efiling.energysafety.ca.gov/eFiling/Getfile.aspx?fileid=58132&shareable=true
T8R-f190a6502efc0330,1080000046,2.d.2.c.i,v4_native,2. Net addition (or removal) - underground circuit miles,Distribution,HFTD Tier 2,Highly rural,WUI,Circuit miles,v4_native,-1.212203670775125e-10,,,SDG&E,2025,2,v4.01,5,2,SDGE_2025_Q2_R5.xlsx,Table 8,48,M48,https://efiling.energysafety.ca.gov/eFiling/Getfile.aspx?fileid=58132&shareable=true
T8R-b20ea661b4f61c8e,1080000047,2.d.2.c.ii,v4_native,2. Net addition (or removal) - underground circuit miles,Distribution,HFTD Tier 2,Highly rural,Non-WUI,Circuit miles,v4_native,0.0030303029999991793,,,SDG&E,2025,2,v4.01,5,2,SDGE_2025_Q2_R5.xlsx,Table 8,49,M49,https://efiling.energysafety.ca.gov/eFiling/Getfile.aspx?fileid=58132&shareable=true
T8R-2cac67e2b544a5dc,1080000048,2.d.3.a.i,v4_native,2. Net addition (or removal) - underground circuit miles,Distribution,HFTD Tier 3,Urban,WUI,Circuit miles,v4_native,3.030300455009183e-10,,,SDG&E,2025,2,v4.01,5,2,SDGE_2025_Q2_R5.xlsx,Table 8,50,M50,https://efiling.energysafety.ca.gov/eFiling/Getfile.aspx?fileid=58132&shareable=true
T8R-12bb02bc2c183939,1080000049,2.d.3.a.ii,v4_native,2. Net addition (or removal) - underground circuit miles,Distribution,HFTD Tier 3,Urban,Non-WUI,Circuit miles,v4_native,0,,,SDG&E,2025,2,v4.01,5,2,SDGE_2025_Q2_R5.xlsx,Table 8,51,M51,https://efiling.energysafety.ca.gov/eFiling/Getfile.aspx?fileid=58132&shareable=true
T8R-82a47a159231e289,1080000050,2.d.3.b.i,v4_native,2. Net addition (or removal) - underground circuit miles,Distribution,HFTD Tier 3,Rural,WUI,Circuit miles,v4_native,1.0371212242420143,,,SDG&E,2025,2,v4.01,5,2,SDGE_2025_Q2_R5.xlsx,Table 8,52,M52,https://efiling.energysafety.ca.gov/eFiling/Getfile.aspx?fileid=58132&shareable=true
T8R-4add3009c0ba8fee,1080000051,2.d.3.b.ii,v4_native,2. Net addition (or removal) - underground circuit miles,Distribution,HFTD Tier 3,Rural,Non-WUI,Circuit miles,v4_native,4.793939351514979,,,SDG&E,2025,2,v4.01,5,2,SDGE_2025_Q2_R5.xlsx,Table 8,53,M53,https://efiling.energysafety.ca.gov/eFiling/Getfile.aspx?fileid=58132&shareable=true
T8R-f7688f83351a8bbe,1080000052,2.d.3.c.i,v4_native,2. Net addition (or removal) - underground circuit miles,Distribution,HFTD Tier 3,Highly rural,WUI,Circuit miles,v4_native,0.20719697003029935,,,SDG&E,2025,2,v4.01,5,2,SDGE_2025_Q2_R5.xlsx,Table 8,54,M54,https://efiling.energysafety.ca.gov/eFiling/Getfile.aspx?fileid=58132&shareable=true
T8R-a9311adfecc960ba,1080000053,2.d.3.c.ii,v4_native,2. Net addition (or removal) - underground circuit miles,Distribution,HFTD Tier 3,Highly rural,Non-WUI,Circuit miles,v4_native,2.3642045451515017,,,SDG&E,2025,2,v4.01,5,2,SDGE_2025_Q2_R5.xlsx,Table 8,55,M55,https://efiling.energysafety.ca.gov/eFiling/Getfile.aspx?fileid=58132&shareable=true
T8R-b0c8d17784cc159c,1080000054,2.t.0.a.i,v4_native,2. Net addition (or removal) - underground circuit miles,Transmission,Non-HFTD,Urban,WUI,Circuit miles,v4_native,0.07140151787869797,,,SDG&E,2025,2,v4.01,5,2,SDGE_2025_Q2_R5.xlsx,Table 8,56,M56,https://efiling.energysafety.ca.gov/eFiling/Getfile.aspx?fileid=58132&shareable=true
T8R-e6e4b5421e2e59b6,1080000055,2.t.0.a.ii,v4_native,2. Net addition (or removal) - underground circuit miles,Transmission,Non-HFTD,Urban,Non-WUI,Circuit miles,v4_native,1.9743655324242013,,,SDG&E,2025,2,v4.01,5,2,SDGE_2025_Q2_R5.xlsx,Table 8,57,M57,https://efiling.energysafety.ca.gov/eFiling/Getfile.aspx?fileid=58132&shareable=true
T8R-0f50e5e91f99635b,1080000056,2.t.0.b.i,v4_native,2. Net addition (or removal) - underground circuit miles,Transmission,Non-HFTD,Rural,WUI,Circuit miles,v4_native,4.242400208909203e-09,,,SDG&E,2025,2,v4.01,5,2,SDGE_2025_Q2_R5.xlsx,Table 8,58,M58,https://efiling.energysafety.ca.gov/eFiling/Getfile.aspx?fileid=58132&shareable=true
T8R-4f889a022c351f3f,1080000057,2.t.0.b.ii,v4_native,2. Net addition (or removal) - underground circuit miles,Transmission,Non-HFTD,Rural,Non-WUI,Circuit miles,v4_native,-3.6363978495046467e-09,,,SDG&E,2025,2,v4.01,5,2,SDGE_2025_Q2_R5.xlsx,Table 8,59,M59,https://efiling.energysafety.ca.gov/eFiling/Getfile.aspx?fileid=58132&shareable=true
T8R-dbf917ea2bb495a2,1080000058,2.t.0.c.i,v4_native,2. Net addition (or removal) - underground circuit miles,Transmission,Non-HFTD,Highly rural,WUI,Circuit miles,v4_native,0,,,SDG&E,2025,2,v4.01,5,2,SDGE_2025_Q2_R5.xlsx,Table 8,60,M60,https://efiling.energysafety.ca.gov/eFiling/Getfile.aspx?fileid=58132&shareable=true
T8R-142b9b8c4b938a77,1080000059,2.t.0.c.ii,v4_native,2. Net addition (or removal) - underground circuit miles,Transmission,Non-HFTD,Highly rural,Non-WUI,Circuit miles,v4_native,-2.1212200052023178e-10,,,SDG&E,2025,2,v4.01,5,2,SDGE_2025_Q2_R5.xlsx,Table 8,61,M61,https://efiling.energysafety.ca.gov/eFiling/Getfile.aspx?fileid=58132&shareable=true
T8R-f5fafc6622055b3d,1080000060,2.t.2.a.i,v4_native,2. Net addition (or removal) - underground circuit miles,Transmission,HFTD Tier 2,Urban,WUI,Circuit miles,v4_native,1.5150991572454586e-09,,,SDG&E,2025,2,v4.01,5,2,SDGE_2025_Q2_R5.xlsx,Table 8,62,M62,https://efiling.energysafety.ca.gov/eFiling/Getfile.aspx?fileid=58132&shareable=true
T8R-02106c3cad5e645a,1080000061,2.t.2.a.ii,v4_native,2. Net addition (or removal) - underground circuit miles,Transmission,HFTD Tier 2,Urban,Non-WUI,Circuit miles,v4_native,1.212097089364761e-10,,,SDG&E,2025,2,v4.01,5,2,SDGE_2025_Q2_R5.xlsx,Table 8,63,M63,https://efiling.energysafety.ca.gov/eFiling/Getfile.aspx?fileid=58132&shareable=true
T8R-5dc2d9a28baf172d,1080000062,2.t.2.b.i,v4_native,2. Net addition (or removal) - underground circuit miles,Transmission,HFTD Tier 2,Rural,WUI,Circuit miles,v4_native,0,,,SDG&E,2025,2,v4.01,5,2,SDGE_2025_Q2_R5.xlsx,Table 8,64,M64,https://efiling.energysafety.ca.gov/eFiling/Getfile.aspx?fileid=58132&shareable=true
T8R-5e079ec42e40c8f6,1080000063,2.t.2.b.ii,v4_native,2. Net addition (or removal) - underground circuit miles,Transmission,HFTD Tier 2,Rural,Non-WUI,Circuit miles,v4_native,2.7271962466102195e-10,,,SDG&E,2025,2,v4.01,5,2,SDGE_2025_Q2_R5.xlsx,Table 8,65,M65,https://efiling.energysafety.ca.gov/eFiling/Getfile.aspx?fileid=58132&shareable=true
T8R-fe97c1cdd2bc0bb0,1080000064,2.t.2.c.i,v4_native,2. Net addition (or removal) - underground circuit miles,Transmission,HFTD Tier 2,Highly rural,WUI,Circuit miles,v4_native,0,,,SDG&E,2025,2,v4.01,5,2,SDGE_2025_Q2_R5.xlsx,Table 8,66,M66,https://efiling.energysafety.ca.gov/eFiling/Getfile.aspx?fileid=58132&shareable=true
T8R-48df8e44390b391b,1080000065,2.t.2.c.ii,v4_native,2. Net addition (or removal) - underground circuit miles,Transmission,HFTD Tier 2,Highly rural,Non-WUI,Circuit miles,v4_native,0,,,SDG&E,2025,2,v4.01,5,2,SDGE_2025_Q2_R5.xlsx,Table 8,67,M67,https://efiling.energysafety.ca.gov/eFiling/Getfile.aspx?fileid=58132&shareable=true
T8R-1b19435fe64ef1e9,1080000066,2.t.3.a.i,v4_native,2. Net addition (or removal) - underground circuit miles,Transmission,HFTD Tier 3,Urban,WUI,Circuit miles,v4_native,4.242399764819993e-10,,,SDG&E,2025,2,v4.01,5,2,SDGE_2025_Q2_R5.xlsx,Table 8,68,M68,https://efiling.energysafety.ca.gov/eFiling/Getfile.aspx?fileid=58132&shareable=true
T8R-d4118cc0914fbe55,1080000067,2.t.3.a.ii,v4_native,2. Net addition (or removal) - underground circuit miles,Transmission,HFTD Tier 3,Urban,Non-WUI,Circuit miles,v4_native,0,,,SDG&E,2025,2,v4.01,5,2,SDGE_2025_Q2_R5.xlsx,Table 8,69,M69,https://efiling.energysafety.ca.gov/eFiling/Getfile.aspx?fileid=58132&shareable=true
T8R-91a0d593ff63bb29,1080000068,2.t.3.b.i,v4_native,2. Net addition (or removal) - underground circuit miles,Transmission,HFTD Tier 3,Rural,WUI,Circuit miles,v4_native,-3.636402290396745e-10,,,SDG&E,2025,2,v4.01,5,2,SDGE_2025_Q2_R5.xlsx,Table 8,70,M70,https://efiling.energysafety.ca.gov/eFiling/Getfile.aspx?fileid=58132&shareable=true
T8R-5c36da94d4ff1ac0,1080000069,2.t.3.b.ii,v4_native,2. Net addition (or removal) - underground circuit miles,Transmission,HFTD Tier 3,Rural,Non-WUI,Circuit miles,v4_native,4.5453996122546414e-10,,,SDG&E,2025,2,v4.01,5,2,SDGE_2025_Q2_R5.xlsx,Table 8,71,M71,https://efiling.energysafety.ca.gov/eFiling/Getfile.aspx?fileid=58132&shareable=true
T8R-bc15afeb26c653e1,1080000070,2.t.3.c.i,v4_native,2. Net addition (or removal) - underground circuit miles,Transmission,HFTD Tier 3,Highly rural,WUI,Circuit miles,v4_native,0,,,SDG&E,2025,2,v4.01,5,2,SDGE_2025_Q2_R5.xlsx,Table 8,72,M72,https://efiling.energysafety.ca.gov/eFiling/Getfile.aspx?fileid=58132&shareable=true
T8R-7bc62cbefc80877d,1080000071,2.t.3.c.ii,v4_native,2. Net addition (or removal) - underground circuit miles,Transmission,HFTD Tier 3,Highly rural,Non-WUI,Circuit miles,v4_native,0,,,SDG&E,2025,2,v4.01,5,2,SDGE_2025_Q2_R5.xlsx,Table 8,73,M73,https://efiling.energysafety.ca.gov/eFiling/Getfile.aspx?fileid=58132&shareable=true
T8R-994734145d64438d,1080000072,3.0.a.i,v4_native,3. Net addition (or removal) - Substations,,Non-HFTD,Urban,WUI,Number of substations,v4_native,0,,,SDG&E,2025,2,v4.01,5,2,SDGE_2025_Q2_R5.xlsx,Table 8,74,M74,https://efiling.energysafety.ca.gov/eFiling/Getfile.aspx?fileid=58132&shareable=true
T8R-78367fc74e337dde,1080000073,3.0.a.ii,v4_native,3. Net addition (or removal) - Substations,,Non-HFTD,Urban,Non-WUI,Number of substations,v4_native,0,,,SDG&E,2025,2,v4.01,5,2,SDGE_2025_Q2_R5.xlsx,Table 8,75,M75,https://efiling.energysafety.ca.gov/eFiling/Getfile.aspx?fileid=58132&shareable=true
T8R-caf8f5b3b6caedc8,1080000074,3.0.b.i,v4_native,3. Net addition (or removal) - Substations,,Non-HFTD,Rural,WUI,Number of substations,v4_native,0,,,SDG&E,2025,2,v4.01,5,2,SDGE_2025_Q2_R5.xlsx,Table 8,76,M76,https://efiling.energysafety.ca.gov/eFiling/Getfile.aspx?fileid=58132&shareable=true
T8R-bdfaa1ae540798bb,1080000075,3.0.b.ii,v4_native,3. Net addition (or removal) - Substations,,Non-HFTD,Rural,Non-WUI,Number of substations,v4_native,0,,,SDG&E,2025,2,v4.01,5,2,SDGE_2025_Q2_R5.xlsx,Table 8,77,M77,https://efiling.energysafety.ca.gov/eFiling/Getfile.aspx?fileid=58132&shareable=true
T8R-ddc42a61c2e15345,1080000076,3.0.c.i,v4_native,3. Net addition (or removal) - Substations,,Non-HFTD,Highly rural,WUI,Number of substations,v4_native,0,,,SDG&E,2025,2,v4.01,5,2,SDGE_2025_Q2_R5.xlsx,Table 8,78,M78,https://efiling.energysafety.ca.gov/eFiling/Getfile.aspx?fileid=58132&shareable=true
T8R-92c68efd4b07a9b5,1080000077,3.0.c.ii,v4_native,3. Net addition (or removal) - Substations,,Non-HFTD,Highly rural,Non-WUI,Number of substations,v4_native,0,,,SDG&E,2025,2,v4.01,5,2,SDGE_2025_Q2_R5.xlsx,Table 8,79,M79,https://efiling.energysafety.ca.gov/eFiling/Getfile.aspx?fileid=58132&shareable=true
T8R-4bc68062e1aec4f7,1080000078,3.2.a.i,v4_native,3. Net addition (or removal) - Substations,,HFTD Tier 2,Urban,WUI,Number of substations,v4_native,0,,,SDG&E,2025,2,v4.01,5,2,SDGE_2025_Q2_R5.xlsx,Table 8,80,M80,https://efiling.energysafety.ca.gov/eFiling/Getfile.aspx?fileid=58132&shareable=true
T8R-2ad302160f22a4a9,1080000079,3.2.a.ii,v4_native,3. Net addition (or removal) - Substations,,HFTD Tier 2,Urban,Non-WUI,Number of substations,v4_native,0,,,SDG&E,2025,2,v4.01,5,2,SDGE_2025_Q2_R5.xlsx,Table 8,81,M81,https://efiling.energysafety.ca.gov/eFiling/Getfile.aspx?fileid=58132&shareable=true
T8R-e774ae71e72e11aa,1080000080,3.2.b.i,v4_native,3. Net addition (or removal) - Substations,,HFTD Tier 2,Rural,WUI,Number of substations,v4_native,0,,,SDG&E,2025,2,v4.01,5,2,SDGE_2025_Q2_R5.xlsx,Table 8,82,M82,https://efiling.energysafety.ca.gov/eFiling/Getfile.aspx?fileid=58132&shareable=true
T8R-2131183032178d32,1080000081,3.2.b.ii,v4_native,3. Net addition (or removal) - Substations,,HFTD Tier 2,Rural,Non-WUI,Number of substations,v4_native,0,,,SDG&E,2025,2,v4.01,5,2,SDGE_2025_Q2_R5.xlsx,Table 8,83,M83,https://efiling.energysafety.ca.gov/eFiling/Getfile.aspx?fileid=58132&shareable=true
T8R-1a5e41d6b376c63f,1080000082,3.2.c.i,v4_native,3. Net addition (or removal) - Substations,,HFTD Tier 2,Highly rural,WUI,Number of substations,v4_native,0,,,SDG&E,2025,2,v4.01,5,2,SDGE_2025_Q2_R5.xlsx,Table 8,84,M84,https://efiling.energysafety.ca.gov/eFiling/Getfile.aspx?fileid=58132&shareable=true
T8R-efea03a0de4c926b,1080000083,3.2.c.ii,v4_native,3. Net addition (or removal) - Substations,,HFTD Tier 2,Highly rural,Non-WUI,Number of substations,v4_native,0,,,SDG&E,2025,2,v4.01,5,2,SDGE_2025_Q2_R5.xlsx,Table 8,85,M85,https://efiling.energysafety.ca.gov/eFiling/Getfile.aspx?fileid=58132&shareable=true
T8R-fb0ceafa1e3afef5,1080000084,3.3.a.i,v4_native,3. Net addition (or removal) - Substations,,HFTD Tier 3,Urban,WUI,Number of substations,v4_native,0,,,SDG&E,2025,2,v4.01,5,2,SDGE_2025_Q2_R5.xlsx,Table 8,86,M86,https://efiling.energysafety.ca.gov/eFiling/Getfile.aspx?fileid=58132&shareable=true
T8R-f330b7282c76bcba,1080000085,3.3.a.ii,v4_native,3. Net addition (or removal) - Substations,,HFTD Tier 3,Urban,Non-WUI,Number of substations,v4_native,0,,,SDG&E,2025,2,v4.01,5,2,SDGE_2025_Q2_R5.xlsx,Table 8,87,M87,https://efiling.energysafety.ca.gov/eFiling/Getfile.aspx?fileid=58132&shareable=true
T8R-b15c676dd2c5773e,1080000086,3.3.b.i,v4_native,3. Net addition (or removal) - Substations,,HFTD Tier 3,Rural,WUI,Number of substations,v4_native,0,,,SDG&E,2025,2,v4.01,5,2,SDGE_2025_Q2_R5.xlsx,Table 8,88,M88,https://efiling.energysafety.ca.gov/eFiling/Getfile.aspx?fileid=58132&shareable=true
T8R-c6772183cba2fa8e,1080000087,3.3.b.ii,v4_native,3. Net addition (or removal) - Substations,,HFTD Tier 3,Rural,Non-WUI,Number of substations,v4_native,0,,,SDG&E,2025,2,v4.01,5,2,SDGE_2025_Q2_R5.xlsx,Table 8,89,M89,https://efiling.energysafety.ca.gov/eFiling/Getfile.aspx?fileid=58132&shareable=true
T8R-ebddaede5221ddd1,1080000088,3.3.c.i,v4_native,3. Net addition (or removal) - Substations,,HFTD Tier 3,Highly rural,WUI,Number of substations,v4_native,0,,,SDG&E,2025,2,v4.01,5,2,SDGE_2025_Q2_R5.xlsx,Table 8,90,M90,https://efiling.energysafety.ca.gov/eFiling/Getfile.aspx?fileid=58132&shareable=true
T8R-b019869d29a91097,1080000089,3.3.c.ii,v4_native,3. Net addition (or removal) - Substations,,HFTD Tier 3,Highly rural,Non-WUI,Number of substations,v4_native,0,,,SDG&E,2025,2,v4.01,5,2,SDGE_2025_Q2_R5.xlsx,Table 8,91,M91,https://efiling.energysafety.ca.gov/eFiling/Getfile.aspx?fileid=58132&shareable=true
T8R-0c2306a61ec12051,1080000090,4.0.a.i,v4_native,4. Net addition (or removal) - Weather stations,,Non-HFTD,Urban,WUI,Number of weather stations,v4_native,0,,,SDG&E,2025,2,v4.01,5,2,SDGE_2025_Q2_R5.xlsx,Table 8,92,M92,https://efiling.energysafety.ca.gov/eFiling/Getfile.aspx?fileid=58132&shareable=true
T8R-21ac453bbdc52f7e,1080000091,4.0.a.ii,v4_native,4. Net addition (or removal) - Weather stations,,Non-HFTD,Urban,Non-WUI,Number of weather stations,v4_native,0,,,SDG&E,2025,2,v4.01,5,2,SDGE_2025_Q2_R5.xlsx,Table 8,93,M93,https://efiling.energysafety.ca.gov/eFiling/Getfile.aspx?fileid=58132&shareable=true
T8R-db2e2dbc3e0303a9,1080000092,4.0.b.i,v4_native,4. Net addition (or removal) - Weather stations,,Non-HFTD,Rural,WUI,Number of weather stations,v4_native,0,,,SDG&E,2025,2,v4.01,5,2,SDGE_2025_Q2_R5.xlsx,Table 8,94,M94,https://efiling.energysafety.ca.gov/eFiling/Getfile.aspx?fileid=58132&shareable=true
T8R-53abfc7fcbc2b078,1080000093,4.0.b.ii,v4_native,4. Net addition (or removal) - Weather stations,,Non-HFTD,Rural,Non-WUI,Number of weather stations,v4_native,0,,,SDG&E,2025,2,v4.01,5,2,SDGE_2025_Q2_R5.xlsx,Table 8,95,M95,https://efiling.energysafety.ca.gov/eFiling/Getfile.aspx?fileid=58132&shareable=true
T8R-42a2c2d3e34233dc,1080000094,4.0.c.i,v4_native,4. Net addition (or removal) - Weather stations,,Non-HFTD,Highly rural,WUI,Number of weather stations,v4_native,0,,,SDG&E,2025,2,v4.01,5,2,SDGE_2025_Q2_R5.xlsx,Table 8,96,M96,https://efiling.energysafety.ca.gov/eFiling/Getfile.aspx?fileid=58132&shareable=true
T8R-81c8c15c0fc63a21,1080000095,4.0.c.ii,v4_native,4. Net addition (or removal) - Weather stations,,Non-HFTD,Highly rural,Non-WUI,Number of weather stations,v4_native,0,,,SDG&E,2025,2,v4.01,5,2,SDGE_2025_Q2_R5.xlsx,Table 8,97,M97,https://efiling.energysafety.ca.gov/eFiling/Getfile.aspx?fileid=58132&shareable=true
T8R-4d15be1691b198fc,1080000096,4.2.a.i,v4_native,4. Net addition (or removal) - Weather stations,,HFTD Tier 2,Urban,WUI,Number of weather stations,v4_native,0,,,SDG&E,2025,2,v4.01,5,2,SDGE_2025_Q2_R5.xlsx,Table 8,98,M98,https://efiling.energysafety.ca.gov/eFiling/Getfile.aspx?fileid=58132&shareable=true
T8R-b0b532568cfa513f,1080000097,4.2.a.ii,v4_native,4. Net addition (or removal) - Weather stations,,HFTD Tier 2,Urban,Non-WUI,Number of weather stations,v4_native,0,,,SDG&E,2025,2,v4.01,5,2,SDGE_2025_Q2_R5.xlsx,Table 8,99,M99,https://efiling.energysafety.ca.gov/eFiling/Getfile.aspx?fileid=58132&shareable=true
T8R-fcca3a8321995398,1080000098,4.2.b.i,v4_native,4. Net addition (or removal) - Weather stations,,HFTD Tier 2,Rural,WUI,Number of weather stations,v4_native,0,,,SDG&E,2025,2,v4.01,5,2,SDGE_2025_Q2_R5.xlsx,Table 8,100,M100,https://efiling.energysafety.ca.gov/eFiling/Getfile.aspx?fileid=58132&shareable=true
T8R-fca5b35a92ec88eb,1080000099,4.2.b.ii,v4_native,4. Net addition (or removal) - Weather stations,,HFTD Tier 2,Rural,Non-WUI,Number of weather stations,v4_native,0,,,SDG&E,2025,2,v4.01,5,2,SDGE_2025_Q2_R5.xlsx,Table 8,101,M101,https://efiling.energysafety.ca.gov/eFiling/Getfile.aspx?fileid=58132&shareable=true
T8R-e68c46cb421f2e8e,1080000100,4.2.c.i,v4_native,4. Net addition (or removal) - Weather stations,,HFTD Tier 2,Highly rural,WUI,Number of weather stations,v4_native,0,,,SDG&E,2025,2,v4.01,5,2,SDGE_2025_Q2_R5.xlsx,Table 8,102,M102,https://efiling.energysafety.ca.gov/eFiling/Getfile.aspx?fileid=58132&shareable=true
T8R-d76354a034f7d647,1080000101,4.2.c.ii,v4_native,4. Net addition (or removal) - Weather stations,,HFTD Tier 2,Highly rural,Non-WUI,Number of weather stations,v4_native,0,,,SDG&E,2025,2,v4.01,5,2,SDGE_2025_Q2_R5.xlsx,Table 8,103,M103,https://efiling.energysafety.ca.gov/eFiling/Getfile.aspx?fileid=58132&shareable=true
T8R-7eac8b98aa588cad,1080000102,4.3.a.i,v4_native,4. Net addition (or removal) - Weather stations,,HFTD Tier 3,Urban,WUI,Number of weather stations,v4_native,0,,,SDG&E,2025,2,v4.01,5,2,SDGE_2025_Q2_R5.xlsx,Table 8,104,M104,https://efiling.energysafety.ca.gov/eFiling/Getfile.aspx?fileid=58132&shareable=true
T8R-19bb62815a7c446f,1080000103,4.3.a.ii,v4_native,4. Net addition (or removal) - Weather stations,,HFTD Tier 3,Urban,Non-WUI,Number of weather stations,v4_native,0,,,SDG&E,2025,2,v4.01,5,2,SDGE_2025_Q2_R5.xlsx,Table 8,105,M105,https://efiling.energysafety.ca.gov/eFiling/Getfile.aspx?fileid=58132&shareable=true
T8R-92a4468553f7c5ea,1080000104,4.3.b.i,v4_native,4. Net addition (or removal) - Weather stations,,HFTD Tier 3,Rural,WUI,Number of weather stations,v4_native,0,,,SDG&E,2025,2,v4.01,5,2,SDGE_2025_Q2_R5.xlsx,Table 8,106,M106,https://efiling.energysafety.ca.gov/eFiling/Getfile.aspx?fileid=58132&shareable=true
T8R-18a483ea28bd64fb,1080000105,4.3.b.ii,v4_native,4. Net addition (or removal) - Weather stations,,HFTD Tier 3,Rural,Non-WUI,Number of weather stations,v4_native,0,,,SDG&E,2025,2,v4.01,5,2,SDGE_2025_Q2_R5.xlsx,Table 8,107,M107,https://efiling.energysafety.ca.gov/eFiling/Getfile.aspx?fileid=58132&shareable=true
T8R-b532568c4bde24a3,1080000106,4.3.c.i,v4_native,4. Net addition (or removal) - Weather stations,,HFTD Tier 3,Highly rural,WUI,Number of weather stations,v4_native,0,,,SDG&E,2025,2,v4.01,5,2,SDGE_2025_Q2_R5.xlsx,Table 8,108,M108,https://efiling.energysafety.ca.gov/eFiling/Getfile.aspx?fileid=58132&shareable=true
T8R-378b0d929461c655,1080000107,4.3.c.ii,v4_native,4. Net addition (or removal) - Weather stations,,HFTD Tier 3,Highly rural,Non-WUI,Number of weather stations,v4_native,0,,,SDG&E,2025,2,v4.01,5,2,SDGE_2025_Q2_R5.xlsx,Table 8,109,M109,https://efiling.energysafety.ca.gov/eFiling/Getfile.aspx?fileid=58132&shareable=true
T8R-4fd91bfb482a7778,1080000000,1.d.0.a.i,v4_native,1. Net addition (or removal) - overhead circuit miles,Distribution,Non-HFTD,Urban,WUI,Circuit miles,v4_native,-61.318409320569,,,SDG&E,2025,3,v4.01,4,3,SDGE_2025_Q3_R4.xlsx,Table 8,2,M2,https://efiling.energysafety.ca.gov/eFiling/Getfile.aspx?fileid=58132&shareable=true
T8R-624ebdae43d8efbf,1080000001,1.d.0.a.ii,v4_native,1. Net addition (or removal) - overhead circuit miles,Distribution,Non-HFTD,Urban,Non-WUI,Circuit miles,v4_native,64.7247701227192,,,SDG&E,2025,3,v4.01,4,3,SDGE_2025_Q3_R4.xlsx,Table 8,3,M3,https://efiling.energysafety.ca.gov/eFiling/Getfile.aspx?fileid=58132&shareable=true
T8R-ca3de131f920fc0d,1080000002,1.d.0.b.i,v4_native,1. Net addition (or removal) - overhead circuit miles,Distribution,Non-HFTD,Rural,WUI,Circuit miles,v4_native,-14.8873859838059,,,SDG&E,2025,3,v4.01,4,3,SDGE_2025_Q3_R4.xlsx,Table 8,4,M4,https://efiling.energysafety.ca.gov/eFiling/Getfile.aspx?fileid=58132&shareable=true
T8R-bf625fa4c2756d3e,1080000003,1.d.0.b.ii,v4_native,1. Net addition (or removal) - overhead circuit miles,Distribution,Non-HFTD,Rural,Non-WUI,Circuit miles,v4_native,10.7082316752089,,,SDG&E,2025,3,v4.01,4,3,SDGE_2025_Q3_R4.xlsx,Table 8,5,M5,https://efiling.energysafety.ca.gov/eFiling/Getfile.aspx?fileid=58132&shareable=true
T8R-53fb8092ae4989b6,1080000004,1.d.0.c.i,v4_native,1. Net addition (or removal) - overhead circuit miles,Distribution,Non-HFTD,Highly rural,WUI,Circuit miles,v4_native,-8.73803030993321,,,SDG&E,2025,3,v4.01,4,3,SDGE_2025_Q3_R4.xlsx,Table 8,6,M6,https://efiling.energysafety.ca.gov/eFiling/Getfile.aspx?fileid=58132&shareable=true
T8R-152893cad00e1b88,1080000005,1.d.0.c.ii,v4_native,1. Net addition (or removal) - overhead circuit miles,Distribution,Non-HFTD,Highly rural,Non-WUI,Circuit miles,v4_native,8.52553370861063,,,SDG&E,2025,3,v4.01,4,3,SDGE_2025_Q3_R4.xlsx,Table 8,7,M7,https://efiling.energysafety.ca.gov/eFiling/Getfile.aspx?fileid=58132&shareable=true
T8R-17a8944890c4453e,1080000006,1.d.2.a.i,v4_native,1. Net addition (or removal) - overhead circuit miles,Distribution,HFTD Tier 2,Urban,WUI,Circuit miles,v4_native,-10.9548316024092,,,SDG&E,2025,3,v4.01,4,3,SDGE_2025_Q3_R4.xlsx,Table 8,8,M8,https://efiling.energysafety.ca.gov/eFiling/Getfile.aspx?fileid=58132&shareable=true
T8R-3733961097ff9713,1080000007,1.d.2.a.ii,v4_native,1. Net addition (or removal) - overhead circuit miles,Distribution,HFTD Tier 2,Urban,Non-WUI,Circuit miles,v4_native,9.18317951758963,,,SDG&E,2025,3,v4.01,4,3,SDGE_2025_Q3_R4.xlsx,Table 8,9,M9,https://efiling.energysafety.ca.gov/eFiling/Getfile.aspx?fileid=58132&shareable=true
T8R-3f8d8724fd550278,1080000008,1.d.2.b.i,v4_native,1. Net addition (or removal) - overhead circuit miles,Distribution,HFTD Tier 2,Rural,WUI,Circuit miles,v4_native,-101.60840555404,,,SDG&E,2025,3,v4.01,4,3,SDGE_2025_Q3_R4.xlsx,Table 8,10,M10,https://efiling.energysafety.ca.gov/eFiling/Getfile.aspx?fileid=58132&shareable=true
T8R-b481c1b1ce637db4,1080000009,1.d.2.b.ii,v4_native,1. Net addition (or removal) - overhead circuit miles,Distribution,HFTD Tier 2,Rural,Non-WUI,Circuit miles,v4_native,95.8364659373761,,,SDG&E,2025,3,v4.01,4,3,SDGE_2025_Q3_R4.xlsx,Table 8,11,M11,https://efiling.energysafety.ca.gov/eFiling/Getfile.aspx?fileid=58132&shareable=true
T8R-bff81837cd44adcd,1080000010,1.d.2.c.i,v4_native,1. Net addition (or removal) - overhead circuit miles,Distribution,HFTD Tier 2,Highly rural,WUI,Circuit miles,v4_native,-7.43685328029103,,,SDG&E,2025,3,v4.01,4,3,SDGE_2025_Q3_R4.xlsx,Table 8,12,M12,https://efiling.energysafety.ca.gov/eFiling/Getfile.aspx?fileid=58132&shareable=true
T8R-5e9ceea75f2e854e,1080000011,1.d.2.c.ii,v4_native,1. Net addition (or removal) - overhead circuit miles,Distribution,HFTD Tier 2,Highly rural,Non-WUI,Circuit miles,v4_native,-0.830309732279516,,,SDG&E,2025,3,v4.01,4,3,SDGE_2025_Q3_R4.xlsx,Table 8,13,M13,https://efiling.energysafety.ca.gov/eFiling/Getfile.aspx?fileid=58132&shareable=true
T8R-2ac08711720a8f04,1080000012,1.d.3.a.i,v4_native,1. Net addition (or removal) - overhead circuit miles,Distribution,HFTD Tier 3,Urban,WUI,Circuit miles,v4_native,-0.376712731314714,,,SDG&E,2025,3,v4.01,4,3,SDGE_2025_Q3_R4.xlsx,Table 8,14,M14,https://efiling.energysafety.ca.gov/eFiling/Getfile.aspx?fileid=58132&shareable=true
T8R-aae25891be75ae9f,1080000013,1.d.3.a.ii,v4_native,1. Net addition (or removal) - overhead circuit miles,Distribution,HFTD Tier 3,Urban,Non-WUI,Circuit miles,v4_native,0.280709947529507,,,SDG&E,2025,3,v4.01,4,3,SDGE_2025_Q3_R4.xlsx,Table 8,15,M15,https://efiling.energysafety.ca.gov/eFiling/Getfile.aspx?fileid=58132&shareable=true
T8R-e1643a10350e23fe,1080000014,1.d.3.b.i,v4_native,1. Net addition (or removal) - overhead circuit miles,Distribution,HFTD Tier 3,Rural,WUI,Circuit miles,v4_native,-105.323152523329,,,SDG&E,2025,3,v4.01,4,3,SDGE_2025_Q3_R4.xlsx,Table 8,16,M16,https://efiling.energysafety.ca.gov/eFiling/Getfile.aspx?fileid=58132&shareable=true
T8R-b7dad117c7f500e6,1080000015,1.d.3.b.ii,v4_native,1. Net addition (or removal) - overhead circuit miles,Distribution,HFTD Tier 3,Rural,Non-WUI,Circuit miles,v4_native,91.1793136060817,,,SDG&E,2025,3,v4.01,4,3,SDGE_2025_Q3_R4.xlsx,Table 8,17,M17,https://efiling.energysafety.ca.gov/eFiling/Getfile.aspx?fileid=58132&shareable=true
T8R-bf7bea5d17b5469d,1080000016,1.d.3.c.i,v4_native,1. Net addition (or removal) - overhead circuit miles,Distribution,HFTD Tier 3,Highly rural,WUI,Circuit miles,v4_native,-2.70310219155756,,,SDG&E,2025,3,v4.01,4,3,SDGE_2025_Q3_R4.xlsx,Table 8,18,M18,https://efiling.energysafety.ca.gov/eFiling/Getfile.aspx?fileid=58132&shareable=true
T8R-9880fb7713354226,1080000017,1.d.3.c.ii,v4_native,1. Net addition (or removal) - overhead circuit miles,Distribution,HFTD Tier 3,Highly rural,Non-WUI,Circuit miles,v4_native,1.23120730972017,,,SDG&E,2025,3,v4.01,4,3,SDGE_2025_Q3_R4.xlsx,Table 8,19,M19,https://efiling.energysafety.ca.gov/eFiling/Getfile.aspx?fileid=58132&shareable=true
T8R-1b4e316b5f507dae,1080000018,1.t.0.a.i,v4_native,1. Net addition (or removal) - overhead circuit miles,Transmission,Non-HFTD,Urban,WUI,Circuit miles,v4_native,-51.1183036879539,,,SDG&E,2025,3,v4.01,4,3,SDGE_2025_Q3_R4.xlsx,Table 8,20,M20,https://efiling.energysafety.ca.gov/eFiling/Getfile.aspx?fileid=58132&shareable=true
T8R-fe842bb82e7fed85,1080000019,1.t.0.a.ii,v4_native,1. Net addition (or removal) - overhead circuit miles,Transmission,Non-HFTD,Urban,Non-WUI,Circuit miles,v4_native,144.857580892632,,,SDG&E,2025,3,v4.01,4,3,SDGE_2025_Q3_R4.xlsx,Table 8,21,M21,https://efiling.energysafety.ca.gov/eFiling/Getfile.aspx?fileid=58132&shareable=true
T8R-1e760b5d84d3791c,1080000020,1.t.0.b.i,v4_native,1. Net addition (or removal) - overhead circuit miles,Transmission,Non-HFTD,Rural,WUI,Circuit miles,v4_native,-13.3081199917569,,,SDG&E,2025,3,v4.01,4,3,SDGE_2025_Q3_R4.xlsx,Table 8,22,M22,https://efiling.energysafety.ca.gov/eFiling/Getfile.aspx?fileid=58132&shareable=true
T8R-636076d502c2b4ac,1080000021,1.t.0.b.ii,v4_native,1. Net addition (or removal) - overhead circuit miles,Transmission,Non-HFTD,Rural,Non-WUI,Circuit miles,v4_native,32.6594233611044,,,SDG&E,2025,3,v4.01,4,3,SDGE_2025_Q3_R4.xlsx,Table 8,23,M23,https://efiling.energysafety.ca.gov/eFiling/Getfile.aspx?fileid=58132&shareable=true
T8R-7031b64436f97e63,1080000022,1.t.0.c.i,v4_native,1. Net addition (or removal) - overhead circuit miles,Transmission,Non-HFTD,Highly rural,WUI,Circuit miles,v4_native,0,,,SDG&E,2025,3,v4.01,4,3,SDGE_2025_Q3_R4.xlsx,Table 8,24,M24,https://efiling.energysafety.ca.gov/eFiling/Getfile.aspx?fileid=58132&shareable=true
T8R-fa02fea323381a80,1080000023,1.t.0.c.ii,v4_native,1. Net addition (or removal) - overhead circuit miles,Transmission,Non-HFTD,Highly rural,Non-WUI,Circuit miles,v4_native,0.0488965173440405,,,SDG&E,2025,3,v4.01,4,3,SDGE_2025_Q3_R4.xlsx,Table 8,25,M25,https://efiling.energysafety.ca.gov/eFiling/Getfile.aspx?fileid=58132&shareable=true
T8R-42c7bb370cac7f63,1080000024,1.t.2.a.i,v4_native,1. Net addition (or removal) - overhead circuit miles,Transmission,HFTD Tier 2,Urban,WUI,Circuit miles,v4_native,-18.431535130086,,,SDG&E,2025,3,v4.01,4,3,SDGE_2025_Q3_R4.xlsx,Table 8,26,M26,https://efiling.energysafety.ca.gov/eFiling/Getfile.aspx?fileid=58132&shareable=true
T8R-9a800f5a219a79d8,1080000025,1.t.2.a.ii,v4_native,1. Net addition (or removal) - overhead circuit miles,Transmission,HFTD Tier 2,Urban,Non-WUI,Circuit miles,v4_native,30.7741577759202,,,SDG&E,2025,3,v4.01,4,3,SDGE_2025_Q3_R4.xlsx,Table 8,27,M27,https://efiling.energysafety.ca.gov/eFiling/Getfile.aspx?fileid=58132&shareable=true
T8R-309661b336f073e0,1080000026,1.t.2.b.i,v4_native,1. Net addition (or removal) - overhead circuit miles,Transmission,HFTD Tier 2,Rural,WUI,Circuit miles,v4_native,-39.5576988416013,,,SDG&E,2025,3,v4.01,4,3,SDGE_2025_Q3_R4.xlsx,Table 8,28,M28,https://efiling.energysafety.ca.gov/eFiling/Getfile.aspx?fileid=58132&shareable=true
T8R-2c110a85087d5bfd,1080000027,1.t.2.b.ii,v4_native,1. Net addition (or removal) - overhead circuit miles,Transmission,HFTD Tier 2,Rural,Non-WUI,Circuit miles,v4_native,91.016095928497,,,SDG&E,2025,3,v4.01,4,3,SDGE_2025_Q3_R4.xlsx,Table 8,29,M29,https://efiling.energysafety.ca.gov/eFiling/Getfile.aspx?fileid=58132&shareable=true
T8R-401b7786475fab68,1080000028,1.t.2.c.i,v4_native,1. Net addition (or removal) - overhead circuit miles,Transmission,HFTD Tier 2,Highly rural,WUI,Circuit miles,v4_native,0,,,SDG&E,2025,3,v4.01,4,3,SDGE_2025_Q3_R4.xlsx,Table 8,30,M30,https://efiling.energysafety.ca.gov/eFiling/Getfile.aspx?fileid=58132&shareable=true
T8R-703447bf0f058997,1080000029,1.t.2.c.ii,v4_native,1. Net addition (or removal) - overhead circuit miles,Transmission,HFTD Tier 2,Highly rural,Non-WUI,Circuit miles,v4_native,-0.000170347467239651,,,SDG&E,2025,3,v4.01,4,3,SDGE_2025_Q3_R4.xlsx,Table 8,31,M31,https://efiling.energysafety.ca.gov/eFiling/Getfile.aspx?fileid=58132&shareable=true
T8R-951c2090b6a14ffb,1080000030,1.t.3.a.i,v4_native,1. Net addition (or removal) - overhead circuit miles,Transmission,HFTD Tier 3,Urban,WUI,Circuit miles,v4_native,0.665387342556402,,,SDG&E,2025,3,v4.01,4,3,SDGE_2025_Q3_R4.xlsx,Table 8,32,M32,https://efiling.energysafety.ca.gov/eFiling/Getfile.aspx?fileid=58132&shareable=true
T8R-86e3eb7db3718f1a,1080000031,1.t.3.a.ii,v4_native,1. Net addition (or removal) - overhead circuit miles,Transmission,HFTD Tier 3,Urban,Non-WUI,Circuit miles,v4_native,0.569463565528207,,,SDG&E,2025,3,v4.01,4,3,SDGE_2025_Q3_R4.xlsx,Table 8,33,M33,https://efiling.energysafety.ca.gov/eFiling/Getfile.aspx?fileid=58132&shareable=true
T8R-b2df727e48a89c20,1080000032,1.t.3.b.i,v4_native,1. Net addition (or removal) - overhead circuit miles,Transmission,HFTD Tier 3,Rural,WUI,Circuit miles,v4_native,-7.76267375174906,,,SDG&E,2025,3,v4.01,4,3,SDGE_2025_Q3_R4.xlsx,Table 8,34,M34,https://efiling.energysafety.ca.gov/eFiling/Getfile.aspx?fileid=58132&shareable=true
T8R-5841c9ef2dfa9ed0,1080000033,1.t.3.b.ii,v4_native,1. Net addition (or removal) - overhead circuit miles,Transmission,HFTD Tier 3,Rural,Non-WUI,Circuit miles,v4_native,14.5945735183065,,,SDG&E,2025,3,v4.01,4,3,SDGE_2025_Q3_R4.xlsx,Table 8,35,M35,https://efiling.energysafety.ca.gov/eFiling/Getfile.aspx?fileid=58132&shareable=true
T8R-9a5f1215a5ae56c5,1080000034,1.t.3.c.i,v4_native,1. Net addition (or removal) - overhead circuit miles,Transmission,HFTD Tier 3,Highly rural,WUI,Circuit miles,v4_native,-0.103660796671398,,,SDG&E,2025,3,v4.01,4,3,SDGE_2025_Q3_R4.xlsx,Table 8,36,M36,https://efiling.energysafety.ca.gov/eFiling/Getfile.aspx?fileid=58132&shareable=true
T8R-7a6d14fe851e2ea8,1080000035,1.t.3.c.ii,v4_native,1. Net addition (or removal) - overhead circuit miles,Transmission,HFTD Tier 3,Highly rural,Non-WUI,Circuit miles,v4_native,0.342068708351657,,,SDG&E,2025,3,v4.01,4,3,SDGE_2025_Q3_R4.xlsx,Table 8,37,M37,https://efiling.energysafety.ca.gov/eFiling/Getfile.aspx?fileid=58132&shareable=true
T8R-84a0df56fb8fb89f,1080000036,2.d.0.a.i,v4_native,2. Net addition (or removal) - underground circuit miles,Distribution,Non-HFTD,Urban,WUI,Circuit miles,v4_native,-356.823198398901,,,SDG&E,2025,3,v4.01,4,3,SDGE_2025_Q3_R4.xlsx,Table 8,38,M38,https://efiling.energysafety.ca.gov/eFiling/Getfile.aspx?fileid=58132&shareable=true
T8R-99fd2acedb1b5389,1080000037,2.d.0.a.ii,v4_native,2. Net addition (or removal) - underground circuit miles,Distribution,Non-HFTD,Urban,Non-WUI,Circuit miles,v4_native,86.0699736072529,,,SDG&E,2025,3,v4.01,4,3,SDGE_2025_Q3_R4.xlsx,Table 8,39,M39,https://efiling.energysafety.ca.gov/eFiling/Getfile.aspx?fileid=58132&shareable=true
T8R-93b75b520b49c73e,1080000038,2.d.0.b.i,v4_native,2. Net addition (or removal) - underground circuit miles,Distribution,Non-HFTD,Rural,WUI,Circuit miles,v4_native,-68.3490404012034,,,SDG&E,2025,3,v4.01,4,3,SDGE_2025_Q3_R4.xlsx,Table 8,40,M40,https://efiling.energysafety.ca.gov/eFiling/Getfile.aspx?fileid=58132&shareable=true
T8R-8982be4bc4bdd72c,1080000039,2.d.0.b.ii,v4_native,2. Net addition (or removal) - underground circuit miles,Distribution,Non-HFTD,Rural,Non-WUI,Circuit miles,v4_native,48.9538737084462,,,SDG&E,2025,3,v4.01,4,3,SDGE_2025_Q3_R4.xlsx,Table 8,41,M41,https://efiling.energysafety.ca.gov/eFiling/Getfile.aspx?fileid=58132&shareable=true
T8R-d8b157342a402a8d,1080000040,2.d.0.c.i,v4_native,2. Net addition (or removal) - underground circuit miles,Distribution,Non-HFTD,Highly rural,WUI,Circuit miles,v4_native,-5.9963699926983,,,SDG&E,2025,3,v4.01,4,3,SDGE_2025_Q3_R4.xlsx,Table 8,42,M42,https://efiling.energysafety.ca.gov/eFiling/Getfile.aspx?fileid=58132&shareable=true
T8R-a22ea3cae54a81eb,1080000041,2.d.0.c.ii,v4_native,2. Net addition (or removal) - underground circuit miles,Distribution,Non-HFTD,Highly rural,Non-WUI,Circuit miles,v4_native,4.08208807169383,,,SDG&E,2025,3,v4.01,4,3,SDGE_2025_Q3_R4.xlsx,Table 8,43,M43,https://efiling.energysafety.ca.gov/eFiling/Getfile.aspx?fileid=58132&shareable=true
T8R-00e23e92ddd31319,1080000042,2.d.2.a.i,v4_native,2. Net addition (or removal) - underground circuit miles,Distribution,HFTD Tier 2,Urban,WUI,Circuit miles,v4_native,-91.8423724345615,,,SDG&E,2025,3,v4.01,4,3,SDGE_2025_Q3_R4.xlsx,Table 8,44,M44,https://efiling.energysafety.ca.gov/eFiling/Getfile.aspx?fileid=58132&shareable=true
T8R-63a7e005e130ac07,1080000043,2.d.2.a.ii,v4_native,2. Net addition (or removal) - underground circuit miles,Distribution,HFTD Tier 2,Urban,Non-WUI,Circuit miles,v4_native,63.7669796066826,,,SDG&E,2025,3,v4.01,4,3,SDGE_2025_Q3_R4.xlsx,Table 8,45,M45,https://efiling.energysafety.ca.gov/eFiling/Getfile.aspx?fileid=58132&shareable=true
T8R-d4e48e3c99bb76f5,1080000044,2.d.2.b.i,v4_native,2. Net addition (or removal) - underground circuit miles,Distribution,HFTD Tier 2,Rural,WUI,Circuit miles,v4_native,-134.446985170591,,,SDG&E,2025,3,v4.01,4,3,SDGE_2025_Q3_R4.xlsx,Table 8,46,M46,https://efiling.energysafety.ca.gov/eFiling/Getfile.aspx?fileid=58132&shareable=true
T8R-7fdb797d073aaf1c,1080000045,2.d.2.b.ii,v4_native,2. Net addition (or removal) - underground circuit miles,Distribution,HFTD Tier 2,Rural,Non-WUI,Circuit miles,v4_native,94.2754464229551,,,SDG&E,2025,3,v4.01,4,3,SDGE_2025_Q3_R4.xlsx,Table 8,47,M47,https://efiling.energysafety.ca.gov/eFiling/Getfile.aspx?fileid=58132&shareable=true
T8R-9be26c9d1a00da3c,1080000046,2.d.2.c.i,v4_native,2. Net addition (or removal) - underground circuit miles,Distribution,HFTD Tier 2,Highly rural,WUI,Circuit miles,v4_native,0.449546897173915,,,SDG&E,2025,3,v4.01,4,3,SDGE_2025_Q3_R4.xlsx,Table 8,48,M48,https://efiling.energysafety.ca.gov/eFiling/Getfile.aspx?fileid=58132&shareable=true
T8R-d6a642898bacfccb,1080000047,2.d.2.c.ii,v4_native,2. Net addition (or removal) - underground circuit miles,Distribution,HFTD Tier 2,Highly rural,Non-WUI,Circuit miles,v4_native,-0.277809692755361,,,SDG&E,2025,3,v4.01,4,3,SDGE_2025_Q3_R4.xlsx,Table 8,49,M49,https://efiling.energysafety.ca.gov/eFiling/Getfile.aspx?fileid=58132&shareable=true
T8R-6f6d90ce79921286,1080000048,2.d.3.a.i,v4_native,2. Net addition (or removal) - underground circuit miles,Distribution,HFTD Tier 3,Urban,WUI,Circuit miles,v4_native,4.21402643292957,,,SDG&E,2025,3,v4.01,4,3,SDGE_2025_Q3_R4.xlsx,Table 8,50,M50,https://efiling.energysafety.ca.gov/eFiling/Getfile.aspx?fileid=58132&shareable=true
T8R-7373b651287431ab,1080000049,2.d.3.a.ii,v4_native,2. Net addition (or removal) - underground circuit miles,Distribution,HFTD Tier 3,Urban,Non-WUI,Circuit miles,v4_native,1.68347936866499,,,SDG&E,2025,3,v4.01,4,3,SDGE_2025_Q3_R4.xlsx,Table 8,51,M51,https://efiling.energysafety.ca.gov/eFiling/Getfile.aspx?fileid=58132&shareable=true
T8R-f5090a8b5b865fa1,1080000050,2.d.3.b.i,v4_native,2. Net addition (or removal) - underground circuit miles,Distribution,HFTD Tier 3,Rural,WUI,Circuit miles,v4_native,-48.7979307224873,,,SDG&E,2025,3,v4.01,4,3,SDGE_2025_Q3_R4.xlsx,Table 8,52,M52,https://efiling.energysafety.ca.gov/eFiling/Getfile.aspx?fileid=58132&shareable=true
T8R-6f7c8959bf18993b,1080000051,2.d.3.b.ii,v4_native,2. Net addition (or removal) - underground circuit miles,Distribution,HFTD Tier 3,Rural,Non-WUI,Circuit miles,v4_native,41.3373173110023,,,SDG&E,2025,3,v4.01,4,3,SDGE_2025_Q3_R4.xlsx,Table 8,53,M53,https://efiling.energysafety.ca.gov/eFiling/Getfile.aspx?fileid=58132&shareable=true
T8R-9ace0ca2f470e9f5,1080000052,2.d.3.c.i,v4_native,2. Net addition (or removal) - underground circuit miles,Distribution,HFTD Tier 3,Highly rural,WUI,Circuit miles,v4_native,-2.04660822686287,,,SDG&E,2025,3,v4.01,4,3,SDGE_2025_Q3_R4.xlsx,Table 8,54,M54,https://efiling.energysafety.ca.gov/eFiling/Getfile.aspx?fileid=58132&shareable=true
T8R-8daa6a84a2c7ff4b,1080000053,2.d.3.c.ii,v4_native,2. Net addition (or removal) - underground circuit miles,Distribution,HFTD Tier 3,Highly rural,Non-WUI,Circuit miles,v4_native,2.41450029786459,,,SDG&E,2025,3,v4.01,4,3,SDGE_2025_Q3_R4.xlsx,Table 8,55,M55,https://efiling.energysafety.ca.gov/eFiling/Getfile.aspx?fileid=58132&shareable=true
T8R-0928e3dcee016e95,1080000054,2.t.0.a.i,v4_native,2. Net addition (or removal) - underground circuit miles,Transmission,Non-HFTD,Urban,WUI,Circuit miles,v4_native,-10.3400292146093,,,SDG&E,2025,3,v4.01,4,3,SDGE_2025_Q3_R4.xlsx,Table 8,56,M56,https://efiling.energysafety.ca.gov/eFiling/Getfile.aspx?fileid=58132&shareable=true
T8R-2014e8bc609a8929,1080000055,2.t.0.a.ii,v4_native,2. Net addition (or removal) - underground circuit miles,Transmission,Non-HFTD,Urban,Non-WUI,Circuit miles,v4_native,14.8022290045897,,,SDG&E,2025,3,v4.01,4,3,SDGE_2025_Q3_R4.xlsx,Table 8,57,M57,https://efiling.energysafety.ca.gov/eFiling/Getfile.aspx?fileid=58132&shareable=true
T8R-5c457bac3d3e622d,1080000056,2.t.0.b.i,v4_native,2. Net addition (or removal) - underground circuit miles,Transmission,Non-HFTD,Rural,WUI,Circuit miles,v4_native,-8.89512709979218,,,SDG&E,2025,3,v4.01,4,3,SDGE_2025_Q3_R4.xlsx,Table 8,58,M58,https://efiling.energysafety.ca.gov/eFiling/Getfile.aspx?fileid=58132&shareable=true
T8R-b6ecd748202c11b4,1080000057,2.t.0.b.ii,v4_native,2. Net addition (or removal) - underground circuit miles,Transmission,Non-HFTD,Rural,Non-WUI,Circuit miles,v4_native,2.08353647051964,,,SDG&E,2025,3,v4.01,4,3,SDGE_2025_Q3_R4.xlsx,Table 8,59,M59,https://efiling.energysafety.ca.gov/eFiling/Getfile.aspx?fileid=58132&shareable=true
T8R-6ae5fc37a6e279c5,1080000058,2.t.0.c.i,v4_native,2. Net addition (or removal) - underground circuit miles,Transmission,Non-HFTD,Highly rural,WUI,Circuit miles,v4_native,0,,,SDG&E,2025,3,v4.01,4,3,SDGE_2025_Q3_R4.xlsx,Table 8,60,M60,https://efiling.energysafety.ca.gov/eFiling/Getfile.aspx?fileid=58132&shareable=true
T8R-d31970d7ebc50339,1080000059,2.t.0.c.ii,v4_native,2. Net addition (or removal) - underground circuit miles,Transmission,Non-HFTD,Highly rural,Non-WUI,Circuit miles,v4_native,-0.011546347367187,,,SDG&E,2025,3,v4.01,4,3,SDGE_2025_Q3_R4.xlsx,Table 8,61,M61,https://efiling.energysafety.ca.gov/eFiling/Getfile.aspx?fileid=58132&shareable=true
T8R-9ee21462f77a7018,1080000060,2.t.2.a.i,v4_native,2. Net addition (or removal) - underground circuit miles,Transmission,HFTD Tier 2,Urban,WUI,Circuit miles,v4_native,-2.77089553558546,,,SDG&E,2025,3,v4.01,4,3,SDGE_2025_Q3_R4.xlsx,Table 8,62,M62,https://efiling.energysafety.ca.gov/eFiling/Getfile.aspx?fileid=58132&shareable=true
T8R-5c9f4db23427ae14,1080000061,2.t.2.a.ii,v4_native,2. Net addition (or removal) - underground circuit miles,Transmission,HFTD Tier 2,Urban,Non-WUI,Circuit miles,v4_native,2.89682327698647,,,SDG&E,2025,3,v4.01,4,3,SDGE_2025_Q3_R4.xlsx,Table 8,63,M63,https://efiling.energysafety.ca.gov/eFiling/Getfile.aspx?fileid=58132&shareable=true
T8R-988a3f337620746d,1080000062,2.t.2.b.i,v4_native,2. Net addition (or removal) - underground circuit miles,Transmission,HFTD Tier 2,Rural,WUI,Circuit miles,v4_native,-3.57837603618351,,,SDG&E,2025,3,v4.01,4,3,SDGE_2025_Q3_R4.xlsx,Table 8,64,M64,https://efiling.energysafety.ca.gov/eFiling/Getfile.aspx?fileid=58132&shareable=true
T8R-54fbf379a5d5c12a,1080000063,2.t.2.b.ii,v4_native,2. Net addition (or removal) - underground circuit miles,Transmission,HFTD Tier 2,Rural,Non-WUI,Circuit miles,v4_native,9.08287328148515,,,SDG&E,2025,3,v4.01,4,3,SDGE_2025_Q3_R4.xlsx,Table 8,65,M65,https://efiling.energysafety.ca.gov/eFiling/Getfile.aspx?fileid=58132&shareable=true
T8R-331f30479ec72921,1080000064,2.t.2.c.i,v4_native,2. Net addition (or removal) - underground circuit miles,Transmission,HFTD Tier 2,Highly rural,WUI,Circuit miles,v4_native,0,,,SDG&E,2025,3,v4.01,4,3,SDGE_2025_Q3_R4.xlsx,Table 8,66,M66,https://efiling.energysafety.ca.gov/eFiling/Getfile.aspx?fileid=58132&shareable=true
T8R-4d22aeb7ecc2b9ea,1080000065,2.t.2.c.ii,v4_native,2. Net addition (or removal) - underground circuit miles,Transmission,HFTD Tier 2,Highly rural,Non-WUI,Circuit miles,v4_native,0,,,SDG&E,2025,3,v4.01,4,3,SDGE_2025_Q3_R4.xlsx,Table 8,67,M67,https://efiling.energysafety.ca.gov/eFiling/Getfile.aspx?fileid=58132&shareable=true
T8R-ab11b61b1fe6c720,1080000066,2.t.3.a.i,v4_native,2. Net addition (or removal) - underground circuit miles,Transmission,HFTD Tier 3,Urban,WUI,Circuit miles,v4_native,0.209228062682409,,,SDG&E,2025,3,v4.01,4,3,SDGE_2025_Q3_R4.xlsx,Table 8,68,M68,https://efiling.energysafety.ca.gov/eFiling/Getfile.aspx?fileid=58132&shareable=true
T8R-cfa6eb1f184129f9,1080000067,2.t.3.a.ii,v4_native,2. Net addition (or removal) - underground circuit miles,Transmission,HFTD Tier 3,Urban,Non-WUI,Circuit miles,v4_native,0.650118426872256,,,SDG&E,2025,3,v4.01,4,3,SDGE_2025_Q3_R4.xlsx,Table 8,69,M69,https://efiling.energysafety.ca.gov/eFiling/Getfile.aspx?fileid=58132&shareable=true
T8R-d642dd1393bece0d,1080000068,2.t.3.b.i,v4_native,2. Net addition (or removal) - underground circuit miles,Transmission,HFTD Tier 3,Rural,WUI,Circuit miles,v4_native,-0.334580742589877,,,SDG&E,2025,3,v4.01,4,3,SDGE_2025_Q3_R4.xlsx,Table 8,70,M70,https://efiling.energysafety.ca.gov/eFiling/Getfile.aspx?fileid=58132&shareable=true
T8R-bdcf074ee779065c,1080000069,2.t.3.b.ii,v4_native,2. Net addition (or removal) - underground circuit miles,Transmission,HFTD Tier 3,Rural,Non-WUI,Circuit miles,v4_native,1.31830808362462,,,SDG&E,2025,3,v4.01,4,3,SDGE_2025_Q3_R4.xlsx,Table 8,71,M71,https://efiling.energysafety.ca.gov/eFiling/Getfile.aspx?fileid=58132&shareable=true
T8R-abd0f19f96115cd0,1080000070,2.t.3.c.i,v4_native,2. Net addition (or removal) - underground circuit miles,Transmission,HFTD Tier 3,Highly rural,WUI,Circuit miles,v4_native,0,,,SDG&E,2025,3,v4.01,4,3,SDGE_2025_Q3_R4.xlsx,Table 8,72,M72,https://efiling.energysafety.ca.gov/eFiling/Getfile.aspx?fileid=58132&shareable=true
T8R-f5f578ee376630c8,1080000071,2.t.3.c.ii,v4_native,2. Net addition (or removal) - underground circuit miles,Transmission,HFTD Tier 3,Highly rural,Non-WUI,Circuit miles,v4_native,0,,,SDG&E,2025,3,v4.01,4,3,SDGE_2025_Q3_R4.xlsx,Table 8,73,M73,https://efiling.energysafety.ca.gov/eFiling/Getfile.aspx?fileid=58132&shareable=true
T8R-50c2392ec1e64591,1080000072,3.0.a.i,v4_native,3. Net addition (or removal) - Substations,,Non-HFTD,Urban,WUI,Number of substations,v4_native,0,,,SDG&E,2025,3,v4.01,4,3,SDGE_2025_Q3_R4.xlsx,Table 8,74,M74,https://efiling.energysafety.ca.gov/eFiling/Getfile.aspx?fileid=58132&shareable=true
T8R-83a4a04899b41208,1080000073,3.0.a.ii,v4_native,3. Net addition (or removal) - Substations,,Non-HFTD,Urban,Non-WUI,Number of substations,v4_native,0,,,SDG&E,2025,3,v4.01,4,3,SDGE_2025_Q3_R4.xlsx,Table 8,75,M75,https://efiling.energysafety.ca.gov/eFiling/Getfile.aspx?fileid=58132&shareable=true
T8R-49aaebe5afd3a132,1080000074,3.0.b.i,v4_native,3. Net addition (or removal) - Substations,,Non-HFTD,Rural,WUI,Number of substations,v4_native,0,,,SDG&E,2025,3,v4.01,4,3,SDGE_2025_Q3_R4.xlsx,Table 8,76,M76,https://efiling.energysafety.ca.gov/eFiling/Getfile.aspx?fileid=58132&shareable=true
T8R-7fd72aae5ce748fa,1080000075,3.0.b.ii,v4_native,3. Net addition (or removal) - Substations,,Non-HFTD,Rural,Non-WUI,Number of substations,v4_native,0,,,SDG&E,2025,3,v4.01,4,3,SDGE_2025_Q3_R4.xlsx,Table 8,77,M77,https://efiling.energysafety.ca.gov/eFiling/Getfile.aspx?fileid=58132&shareable=true
T8R-dbadd57f270ba4a0,1080000076,3.0.c.i,v4_native,3. Net addition (or removal) - Substations,,Non-HFTD,Highly rural,WUI,Number of substations,v4_native,0,,,SDG&E,2025,3,v4.01,4,3,SDGE_2025_Q3_R4.xlsx,Table 8,78,M78,https://efiling.energysafety.ca.gov/eFiling/Getfile.aspx?fileid=58132&shareable=true
T8R-a7b21e56faae0c53,1080000077,3.0.c.ii,v4_native,3. Net addition (or removal) - Substations,,Non-HFTD,Highly rural,Non-WUI,Number of substations,v4_native,0,,,SDG&E,2025,3,v4.01,4,3,SDGE_2025_Q3_R4.xlsx,Table 8,79,M79,https://efiling.energysafety.ca.gov/eFiling/Getfile.aspx?fileid=58132&shareable=true
T8R-de3e55e557277f74,1080000078,3.2.a.i,v4_native,3. Net addition (or removal) - Substations,,HFTD Tier 2,Urban,WUI,Number of substations,v4_native,0,,,SDG&E,2025,3,v4.01,4,3,SDGE_2025_Q3_R4.xlsx,Table 8,80,M80,https://efiling.energysafety.ca.gov/eFiling/Getfile.aspx?fileid=58132&shareable=true
T8R-4ab9c654cd08d633,1080000079,3.2.a.ii,v4_native,3. Net addition (or removal) - Substations,,HFTD Tier 2,Urban,Non-WUI,Number of substations,v4_native,0,,,SDG&E,2025,3,v4.01,4,3,SDGE_2025_Q3_R4.xlsx,Table 8,81,M81,https://efiling.energysafety.ca.gov/eFiling/Getfile.aspx?fileid=58132&shareable=true
T8R-7755f8276a7103c4,1080000080,3.2.b.i,v4_native,3. Net addition (or removal) - Substations,,HFTD Tier 2,Rural,WUI,Number of substations,v4_native,0,,,SDG&E,2025,3,v4.01,4,3,SDGE_2025_Q3_R4.xlsx,Table 8,82,M82,https://efiling.energysafety.ca.gov/eFiling/Getfile.aspx?fileid=58132&shareable=true
T8R-c53082e3fb0f3e12,1080000081,3.2.b.ii,v4_native,3. Net addition (or removal) - Substations,,HFTD Tier 2,Rural,Non-WUI,Number of substations,v4_native,0,,,SDG&E,2025,3,v4.01,4,3,SDGE_2025_Q3_R4.xlsx,Table 8,83,M83,https://efiling.energysafety.ca.gov/eFiling/Getfile.aspx?fileid=58132&shareable=true
T8R-aa27c89a268729ec,1080000082,3.2.c.i,v4_native,3. Net addition (or removal) - Substations,,HFTD Tier 2,Highly rural,WUI,Number of substations,v4_native,0,,,SDG&E,2025,3,v4.01,4,3,SDGE_2025_Q3_R4.xlsx,Table 8,84,M84,https://efiling.energysafety.ca.gov/eFiling/Getfile.aspx?fileid=58132&shareable=true
T8R-8cdb5a5411c7e77f,1080000083,3.2.c.ii,v4_native,3. Net addition (or removal) - Substations,,HFTD Tier 2,Highly rural,Non-WUI,Number of substations,v4_native,0,,,SDG&E,2025,3,v4.01,4,3,SDGE_2025_Q3_R4.xlsx,Table 8,85,M85,https://efiling.energysafety.ca.gov/eFiling/Getfile.aspx?fileid=58132&shareable=true
T8R-028bc3009029a872,1080000084,3.3.a.i,v4_native,3. Net addition (or removal) - Substations,,HFTD Tier 3,Urban,WUI,Number of substations,v4_native,0,,,SDG&E,2025,3,v4.01,4,3,SDGE_2025_Q3_R4.xlsx,Table 8,86,M86,https://efiling.energysafety.ca.gov/eFiling/Getfile.aspx?fileid=58132&shareable=true
T8R-79e089d5ea6ec488,1080000085,3.3.a.ii,v4_native,3. Net addition (or removal) - Substations,,HFTD Tier 3,Urban,Non-WUI,Number of substations,v4_native,0,,,SDG&E,2025,3,v4.01,4,3,SDGE_2025_Q3_R4.xlsx,Table 8,87,M87,https://efiling.energysafety.ca.gov/eFiling/Getfile.aspx?fileid=58132&shareable=true
T8R-149e32866d48c6bb,1080000086,3.3.b.i,v4_native,3. Net addition (or removal) - Substations,,HFTD Tier 3,Rural,WUI,Number of substations,v4_native,0,,,SDG&E,2025,3,v4.01,4,3,SDGE_2025_Q3_R4.xlsx,Table 8,88,M88,https://efiling.energysafety.ca.gov/eFiling/Getfile.aspx?fileid=58132&shareable=true
T8R-2a0e0e0e115b48ee,1080000087,3.3.b.ii,v4_native,3. Net addition (or removal) - Substations,,HFTD Tier 3,Rural,Non-WUI,Number of substations,v4_native,0,,,SDG&E,2025,3,v4.01,4,3,SDGE_2025_Q3_R4.xlsx,Table 8,89,M89,https://efiling.energysafety.ca.gov/eFiling/Getfile.aspx?fileid=58132&shareable=true
T8R-10b46d74d4d70f30,1080000088,3.3.c.i,v4_native,3. Net addition (or removal) - Substations,,HFTD Tier 3,Highly rural,WUI,Number of substations,v4_native,0,,,SDG&E,2025,3,v4.01,4,3,SDGE_2025_Q3_R4.xlsx,Table 8,90,M90,https://efiling.energysafety.ca.gov/eFiling/Getfile.aspx?fileid=58132&shareable=true
T8R-0f759ff38b2040eb,1080000089,3.3.c.ii,v4_native,3. Net addition (or removal) - Substations,,HFTD Tier 3,Highly rural,Non-WUI,Number of substations,v4_native,0,,,SDG&E,2025,3,v4.01,4,3,SDGE_2025_Q3_R4.xlsx,Table 8,91,M91,https://efiling.energysafety.ca.gov/eFiling/Getfile.aspx?fileid=58132&shareable=true
T8R-29cfdb7acad70f2e,1080000090,4.0.a.i,v4_native,4. Net addition (or removal) - Weather stations,,Non-HFTD,Urban,WUI,Number of weather stations,v4_native,0,,,SDG&E,2025,3,v4.01,4,3,SDGE_2025_Q3_R4.xlsx,Table 8,92,M92,https://efiling.energysafety.ca.gov/eFiling/Getfile.aspx?fileid=58132&shareable=true
T8R-4f277488e3102056,1080000091,4.0.a.ii,v4_native,4. Net addition (or removal) - Weather stations,,Non-HFTD,Urban,Non-WUI,Number of weather stations,v4_native,0,,,SDG&E,2025,3,v4.01,4,3,SDGE_2025_Q3_R4.xlsx,Table 8,93,M93,https://efiling.energysafety.ca.gov/eFiling/Getfile.aspx?fileid=58132&shareable=true
T8R-23ab1060aaffe150,1080000092,4.0.b.i,v4_native,4. Net addition (or removal) - Weather stations,,Non-HFTD,Rural,WUI,Number of weather stations,v4_native,0,,,SDG&E,2025,3,v4.01,4,3,SDGE_2025_Q3_R4.xlsx,Table 8,94,M94,https://efiling.energysafety.ca.gov/eFiling/Getfile.aspx?fileid=58132&shareable=true
T8R-fdad321e7396ede4,1080000093,4.0.b.ii,v4_native,4. Net addition (or removal) - Weather stations,,Non-HFTD,Rural,Non-WUI,Number of weather stations,v4_native,0,,,SDG&E,2025,3,v4.01,4,3,SDGE_2025_Q3_R4.xlsx,Table 8,95,M95,https://efiling.energysafety.ca.gov/eFiling/Getfile.aspx?fileid=58132&shareable=true
T8R-05c4dc205b87251b,1080000094,4.0.c.i,v4_native,4. Net addition (or removal) - Weather stations,,Non-HFTD,Highly rural,WUI,Number of weather stations,v4_native,0,,,SDG&E,2025,3,v4.01,4,3,SDGE_2025_Q3_R4.xlsx,Table 8,96,M96,https://efiling.energysafety.ca.gov/eFiling/Getfile.aspx?fileid=58132&shareable=true
T8R-f6f1772f62fdb657,1080000095,4.0.c.ii,v4_native,4. Net addition (or removal) - Weather stations,,Non-HFTD,Highly rural,Non-WUI,Number of weather stations,v4_native,0,,,SDG&E,2025,3,v4.01,4,3,SDGE_2025_Q3_R4.xlsx,Table 8,97,M97,https://efiling.energysafety.ca.gov/eFiling/Getfile.aspx?fileid=58132&shareable=true
T8R-dd400f0d827e3963,1080000096,4.2.a.i,v4_native,4. Net addition (or removal) - Weather stations,,HFTD Tier 2,Urban,WUI,Number of weather stations,v4_native,0,,,SDG&E,2025,3,v4.01,4,3,SDGE_2025_Q3_R4.xlsx,Table 8,98,M98,https://efiling.energysafety.ca.gov/eFiling/Getfile.aspx?fileid=58132&shareable=true
T8R-70818ce656079fda,1080000097,4.2.a.ii,v4_native,4. Net addition (or removal) - Weather stations,,HFTD Tier 2,Urban,Non-WUI,Number of weather stations,v4_native,0,,,SDG&E,2025,3,v4.01,4,3,SDGE_2025_Q3_R4.xlsx,Table 8,99,M99,https://efiling.energysafety.ca.gov/eFiling/Getfile.aspx?fileid=58132&shareable=true
T8R-7a0c275a9640bb34,1080000098,4.2.b.i,v4_native,4. Net addition (or removal) - Weather stations,,HFTD Tier 2,Rural,WUI,Number of weather stations,v4_native,0,,,SDG&E,2025,3,v4.01,4,3,SDGE_2025_Q3_R4.xlsx,Table 8,100,M100,https://efiling.energysafety.ca.gov/eFiling/Getfile.aspx?fileid=58132&shareable=true
T8R-a28ea727ee249b91,1080000099,4.2.b.ii,v4_native,4. Net addition (or removal) - Weather stations,,HFTD Tier 2,Rural,Non-WUI,Number of weather stations,v4_native,2,,,SDG&E,2025,3,v4.01,4,3,SDGE_2025_Q3_R4.xlsx,Table 8,101,M101,https://efiling.energysafety.ca.gov/eFiling/Getfile.aspx?fileid=58132&shareable=true
T8R-92c0419e4f2877cc,1080000100,4.2.c.i,v4_native,4. Net addition (or removal) - Weather stations,,HFTD Tier 2,Highly rural,WUI,Number of weather stations,v4_native,0,,,SDG&E,2025,3,v4.01,4,3,SDGE_2025_Q3_R4.xlsx,Table 8,102,M102,https://efiling.energysafety.ca.gov/eFiling/Getfile.aspx?fileid=58132&shareable=true
T8R-ca8a0bf9b4207501,1080000101,4.2.c.ii,v4_native,4. Net addition (or removal) - Weather stations,,HFTD Tier 2,Highly rural,Non-WUI,Number of weather stations,v4_native,0,,,SDG&E,2025,3,v4.01,4,3,SDGE_2025_Q3_R4.xlsx,Table 8,103,M103,https://efiling.energysafety.ca.gov/eFiling/Getfile.aspx?fileid=58132&shareable=true
T8R-873cfc993b6f8592,1080000102,4.3.a.i,v4_native,4. Net addition (or removal) - Weather stations,,HFTD Tier 3,Urban,WUI,Number of weather stations,v4_native,0,,,SDG&E,2025,3,v4.01,4,3,SDGE_2025_Q3_R4.xlsx,Table 8,104,M104,https://efiling.energysafety.ca.gov/eFiling/Getfile.aspx?fileid=58132&shareable=true
T8R-0411f59ea5985e38,1080000103,4.3.a.ii,v4_native,4. Net addition (or removal) - Weather stations,,HFTD Tier 3,Urban,Non-WUI,Number of weather stations,v4_native,0,,,SDG&E,2025,3,v4.01,4,3,SDGE_2025_Q3_R4.xlsx,Table 8,105,M105,https://efiling.energysafety.ca.gov/eFiling/Getfile.aspx?fileid=58132&shareable=true
T8R-ea6a2812a0d14383,1080000104,4.3.b.i,v4_native,4. Net addition (or removal) - Weather stations,,HFTD Tier 3,Rural,WUI,Number of weather stations,v4_native,0,,,SDG&E,2025,3,v4.01,4,3,SDGE_2025_Q3_R4.xlsx,Table 8,106,M106,https://efiling.energysafety.ca.gov/eFiling/Getfile.aspx?fileid=58132&shareable=true
T8R-46427c6dc57ac5ed,1080000105,4.3.b.ii,v4_native,4. Net addition (or removal) - Weather stations,,HFTD Tier 3,Rural,Non-WUI,Number of weather stations,v4_native,0,,,SDG&E,2025,3,v4.01,4,3,SDGE_2025_Q3_R4.xlsx,Table 8,107,M107,https://efiling.energysafety.ca.gov/eFiling/Getfile.aspx?fileid=58132&shareable=true
T8R-1d091b9ca736875a,1080000106,4.3.c.i,v4_native,4. Net addition (or removal) - Weather stations,,HFTD Tier 3,Highly rural,WUI,Number of weather stations,v4_native,0,,,SDG&E,2025,3,v4.01,4,3,SDGE_2025_Q3_R4.xlsx,Table 8,108,M108,https://efiling.energysafety.ca.gov/eFiling/Getfile.aspx?fileid=58132&shareable=true
T8R-1827701f1e4e7874,1080000107,4.3.c.ii,v4_native,4. Net addition (or removal) - Weather stations,,HFTD Tier 3,Highly rural,Non-WUI,Number of weather stations,v4_native,0,,,SDG&E,2025,3,v4.01,4,3,SDGE_2025_Q3_R4.xlsx,Table 8,109,M109,https://efiling.energysafety.ca.gov/eFiling/Getfile.aspx?fileid=58132&shareable=true
T8R-0febf16fae54d892,1080000000,1.d.0.a.i,v4_native,1. Net addition (or removal) - overhead circuit miles,Distribution,Non-HFTD,Urban,WUI,Circuit miles,v4_native,0,,,SDG&E,2025,4,v4.01,3,4,SDGE_2025_Q4_R3.xlsx,Table 8,2,M2,https://efiling.energysafety.ca.gov/eFiling/Getfile.aspx?fileid=58132&shareable=true
T8R-e474c4f636aa32e9,1080000001,1.d.0.a.ii,v4_native,1. Net addition (or removal) - overhead circuit miles,Distribution,Non-HFTD,Urban,Non-WUI,Circuit miles,v4_native,0,,,SDG&E,2025,4,v4.01,3,4,SDGE_2025_Q4_R3.xlsx,Table 8,3,M3,https://efiling.energysafety.ca.gov/eFiling/Getfile.aspx?fileid=58132&shareable=true
T8R-4ed2d49f7b755ab5,1080000002,1.d.0.b.i,v4_native,1. Net addition (or removal) - overhead circuit miles,Distribution,Non-HFTD,Rural,WUI,Circuit miles,v4_native,0,,,SDG&E,2025,4,v4.01,3,4,SDGE_2025_Q4_R3.xlsx,Table 8,4,M4,https://efiling.energysafety.ca.gov/eFiling/Getfile.aspx?fileid=58132&shareable=true
T8R-26f203e83573528d,1080000003,1.d.0.b.ii,v4_native,1. Net addition (or removal) - overhead circuit miles,Distribution,Non-HFTD,Rural,Non-WUI,Circuit miles,v4_native,0,,,SDG&E,2025,4,v4.01,3,4,SDGE_2025_Q4_R3.xlsx,Table 8,5,M5,https://efiling.energysafety.ca.gov/eFiling/Getfile.aspx?fileid=58132&shareable=true
T8R-57a7a8773321bfe4,1080000004,1.d.0.c.i,v4_native,1. Net addition (or removal) - overhead circuit miles,Distribution,Non-HFTD,Highly rural,WUI,Circuit miles,v4_native,0,,,SDG&E,2025,4,v4.01,3,4,SDGE_2025_Q4_R3.xlsx,Table 8,6,M6,https://efiling.energysafety.ca.gov/eFiling/Getfile.aspx?fileid=58132&shareable=true
T8R-9eb3ad1c338861ef,1080000005,1.d.0.c.ii,v4_native,1. Net addition (or removal) - overhead circuit miles,Distribution,Non-HFTD,Highly rural,Non-WUI,Circuit miles,v4_native,0,,,SDG&E,2025,4,v4.01,3,4,SDGE_2025_Q4_R3.xlsx,Table 8,7,M7,https://efiling.energysafety.ca.gov/eFiling/Getfile.aspx?fileid=58132&shareable=true
T8R-978e5d87ee727d1d,1080000006,1.d.2.a.i,v4_native,1. Net addition (or removal) - overhead circuit miles,Distribution,HFTD Tier 2,Urban,WUI,Circuit miles,v4_native,0,,,SDG&E,2025,4,v4.01,3,4,SDGE_2025_Q4_R3.xlsx,Table 8,8,M8,https://efiling.energysafety.ca.gov/eFiling/Getfile.aspx?fileid=58132&shareable=true
T8R-cab9d67b9a286a2c,1080000007,1.d.2.a.ii,v4_native,1. Net addition (or removal) - overhead circuit miles,Distribution,HFTD Tier 2,Urban,Non-WUI,Circuit miles,v4_native,0,,,SDG&E,2025,4,v4.01,3,4,SDGE_2025_Q4_R3.xlsx,Table 8,9,M9,https://efiling.energysafety.ca.gov/eFiling/Getfile.aspx?fileid=58132&shareable=true
T8R-306b66e91ae51637,1080000008,1.d.2.b.i,v4_native,1. Net addition (or removal) - overhead circuit miles,Distribution,HFTD Tier 2,Rural,WUI,Circuit miles,v4_native,0,,,SDG&E,2025,4,v4.01,3,4,SDGE_2025_Q4_R3.xlsx,Table 8,10,M10,https://efiling.energysafety.ca.gov/eFiling/Getfile.aspx?fileid=58132&shareable=true
T8R-0338c18718439a56,1080000009,1.d.2.b.ii,v4_native,1. Net addition (or removal) - overhead circuit miles,Distribution,HFTD Tier 2,Rural,Non-WUI,Circuit miles,v4_native,0,,,SDG&E,2025,4,v4.01,3,4,SDGE_2025_Q4_R3.xlsx,Table 8,11,M11,https://efiling.energysafety.ca.gov/eFiling/Getfile.aspx?fileid=58132&shareable=true
T8R-89a5eeefae8d2567,1080000010,1.d.2.c.i,v4_native,1. Net addition (or removal) - overhead circuit miles,Distribution,HFTD Tier 2,Highly rural,WUI,Circuit miles,v4_native,0,,,SDG&E,2025,4,v4.01,3,4,SDGE_2025_Q4_R3.xlsx,Table 8,12,M12,https://efiling.energysafety.ca.gov/eFiling/Getfile.aspx?fileid=58132&shareable=true
T8R-f7127eb77f7e50c9,1080000011,1.d.2.c.ii,v4_native,1. Net addition (or removal) - overhead circuit miles,Distribution,HFTD Tier 2,Highly rural,Non-WUI,Circuit miles,v4_native,0,,,SDG&E,2025,4,v4.01,3,4,SDGE_2025_Q4_R3.xlsx,Table 8,13,M13,https://efiling.energysafety.ca.gov/eFiling/Getfile.aspx?fileid=58132&shareable=true
T8R-d299794e1dc4fc4c,1080000012,1.d.3.a.i,v4_native,1. Net addition (or removal) - overhead circuit miles,Distribution,HFTD Tier 3,Urban,WUI,Circuit miles,v4_native,0,,,SDG&E,2025,4,v4.01,3,4,SDGE_2025_Q4_R3.xlsx,Table 8,14,M14,https://efiling.energysafety.ca.gov/eFiling/Getfile.aspx?fileid=58132&shareable=true
T8R-66dd3ba624289699,1080000013,1.d.3.a.ii,v4_native,1. Net addition (or removal) - overhead circuit miles,Distribution,HFTD Tier 3,Urban,Non-WUI,Circuit miles,v4_native,0,,,SDG&E,2025,4,v4.01,3,4,SDGE_2025_Q4_R3.xlsx,Table 8,15,M15,https://efiling.energysafety.ca.gov/eFiling/Getfile.aspx?fileid=58132&shareable=true
T8R-3930a09d5bd75d7a,1080000014,1.d.3.b.i,v4_native,1. Net addition (or removal) - overhead circuit miles,Distribution,HFTD Tier 3,Rural,WUI,Circuit miles,v4_native,0,,,SDG&E,2025,4,v4.01,3,4,SDGE_2025_Q4_R3.xlsx,Table 8,16,M16,https://efiling.energysafety.ca.gov/eFiling/Getfile.aspx?fileid=58132&shareable=true
T8R-a110c0bb0f419397,1080000015,1.d.3.b.ii,v4_native,1. Net addition (or removal) - overhead circuit miles,Distribution,HFTD Tier 3,Rural,Non-WUI,Circuit miles,v4_native,0,,,SDG&E,2025,4,v4.01,3,4,SDGE_2025_Q4_R3.xlsx,Table 8,17,M17,https://efiling.energysafety.ca.gov/eFiling/Getfile.aspx?fileid=58132&shareable=true
T8R-9557d56f0fa860ec,1080000016,1.d.3.c.i,v4_native,1. Net addition (or removal) - overhead circuit miles,Distribution,HFTD Tier 3,Highly rural,WUI,Circuit miles,v4_native,0,,,SDG&E,2025,4,v4.01,3,4,SDGE_2025_Q4_R3.xlsx,Table 8,18,M18,https://efiling.energysafety.ca.gov/eFiling/Getfile.aspx?fileid=58132&shareable=true
T8R-d7c3b9bc548118c8,1080000017,1.d.3.c.ii,v4_native,1. Net addition (or removal) - overhead circuit miles,Distribution,HFTD Tier 3,Highly rural,Non-WUI,Circuit miles,v4_native,0,,,SDG&E,2025,4,v4.01,3,4,SDGE_2025_Q4_R3.xlsx,Table 8,19,M19,https://efiling.energysafety.ca.gov/eFiling/Getfile.aspx?fileid=58132&shareable=true
T8R-fb6730fdef11ae53,1080000018,1.t.0.a.i,v4_native,1. Net addition (or removal) - overhead circuit miles,Transmission,Non-HFTD,Urban,WUI,Circuit miles,v4_native,0,,,SDG&E,2025,4,v4.01,3,4,SDGE_2025_Q4_R3.xlsx,Table 8,20,M20,https://efiling.energysafety.ca.gov/eFiling/Getfile.aspx?fileid=58132&shareable=true
T8R-2e6c0eb91144c7e4,1080000019,1.t.0.a.ii,v4_native,1. Net addition (or removal) - overhead circuit miles,Transmission,Non-HFTD,Urban,Non-WUI,Circuit miles,v4_native,0,,,SDG&E,2025,4,v4.01,3,4,SDGE_2025_Q4_R3.xlsx,Table 8,21,M21,https://efiling.energysafety.ca.gov/eFiling/Getfile.aspx?fileid=58132&shareable=true
T8R-62e24155eaff307e,1080000020,1.t.0.b.i,v4_native,1. Net addition (or removal) - overhead circuit miles,Transmission,Non-HFTD,Rural,WUI,Circuit miles,v4_native,0,,,SDG&E,2025,4,v4.01,3,4,SDGE_2025_Q4_R3.xlsx,Table 8,22,M22,https://efiling.energysafety.ca.gov/eFiling/Getfile.aspx?fileid=58132&shareable=true
T8R-a444ace1cde81016,1080000021,1.t.0.b.ii,v4_native,1. Net addition (or removal) - overhead circuit miles,Transmission,Non-HFTD,Rural,Non-WUI,Circuit miles,v4_native,0,,,SDG&E,2025,4,v4.01,3,4,SDGE_2025_Q4_R3.xlsx,Table 8,23,M23,https://efiling.energysafety.ca.gov/eFiling/Getfile.aspx?fileid=58132&shareable=true
T8R-09e8308099faad8e,1080000022,1.t.0.c.i,v4_native,1. Net addition (or removal) - overhead circuit miles,Transmission,Non-HFTD,Highly rural,WUI,Circuit miles,v4_native,0,,,SDG&E,2025,4,v4.01,3,4,SDGE_2025_Q4_R3.xlsx,Table 8,24,M24,https://efiling.energysafety.ca.gov/eFiling/Getfile.aspx?fileid=58132&shareable=true
T8R-dae29e8de3cb9fd5,1080000023,1.t.0.c.ii,v4_native,1. Net addition (or removal) - overhead circuit miles,Transmission,Non-HFTD,Highly rural,Non-WUI,Circuit miles,v4_native,0,,,SDG&E,2025,4,v4.01,3,4,SDGE_2025_Q4_R3.xlsx,Table 8,25,M25,https://efiling.energysafety.ca.gov/eFiling/Getfile.aspx?fileid=58132&shareable=true
T8R-275201cc753f732c,1080000024,1.t.2.a.i,v4_native,1. Net addition (or removal) - overhead circuit miles,Transmission,HFTD Tier 2,Urban,WUI,Circuit miles,v4_native,0,,,SDG&E,2025,4,v4.01,3,4,SDGE_2025_Q4_R3.xlsx,Table 8,26,M26,https://efiling.energysafety.ca.gov/eFiling/Getfile.aspx?fileid=58132&shareable=true
T8R-d44e6b3691f06c49,1080000025,1.t.2.a.ii,v4_native,1. Net addition (or removal) - overhead circuit miles,Transmission,HFTD Tier 2,Urban,Non-WUI,Circuit miles,v4_native,0,,,SDG&E,2025,4,v4.01,3,4,SDGE_2025_Q4_R3.xlsx,Table 8,27,M27,https://efiling.energysafety.ca.gov/eFiling/Getfile.aspx?fileid=58132&shareable=true
T8R-be824cf5b105a3d9,1080000026,1.t.2.b.i,v4_native,1. Net addition (or removal) - overhead circuit miles,Transmission,HFTD Tier 2,Rural,WUI,Circuit miles,v4_native,0,,,SDG&E,2025,4,v4.01,3,4,SDGE_2025_Q4_R3.xlsx,Table 8,28,M28,https://efiling.energysafety.ca.gov/eFiling/Getfile.aspx?fileid=58132&shareable=true
T8R-073e8a0f5f8a70bc,1080000027,1.t.2.b.ii,v4_native,1. Net addition (or removal) - overhead circuit miles,Transmission,HFTD Tier 2,Rural,Non-WUI,Circuit miles,v4_native,0,,,SDG&E,2025,4,v4.01,3,4,SDGE_2025_Q4_R3.xlsx,Table 8,29,M29,https://efiling.energysafety.ca.gov/eFiling/Getfile.aspx?fileid=58132&shareable=true
T8R-26076292b186acfc,1080000028,1.t.2.c.i,v4_native,1. Net addition (or removal) - overhead circuit miles,Transmission,HFTD Tier 2,Highly rural,WUI,Circuit miles,v4_native,0,,,SDG&E,2025,4,v4.01,3,4,SDGE_2025_Q4_R3.xlsx,Table 8,30,M30,https://efiling.energysafety.ca.gov/eFiling/Getfile.aspx?fileid=58132&shareable=true
T8R-61c039669b0ad81e,1080000029,1.t.2.c.ii,v4_native,1. Net addition (or removal) - overhead circuit miles,Transmission,HFTD Tier 2,Highly rural,Non-WUI,Circuit miles,v4_native,0,,,SDG&E,2025,4,v4.01,3,4,SDGE_2025_Q4_R3.xlsx,Table 8,31,M31,https://efiling.energysafety.ca.gov/eFiling/Getfile.aspx?fileid=58132&shareable=true
T8R-24388892ecef7455,1080000030,1.t.3.a.i,v4_native,1. Net addition (or removal) - overhead circuit miles,Transmission,HFTD Tier 3,Urban,WUI,Circuit miles,v4_native,0,,,SDG&E,2025,4,v4.01,3,4,SDGE_2025_Q4_R3.xlsx,Table 8,32,M32,https://efiling.energysafety.ca.gov/eFiling/Getfile.aspx?fileid=58132&shareable=true
T8R-5f5eca0c414cd0eb,1080000031,1.t.3.a.ii,v4_native,1. Net addition (or removal) - overhead circuit miles,Transmission,HFTD Tier 3,Urban,Non-WUI,Circuit miles,v4_native,0,,,SDG&E,2025,4,v4.01,3,4,SDGE_2025_Q4_R3.xlsx,Table 8,33,M33,https://efiling.energysafety.ca.gov/eFiling/Getfile.aspx?fileid=58132&shareable=true
T8R-0847d5f19a3ededf,1080000032,1.t.3.b.i,v4_native,1. Net addition (or removal) - overhead circuit miles,Transmission,HFTD Tier 3,Rural,WUI,Circuit miles,v4_native,0,,,SDG&E,2025,4,v4.01,3,4,SDGE_2025_Q4_R3.xlsx,Table 8,34,M34,https://efiling.energysafety.ca.gov/eFiling/Getfile.aspx?fileid=58132&shareable=true
T8R-6a13637640315860,1080000033,1.t.3.b.ii,v4_native,1. Net addition (or removal) - overhead circuit miles,Transmission,HFTD Tier 3,Rural,Non-WUI,Circuit miles,v4_native,2.8421709430404e-14,,,SDG&E,2025,4,v4.01,3,4,SDGE_2025_Q4_R3.xlsx,Table 8,35,M35,https://efiling.energysafety.ca.gov/eFiling/Getfile.aspx?fileid=58132&shareable=true
T8R-33dd42c3f30c1c82,1080000034,1.t.3.c.i,v4_native,1. Net addition (or removal) - overhead circuit miles,Transmission,HFTD Tier 3,Highly rural,WUI,Circuit miles,v4_native,0,,,SDG&E,2025,4,v4.01,3,4,SDGE_2025_Q4_R3.xlsx,Table 8,36,M36,https://efiling.energysafety.ca.gov/eFiling/Getfile.aspx?fileid=58132&shareable=true
T8R-d91fac64709fe94b,1080000035,1.t.3.c.ii,v4_native,1. Net addition (or removal) - overhead circuit miles,Transmission,HFTD Tier 3,Highly rural,Non-WUI,Circuit miles,v4_native,0,,,SDG&E,2025,4,v4.01,3,4,SDGE_2025_Q4_R3.xlsx,Table 8,37,M37,https://efiling.energysafety.ca.gov/eFiling/Getfile.aspx?fileid=58132&shareable=true
T8R-fd94df7d030db24d,1080000036,2.d.0.a.i,v4_native,2. Net addition (or removal) - underground circuit miles,Distribution,Non-HFTD,Urban,WUI,Circuit miles,v4_native,0,,,SDG&E,2025,4,v4.01,3,4,SDGE_2025_Q4_R3.xlsx,Table 8,38,M38,https://efiling.energysafety.ca.gov/eFiling/Getfile.aspx?fileid=58132&shareable=true
T8R-68a43c50a65743ce,1080000037,2.d.0.a.ii,v4_native,2. Net addition (or removal) - underground circuit miles,Distribution,Non-HFTD,Urban,Non-WUI,Circuit miles,v4_native,0,,,SDG&E,2025,4,v4.01,3,4,SDGE_2025_Q4_R3.xlsx,Table 8,39,M39,https://efiling.energysafety.ca.gov/eFiling/Getfile.aspx?fileid=58132&shareable=true
T8R-97299c9c31116e64,1080000038,2.d.0.b.i,v4_native,2. Net addition (or removal) - underground circuit miles,Distribution,Non-HFTD,Rural,WUI,Circuit miles,v4_native,0,,,SDG&E,2025,4,v4.01,3,4,SDGE_2025_Q4_R3.xlsx,Table 8,40,M40,https://efiling.energysafety.ca.gov/eFiling/Getfile.aspx?fileid=58132&shareable=true
T8R-c9146f4b928f86c6,1080000039,2.d.0.b.ii,v4_native,2. Net addition (or removal) - underground circuit miles,Distribution,Non-HFTD,Rural,Non-WUI,Circuit miles,v4_native,0,,,SDG&E,2025,4,v4.01,3,4,SDGE_2025_Q4_R3.xlsx,Table 8,41,M41,https://efiling.energysafety.ca.gov/eFiling/Getfile.aspx?fileid=58132&shareable=true
T8R-dfa90ff226ab82c7,1080000040,2.d.0.c.i,v4_native,2. Net addition (or removal) - underground circuit miles,Distribution,Non-HFTD,Highly rural,WUI,Circuit miles,v4_native,0,,,SDG&E,2025,4,v4.01,3,4,SDGE_2025_Q4_R3.xlsx,Table 8,42,M42,https://efiling.energysafety.ca.gov/eFiling/Getfile.aspx?fileid=58132&shareable=true
T8R-7d8ce686fe7109ac,1080000041,2.d.0.c.ii,v4_native,2. Net addition (or removal) - underground circuit miles,Distribution,Non-HFTD,Highly rural,Non-WUI,Circuit miles,v4_native,0,,,SDG&E,2025,4,v4.01,3,4,SDGE_2025_Q4_R3.xlsx,Table 8,43,M43,https://efiling.energysafety.ca.gov/eFiling/Getfile.aspx?fileid=58132&shareable=true
T8R-8b04fae1e14bbe07,1080000042,2.d.2.a.i,v4_native,2. Net addition (or removal) - underground circuit miles,Distribution,HFTD Tier 2,Urban,WUI,Circuit miles,v4_native,0,,,SDG&E,2025,4,v4.01,3,4,SDGE_2025_Q4_R3.xlsx,Table 8,44,M44,https://efiling.energysafety.ca.gov/eFiling/Getfile.aspx?fileid=58132&shareable=true
T8R-19ae098bf79a49ed,1080000043,2.d.2.a.ii,v4_native,2. Net addition (or removal) - underground circuit miles,Distribution,HFTD Tier 2,Urban,Non-WUI,Circuit miles,v4_native,0,,,SDG&E,2025,4,v4.01,3,4,SDGE_2025_Q4_R3.xlsx,Table 8,45,M45,https://efiling.energysafety.ca.gov/eFiling/Getfile.aspx?fileid=58132&shareable=true
T8R-3e414452cf3015f7,1080000044,2.d.2.b.i,v4_native,2. Net addition (or removal) - underground circuit miles,Distribution,HFTD Tier 2,Rural,WUI,Circuit miles,v4_native,0,,,SDG&E,2025,4,v4.01,3,4,SDGE_2025_Q4_R3.xlsx,Table 8,46,M46,https://efiling.energysafety.ca.gov/eFiling/Getfile.aspx?fileid=58132&shareable=true
T8R-1b88b2a456ab6cf4,1080000045,2.d.2.b.ii,v4_native,2. Net addition (or removal) - underground circuit miles,Distribution,HFTD Tier 2,Rural,Non-WUI,Circuit miles,v4_native,0,,,SDG&E,2025,4,v4.01,3,4,SDGE_2025_Q4_R3.xlsx,Table 8,47,M47,https://efiling.energysafety.ca.gov/eFiling/Getfile.aspx?fileid=58132&shareable=true
T8R-13e4a2e116827ee7,1080000046,2.d.2.c.i,v4_native,2. Net addition (or removal) - underground circuit miles,Distribution,HFTD Tier 2,Highly rural,WUI,Circuit miles,v4_native,0,,,SDG&E,2025,4,v4.01,3,4,SDGE_2025_Q4_R3.xlsx,Table 8,48,M48,https://efiling.energysafety.ca.gov/eFiling/Getfile.aspx?fileid=58132&shareable=true
T8R-0d2fbd62eef02245,1080000047,2.d.2.c.ii,v4_native,2. Net addition (or removal) - underground circuit miles,Distribution,HFTD Tier 2,Highly rural,Non-WUI,Circuit miles,v4_native,0,,,SDG&E,2025,4,v4.01,3,4,SDGE_2025_Q4_R3.xlsx,Table 8,49,M49,https://efiling.energysafety.ca.gov/eFiling/Getfile.aspx?fileid=58132&shareable=true
T8R-3360e006a78db837,1080000048,2.d.3.a.i,v4_native,2. Net addition (or removal) - underground circuit miles,Distribution,HFTD Tier 3,Urban,WUI,Circuit miles,v4_native,0,,,SDG&E,2025,4,v4.01,3,4,SDGE_2025_Q4_R3.xlsx,Table 8,50,M50,https://efiling.energysafety.ca.gov/eFiling/Getfile.aspx?fileid=58132&shareable=true
T8R-a04946ae48896c3c,1080000049,2.d.3.a.ii,v4_native,2. Net addition (or removal) - underground circuit miles,Distribution,HFTD Tier 3,Urban,Non-WUI,Circuit miles,v4_native,0,,,SDG&E,2025,4,v4.01,3,4,SDGE_2025_Q4_R3.xlsx,Table 8,51,M51,https://efiling.energysafety.ca.gov/eFiling/Getfile.aspx?fileid=58132&shareable=true
T8R-8012e389b6a31239,1080000050,2.d.3.b.i,v4_native,2. Net addition (or removal) - underground circuit miles,Distribution,HFTD Tier 3,Rural,WUI,Circuit miles,v4_native,0,,,SDG&E,2025,4,v4.01,3,4,SDGE_2025_Q4_R3.xlsx,Table 8,52,M52,https://efiling.energysafety.ca.gov/eFiling/Getfile.aspx?fileid=58132&shareable=true
T8R-bde4811d62b76f47,1080000051,2.d.3.b.ii,v4_native,2. Net addition (or removal) - underground circuit miles,Distribution,HFTD Tier 3,Rural,Non-WUI,Circuit miles,v4_native,0,,,SDG&E,2025,4,v4.01,3,4,SDGE_2025_Q4_R3.xlsx,Table 8,53,M53,https://efiling.energysafety.ca.gov/eFiling/Getfile.aspx?fileid=58132&shareable=true
T8R-05d9e0e7b371588f,1080000052,2.d.3.c.i,v4_native,2. Net addition (or removal) - underground circuit miles,Distribution,HFTD Tier 3,Highly rural,WUI,Circuit miles,v4_native,0,,,SDG&E,2025,4,v4.01,3,4,SDGE_2025_Q4_R3.xlsx,Table 8,54,M54,https://efiling.energysafety.ca.gov/eFiling/Getfile.aspx?fileid=58132&shareable=true
T8R-892d473ac9a87ca1,1080000053,2.d.3.c.ii,v4_native,2. Net addition (or removal) - underground circuit miles,Distribution,HFTD Tier 3,Highly rural,Non-WUI,Circuit miles,v4_native,0,,,SDG&E,2025,4,v4.01,3,4,SDGE_2025_Q4_R3.xlsx,Table 8,55,M55,https://efiling.energysafety.ca.gov/eFiling/Getfile.aspx?fileid=58132&shareable=true
T8R-02359c8cc2904f1d,1080000054,2.t.0.a.i,v4_native,2. Net addition (or removal) - underground circuit miles,Transmission,Non-HFTD,Urban,WUI,Circuit miles,v4_native,0,,,SDG&E,2025,4,v4.01,3,4,SDGE_2025_Q4_R3.xlsx,Table 8,56,M56,https://efiling.energysafety.ca.gov/eFiling/Getfile.aspx?fileid=58132&shareable=true
T8R-f471dc09b50ffb37,1080000055,2.t.0.a.ii,v4_native,2. Net addition (or removal) - underground circuit miles,Transmission,Non-HFTD,Urban,Non-WUI,Circuit miles,v4_native,0,,,SDG&E,2025,4,v4.01,3,4,SDGE_2025_Q4_R3.xlsx,Table 8,57,M57,https://efiling.energysafety.ca.gov/eFiling/Getfile.aspx?fileid=58132&shareable=true
T8R-9f4a7e2b2f227d41,1080000056,2.t.0.b.i,v4_native,2. Net addition (or removal) - underground circuit miles,Transmission,Non-HFTD,Rural,WUI,Circuit miles,v4_native,0,,,SDG&E,2025,4,v4.01,3,4,SDGE_2025_Q4_R3.xlsx,Table 8,58,M58,https://efiling.energysafety.ca.gov/eFiling/Getfile.aspx?fileid=58132&shareable=true
T8R-648f491d96975b31,1080000057,2.t.0.b.ii,v4_native,2. Net addition (or removal) - underground circuit miles,Transmission,Non-HFTD,Rural,Non-WUI,Circuit miles,v4_native,0,,,SDG&E,2025,4,v4.01,3,4,SDGE_2025_Q4_R3.xlsx,Table 8,59,M59,https://efiling.energysafety.ca.gov/eFiling/Getfile.aspx?fileid=58132&shareable=true
T8R-c351c54a0bd50dcc,1080000058,2.t.0.c.i,v4_native,2. Net addition (or removal) - underground circuit miles,Transmission,Non-HFTD,Highly rural,WUI,Circuit miles,v4_native,0,,,SDG&E,2025,4,v4.01,3,4,SDGE_2025_Q4_R3.xlsx,Table 8,60,M60,https://efiling.energysafety.ca.gov/eFiling/Getfile.aspx?fileid=58132&shareable=true
T8R-dd99ace6deac3524,1080000059,2.t.0.c.ii,v4_native,2. Net addition (or removal) - underground circuit miles,Transmission,Non-HFTD,Highly rural,Non-WUI,Circuit miles,v4_native,0,,,SDG&E,2025,4,v4.01,3,4,SDGE_2025_Q4_R3.xlsx,Table 8,61,M61,https://efiling.energysafety.ca.gov/eFiling/Getfile.aspx?fileid=58132&shareable=true
T8R-ff680dcd44344966,1080000060,2.t.2.a.i,v4_native,2. Net addition (or removal) - underground circuit miles,Transmission,HFTD Tier 2,Urban,WUI,Circuit miles,v4_native,0,,,SDG&E,2025,4,v4.01,3,4,SDGE_2025_Q4_R3.xlsx,Table 8,62,M62,https://efiling.energysafety.ca.gov/eFiling/Getfile.aspx?fileid=58132&shareable=true
T8R-a24a49e55bb1f575,1080000061,2.t.2.a.ii,v4_native,2. Net addition (or removal) - underground circuit miles,Transmission,HFTD Tier 2,Urban,Non-WUI,Circuit miles,v4_native,0,,,SDG&E,2025,4,v4.01,3,4,SDGE_2025_Q4_R3.xlsx,Table 8,63,M63,https://efiling.energysafety.ca.gov/eFiling/Getfile.aspx?fileid=58132&shareable=true
T8R-e788913216bbd5a6,1080000062,2.t.2.b.i,v4_native,2. Net addition (or removal) - underground circuit miles,Transmission,HFTD Tier 2,Rural,WUI,Circuit miles,v4_native,0,,,SDG&E,2025,4,v4.01,3,4,SDGE_2025_Q4_R3.xlsx,Table 8,64,M64,https://efiling.energysafety.ca.gov/eFiling/Getfile.aspx?fileid=58132&shareable=true
T8R-3868bd2eec4cf1f7,1080000063,2.t.2.b.ii,v4_native,2. Net addition (or removal) - underground circuit miles,Transmission,HFTD Tier 2,Rural,Non-WUI,Circuit miles,v4_native,0,,,SDG&E,2025,4,v4.01,3,4,SDGE_2025_Q4_R3.xlsx,Table 8,65,M65,https://efiling.energysafety.ca.gov/eFiling/Getfile.aspx?fileid=58132&shareable=true
T8R-5a199cc6f630336b,1080000064,2.t.2.c.i,v4_native,2. Net addition (or removal) - underground circuit miles,Transmission,HFTD Tier 2,Highly rural,WUI,Circuit miles,v4_native,0,,,SDG&E,2025,4,v4.01,3,4,SDGE_2025_Q4_R3.xlsx,Table 8,66,M66,https://efiling.energysafety.ca.gov/eFiling/Getfile.aspx?fileid=58132&shareable=true
T8R-088ee3cecdea22c6,1080000065,2.t.2.c.ii,v4_native,2. Net addition (or removal) - underground circuit miles,Transmission,HFTD Tier 2,Highly rural,Non-WUI,Circuit miles,v4_native,0,,,SDG&E,2025,4,v4.01,3,4,SDGE_2025_Q4_R3.xlsx,Table 8,67,M67,https://efiling.energysafety.ca.gov/eFiling/Getfile.aspx?fileid=58132&shareable=true
T8R-6c44c2a4daf0a5c2,1080000066,2.t.3.a.i,v4_native,2. Net addition (or removal) - underground circuit miles,Transmission,HFTD Tier 3,Urban,WUI,Circuit miles,v4_native,0,,,SDG&E,2025,4,v4.01,3,4,SDGE_2025_Q4_R3.xlsx,Table 8,68,M68,https://efiling.energysafety.ca.gov/eFiling/Getfile.aspx?fileid=58132&shareable=true
T8R-0b6db753308b252a,1080000067,2.t.3.a.ii,v4_native,2. Net addition (or removal) - underground circuit miles,Transmission,HFTD Tier 3,Urban,Non-WUI,Circuit miles,v4_native,0,,,SDG&E,2025,4,v4.01,3,4,SDGE_2025_Q4_R3.xlsx,Table 8,69,M69,https://efiling.energysafety.ca.gov/eFiling/Getfile.aspx?fileid=58132&shareable=true
T8R-bb894bf71c0bd7e5,1080000068,2.t.3.b.i,v4_native,2. Net addition (or removal) - underground circuit miles,Transmission,HFTD Tier 3,Rural,WUI,Circuit miles,v4_native,0,,,SDG&E,2025,4,v4.01,3,4,SDGE_2025_Q4_R3.xlsx,Table 8,70,M70,https://efiling.energysafety.ca.gov/eFiling/Getfile.aspx?fileid=58132&shareable=true
T8R-5cbf0ca8a37ed8f9,1080000069,2.t.3.b.ii,v4_native,2. Net addition (or removal) - underground circuit miles,Transmission,HFTD Tier 3,Rural,Non-WUI,Circuit miles,v4_native,0,,,SDG&E,2025,4,v4.01,3,4,SDGE_2025_Q4_R3.xlsx,Table 8,71,M71,https://efiling.energysafety.ca.gov/eFiling/Getfile.aspx?fileid=58132&shareable=true
T8R-8119cf68edce632d,1080000070,2.t.3.c.i,v4_native,2. Net addition (or removal) - underground circuit miles,Transmission,HFTD Tier 3,Highly rural,WUI,Circuit miles,v4_native,0,,,SDG&E,2025,4,v4.01,3,4,SDGE_2025_Q4_R3.xlsx,Table 8,72,M72,https://efiling.energysafety.ca.gov/eFiling/Getfile.aspx?fileid=58132&shareable=true
T8R-8d966fa2c304501f,1080000071,2.t.3.c.ii,v4_native,2. Net addition (or removal) - underground circuit miles,Transmission,HFTD Tier 3,Highly rural,Non-WUI,Circuit miles,v4_native,0,,,SDG&E,2025,4,v4.01,3,4,SDGE_2025_Q4_R3.xlsx,Table 8,73,M73,https://efiling.energysafety.ca.gov/eFiling/Getfile.aspx?fileid=58132&shareable=true
T8R-341295b3e5700993,1080000072,3.0.a.i,v4_native,3. Net addition (or removal) - Substations,,Non-HFTD,Urban,WUI,Number of substations,v4_native,0,,,SDG&E,2025,4,v4.01,3,4,SDGE_2025_Q4_R3.xlsx,Table 8,74,M74,https://efiling.energysafety.ca.gov/eFiling/Getfile.aspx?fileid=58132&shareable=true
T8R-f841f9afd7748394,1080000073,3.0.a.ii,v4_native,3. Net addition (or removal) - Substations,,Non-HFTD,Urban,Non-WUI,Number of substations,v4_native,0,,,SDG&E,2025,4,v4.01,3,4,SDGE_2025_Q4_R3.xlsx,Table 8,75,M75,https://efiling.energysafety.ca.gov/eFiling/Getfile.aspx?fileid=58132&shareable=true
T8R-57646448facce56d,1080000074,3.0.b.i,v4_native,3. Net addition (or removal) - Substations,,Non-HFTD,Rural,WUI,Number of substations,v4_native,0,,,SDG&E,2025,4,v4.01,3,4,SDGE_2025_Q4_R3.xlsx,Table 8,76,M76,https://efiling.energysafety.ca.gov/eFiling/Getfile.aspx?fileid=58132&shareable=true
T8R-317f913d2eeb70aa,1080000075,3.0.b.ii,v4_native,3. Net addition (or removal) - Substations,,Non-HFTD,Rural,Non-WUI,Number of substations,v4_native,0,,,SDG&E,2025,4,v4.01,3,4,SDGE_2025_Q4_R3.xlsx,Table 8,77,M77,https://efiling.energysafety.ca.gov/eFiling/Getfile.aspx?fileid=58132&shareable=true
T8R-5ff32a0275759e86,1080000076,3.0.c.i,v4_native,3. Net addition (or removal) - Substations,,Non-HFTD,Highly rural,WUI,Number of substations,v4_native,0,,,SDG&E,2025,4,v4.01,3,4,SDGE_2025_Q4_R3.xlsx,Table 8,78,M78,https://efiling.energysafety.ca.gov/eFiling/Getfile.aspx?fileid=58132&shareable=true
T8R-298b58cd79a5b94d,1080000077,3.0.c.ii,v4_native,3. Net addition (or removal) - Substations,,Non-HFTD,Highly rural,Non-WUI,Number of substations,v4_native,0,,,SDG&E,2025,4,v4.01,3,4,SDGE_2025_Q4_R3.xlsx,Table 8,79,M79,https://efiling.energysafety.ca.gov/eFiling/Getfile.aspx?fileid=58132&shareable=true
T8R-9106e8295c54c573,1080000078,3.2.a.i,v4_native,3. Net addition (or removal) - Substations,,HFTD Tier 2,Urban,WUI,Number of substations,v4_native,0,,,SDG&E,2025,4,v4.01,3,4,SDGE_2025_Q4_R3.xlsx,Table 8,80,M80,https://efiling.energysafety.ca.gov/eFiling/Getfile.aspx?fileid=58132&shareable=true
T8R-48ca6611d3de7d40,1080000079,3.2.a.ii,v4_native,3. Net addition (or removal) - Substations,,HFTD Tier 2,Urban,Non-WUI,Number of substations,v4_native,0,,,SDG&E,2025,4,v4.01,3,4,SDGE_2025_Q4_R3.xlsx,Table 8,81,M81,https://efiling.energysafety.ca.gov/eFiling/Getfile.aspx?fileid=58132&shareable=true
T8R-0e9f49b9aae10aaa,1080000080,3.2.b.i,v4_native,3. Net addition (or removal) - Substations,,HFTD Tier 2,Rural,WUI,Number of substations,v4_native,0,,,SDG&E,2025,4,v4.01,3,4,SDGE_2025_Q4_R3.xlsx,Table 8,82,M82,https://efiling.energysafety.ca.gov/eFiling/Getfile.aspx?fileid=58132&shareable=true
T8R-6d2a27166c7eb1e0,1080000081,3.2.b.ii,v4_native,3. Net addition (or removal) - Substations,,HFTD Tier 2,Rural,Non-WUI,Number of substations,v4_native,0,,,SDG&E,2025,4,v4.01,3,4,SDGE_2025_Q4_R3.xlsx,Table 8,83,M83,https://efiling.energysafety.ca.gov/eFiling/Getfile.aspx?fileid=58132&shareable=true
T8R-55634e2f423b1798,1080000082,3.2.c.i,v4_native,3. Net addition (or removal) - Substations,,HFTD Tier 2,Highly rural,WUI,Number of substations,v4_native,0,,,SDG&E,2025,4,v4.01,3,4,SDGE_2025_Q4_R3.xlsx,Table 8,84,M84,https://efiling.energysafety.ca.gov/eFiling/Getfile.aspx?fileid=58132&shareable=true
T8R-877c276750ebc4b6,1080000083,3.2.c.ii,v4_native,3. Net addition (or removal) - Substations,,HFTD Tier 2,Highly rural,Non-WUI,Number of substations,v4_native,0,,,SDG&E,2025,4,v4.01,3,4,SDGE_2025_Q4_R3.xlsx,Table 8,85,M85,https://efiling.energysafety.ca.gov/eFiling/Getfile.aspx?fileid=58132&shareable=true
T8R-ae4bdede19b721a5,1080000084,3.3.a.i,v4_native,3. Net addition (or removal) - Substations,,HFTD Tier 3,Urban,WUI,Number of substations,v4_native,0,,,SDG&E,2025,4,v4.01,3,4,SDGE_2025_Q4_R3.xlsx,Table 8,86,M86,https://efiling.energysafety.ca.gov/eFiling/Getfile.aspx?fileid=58132&shareable=true
T8R-36f18a77cb2c5075,1080000085,3.3.a.ii,v4_native,3. Net addition (or removal) - Substations,,HFTD Tier 3,Urban,Non-WUI,Number of substations,v4_native,0,,,SDG&E,2025,4,v4.01,3,4,SDGE_2025_Q4_R3.xlsx,Table 8,87,M87,https://efiling.energysafety.ca.gov/eFiling/Getfile.aspx?fileid=58132&shareable=true
T8R-3f949c20592735ee,1080000086,3.3.b.i,v4_native,3. Net addition (or removal) - Substations,,HFTD Tier 3,Rural,WUI,Number of substations,v4_native,0,,,SDG&E,2025,4,v4.01,3,4,SDGE_2025_Q4_R3.xlsx,Table 8,88,M88,https://efiling.energysafety.ca.gov/eFiling/Getfile.aspx?fileid=58132&shareable=true
T8R-f39a6143c2b1b757,1080000087,3.3.b.ii,v4_native,3. Net addition (or removal) - Substations,,HFTD Tier 3,Rural,Non-WUI,Number of substations,v4_native,0,,,SDG&E,2025,4,v4.01,3,4,SDGE_2025_Q4_R3.xlsx,Table 8,89,M89,https://efiling.energysafety.ca.gov/eFiling/Getfile.aspx?fileid=58132&shareable=true
T8R-1e12c3f85d585d7c,1080000088,3.3.c.i,v4_native,3. Net addition (or removal) - Substations,,HFTD Tier 3,Highly rural,WUI,Number of substations,v4_native,0,,,SDG&E,2025,4,v4.01,3,4,SDGE_2025_Q4_R3.xlsx,Table 8,90,M90,https://efiling.energysafety.ca.gov/eFiling/Getfile.aspx?fileid=58132&shareable=true
T8R-a304bfa7583d1b43,1080000089,3.3.c.ii,v4_native,3. Net addition (or removal) - Substations,,HFTD Tier 3,Highly rural,Non-WUI,Number of substations,v4_native,0,,,SDG&E,2025,4,v4.01,3,4,SDGE_2025_Q4_R3.xlsx,Table 8,91,M91,https://efiling.energysafety.ca.gov/eFiling/Getfile.aspx?fileid=58132&shareable=true
T8R-66ff97852fcabc01,1080000090,4.0.a.i,v4_native,4. Net addition (or removal) - Weather stations,,Non-HFTD,Urban,WUI,Number of weather stations,v4_native,0,,,SDG&E,2025,4,v4.01,3,4,SDGE_2025_Q4_R3.xlsx,Table 8,92,M92,https://efiling.energysafety.ca.gov/eFiling/Getfile.aspx?fileid=58132&shareable=true
T8R-eebfc3cadafbbaad,1080000091,4.0.a.ii,v4_native,4. Net addition (or removal) - Weather stations,,Non-HFTD,Urban,Non-WUI,Number of weather stations,v4_native,0,,,SDG&E,2025,4,v4.01,3,4,SDGE_2025_Q4_R3.xlsx,Table 8,93,M93,https://efiling.energysafety.ca.gov/eFiling/Getfile.aspx?fileid=58132&shareable=true
T8R-9205849c09a5f920,1080000092,4.0.b.i,v4_native,4. Net addition (or removal) - Weather stations,,Non-HFTD,Rural,WUI,Number of weather stations,v4_native,0,,,SDG&E,2025,4,v4.01,3,4,SDGE_2025_Q4_R3.xlsx,Table 8,94,M94,https://efiling.energysafety.ca.gov/eFiling/Getfile.aspx?fileid=58132&shareable=true
T8R-3636701186a2468a,1080000093,4.0.b.ii,v4_native,4. Net addition (or removal) - Weather stations,,Non-HFTD,Rural,Non-WUI,Number of weather stations,v4_native,0,,,SDG&E,2025,4,v4.01,3,4,SDGE_2025_Q4_R3.xlsx,Table 8,95,M95,https://efiling.energysafety.ca.gov/eFiling/Getfile.aspx?fileid=58132&shareable=true
T8R-1757b2f68c907dbb,1080000094,4.0.c.i,v4_native,4. Net addition (or removal) - Weather stations,,Non-HFTD,Highly rural,WUI,Number of weather stations,v4_native,0,,,SDG&E,2025,4,v4.01,3,4,SDGE_2025_Q4_R3.xlsx,Table 8,96,M96,https://efiling.energysafety.ca.gov/eFiling/Getfile.aspx?fileid=58132&shareable=true
T8R-4160dc2056cc72ce,1080000095,4.0.c.ii,v4_native,4. Net addition (or removal) - Weather stations,,Non-HFTD,Highly rural,Non-WUI,Number of weather stations,v4_native,0,,,SDG&E,2025,4,v4.01,3,4,SDGE_2025_Q4_R3.xlsx,Table 8,97,M97,https://efiling.energysafety.ca.gov/eFiling/Getfile.aspx?fileid=58132&shareable=true
T8R-9835e50ccee066e1,1080000096,4.2.a.i,v4_native,4. Net addition (or removal) - Weather stations,,HFTD Tier 2,Urban,WUI,Number of weather stations,v4_native,0,,,SDG&E,2025,4,v4.01,3,4,SDGE_2025_Q4_R3.xlsx,Table 8,98,M98,https://efiling.energysafety.ca.gov/eFiling/Getfile.aspx?fileid=58132&shareable=true
T8R-691ade838f639e1e,1080000097,4.2.a.ii,v4_native,4. Net addition (or removal) - Weather stations,,HFTD Tier 2,Urban,Non-WUI,Number of weather stations,v4_native,0,,,SDG&E,2025,4,v4.01,3,4,SDGE_2025_Q4_R3.xlsx,Table 8,99,M99,https://efiling.energysafety.ca.gov/eFiling/Getfile.aspx?fileid=58132&shareable=true
T8R-571c55961781b95f,1080000098,4.2.b.i,v4_native,4. Net addition (or removal) - Weather stations,,HFTD Tier 2,Rural,WUI,Number of weather stations,v4_native,0,,,SDG&E,2025,4,v4.01,3,4,SDGE_2025_Q4_R3.xlsx,Table 8,100,M100,https://efiling.energysafety.ca.gov/eFiling/Getfile.aspx?fileid=58132&shareable=true
T8R-ed27391d363d823e,1080000099,4.2.b.ii,v4_native,4. Net addition (or removal) - Weather stations,,HFTD Tier 2,Rural,Non-WUI,Number of weather stations,v4_native,0,,,SDG&E,2025,4,v4.01,3,4,SDGE_2025_Q4_R3.xlsx,Table 8,101,M101,https://efiling.energysafety.ca.gov/eFiling/Getfile.aspx?fileid=58132&shareable=true
T8R-af20c512550585ee,1080000100,4.2.c.i,v4_native,4. Net addition (or removal) - Weather stations,,HFTD Tier 2,Highly rural,WUI,Number of weather stations,v4_native,0,,,SDG&E,2025,4,v4.01,3,4,SDGE_2025_Q4_R3.xlsx,Table 8,102,M102,https://efiling.energysafety.ca.gov/eFiling/Getfile.aspx?fileid=58132&shareable=true
T8R-599cad821918ef44,1080000101,4.2.c.ii,v4_native,4. Net addition (or removal) - Weather stations,,HFTD Tier 2,Highly rural,Non-WUI,Number of weather stations,v4_native,0,,,SDG&E,2025,4,v4.01,3,4,SDGE_2025_Q4_R3.xlsx,Table 8,103,M103,https://efiling.energysafety.ca.gov/eFiling/Getfile.aspx?fileid=58132&shareable=true
T8R-f01359406ae1c016,1080000102,4.3.a.i,v4_native,4. Net addition (or removal) - Weather stations,,HFTD Tier 3,Urban,WUI,Number of weather stations,v4_native,0,,,SDG&E,2025,4,v4.01,3,4,SDGE_2025_Q4_R3.xlsx,Table 8,104,M104,https://efiling.energysafety.ca.gov/eFiling/Getfile.aspx?fileid=58132&shareable=true
T8R-444840dc3f3bd1f6,1080000103,4.3.a.ii,v4_native,4. Net addition (or removal) - Weather stations,,HFTD Tier 3,Urban,Non-WUI,Number of weather stations,v4_native,0,,,SDG&E,2025,4,v4.01,3,4,SDGE_2025_Q4_R3.xlsx,Table 8,105,M105,https://efiling.energysafety.ca.gov/eFiling/Getfile.aspx?fileid=58132&shareable=true
T8R-ef8d835d6ad72db3,1080000104,4.3.b.i,v4_native,4. Net addition (or removal) - Weather stations,,HFTD Tier 3,Rural,WUI,Number of weather stations,v4_native,0,,,SDG&E,2025,4,v4.01,3,4,SDGE_2025_Q4_R3.xlsx,Table 8,106,M106,https://efiling.energysafety.ca.gov/eFiling/Getfile.aspx?fileid=58132&shareable=true
T8R-2b8d14b3b7829ef4,1080000105,4.3.b.ii,v4_native,4. Net addition (or removal) - Weather stations,,HFTD Tier 3,Rural,Non-WUI,Number of weather stations,v4_native,0,,,SDG&E,2025,4,v4.01,3,4,SDGE_2025_Q4_R3.xlsx,Table 8,107,M107,https://efiling.energysafety.ca.gov/eFiling/Getfile.aspx?fileid=58132&shareable=true
T8R-290b6798102cfe21,1080000106,4.3.c.i,v4_native,4. Net addition (or removal) - Weather stations,,HFTD Tier 3,Highly rural,WUI,Number of weather stations,v4_native,0,,,SDG&E,2025,4,v4.01,3,4,SDGE_2025_Q4_R3.xlsx,Table 8,108,M108,https://efiling.energysafety.ca.gov/eFiling/Getfile.aspx?fileid=58132&shareable=true
T8R-c1c047c8cacf2317,1080000107,4.3.c.ii,v4_native,4. Net addition (or removal) - Weather stations,,HFTD Tier 3,Highly rural,Non-WUI,Number of weather stations,v4_native,0,,,SDG&E,2025,4,v4.01,3,4,SDGE_2025_Q4_R3.xlsx,Table 8,109,M109,https://efiling.energysafety.ca.gov/eFiling/Getfile.aspx?fileid=58132&shareable=true
