record_id,comparison_group_id,metric_number,mapped_v4_metric_number,initiative_mapping_status,tracking_id_normalized,group_tracking_ids,wmp_category,wmp_initiative,wmp_activity,expense_type,hftd_tier,unit_canonical,actual_value_canonical,primary_driver_targeted,secondary_drivers_targeted,year_initiated,most_recent_proceeding,memorandum_account,current_compliance_status,associated_rules,other_spend_category,comments,blank_meaning,utility_id,reporting_year,schema_version,source_revision,source_file,source_sheet,source_row,source_value_cell,guideline_url
T11R-b6333f6dcfcf3a80,T11-7c843e2300f623,,3110000168,component_of_v4_tracking_id_group,WMP.527,WMP.527;WMP.563,"Emergency Preparedness, Collaboration and Public Awareness","Public Communication, Outreach, and Education Awareness",,CAPEX,Territory,$ Thousands,724.4524419,PSPS Vulnerability,NA,2013,NA,WMPMA,NA,NA,NA,NA,,SDG&E,2023,v3.1,0,SDGE_2023_Q4_Tables1-15.xlsx,Table 11,10,AD10,https://efiling.energysafety.ca.gov/eFiling/Getfile.aspx?fileid=53475&shareable=true
T11R-432693b7818430d5,T11-7c843e2300f623,,3110000169,component_of_v4_tracking_id_group,WMP.527,WMP.527;WMP.563,"Emergency Preparedness, Collaboration and Public Awareness","Public Communication, Outreach, and Education Awareness",,CAPEX,HFTD,$ Thousands,724.4524419,PSPS Vulnerability,NA,2013,NA,WMPMA,NA,NA,NA,NA,,SDG&E,2023,v3.1,0,SDGE_2023_Q4_Tables1-15.xlsx,Table 11,10,AE10,https://efiling.energysafety.ca.gov/eFiling/Getfile.aspx?fileid=53475&shareable=true
T11R-af8d1296639a1a33,T11-7c843e2300f623,,3110000170,component_of_v4_tracking_id_group,WMP.527,WMP.527;WMP.563,"Emergency Preparedness, Collaboration and Public Awareness","Public Communication, Outreach, and Education Awareness",,OPEX,Territory,$ Thousands,5320.45989,PSPS Vulnerability,NA,2013,NA,WMPMA,NA,NA,NA,NA,,SDG&E,2023,v3.1,0,SDGE_2023_Q4_Tables1-15.xlsx,Table 11,10,AF10,https://efiling.energysafety.ca.gov/eFiling/Getfile.aspx?fileid=53475&shareable=true
T11R-10fb5203e8cd8351,T11-7c843e2300f623,,3110000171,component_of_v4_tracking_id_group,WMP.527,WMP.527;WMP.563,"Emergency Preparedness, Collaboration and Public Awareness","Public Communication, Outreach, and Education Awareness",,OPEX,HFTD,$ Thousands,5320.45989,PSPS Vulnerability,NA,2013,NA,WMPMA,NA,NA,NA,NA,,SDG&E,2023,v3.1,0,SDGE_2023_Q4_Tables1-15.xlsx,Table 11,10,AG10,https://efiling.energysafety.ca.gov/eFiling/Getfile.aspx?fileid=53475&shareable=true
T11R-b9bf19325e20619a,T11-900fca4a60b69b,,3110000164,component_of_v4_tracking_id_group,WMP.1337,WMP.1199;WMP.1200;WMP.1201;WMP.1337,"Emergency Preparedness, Collaboration and Public Awareness",External Collaboration and Coordination,,CAPEX,Territory,$ Thousands,0,PSPS Vulnerability,NA,2013,NA,WMPMA,Exceeds,P.U. Code § 451,NA,Community engagement,,SDG&E,2023,v3.1,0,SDGE_2023_Q4_Tables1-15.xlsx,Table 11,11,AD11,https://efiling.energysafety.ca.gov/eFiling/Getfile.aspx?fileid=53475&shareable=true
T11R-bb4969eb9d7a6db6,T11-900fca4a60b69b,,3110000165,component_of_v4_tracking_id_group,WMP.1337,WMP.1199;WMP.1200;WMP.1201;WMP.1337,"Emergency Preparedness, Collaboration and Public Awareness",External Collaboration and Coordination,,CAPEX,HFTD,$ Thousands,0,PSPS Vulnerability,NA,2013,NA,WMPMA,Exceeds,P.U. Code § 451,NA,Community engagement,,SDG&E,2023,v3.1,0,SDGE_2023_Q4_Tables1-15.xlsx,Table 11,11,AE11,https://efiling.energysafety.ca.gov/eFiling/Getfile.aspx?fileid=53475&shareable=true
T11R-10ea1e17215d4847,T11-900fca4a60b69b,,3110000166,component_of_v4_tracking_id_group,WMP.1337,WMP.1199;WMP.1200;WMP.1201;WMP.1337,"Emergency Preparedness, Collaboration and Public Awareness",External Collaboration and Coordination,,OPEX,Territory,$ Thousands,435.49903,PSPS Vulnerability,NA,2013,NA,WMPMA,Exceeds,P.U. Code § 451,NA,Community engagement,,SDG&E,2023,v3.1,0,SDGE_2023_Q4_Tables1-15.xlsx,Table 11,11,AF11,https://efiling.energysafety.ca.gov/eFiling/Getfile.aspx?fileid=53475&shareable=true
T11R-9afa2c261e28699c,T11-900fca4a60b69b,,3110000167,component_of_v4_tracking_id_group,WMP.1337,WMP.1199;WMP.1200;WMP.1201;WMP.1337,"Emergency Preparedness, Collaboration and Public Awareness",External Collaboration and Coordination,,OPEX,HFTD,$ Thousands,435.49903,PSPS Vulnerability,NA,2013,NA,WMPMA,Exceeds,P.U. Code § 451,NA,Community engagement,,SDG&E,2023,v3.1,0,SDGE_2023_Q4_Tables1-15.xlsx,Table 11,11,AG11,https://efiling.energysafety.ca.gov/eFiling/Getfile.aspx?fileid=53475&shareable=true
T11R-b5cb93a656bfec1c,T11-97310a8a81f2f1,,3110000160,component_of_v4_tracking_id_group,WMP.1198,WMP.1008;WMP.1009;WMP.1198;WMP.514;WMP.532;WMP.557,"Emergency Preparedness, Collaboration and Public Awareness",Emergency Preparedness and Recovery Plan,,CAPEX,Territory,$ Thousands,0,PSPS Vulnerability,NA,NA,NA,NA,NA,NA,NA,Engagement with access and functional needs populations,,SDG&E,2023,v3.1,0,SDGE_2023_Q4_Tables1-15.xlsx,Table 11,12,AD12,https://efiling.energysafety.ca.gov/eFiling/Getfile.aspx?fileid=53475&shareable=true
T11R-73320008e6e53460,T11-97310a8a81f2f1,,3110000161,component_of_v4_tracking_id_group,WMP.1198,WMP.1008;WMP.1009;WMP.1198;WMP.514;WMP.532;WMP.557,"Emergency Preparedness, Collaboration and Public Awareness",Emergency Preparedness and Recovery Plan,,CAPEX,HFTD,$ Thousands,0,PSPS Vulnerability,NA,NA,NA,NA,NA,NA,NA,Engagement with access and functional needs populations,,SDG&E,2023,v3.1,0,SDGE_2023_Q4_Tables1-15.xlsx,Table 11,12,AE12,https://efiling.energysafety.ca.gov/eFiling/Getfile.aspx?fileid=53475&shareable=true
T11R-f997146ec724f416,T11-97310a8a81f2f1,,3110000162,component_of_v4_tracking_id_group,WMP.1198,WMP.1008;WMP.1009;WMP.1198;WMP.514;WMP.532;WMP.557,"Emergency Preparedness, Collaboration and Public Awareness",Emergency Preparedness and Recovery Plan,,OPEX,Territory,$ Thousands,0,PSPS Vulnerability,NA,NA,NA,NA,NA,NA,NA,Engagement with access and functional needs populations,,SDG&E,2023,v3.1,0,SDGE_2023_Q4_Tables1-15.xlsx,Table 11,12,AF12,https://efiling.energysafety.ca.gov/eFiling/Getfile.aspx?fileid=53475&shareable=true
T11R-91341d56d977e9f5,T11-97310a8a81f2f1,,3110000163,component_of_v4_tracking_id_group,WMP.1198,WMP.1008;WMP.1009;WMP.1198;WMP.514;WMP.532;WMP.557,"Emergency Preparedness, Collaboration and Public Awareness",Emergency Preparedness and Recovery Plan,,OPEX,HFTD,$ Thousands,0,PSPS Vulnerability,NA,NA,NA,NA,NA,NA,NA,Engagement with access and functional needs populations,,SDG&E,2023,v3.1,0,SDGE_2023_Q4_Tables1-15.xlsx,Table 11,12,AG12,https://efiling.energysafety.ca.gov/eFiling/Getfile.aspx?fileid=53475&shareable=true
T11R-9e3a3b0602896d9f,T11-900fca4a60b69b,,3110000164,component_of_v4_tracking_id_group,WMP.1199,WMP.1199;WMP.1200;WMP.1201;WMP.1337,"Emergency Preparedness, Collaboration and Public Awareness",External Collaboration and Coordination,,CAPEX,Territory,$ Thousands,0,PSPS Vulnerability,NA,NA,NA,NA,NA,NA,NA,NA,,SDG&E,2023,v3.1,0,SDGE_2023_Q4_Tables1-15.xlsx,Table 11,13,AD13,https://efiling.energysafety.ca.gov/eFiling/Getfile.aspx?fileid=53475&shareable=true
T11R-6d6ee6c22778b4fb,T11-900fca4a60b69b,,3110000165,component_of_v4_tracking_id_group,WMP.1199,WMP.1199;WMP.1200;WMP.1201;WMP.1337,"Emergency Preparedness, Collaboration and Public Awareness",External Collaboration and Coordination,,CAPEX,HFTD,$ Thousands,0,PSPS Vulnerability,NA,NA,NA,NA,NA,NA,NA,NA,,SDG&E,2023,v3.1,0,SDGE_2023_Q4_Tables1-15.xlsx,Table 11,13,AE13,https://efiling.energysafety.ca.gov/eFiling/Getfile.aspx?fileid=53475&shareable=true
T11R-71c55b97c00458b1,T11-900fca4a60b69b,,3110000166,component_of_v4_tracking_id_group,WMP.1199,WMP.1199;WMP.1200;WMP.1201;WMP.1337,"Emergency Preparedness, Collaboration and Public Awareness",External Collaboration and Coordination,,OPEX,Territory,$ Thousands,0,PSPS Vulnerability,NA,NA,NA,NA,NA,NA,NA,NA,,SDG&E,2023,v3.1,0,SDGE_2023_Q4_Tables1-15.xlsx,Table 11,13,AF13,https://efiling.energysafety.ca.gov/eFiling/Getfile.aspx?fileid=53475&shareable=true
T11R-b6fca195630d7003,T11-900fca4a60b69b,,3110000167,component_of_v4_tracking_id_group,WMP.1199,WMP.1199;WMP.1200;WMP.1201;WMP.1337,"Emergency Preparedness, Collaboration and Public Awareness",External Collaboration and Coordination,,OPEX,HFTD,$ Thousands,0,PSPS Vulnerability,NA,NA,NA,NA,NA,NA,NA,NA,,SDG&E,2023,v3.1,0,SDGE_2023_Q4_Tables1-15.xlsx,Table 11,13,AG13,https://efiling.energysafety.ca.gov/eFiling/Getfile.aspx?fileid=53475&shareable=true
T11R-1f10199eddbc0a6d,T11-900fca4a60b69b,,3110000164,component_of_v4_tracking_id_group,WMP.1200,WMP.1199;WMP.1200;WMP.1201;WMP.1337,"Emergency Preparedness, Collaboration and Public Awareness",External Collaboration and Coordination,,CAPEX,Territory,$ Thousands,0,PSPS Vulnerability,NA,NA,NA,NA,NA,NA,NA,NA,,SDG&E,2023,v3.1,0,SDGE_2023_Q4_Tables1-15.xlsx,Table 11,14,AD14,https://efiling.energysafety.ca.gov/eFiling/Getfile.aspx?fileid=53475&shareable=true
T11R-28fd4435db8529fd,T11-900fca4a60b69b,,3110000165,component_of_v4_tracking_id_group,WMP.1200,WMP.1199;WMP.1200;WMP.1201;WMP.1337,"Emergency Preparedness, Collaboration and Public Awareness",External Collaboration and Coordination,,CAPEX,HFTD,$ Thousands,0,PSPS Vulnerability,NA,NA,NA,NA,NA,NA,NA,NA,,SDG&E,2023,v3.1,0,SDGE_2023_Q4_Tables1-15.xlsx,Table 11,14,AE14,https://efiling.energysafety.ca.gov/eFiling/Getfile.aspx?fileid=53475&shareable=true
T11R-ec8accd2ca871fff,T11-900fca4a60b69b,,3110000166,component_of_v4_tracking_id_group,WMP.1200,WMP.1199;WMP.1200;WMP.1201;WMP.1337,"Emergency Preparedness, Collaboration and Public Awareness",External Collaboration and Coordination,,OPEX,Territory,$ Thousands,0,PSPS Vulnerability,NA,NA,NA,NA,NA,NA,NA,NA,,SDG&E,2023,v3.1,0,SDGE_2023_Q4_Tables1-15.xlsx,Table 11,14,AF14,https://efiling.energysafety.ca.gov/eFiling/Getfile.aspx?fileid=53475&shareable=true
T11R-e473eaff276e36d0,T11-900fca4a60b69b,,3110000167,component_of_v4_tracking_id_group,WMP.1200,WMP.1199;WMP.1200;WMP.1201;WMP.1337,"Emergency Preparedness, Collaboration and Public Awareness",External Collaboration and Coordination,,OPEX,HFTD,$ Thousands,0,PSPS Vulnerability,NA,NA,NA,NA,NA,NA,NA,NA,,SDG&E,2023,v3.1,0,SDGE_2023_Q4_Tables1-15.xlsx,Table 11,14,AG14,https://efiling.energysafety.ca.gov/eFiling/Getfile.aspx?fileid=53475&shareable=true
T11R-7d1e1ebb96fffd5e,T11-97310a8a81f2f1,,3110000160,component_of_v4_tracking_id_group,WMP.1008,WMP.1008;WMP.1009;WMP.1198;WMP.514;WMP.532;WMP.557,"Emergency Preparedness, Collaboration and Public Awareness",Emergency Preparedness and Recovery Plan,,CAPEX,Territory,$ Thousands,16243.28431,PSPS Vulnerability,NA,2013,NA,NA,NA,NA,NA,NA,,SDG&E,2023,v3.1,0,SDGE_2023_Q4_Tables1-15.xlsx,Table 11,15,AD15,https://efiling.energysafety.ca.gov/eFiling/Getfile.aspx?fileid=53475&shareable=true
T11R-8b5d17668a5fefcd,T11-97310a8a81f2f1,,3110000161,component_of_v4_tracking_id_group,WMP.1008,WMP.1008;WMP.1009;WMP.1198;WMP.514;WMP.532;WMP.557,"Emergency Preparedness, Collaboration and Public Awareness",Emergency Preparedness and Recovery Plan,,CAPEX,HFTD,$ Thousands,16243.28431,PSPS Vulnerability,NA,2013,NA,NA,NA,NA,NA,NA,,SDG&E,2023,v3.1,0,SDGE_2023_Q4_Tables1-15.xlsx,Table 11,15,AE15,https://efiling.energysafety.ca.gov/eFiling/Getfile.aspx?fileid=53475&shareable=true
T11R-f50b827cd63f6740,T11-97310a8a81f2f1,,3110000162,component_of_v4_tracking_id_group,WMP.1008,WMP.1008;WMP.1009;WMP.1198;WMP.514;WMP.532;WMP.557,"Emergency Preparedness, Collaboration and Public Awareness",Emergency Preparedness and Recovery Plan,,OPEX,Territory,$ Thousands,19458.86734,PSPS Vulnerability,NA,2013,NA,NA,NA,NA,NA,NA,,SDG&E,2023,v3.1,0,SDGE_2023_Q4_Tables1-15.xlsx,Table 11,15,AF15,https://efiling.energysafety.ca.gov/eFiling/Getfile.aspx?fileid=53475&shareable=true
T11R-a837fcb2ef0b10d2,T11-97310a8a81f2f1,,3110000163,component_of_v4_tracking_id_group,WMP.1008,WMP.1008;WMP.1009;WMP.1198;WMP.514;WMP.532;WMP.557,"Emergency Preparedness, Collaboration and Public Awareness",Emergency Preparedness and Recovery Plan,,OPEX,HFTD,$ Thousands,19458.86734,PSPS Vulnerability,NA,2013,NA,NA,NA,NA,NA,NA,,SDG&E,2023,v3.1,0,SDGE_2023_Q4_Tables1-15.xlsx,Table 11,15,AG15,https://efiling.energysafety.ca.gov/eFiling/Getfile.aspx?fileid=53475&shareable=true
T11R-852053e60a25fda5,T11-900fca4a60b69b,,3110000164,component_of_v4_tracking_id_group,WMP.1201,WMP.1199;WMP.1200;WMP.1201;WMP.1337,"Emergency Preparedness, Collaboration and Public Awareness",External Collaboration and Coordination,,CAPEX,Territory,$ Thousands,0,PSPS Vulnerability,NA,NA,NA,NA,NA,NA,NA,NA,,SDG&E,2023,v3.1,0,SDGE_2023_Q4_Tables1-15.xlsx,Table 11,16,AD16,https://efiling.energysafety.ca.gov/eFiling/Getfile.aspx?fileid=53475&shareable=true
T11R-102a99f147cffc5b,T11-900fca4a60b69b,,3110000165,component_of_v4_tracking_id_group,WMP.1201,WMP.1199;WMP.1200;WMP.1201;WMP.1337,"Emergency Preparedness, Collaboration and Public Awareness",External Collaboration and Coordination,,CAPEX,HFTD,$ Thousands,0,PSPS Vulnerability,NA,NA,NA,NA,NA,NA,NA,NA,,SDG&E,2023,v3.1,0,SDGE_2023_Q4_Tables1-15.xlsx,Table 11,16,AE16,https://efiling.energysafety.ca.gov/eFiling/Getfile.aspx?fileid=53475&shareable=true
T11R-89734f1b0410f0d7,T11-900fca4a60b69b,,3110000166,component_of_v4_tracking_id_group,WMP.1201,WMP.1199;WMP.1200;WMP.1201;WMP.1337,"Emergency Preparedness, Collaboration and Public Awareness",External Collaboration and Coordination,,OPEX,Territory,$ Thousands,0,PSPS Vulnerability,NA,NA,NA,NA,NA,NA,NA,NA,,SDG&E,2023,v3.1,0,SDGE_2023_Q4_Tables1-15.xlsx,Table 11,16,AF16,https://efiling.energysafety.ca.gov/eFiling/Getfile.aspx?fileid=53475&shareable=true
T11R-5fbe6769d39d7151,T11-900fca4a60b69b,,3110000167,component_of_v4_tracking_id_group,WMP.1201,WMP.1199;WMP.1200;WMP.1201;WMP.1337,"Emergency Preparedness, Collaboration and Public Awareness",External Collaboration and Coordination,,OPEX,HFTD,$ Thousands,0,PSPS Vulnerability,NA,NA,NA,NA,NA,NA,NA,NA,,SDG&E,2023,v3.1,0,SDGE_2023_Q4_Tables1-15.xlsx,Table 11,16,AG16,https://efiling.energysafety.ca.gov/eFiling/Getfile.aspx?fileid=53475&shareable=true
T11R-84c32c526982821d,T11-97310a8a81f2f1,,3110000160,component_of_v4_tracking_id_group,WMP.514,WMP.1008;WMP.1009;WMP.1198;WMP.514;WMP.532;WMP.557,"Emergency Preparedness, Collaboration and Public Awareness",Emergency Preparedness and Recovery Plan,,CAPEX,Territory,$ Thousands,0,Equipment failure,Other contact with object,2009,2019 GRC,NA,Exceeds,P.U. Code § 451,NA,Crew-accompanying ignition prevention and suppression resources and services,,SDG&E,2023,v3.1,0,SDGE_2023_Q4_Tables1-15.xlsx,Table 11,17,AD17,https://efiling.energysafety.ca.gov/eFiling/Getfile.aspx?fileid=53475&shareable=true
T11R-f24a3338aec7c631,T11-97310a8a81f2f1,,3110000161,component_of_v4_tracking_id_group,WMP.514,WMP.1008;WMP.1009;WMP.1198;WMP.514;WMP.532;WMP.557,"Emergency Preparedness, Collaboration and Public Awareness",Emergency Preparedness and Recovery Plan,,CAPEX,HFTD,$ Thousands,0,Equipment failure,Other contact with object,2009,2019 GRC,NA,Exceeds,P.U. Code § 451,NA,Crew-accompanying ignition prevention and suppression resources and services,,SDG&E,2023,v3.1,0,SDGE_2023_Q4_Tables1-15.xlsx,Table 11,17,AE17,https://efiling.energysafety.ca.gov/eFiling/Getfile.aspx?fileid=53475&shareable=true
T11R-0906e157599fb891,T11-97310a8a81f2f1,,3110000162,component_of_v4_tracking_id_group,WMP.514,WMP.1008;WMP.1009;WMP.1198;WMP.514;WMP.532;WMP.557,"Emergency Preparedness, Collaboration and Public Awareness",Emergency Preparedness and Recovery Plan,,OPEX,Territory,$ Thousands,4638.87818,Equipment failure,Other contact with object,2009,2019 GRC,NA,Exceeds,P.U. Code § 451,NA,Crew-accompanying ignition prevention and suppression resources and services,,SDG&E,2023,v3.1,0,SDGE_2023_Q4_Tables1-15.xlsx,Table 11,17,AF17,https://efiling.energysafety.ca.gov/eFiling/Getfile.aspx?fileid=53475&shareable=true
T11R-303cfeca0a2a5ccd,T11-97310a8a81f2f1,,3110000163,component_of_v4_tracking_id_group,WMP.514,WMP.1008;WMP.1009;WMP.1198;WMP.514;WMP.532;WMP.557,"Emergency Preparedness, Collaboration and Public Awareness",Emergency Preparedness and Recovery Plan,,OPEX,HFTD,$ Thousands,4638.87818,Equipment failure,Other contact with object,2009,2019 GRC,NA,Exceeds,P.U. Code § 451,NA,Crew-accompanying ignition prevention and suppression resources and services,,SDG&E,2023,v3.1,0,SDGE_2023_Q4_Tables1-15.xlsx,Table 11,17,AG17,https://efiling.energysafety.ca.gov/eFiling/Getfile.aspx?fileid=53475&shareable=true
T11R-43eb28ec7222a852,T11-97310a8a81f2f1,,3110000160,component_of_v4_tracking_id_group,WMP.557,WMP.1008;WMP.1009;WMP.1198;WMP.514;WMP.532;WMP.557,"Emergency Preparedness, Collaboration and Public Awareness",Emergency Preparedness and Recovery Plan,,CAPEX,Territory,$ Thousands,3553.275178,Wildfire Spread,Other contact with object,2008,2019 GRC,NA,Exceeds,P.U. Code § 451,NA,Aviation Firefighting Program,,SDG&E,2023,v3.1,0,SDGE_2023_Q4_Tables1-15.xlsx,Table 11,18,AD18,https://efiling.energysafety.ca.gov/eFiling/Getfile.aspx?fileid=53475&shareable=true
T11R-844d453da177ff3d,T11-97310a8a81f2f1,,3110000161,component_of_v4_tracking_id_group,WMP.557,WMP.1008;WMP.1009;WMP.1198;WMP.514;WMP.532;WMP.557,"Emergency Preparedness, Collaboration and Public Awareness",Emergency Preparedness and Recovery Plan,,CAPEX,HFTD,$ Thousands,3553.275178,Wildfire Spread,Other contact with object,2008,2019 GRC,NA,Exceeds,P.U. Code § 451,NA,Aviation Firefighting Program,,SDG&E,2023,v3.1,0,SDGE_2023_Q4_Tables1-15.xlsx,Table 11,18,AE18,https://efiling.energysafety.ca.gov/eFiling/Getfile.aspx?fileid=53475&shareable=true
T11R-b1fbbe61d0f330b3,T11-97310a8a81f2f1,,3110000162,component_of_v4_tracking_id_group,WMP.557,WMP.1008;WMP.1009;WMP.1198;WMP.514;WMP.532;WMP.557,"Emergency Preparedness, Collaboration and Public Awareness",Emergency Preparedness and Recovery Plan,,OPEX,Territory,$ Thousands,8014.16963,Wildfire Spread,Other contact with object,2008,2019 GRC,NA,Exceeds,P.U. Code § 451,NA,Aviation Firefighting Program,,SDG&E,2023,v3.1,0,SDGE_2023_Q4_Tables1-15.xlsx,Table 11,18,AF18,https://efiling.energysafety.ca.gov/eFiling/Getfile.aspx?fileid=53475&shareable=true
T11R-5f0da69a6bcb4223,T11-97310a8a81f2f1,,3110000163,component_of_v4_tracking_id_group,WMP.557,WMP.1008;WMP.1009;WMP.1198;WMP.514;WMP.532;WMP.557,"Emergency Preparedness, Collaboration and Public Awareness",Emergency Preparedness and Recovery Plan,,OPEX,HFTD,$ Thousands,8014.16963,Wildfire Spread,Other contact with object,2008,2019 GRC,NA,Exceeds,P.U. Code § 451,NA,Aviation Firefighting Program,,SDG&E,2023,v3.1,0,SDGE_2023_Q4_Tables1-15.xlsx,Table 11,18,AG18,https://efiling.energysafety.ca.gov/eFiling/Getfile.aspx?fileid=53475&shareable=true
T11R-8f9c67f8ed11a410,T11-7c843e2300f623,,3110000168,component_of_v4_tracking_id_group,WMP.563,WMP.527;WMP.563,"Emergency Preparedness, Collaboration and Public Awareness","Public Communication, Outreach, and Education Awareness",,CAPEX,Territory,$ Thousands,9650.522136,PSPS Vulnerability,NA,2013,2019 GRC,NA,Exceeds,P.U. Code § 451,NA,NA,,SDG&E,2023,v3.1,0,SDGE_2023_Q4_Tables1-15.xlsx,Table 11,19,AD19,https://efiling.energysafety.ca.gov/eFiling/Getfile.aspx?fileid=53475&shareable=true
T11R-efbe792b822da310,T11-7c843e2300f623,,3110000169,component_of_v4_tracking_id_group,WMP.563,WMP.527;WMP.563,"Emergency Preparedness, Collaboration and Public Awareness","Public Communication, Outreach, and Education Awareness",,CAPEX,HFTD,$ Thousands,9650.522136,PSPS Vulnerability,NA,2013,2019 GRC,NA,Exceeds,P.U. Code § 451,NA,NA,,SDG&E,2023,v3.1,0,SDGE_2023_Q4_Tables1-15.xlsx,Table 11,19,AE19,https://efiling.energysafety.ca.gov/eFiling/Getfile.aspx?fileid=53475&shareable=true
T11R-f8ef92f13e1992d0,T11-7c843e2300f623,,3110000170,component_of_v4_tracking_id_group,WMP.563,WMP.527;WMP.563,"Emergency Preparedness, Collaboration and Public Awareness","Public Communication, Outreach, and Education Awareness",,OPEX,Territory,$ Thousands,4807.19951,PSPS Vulnerability,NA,2013,2019 GRC,NA,Exceeds,P.U. Code § 451,NA,NA,,SDG&E,2023,v3.1,0,SDGE_2023_Q4_Tables1-15.xlsx,Table 11,19,AF19,https://efiling.energysafety.ca.gov/eFiling/Getfile.aspx?fileid=53475&shareable=true
T11R-bb1bf2d791fd9aea,T11-7c843e2300f623,,3110000171,component_of_v4_tracking_id_group,WMP.563,WMP.527;WMP.563,"Emergency Preparedness, Collaboration and Public Awareness","Public Communication, Outreach, and Education Awareness",,OPEX,HFTD,$ Thousands,4807.19951,PSPS Vulnerability,NA,2013,2019 GRC,NA,Exceeds,P.U. Code § 451,NA,NA,,SDG&E,2023,v3.1,0,SDGE_2023_Q4_Tables1-15.xlsx,Table 11,19,AG19,https://efiling.energysafety.ca.gov/eFiling/Getfile.aspx?fileid=53475&shareable=true
T11R-57fd42a896d5fe49,T11-97310a8a81f2f1,,3110000160,component_of_v4_tracking_id_group,WMP.1009,WMP.1008;WMP.1009;WMP.1198;WMP.514;WMP.532;WMP.557,"Emergency Preparedness, Collaboration and Public Awareness",Emergency Preparedness and Recovery Plan,,CAPEX,Territory,$ Thousands,0,PSPS Vulnerability,NA,2013,NA,NA,NA,NA,NA,NA,,SDG&E,2023,v3.1,0,SDGE_2023_Q4_Tables1-15.xlsx,Table 11,20,AD20,https://efiling.energysafety.ca.gov/eFiling/Getfile.aspx?fileid=53475&shareable=true
T11R-c4534b147f8cbbf2,T11-97310a8a81f2f1,,3110000161,component_of_v4_tracking_id_group,WMP.1009,WMP.1008;WMP.1009;WMP.1198;WMP.514;WMP.532;WMP.557,"Emergency Preparedness, Collaboration and Public Awareness",Emergency Preparedness and Recovery Plan,,CAPEX,HFTD,$ Thousands,0,PSPS Vulnerability,NA,2013,NA,NA,NA,NA,NA,NA,,SDG&E,2023,v3.1,0,SDGE_2023_Q4_Tables1-15.xlsx,Table 11,20,AE20,https://efiling.energysafety.ca.gov/eFiling/Getfile.aspx?fileid=53475&shareable=true
T11R-ce1d991d0e80ffdb,T11-97310a8a81f2f1,,3110000162,component_of_v4_tracking_id_group,WMP.1009,WMP.1008;WMP.1009;WMP.1198;WMP.514;WMP.532;WMP.557,"Emergency Preparedness, Collaboration and Public Awareness",Emergency Preparedness and Recovery Plan,,OPEX,Territory,$ Thousands,0,PSPS Vulnerability,NA,2013,NA,NA,NA,NA,NA,NA,,SDG&E,2023,v3.1,0,SDGE_2023_Q4_Tables1-15.xlsx,Table 11,20,AF20,https://efiling.energysafety.ca.gov/eFiling/Getfile.aspx?fileid=53475&shareable=true
T11R-fbc7209f2932c118,T11-97310a8a81f2f1,,3110000163,component_of_v4_tracking_id_group,WMP.1009,WMP.1008;WMP.1009;WMP.1198;WMP.514;WMP.532;WMP.557,"Emergency Preparedness, Collaboration and Public Awareness",Emergency Preparedness and Recovery Plan,,OPEX,HFTD,$ Thousands,0,PSPS Vulnerability,NA,2013,NA,NA,NA,NA,NA,NA,,SDG&E,2023,v3.1,0,SDGE_2023_Q4_Tables1-15.xlsx,Table 11,20,AG20,https://efiling.energysafety.ca.gov/eFiling/Getfile.aspx?fileid=53475&shareable=true
T11R-5ca7ee43d5912bb2,T11-5c1495e84d8e6e,,3110000172,component_of_v4_tracking_id_group,WMP.1007,WMP.1007,"Emergency Preparedness, Collaboration and Public Awareness",Customer Support in Wildfire and PSPS Emergencies,,CAPEX,Territory,$ Thousands,0,PSPS Vulnerability,NA,2013,NA,NA,NA,NA,NA,NA,,SDG&E,2023,v3.1,0,SDGE_2023_Q4_Tables1-15.xlsx,Table 11,21,AD21,https://efiling.energysafety.ca.gov/eFiling/Getfile.aspx?fileid=53475&shareable=true
T11R-5ffab9df090262ab,T11-5c1495e84d8e6e,,3110000173,component_of_v4_tracking_id_group,WMP.1007,WMP.1007,"Emergency Preparedness, Collaboration and Public Awareness",Customer Support in Wildfire and PSPS Emergencies,,CAPEX,HFTD,$ Thousands,0,PSPS Vulnerability,NA,2013,NA,NA,NA,NA,NA,NA,,SDG&E,2023,v3.1,0,SDGE_2023_Q4_Tables1-15.xlsx,Table 11,21,AE21,https://efiling.energysafety.ca.gov/eFiling/Getfile.aspx?fileid=53475&shareable=true
T11R-e7d2a47e6016eef4,T11-5c1495e84d8e6e,,3110000174,component_of_v4_tracking_id_group,WMP.1007,WMP.1007,"Emergency Preparedness, Collaboration and Public Awareness",Customer Support in Wildfire and PSPS Emergencies,,OPEX,Territory,$ Thousands,0,PSPS Vulnerability,NA,2013,NA,NA,NA,NA,NA,NA,,SDG&E,2023,v3.1,0,SDGE_2023_Q4_Tables1-15.xlsx,Table 11,21,AF21,https://efiling.energysafety.ca.gov/eFiling/Getfile.aspx?fileid=53475&shareable=true
T11R-4962457c753f52aa,T11-5c1495e84d8e6e,,3110000175,component_of_v4_tracking_id_group,WMP.1007,WMP.1007,"Emergency Preparedness, Collaboration and Public Awareness",Customer Support in Wildfire and PSPS Emergencies,,OPEX,HFTD,$ Thousands,0,PSPS Vulnerability,NA,2013,NA,NA,NA,NA,NA,NA,,SDG&E,2023,v3.1,0,SDGE_2023_Q4_Tables1-15.xlsx,Table 11,21,AG21,https://efiling.energysafety.ca.gov/eFiling/Getfile.aspx?fileid=53475&shareable=true
T11R-8f43a59b981225c7,T11-9c78b51087af8a,,3110000080,component_of_v4_tracking_id_group,WMP.515,WMP.515,"Grid Design, Operations, and Maintenance",Grid Operations and Procedures,Personnel Work Procedures and Training in Conditions of Elevated Fire Risk,CAPEX,Territory,$ Thousands,0,Equipment failure,Other contact with object,2008,2019 GRC,NA,Exceeds,P.U. Code § 451,NA,NA,,SDG&E,2023,v3.1,0,SDGE_2023_Q4_Tables1-15.xlsx,Table 11,22,AD22,https://efiling.energysafety.ca.gov/eFiling/Getfile.aspx?fileid=53475&shareable=true
T11R-dd2ffbb26978bc82,T11-9c78b51087af8a,,3110000081,component_of_v4_tracking_id_group,WMP.515,WMP.515,"Grid Design, Operations, and Maintenance",Grid Operations and Procedures,Personnel Work Procedures and Training in Conditions of Elevated Fire Risk,CAPEX,HFTD,$ Thousands,0,Equipment failure,Other contact with object,2008,2019 GRC,NA,Exceeds,P.U. Code § 451,NA,NA,,SDG&E,2023,v3.1,0,SDGE_2023_Q4_Tables1-15.xlsx,Table 11,22,AE22,https://efiling.energysafety.ca.gov/eFiling/Getfile.aspx?fileid=53475&shareable=true
T11R-e3aa81ac955bef3d,T11-9c78b51087af8a,,3110000082,component_of_v4_tracking_id_group,WMP.515,WMP.515,"Grid Design, Operations, and Maintenance",Grid Operations and Procedures,Personnel Work Procedures and Training in Conditions of Elevated Fire Risk,OPEX,Territory,$ Thousands,0,Equipment failure,Other contact with object,2008,2019 GRC,NA,Exceeds,P.U. Code § 451,NA,NA,,SDG&E,2023,v3.1,0,SDGE_2023_Q4_Tables1-15.xlsx,Table 11,22,AF22,https://efiling.energysafety.ca.gov/eFiling/Getfile.aspx?fileid=53475&shareable=true
T11R-811434efa5af273b,T11-9c78b51087af8a,,3110000083,component_of_v4_tracking_id_group,WMP.515,WMP.515,"Grid Design, Operations, and Maintenance",Grid Operations and Procedures,Personnel Work Procedures and Training in Conditions of Elevated Fire Risk,OPEX,HFTD,$ Thousands,0,Equipment failure,Other contact with object,2008,2019 GRC,NA,Exceeds,P.U. Code § 451,NA,NA,,SDG&E,2023,v3.1,0,SDGE_2023_Q4_Tables1-15.xlsx,Table 11,22,AG22,https://efiling.energysafety.ca.gov/eFiling/Getfile.aspx?fileid=53475&shareable=true
T11R-32d71761b99763aa,T11-172505285c90ce,,3110000008,component_of_v4_tracking_id_group,WMP.455,WMP.455,"Grid Design, Operations, and Maintenance",Grid Design and System Hardening,Covered conductor installation,CAPEX,Territory,$ Thousands,81552.91636,Other contact with object,Equipment failure,2020,NA,WMPMA,Exceeds,G.O. 95,NA,Covered conductor installation,,SDG&E,2023,v3.1,0,SDGE_2023_Q4_Tables1-15.xlsx,Table 11,23,AD23,https://efiling.energysafety.ca.gov/eFiling/Getfile.aspx?fileid=53475&shareable=true
T11R-c0079e9d1f975d13,T11-172505285c90ce,,3110000009,component_of_v4_tracking_id_group,WMP.455,WMP.455,"Grid Design, Operations, and Maintenance",Grid Design and System Hardening,Covered conductor installation,CAPEX,HFTD,$ Thousands,81552.91636,Other contact with object,Equipment failure,2020,NA,WMPMA,Exceeds,G.O. 95,NA,Covered conductor installation,,SDG&E,2023,v3.1,0,SDGE_2023_Q4_Tables1-15.xlsx,Table 11,23,AE23,https://efiling.energysafety.ca.gov/eFiling/Getfile.aspx?fileid=53475&shareable=true
T11R-440e8ba045b98726,T11-172505285c90ce,,3110000010,component_of_v4_tracking_id_group,WMP.455,WMP.455,"Grid Design, Operations, and Maintenance",Grid Design and System Hardening,Covered conductor installation,OPEX,Territory,$ Thousands,3319.06602,Other contact with object,Equipment failure,2020,NA,WMPMA,Exceeds,G.O. 95,NA,Covered conductor installation,,SDG&E,2023,v3.1,0,SDGE_2023_Q4_Tables1-15.xlsx,Table 11,23,AF23,https://efiling.energysafety.ca.gov/eFiling/Getfile.aspx?fileid=53475&shareable=true
T11R-c7d447f9370404ce,T11-172505285c90ce,,3110000011,component_of_v4_tracking_id_group,WMP.455,WMP.455,"Grid Design, Operations, and Maintenance",Grid Design and System Hardening,Covered conductor installation,OPEX,HFTD,$ Thousands,3319.06602,Other contact with object,Equipment failure,2020,NA,WMPMA,Exceeds,G.O. 95,NA,Covered conductor installation,,SDG&E,2023,v3.1,0,SDGE_2023_Q4_Tables1-15.xlsx,Table 11,23,AG23,https://efiling.energysafety.ca.gov/eFiling/Getfile.aspx?fileid=53475&shareable=true
T11R-900aea02ec0e9966,T11-fdb22a97647512,,3110000044,component_of_v4_tracking_id_group,WMP.453,WMP.1189;WMP.453;WMP.972,"Grid Design, Operations, and Maintenance",Grid Design and System Hardening,Other grid topology improvements to minimize risk of ignitions,CAPEX,Territory,$ Thousands,1557.104142,Equipment failure,NA,2016,2019 GRC,NA,Exceeds,G.O. 95,NA,Capacitor Maintenance and replacement program (SCADA),,SDG&E,2023,v3.1,0,SDGE_2023_Q4_Tables1-15.xlsx,Table 11,24,AD24,https://efiling.energysafety.ca.gov/eFiling/Getfile.aspx?fileid=53475&shareable=true
T11R-f7462847f3dacf95,T11-fdb22a97647512,,3110000045,component_of_v4_tracking_id_group,WMP.453,WMP.1189;WMP.453;WMP.972,"Grid Design, Operations, and Maintenance",Grid Design and System Hardening,Other grid topology improvements to minimize risk of ignitions,CAPEX,HFTD,$ Thousands,207.6138857,Equipment failure,NA,2016,2019 GRC,NA,Exceeds,G.O. 95,NA,Capacitor Maintenance and replacement program (SCADA),,SDG&E,2023,v3.1,0,SDGE_2023_Q4_Tables1-15.xlsx,Table 11,24,AE24,https://efiling.energysafety.ca.gov/eFiling/Getfile.aspx?fileid=53475&shareable=true
T11R-027865d10fb697b5,T11-fdb22a97647512,,3110000046,component_of_v4_tracking_id_group,WMP.453,WMP.1189;WMP.453;WMP.972,"Grid Design, Operations, and Maintenance",Grid Design and System Hardening,Other grid topology improvements to minimize risk of ignitions,OPEX,Territory,$ Thousands,0,Equipment failure,NA,2016,2019 GRC,NA,Exceeds,G.O. 95,NA,Capacitor Maintenance and replacement program (SCADA),,SDG&E,2023,v3.1,0,SDGE_2023_Q4_Tables1-15.xlsx,Table 11,24,AF24,https://efiling.energysafety.ca.gov/eFiling/Getfile.aspx?fileid=53475&shareable=true
T11R-a6852f3797220bbb,T11-fdb22a97647512,,3110000047,component_of_v4_tracking_id_group,WMP.453,WMP.1189;WMP.453;WMP.972,"Grid Design, Operations, and Maintenance",Grid Design and System Hardening,Other grid topology improvements to minimize risk of ignitions,OPEX,HFTD,$ Thousands,0,Equipment failure,NA,2016,2019 GRC,NA,Exceeds,G.O. 95,NA,Capacitor Maintenance and replacement program (SCADA),,SDG&E,2023,v3.1,0,SDGE_2023_Q4_Tables1-15.xlsx,Table 11,24,AG24,https://efiling.energysafety.ca.gov/eFiling/Getfile.aspx?fileid=53475&shareable=true
T11R-1b4a1c026bc91dde,T11-d508993f870491,,3110000060,component_of_v4_tracking_id_group,WMP.459,WMP.459;WMP.464;WMP.550,"Grid Design, Operations, and Maintenance",Equipment Maintenance and Repair,,CAPEX,Territory,$ Thousands,49.86601,Equipment failure,NA,2019,NA,WMPMA,Exceeds,G.O. 95,NA,Expulsion fuse replacement,,SDG&E,2023,v3.1,0,SDGE_2023_Q4_Tables1-15.xlsx,Table 11,25,AD25,https://efiling.energysafety.ca.gov/eFiling/Getfile.aspx?fileid=53475&shareable=true
T11R-077a1d1af00d82fe,T11-d508993f870491,,3110000061,component_of_v4_tracking_id_group,WMP.459,WMP.459;WMP.464;WMP.550,"Grid Design, Operations, and Maintenance",Equipment Maintenance and Repair,,CAPEX,HFTD,$ Thousands,49.86601,Equipment failure,NA,2019,NA,WMPMA,Exceeds,G.O. 95,NA,Expulsion fuse replacement,,SDG&E,2023,v3.1,0,SDGE_2023_Q4_Tables1-15.xlsx,Table 11,25,AE25,https://efiling.energysafety.ca.gov/eFiling/Getfile.aspx?fileid=53475&shareable=true
T11R-49a8bb560dec2668,T11-d508993f870491,,3110000062,component_of_v4_tracking_id_group,WMP.459,WMP.459;WMP.464;WMP.550,"Grid Design, Operations, and Maintenance",Equipment Maintenance and Repair,,OPEX,Territory,$ Thousands,0,Equipment failure,NA,2019,NA,WMPMA,Exceeds,G.O. 95,NA,Expulsion fuse replacement,,SDG&E,2023,v3.1,0,SDGE_2023_Q4_Tables1-15.xlsx,Table 11,25,AF25,https://efiling.energysafety.ca.gov/eFiling/Getfile.aspx?fileid=53475&shareable=true
T11R-97a0bcffa22c006c,T11-d508993f870491,,3110000063,component_of_v4_tracking_id_group,WMP.459,WMP.459;WMP.464;WMP.550,"Grid Design, Operations, and Maintenance",Equipment Maintenance and Repair,,OPEX,HFTD,$ Thousands,0,Equipment failure,NA,2019,NA,WMPMA,Exceeds,G.O. 95,NA,Expulsion fuse replacement,,SDG&E,2023,v3.1,0,SDGE_2023_Q4_Tables1-15.xlsx,Table 11,25,AG25,https://efiling.energysafety.ca.gov/eFiling/Getfile.aspx?fileid=53475&shareable=true
T11R-c80346ed6ef1d12a,T11-d508993f870491,,3110000060,component_of_v4_tracking_id_group,WMP.464,WMP.459;WMP.464;WMP.550,"Grid Design, Operations, and Maintenance",Equipment Maintenance and Repair,,CAPEX,Territory,$ Thousands,0,"PSPS - for sectionalization, etc.",NA,2019,NA,WMPMA,Exceeds,G.O. 95,NA,"Maintenance, repair, and replacement of connectors, including hotline clamps",,SDG&E,2023,v3.1,0,SDGE_2023_Q4_Tables1-15.xlsx,Table 11,26,AD26,https://efiling.energysafety.ca.gov/eFiling/Getfile.aspx?fileid=53475&shareable=true
T11R-bd23c9922a0ef1a1,T11-d508993f870491,,3110000061,component_of_v4_tracking_id_group,WMP.464,WMP.459;WMP.464;WMP.550,"Grid Design, Operations, and Maintenance",Equipment Maintenance and Repair,,CAPEX,HFTD,$ Thousands,0,"PSPS - for sectionalization, etc.",NA,2019,NA,WMPMA,Exceeds,G.O. 95,NA,"Maintenance, repair, and replacement of connectors, including hotline clamps",,SDG&E,2023,v3.1,0,SDGE_2023_Q4_Tables1-15.xlsx,Table 11,26,AE26,https://efiling.energysafety.ca.gov/eFiling/Getfile.aspx?fileid=53475&shareable=true
T11R-1b17efd57fede6a3,T11-d508993f870491,,3110000062,component_of_v4_tracking_id_group,WMP.464,WMP.459;WMP.464;WMP.550,"Grid Design, Operations, and Maintenance",Equipment Maintenance and Repair,,OPEX,Territory,$ Thousands,1642.14314,"PSPS - for sectionalization, etc.",NA,2019,NA,WMPMA,Exceeds,G.O. 95,NA,"Maintenance, repair, and replacement of connectors, including hotline clamps",,SDG&E,2023,v3.1,0,SDGE_2023_Q4_Tables1-15.xlsx,Table 11,26,AF26,https://efiling.energysafety.ca.gov/eFiling/Getfile.aspx?fileid=53475&shareable=true
T11R-ef644c001cf6c19e,T11-d508993f870491,,3110000063,component_of_v4_tracking_id_group,WMP.464,WMP.459;WMP.464;WMP.550,"Grid Design, Operations, and Maintenance",Equipment Maintenance and Repair,,OPEX,HFTD,$ Thousands,1248.028786,"PSPS - for sectionalization, etc.",NA,2019,NA,WMPMA,Exceeds,G.O. 95,NA,"Maintenance, repair, and replacement of connectors, including hotline clamps",,SDG&E,2023,v3.1,0,SDGE_2023_Q4_Tables1-15.xlsx,Table 11,26,AG26,https://efiling.energysafety.ca.gov/eFiling/Getfile.aspx?fileid=53475&shareable=true
T11R-5299a279d8987902,T11-d508993f870491,,3110000060,component_of_v4_tracking_id_group,WMP.550,WMP.459;WMP.464;WMP.550,"Grid Design, Operations, and Maintenance",Equipment Maintenance and Repair,,CAPEX,Territory,$ Thousands,3431.56058,Equipment failure,NA,2020,NA,WMPMA,Exceeds,G.O. 95,NA,Lightning arrester removal and replacement,,SDG&E,2023,v3.1,0,SDGE_2023_Q4_Tables1-15.xlsx,Table 11,27,AD27,https://efiling.energysafety.ca.gov/eFiling/Getfile.aspx?fileid=53475&shareable=true
T11R-83926cdcc8f2d020,T11-d508993f870491,,3110000061,component_of_v4_tracking_id_group,WMP.550,WMP.459;WMP.464;WMP.550,"Grid Design, Operations, and Maintenance",Equipment Maintenance and Repair,,CAPEX,HFTD,$ Thousands,3223.587212,Equipment failure,NA,2020,NA,WMPMA,Exceeds,G.O. 95,NA,Lightning arrester removal and replacement,,SDG&E,2023,v3.1,0,SDGE_2023_Q4_Tables1-15.xlsx,Table 11,27,AE27,https://efiling.energysafety.ca.gov/eFiling/Getfile.aspx?fileid=53475&shareable=true
T11R-e18909e1acf92acf,T11-d508993f870491,,3110000062,component_of_v4_tracking_id_group,WMP.550,WMP.459;WMP.464;WMP.550,"Grid Design, Operations, and Maintenance",Equipment Maintenance and Repair,,OPEX,Territory,$ Thousands,0,Equipment failure,NA,2020,NA,WMPMA,Exceeds,G.O. 95,NA,Lightning arrester removal and replacement,,SDG&E,2023,v3.1,0,SDGE_2023_Q4_Tables1-15.xlsx,Table 11,27,AF27,https://efiling.energysafety.ca.gov/eFiling/Getfile.aspx?fileid=53475&shareable=true
T11R-a72dc1b00c2c221f,T11-d508993f870491,,3110000063,component_of_v4_tracking_id_group,WMP.550,WMP.459;WMP.464;WMP.550,"Grid Design, Operations, and Maintenance",Equipment Maintenance and Repair,,OPEX,HFTD,$ Thousands,0,Equipment failure,NA,2020,NA,WMPMA,Exceeds,G.O. 95,NA,Lightning arrester removal and replacement,,SDG&E,2023,v3.1,0,SDGE_2023_Q4_Tables1-15.xlsx,Table 11,27,AG27,https://efiling.energysafety.ca.gov/eFiling/Getfile.aspx?fileid=53475&shareable=true
T11R-6afa6dd42caa6778,T11-fdb22a97647512,,3110000044,component_of_v4_tracking_id_group,WMP.972,WMP.1189;WMP.453;WMP.972,"Grid Design, Operations, and Maintenance",Grid Design and System Hardening,Other grid topology improvements to minimize risk of ignitions,CAPEX,Territory,$ Thousands,1434.55862,Other contact with object,NA,2022,NA,WMPMA,NA,NA,NA,Avian Protection,,SDG&E,2023,v3.1,0,SDGE_2023_Q4_Tables1-15.xlsx,Table 11,28,AD28,https://efiling.energysafety.ca.gov/eFiling/Getfile.aspx?fileid=53475&shareable=true
T11R-8e2968bbd1ab5b9c,T11-fdb22a97647512,,3110000045,component_of_v4_tracking_id_group,WMP.972,WMP.1189;WMP.453;WMP.972,"Grid Design, Operations, and Maintenance",Grid Design and System Hardening,Other grid topology improvements to minimize risk of ignitions,CAPEX,HFTD,$ Thousands,1147.646896,Other contact with object,NA,2022,NA,WMPMA,NA,NA,NA,Avian Protection,,SDG&E,2023,v3.1,0,SDGE_2023_Q4_Tables1-15.xlsx,Table 11,28,AE28,https://efiling.energysafety.ca.gov/eFiling/Getfile.aspx?fileid=53475&shareable=true
T11R-b4453c6cad5efd8d,T11-fdb22a97647512,,3110000046,component_of_v4_tracking_id_group,WMP.972,WMP.1189;WMP.453;WMP.972,"Grid Design, Operations, and Maintenance",Grid Design and System Hardening,Other grid topology improvements to minimize risk of ignitions,OPEX,Territory,$ Thousands,8.74347,Other contact with object,NA,2022,NA,WMPMA,NA,NA,NA,Avian Protection,,SDG&E,2023,v3.1,0,SDGE_2023_Q4_Tables1-15.xlsx,Table 11,28,AF28,https://efiling.energysafety.ca.gov/eFiling/Getfile.aspx?fileid=53475&shareable=true
T11R-ac84b0ef632491dd,T11-fdb22a97647512,,3110000047,component_of_v4_tracking_id_group,WMP.972,WMP.1189;WMP.453;WMP.972,"Grid Design, Operations, and Maintenance",Grid Design and System Hardening,Other grid topology improvements to minimize risk of ignitions,OPEX,HFTD,$ Thousands,6.994776,Other contact with object,NA,2022,NA,WMPMA,NA,NA,NA,Avian Protection,,SDG&E,2023,v3.1,0,SDGE_2023_Q4_Tables1-15.xlsx,Table 11,28,AG28,https://efiling.energysafety.ca.gov/eFiling/Getfile.aspx?fileid=53475&shareable=true
T11R-b1fa15c22b48e23e,T11-fdb22a97647512,,3110000044,component_of_v4_tracking_id_group,WMP.1189,WMP.1189;WMP.453;WMP.972,"Grid Design, Operations, and Maintenance",Grid Design and System Hardening,Other grid topology improvements to minimize risk of ignitions,CAPEX,Territory,$ Thousands,67.26804,Equipment failure,NA,2021,NA,NA,NA,NA,NA,Strategic Pole Replacement Program,,SDG&E,2023,v3.1,0,SDGE_2023_Q4_Tables1-15.xlsx,Table 11,29,AD29,https://efiling.energysafety.ca.gov/eFiling/Getfile.aspx?fileid=53475&shareable=true
T11R-d275ea7ec58259ff,T11-fdb22a97647512,,3110000045,component_of_v4_tracking_id_group,WMP.1189,WMP.1189;WMP.453;WMP.972,"Grid Design, Operations, and Maintenance",Grid Design and System Hardening,Other grid topology improvements to minimize risk of ignitions,CAPEX,HFTD,$ Thousands,56.0567,Equipment failure,NA,2021,NA,NA,NA,NA,NA,Strategic Pole Replacement Program,,SDG&E,2023,v3.1,0,SDGE_2023_Q4_Tables1-15.xlsx,Table 11,29,AE29,https://efiling.energysafety.ca.gov/eFiling/Getfile.aspx?fileid=53475&shareable=true
T11R-418c4a35b682191c,T11-fdb22a97647512,,3110000046,component_of_v4_tracking_id_group,WMP.1189,WMP.1189;WMP.453;WMP.972,"Grid Design, Operations, and Maintenance",Grid Design and System Hardening,Other grid topology improvements to minimize risk of ignitions,OPEX,Territory,$ Thousands,0.29896,Equipment failure,NA,2021,NA,NA,NA,NA,NA,Strategic Pole Replacement Program,,SDG&E,2023,v3.1,0,SDGE_2023_Q4_Tables1-15.xlsx,Table 11,29,AF29,https://efiling.energysafety.ca.gov/eFiling/Getfile.aspx?fileid=53475&shareable=true
T11R-780505167fe763d6,T11-fdb22a97647512,,3110000047,component_of_v4_tracking_id_group,WMP.1189,WMP.1189;WMP.453;WMP.972,"Grid Design, Operations, and Maintenance",Grid Design and System Hardening,Other grid topology improvements to minimize risk of ignitions,OPEX,HFTD,$ Thousands,0.249133333,Equipment failure,NA,2021,NA,NA,NA,NA,NA,Strategic Pole Replacement Program,,SDG&E,2023,v3.1,0,SDGE_2023_Q4_Tables1-15.xlsx,Table 11,29,AG29,https://efiling.energysafety.ca.gov/eFiling/Getfile.aspx?fileid=53475&shareable=true
T11R-f020da757051e2c9,T11-3ff86e60889b85,,3110000076,component_of_v4_tracking_id_group,WMP.449,WMP.1205;WMP.449,"Grid Design, Operations, and Maintenance",Grid Operations and Procedures,Grid Response Procedures and Notifications,CAPEX,Territory,$ Thousands,9.575976416,"PSPS - for sectionalization, etc.",NA,2011,2019 GRC,NA,Exceeds,P.U. Code § 451,NA,Wireless Fault Indicators,,SDG&E,2023,v3.1,0,SDGE_2023_Q4_Tables1-15.xlsx,Table 11,30,AD30,https://efiling.energysafety.ca.gov/eFiling/Getfile.aspx?fileid=53475&shareable=true
T11R-eff19eb5d619629e,T11-3ff86e60889b85,,3110000077,component_of_v4_tracking_id_group,WMP.449,WMP.1205;WMP.449,"Grid Design, Operations, and Maintenance",Grid Operations and Procedures,Grid Response Procedures and Notifications,CAPEX,HFTD,$ Thousands,3.590991156,"PSPS - for sectionalization, etc.",NA,2011,2019 GRC,NA,Exceeds,P.U. Code § 451,NA,Wireless Fault Indicators,,SDG&E,2023,v3.1,0,SDGE_2023_Q4_Tables1-15.xlsx,Table 11,30,AE30,https://efiling.energysafety.ca.gov/eFiling/Getfile.aspx?fileid=53475&shareable=true
T11R-f673cfa8005c102b,T11-3ff86e60889b85,,3110000078,component_of_v4_tracking_id_group,WMP.449,WMP.1205;WMP.449,"Grid Design, Operations, and Maintenance",Grid Operations and Procedures,Grid Response Procedures and Notifications,OPEX,Territory,$ Thousands,0,"PSPS - for sectionalization, etc.",NA,2011,2019 GRC,NA,Exceeds,P.U. Code § 451,NA,Wireless Fault Indicators,,SDG&E,2023,v3.1,0,SDGE_2023_Q4_Tables1-15.xlsx,Table 11,30,AF30,https://efiling.energysafety.ca.gov/eFiling/Getfile.aspx?fileid=53475&shareable=true
T11R-cb2cb0f9858e52e9,T11-3ff86e60889b85,,3110000079,component_of_v4_tracking_id_group,WMP.449,WMP.1205;WMP.449,"Grid Design, Operations, and Maintenance",Grid Operations and Procedures,Grid Response Procedures and Notifications,OPEX,HFTD,$ Thousands,0,"PSPS - for sectionalization, etc.",NA,2011,2019 GRC,NA,Exceeds,P.U. Code § 451,NA,Wireless Fault Indicators,,SDG&E,2023,v3.1,0,SDGE_2023_Q4_Tables1-15.xlsx,Table 11,30,AG30,https://efiling.energysafety.ca.gov/eFiling/Getfile.aspx?fileid=53475&shareable=true
T11R-99f8c0c2c913a501,T11-98d6856c9a073e,,3110000048,component_of_v4_tracking_id_group,WMP.461,WMP.461,"Grid Design, Operations, and Maintenance",Grid Design and System Hardening,Other grid topology improvements to mitigate or reduce PSPS events,CAPEX,Territory,$ Thousands,2035.140909,"PSPS - for sectionalization, etc.",NA,2019,NA,WMPMA,Exceeds,G.O. 95,NA,PSPS Sectionalizing Enhancements,,SDG&E,2023,v3.1,0,SDGE_2023_Q4_Tables1-15.xlsx,Table 11,31,AD31,https://efiling.energysafety.ca.gov/eFiling/Getfile.aspx?fileid=53475&shareable=true
T11R-89082a2a065e71cc,T11-98d6856c9a073e,,3110000049,component_of_v4_tracking_id_group,WMP.461,WMP.461,"Grid Design, Operations, and Maintenance",Grid Design and System Hardening,Other grid topology improvements to mitigate or reduce PSPS events,CAPEX,HFTD,$ Thousands,2035.140909,"PSPS - for sectionalization, etc.",NA,2019,NA,WMPMA,Exceeds,G.O. 95,NA,PSPS Sectionalizing Enhancements,,SDG&E,2023,v3.1,0,SDGE_2023_Q4_Tables1-15.xlsx,Table 11,31,AE31,https://efiling.energysafety.ca.gov/eFiling/Getfile.aspx?fileid=53475&shareable=true
T11R-ee2ebf3b5538b577,T11-98d6856c9a073e,,3110000050,component_of_v4_tracking_id_group,WMP.461,WMP.461,"Grid Design, Operations, and Maintenance",Grid Design and System Hardening,Other grid topology improvements to mitigate or reduce PSPS events,OPEX,Territory,$ Thousands,0,"PSPS - for sectionalization, etc.",NA,2019,NA,WMPMA,Exceeds,G.O. 95,NA,PSPS Sectionalizing Enhancements,,SDG&E,2023,v3.1,0,SDGE_2023_Q4_Tables1-15.xlsx,Table 11,31,AF31,https://efiling.energysafety.ca.gov/eFiling/Getfile.aspx?fileid=53475&shareable=true
T11R-48d916af5b7014cf,T11-98d6856c9a073e,,3110000051,component_of_v4_tracking_id_group,WMP.461,WMP.461,"Grid Design, Operations, and Maintenance",Grid Design and System Hardening,Other grid topology improvements to mitigate or reduce PSPS events,OPEX,HFTD,$ Thousands,0,"PSPS - for sectionalization, etc.",NA,2019,NA,WMPMA,Exceeds,G.O. 95,NA,PSPS Sectionalizing Enhancements,,SDG&E,2023,v3.1,0,SDGE_2023_Q4_Tables1-15.xlsx,Table 11,31,AG31,https://efiling.energysafety.ca.gov/eFiling/Getfile.aspx?fileid=53475&shareable=true
T11R-6797e8abbf581ab6,T11-a0f528d167ee38,,3110000052,component_of_v4_tracking_id_group,WMP.468,WMP.466;WMP.467;WMP.468;WMP.558,"Grid Design, Operations, and Maintenance",Grid Design and System Hardening,Other technologies and systems not listed above,CAPEX,Territory,$ Thousands,0,"PSPS - for sectionalization, etc.",NA,2020,NA,WMPMA,Exceeds,P.U. Code § 451,NA,Standby Power Programs,,SDG&E,2023,v3.1,0,SDGE_2023_Q4_Tables1-15.xlsx,Table 11,32,AD32,https://efiling.energysafety.ca.gov/eFiling/Getfile.aspx?fileid=53475&shareable=true
T11R-733f25c7bfa6ed3c,T11-a0f528d167ee38,,3110000053,component_of_v4_tracking_id_group,WMP.468,WMP.466;WMP.467;WMP.468;WMP.558,"Grid Design, Operations, and Maintenance",Grid Design and System Hardening,Other technologies and systems not listed above,CAPEX,HFTD,$ Thousands,0,"PSPS - for sectionalization, etc.",NA,2020,NA,WMPMA,Exceeds,P.U. Code § 451,NA,Standby Power Programs,,SDG&E,2023,v3.1,0,SDGE_2023_Q4_Tables1-15.xlsx,Table 11,32,AE32,https://efiling.energysafety.ca.gov/eFiling/Getfile.aspx?fileid=53475&shareable=true
T11R-085a7cdf5d77f8d0,T11-a0f528d167ee38,,3110000054,component_of_v4_tracking_id_group,WMP.468,WMP.466;WMP.467;WMP.468;WMP.558,"Grid Design, Operations, and Maintenance",Grid Design and System Hardening,Other technologies and systems not listed above,OPEX,Territory,$ Thousands,12679.96519,"PSPS - for sectionalization, etc.",NA,2020,NA,WMPMA,Exceeds,P.U. Code § 451,NA,Standby Power Programs,,SDG&E,2023,v3.1,0,SDGE_2023_Q4_Tables1-15.xlsx,Table 11,32,AF32,https://efiling.energysafety.ca.gov/eFiling/Getfile.aspx?fileid=53475&shareable=true
T11R-208ec5df206e2707,T11-a0f528d167ee38,,3110000055,component_of_v4_tracking_id_group,WMP.468,WMP.466;WMP.467;WMP.468;WMP.558,"Grid Design, Operations, and Maintenance",Grid Design and System Hardening,Other technologies and systems not listed above,OPEX,HFTD,$ Thousands,12679.96519,"PSPS - for sectionalization, etc.",NA,2020,NA,WMPMA,Exceeds,P.U. Code § 451,NA,Standby Power Programs,,SDG&E,2023,v3.1,0,SDGE_2023_Q4_Tables1-15.xlsx,Table 11,32,AG32,https://efiling.energysafety.ca.gov/eFiling/Getfile.aspx?fileid=53475&shareable=true
T11R-1b3db3bd27207d77,T11-a0f528d167ee38,,3110000052,component_of_v4_tracking_id_group,WMP.466,WMP.466;WMP.467;WMP.468;WMP.558,"Grid Design, Operations, and Maintenance",Grid Design and System Hardening,Other technologies and systems not listed above,CAPEX,Territory,$ Thousands,0,"PSPS - for sectionalization, etc.",NA,2020,NA,WMPMA,Exceeds,P.U. Code § 451,NA,Generator Grant Program,,SDG&E,2023,v3.1,0,SDGE_2023_Q4_Tables1-15.xlsx,Table 11,33,AD33,https://efiling.energysafety.ca.gov/eFiling/Getfile.aspx?fileid=53475&shareable=true
T11R-222f08bfe52e5658,T11-a0f528d167ee38,,3110000053,component_of_v4_tracking_id_group,WMP.466,WMP.466;WMP.467;WMP.468;WMP.558,"Grid Design, Operations, and Maintenance",Grid Design and System Hardening,Other technologies and systems not listed above,CAPEX,HFTD,$ Thousands,0,"PSPS - for sectionalization, etc.",NA,2020,NA,WMPMA,Exceeds,P.U. Code § 451,NA,Generator Grant Program,,SDG&E,2023,v3.1,0,SDGE_2023_Q4_Tables1-15.xlsx,Table 11,33,AE33,https://efiling.energysafety.ca.gov/eFiling/Getfile.aspx?fileid=53475&shareable=true
T11R-9b9fcf1f46f1efb5,T11-a0f528d167ee38,,3110000054,component_of_v4_tracking_id_group,WMP.466,WMP.466;WMP.467;WMP.468;WMP.558,"Grid Design, Operations, and Maintenance",Grid Design and System Hardening,Other technologies and systems not listed above,OPEX,Territory,$ Thousands,5407.13653,"PSPS - for sectionalization, etc.",NA,2020,NA,WMPMA,Exceeds,P.U. Code § 451,NA,Generator Grant Program,,SDG&E,2023,v3.1,0,SDGE_2023_Q4_Tables1-15.xlsx,Table 11,33,AF33,https://efiling.energysafety.ca.gov/eFiling/Getfile.aspx?fileid=53475&shareable=true
T11R-374fc1f6f6bd91c2,T11-a0f528d167ee38,,3110000055,component_of_v4_tracking_id_group,WMP.466,WMP.466;WMP.467;WMP.468;WMP.558,"Grid Design, Operations, and Maintenance",Grid Design and System Hardening,Other technologies and systems not listed above,OPEX,HFTD,$ Thousands,5407.13653,"PSPS - for sectionalization, etc.",NA,2020,NA,WMPMA,Exceeds,P.U. Code § 451,NA,Generator Grant Program,,SDG&E,2023,v3.1,0,SDGE_2023_Q4_Tables1-15.xlsx,Table 11,33,AG33,https://efiling.energysafety.ca.gov/eFiling/Getfile.aspx?fileid=53475&shareable=true
T11R-271c529df0ec151c,T11-a0f528d167ee38,,3110000052,component_of_v4_tracking_id_group,WMP.467,WMP.466;WMP.467;WMP.468;WMP.558,"Grid Design, Operations, and Maintenance",Grid Design and System Hardening,Other technologies and systems not listed above,CAPEX,Territory,$ Thousands,0,"PSPS - for sectionalization, etc.",NA,2020,NA,WMPMA,Exceeds,P.U. Code § 451,NA,Generator Assistance Program,,SDG&E,2023,v3.1,0,SDGE_2023_Q4_Tables1-15.xlsx,Table 11,34,AD34,https://efiling.energysafety.ca.gov/eFiling/Getfile.aspx?fileid=53475&shareable=true
T11R-2529fb7e6e3f6f13,T11-a0f528d167ee38,,3110000053,component_of_v4_tracking_id_group,WMP.467,WMP.466;WMP.467;WMP.468;WMP.558,"Grid Design, Operations, and Maintenance",Grid Design and System Hardening,Other technologies and systems not listed above,CAPEX,HFTD,$ Thousands,0,"PSPS - for sectionalization, etc.",NA,2020,NA,WMPMA,Exceeds,P.U. Code § 451,NA,Generator Assistance Program,,SDG&E,2023,v3.1,0,SDGE_2023_Q4_Tables1-15.xlsx,Table 11,34,AE34,https://efiling.energysafety.ca.gov/eFiling/Getfile.aspx?fileid=53475&shareable=true
T11R-3aebad6b439aa143,T11-a0f528d167ee38,,3110000054,component_of_v4_tracking_id_group,WMP.467,WMP.466;WMP.467;WMP.468;WMP.558,"Grid Design, Operations, and Maintenance",Grid Design and System Hardening,Other technologies and systems not listed above,OPEX,Territory,$ Thousands,547.08271,"PSPS - for sectionalization, etc.",NA,2020,NA,WMPMA,Exceeds,P.U. Code § 451,NA,Generator Assistance Program,,SDG&E,2023,v3.1,0,SDGE_2023_Q4_Tables1-15.xlsx,Table 11,34,AF34,https://efiling.energysafety.ca.gov/eFiling/Getfile.aspx?fileid=53475&shareable=true
T11R-94143161ba0b5e64,T11-a0f528d167ee38,,3110000055,component_of_v4_tracking_id_group,WMP.467,WMP.466;WMP.467;WMP.468;WMP.558,"Grid Design, Operations, and Maintenance",Grid Design and System Hardening,Other technologies and systems not listed above,OPEX,HFTD,$ Thousands,547.08271,"PSPS - for sectionalization, etc.",NA,2020,NA,WMPMA,Exceeds,P.U. Code § 451,NA,Generator Assistance Program,,SDG&E,2023,v3.1,0,SDGE_2023_Q4_Tables1-15.xlsx,Table 11,34,AG34,https://efiling.energysafety.ca.gov/eFiling/Getfile.aspx?fileid=53475&shareable=true
T11R-b081f910d2833075,T11-8c24c165cf2963,,3110000012,component_of_v4_tracking_id_group,WMP.473,WMP.473,"Grid Design, Operations, and Maintenance",Grid Design and System Hardening,Undergrounding of electric lines and/or equipment,CAPEX,Territory,$ Thousands,174778.4583,Other contact with object,Equipment failure,2019,NA,WMPMA,Exceeds,G.O. 95,NA,Strategic Underground,,SDG&E,2023,v3.1,0,SDGE_2023_Q4_Tables1-15.xlsx,Table 11,35,AD35,https://efiling.energysafety.ca.gov/eFiling/Getfile.aspx?fileid=53475&shareable=true
T11R-1719a85de5681fc4,T11-8c24c165cf2963,,3110000013,component_of_v4_tracking_id_group,WMP.473,WMP.473,"Grid Design, Operations, and Maintenance",Grid Design and System Hardening,Undergrounding of electric lines and/or equipment,CAPEX,HFTD,$ Thousands,174778.4583,Other contact with object,Equipment failure,2019,NA,WMPMA,Exceeds,G.O. 95,NA,Strategic Underground,,SDG&E,2023,v3.1,0,SDGE_2023_Q4_Tables1-15.xlsx,Table 11,35,AE35,https://efiling.energysafety.ca.gov/eFiling/Getfile.aspx?fileid=53475&shareable=true
T11R-b19097035a2439a5,T11-8c24c165cf2963,,3110000014,component_of_v4_tracking_id_group,WMP.473,WMP.473,"Grid Design, Operations, and Maintenance",Grid Design and System Hardening,Undergrounding of electric lines and/or equipment,OPEX,Territory,$ Thousands,428.602,Other contact with object,Equipment failure,2019,NA,WMPMA,Exceeds,G.O. 95,NA,Strategic Underground,,SDG&E,2023,v3.1,0,SDGE_2023_Q4_Tables1-15.xlsx,Table 11,35,AF35,https://efiling.energysafety.ca.gov/eFiling/Getfile.aspx?fileid=53475&shareable=true
T11R-ad36763b0dbbc4bc,T11-8c24c165cf2963,,3110000015,component_of_v4_tracking_id_group,WMP.473,WMP.473,"Grid Design, Operations, and Maintenance",Grid Design and System Hardening,Undergrounding of electric lines and/or equipment,OPEX,HFTD,$ Thousands,428.602,Other contact with object,Equipment failure,2019,NA,WMPMA,Exceeds,G.O. 95,NA,Strategic Underground,,SDG&E,2023,v3.1,0,SDGE_2023_Q4_Tables1-15.xlsx,Table 11,35,AG35,https://efiling.energysafety.ca.gov/eFiling/Getfile.aspx?fileid=53475&shareable=true
T11R-7a5fd9465dc20e7e,T11-faface135e2c53,,3110000016,component_of_v4_tracking_id_group,WMP.458,WMP.458,"Grid Design, Operations, and Maintenance",Grid Design and System Hardening,Distribution pole replacements and reinforcements,CAPEX,Territory,$ Thousands,0,Equipment failure,NA,NA,NA,NA,NA,NA,NA,NA,,SDG&E,2023,v3.1,0,SDGE_2023_Q4_Tables1-15.xlsx,Table 11,36,AD36,https://efiling.energysafety.ca.gov/eFiling/Getfile.aspx?fileid=53475&shareable=true
T11R-83cc90a1c9663e9f,T11-faface135e2c53,,3110000017,component_of_v4_tracking_id_group,WMP.458,WMP.458,"Grid Design, Operations, and Maintenance",Grid Design and System Hardening,Distribution pole replacements and reinforcements,CAPEX,HFTD,$ Thousands,0,Equipment failure,NA,NA,NA,NA,NA,NA,NA,NA,,SDG&E,2023,v3.1,0,SDGE_2023_Q4_Tables1-15.xlsx,Table 11,36,AE36,https://efiling.energysafety.ca.gov/eFiling/Getfile.aspx?fileid=53475&shareable=true
T11R-3f4787089836d178,T11-faface135e2c53,,3110000018,component_of_v4_tracking_id_group,WMP.458,WMP.458,"Grid Design, Operations, and Maintenance",Grid Design and System Hardening,Distribution pole replacements and reinforcements,OPEX,Territory,$ Thousands,0,Equipment failure,NA,NA,NA,NA,NA,NA,NA,NA,,SDG&E,2023,v3.1,0,SDGE_2023_Q4_Tables1-15.xlsx,Table 11,36,AF36,https://efiling.energysafety.ca.gov/eFiling/Getfile.aspx?fileid=53475&shareable=true
T11R-83507f55743b92d3,T11-faface135e2c53,,3110000019,component_of_v4_tracking_id_group,WMP.458,WMP.458,"Grid Design, Operations, and Maintenance",Grid Design and System Hardening,Distribution pole replacements and reinforcements,OPEX,HFTD,$ Thousands,0,Equipment failure,NA,NA,NA,NA,NA,NA,NA,NA,,SDG&E,2023,v3.1,0,SDGE_2023_Q4_Tables1-15.xlsx,Table 11,36,AG36,https://efiling.energysafety.ca.gov/eFiling/Getfile.aspx?fileid=53475&shareable=true
T11R-94999fe31e9a1084,T11-1038b7650a835b,,3110000020,component_of_v4_tracking_id_group,WMP.472,WMP.472,"Grid Design, Operations, and Maintenance",Grid Design and System Hardening,Transmission pole/tower replacements and reinforcements,CAPEX,Territory,$ Thousands,0,Equipment failure,NA,NA,NA,NA,NA,NA,NA,NA,,SDG&E,2023,v3.1,0,SDGE_2023_Q4_Tables1-15.xlsx,Table 11,37,AD37,https://efiling.energysafety.ca.gov/eFiling/Getfile.aspx?fileid=53475&shareable=true
T11R-cbe351e44a6bcd1a,T11-1038b7650a835b,,3110000021,component_of_v4_tracking_id_group,WMP.472,WMP.472,"Grid Design, Operations, and Maintenance",Grid Design and System Hardening,Transmission pole/tower replacements and reinforcements,CAPEX,HFTD,$ Thousands,0,Equipment failure,NA,NA,NA,NA,NA,NA,NA,NA,,SDG&E,2023,v3.1,0,SDGE_2023_Q4_Tables1-15.xlsx,Table 11,37,AE37,https://efiling.energysafety.ca.gov/eFiling/Getfile.aspx?fileid=53475&shareable=true
T11R-e53807397ba358e3,T11-1038b7650a835b,,3110000022,component_of_v4_tracking_id_group,WMP.472,WMP.472,"Grid Design, Operations, and Maintenance",Grid Design and System Hardening,Transmission pole/tower replacements and reinforcements,OPEX,Territory,$ Thousands,0,Equipment failure,NA,NA,NA,NA,NA,NA,NA,NA,,SDG&E,2023,v3.1,0,SDGE_2023_Q4_Tables1-15.xlsx,Table 11,37,AF37,https://efiling.energysafety.ca.gov/eFiling/Getfile.aspx?fileid=53475&shareable=true
T11R-13489d5c77765742,T11-1038b7650a835b,,3110000023,component_of_v4_tracking_id_group,WMP.472,WMP.472,"Grid Design, Operations, and Maintenance",Grid Design and System Hardening,Transmission pole/tower replacements and reinforcements,OPEX,HFTD,$ Thousands,0,Equipment failure,NA,NA,NA,NA,NA,NA,NA,NA,,SDG&E,2023,v3.1,0,SDGE_2023_Q4_Tables1-15.xlsx,Table 11,37,AG37,https://efiling.energysafety.ca.gov/eFiling/Getfile.aspx?fileid=53475&shareable=true
T11R-184733d53150147e,T11-592d9fbc719dd1,,3110000024,component_of_v4_tracking_id_group,WMP.475,WMP.1016;WMP.1017;WMP.475;WMP.543;WMP.545,"Grid Design, Operations, and Maintenance",Grid Design and System Hardening,Traditional overhead hardening,CAPEX,Territory,$ Thousands,6068.61492,Equipment failure,Other contact with object,2009,2019 GRC,NA,Exceeds,G.O. 95,NA,Distribution OH System Hardening,,SDG&E,2023,v3.1,0,SDGE_2023_Q4_Tables1-15.xlsx,Table 11,38,AD38,https://efiling.energysafety.ca.gov/eFiling/Getfile.aspx?fileid=53475&shareable=true
T11R-e1f17a252d80950b,T11-592d9fbc719dd1,,3110000025,component_of_v4_tracking_id_group,WMP.475,WMP.1016;WMP.1017;WMP.475;WMP.543;WMP.545,"Grid Design, Operations, and Maintenance",Grid Design and System Hardening,Traditional overhead hardening,CAPEX,HFTD,$ Thousands,6068.61492,Equipment failure,Other contact with object,2009,2019 GRC,NA,Exceeds,G.O. 95,NA,Distribution OH System Hardening,,SDG&E,2023,v3.1,0,SDGE_2023_Q4_Tables1-15.xlsx,Table 11,38,AE38,https://efiling.energysafety.ca.gov/eFiling/Getfile.aspx?fileid=53475&shareable=true
T11R-a16005d6f7f47a28,T11-592d9fbc719dd1,,3110000026,component_of_v4_tracking_id_group,WMP.475,WMP.1016;WMP.1017;WMP.475;WMP.543;WMP.545,"Grid Design, Operations, and Maintenance",Grid Design and System Hardening,Traditional overhead hardening,OPEX,Territory,$ Thousands,1168.02333,Equipment failure,Other contact with object,2009,2019 GRC,NA,Exceeds,G.O. 95,NA,Distribution OH System Hardening,,SDG&E,2023,v3.1,0,SDGE_2023_Q4_Tables1-15.xlsx,Table 11,38,AF38,https://efiling.energysafety.ca.gov/eFiling/Getfile.aspx?fileid=53475&shareable=true
T11R-b94c6491467be28a,T11-592d9fbc719dd1,,3110000027,component_of_v4_tracking_id_group,WMP.475,WMP.1016;WMP.1017;WMP.475;WMP.543;WMP.545,"Grid Design, Operations, and Maintenance",Grid Design and System Hardening,Traditional overhead hardening,OPEX,HFTD,$ Thousands,1168.02333,Equipment failure,Other contact with object,2009,2019 GRC,NA,Exceeds,G.O. 95,NA,Distribution OH System Hardening,,SDG&E,2023,v3.1,0,SDGE_2023_Q4_Tables1-15.xlsx,Table 11,38,AG38,https://efiling.energysafety.ca.gov/eFiling/Getfile.aspx?fileid=53475&shareable=true
T11R-d687ee22ae006f1e,T11-592d9fbc719dd1,,3110000024,component_of_v4_tracking_id_group,WMP.543,WMP.1016;WMP.1017;WMP.475;WMP.543;WMP.545,"Grid Design, Operations, and Maintenance",Grid Design and System Hardening,Traditional overhead hardening,CAPEX,Territory,$ Thousands,0,Equipment failure,Other contact with object,2009,NA,NA,Exceeds,G.O. 95,NA,Transmission OH Hardening,,SDG&E,2023,v3.1,0,SDGE_2023_Q4_Tables1-15.xlsx,Table 11,39,AD39,https://efiling.energysafety.ca.gov/eFiling/Getfile.aspx?fileid=53475&shareable=true
T11R-aaba0003feb7d3c9,T11-592d9fbc719dd1,,3110000025,component_of_v4_tracking_id_group,WMP.543,WMP.1016;WMP.1017;WMP.475;WMP.543;WMP.545,"Grid Design, Operations, and Maintenance",Grid Design and System Hardening,Traditional overhead hardening,CAPEX,HFTD,$ Thousands,0,Equipment failure,Other contact with object,2009,NA,NA,Exceeds,G.O. 95,NA,Transmission OH Hardening,,SDG&E,2023,v3.1,0,SDGE_2023_Q4_Tables1-15.xlsx,Table 11,39,AE39,https://efiling.energysafety.ca.gov/eFiling/Getfile.aspx?fileid=53475&shareable=true
T11R-bb1ed4e055ebd7a6,T11-592d9fbc719dd1,,3110000026,component_of_v4_tracking_id_group,WMP.543,WMP.1016;WMP.1017;WMP.475;WMP.543;WMP.545,"Grid Design, Operations, and Maintenance",Grid Design and System Hardening,Traditional overhead hardening,OPEX,Territory,$ Thousands,0,Equipment failure,Other contact with object,2009,NA,NA,Exceeds,G.O. 95,NA,Transmission OH Hardening,,SDG&E,2023,v3.1,0,SDGE_2023_Q4_Tables1-15.xlsx,Table 11,39,AF39,https://efiling.energysafety.ca.gov/eFiling/Getfile.aspx?fileid=53475&shareable=true
T11R-546f6080f1c9ccea,T11-592d9fbc719dd1,,3110000027,component_of_v4_tracking_id_group,WMP.543,WMP.1016;WMP.1017;WMP.475;WMP.543;WMP.545,"Grid Design, Operations, and Maintenance",Grid Design and System Hardening,Traditional overhead hardening,OPEX,HFTD,$ Thousands,0,Equipment failure,Other contact with object,2009,NA,NA,Exceeds,G.O. 95,NA,Transmission OH Hardening,,SDG&E,2023,v3.1,0,SDGE_2023_Q4_Tables1-15.xlsx,Table 11,39,AG39,https://efiling.energysafety.ca.gov/eFiling/Getfile.aspx?fileid=53475&shareable=true
T11R-99ea9d6790bc43fc,T11-592d9fbc719dd1,,3110000024,component_of_v4_tracking_id_group,WMP.545,WMP.1016;WMP.1017;WMP.475;WMP.543;WMP.545,"Grid Design, Operations, and Maintenance",Grid Design and System Hardening,Traditional overhead hardening,CAPEX,Territory,$ Thousands,14326.17884,Equipment failure,Other contact with object,2009,2019 GRC,NA,Exceeds,G.O. 95,NA,Transmission OH Hardening - Distribution Underbuild,,SDG&E,2023,v3.1,0,SDGE_2023_Q4_Tables1-15.xlsx,Table 11,40,AD40,https://efiling.energysafety.ca.gov/eFiling/Getfile.aspx?fileid=53475&shareable=true
T11R-495e8e145d73a4b1,T11-592d9fbc719dd1,,3110000025,component_of_v4_tracking_id_group,WMP.545,WMP.1016;WMP.1017;WMP.475;WMP.543;WMP.545,"Grid Design, Operations, and Maintenance",Grid Design and System Hardening,Traditional overhead hardening,CAPEX,HFTD,$ Thousands,14326.17884,Equipment failure,Other contact with object,2009,2019 GRC,NA,Exceeds,G.O. 95,NA,Transmission OH Hardening - Distribution Underbuild,,SDG&E,2023,v3.1,0,SDGE_2023_Q4_Tables1-15.xlsx,Table 11,40,AE40,https://efiling.energysafety.ca.gov/eFiling/Getfile.aspx?fileid=53475&shareable=true
T11R-e10915763a583884,T11-592d9fbc719dd1,,3110000026,component_of_v4_tracking_id_group,WMP.545,WMP.1016;WMP.1017;WMP.475;WMP.543;WMP.545,"Grid Design, Operations, and Maintenance",Grid Design and System Hardening,Traditional overhead hardening,OPEX,Territory,$ Thousands,0.38446,Equipment failure,Other contact with object,2009,2019 GRC,NA,Exceeds,G.O. 95,NA,Transmission OH Hardening - Distribution Underbuild,,SDG&E,2023,v3.1,0,SDGE_2023_Q4_Tables1-15.xlsx,Table 11,40,AF40,https://efiling.energysafety.ca.gov/eFiling/Getfile.aspx?fileid=53475&shareable=true
T11R-fc3c96f6bf5b7358,T11-592d9fbc719dd1,,3110000027,component_of_v4_tracking_id_group,WMP.545,WMP.1016;WMP.1017;WMP.475;WMP.543;WMP.545,"Grid Design, Operations, and Maintenance",Grid Design and System Hardening,Traditional overhead hardening,OPEX,HFTD,$ Thousands,0.38446,Equipment failure,Other contact with object,2009,2019 GRC,NA,Exceeds,G.O. 95,NA,Transmission OH Hardening - Distribution Underbuild,,SDG&E,2023,v3.1,0,SDGE_2023_Q4_Tables1-15.xlsx,Table 11,40,AG40,https://efiling.energysafety.ca.gov/eFiling/Getfile.aspx?fileid=53475&shareable=true
T11R-db3cb3803aa1aa97,T11-c76bdf0f064121,,3110000032,component_of_v4_tracking_id_group,WMP.462,WMP.462,"Grid Design, Operations, and Maintenance",Grid Design and System Hardening,Microgrids,CAPEX,Territory,$ Thousands,3197.26767,"PSPS - for sectionalization, etc.",NA,2019,NA,WMPMA,Exceeds,P.U. Code § 451,NA,NA,,SDG&E,2023,v3.1,0,SDGE_2023_Q4_Tables1-15.xlsx,Table 11,41,AD41,https://efiling.energysafety.ca.gov/eFiling/Getfile.aspx?fileid=53475&shareable=true
T11R-8c58b221fa3ed22a,T11-c76bdf0f064121,,3110000033,component_of_v4_tracking_id_group,WMP.462,WMP.462,"Grid Design, Operations, and Maintenance",Grid Design and System Hardening,Microgrids,CAPEX,HFTD,$ Thousands,1065.75589,"PSPS - for sectionalization, etc.",NA,2019,NA,WMPMA,Exceeds,P.U. Code § 451,NA,NA,,SDG&E,2023,v3.1,0,SDGE_2023_Q4_Tables1-15.xlsx,Table 11,41,AE41,https://efiling.energysafety.ca.gov/eFiling/Getfile.aspx?fileid=53475&shareable=true
T11R-0f63c631488aea38,T11-c76bdf0f064121,,3110000034,component_of_v4_tracking_id_group,WMP.462,WMP.462,"Grid Design, Operations, and Maintenance",Grid Design and System Hardening,Microgrids,OPEX,Territory,$ Thousands,1104.78574,"PSPS - for sectionalization, etc.",NA,2019,NA,WMPMA,Exceeds,P.U. Code § 451,NA,NA,,SDG&E,2023,v3.1,0,SDGE_2023_Q4_Tables1-15.xlsx,Table 11,41,AF41,https://efiling.energysafety.ca.gov/eFiling/Getfile.aspx?fileid=53475&shareable=true
T11R-8f45b71b8e86da59,T11-c76bdf0f064121,,3110000035,component_of_v4_tracking_id_group,WMP.462,WMP.462,"Grid Design, Operations, and Maintenance",Grid Design and System Hardening,Microgrids,OPEX,HFTD,$ Thousands,368.2619133,"PSPS - for sectionalization, etc.",NA,2019,NA,WMPMA,Exceeds,P.U. Code § 451,NA,NA,,SDG&E,2023,v3.1,0,SDGE_2023_Q4_Tables1-15.xlsx,Table 11,41,AG41,https://efiling.energysafety.ca.gov/eFiling/Getfile.aspx?fileid=53475&shareable=true
T11R-f681feb939498ee6,T11-24ae7b7643ba60,,3110000036,component_of_v4_tracking_id_group,WMP.463,WMP.463;WMP.549,"Grid Design, Operations, and Maintenance",Grid Design and System Hardening,Installation of system automation equipment,CAPEX,Territory,$ Thousands,16297.89986,"PSPS - for sectionalization, etc.",NA,2011,NA,WMPMA,Exceeds,P.U. Code § 451,NA,Advanced Protection,,SDG&E,2023,v3.1,0,SDGE_2023_Q4_Tables1-15.xlsx,Table 11,42,AD42,https://efiling.energysafety.ca.gov/eFiling/Getfile.aspx?fileid=53475&shareable=true
T11R-2cb28bbdad93df26,T11-24ae7b7643ba60,,3110000037,component_of_v4_tracking_id_group,WMP.463,WMP.463;WMP.549,"Grid Design, Operations, and Maintenance",Grid Design and System Hardening,Installation of system automation equipment,CAPEX,HFTD,$ Thousands,16297.89986,"PSPS - for sectionalization, etc.",NA,2011,NA,WMPMA,Exceeds,P.U. Code § 451,NA,Advanced Protection,,SDG&E,2023,v3.1,0,SDGE_2023_Q4_Tables1-15.xlsx,Table 11,42,AE42,https://efiling.energysafety.ca.gov/eFiling/Getfile.aspx?fileid=53475&shareable=true
T11R-3c7384b2fdd0f8f3,T11-24ae7b7643ba60,,3110000038,component_of_v4_tracking_id_group,WMP.463,WMP.463;WMP.549,"Grid Design, Operations, and Maintenance",Grid Design and System Hardening,Installation of system automation equipment,OPEX,Territory,$ Thousands,193.90603,"PSPS - for sectionalization, etc.",NA,2011,NA,WMPMA,Exceeds,P.U. Code § 451,NA,Advanced Protection,,SDG&E,2023,v3.1,0,SDGE_2023_Q4_Tables1-15.xlsx,Table 11,42,AF42,https://efiling.energysafety.ca.gov/eFiling/Getfile.aspx?fileid=53475&shareable=true
T11R-89020184d9fe0e1b,T11-24ae7b7643ba60,,3110000039,component_of_v4_tracking_id_group,WMP.463,WMP.463;WMP.549,"Grid Design, Operations, and Maintenance",Grid Design and System Hardening,Installation of system automation equipment,OPEX,HFTD,$ Thousands,193.90603,"PSPS - for sectionalization, etc.",NA,2011,NA,WMPMA,Exceeds,P.U. Code § 451,NA,Advanced Protection,,SDG&E,2023,v3.1,0,SDGE_2023_Q4_Tables1-15.xlsx,Table 11,42,AG42,https://efiling.energysafety.ca.gov/eFiling/Getfile.aspx?fileid=53475&shareable=true
T11R-9a96b99ee178db11,T11-b349e41c9d65f5,,3110000144,component_of_v4_tracking_id_group,WMP.1195,WMP.1195,Situational Awareness and Forecasting,Grid Monitoring Systems,,CAPEX,Territory,$ Thousands,6060.70738,Wildfire Exposure,NA,2023,NA,NA,NA,NA,NA,Early Fault Detection,,SDG&E,2023,v3.1,0,SDGE_2023_Q4_Tables1-15.xlsx,Table 11,43,AD43,https://efiling.energysafety.ca.gov/eFiling/Getfile.aspx?fileid=53475&shareable=true
T11R-3a91d58603bad5b8,T11-b349e41c9d65f5,,3110000145,component_of_v4_tracking_id_group,WMP.1195,WMP.1195,Situational Awareness and Forecasting,Grid Monitoring Systems,,CAPEX,HFTD,$ Thousands,6060.70738,Wildfire Exposure,NA,2023,NA,NA,NA,NA,NA,Early Fault Detection,,SDG&E,2023,v3.1,0,SDGE_2023_Q4_Tables1-15.xlsx,Table 11,43,AE43,https://efiling.energysafety.ca.gov/eFiling/Getfile.aspx?fileid=53475&shareable=true
T11R-efc59559417c1177,T11-b349e41c9d65f5,,3110000146,component_of_v4_tracking_id_group,WMP.1195,WMP.1195,Situational Awareness and Forecasting,Grid Monitoring Systems,,OPEX,Territory,$ Thousands,3.591,Wildfire Exposure,NA,2023,NA,NA,NA,NA,NA,Early Fault Detection,,SDG&E,2023,v3.1,0,SDGE_2023_Q4_Tables1-15.xlsx,Table 11,43,AF43,https://efiling.energysafety.ca.gov/eFiling/Getfile.aspx?fileid=53475&shareable=true
T11R-b7ac315a6f7d64ed,T11-b349e41c9d65f5,,3110000147,component_of_v4_tracking_id_group,WMP.1195,WMP.1195,Situational Awareness and Forecasting,Grid Monitoring Systems,,OPEX,HFTD,$ Thousands,3.591,Wildfire Exposure,NA,2023,NA,NA,NA,NA,NA,Early Fault Detection,,SDG&E,2023,v3.1,0,SDGE_2023_Q4_Tables1-15.xlsx,Table 11,43,AG43,https://efiling.energysafety.ca.gov/eFiling/Getfile.aspx?fileid=53475&shareable=true
T11R-57262fa0cdb16743,T11-24ae7b7643ba60,,3110000036,component_of_v4_tracking_id_group,WMP.549,WMP.463;WMP.549,"Grid Design, Operations, and Maintenance",Grid Design and System Hardening,Installation of system automation equipment,CAPEX,Territory,$ Thousands,75714.4907,Wildfire Exposure Potential,PSPS exposure potential,2010,2019 GRC,NA,NA,P.U. Code § 451,NA,Distribution Communications Reliability Improvements,,SDG&E,2023,v3.1,0,SDGE_2023_Q4_Tables1-15.xlsx,Table 11,44,AD44,https://efiling.energysafety.ca.gov/eFiling/Getfile.aspx?fileid=53475&shareable=true
T11R-b5c40489ee0ca03f,T11-24ae7b7643ba60,,3110000037,component_of_v4_tracking_id_group,WMP.549,WMP.463;WMP.549,"Grid Design, Operations, and Maintenance",Grid Design and System Hardening,Installation of system automation equipment,CAPEX,HFTD,$ Thousands,60069.73263,Wildfire Exposure Potential,PSPS exposure potential,2010,2019 GRC,NA,NA,P.U. Code § 451,NA,Distribution Communications Reliability Improvements,,SDG&E,2023,v3.1,0,SDGE_2023_Q4_Tables1-15.xlsx,Table 11,44,AE44,https://efiling.energysafety.ca.gov/eFiling/Getfile.aspx?fileid=53475&shareable=true
T11R-31107cbc9a35a2a5,T11-24ae7b7643ba60,,3110000038,component_of_v4_tracking_id_group,WMP.549,WMP.463;WMP.549,"Grid Design, Operations, and Maintenance",Grid Design and System Hardening,Installation of system automation equipment,OPEX,Territory,$ Thousands,910.01548,Wildfire Exposure Potential,PSPS exposure potential,2010,2019 GRC,NA,NA,P.U. Code § 451,NA,Distribution Communications Reliability Improvements,,SDG&E,2023,v3.1,0,SDGE_2023_Q4_Tables1-15.xlsx,Table 11,44,AF44,https://efiling.energysafety.ca.gov/eFiling/Getfile.aspx?fileid=53475&shareable=true
T11R-a19ed924f975212f,T11-24ae7b7643ba60,,3110000039,component_of_v4_tracking_id_group,WMP.549,WMP.463;WMP.549,"Grid Design, Operations, and Maintenance",Grid Design and System Hardening,Installation of system automation equipment,OPEX,HFTD,$ Thousands,598.0101726,Wildfire Exposure Potential,PSPS exposure potential,2010,2019 GRC,NA,NA,P.U. Code § 451,NA,Distribution Communications Reliability Improvements,,SDG&E,2023,v3.1,0,SDGE_2023_Q4_Tables1-15.xlsx,Table 11,44,AG44,https://efiling.energysafety.ca.gov/eFiling/Getfile.aspx?fileid=53475&shareable=true
T11R-b0c6270d712449ba,T11-ce4e8bff50e93c,,3110000040,component_of_v4_tracking_id_group,WMP.1202,WMP.1202,"Grid Design, Operations, and Maintenance",Grid Design and System Hardening,Line removals (in HFTD),CAPEX,Territory,$ Thousands,0,NA,NA,NA,NA,NA,NA,NA,NA,NA,,SDG&E,2023,v3.1,0,SDGE_2023_Q4_Tables1-15.xlsx,Table 11,45,AD45,https://efiling.energysafety.ca.gov/eFiling/Getfile.aspx?fileid=53475&shareable=true
T11R-46aa06d355140b3f,T11-ce4e8bff50e93c,,3110000041,component_of_v4_tracking_id_group,WMP.1202,WMP.1202,"Grid Design, Operations, and Maintenance",Grid Design and System Hardening,Line removals (in HFTD),CAPEX,HFTD,$ Thousands,0,NA,NA,NA,NA,NA,NA,NA,NA,NA,,SDG&E,2023,v3.1,0,SDGE_2023_Q4_Tables1-15.xlsx,Table 11,45,AE45,https://efiling.energysafety.ca.gov/eFiling/Getfile.aspx?fileid=53475&shareable=true
T11R-6881407cdab49f6c,T11-ce4e8bff50e93c,,3110000042,component_of_v4_tracking_id_group,WMP.1202,WMP.1202,"Grid Design, Operations, and Maintenance",Grid Design and System Hardening,Line removals (in HFTD),OPEX,Territory,$ Thousands,0,NA,NA,NA,NA,NA,NA,NA,NA,NA,,SDG&E,2023,v3.1,0,SDGE_2023_Q4_Tables1-15.xlsx,Table 11,45,AF45,https://efiling.energysafety.ca.gov/eFiling/Getfile.aspx?fileid=53475&shareable=true
T11R-e3a3a8077bb61a7a,T11-ce4e8bff50e93c,,3110000043,component_of_v4_tracking_id_group,WMP.1202,WMP.1202,"Grid Design, Operations, and Maintenance",Grid Design and System Hardening,Line removals (in HFTD),OPEX,HFTD,$ Thousands,0,NA,NA,NA,NA,NA,NA,NA,NA,NA,,SDG&E,2023,v3.1,0,SDGE_2023_Q4_Tables1-15.xlsx,Table 11,45,AG45,https://efiling.energysafety.ca.gov/eFiling/Getfile.aspx?fileid=53475&shareable=true
T11R-c26085b9eb6ece14,T11-592d9fbc719dd1,,3110000024,component_of_v4_tracking_id_group,WMP.1016,WMP.1016;WMP.1017;WMP.475;WMP.543;WMP.545,"Grid Design, Operations, and Maintenance",Grid Design and System Hardening,Traditional overhead hardening,CAPEX,Territory,$ Thousands,620.3237308,Other contact with object,Equipment failure,2009,2019 GRC,NA,Exceeds,G.O. 95,NA,CNF(Distribution Underground),,SDG&E,2023,v3.1,0,SDGE_2023_Q4_Tables1-15.xlsx,Table 11,46,AD46,https://efiling.energysafety.ca.gov/eFiling/Getfile.aspx?fileid=53475&shareable=true
T11R-3d8a2b6861f55ded,T11-592d9fbc719dd1,,3110000025,component_of_v4_tracking_id_group,WMP.1016,WMP.1016;WMP.1017;WMP.475;WMP.543;WMP.545,"Grid Design, Operations, and Maintenance",Grid Design and System Hardening,Traditional overhead hardening,CAPEX,HFTD,$ Thousands,620.3237308,Other contact with object,Equipment failure,2009,2019 GRC,NA,Exceeds,G.O. 95,NA,CNF(Distribution Underground),,SDG&E,2023,v3.1,0,SDGE_2023_Q4_Tables1-15.xlsx,Table 11,46,AE46,https://efiling.energysafety.ca.gov/eFiling/Getfile.aspx?fileid=53475&shareable=true
T11R-cf18ea71a0652900,T11-592d9fbc719dd1,,3110000026,component_of_v4_tracking_id_group,WMP.1016,WMP.1016;WMP.1017;WMP.475;WMP.543;WMP.545,"Grid Design, Operations, and Maintenance",Grid Design and System Hardening,Traditional overhead hardening,OPEX,Territory,$ Thousands,671.59837,Other contact with object,Equipment failure,2009,2019 GRC,NA,Exceeds,G.O. 95,NA,CNF(Distribution Underground),,SDG&E,2023,v3.1,0,SDGE_2023_Q4_Tables1-15.xlsx,Table 11,46,AF46,https://efiling.energysafety.ca.gov/eFiling/Getfile.aspx?fileid=53475&shareable=true
T11R-c031c3eb1c831edf,T11-592d9fbc719dd1,,3110000027,component_of_v4_tracking_id_group,WMP.1016,WMP.1016;WMP.1017;WMP.475;WMP.543;WMP.545,"Grid Design, Operations, and Maintenance",Grid Design and System Hardening,Traditional overhead hardening,OPEX,HFTD,$ Thousands,671.59837,Other contact with object,Equipment failure,2009,2019 GRC,NA,Exceeds,G.O. 95,NA,CNF(Distribution Underground),,SDG&E,2023,v3.1,0,SDGE_2023_Q4_Tables1-15.xlsx,Table 11,46,AG46,https://efiling.energysafety.ca.gov/eFiling/Getfile.aspx?fileid=53475&shareable=true
T11R-b3868093c04595d4,T11-592d9fbc719dd1,,3110000024,component_of_v4_tracking_id_group,WMP.1017,WMP.1016;WMP.1017;WMP.475;WMP.543;WMP.545,"Grid Design, Operations, and Maintenance",Grid Design and System Hardening,Traditional overhead hardening,CAPEX,Territory,$ Thousands,755.8828639,Equipment failure,Other contact with object,2009,2019 GRC,NA,Exceeds,G.O. 95,NA,CNF(Distribution Overhead),,SDG&E,2023,v3.1,0,SDGE_2023_Q4_Tables1-15.xlsx,Table 11,47,AD47,https://efiling.energysafety.ca.gov/eFiling/Getfile.aspx?fileid=53475&shareable=true
T11R-5afb07db2ccc5b8b,T11-592d9fbc719dd1,,3110000025,component_of_v4_tracking_id_group,WMP.1017,WMP.1016;WMP.1017;WMP.475;WMP.543;WMP.545,"Grid Design, Operations, and Maintenance",Grid Design and System Hardening,Traditional overhead hardening,CAPEX,HFTD,$ Thousands,755.8828639,Equipment failure,Other contact with object,2009,2019 GRC,NA,Exceeds,G.O. 95,NA,CNF(Distribution Overhead),,SDG&E,2023,v3.1,0,SDGE_2023_Q4_Tables1-15.xlsx,Table 11,47,AE47,https://efiling.energysafety.ca.gov/eFiling/Getfile.aspx?fileid=53475&shareable=true
T11R-4a5f81699d46058d,T11-592d9fbc719dd1,,3110000026,component_of_v4_tracking_id_group,WMP.1017,WMP.1016;WMP.1017;WMP.475;WMP.543;WMP.545,"Grid Design, Operations, and Maintenance",Grid Design and System Hardening,Traditional overhead hardening,OPEX,Territory,$ Thousands,0,Equipment failure,Other contact with object,2009,2019 GRC,NA,Exceeds,G.O. 95,NA,CNF(Distribution Overhead),,SDG&E,2023,v3.1,0,SDGE_2023_Q4_Tables1-15.xlsx,Table 11,47,AF47,https://efiling.energysafety.ca.gov/eFiling/Getfile.aspx?fileid=53475&shareable=true
T11R-ec0902e6cc2855ce,T11-592d9fbc719dd1,,3110000027,component_of_v4_tracking_id_group,WMP.1017,WMP.1016;WMP.1017;WMP.475;WMP.543;WMP.545,"Grid Design, Operations, and Maintenance",Grid Design and System Hardening,Traditional overhead hardening,OPEX,HFTD,$ Thousands,0,Equipment failure,Other contact with object,2009,2019 GRC,NA,Exceeds,G.O. 95,NA,CNF(Distribution Overhead),,SDG&E,2023,v3.1,0,SDGE_2023_Q4_Tables1-15.xlsx,Table 11,47,AG47,https://efiling.energysafety.ca.gov/eFiling/Getfile.aspx?fileid=53475&shareable=true
T11R-ae289493b100d321,T11-e859c30695f57d,,3110000056,component_of_v4_tracking_id_group,WMP.478,WMP.1190;WMP.1509;WMP.478;WMP.479;WMP.481;WMP.482;WMP.483;WMP.484;WMP.488;WMP.489;WMP.492;WMP.551;WMP.552;WMP.555,"Grid Design, Operations, and Maintenance",Asset Inspections,,CAPEX,Territory,$ Thousands,6538.214803,Equipment failure,NA,1997,2019 GRC,NA,Meets,G.O. 95,NA,Distribution Overhead Detailed Inspections,,SDG&E,2023,v3.1,0,SDGE_2023_Q4_Tables1-15.xlsx,Table 11,48,AD48,https://efiling.energysafety.ca.gov/eFiling/Getfile.aspx?fileid=53475&shareable=true
T11R-a91bfdb611e0bfc0,T11-e859c30695f57d,,3110000057,component_of_v4_tracking_id_group,WMP.478,WMP.1190;WMP.1509;WMP.478;WMP.479;WMP.481;WMP.482;WMP.483;WMP.484;WMP.488;WMP.489;WMP.492;WMP.551;WMP.552;WMP.555,"Grid Design, Operations, and Maintenance",Asset Inspections,,CAPEX,HFTD,$ Thousands,1744.571738,Equipment failure,NA,1997,2019 GRC,NA,Meets,G.O. 95,NA,Distribution Overhead Detailed Inspections,,SDG&E,2023,v3.1,0,SDGE_2023_Q4_Tables1-15.xlsx,Table 11,48,AE48,https://efiling.energysafety.ca.gov/eFiling/Getfile.aspx?fileid=53475&shareable=true
T11R-2535fe57b1c5eaf7,T11-e859c30695f57d,,3110000058,component_of_v4_tracking_id_group,WMP.478,WMP.1190;WMP.1509;WMP.478;WMP.479;WMP.481;WMP.482;WMP.483;WMP.484;WMP.488;WMP.489;WMP.492;WMP.551;WMP.552;WMP.555,"Grid Design, Operations, and Maintenance",Asset Inspections,,OPEX,Territory,$ Thousands,151.52832,Equipment failure,NA,1997,2019 GRC,NA,Meets,G.O. 95,NA,Distribution Overhead Detailed Inspections,,SDG&E,2023,v3.1,0,SDGE_2023_Q4_Tables1-15.xlsx,Table 11,48,AF48,https://efiling.energysafety.ca.gov/eFiling/Getfile.aspx?fileid=53475&shareable=true
T11R-6c30574aacbf1909,T11-e859c30695f57d,,3110000059,component_of_v4_tracking_id_group,WMP.478,WMP.1190;WMP.1509;WMP.478;WMP.479;WMP.481;WMP.482;WMP.483;WMP.484;WMP.488;WMP.489;WMP.492;WMP.551;WMP.552;WMP.555,"Grid Design, Operations, and Maintenance",Asset Inspections,,OPEX,HFTD,$ Thousands,40.43183538,Equipment failure,NA,1997,2019 GRC,NA,Meets,G.O. 95,NA,Distribution Overhead Detailed Inspections,,SDG&E,2023,v3.1,0,SDGE_2023_Q4_Tables1-15.xlsx,Table 11,48,AG48,https://efiling.energysafety.ca.gov/eFiling/Getfile.aspx?fileid=53475&shareable=true
T11R-90de5ab876691132,T11-e859c30695f57d,,3110000056,component_of_v4_tracking_id_group,WMP.479,WMP.1190;WMP.1509;WMP.478;WMP.479;WMP.481;WMP.482;WMP.483;WMP.484;WMP.488;WMP.489;WMP.492;WMP.551;WMP.552;WMP.555,"Grid Design, Operations, and Maintenance",Asset Inspections,,CAPEX,Territory,$ Thousands,1536.634537,Equipment failure,NA,1997,NA,NA,Meets,G.O. 95,NA,Transmission Overhead Detailed Inspections,,SDG&E,2023,v3.1,0,SDGE_2023_Q4_Tables1-15.xlsx,Table 11,49,AD49,https://efiling.energysafety.ca.gov/eFiling/Getfile.aspx?fileid=53475&shareable=true
T11R-91d5ada83d0c750d,T11-e859c30695f57d,,3110000057,component_of_v4_tracking_id_group,WMP.479,WMP.1190;WMP.1509;WMP.478;WMP.479;WMP.481;WMP.482;WMP.483;WMP.484;WMP.488;WMP.489;WMP.492;WMP.551;WMP.552;WMP.555,"Grid Design, Operations, and Maintenance",Asset Inspections,,CAPEX,HFTD,$ Thousands,777.2720154,Equipment failure,NA,1997,NA,NA,Meets,G.O. 95,NA,Transmission Overhead Detailed Inspections,,SDG&E,2023,v3.1,0,SDGE_2023_Q4_Tables1-15.xlsx,Table 11,49,AE49,https://efiling.energysafety.ca.gov/eFiling/Getfile.aspx?fileid=53475&shareable=true
T11R-efaa855f4ffce624,T11-e859c30695f57d,,3110000058,component_of_v4_tracking_id_group,WMP.479,WMP.1190;WMP.1509;WMP.478;WMP.479;WMP.481;WMP.482;WMP.483;WMP.484;WMP.488;WMP.489;WMP.492;WMP.551;WMP.552;WMP.555,"Grid Design, Operations, and Maintenance",Asset Inspections,,OPEX,Territory,$ Thousands,35.42372,Equipment failure,NA,1997,NA,NA,Meets,G.O. 95,NA,Transmission Overhead Detailed Inspections,,SDG&E,2023,v3.1,0,SDGE_2023_Q4_Tables1-15.xlsx,Table 11,49,AF49,https://efiling.energysafety.ca.gov/eFiling/Getfile.aspx?fileid=53475&shareable=true
T11R-27b414aa35879dfe,T11-e859c30695f57d,,3110000059,component_of_v4_tracking_id_group,WMP.479,WMP.1190;WMP.1509;WMP.478;WMP.479;WMP.481;WMP.482;WMP.483;WMP.484;WMP.488;WMP.489;WMP.492;WMP.551;WMP.552;WMP.555,"Grid Design, Operations, and Maintenance",Asset Inspections,,OPEX,HFTD,$ Thousands,35.42372,Equipment failure,NA,1997,NA,NA,Meets,G.O. 95,NA,Transmission Overhead Detailed Inspections,,SDG&E,2023,v3.1,0,SDGE_2023_Q4_Tables1-15.xlsx,Table 11,49,AG49,https://efiling.energysafety.ca.gov/eFiling/Getfile.aspx?fileid=53475&shareable=true
T11R-404d18b2ddfbe1c8,T11-e859c30695f57d,,3110000056,component_of_v4_tracking_id_group,WMP.481,WMP.1190;WMP.1509;WMP.478;WMP.479;WMP.481;WMP.482;WMP.483;WMP.484;WMP.488;WMP.489;WMP.492;WMP.551;WMP.552;WMP.555,"Grid Design, Operations, and Maintenance",Asset Inspections,,CAPEX,Territory,$ Thousands,0,Equipment failure,NA,2020,NA,WMPMA,Exceeds,P.U. Code § 451,NA,Distribution Infrared Inspections,,SDG&E,2023,v3.1,0,SDGE_2023_Q4_Tables1-15.xlsx,Table 11,50,AD50,https://efiling.energysafety.ca.gov/eFiling/Getfile.aspx?fileid=53475&shareable=true
T11R-fe6f25c526a157f2,T11-e859c30695f57d,,3110000057,component_of_v4_tracking_id_group,WMP.481,WMP.1190;WMP.1509;WMP.478;WMP.479;WMP.481;WMP.482;WMP.483;WMP.484;WMP.488;WMP.489;WMP.492;WMP.551;WMP.552;WMP.555,"Grid Design, Operations, and Maintenance",Asset Inspections,,CAPEX,HFTD,$ Thousands,0,Equipment failure,NA,2020,NA,WMPMA,Exceeds,P.U. Code § 451,NA,Distribution Infrared Inspections,,SDG&E,2023,v3.1,0,SDGE_2023_Q4_Tables1-15.xlsx,Table 11,50,AE50,https://efiling.energysafety.ca.gov/eFiling/Getfile.aspx?fileid=53475&shareable=true
T11R-606aad23539c78a2,T11-e859c30695f57d,,3110000058,component_of_v4_tracking_id_group,WMP.481,WMP.1190;WMP.1509;WMP.478;WMP.479;WMP.481;WMP.482;WMP.483;WMP.484;WMP.488;WMP.489;WMP.492;WMP.551;WMP.552;WMP.555,"Grid Design, Operations, and Maintenance",Asset Inspections,,OPEX,Territory,$ Thousands,305.25696,Equipment failure,NA,2020,NA,WMPMA,Exceeds,P.U. Code § 451,NA,Distribution Infrared Inspections,,SDG&E,2023,v3.1,0,SDGE_2023_Q4_Tables1-15.xlsx,Table 11,50,AF50,https://efiling.energysafety.ca.gov/eFiling/Getfile.aspx?fileid=53475&shareable=true
T11R-aa5a66dc7a3704c7,T11-e859c30695f57d,,3110000059,component_of_v4_tracking_id_group,WMP.481,WMP.1190;WMP.1509;WMP.478;WMP.479;WMP.481;WMP.482;WMP.483;WMP.484;WMP.488;WMP.489;WMP.492;WMP.551;WMP.552;WMP.555,"Grid Design, Operations, and Maintenance",Asset Inspections,,OPEX,HFTD,$ Thousands,257.6673273,Equipment failure,NA,2020,NA,WMPMA,Exceeds,P.U. Code § 451,NA,Distribution Infrared Inspections,,SDG&E,2023,v3.1,0,SDGE_2023_Q4_Tables1-15.xlsx,Table 11,50,AG50,https://efiling.energysafety.ca.gov/eFiling/Getfile.aspx?fileid=53475&shareable=true
T11R-4305b4d00fe6c1f1,T11-e859c30695f57d,,3110000056,component_of_v4_tracking_id_group,WMP.482,WMP.1190;WMP.1509;WMP.478;WMP.479;WMP.481;WMP.482;WMP.483;WMP.484;WMP.488;WMP.489;WMP.492;WMP.551;WMP.552;WMP.555,"Grid Design, Operations, and Maintenance",Asset Inspections,,CAPEX,Territory,$ Thousands,0,Equipment failure,NA,2010,NA,NA,Meets,P.U. Code § 451,NA,Transmission Infrared Inspections,,SDG&E,2023,v3.1,0,SDGE_2023_Q4_Tables1-15.xlsx,Table 11,51,AD51,https://efiling.energysafety.ca.gov/eFiling/Getfile.aspx?fileid=53475&shareable=true
T11R-5789e2f19276864f,T11-e859c30695f57d,,3110000057,component_of_v4_tracking_id_group,WMP.482,WMP.1190;WMP.1509;WMP.478;WMP.479;WMP.481;WMP.482;WMP.483;WMP.484;WMP.488;WMP.489;WMP.492;WMP.551;WMP.552;WMP.555,"Grid Design, Operations, and Maintenance",Asset Inspections,,CAPEX,HFTD,$ Thousands,0,Equipment failure,NA,2010,NA,NA,Meets,P.U. Code § 451,NA,Transmission Infrared Inspections,,SDG&E,2023,v3.1,0,SDGE_2023_Q4_Tables1-15.xlsx,Table 11,51,AE51,https://efiling.energysafety.ca.gov/eFiling/Getfile.aspx?fileid=53475&shareable=true
T11R-fab55285c4c582a2,T11-e859c30695f57d,,3110000058,component_of_v4_tracking_id_group,WMP.482,WMP.1190;WMP.1509;WMP.478;WMP.479;WMP.481;WMP.482;WMP.483;WMP.484;WMP.488;WMP.489;WMP.492;WMP.551;WMP.552;WMP.555,"Grid Design, Operations, and Maintenance",Asset Inspections,,OPEX,Territory,$ Thousands,0,Equipment failure,NA,2010,NA,NA,Meets,P.U. Code § 451,NA,Transmission Infrared Inspections,,SDG&E,2023,v3.1,0,SDGE_2023_Q4_Tables1-15.xlsx,Table 11,51,AF51,https://efiling.energysafety.ca.gov/eFiling/Getfile.aspx?fileid=53475&shareable=true
T11R-f76c9b026bc4d4ff,T11-e859c30695f57d,,3110000059,component_of_v4_tracking_id_group,WMP.482,WMP.1190;WMP.1509;WMP.478;WMP.479;WMP.481;WMP.482;WMP.483;WMP.484;WMP.488;WMP.489;WMP.492;WMP.551;WMP.552;WMP.555,"Grid Design, Operations, and Maintenance",Asset Inspections,,OPEX,HFTD,$ Thousands,0,Equipment failure,NA,2010,NA,NA,Meets,P.U. Code § 451,NA,Transmission Infrared Inspections,,SDG&E,2023,v3.1,0,SDGE_2023_Q4_Tables1-15.xlsx,Table 11,51,AG51,https://efiling.energysafety.ca.gov/eFiling/Getfile.aspx?fileid=53475&shareable=true
T11R-be03cfd7d207372d,T11-e859c30695f57d,,3110000056,component_of_v4_tracking_id_group,WMP.483,WMP.1190;WMP.1509;WMP.478;WMP.479;WMP.481;WMP.482;WMP.483;WMP.484;WMP.488;WMP.489;WMP.492;WMP.551;WMP.552;WMP.555,"Grid Design, Operations, and Maintenance",Asset Inspections,,CAPEX,Territory,$ Thousands,1328.468928,Equipment failure,NA,1997,2019 GRC,NA,Meets,G.O. 95,NA,Distribution Wood Pole Intrusive Inspections,,SDG&E,2023,v3.1,0,SDGE_2023_Q4_Tables1-15.xlsx,Table 11,52,AD52,https://efiling.energysafety.ca.gov/eFiling/Getfile.aspx?fileid=53475&shareable=true
T11R-19d23b790bed3c2b,T11-e859c30695f57d,,3110000057,component_of_v4_tracking_id_group,WMP.483,WMP.1190;WMP.1509;WMP.478;WMP.479;WMP.481;WMP.482;WMP.483;WMP.484;WMP.488;WMP.489;WMP.492;WMP.551;WMP.552;WMP.555,"Grid Design, Operations, and Maintenance",Asset Inspections,,CAPEX,HFTD,$ Thousands,3.371748548,Equipment failure,NA,1997,2019 GRC,NA,Meets,G.O. 95,NA,Distribution Wood Pole Intrusive Inspections,,SDG&E,2023,v3.1,0,SDGE_2023_Q4_Tables1-15.xlsx,Table 11,52,AE52,https://efiling.energysafety.ca.gov/eFiling/Getfile.aspx?fileid=53475&shareable=true
T11R-d87eaaef73b0ea70,T11-e859c30695f57d,,3110000058,component_of_v4_tracking_id_group,WMP.483,WMP.1190;WMP.1509;WMP.478;WMP.479;WMP.481;WMP.482;WMP.483;WMP.484;WMP.488;WMP.489;WMP.492;WMP.551;WMP.552;WMP.555,"Grid Design, Operations, and Maintenance",Asset Inspections,,OPEX,Territory,$ Thousands,97.19349,Equipment failure,NA,1997,2019 GRC,NA,Meets,G.O. 95,NA,Distribution Wood Pole Intrusive Inspections,,SDG&E,2023,v3.1,0,SDGE_2023_Q4_Tables1-15.xlsx,Table 11,52,AF52,https://efiling.energysafety.ca.gov/eFiling/Getfile.aspx?fileid=53475&shareable=true
T11R-fb2de1bc76de7191,T11-e859c30695f57d,,3110000059,component_of_v4_tracking_id_group,WMP.483,WMP.1190;WMP.1509;WMP.478;WMP.479;WMP.481;WMP.482;WMP.483;WMP.484;WMP.488;WMP.489;WMP.492;WMP.551;WMP.552;WMP.555,"Grid Design, Operations, and Maintenance",Asset Inspections,,OPEX,HFTD,$ Thousands,0.246683985,Equipment failure,NA,1997,2019 GRC,NA,Meets,G.O. 95,NA,Distribution Wood Pole Intrusive Inspections,,SDG&E,2023,v3.1,0,SDGE_2023_Q4_Tables1-15.xlsx,Table 11,52,AG52,https://efiling.energysafety.ca.gov/eFiling/Getfile.aspx?fileid=53475&shareable=true
T11R-054e4b85780770e3,T11-e859c30695f57d,,3110000056,component_of_v4_tracking_id_group,WMP.1190,WMP.1190;WMP.1509;WMP.478;WMP.479;WMP.481;WMP.482;WMP.483;WMP.484;WMP.488;WMP.489;WMP.492;WMP.551;WMP.552;WMP.555,"Grid Design, Operations, and Maintenance",Asset Inspections,,CAPEX,Territory,$ Thousands,0,Equipment ignition likelihood,NA,NA,NA,NA,NA,NA,NA,Transmission Wood Pole Intrusive Inspections,,SDG&E,2023,v3.1,0,SDGE_2023_Q4_Tables1-15.xlsx,Table 11,53,AD53,https://efiling.energysafety.ca.gov/eFiling/Getfile.aspx?fileid=53475&shareable=true
T11R-90325bf57caaf84b,T11-e859c30695f57d,,3110000057,component_of_v4_tracking_id_group,WMP.1190,WMP.1190;WMP.1509;WMP.478;WMP.479;WMP.481;WMP.482;WMP.483;WMP.484;WMP.488;WMP.489;WMP.492;WMP.551;WMP.552;WMP.555,"Grid Design, Operations, and Maintenance",Asset Inspections,,CAPEX,HFTD,$ Thousands,0,Equipment ignition likelihood,NA,NA,NA,NA,NA,NA,NA,Transmission Wood Pole Intrusive Inspections,,SDG&E,2023,v3.1,0,SDGE_2023_Q4_Tables1-15.xlsx,Table 11,53,AE53,https://efiling.energysafety.ca.gov/eFiling/Getfile.aspx?fileid=53475&shareable=true
T11R-a6c704042d69e904,T11-e859c30695f57d,,3110000058,component_of_v4_tracking_id_group,WMP.1190,WMP.1190;WMP.1509;WMP.478;WMP.479;WMP.481;WMP.482;WMP.483;WMP.484;WMP.488;WMP.489;WMP.492;WMP.551;WMP.552;WMP.555,"Grid Design, Operations, and Maintenance",Asset Inspections,,OPEX,Territory,$ Thousands,0,Equipment ignition likelihood,NA,NA,NA,NA,NA,NA,NA,Transmission Wood Pole Intrusive Inspections,,SDG&E,2023,v3.1,0,SDGE_2023_Q4_Tables1-15.xlsx,Table 11,53,AF53,https://efiling.energysafety.ca.gov/eFiling/Getfile.aspx?fileid=53475&shareable=true
T11R-e116a81cf3899a15,T11-e859c30695f57d,,3110000059,component_of_v4_tracking_id_group,WMP.1190,WMP.1190;WMP.1509;WMP.478;WMP.479;WMP.481;WMP.482;WMP.483;WMP.484;WMP.488;WMP.489;WMP.492;WMP.551;WMP.552;WMP.555,"Grid Design, Operations, and Maintenance",Asset Inspections,,OPEX,HFTD,$ Thousands,0,Equipment ignition likelihood,NA,NA,NA,NA,NA,NA,NA,Transmission Wood Pole Intrusive Inspections,,SDG&E,2023,v3.1,0,SDGE_2023_Q4_Tables1-15.xlsx,Table 11,53,AG53,https://efiling.energysafety.ca.gov/eFiling/Getfile.aspx?fileid=53475&shareable=true
T11R-e7c19aab59d157b1,T11-e859c30695f57d,,3110000056,component_of_v4_tracking_id_group,WMP.552,WMP.1190;WMP.1509;WMP.478;WMP.479;WMP.481;WMP.482;WMP.483;WMP.484;WMP.488;WMP.489;WMP.492;WMP.551;WMP.552;WMP.555,"Grid Design, Operations, and Maintenance",Asset Inspections,,CAPEX,Territory,$ Thousands,75131.06538,Equipment failure,NA,2019,NA,WMPMA,Exceeds,G.O. 95,NA,Distribution Drone Assessments,,SDG&E,2023,v3.1,0,SDGE_2023_Q4_Tables1-15.xlsx,Table 11,54,AD54,https://efiling.energysafety.ca.gov/eFiling/Getfile.aspx?fileid=53475&shareable=true
T11R-5dd9c5f0e665b5aa,T11-e859c30695f57d,,3110000057,component_of_v4_tracking_id_group,WMP.552,WMP.1190;WMP.1509;WMP.478;WMP.479;WMP.481;WMP.482;WMP.483;WMP.484;WMP.488;WMP.489;WMP.492;WMP.551;WMP.552;WMP.555,"Grid Design, Operations, and Maintenance",Asset Inspections,,CAPEX,HFTD,$ Thousands,74774.39585,Equipment failure,NA,2019,NA,WMPMA,Exceeds,G.O. 95,NA,Distribution Drone Assessments,,SDG&E,2023,v3.1,0,SDGE_2023_Q4_Tables1-15.xlsx,Table 11,54,AE54,https://efiling.energysafety.ca.gov/eFiling/Getfile.aspx?fileid=53475&shareable=true
T11R-b75e3511d08bf3d3,T11-e859c30695f57d,,3110000058,component_of_v4_tracking_id_group,WMP.552,WMP.1190;WMP.1509;WMP.478;WMP.479;WMP.481;WMP.482;WMP.483;WMP.484;WMP.488;WMP.489;WMP.492;WMP.551;WMP.552;WMP.555,"Grid Design, Operations, and Maintenance",Asset Inspections,,OPEX,Territory,$ Thousands,52915.08318,Equipment failure,NA,2019,NA,WMPMA,Exceeds,G.O. 95,NA,Distribution Drone Assessments,,SDG&E,2023,v3.1,0,SDGE_2023_Q4_Tables1-15.xlsx,Table 11,54,AF54,https://efiling.energysafety.ca.gov/eFiling/Getfile.aspx?fileid=53475&shareable=true
T11R-a2f270f254377e23,T11-e859c30695f57d,,3110000059,component_of_v4_tracking_id_group,WMP.552,WMP.1190;WMP.1509;WMP.478;WMP.479;WMP.481;WMP.482;WMP.483;WMP.484;WMP.488;WMP.489;WMP.492;WMP.551;WMP.552;WMP.555,"Grid Design, Operations, and Maintenance",Asset Inspections,,OPEX,HFTD,$ Thousands,52663.87953,Equipment failure,NA,2019,NA,WMPMA,Exceeds,G.O. 95,NA,Distribution Drone Assessments,,SDG&E,2023,v3.1,0,SDGE_2023_Q4_Tables1-15.xlsx,Table 11,54,AG54,https://efiling.energysafety.ca.gov/eFiling/Getfile.aspx?fileid=53475&shareable=true
T11R-477940cafcc9587e,T11-e859c30695f57d,,3110000056,component_of_v4_tracking_id_group,WMP.488,WMP.1190;WMP.1509;WMP.478;WMP.479;WMP.481;WMP.482;WMP.483;WMP.484;WMP.488;WMP.489;WMP.492;WMP.551;WMP.552;WMP.555,"Grid Design, Operations, and Maintenance",Asset Inspections,,CAPEX,Territory,$ Thousands,794.8035165,Equipment failure,NA,1997,2019 GRC,NA,Meets,G.O. 95,NA,Distribution Overhead Patrol Inspections,,SDG&E,2023,v3.1,0,SDGE_2023_Q4_Tables1-15.xlsx,Table 11,55,AD55,https://efiling.energysafety.ca.gov/eFiling/Getfile.aspx?fileid=53475&shareable=true
T11R-fa9bf5e58d51e856,T11-e859c30695f57d,,3110000057,component_of_v4_tracking_id_group,WMP.488,WMP.1190;WMP.1509;WMP.478;WMP.479;WMP.481;WMP.482;WMP.483;WMP.484;WMP.488;WMP.489;WMP.492;WMP.551;WMP.552;WMP.555,"Grid Design, Operations, and Maintenance",Asset Inspections,,CAPEX,HFTD,$ Thousands,309.3335551,Equipment failure,NA,1997,2019 GRC,NA,Meets,G.O. 95,NA,Distribution Overhead Patrol Inspections,,SDG&E,2023,v3.1,0,SDGE_2023_Q4_Tables1-15.xlsx,Table 11,55,AE55,https://efiling.energysafety.ca.gov/eFiling/Getfile.aspx?fileid=53475&shareable=true
T11R-7dc95857758bade3,T11-e859c30695f57d,,3110000058,component_of_v4_tracking_id_group,WMP.488,WMP.1190;WMP.1509;WMP.478;WMP.479;WMP.481;WMP.482;WMP.483;WMP.484;WMP.488;WMP.489;WMP.492;WMP.551;WMP.552;WMP.555,"Grid Design, Operations, and Maintenance",Asset Inspections,,OPEX,Territory,$ Thousands,296.70876,Equipment failure,NA,1997,2019 GRC,NA,Meets,G.O. 95,NA,Distribution Overhead Patrol Inspections,,SDG&E,2023,v3.1,0,SDGE_2023_Q4_Tables1-15.xlsx,Table 11,55,AF55,https://efiling.energysafety.ca.gov/eFiling/Getfile.aspx?fileid=53475&shareable=true
T11R-7129743ff99cea21,T11-e859c30695f57d,,3110000059,component_of_v4_tracking_id_group,WMP.488,WMP.1190;WMP.1509;WMP.478;WMP.479;WMP.481;WMP.482;WMP.483;WMP.484;WMP.488;WMP.489;WMP.492;WMP.551;WMP.552;WMP.555,"Grid Design, Operations, and Maintenance",Asset Inspections,,OPEX,HFTD,$ Thousands,115.477566,Equipment failure,NA,1997,2019 GRC,NA,Meets,G.O. 95,NA,Distribution Overhead Patrol Inspections,,SDG&E,2023,v3.1,0,SDGE_2023_Q4_Tables1-15.xlsx,Table 11,55,AG55,https://efiling.energysafety.ca.gov/eFiling/Getfile.aspx?fileid=53475&shareable=true
T11R-50ddb6401f1019c5,T11-e859c30695f57d,,3110000056,component_of_v4_tracking_id_group,WMP.489,WMP.1190;WMP.1509;WMP.478;WMP.479;WMP.481;WMP.482;WMP.483;WMP.484;WMP.488;WMP.489;WMP.492;WMP.551;WMP.552;WMP.555,"Grid Design, Operations, and Maintenance",Asset Inspections,,CAPEX,Territory,$ Thousands,0,Equipment failure,NA,1997,NA,NA,Meets,G.O. 95,NA,Transmission Overhead Patrol Inspections,,SDG&E,2023,v3.1,0,SDGE_2023_Q4_Tables1-15.xlsx,Table 11,56,AD56,https://efiling.energysafety.ca.gov/eFiling/Getfile.aspx?fileid=53475&shareable=true
T11R-3f8ad42fd1c03348,T11-e859c30695f57d,,3110000057,component_of_v4_tracking_id_group,WMP.489,WMP.1190;WMP.1509;WMP.478;WMP.479;WMP.481;WMP.482;WMP.483;WMP.484;WMP.488;WMP.489;WMP.492;WMP.551;WMP.552;WMP.555,"Grid Design, Operations, and Maintenance",Asset Inspections,,CAPEX,HFTD,$ Thousands,0,Equipment failure,NA,1997,NA,NA,Meets,G.O. 95,NA,Transmission Overhead Patrol Inspections,,SDG&E,2023,v3.1,0,SDGE_2023_Q4_Tables1-15.xlsx,Table 11,56,AE56,https://efiling.energysafety.ca.gov/eFiling/Getfile.aspx?fileid=53475&shareable=true
T11R-b6607ba88f8d8752,T11-e859c30695f57d,,3110000058,component_of_v4_tracking_id_group,WMP.489,WMP.1190;WMP.1509;WMP.478;WMP.479;WMP.481;WMP.482;WMP.483;WMP.484;WMP.488;WMP.489;WMP.492;WMP.551;WMP.552;WMP.555,"Grid Design, Operations, and Maintenance",Asset Inspections,,OPEX,Territory,$ Thousands,0,Equipment failure,NA,1997,NA,NA,Meets,G.O. 95,NA,Transmission Overhead Patrol Inspections,,SDG&E,2023,v3.1,0,SDGE_2023_Q4_Tables1-15.xlsx,Table 11,56,AF56,https://efiling.energysafety.ca.gov/eFiling/Getfile.aspx?fileid=53475&shareable=true
T11R-c62aa8ca897a3a0d,T11-e859c30695f57d,,3110000059,component_of_v4_tracking_id_group,WMP.489,WMP.1190;WMP.1509;WMP.478;WMP.479;WMP.481;WMP.482;WMP.483;WMP.484;WMP.488;WMP.489;WMP.492;WMP.551;WMP.552;WMP.555,"Grid Design, Operations, and Maintenance",Asset Inspections,,OPEX,HFTD,$ Thousands,0,Equipment failure,NA,1997,NA,NA,Meets,G.O. 95,NA,Transmission Overhead Patrol Inspections,,SDG&E,2023,v3.1,0,SDGE_2023_Q4_Tables1-15.xlsx,Table 11,56,AG56,https://efiling.energysafety.ca.gov/eFiling/Getfile.aspx?fileid=53475&shareable=true
T11R-28cebf3a58fccf84,T11-e859c30695f57d,,3110000056,component_of_v4_tracking_id_group,WMP.555,WMP.1190;WMP.1509;WMP.478;WMP.479;WMP.481;WMP.482;WMP.483;WMP.484;WMP.488;WMP.489;WMP.492;WMP.551;WMP.552;WMP.555,"Grid Design, Operations, and Maintenance",Asset Inspections,,CAPEX,Territory,$ Thousands,0,Equipment failure,NA,2010,NA,NA,Exceeds,G.O. 95,NA,Transmission 69kV Tier 3 Visual Inspections,,SDG&E,2023,v3.1,0,SDGE_2023_Q4_Tables1-15.xlsx,Table 11,57,AD57,https://efiling.energysafety.ca.gov/eFiling/Getfile.aspx?fileid=53475&shareable=true
T11R-a1b3f106abd6b802,T11-e859c30695f57d,,3110000057,component_of_v4_tracking_id_group,WMP.555,WMP.1190;WMP.1509;WMP.478;WMP.479;WMP.481;WMP.482;WMP.483;WMP.484;WMP.488;WMP.489;WMP.492;WMP.551;WMP.552;WMP.555,"Grid Design, Operations, and Maintenance",Asset Inspections,,CAPEX,HFTD,$ Thousands,0,Equipment failure,NA,2010,NA,NA,Exceeds,G.O. 95,NA,Transmission 69kV Tier 3 Visual Inspections,,SDG&E,2023,v3.1,0,SDGE_2023_Q4_Tables1-15.xlsx,Table 11,57,AE57,https://efiling.energysafety.ca.gov/eFiling/Getfile.aspx?fileid=53475&shareable=true
T11R-56e452821b331567,T11-e859c30695f57d,,3110000058,component_of_v4_tracking_id_group,WMP.555,WMP.1190;WMP.1509;WMP.478;WMP.479;WMP.481;WMP.482;WMP.483;WMP.484;WMP.488;WMP.489;WMP.492;WMP.551;WMP.552;WMP.555,"Grid Design, Operations, and Maintenance",Asset Inspections,,OPEX,Territory,$ Thousands,0,Equipment failure,NA,2010,NA,NA,Exceeds,G.O. 95,NA,Transmission 69kV Tier 3 Visual Inspections,,SDG&E,2023,v3.1,0,SDGE_2023_Q4_Tables1-15.xlsx,Table 11,57,AF57,https://efiling.energysafety.ca.gov/eFiling/Getfile.aspx?fileid=53475&shareable=true
T11R-1fd9bb9af465365b,T11-e859c30695f57d,,3110000059,component_of_v4_tracking_id_group,WMP.555,WMP.1190;WMP.1509;WMP.478;WMP.479;WMP.481;WMP.482;WMP.483;WMP.484;WMP.488;WMP.489;WMP.492;WMP.551;WMP.552;WMP.555,"Grid Design, Operations, and Maintenance",Asset Inspections,,OPEX,HFTD,$ Thousands,0,Equipment failure,NA,2010,NA,NA,Exceeds,G.O. 95,NA,Transmission 69kV Tier 3 Visual Inspections,,SDG&E,2023,v3.1,0,SDGE_2023_Q4_Tables1-15.xlsx,Table 11,57,AG57,https://efiling.energysafety.ca.gov/eFiling/Getfile.aspx?fileid=53475&shareable=true
T11R-2881ea7b74739414,T11-e859c30695f57d,,3110000056,component_of_v4_tracking_id_group,WMP.492,WMP.1190;WMP.1509;WMP.478;WMP.479;WMP.481;WMP.482;WMP.483;WMP.484;WMP.488;WMP.489;WMP.492;WMP.551;WMP.552;WMP.555,"Grid Design, Operations, and Maintenance",Asset Inspections,,CAPEX,Territory,$ Thousands,0,Equipment ignition likelihood,NA,1997,2019 GRC,NA,NA,NA,NA,Substation defensible space,,SDG&E,2023,v3.1,0,SDGE_2023_Q4_Tables1-15.xlsx,Table 11,58,AD58,https://efiling.energysafety.ca.gov/eFiling/Getfile.aspx?fileid=53475&shareable=true
T11R-733116e80c9d3fa8,T11-e859c30695f57d,,3110000057,component_of_v4_tracking_id_group,WMP.492,WMP.1190;WMP.1509;WMP.478;WMP.479;WMP.481;WMP.482;WMP.483;WMP.484;WMP.488;WMP.489;WMP.492;WMP.551;WMP.552;WMP.555,"Grid Design, Operations, and Maintenance",Asset Inspections,,CAPEX,HFTD,$ Thousands,0,Equipment ignition likelihood,NA,1997,2019 GRC,NA,NA,NA,NA,Substation defensible space,,SDG&E,2023,v3.1,0,SDGE_2023_Q4_Tables1-15.xlsx,Table 11,58,AE58,https://efiling.energysafety.ca.gov/eFiling/Getfile.aspx?fileid=53475&shareable=true
T11R-de48fca9106c5aed,T11-e859c30695f57d,,3110000058,component_of_v4_tracking_id_group,WMP.492,WMP.1190;WMP.1509;WMP.478;WMP.479;WMP.481;WMP.482;WMP.483;WMP.484;WMP.488;WMP.489;WMP.492;WMP.551;WMP.552;WMP.555,"Grid Design, Operations, and Maintenance",Asset Inspections,,OPEX,Territory,$ Thousands,0,Equipment ignition likelihood,NA,1997,2019 GRC,NA,NA,NA,NA,Substation defensible space,,SDG&E,2023,v3.1,0,SDGE_2023_Q4_Tables1-15.xlsx,Table 11,58,AF58,https://efiling.energysafety.ca.gov/eFiling/Getfile.aspx?fileid=53475&shareable=true
T11R-1b7d13805e85b10f,T11-e859c30695f57d,,3110000059,component_of_v4_tracking_id_group,WMP.492,WMP.1190;WMP.1509;WMP.478;WMP.479;WMP.481;WMP.482;WMP.483;WMP.484;WMP.488;WMP.489;WMP.492;WMP.551;WMP.552;WMP.555,"Grid Design, Operations, and Maintenance",Asset Inspections,,OPEX,HFTD,$ Thousands,0,Equipment ignition likelihood,NA,1997,2019 GRC,NA,NA,NA,NA,Substation defensible space,,SDG&E,2023,v3.1,0,SDGE_2023_Q4_Tables1-15.xlsx,Table 11,58,AG58,https://efiling.energysafety.ca.gov/eFiling/Getfile.aspx?fileid=53475&shareable=true
T11R-a19fa60219f5a9b0,T11-e859c30695f57d,,3110000056,component_of_v4_tracking_id_group,WMP.484,WMP.1190;WMP.1509;WMP.478;WMP.479;WMP.481;WMP.482;WMP.483;WMP.484;WMP.488;WMP.489;WMP.492;WMP.551;WMP.552;WMP.555,"Grid Design, Operations, and Maintenance",Asset Inspections,,CAPEX,Territory,$ Thousands,0,Equipment failure,NA,2011,2019 GRC,NA,Exceeds,G.O. 95,NA,LiDAR inspections of distribution electric lines and equipment,,SDG&E,2023,v3.1,0,SDGE_2023_Q4_Tables1-15.xlsx,Table 11,59,AD59,https://efiling.energysafety.ca.gov/eFiling/Getfile.aspx?fileid=53475&shareable=true
T11R-ca91fdc60fe70a5b,T11-e859c30695f57d,,3110000057,component_of_v4_tracking_id_group,WMP.484,WMP.1190;WMP.1509;WMP.478;WMP.479;WMP.481;WMP.482;WMP.483;WMP.484;WMP.488;WMP.489;WMP.492;WMP.551;WMP.552;WMP.555,"Grid Design, Operations, and Maintenance",Asset Inspections,,CAPEX,HFTD,$ Thousands,0,Equipment failure,NA,2011,2019 GRC,NA,Exceeds,G.O. 95,NA,LiDAR inspections of distribution electric lines and equipment,,SDG&E,2023,v3.1,0,SDGE_2023_Q4_Tables1-15.xlsx,Table 11,59,AE59,https://efiling.energysafety.ca.gov/eFiling/Getfile.aspx?fileid=53475&shareable=true
T11R-d2ca71877c494614,T11-e859c30695f57d,,3110000058,component_of_v4_tracking_id_group,WMP.484,WMP.1190;WMP.1509;WMP.478;WMP.479;WMP.481;WMP.482;WMP.483;WMP.484;WMP.488;WMP.489;WMP.492;WMP.551;WMP.552;WMP.555,"Grid Design, Operations, and Maintenance",Asset Inspections,,OPEX,Territory,$ Thousands,872.99351,Equipment failure,NA,2011,2019 GRC,NA,Exceeds,G.O. 95,NA,LiDAR inspections of distribution electric lines and equipment,,SDG&E,2023,v3.1,0,SDGE_2023_Q4_Tables1-15.xlsx,Table 11,59,AF59,https://efiling.energysafety.ca.gov/eFiling/Getfile.aspx?fileid=53475&shareable=true
T11R-9a041f1623c12cbb,T11-e859c30695f57d,,3110000059,component_of_v4_tracking_id_group,WMP.484,WMP.1190;WMP.1509;WMP.478;WMP.479;WMP.481;WMP.482;WMP.483;WMP.484;WMP.488;WMP.489;WMP.492;WMP.551;WMP.552;WMP.555,"Grid Design, Operations, and Maintenance",Asset Inspections,,OPEX,HFTD,$ Thousands,872.99351,Equipment failure,NA,2011,2019 GRC,NA,Exceeds,G.O. 95,NA,LiDAR inspections of distribution electric lines and equipment,,SDG&E,2023,v3.1,0,SDGE_2023_Q4_Tables1-15.xlsx,Table 11,59,AG59,https://efiling.energysafety.ca.gov/eFiling/Getfile.aspx?fileid=53475&shareable=true
T11R-dd786f5ff8821945,T11-e859c30695f57d,,3110000056,component_of_v4_tracking_id_group,WMP.551,WMP.1190;WMP.1509;WMP.478;WMP.479;WMP.481;WMP.482;WMP.483;WMP.484;WMP.488;WMP.489;WMP.492;WMP.551;WMP.552;WMP.555,"Grid Design, Operations, and Maintenance",Asset Inspections,,CAPEX,Territory,$ Thousands,2148.491389,Equipment failure,NA,2009,2019 GRC,NA,Exceeds,G.O. 95,NA,HFTD Tier 3 Distribution Pole Inspections,,SDG&E,2023,v3.1,0,SDGE_2023_Q4_Tables1-15.xlsx,Table 11,60,AD60,https://efiling.energysafety.ca.gov/eFiling/Getfile.aspx?fileid=53475&shareable=true
T11R-4008c9fd8d70a871,T11-e859c30695f57d,,3110000057,component_of_v4_tracking_id_group,WMP.551,WMP.1190;WMP.1509;WMP.478;WMP.479;WMP.481;WMP.482;WMP.483;WMP.484;WMP.488;WMP.489;WMP.492;WMP.551;WMP.552;WMP.555,"Grid Design, Operations, and Maintenance",Asset Inspections,,CAPEX,HFTD,$ Thousands,2148.491389,Equipment failure,NA,2009,2019 GRC,NA,Exceeds,G.O. 95,NA,HFTD Tier 3 Distribution Pole Inspections,,SDG&E,2023,v3.1,0,SDGE_2023_Q4_Tables1-15.xlsx,Table 11,60,AE60,https://efiling.energysafety.ca.gov/eFiling/Getfile.aspx?fileid=53475&shareable=true
T11R-4d227c4c49f3cba5,T11-e859c30695f57d,,3110000058,component_of_v4_tracking_id_group,WMP.551,WMP.1190;WMP.1509;WMP.478;WMP.479;WMP.481;WMP.482;WMP.483;WMP.484;WMP.488;WMP.489;WMP.492;WMP.551;WMP.552;WMP.555,"Grid Design, Operations, and Maintenance",Asset Inspections,,OPEX,Territory,$ Thousands,621.3598,Equipment failure,NA,2009,2019 GRC,NA,Exceeds,G.O. 95,NA,HFTD Tier 3 Distribution Pole Inspections,,SDG&E,2023,v3.1,0,SDGE_2023_Q4_Tables1-15.xlsx,Table 11,60,AF60,https://efiling.energysafety.ca.gov/eFiling/Getfile.aspx?fileid=53475&shareable=true
T11R-27b1c0a32837e756,T11-e859c30695f57d,,3110000059,component_of_v4_tracking_id_group,WMP.551,WMP.1190;WMP.1509;WMP.478;WMP.479;WMP.481;WMP.482;WMP.483;WMP.484;WMP.488;WMP.489;WMP.492;WMP.551;WMP.552;WMP.555,"Grid Design, Operations, and Maintenance",Asset Inspections,,OPEX,HFTD,$ Thousands,621.3598,Equipment failure,NA,2009,2019 GRC,NA,Exceeds,G.O. 95,NA,HFTD Tier 3 Distribution Pole Inspections,,SDG&E,2023,v3.1,0,SDGE_2023_Q4_Tables1-15.xlsx,Table 11,60,AG60,https://efiling.energysafety.ca.gov/eFiling/Getfile.aspx?fileid=53475&shareable=true
T11R-32ae1ee20e255eac,T11-LEGACY-57a641694b48,,,legacy_tracking_id_not_in_v4_group,WMP.553,,"Grid Design, Operations, and Maintenance",Other,,CAPEX,Territory,$ Thousands,0,Equipment failure,NA,2019,NA,WMPMA,Exceeds,G.O. 95,NA,Circuit ownership,,SDG&E,2023,v3.1,0,SDGE_2023_Q4_Tables1-15.xlsx,Table 11,61,AD61,https://efiling.energysafety.ca.gov/eFiling/Getfile.aspx?fileid=53475&shareable=true
T11R-30fd51980515d7fb,T11-LEGACY-57a641694b48,,,legacy_tracking_id_not_in_v4_group,WMP.553,,"Grid Design, Operations, and Maintenance",Other,,CAPEX,HFTD,$ Thousands,0,Equipment failure,NA,2019,NA,WMPMA,Exceeds,G.O. 95,NA,Circuit ownership,,SDG&E,2023,v3.1,0,SDGE_2023_Q4_Tables1-15.xlsx,Table 11,61,AE61,https://efiling.energysafety.ca.gov/eFiling/Getfile.aspx?fileid=53475&shareable=true
T11R-f68c8b5fd7d26930,T11-LEGACY-57a641694b48,,,legacy_tracking_id_not_in_v4_group,WMP.553,,"Grid Design, Operations, and Maintenance",Other,,OPEX,Territory,$ Thousands,0,Equipment failure,NA,2019,NA,WMPMA,Exceeds,G.O. 95,NA,Circuit ownership,,SDG&E,2023,v3.1,0,SDGE_2023_Q4_Tables1-15.xlsx,Table 11,61,AF61,https://efiling.energysafety.ca.gov/eFiling/Getfile.aspx?fileid=53475&shareable=true
T11R-7acaefb189484d31,T11-LEGACY-57a641694b48,,,legacy_tracking_id_not_in_v4_group,WMP.553,,"Grid Design, Operations, and Maintenance",Other,,OPEX,HFTD,$ Thousands,0,Equipment failure,NA,2019,NA,WMPMA,Exceeds,G.O. 95,NA,Circuit ownership,,SDG&E,2023,v3.1,0,SDGE_2023_Q4_Tables1-15.xlsx,Table 11,61,AG61,https://efiling.energysafety.ca.gov/eFiling/Getfile.aspx?fileid=53475&shareable=true
T11R-5a54536330adea28,T11-f654ca05889ca0,,3110000176,component_of_v4_tracking_id_group,WMP.519,WMP.511;WMP.519,Enterprise Systems,Enterprise Systems Development,,CAPEX,Territory,$ Thousands,10046.69415,NA,NA,2019,NA,WMPMA,Exceeds,P.U. Code § 451,NA,Centralized repository for data,,SDG&E,2023,v3.1,0,SDGE_2023_Q4_Tables1-15.xlsx,Table 11,62,AD62,https://efiling.energysafety.ca.gov/eFiling/Getfile.aspx?fileid=53475&shareable=true
T11R-d1e2af03673db600,T11-f654ca05889ca0,,3110000177,component_of_v4_tracking_id_group,WMP.519,WMP.511;WMP.519,Enterprise Systems,Enterprise Systems Development,,CAPEX,HFTD,$ Thousands,10046.69415,NA,NA,2019,NA,WMPMA,Exceeds,P.U. Code § 451,NA,Centralized repository for data,,SDG&E,2023,v3.1,0,SDGE_2023_Q4_Tables1-15.xlsx,Table 11,62,AE62,https://efiling.energysafety.ca.gov/eFiling/Getfile.aspx?fileid=53475&shareable=true
T11R-c951ab3a72e5c41e,T11-f654ca05889ca0,,3110000178,component_of_v4_tracking_id_group,WMP.519,WMP.511;WMP.519,Enterprise Systems,Enterprise Systems Development,,OPEX,Territory,$ Thousands,1657.47665,NA,NA,2019,NA,WMPMA,Exceeds,P.U. Code § 451,NA,Centralized repository for data,,SDG&E,2023,v3.1,0,SDGE_2023_Q4_Tables1-15.xlsx,Table 11,62,AF62,https://efiling.energysafety.ca.gov/eFiling/Getfile.aspx?fileid=53475&shareable=true
T11R-6507f4f978f73d34,T11-f654ca05889ca0,,3110000179,component_of_v4_tracking_id_group,WMP.519,WMP.511;WMP.519,Enterprise Systems,Enterprise Systems Development,,OPEX,HFTD,$ Thousands,1657.47665,NA,NA,2019,NA,WMPMA,Exceeds,P.U. Code § 451,NA,Centralized repository for data,,SDG&E,2023,v3.1,0,SDGE_2023_Q4_Tables1-15.xlsx,Table 11,62,AG62,https://efiling.energysafety.ca.gov/eFiling/Getfile.aspx?fileid=53475&shareable=true
T11R-949cf0ad6154da13,T11-feb6526329bf44,,3110000064,component_of_v4_tracking_id_group,WMP.1191,WMP.1191;WMP.1192;WMP.1193;WMP.1194;WMP.491,"Grid Design, Operations, and Maintenance",Quality Assurance and Quality Control (Asset Management),,CAPEX,Territory,$ Thousands,0,Equipment ignition likelihood,NA,2023,NA,NA,NA,NA,NA,QA/QC of Transmission Inspections,,SDG&E,2023,v3.1,0,SDGE_2023_Q4_Tables1-15.xlsx,Table 11,63,AD63,https://efiling.energysafety.ca.gov/eFiling/Getfile.aspx?fileid=53475&shareable=true
T11R-3f0d5e4deb7ab769,T11-feb6526329bf44,,3110000065,component_of_v4_tracking_id_group,WMP.1191,WMP.1191;WMP.1192;WMP.1193;WMP.1194;WMP.491,"Grid Design, Operations, and Maintenance",Quality Assurance and Quality Control (Asset Management),,CAPEX,HFTD,$ Thousands,0,Equipment ignition likelihood,NA,2023,NA,NA,NA,NA,NA,QA/QC of Transmission Inspections,,SDG&E,2023,v3.1,0,SDGE_2023_Q4_Tables1-15.xlsx,Table 11,63,AE63,https://efiling.energysafety.ca.gov/eFiling/Getfile.aspx?fileid=53475&shareable=true
T11R-423b3c35e766380e,T11-feb6526329bf44,,3110000066,component_of_v4_tracking_id_group,WMP.1191,WMP.1191;WMP.1192;WMP.1193;WMP.1194;WMP.491,"Grid Design, Operations, and Maintenance",Quality Assurance and Quality Control (Asset Management),,OPEX,Territory,$ Thousands,0,Equipment ignition likelihood,NA,2023,NA,NA,NA,NA,NA,QA/QC of Transmission Inspections,,SDG&E,2023,v3.1,0,SDGE_2023_Q4_Tables1-15.xlsx,Table 11,63,AF63,https://efiling.energysafety.ca.gov/eFiling/Getfile.aspx?fileid=53475&shareable=true
T11R-a6c899ae5baaa10c,T11-feb6526329bf44,,3110000067,component_of_v4_tracking_id_group,WMP.1191,WMP.1191;WMP.1192;WMP.1193;WMP.1194;WMP.491,"Grid Design, Operations, and Maintenance",Quality Assurance and Quality Control (Asset Management),,OPEX,HFTD,$ Thousands,0,Equipment ignition likelihood,NA,2023,NA,NA,NA,NA,NA,QA/QC of Transmission Inspections,,SDG&E,2023,v3.1,0,SDGE_2023_Q4_Tables1-15.xlsx,Table 11,63,AG63,https://efiling.energysafety.ca.gov/eFiling/Getfile.aspx?fileid=53475&shareable=true
T11R-c60f1a40999fc4af,T11-feb6526329bf44,,3110000064,component_of_v4_tracking_id_group,WMP.491,WMP.1191;WMP.1192;WMP.1193;WMP.1194;WMP.491,"Grid Design, Operations, and Maintenance",Quality Assurance and Quality Control (Asset Management),,CAPEX,Territory,$ Thousands,0,Equipment ignition likelihood,NA,2023,NA,NA,NA,NA,NA,QA/QC of Distribution Detailed Inspections,,SDG&E,2023,v3.1,0,SDGE_2023_Q4_Tables1-15.xlsx,Table 11,64,AD64,https://efiling.energysafety.ca.gov/eFiling/Getfile.aspx?fileid=53475&shareable=true
T11R-2d12fb42f3e93225,T11-feb6526329bf44,,3110000065,component_of_v4_tracking_id_group,WMP.491,WMP.1191;WMP.1192;WMP.1193;WMP.1194;WMP.491,"Grid Design, Operations, and Maintenance",Quality Assurance and Quality Control (Asset Management),,CAPEX,HFTD,$ Thousands,0,Equipment ignition likelihood,NA,2023,NA,NA,NA,NA,NA,QA/QC of Distribution Detailed Inspections,,SDG&E,2023,v3.1,0,SDGE_2023_Q4_Tables1-15.xlsx,Table 11,64,AE64,https://efiling.energysafety.ca.gov/eFiling/Getfile.aspx?fileid=53475&shareable=true
T11R-6f19324bf7d77f26,T11-feb6526329bf44,,3110000066,component_of_v4_tracking_id_group,WMP.491,WMP.1191;WMP.1192;WMP.1193;WMP.1194;WMP.491,"Grid Design, Operations, and Maintenance",Quality Assurance and Quality Control (Asset Management),,OPEX,Territory,$ Thousands,0,Equipment ignition likelihood,NA,2023,NA,NA,NA,NA,NA,QA/QC of Distribution Detailed Inspections,,SDG&E,2023,v3.1,0,SDGE_2023_Q4_Tables1-15.xlsx,Table 11,64,AF64,https://efiling.energysafety.ca.gov/eFiling/Getfile.aspx?fileid=53475&shareable=true
T11R-139878d7259db719,T11-feb6526329bf44,,3110000067,component_of_v4_tracking_id_group,WMP.491,WMP.1191;WMP.1192;WMP.1193;WMP.1194;WMP.491,"Grid Design, Operations, and Maintenance",Quality Assurance and Quality Control (Asset Management),,OPEX,HFTD,$ Thousands,0,Equipment ignition likelihood,NA,2023,NA,NA,NA,NA,NA,QA/QC of Distribution Detailed Inspections,,SDG&E,2023,v3.1,0,SDGE_2023_Q4_Tables1-15.xlsx,Table 11,64,AG64,https://efiling.energysafety.ca.gov/eFiling/Getfile.aspx?fileid=53475&shareable=true
T11R-d5fc3fd4aef84cbf,T11-feb6526329bf44,,3110000064,component_of_v4_tracking_id_group,WMP.1192,WMP.1191;WMP.1192;WMP.1193;WMP.1194;WMP.491,"Grid Design, Operations, and Maintenance",Quality Assurance and Quality Control (Asset Management),,CAPEX,Territory,$ Thousands,0,Equipment ignition likelihood,NA,2023,NA,NA,NA,NA,NA,QA/QC of Distribution Drone Assessments,,SDG&E,2023,v3.1,0,SDGE_2023_Q4_Tables1-15.xlsx,Table 11,65,AD65,https://efiling.energysafety.ca.gov/eFiling/Getfile.aspx?fileid=53475&shareable=true
T11R-57d89e2dc64defd0,T11-feb6526329bf44,,3110000065,component_of_v4_tracking_id_group,WMP.1192,WMP.1191;WMP.1192;WMP.1193;WMP.1194;WMP.491,"Grid Design, Operations, and Maintenance",Quality Assurance and Quality Control (Asset Management),,CAPEX,HFTD,$ Thousands,0,Equipment ignition likelihood,NA,2023,NA,NA,NA,NA,NA,QA/QC of Distribution Drone Assessments,,SDG&E,2023,v3.1,0,SDGE_2023_Q4_Tables1-15.xlsx,Table 11,65,AE65,https://efiling.energysafety.ca.gov/eFiling/Getfile.aspx?fileid=53475&shareable=true
T11R-46e762ab03f756d9,T11-feb6526329bf44,,3110000066,component_of_v4_tracking_id_group,WMP.1192,WMP.1191;WMP.1192;WMP.1193;WMP.1194;WMP.491,"Grid Design, Operations, and Maintenance",Quality Assurance and Quality Control (Asset Management),,OPEX,Territory,$ Thousands,0,Equipment ignition likelihood,NA,2023,NA,NA,NA,NA,NA,QA/QC of Distribution Drone Assessments,,SDG&E,2023,v3.1,0,SDGE_2023_Q4_Tables1-15.xlsx,Table 11,65,AF65,https://efiling.energysafety.ca.gov/eFiling/Getfile.aspx?fileid=53475&shareable=true
T11R-549a4a8f788d2766,T11-feb6526329bf44,,3110000067,component_of_v4_tracking_id_group,WMP.1192,WMP.1191;WMP.1192;WMP.1193;WMP.1194;WMP.491,"Grid Design, Operations, and Maintenance",Quality Assurance and Quality Control (Asset Management),,OPEX,HFTD,$ Thousands,0,Equipment ignition likelihood,NA,2023,NA,NA,NA,NA,NA,QA/QC of Distribution Drone Assessments,,SDG&E,2023,v3.1,0,SDGE_2023_Q4_Tables1-15.xlsx,Table 11,65,AG65,https://efiling.energysafety.ca.gov/eFiling/Getfile.aspx?fileid=53475&shareable=true
T11R-ee585fe0b8f12f30,T11-feb6526329bf44,,3110000064,component_of_v4_tracking_id_group,WMP.1193,WMP.1191;WMP.1192;WMP.1193;WMP.1194;WMP.491,"Grid Design, Operations, and Maintenance",Quality Assurance and Quality Control (Asset Management),,CAPEX,Territory,$ Thousands,0,Equipment ignition likelihood,NA,2023,NA,NA,NA,NA,NA,QA/QC of Wood Pole Intrusive (Transmission & Distribution),,SDG&E,2023,v3.1,0,SDGE_2023_Q4_Tables1-15.xlsx,Table 11,66,AD66,https://efiling.energysafety.ca.gov/eFiling/Getfile.aspx?fileid=53475&shareable=true
T11R-a979500e380e952d,T11-feb6526329bf44,,3110000065,component_of_v4_tracking_id_group,WMP.1193,WMP.1191;WMP.1192;WMP.1193;WMP.1194;WMP.491,"Grid Design, Operations, and Maintenance",Quality Assurance and Quality Control (Asset Management),,CAPEX,HFTD,$ Thousands,0,Equipment ignition likelihood,NA,2023,NA,NA,NA,NA,NA,QA/QC of Wood Pole Intrusive (Transmission & Distribution),,SDG&E,2023,v3.1,0,SDGE_2023_Q4_Tables1-15.xlsx,Table 11,66,AE66,https://efiling.energysafety.ca.gov/eFiling/Getfile.aspx?fileid=53475&shareable=true
T11R-fd88379435928703,T11-feb6526329bf44,,3110000066,component_of_v4_tracking_id_group,WMP.1193,WMP.1191;WMP.1192;WMP.1193;WMP.1194;WMP.491,"Grid Design, Operations, and Maintenance",Quality Assurance and Quality Control (Asset Management),,OPEX,Territory,$ Thousands,0,Equipment ignition likelihood,NA,2023,NA,NA,NA,NA,NA,QA/QC of Wood Pole Intrusive (Transmission & Distribution),,SDG&E,2023,v3.1,0,SDGE_2023_Q4_Tables1-15.xlsx,Table 11,66,AF66,https://efiling.energysafety.ca.gov/eFiling/Getfile.aspx?fileid=53475&shareable=true
T11R-d28753515b9bfb35,T11-feb6526329bf44,,3110000067,component_of_v4_tracking_id_group,WMP.1193,WMP.1191;WMP.1192;WMP.1193;WMP.1194;WMP.491,"Grid Design, Operations, and Maintenance",Quality Assurance and Quality Control (Asset Management),,OPEX,HFTD,$ Thousands,0,Equipment ignition likelihood,NA,2023,NA,NA,NA,NA,NA,QA/QC of Wood Pole Intrusive (Transmission & Distribution),,SDG&E,2023,v3.1,0,SDGE_2023_Q4_Tables1-15.xlsx,Table 11,66,AG66,https://efiling.energysafety.ca.gov/eFiling/Getfile.aspx?fileid=53475&shareable=true
T11R-91d9cf8525f69408,T11-feb6526329bf44,,3110000064,component_of_v4_tracking_id_group,WMP.1194,WMP.1191;WMP.1192;WMP.1193;WMP.1194;WMP.491,"Grid Design, Operations, and Maintenance",Quality Assurance and Quality Control (Asset Management),,CAPEX,Territory,$ Thousands,0,Equipment ignition likelihood,NA,2023,NA,NA,NA,NA,NA,QA/QC of Substation Inspections,,SDG&E,2023,v3.1,0,SDGE_2023_Q4_Tables1-15.xlsx,Table 11,67,AD67,https://efiling.energysafety.ca.gov/eFiling/Getfile.aspx?fileid=53475&shareable=true
T11R-380f67e66774a8b6,T11-feb6526329bf44,,3110000065,component_of_v4_tracking_id_group,WMP.1194,WMP.1191;WMP.1192;WMP.1193;WMP.1194;WMP.491,"Grid Design, Operations, and Maintenance",Quality Assurance and Quality Control (Asset Management),,CAPEX,HFTD,$ Thousands,0,Equipment ignition likelihood,NA,2023,NA,NA,NA,NA,NA,QA/QC of Substation Inspections,,SDG&E,2023,v3.1,0,SDGE_2023_Q4_Tables1-15.xlsx,Table 11,67,AE67,https://efiling.energysafety.ca.gov/eFiling/Getfile.aspx?fileid=53475&shareable=true
T11R-e49d9217728bf60e,T11-feb6526329bf44,,3110000066,component_of_v4_tracking_id_group,WMP.1194,WMP.1191;WMP.1192;WMP.1193;WMP.1194;WMP.491,"Grid Design, Operations, and Maintenance",Quality Assurance and Quality Control (Asset Management),,OPEX,Territory,$ Thousands,0,Equipment ignition likelihood,NA,2023,NA,NA,NA,NA,NA,QA/QC of Substation Inspections,,SDG&E,2023,v3.1,0,SDGE_2023_Q4_Tables1-15.xlsx,Table 11,67,AF67,https://efiling.energysafety.ca.gov/eFiling/Getfile.aspx?fileid=53475&shareable=true
T11R-b89b9447db107bc5,T11-feb6526329bf44,,3110000067,component_of_v4_tracking_id_group,WMP.1194,WMP.1191;WMP.1192;WMP.1193;WMP.1194;WMP.491,"Grid Design, Operations, and Maintenance",Quality Assurance and Quality Control (Asset Management),,OPEX,HFTD,$ Thousands,0,Equipment ignition likelihood,NA,2023,NA,NA,NA,NA,NA,QA/QC of Substation Inspections,,SDG&E,2023,v3.1,0,SDGE_2023_Q4_Tables1-15.xlsx,Table 11,67,AG67,https://efiling.energysafety.ca.gov/eFiling/Getfile.aspx?fileid=53475&shareable=true
T11R-95ca6a0257082d03,T11-8d804760da0ea0,,3110000068,component_of_v4_tracking_id_group,WMP.1203,WMP.1203,"Grid Design, Operations, and Maintenance",Work Orders (Asset Management),,CAPEX,Territory,$ Thousands,0,NA,NA,NA,NA,NA,NA,NA,NA,NA,,SDG&E,2023,v3.1,0,SDGE_2023_Q4_Tables1-15.xlsx,Table 11,68,AD68,https://efiling.energysafety.ca.gov/eFiling/Getfile.aspx?fileid=53475&shareable=true
T11R-ddd837b9b333d457,T11-8d804760da0ea0,,3110000069,component_of_v4_tracking_id_group,WMP.1203,WMP.1203,"Grid Design, Operations, and Maintenance",Work Orders (Asset Management),,CAPEX,HFTD,$ Thousands,0,NA,NA,NA,NA,NA,NA,NA,NA,NA,,SDG&E,2023,v3.1,0,SDGE_2023_Q4_Tables1-15.xlsx,Table 11,68,AE68,https://efiling.energysafety.ca.gov/eFiling/Getfile.aspx?fileid=53475&shareable=true
T11R-649b22630500235c,T11-8d804760da0ea0,,3110000070,component_of_v4_tracking_id_group,WMP.1203,WMP.1203,"Grid Design, Operations, and Maintenance",Work Orders (Asset Management),,OPEX,Territory,$ Thousands,0,NA,NA,NA,NA,NA,NA,NA,NA,NA,,SDG&E,2023,v3.1,0,SDGE_2023_Q4_Tables1-15.xlsx,Table 11,68,AF68,https://efiling.energysafety.ca.gov/eFiling/Getfile.aspx?fileid=53475&shareable=true
T11R-19e7e6db1436fc97,T11-8d804760da0ea0,,3110000071,component_of_v4_tracking_id_group,WMP.1203,WMP.1203,"Grid Design, Operations, and Maintenance",Work Orders (Asset Management),,OPEX,HFTD,$ Thousands,0,NA,NA,NA,NA,NA,NA,NA,NA,NA,,SDG&E,2023,v3.1,0,SDGE_2023_Q4_Tables1-15.xlsx,Table 11,68,AG68,https://efiling.energysafety.ca.gov/eFiling/Getfile.aspx?fileid=53475&shareable=true
T11R-85ea2fcdda4cabad,T11-95a471ac8da98f,,3110000072,component_of_v4_tracking_id_group,WMP.1204,WMP.1204,"Grid Design, Operations, and Maintenance",Grid Operations and Procedures,Equipment Settings to Reduce Wildfire Risk,CAPEX,Territory,$ Thousands,0,NA,NA,NA,NA,NA,NA,NA,NA,NA,,SDG&E,2023,v3.1,0,SDGE_2023_Q4_Tables1-15.xlsx,Table 11,69,AD69,https://efiling.energysafety.ca.gov/eFiling/Getfile.aspx?fileid=53475&shareable=true
T11R-5f99a8d5f4d407c3,T11-95a471ac8da98f,,3110000073,component_of_v4_tracking_id_group,WMP.1204,WMP.1204,"Grid Design, Operations, and Maintenance",Grid Operations and Procedures,Equipment Settings to Reduce Wildfire Risk,CAPEX,HFTD,$ Thousands,0,NA,NA,NA,NA,NA,NA,NA,NA,NA,,SDG&E,2023,v3.1,0,SDGE_2023_Q4_Tables1-15.xlsx,Table 11,69,AE69,https://efiling.energysafety.ca.gov/eFiling/Getfile.aspx?fileid=53475&shareable=true
T11R-bab79e06c0c307c1,T11-95a471ac8da98f,,3110000074,component_of_v4_tracking_id_group,WMP.1204,WMP.1204,"Grid Design, Operations, and Maintenance",Grid Operations and Procedures,Equipment Settings to Reduce Wildfire Risk,OPEX,Territory,$ Thousands,0,NA,NA,NA,NA,NA,NA,NA,NA,NA,,SDG&E,2023,v3.1,0,SDGE_2023_Q4_Tables1-15.xlsx,Table 11,69,AF69,https://efiling.energysafety.ca.gov/eFiling/Getfile.aspx?fileid=53475&shareable=true
T11R-60af1b4589ce75e6,T11-95a471ac8da98f,,3110000075,component_of_v4_tracking_id_group,WMP.1204,WMP.1204,"Grid Design, Operations, and Maintenance",Grid Operations and Procedures,Equipment Settings to Reduce Wildfire Risk,OPEX,HFTD,$ Thousands,0,NA,NA,NA,NA,NA,NA,NA,NA,NA,,SDG&E,2023,v3.1,0,SDGE_2023_Q4_Tables1-15.xlsx,Table 11,69,AG69,https://efiling.energysafety.ca.gov/eFiling/Getfile.aspx?fileid=53475&shareable=true
T11R-4ea14f1a7e5c023f,T11-3ff86e60889b85,,3110000076,component_of_v4_tracking_id_group,WMP.1205,WMP.1205;WMP.449,"Grid Design, Operations, and Maintenance",Grid Operations and Procedures,Grid Response Procedures and Notifications,CAPEX,Territory,$ Thousands,0,NA,NA,NA,NA,NA,NA,NA,NA,NA,,SDG&E,2023,v3.1,0,SDGE_2023_Q4_Tables1-15.xlsx,Table 11,70,AD70,https://efiling.energysafety.ca.gov/eFiling/Getfile.aspx?fileid=53475&shareable=true
T11R-ed54ecbb94a323de,T11-3ff86e60889b85,,3110000077,component_of_v4_tracking_id_group,WMP.1205,WMP.1205;WMP.449,"Grid Design, Operations, and Maintenance",Grid Operations and Procedures,Grid Response Procedures and Notifications,CAPEX,HFTD,$ Thousands,0,NA,NA,NA,NA,NA,NA,NA,NA,NA,,SDG&E,2023,v3.1,0,SDGE_2023_Q4_Tables1-15.xlsx,Table 11,70,AE70,https://efiling.energysafety.ca.gov/eFiling/Getfile.aspx?fileid=53475&shareable=true
T11R-c40fbb7be30fea96,T11-3ff86e60889b85,,3110000078,component_of_v4_tracking_id_group,WMP.1205,WMP.1205;WMP.449,"Grid Design, Operations, and Maintenance",Grid Operations and Procedures,Grid Response Procedures and Notifications,OPEX,Territory,$ Thousands,0,NA,NA,NA,NA,NA,NA,NA,NA,NA,,SDG&E,2023,v3.1,0,SDGE_2023_Q4_Tables1-15.xlsx,Table 11,70,AF70,https://efiling.energysafety.ca.gov/eFiling/Getfile.aspx?fileid=53475&shareable=true
T11R-78576444029d7b8f,T11-3ff86e60889b85,,3110000079,component_of_v4_tracking_id_group,WMP.1205,WMP.1205;WMP.449,"Grid Design, Operations, and Maintenance",Grid Operations and Procedures,Grid Response Procedures and Notifications,OPEX,HFTD,$ Thousands,0,NA,NA,NA,NA,NA,NA,NA,NA,NA,,SDG&E,2023,v3.1,0,SDGE_2023_Q4_Tables1-15.xlsx,Table 11,70,AG70,https://efiling.energysafety.ca.gov/eFiling/Getfile.aspx?fileid=53475&shareable=true
T11R-b61d81b578d803a7,T11-9c78b51087af8a,,3110000080,component_of_v4_tracking_id_group,WMP.515,WMP.515,"Grid Design, Operations, and Maintenance",Grid Operations and Procedures,Personnel Work Procedures and Training in Conditions of Elevated Fire Risk,CAPEX,Territory,$ Thousands,0,NA,NA,NA,NA,NA,NA,NA,NA,NA,,SDG&E,2023,v3.1,0,SDGE_2023_Q4_Tables1-15.xlsx,Table 11,71,AD71,https://efiling.energysafety.ca.gov/eFiling/Getfile.aspx?fileid=53475&shareable=true
T11R-5ca7b9e4f7923d79,T11-9c78b51087af8a,,3110000081,component_of_v4_tracking_id_group,WMP.515,WMP.515,"Grid Design, Operations, and Maintenance",Grid Operations and Procedures,Personnel Work Procedures and Training in Conditions of Elevated Fire Risk,CAPEX,HFTD,$ Thousands,0,NA,NA,NA,NA,NA,NA,NA,NA,NA,,SDG&E,2023,v3.1,0,SDGE_2023_Q4_Tables1-15.xlsx,Table 11,71,AE71,https://efiling.energysafety.ca.gov/eFiling/Getfile.aspx?fileid=53475&shareable=true
T11R-ed458797e4a332a9,T11-9c78b51087af8a,,3110000082,component_of_v4_tracking_id_group,WMP.515,WMP.515,"Grid Design, Operations, and Maintenance",Grid Operations and Procedures,Personnel Work Procedures and Training in Conditions of Elevated Fire Risk,OPEX,Territory,$ Thousands,0,NA,NA,NA,NA,NA,NA,NA,NA,NA,,SDG&E,2023,v3.1,0,SDGE_2023_Q4_Tables1-15.xlsx,Table 11,71,AF71,https://efiling.energysafety.ca.gov/eFiling/Getfile.aspx?fileid=53475&shareable=true
T11R-414178b5cdd29c8f,T11-9c78b51087af8a,,3110000083,component_of_v4_tracking_id_group,WMP.515,WMP.515,"Grid Design, Operations, and Maintenance",Grid Operations and Procedures,Personnel Work Procedures and Training in Conditions of Elevated Fire Risk,OPEX,HFTD,$ Thousands,0,NA,NA,NA,NA,NA,NA,NA,NA,NA,,SDG&E,2023,v3.1,0,SDGE_2023_Q4_Tables1-15.xlsx,Table 11,71,AG71,https://efiling.energysafety.ca.gov/eFiling/Getfile.aspx?fileid=53475&shareable=true
T11R-5021a15847fbc80c,T11-af57a5d8637d72,,3110000088,component_of_v4_tracking_id_group,WMP.1206,WMP.1206,"Grid Design, Operations, and Maintenance",Workforce Planning (Asset Management),,CAPEX,Territory,$ Thousands,0,NA,NA,NA,NA,NA,NA,NA,NA,NA,,SDG&E,2023,v3.1,0,SDGE_2023_Q4_Tables1-15.xlsx,Table 11,72,AD72,https://efiling.energysafety.ca.gov/eFiling/Getfile.aspx?fileid=53475&shareable=true
T11R-4a9f3f181eb9b119,T11-af57a5d8637d72,,3110000089,component_of_v4_tracking_id_group,WMP.1206,WMP.1206,"Grid Design, Operations, and Maintenance",Workforce Planning (Asset Management),,CAPEX,HFTD,$ Thousands,0,NA,NA,NA,NA,NA,NA,NA,NA,NA,,SDG&E,2023,v3.1,0,SDGE_2023_Q4_Tables1-15.xlsx,Table 11,72,AE72,https://efiling.energysafety.ca.gov/eFiling/Getfile.aspx?fileid=53475&shareable=true
T11R-9b616f579636a36d,T11-af57a5d8637d72,,3110000090,component_of_v4_tracking_id_group,WMP.1206,WMP.1206,"Grid Design, Operations, and Maintenance",Workforce Planning (Asset Management),,OPEX,Territory,$ Thousands,0,NA,NA,NA,NA,NA,NA,NA,NA,NA,,SDG&E,2023,v3.1,0,SDGE_2023_Q4_Tables1-15.xlsx,Table 11,72,AF72,https://efiling.energysafety.ca.gov/eFiling/Getfile.aspx?fileid=53475&shareable=true
T11R-6f2787fba84770b0,T11-af57a5d8637d72,,3110000091,component_of_v4_tracking_id_group,WMP.1206,WMP.1206,"Grid Design, Operations, and Maintenance",Workforce Planning (Asset Management),,OPEX,HFTD,$ Thousands,0,NA,NA,NA,NA,NA,NA,NA,NA,NA,,SDG&E,2023,v3.1,0,SDGE_2023_Q4_Tables1-15.xlsx,Table 11,72,AG72,https://efiling.energysafety.ca.gov/eFiling/Getfile.aspx?fileid=53475&shareable=true
T11R-3784dbb06f2d6903,T11-LEGACY-b0bc4a9c0869,,,legacy_tracking_id_not_in_v4_group,WMP.493,,Overview of the Service Territory,Environmental compliance and permitting,,CAPEX,Territory,$ Thousands,0,NA,NA,1998,NA,NA,NA,NA,NA,NA,,SDG&E,2023,v3.1,0,SDGE_2023_Q4_Tables1-15.xlsx,Table 11,73,AD73,https://efiling.energysafety.ca.gov/eFiling/Getfile.aspx?fileid=53475&shareable=true
T11R-50b03f51e1ec835c,T11-LEGACY-b0bc4a9c0869,,,legacy_tracking_id_not_in_v4_group,WMP.493,,Overview of the Service Territory,Environmental compliance and permitting,,CAPEX,HFTD,$ Thousands,0,NA,NA,1998,NA,NA,NA,NA,NA,NA,,SDG&E,2023,v3.1,0,SDGE_2023_Q4_Tables1-15.xlsx,Table 11,73,AE73,https://efiling.energysafety.ca.gov/eFiling/Getfile.aspx?fileid=53475&shareable=true
T11R-489873b274195814,T11-LEGACY-b0bc4a9c0869,,,legacy_tracking_id_not_in_v4_group,WMP.493,,Overview of the Service Territory,Environmental compliance and permitting,,OPEX,Territory,$ Thousands,1208.1944,NA,NA,1998,NA,NA,NA,NA,NA,NA,,SDG&E,2023,v3.1,0,SDGE_2023_Q4_Tables1-15.xlsx,Table 11,73,AF73,https://efiling.energysafety.ca.gov/eFiling/Getfile.aspx?fileid=53475&shareable=true
T11R-b1f47f70085cc365,T11-LEGACY-b0bc4a9c0869,,,legacy_tracking_id_not_in_v4_group,WMP.493,,Overview of the Service Territory,Environmental compliance and permitting,,OPEX,HFTD,$ Thousands,1208.1944,NA,NA,1998,NA,NA,NA,NA,NA,NA,,SDG&E,2023,v3.1,0,SDGE_2023_Q4_Tables1-15.xlsx,Table 11,73,AG73,https://efiling.energysafety.ca.gov/eFiling/Getfile.aspx?fileid=53475&shareable=true
T11R-b7d83445cab4e242,T11-6e26529a4ecb2f,,3110000140,component_of_v4_tracking_id_group,WMP.447,WMP.1431;WMP.447;WMP.970,Situational Awareness and Forecasting,Environmental Monitoring Systems,,CAPEX,Territory,$ Thousands,206.4754093,NA,NA,2010,NA,WMPMA,Exceeds,P.U. Code § 451,NA,NA,,SDG&E,2023,v3.1,0,SDGE_2023_Q4_Tables1-15.xlsx,Table 11,74,AD74,https://efiling.energysafety.ca.gov/eFiling/Getfile.aspx?fileid=53475&shareable=true
T11R-3ab357f08fc62b26,T11-6e26529a4ecb2f,,3110000141,component_of_v4_tracking_id_group,WMP.447,WMP.1431;WMP.447;WMP.970,Situational Awareness and Forecasting,Environmental Monitoring Systems,,CAPEX,HFTD,$ Thousands,206.4754093,NA,NA,2010,NA,WMPMA,Exceeds,P.U. Code § 451,NA,NA,,SDG&E,2023,v3.1,0,SDGE_2023_Q4_Tables1-15.xlsx,Table 11,74,AE74,https://efiling.energysafety.ca.gov/eFiling/Getfile.aspx?fileid=53475&shareable=true
T11R-03809aafb2d9d56f,T11-6e26529a4ecb2f,,3110000142,component_of_v4_tracking_id_group,WMP.447,WMP.1431;WMP.447;WMP.970,Situational Awareness and Forecasting,Environmental Monitoring Systems,,OPEX,Territory,$ Thousands,0,NA,NA,2010,NA,WMPMA,Exceeds,P.U. Code § 451,NA,NA,,SDG&E,2023,v3.1,0,SDGE_2023_Q4_Tables1-15.xlsx,Table 11,74,AF74,https://efiling.energysafety.ca.gov/eFiling/Getfile.aspx?fileid=53475&shareable=true
T11R-058c9f5375a42205,T11-6e26529a4ecb2f,,3110000143,component_of_v4_tracking_id_group,WMP.447,WMP.1431;WMP.447;WMP.970,Situational Awareness and Forecasting,Environmental Monitoring Systems,,OPEX,HFTD,$ Thousands,0,NA,NA,2010,NA,WMPMA,Exceeds,P.U. Code § 451,NA,NA,,SDG&E,2023,v3.1,0,SDGE_2023_Q4_Tables1-15.xlsx,Table 11,74,AG74,https://efiling.energysafety.ca.gov/eFiling/Getfile.aspx?fileid=53475&shareable=true
T11R-97e8b5747772b333,T11-6e26529a4ecb2f,,3110000140,component_of_v4_tracking_id_group,WMP.970,WMP.1431;WMP.447;WMP.970,Situational Awareness and Forecasting,Environmental Monitoring Systems,,CAPEX,Territory,$ Thousands,82.10982475,Wildfire Exposure Potential,NA,2022,NA,NA,NA,NA,NA,NA,,SDG&E,2023,v3.1,0,SDGE_2023_Q4_Tables1-15.xlsx,Table 11,75,AD75,https://efiling.energysafety.ca.gov/eFiling/Getfile.aspx?fileid=53475&shareable=true
T11R-045210d28f1b1220,T11-6e26529a4ecb2f,,3110000141,component_of_v4_tracking_id_group,WMP.970,WMP.1431;WMP.447;WMP.970,Situational Awareness and Forecasting,Environmental Monitoring Systems,,CAPEX,HFTD,$ Thousands,82.10982475,Wildfire Exposure Potential,NA,2022,NA,NA,NA,NA,NA,NA,,SDG&E,2023,v3.1,0,SDGE_2023_Q4_Tables1-15.xlsx,Table 11,75,AE75,https://efiling.energysafety.ca.gov/eFiling/Getfile.aspx?fileid=53475&shareable=true
T11R-11b1b8941007cf4e,T11-6e26529a4ecb2f,,3110000142,component_of_v4_tracking_id_group,WMP.970,WMP.1431;WMP.447;WMP.970,Situational Awareness and Forecasting,Environmental Monitoring Systems,,OPEX,Territory,$ Thousands,65.53187,Wildfire Exposure Potential,NA,2022,NA,NA,NA,NA,NA,NA,,SDG&E,2023,v3.1,0,SDGE_2023_Q4_Tables1-15.xlsx,Table 11,75,AF75,https://efiling.energysafety.ca.gov/eFiling/Getfile.aspx?fileid=53475&shareable=true
T11R-d5165f75fb8457ff,T11-6e26529a4ecb2f,,3110000143,component_of_v4_tracking_id_group,WMP.970,WMP.1431;WMP.447;WMP.970,Situational Awareness and Forecasting,Environmental Monitoring Systems,,OPEX,HFTD,$ Thousands,65.53187,Wildfire Exposure Potential,NA,2022,NA,NA,NA,NA,NA,NA,,SDG&E,2023,v3.1,0,SDGE_2023_Q4_Tables1-15.xlsx,Table 11,75,AG75,https://efiling.energysafety.ca.gov/eFiling/Getfile.aspx?fileid=53475&shareable=true
T11R-a1ca2c26ed9c1d11,T11-LEGACY-980ffe610503,,,legacy_tracking_id_not_in_v4_group,WMP.971,,Situational Awareness and Forecasting,Cameras,,CAPEX,Territory,$ Thousands,0,Wildfire Exposure Potential,Wildfire Spread,2009,NA,NA,NA,NA,NA,NA,,SDG&E,2023,v3.1,0,SDGE_2023_Q4_Tables1-15.xlsx,Table 11,76,AD76,https://efiling.energysafety.ca.gov/eFiling/Getfile.aspx?fileid=53475&shareable=true
T11R-9e4185b894fba3ef,T11-LEGACY-980ffe610503,,,legacy_tracking_id_not_in_v4_group,WMP.971,,Situational Awareness and Forecasting,Cameras,,CAPEX,HFTD,$ Thousands,0,Wildfire Exposure Potential,Wildfire Spread,2009,NA,NA,NA,NA,NA,NA,,SDG&E,2023,v3.1,0,SDGE_2023_Q4_Tables1-15.xlsx,Table 11,76,AE76,https://efiling.energysafety.ca.gov/eFiling/Getfile.aspx?fileid=53475&shareable=true
T11R-1325b65503038413,T11-LEGACY-980ffe610503,,,legacy_tracking_id_not_in_v4_group,WMP.971,,Situational Awareness and Forecasting,Cameras,,OPEX,Territory,$ Thousands,0,Wildfire Exposure Potential,Wildfire Spread,2009,NA,NA,NA,NA,NA,NA,,SDG&E,2023,v3.1,0,SDGE_2023_Q4_Tables1-15.xlsx,Table 11,76,AF76,https://efiling.energysafety.ca.gov/eFiling/Getfile.aspx?fileid=53475&shareable=true
T11R-e400dc73694b245c,T11-LEGACY-980ffe610503,,,legacy_tracking_id_not_in_v4_group,WMP.971,,Situational Awareness and Forecasting,Cameras,,OPEX,HFTD,$ Thousands,0,Wildfire Exposure Potential,Wildfire Spread,2009,NA,NA,NA,NA,NA,NA,,SDG&E,2023,v3.1,0,SDGE_2023_Q4_Tables1-15.xlsx,Table 11,76,AG76,https://efiling.energysafety.ca.gov/eFiling/Getfile.aspx?fileid=53475&shareable=true
T11R-722bac62b210ceef,T11-a0f528d167ee38,,3110000052,component_of_v4_tracking_id_group,WMP.558,WMP.466;WMP.467;WMP.468;WMP.558,"Grid Design, Operations, and Maintenance",Grid Design and System Hardening,Other technologies and systems not listed above,CAPEX,Territory,$ Thousands,0,Wildfire Exposure Potential,Wildfire Spread,NA,NA,NA,NA,NA,NA,NA,,SDG&E,2023,v3.1,0,SDGE_2023_Q4_Tables1-15.xlsx,Table 11,77,AD77,https://efiling.energysafety.ca.gov/eFiling/Getfile.aspx?fileid=53475&shareable=true
T11R-d7f3b83ac69ddf3b,T11-a0f528d167ee38,,3110000053,component_of_v4_tracking_id_group,WMP.558,WMP.466;WMP.467;WMP.468;WMP.558,"Grid Design, Operations, and Maintenance",Grid Design and System Hardening,Other technologies and systems not listed above,CAPEX,HFTD,$ Thousands,0,Wildfire Exposure Potential,Wildfire Spread,NA,NA,NA,NA,NA,NA,NA,,SDG&E,2023,v3.1,0,SDGE_2023_Q4_Tables1-15.xlsx,Table 11,77,AE77,https://efiling.energysafety.ca.gov/eFiling/Getfile.aspx?fileid=53475&shareable=true
T11R-8866377b0a9b5723,T11-a0f528d167ee38,,3110000054,component_of_v4_tracking_id_group,WMP.558,WMP.466;WMP.467;WMP.468;WMP.558,"Grid Design, Operations, and Maintenance",Grid Design and System Hardening,Other technologies and systems not listed above,OPEX,Territory,$ Thousands,0,Wildfire Exposure Potential,Wildfire Spread,NA,NA,NA,NA,NA,NA,NA,,SDG&E,2023,v3.1,0,SDGE_2023_Q4_Tables1-15.xlsx,Table 11,77,AF77,https://efiling.energysafety.ca.gov/eFiling/Getfile.aspx?fileid=53475&shareable=true
T11R-f0b0b958135e153c,T11-a0f528d167ee38,,3110000055,component_of_v4_tracking_id_group,WMP.558,WMP.466;WMP.467;WMP.468;WMP.558,"Grid Design, Operations, and Maintenance",Grid Design and System Hardening,Other technologies and systems not listed above,OPEX,HFTD,$ Thousands,0,Wildfire Exposure Potential,Wildfire Spread,NA,NA,NA,NA,NA,NA,NA,,SDG&E,2023,v3.1,0,SDGE_2023_Q4_Tables1-15.xlsx,Table 11,77,AG77,https://efiling.energysafety.ca.gov/eFiling/Getfile.aspx?fileid=53475&shareable=true
T11R-4929bd21686dcb77,T11-cbd5f73ae75b86,,3110000152,component_of_v4_tracking_id_group,WMP.443,WMP.1430;WMP.443,Situational Awareness and Forecasting,Weather Forecasting,,CAPEX,Territory,$ Thousands,0,Wildfire Exposure Potential,Wildfire Spread,2009,NA,NA,NA,NA,NA,NA,,SDG&E,2023,v3.1,0,SDGE_2023_Q4_Tables1-15.xlsx,Table 11,78,AD78,https://efiling.energysafety.ca.gov/eFiling/Getfile.aspx?fileid=53475&shareable=true
T11R-984151d343159a0a,T11-cbd5f73ae75b86,,3110000153,component_of_v4_tracking_id_group,WMP.443,WMP.1430;WMP.443,Situational Awareness and Forecasting,Weather Forecasting,,CAPEX,HFTD,$ Thousands,0,Wildfire Exposure Potential,Wildfire Spread,2009,NA,NA,NA,NA,NA,NA,,SDG&E,2023,v3.1,0,SDGE_2023_Q4_Tables1-15.xlsx,Table 11,78,AE78,https://efiling.energysafety.ca.gov/eFiling/Getfile.aspx?fileid=53475&shareable=true
T11R-b7a039f62f43f842,T11-cbd5f73ae75b86,,3110000154,component_of_v4_tracking_id_group,WMP.443,WMP.1430;WMP.443,Situational Awareness and Forecasting,Weather Forecasting,,OPEX,Territory,$ Thousands,0,Wildfire Exposure Potential,Wildfire Spread,2009,NA,NA,NA,NA,NA,NA,,SDG&E,2023,v3.1,0,SDGE_2023_Q4_Tables1-15.xlsx,Table 11,78,AF78,https://efiling.energysafety.ca.gov/eFiling/Getfile.aspx?fileid=53475&shareable=true
T11R-a8753832df75c87d,T11-cbd5f73ae75b86,,3110000155,component_of_v4_tracking_id_group,WMP.443,WMP.1430;WMP.443,Situational Awareness and Forecasting,Weather Forecasting,,OPEX,HFTD,$ Thousands,0,Wildfire Exposure Potential,Wildfire Spread,2009,NA,NA,NA,NA,NA,NA,,SDG&E,2023,v3.1,0,SDGE_2023_Q4_Tables1-15.xlsx,Table 11,78,AG78,https://efiling.energysafety.ca.gov/eFiling/Getfile.aspx?fileid=53475&shareable=true
T11R-7d8bffbae54e1943,T11-fba51635244918,,3110000156,component_of_v4_tracking_id_group,WMP.450,WMP.450,Situational Awareness and Forecasting,Fire Potential Index,,CAPEX,Territory,$ Thousands,1278.982568,Wildfire Exposure Potential,NA,2012,2019 GRC,NA,NA,NA,NA,NA,,SDG&E,2023,v3.1,0,SDGE_2023_Q4_Tables1-15.xlsx,Table 11,79,AD79,https://efiling.energysafety.ca.gov/eFiling/Getfile.aspx?fileid=53475&shareable=true
T11R-6219c6c18fa3ca44,T11-fba51635244918,,3110000157,component_of_v4_tracking_id_group,WMP.450,WMP.450,Situational Awareness and Forecasting,Fire Potential Index,,CAPEX,HFTD,$ Thousands,1278.982568,Wildfire Exposure Potential,NA,2012,2019 GRC,NA,NA,NA,NA,NA,,SDG&E,2023,v3.1,0,SDGE_2023_Q4_Tables1-15.xlsx,Table 11,79,AE79,https://efiling.energysafety.ca.gov/eFiling/Getfile.aspx?fileid=53475&shareable=true
T11R-73ba650f8c561efe,T11-fba51635244918,,3110000158,component_of_v4_tracking_id_group,WMP.450,WMP.450,Situational Awareness and Forecasting,Fire Potential Index,,OPEX,Territory,$ Thousands,4268.45893,Wildfire Exposure Potential,NA,2012,2019 GRC,NA,NA,NA,NA,NA,,SDG&E,2023,v3.1,0,SDGE_2023_Q4_Tables1-15.xlsx,Table 11,79,AF79,https://efiling.energysafety.ca.gov/eFiling/Getfile.aspx?fileid=53475&shareable=true
T11R-56124346fae83533,T11-fba51635244918,,3110000159,component_of_v4_tracking_id_group,WMP.450,WMP.450,Situational Awareness and Forecasting,Fire Potential Index,,OPEX,HFTD,$ Thousands,4268.45893,Wildfire Exposure Potential,NA,2012,2019 GRC,NA,NA,NA,NA,NA,,SDG&E,2023,v3.1,0,SDGE_2023_Q4_Tables1-15.xlsx,Table 11,79,AG79,https://efiling.energysafety.ca.gov/eFiling/Getfile.aspx?fileid=53475&shareable=true
T11R-c3df61923c805537,T11-LEGACY-6ce9abbaeb0e,,,legacy_tracking_id_not_in_v4_group,WMP.541,,Situational Awareness and Forecasting,High-performance computing infrastructure,,CAPEX,Territory,$ Thousands,10.11734141,Wildfire Exposure Potential,Wildfire Spread,2012,NA,WMPMA,Exceeds,P.U. Code § 451,NA,NA,,SDG&E,2023,v3.1,0,SDGE_2023_Q4_Tables1-15.xlsx,Table 11,80,AD80,https://efiling.energysafety.ca.gov/eFiling/Getfile.aspx?fileid=53475&shareable=true
T11R-2ec7698217d9ade7,T11-LEGACY-6ce9abbaeb0e,,,legacy_tracking_id_not_in_v4_group,WMP.541,,Situational Awareness and Forecasting,High-performance computing infrastructure,,CAPEX,HFTD,$ Thousands,10.11734141,Wildfire Exposure Potential,Wildfire Spread,2012,NA,WMPMA,Exceeds,P.U. Code § 451,NA,NA,,SDG&E,2023,v3.1,0,SDGE_2023_Q4_Tables1-15.xlsx,Table 11,80,AE80,https://efiling.energysafety.ca.gov/eFiling/Getfile.aspx?fileid=53475&shareable=true
T11R-a312f9bdc59e33a1,T11-LEGACY-6ce9abbaeb0e,,,legacy_tracking_id_not_in_v4_group,WMP.541,,Situational Awareness and Forecasting,High-performance computing infrastructure,,OPEX,Territory,$ Thousands,0,Wildfire Exposure Potential,Wildfire Spread,2012,NA,WMPMA,Exceeds,P.U. Code § 451,NA,NA,,SDG&E,2023,v3.1,0,SDGE_2023_Q4_Tables1-15.xlsx,Table 11,80,AF80,https://efiling.energysafety.ca.gov/eFiling/Getfile.aspx?fileid=53475&shareable=true
T11R-c988792f6fda7a4f,T11-LEGACY-6ce9abbaeb0e,,,legacy_tracking_id_not_in_v4_group,WMP.541,,Situational Awareness and Forecasting,High-performance computing infrastructure,,OPEX,HFTD,$ Thousands,0,Wildfire Exposure Potential,Wildfire Spread,2012,NA,WMPMA,Exceeds,P.U. Code § 451,NA,NA,,SDG&E,2023,v3.1,0,SDGE_2023_Q4_Tables1-15.xlsx,Table 11,80,AG80,https://efiling.energysafety.ca.gov/eFiling/Getfile.aspx?fileid=53475&shareable=true
T11R-b96f5395d0434611,T11-41a45f8f683066,,3110000092,component_of_v4_tracking_id_group,WMP.494,WMP.494;WMP.508,Vegetation Management and Inspections,Vegetation Management Inspections,,CAPEX,Territory,$ Thousands,0,Wildfire Exposure Potential,NA,1998,NA,NA,NA,"G.O. 95, Rule 35; Public Resources Code 4293; FAC-003-4",NA,NA,,SDG&E,2023,v3.1,0,SDGE_2023_Q4_Tables1-15.xlsx,Table 11,81,AD81,https://efiling.energysafety.ca.gov/eFiling/Getfile.aspx?fileid=53475&shareable=true
T11R-fc030ea6fafc972f,T11-41a45f8f683066,,3110000093,component_of_v4_tracking_id_group,WMP.494,WMP.494;WMP.508,Vegetation Management and Inspections,Vegetation Management Inspections,,CAPEX,HFTD,$ Thousands,0,Wildfire Exposure Potential,NA,1998,NA,NA,NA,"G.O. 95, Rule 35; Public Resources Code 4293; FAC-003-4",NA,NA,,SDG&E,2023,v3.1,0,SDGE_2023_Q4_Tables1-15.xlsx,Table 11,81,AE81,https://efiling.energysafety.ca.gov/eFiling/Getfile.aspx?fileid=53475&shareable=true
T11R-09c05cb32ee2366f,T11-41a45f8f683066,,3110000094,component_of_v4_tracking_id_group,WMP.494,WMP.494;WMP.508,Vegetation Management and Inspections,Vegetation Management Inspections,,OPEX,Territory,$ Thousands,67765.47024,Wildfire Exposure Potential,NA,1998,NA,NA,NA,"G.O. 95, Rule 35; Public Resources Code 4293; FAC-003-4",NA,NA,,SDG&E,2023,v3.1,0,SDGE_2023_Q4_Tables1-15.xlsx,Table 11,81,AF81,https://efiling.energysafety.ca.gov/eFiling/Getfile.aspx?fileid=53475&shareable=true
T11R-bfc3674f977bb735,T11-41a45f8f683066,,3110000095,component_of_v4_tracking_id_group,WMP.494,WMP.494;WMP.508,Vegetation Management and Inspections,Vegetation Management Inspections,,OPEX,HFTD,$ Thousands,35937.34491,Wildfire Exposure Potential,NA,1998,NA,NA,NA,"G.O. 95, Rule 35; Public Resources Code 4293; FAC-003-4",NA,NA,,SDG&E,2023,v3.1,0,SDGE_2023_Q4_Tables1-15.xlsx,Table 11,81,AG81,https://efiling.energysafety.ca.gov/eFiling/Getfile.aspx?fileid=53475&shareable=true
T11R-eda91dfc33592d11,T11-949448cfa21a29,,3110000104,component_of_v4_tracking_id_group,WMP.497,WMP.497,Vegetation Management and Inspections,Wood and Slash Management,,CAPEX,Territory,$ Thousands,0,Contact with vegetation,NA,2019,NA,WMPMA,Exceeds,P.U. Code § 451,NA,NA,,SDG&E,2023,v3.1,0,SDGE_2023_Q4_Tables1-15.xlsx,Table 11,82,AD82,https://efiling.energysafety.ca.gov/eFiling/Getfile.aspx?fileid=53475&shareable=true
T11R-b990d9324a520b2a,T11-949448cfa21a29,,3110000105,component_of_v4_tracking_id_group,WMP.497,WMP.497,Vegetation Management and Inspections,Wood and Slash Management,,CAPEX,HFTD,$ Thousands,0,Contact with vegetation,NA,2019,NA,WMPMA,Exceeds,P.U. Code § 451,NA,NA,,SDG&E,2023,v3.1,0,SDGE_2023_Q4_Tables1-15.xlsx,Table 11,82,AE82,https://efiling.energysafety.ca.gov/eFiling/Getfile.aspx?fileid=53475&shareable=true
T11R-a36daf920774beff,T11-949448cfa21a29,,3110000106,component_of_v4_tracking_id_group,WMP.497,WMP.497,Vegetation Management and Inspections,Wood and Slash Management,,OPEX,Territory,$ Thousands,4254.85846,Contact with vegetation,NA,2019,NA,WMPMA,Exceeds,P.U. Code § 451,NA,NA,,SDG&E,2023,v3.1,0,SDGE_2023_Q4_Tables1-15.xlsx,Table 11,82,AF82,https://efiling.energysafety.ca.gov/eFiling/Getfile.aspx?fileid=53475&shareable=true
T11R-6b5d934609b79149,T11-949448cfa21a29,,3110000107,component_of_v4_tracking_id_group,WMP.497,WMP.497,Vegetation Management and Inspections,Wood and Slash Management,,OPEX,HFTD,$ Thousands,4254.85846,Contact with vegetation,NA,2019,NA,WMPMA,Exceeds,P.U. Code § 451,NA,NA,,SDG&E,2023,v3.1,0,SDGE_2023_Q4_Tables1-15.xlsx,Table 11,82,AG82,https://efiling.energysafety.ca.gov/eFiling/Getfile.aspx?fileid=53475&shareable=true
T11R-240131dfbd45c7fb,T11-56945e223c5d08,,3110000100,component_of_v4_tracking_id_group,WMP.512,WMP.512,Vegetation Management and Inspections,Pole Clearing,,CAPEX,Territory,$ Thousands,0,Other contact with object,NA,1998,2019 GRC,NA,Meets,P.U. Code § 451 Public Resources Code 4292,NA,NA,,SDG&E,2023,v3.1,0,SDGE_2023_Q4_Tables1-15.xlsx,Table 11,83,AD83,https://efiling.energysafety.ca.gov/eFiling/Getfile.aspx?fileid=53475&shareable=true
T11R-b46939718de0f805,T11-56945e223c5d08,,3110000101,component_of_v4_tracking_id_group,WMP.512,WMP.512,Vegetation Management and Inspections,Pole Clearing,,CAPEX,HFTD,$ Thousands,0,Other contact with object,NA,1998,2019 GRC,NA,Meets,P.U. Code § 451 Public Resources Code 4292,NA,NA,,SDG&E,2023,v3.1,0,SDGE_2023_Q4_Tables1-15.xlsx,Table 11,83,AE83,https://efiling.energysafety.ca.gov/eFiling/Getfile.aspx?fileid=53475&shareable=true
T11R-8740350e39dc804d,T11-56945e223c5d08,,3110000102,component_of_v4_tracking_id_group,WMP.512,WMP.512,Vegetation Management and Inspections,Pole Clearing,,OPEX,Territory,$ Thousands,8003.97084,Other contact with object,NA,1998,2019 GRC,NA,Meets,P.U. Code § 451 Public Resources Code 4292,NA,NA,,SDG&E,2023,v3.1,0,SDGE_2023_Q4_Tables1-15.xlsx,Table 11,83,AF83,https://efiling.energysafety.ca.gov/eFiling/Getfile.aspx?fileid=53475&shareable=true
T11R-e20982c5f67fb78a,T11-56945e223c5d08,,3110000103,component_of_v4_tracking_id_group,WMP.512,WMP.512,Vegetation Management and Inspections,Pole Clearing,,OPEX,HFTD,$ Thousands,7034.086461,Other contact with object,NA,1998,2019 GRC,NA,Meets,P.U. Code § 451 Public Resources Code 4292,NA,NA,,SDG&E,2023,v3.1,0,SDGE_2023_Q4_Tables1-15.xlsx,Table 11,83,AG83,https://efiling.energysafety.ca.gov/eFiling/Getfile.aspx?fileid=53475&shareable=true
T11R-a2bb2fb030ba093c,T11-66d00926161a53,,3110000096,component_of_v4_tracking_id_group,WMP.501,WMP.501,Vegetation Management and Inspections,Pruning and Removal,,CAPEX,Territory,$ Thousands,0,Contact with vegetation,NA,2019,2019 GRC,NA,Exceeds,P.U. Code § 451,NA,NA,,SDG&E,2023,v3.1,0,SDGE_2023_Q4_Tables1-15.xlsx,Table 11,84,AD84,https://efiling.energysafety.ca.gov/eFiling/Getfile.aspx?fileid=53475&shareable=true
T11R-5b2f41ee1147e29b,T11-66d00926161a53,,3110000097,component_of_v4_tracking_id_group,WMP.501,WMP.501,Vegetation Management and Inspections,Pruning and Removal,,CAPEX,HFTD,$ Thousands,0,Contact with vegetation,NA,2019,2019 GRC,NA,Exceeds,P.U. Code § 451,NA,NA,,SDG&E,2023,v3.1,0,SDGE_2023_Q4_Tables1-15.xlsx,Table 11,84,AE84,https://efiling.energysafety.ca.gov/eFiling/Getfile.aspx?fileid=53475&shareable=true
T11R-90ccd755098dba38,T11-66d00926161a53,,3110000098,component_of_v4_tracking_id_group,WMP.501,WMP.501,Vegetation Management and Inspections,Pruning and Removal,,OPEX,Territory,$ Thousands,0,Contact with vegetation,NA,2019,2019 GRC,NA,Exceeds,P.U. Code § 451,NA,NA,,SDG&E,2023,v3.1,0,SDGE_2023_Q4_Tables1-15.xlsx,Table 11,84,AF84,https://efiling.energysafety.ca.gov/eFiling/Getfile.aspx?fileid=53475&shareable=true
T11R-3ff9073998d1622a,T11-66d00926161a53,,3110000099,component_of_v4_tracking_id_group,WMP.501,WMP.501,Vegetation Management and Inspections,Pruning and Removal,,OPEX,HFTD,$ Thousands,0,Contact with vegetation,NA,2019,2019 GRC,NA,Exceeds,P.U. Code § 451,NA,NA,,SDG&E,2023,v3.1,0,SDGE_2023_Q4_Tables1-15.xlsx,Table 11,84,AG84,https://efiling.energysafety.ca.gov/eFiling/Getfile.aspx?fileid=53475&shareable=true
T11R-2564ed61979282b7,T11-LEGACY-e64c9deb8360,,,legacy_tracking_id_not_in_v4_group,WMP.496,,Vegetation Management and Inspection,Emergency response vegetation management,,CAPEX,Territory,$ Thousands,0,Wildfire hazard,NA,1998,NA,NA,NA,NA,NA,NA,,SDG&E,2023,v3.1,0,SDGE_2023_Q4_Tables1-15.xlsx,Table 11,85,AD85,https://efiling.energysafety.ca.gov/eFiling/Getfile.aspx?fileid=53475&shareable=true
T11R-add172b5996ccd79,T11-LEGACY-e64c9deb8360,,,legacy_tracking_id_not_in_v4_group,WMP.496,,Vegetation Management and Inspection,Emergency response vegetation management,,CAPEX,HFTD,$ Thousands,0,Wildfire hazard,NA,1998,NA,NA,NA,NA,NA,NA,,SDG&E,2023,v3.1,0,SDGE_2023_Q4_Tables1-15.xlsx,Table 11,85,AE85,https://efiling.energysafety.ca.gov/eFiling/Getfile.aspx?fileid=53475&shareable=true
T11R-758b269fac5ee22a,T11-LEGACY-e64c9deb8360,,,legacy_tracking_id_not_in_v4_group,WMP.496,,Vegetation Management and Inspection,Emergency response vegetation management,,OPEX,Territory,$ Thousands,0,Wildfire hazard,NA,1998,NA,NA,NA,NA,NA,NA,,SDG&E,2023,v3.1,0,SDGE_2023_Q4_Tables1-15.xlsx,Table 11,85,AF85,https://efiling.energysafety.ca.gov/eFiling/Getfile.aspx?fileid=53475&shareable=true
T11R-0ed8bed4ec873267,T11-LEGACY-e64c9deb8360,,,legacy_tracking_id_not_in_v4_group,WMP.496,,Vegetation Management and Inspection,Emergency response vegetation management,,OPEX,HFTD,$ Thousands,0,Wildfire hazard,NA,1998,NA,NA,NA,NA,NA,NA,,SDG&E,2023,v3.1,0,SDGE_2023_Q4_Tables1-15.xlsx,Table 11,85,AG85,https://efiling.energysafety.ca.gov/eFiling/Getfile.aspx?fileid=53475&shareable=true
T11R-8ddb890d419199e0,T11-f654ca05889ca0,,3110000176,component_of_v4_tracking_id_group,WMP.511,WMP.511;WMP.519,Enterprise Systems,Enterprise Systems Development,,CAPEX,Territory,$ Thousands,880.0497178,NA,NA,2002,NA,NA,NA,NA,NA,NA,,SDG&E,2023,v3.1,0,SDGE_2023_Q4_Tables1-15.xlsx,Table 11,86,AD86,https://efiling.energysafety.ca.gov/eFiling/Getfile.aspx?fileid=53475&shareable=true
T11R-d037798b1667d376,T11-f654ca05889ca0,,3110000177,component_of_v4_tracking_id_group,WMP.511,WMP.511;WMP.519,Enterprise Systems,Enterprise Systems Development,,CAPEX,HFTD,$ Thousands,880.0497178,NA,NA,2002,NA,NA,NA,NA,NA,NA,,SDG&E,2023,v3.1,0,SDGE_2023_Q4_Tables1-15.xlsx,Table 11,86,AE86,https://efiling.energysafety.ca.gov/eFiling/Getfile.aspx?fileid=53475&shareable=true
T11R-5c03459735bdedd5,T11-f654ca05889ca0,,3110000178,component_of_v4_tracking_id_group,WMP.511,WMP.511;WMP.519,Enterprise Systems,Enterprise Systems Development,,OPEX,Territory,$ Thousands,0,NA,NA,2002,NA,NA,NA,NA,NA,NA,,SDG&E,2023,v3.1,0,SDGE_2023_Q4_Tables1-15.xlsx,Table 11,86,AF86,https://efiling.energysafety.ca.gov/eFiling/Getfile.aspx?fileid=53475&shareable=true
T11R-0017ffb8e55c5d61,T11-f654ca05889ca0,,3110000179,component_of_v4_tracking_id_group,WMP.511,WMP.511;WMP.519,Enterprise Systems,Enterprise Systems Development,,OPEX,HFTD,$ Thousands,0,NA,NA,2002,NA,NA,NA,NA,NA,NA,,SDG&E,2023,v3.1,0,SDGE_2023_Q4_Tables1-15.xlsx,Table 11,86,AG86,https://efiling.energysafety.ca.gov/eFiling/Getfile.aspx?fileid=53475&shareable=true
T11R-1a57877d62ecffd3,T11-ec0048a25790bc,,3110000128,component_of_v4_tracking_id_group,WMP.505,WMP.505,Vegetation Management and Inspections,Quality Assurance and Quality Control (Vegetation Management),,CAPEX,Territory,$ Thousands,0,NA,NA,1998,NA,NA,NA,NA,NA,NA,,SDG&E,2023,v3.1,0,SDGE_2023_Q4_Tables1-15.xlsx,Table 11,87,AD87,https://efiling.energysafety.ca.gov/eFiling/Getfile.aspx?fileid=53475&shareable=true
T11R-32ae9896fc41fc2b,T11-ec0048a25790bc,,3110000129,component_of_v4_tracking_id_group,WMP.505,WMP.505,Vegetation Management and Inspections,Quality Assurance and Quality Control (Vegetation Management),,CAPEX,HFTD,$ Thousands,0,NA,NA,1998,NA,NA,NA,NA,NA,NA,,SDG&E,2023,v3.1,0,SDGE_2023_Q4_Tables1-15.xlsx,Table 11,87,AE87,https://efiling.energysafety.ca.gov/eFiling/Getfile.aspx?fileid=53475&shareable=true
T11R-d55ee17da7b2844c,T11-ec0048a25790bc,,3110000130,component_of_v4_tracking_id_group,WMP.505,WMP.505,Vegetation Management and Inspections,Quality Assurance and Quality Control (Vegetation Management),,OPEX,Territory,$ Thousands,0,NA,NA,1998,NA,NA,NA,NA,NA,NA,,SDG&E,2023,v3.1,0,SDGE_2023_Q4_Tables1-15.xlsx,Table 11,87,AF87,https://efiling.energysafety.ca.gov/eFiling/Getfile.aspx?fileid=53475&shareable=true
T11R-8f8de3fed7e0bb72,T11-ec0048a25790bc,,3110000131,component_of_v4_tracking_id_group,WMP.505,WMP.505,Vegetation Management and Inspections,Quality Assurance and Quality Control (Vegetation Management),,OPEX,HFTD,$ Thousands,0,NA,NA,1998,NA,NA,NA,NA,NA,NA,,SDG&E,2023,v3.1,0,SDGE_2023_Q4_Tables1-15.xlsx,Table 11,87,AG87,https://efiling.energysafety.ca.gov/eFiling/Getfile.aspx?fileid=53475&shareable=true
T11R-bcd4900a4b1ffcae,T11-6faaa3e7b6e066,,3110000132,component_of_v4_tracking_id_group,WMP.1207,WMP.1207,Vegetation Management and Inspections,Work Orders (Vegetation Management),,CAPEX,Territory,$ Thousands,0,NA,NA,1998,NA,NA,NA,NA,NA,NA,,SDG&E,2023,v3.1,0,SDGE_2023_Q4_Tables1-15.xlsx,Table 11,88,AD88,https://efiling.energysafety.ca.gov/eFiling/Getfile.aspx?fileid=53475&shareable=true
T11R-f500b07a86a6ad56,T11-6faaa3e7b6e066,,3110000133,component_of_v4_tracking_id_group,WMP.1207,WMP.1207,Vegetation Management and Inspections,Work Orders (Vegetation Management),,CAPEX,HFTD,$ Thousands,0,NA,NA,1998,NA,NA,NA,NA,NA,NA,,SDG&E,2023,v3.1,0,SDGE_2023_Q4_Tables1-15.xlsx,Table 11,88,AE88,https://efiling.energysafety.ca.gov/eFiling/Getfile.aspx?fileid=53475&shareable=true
T11R-77dfaf3178c64bee,T11-6faaa3e7b6e066,,3110000134,component_of_v4_tracking_id_group,WMP.1207,WMP.1207,Vegetation Management and Inspections,Work Orders (Vegetation Management),,OPEX,Territory,$ Thousands,0,NA,NA,1998,NA,NA,NA,NA,NA,NA,,SDG&E,2023,v3.1,0,SDGE_2023_Q4_Tables1-15.xlsx,Table 11,88,AF88,https://efiling.energysafety.ca.gov/eFiling/Getfile.aspx?fileid=53475&shareable=true
T11R-fbc319ec986bafd8,T11-6faaa3e7b6e066,,3110000135,component_of_v4_tracking_id_group,WMP.1207,WMP.1207,Vegetation Management and Inspections,Work Orders (Vegetation Management),,OPEX,HFTD,$ Thousands,0,NA,NA,1998,NA,NA,NA,NA,NA,NA,,SDG&E,2023,v3.1,0,SDGE_2023_Q4_Tables1-15.xlsx,Table 11,88,AG88,https://efiling.energysafety.ca.gov/eFiling/Getfile.aspx?fileid=53475&shareable=true
T11R-88b97f39c9ff78ec,T11-LEGACY-e7bab618de8e,,,legacy_tracking_id_not_in_v4_group,WMP.1208,,Vegetation Management and Inspection,Workforce Planning,,CAPEX,Territory,$ Thousands,0,NA,NA,2021,NA,NA,NA,NA,NA,NA,,SDG&E,2023,v3.1,0,SDGE_2023_Q4_Tables1-15.xlsx,Table 11,89,AD89,https://efiling.energysafety.ca.gov/eFiling/Getfile.aspx?fileid=53475&shareable=true
T11R-34cd902ec22eec1e,T11-LEGACY-e7bab618de8e,,,legacy_tracking_id_not_in_v4_group,WMP.1208,,Vegetation Management and Inspection,Workforce Planning,,CAPEX,HFTD,$ Thousands,0,NA,NA,2021,NA,NA,NA,NA,NA,NA,,SDG&E,2023,v3.1,0,SDGE_2023_Q4_Tables1-15.xlsx,Table 11,89,AE89,https://efiling.energysafety.ca.gov/eFiling/Getfile.aspx?fileid=53475&shareable=true
T11R-2261b5d4275bfb34,T11-LEGACY-e7bab618de8e,,,legacy_tracking_id_not_in_v4_group,WMP.1208,,Vegetation Management and Inspection,Workforce Planning,,OPEX,Territory,$ Thousands,0,NA,NA,2021,NA,NA,NA,NA,NA,NA,,SDG&E,2023,v3.1,0,SDGE_2023_Q4_Tables1-15.xlsx,Table 11,89,AF89,https://efiling.energysafety.ca.gov/eFiling/Getfile.aspx?fileid=53475&shareable=true
T11R-932be2be65990b32,T11-LEGACY-e7bab618de8e,,,legacy_tracking_id_not_in_v4_group,WMP.1208,,Vegetation Management and Inspection,Workforce Planning,,OPEX,HFTD,$ Thousands,0,NA,NA,2021,NA,NA,NA,NA,NA,NA,,SDG&E,2023,v3.1,0,SDGE_2023_Q4_Tables1-15.xlsx,Table 11,89,AG89,https://efiling.energysafety.ca.gov/eFiling/Getfile.aspx?fileid=53475&shareable=true
T11R-a43b63dcf0f3de96,T11-LEGACY-c0c4f174dae0,,,legacy_tracking_id_not_in_v4_group,WMP.1209,,Wildfire Mitigation Strategy Development,Wildfire Mitigation Strategy Development,,CAPEX,Territory,$ Thousands,0,NA,NA,NA,NA,NA,NA,NA,NA,NA,,SDG&E,2023,v3.1,0,SDGE_2023_Q4_Tables1-15.xlsx,Table 11,90,AD90,https://efiling.energysafety.ca.gov/eFiling/Getfile.aspx?fileid=53475&shareable=true
T11R-b58a0184cef02fa2,T11-LEGACY-c0c4f174dae0,,,legacy_tracking_id_not_in_v4_group,WMP.1209,,Wildfire Mitigation Strategy Development,Wildfire Mitigation Strategy Development,,CAPEX,HFTD,$ Thousands,0,NA,NA,NA,NA,NA,NA,NA,NA,NA,,SDG&E,2023,v3.1,0,SDGE_2023_Q4_Tables1-15.xlsx,Table 11,90,AE90,https://efiling.energysafety.ca.gov/eFiling/Getfile.aspx?fileid=53475&shareable=true
T11R-ff0093ff18c3b1ab,T11-LEGACY-c0c4f174dae0,,,legacy_tracking_id_not_in_v4_group,WMP.1209,,Wildfire Mitigation Strategy Development,Wildfire Mitigation Strategy Development,,OPEX,Territory,$ Thousands,0,NA,NA,NA,NA,NA,NA,NA,NA,NA,,SDG&E,2023,v3.1,0,SDGE_2023_Q4_Tables1-15.xlsx,Table 11,90,AF90,https://efiling.energysafety.ca.gov/eFiling/Getfile.aspx?fileid=53475&shareable=true
T11R-38dd03c81acff94e,T11-LEGACY-c0c4f174dae0,,,legacy_tracking_id_not_in_v4_group,WMP.1209,,Wildfire Mitigation Strategy Development,Wildfire Mitigation Strategy Development,,OPEX,HFTD,$ Thousands,0,NA,NA,NA,NA,NA,NA,NA,NA,NA,,SDG&E,2023,v3.1,0,SDGE_2023_Q4_Tables1-15.xlsx,Table 11,90,AG90,https://efiling.energysafety.ca.gov/eFiling/Getfile.aspx?fileid=53475&shareable=true
T11R-5498ba253e8b2337,T11-d46a273ba13dc1,,3110000000,component_of_v4_tracking_id_group,WMP.442,WMP.442,Risk Methodology and Assessment,Risk Methodology and Assessment (Initiative),,CAPEX,Territory,$ Thousands,0,NA,NA,2012,2019 GRC,NA,Exceeds,P.U. Code § 451,NA,A summarized risk map that shows the overall ignition probability and estimated wildfire consequence along the electric lines and equipment,,SDG&E,2023,v3.1,0,SDGE_2023_Q4_Tables1-15.xlsx,Table 11,91,AD91,https://efiling.energysafety.ca.gov/eFiling/Getfile.aspx?fileid=53475&shareable=true
T11R-7cbac61545124bd5,T11-d46a273ba13dc1,,3110000001,component_of_v4_tracking_id_group,WMP.442,WMP.442,Risk Methodology and Assessment,Risk Methodology and Assessment (Initiative),,CAPEX,HFTD,$ Thousands,0,NA,NA,2012,2019 GRC,NA,Exceeds,P.U. Code § 451,NA,A summarized risk map that shows the overall ignition probability and estimated wildfire consequence along the electric lines and equipment,,SDG&E,2023,v3.1,0,SDGE_2023_Q4_Tables1-15.xlsx,Table 11,91,AE91,https://efiling.energysafety.ca.gov/eFiling/Getfile.aspx?fileid=53475&shareable=true
T11R-760e72ca87a529fe,T11-d46a273ba13dc1,,3110000002,component_of_v4_tracking_id_group,WMP.442,WMP.442,Risk Methodology and Assessment,Risk Methodology and Assessment (Initiative),,OPEX,Territory,$ Thousands,3871.54981,NA,NA,2012,2019 GRC,NA,Exceeds,P.U. Code § 451,NA,A summarized risk map that shows the overall ignition probability and estimated wildfire consequence along the electric lines and equipment,,SDG&E,2023,v3.1,0,SDGE_2023_Q4_Tables1-15.xlsx,Table 11,91,AF91,https://efiling.energysafety.ca.gov/eFiling/Getfile.aspx?fileid=53475&shareable=true
T11R-5b82f279f38dba5c,T11-d46a273ba13dc1,,3110000003,component_of_v4_tracking_id_group,WMP.442,WMP.442,Risk Methodology and Assessment,Risk Methodology and Assessment (Initiative),,OPEX,HFTD,$ Thousands,3871.54981,NA,NA,2012,2019 GRC,NA,Exceeds,P.U. Code § 451,NA,A summarized risk map that shows the overall ignition probability and estimated wildfire consequence along the electric lines and equipment,,SDG&E,2023,v3.1,0,SDGE_2023_Q4_Tables1-15.xlsx,Table 11,91,AG91,https://efiling.energysafety.ca.gov/eFiling/Getfile.aspx?fileid=53475&shareable=true
T11R-5ecc4d5bc5647e43,T11-ae8cea644ba33c,,3110000004,component_of_v4_tracking_id_group,WMP.521,WMP.521;WMP.523,Wildfire Mitigation Strategy,Wildfire Mitigation Strategy Development,,CAPEX,Territory,$ Thousands,2433.919037,NA,NA,2020,NA,WMPMA,Exceeds,P.U. Code § 451,NA,Documentation and disclosure of wildfire-related data and algorithms,,SDG&E,2023,v3.1,0,SDGE_2023_Q4_Tables1-15.xlsx,Table 11,92,AD92,https://efiling.energysafety.ca.gov/eFiling/Getfile.aspx?fileid=53475&shareable=true
T11R-2946e419db0b360a,T11-ae8cea644ba33c,,3110000005,component_of_v4_tracking_id_group,WMP.521,WMP.521;WMP.523,Wildfire Mitigation Strategy,Wildfire Mitigation Strategy Development,,CAPEX,HFTD,$ Thousands,2433.919037,NA,NA,2020,NA,WMPMA,Exceeds,P.U. Code § 451,NA,Documentation and disclosure of wildfire-related data and algorithms,,SDG&E,2023,v3.1,0,SDGE_2023_Q4_Tables1-15.xlsx,Table 11,92,AE92,https://efiling.energysafety.ca.gov/eFiling/Getfile.aspx?fileid=53475&shareable=true
T11R-02a29fe31e86a13c,T11-ae8cea644ba33c,,3110000006,component_of_v4_tracking_id_group,WMP.521,WMP.521;WMP.523,Wildfire Mitigation Strategy,Wildfire Mitigation Strategy Development,,OPEX,Territory,$ Thousands,0,NA,NA,2020,NA,WMPMA,Exceeds,P.U. Code § 451,NA,Documentation and disclosure of wildfire-related data and algorithms,,SDG&E,2023,v3.1,0,SDGE_2023_Q4_Tables1-15.xlsx,Table 11,92,AF92,https://efiling.energysafety.ca.gov/eFiling/Getfile.aspx?fileid=53475&shareable=true
T11R-ba84b743477e3d29,T11-ae8cea644ba33c,,3110000007,component_of_v4_tracking_id_group,WMP.521,WMP.521;WMP.523,Wildfire Mitigation Strategy,Wildfire Mitigation Strategy Development,,OPEX,HFTD,$ Thousands,0,NA,NA,2020,NA,WMPMA,Exceeds,P.U. Code § 451,NA,Documentation and disclosure of wildfire-related data and algorithms,,SDG&E,2023,v3.1,0,SDGE_2023_Q4_Tables1-15.xlsx,Table 11,92,AG92,https://efiling.energysafety.ca.gov/eFiling/Getfile.aspx?fileid=53475&shareable=true
T11R-2e10e450e4a6bf2e,T11-ae8cea644ba33c,,3110000004,component_of_v4_tracking_id_group,WMP.523,WMP.521;WMP.523,Wildfire Mitigation Strategy,Wildfire Mitigation Strategy Development,,CAPEX,Territory,$ Thousands,5154.928868,NA,NA,2019,2019 GRC,NA,Exceeds,P.U. Code § 451,NA,Allocation methodology development and application,,SDG&E,2023,v3.1,0,SDGE_2023_Q4_Tables1-15.xlsx,Table 11,93,AD93,https://efiling.energysafety.ca.gov/eFiling/Getfile.aspx?fileid=53475&shareable=true
T11R-d7801263d27bd78e,T11-ae8cea644ba33c,,3110000005,component_of_v4_tracking_id_group,WMP.523,WMP.521;WMP.523,Wildfire Mitigation Strategy,Wildfire Mitigation Strategy Development,,CAPEX,HFTD,$ Thousands,5154.928868,NA,NA,2019,2019 GRC,NA,Exceeds,P.U. Code § 451,NA,Allocation methodology development and application,,SDG&E,2023,v3.1,0,SDGE_2023_Q4_Tables1-15.xlsx,Table 11,93,AE93,https://efiling.energysafety.ca.gov/eFiling/Getfile.aspx?fileid=53475&shareable=true
T11R-bdf06cd82e0184ce,T11-ae8cea644ba33c,,3110000006,component_of_v4_tracking_id_group,WMP.523,WMP.521;WMP.523,Wildfire Mitigation Strategy,Wildfire Mitigation Strategy Development,,OPEX,Territory,$ Thousands,5431.84539,NA,NA,2019,2019 GRC,NA,Exceeds,P.U. Code § 451,NA,Allocation methodology development and application,,SDG&E,2023,v3.1,0,SDGE_2023_Q4_Tables1-15.xlsx,Table 11,93,AF93,https://efiling.energysafety.ca.gov/eFiling/Getfile.aspx?fileid=53475&shareable=true
T11R-3687431879c255d2,T11-ae8cea644ba33c,,3110000007,component_of_v4_tracking_id_group,WMP.523,WMP.521;WMP.523,Wildfire Mitigation Strategy,Wildfire Mitigation Strategy Development,,OPEX,HFTD,$ Thousands,5431.84539,NA,NA,2019,2019 GRC,NA,Exceeds,P.U. Code § 451,NA,Allocation methodology development and application,,SDG&E,2023,v3.1,0,SDGE_2023_Q4_Tables1-15.xlsx,Table 11,93,AG93,https://efiling.energysafety.ca.gov/eFiling/Getfile.aspx?fileid=53475&shareable=true
T11R-1142264d61236cf3,T11-7c843e2300f623,,3110000168,component_of_v4_tracking_id_group,WMP.527,WMP.527;WMP.563,"Emergency Preparedness, Collaboration and Public Awareness","Public Communication, Outreach, and Education Awareness",,CAPEX,Territory,$ Thousands,0,PSPS Vulnerability,NA,2013,NA,WMPMA,NA,NA,NA,,,SDG&E,2024,v3.2,Petition amendment R0,TN16400_20250728T143441_SDGE_2025_Petition_to_Amend_Tables_1_11_and_12_R0xlsx.xlsx,Table 11,10,N10,https://efiling.energysafety.ca.gov/eFiling/Getfile.aspx?fileid=56226&shareable=true
T11R-cb9e4a8744eccd63,T11-7c843e2300f623,,3110000169,component_of_v4_tracking_id_group,WMP.527,WMP.527;WMP.563,"Emergency Preparedness, Collaboration and Public Awareness","Public Communication, Outreach, and Education Awareness",,CAPEX,HFTD,$ Thousands,0,PSPS Vulnerability,NA,2013,NA,WMPMA,NA,NA,NA,,,SDG&E,2024,v3.2,Petition amendment R0,TN16400_20250728T143441_SDGE_2025_Petition_to_Amend_Tables_1_11_and_12_R0xlsx.xlsx,Table 11,10,O10,https://efiling.energysafety.ca.gov/eFiling/Getfile.aspx?fileid=56226&shareable=true
T11R-64f2b86d5ddad39d,T11-7c843e2300f623,,3110000170,component_of_v4_tracking_id_group,WMP.527,WMP.527;WMP.563,"Emergency Preparedness, Collaboration and Public Awareness","Public Communication, Outreach, and Education Awareness",,OPEX,Territory,$ Thousands,3958,PSPS Vulnerability,NA,2013,NA,WMPMA,NA,NA,NA,,,SDG&E,2024,v3.2,Petition amendment R0,TN16400_20250728T143441_SDGE_2025_Petition_to_Amend_Tables_1_11_and_12_R0xlsx.xlsx,Table 11,10,P10,https://efiling.energysafety.ca.gov/eFiling/Getfile.aspx?fileid=56226&shareable=true
T11R-d4596c8868bfb7b4,T11-7c843e2300f623,,3110000171,component_of_v4_tracking_id_group,WMP.527,WMP.527;WMP.563,"Emergency Preparedness, Collaboration and Public Awareness","Public Communication, Outreach, and Education Awareness",,OPEX,HFTD,$ Thousands,3958,PSPS Vulnerability,NA,2013,NA,WMPMA,NA,NA,NA,,,SDG&E,2024,v3.2,Petition amendment R0,TN16400_20250728T143441_SDGE_2025_Petition_to_Amend_Tables_1_11_and_12_R0xlsx.xlsx,Table 11,10,Q10,https://efiling.energysafety.ca.gov/eFiling/Getfile.aspx?fileid=56226&shareable=true
T11R-4b3e8aca968ffe4b,T11-97310a8a81f2f1,,3110000160,component_of_v4_tracking_id_group,WMP.532,WMP.1008;WMP.1009;WMP.1198;WMP.514;WMP.532;WMP.557,"Emergency Preparedness, Collaboration and Public Awareness",Emergency Preparedness and Recovery Plan,,CAPEX,Territory,$ Thousands,0,,,,,,,,,,,SDG&E,2024,v3.2,Petition amendment R0,TN16400_20250728T143441_SDGE_2025_Petition_to_Amend_Tables_1_11_and_12_R0xlsx.xlsx,Table 11,11,N11,https://efiling.energysafety.ca.gov/eFiling/Getfile.aspx?fileid=56226&shareable=true
T11R-4d92f40038b0088d,T11-97310a8a81f2f1,,3110000161,component_of_v4_tracking_id_group,WMP.532,WMP.1008;WMP.1009;WMP.1198;WMP.514;WMP.532;WMP.557,"Emergency Preparedness, Collaboration and Public Awareness",Emergency Preparedness and Recovery Plan,,CAPEX,HFTD,$ Thousands,0,,,,,,,,,,,SDG&E,2024,v3.2,Petition amendment R0,TN16400_20250728T143441_SDGE_2025_Petition_to_Amend_Tables_1_11_and_12_R0xlsx.xlsx,Table 11,11,O11,https://efiling.energysafety.ca.gov/eFiling/Getfile.aspx?fileid=56226&shareable=true
T11R-d85f206139fd0886,T11-97310a8a81f2f1,,3110000162,component_of_v4_tracking_id_group,WMP.532,WMP.1008;WMP.1009;WMP.1198;WMP.514;WMP.532;WMP.557,"Emergency Preparedness, Collaboration and Public Awareness",Emergency Preparedness and Recovery Plan,,OPEX,Territory,$ Thousands,0,,,,,,,,,,,SDG&E,2024,v3.2,Petition amendment R0,TN16400_20250728T143441_SDGE_2025_Petition_to_Amend_Tables_1_11_and_12_R0xlsx.xlsx,Table 11,11,P11,https://efiling.energysafety.ca.gov/eFiling/Getfile.aspx?fileid=56226&shareable=true
T11R-3fee53ada5cfd36a,T11-97310a8a81f2f1,,3110000163,component_of_v4_tracking_id_group,WMP.532,WMP.1008;WMP.1009;WMP.1198;WMP.514;WMP.532;WMP.557,"Emergency Preparedness, Collaboration and Public Awareness",Emergency Preparedness and Recovery Plan,,OPEX,HFTD,$ Thousands,0,,,,,,,,,,,SDG&E,2024,v3.2,Petition amendment R0,TN16400_20250728T143441_SDGE_2025_Petition_to_Amend_Tables_1_11_and_12_R0xlsx.xlsx,Table 11,11,Q11,https://efiling.energysafety.ca.gov/eFiling/Getfile.aspx?fileid=56226&shareable=true
T11R-a4ceb311f513fcde,T11-97310a8a81f2f1,,3110000160,component_of_v4_tracking_id_group,WMP.1198,WMP.1008;WMP.1009;WMP.1198;WMP.514;WMP.532;WMP.557,"Emergency Preparedness, Collaboration and Public Awareness",Emergency Preparedness and Recovery Plan,,CAPEX,Territory,$ Thousands,0,PSPS Vulnerability,NA,NA,NA,NA,NA,NA,NA,,,SDG&E,2024,v3.2,Petition amendment R0,TN16400_20250728T143441_SDGE_2025_Petition_to_Amend_Tables_1_11_and_12_R0xlsx.xlsx,Table 11,12,N12,https://efiling.energysafety.ca.gov/eFiling/Getfile.aspx?fileid=56226&shareable=true
T11R-0ef623cc02ea2828,T11-97310a8a81f2f1,,3110000161,component_of_v4_tracking_id_group,WMP.1198,WMP.1008;WMP.1009;WMP.1198;WMP.514;WMP.532;WMP.557,"Emergency Preparedness, Collaboration and Public Awareness",Emergency Preparedness and Recovery Plan,,CAPEX,HFTD,$ Thousands,0,PSPS Vulnerability,NA,NA,NA,NA,NA,NA,NA,,,SDG&E,2024,v3.2,Petition amendment R0,TN16400_20250728T143441_SDGE_2025_Petition_to_Amend_Tables_1_11_and_12_R0xlsx.xlsx,Table 11,12,O12,https://efiling.energysafety.ca.gov/eFiling/Getfile.aspx?fileid=56226&shareable=true
T11R-65f3be5415c830cb,T11-97310a8a81f2f1,,3110000162,component_of_v4_tracking_id_group,WMP.1198,WMP.1008;WMP.1009;WMP.1198;WMP.514;WMP.532;WMP.557,"Emergency Preparedness, Collaboration and Public Awareness",Emergency Preparedness and Recovery Plan,,OPEX,Territory,$ Thousands,0,PSPS Vulnerability,NA,NA,NA,NA,NA,NA,NA,,,SDG&E,2024,v3.2,Petition amendment R0,TN16400_20250728T143441_SDGE_2025_Petition_to_Amend_Tables_1_11_and_12_R0xlsx.xlsx,Table 11,12,P12,https://efiling.energysafety.ca.gov/eFiling/Getfile.aspx?fileid=56226&shareable=true
T11R-04e67971ad0d0eff,T11-97310a8a81f2f1,,3110000163,component_of_v4_tracking_id_group,WMP.1198,WMP.1008;WMP.1009;WMP.1198;WMP.514;WMP.532;WMP.557,"Emergency Preparedness, Collaboration and Public Awareness",Emergency Preparedness and Recovery Plan,,OPEX,HFTD,$ Thousands,0,PSPS Vulnerability,NA,NA,NA,NA,NA,NA,NA,,,SDG&E,2024,v3.2,Petition amendment R0,TN16400_20250728T143441_SDGE_2025_Petition_to_Amend_Tables_1_11_and_12_R0xlsx.xlsx,Table 11,12,Q12,https://efiling.energysafety.ca.gov/eFiling/Getfile.aspx?fileid=56226&shareable=true
T11R-39cacd2c2a410574,T11-900fca4a60b69b,,3110000164,component_of_v4_tracking_id_group,WMP.1199,WMP.1199;WMP.1200;WMP.1201;WMP.1337,"Emergency Preparedness, Collaboration and Public Awareness",External Collaboration and Coordination,,CAPEX,Territory,$ Thousands,0,PSPS Vulnerability,NA,NA,NA,NA,NA,NA,NA,,,SDG&E,2024,v3.2,Petition amendment R0,TN16400_20250728T143441_SDGE_2025_Petition_to_Amend_Tables_1_11_and_12_R0xlsx.xlsx,Table 11,13,N13,https://efiling.energysafety.ca.gov/eFiling/Getfile.aspx?fileid=56226&shareable=true
T11R-f959fe94566af175,T11-900fca4a60b69b,,3110000165,component_of_v4_tracking_id_group,WMP.1199,WMP.1199;WMP.1200;WMP.1201;WMP.1337,"Emergency Preparedness, Collaboration and Public Awareness",External Collaboration and Coordination,,CAPEX,HFTD,$ Thousands,0,PSPS Vulnerability,NA,NA,NA,NA,NA,NA,NA,,,SDG&E,2024,v3.2,Petition amendment R0,TN16400_20250728T143441_SDGE_2025_Petition_to_Amend_Tables_1_11_and_12_R0xlsx.xlsx,Table 11,13,O13,https://efiling.energysafety.ca.gov/eFiling/Getfile.aspx?fileid=56226&shareable=true
T11R-3756aa542227250d,T11-900fca4a60b69b,,3110000166,component_of_v4_tracking_id_group,WMP.1199,WMP.1199;WMP.1200;WMP.1201;WMP.1337,"Emergency Preparedness, Collaboration and Public Awareness",External Collaboration and Coordination,,OPEX,Territory,$ Thousands,0,PSPS Vulnerability,NA,NA,NA,NA,NA,NA,NA,,,SDG&E,2024,v3.2,Petition amendment R0,TN16400_20250728T143441_SDGE_2025_Petition_to_Amend_Tables_1_11_and_12_R0xlsx.xlsx,Table 11,13,P13,https://efiling.energysafety.ca.gov/eFiling/Getfile.aspx?fileid=56226&shareable=true
T11R-4ac11666bcae0dff,T11-900fca4a60b69b,,3110000167,component_of_v4_tracking_id_group,WMP.1199,WMP.1199;WMP.1200;WMP.1201;WMP.1337,"Emergency Preparedness, Collaboration and Public Awareness",External Collaboration and Coordination,,OPEX,HFTD,$ Thousands,0,PSPS Vulnerability,NA,NA,NA,NA,NA,NA,NA,,,SDG&E,2024,v3.2,Petition amendment R0,TN16400_20250728T143441_SDGE_2025_Petition_to_Amend_Tables_1_11_and_12_R0xlsx.xlsx,Table 11,13,Q13,https://efiling.energysafety.ca.gov/eFiling/Getfile.aspx?fileid=56226&shareable=true
T11R-bbc6d33c0f5e079e,T11-900fca4a60b69b,,3110000164,component_of_v4_tracking_id_group,WMP.1200,WMP.1199;WMP.1200;WMP.1201;WMP.1337,"Emergency Preparedness, Collaboration and Public Awareness",External Collaboration and Coordination,,CAPEX,Territory,$ Thousands,0,PSPS Vulnerability,NA,NA,NA,NA,NA,NA,NA,,,SDG&E,2024,v3.2,Petition amendment R0,TN16400_20250728T143441_SDGE_2025_Petition_to_Amend_Tables_1_11_and_12_R0xlsx.xlsx,Table 11,14,N14,https://efiling.energysafety.ca.gov/eFiling/Getfile.aspx?fileid=56226&shareable=true
T11R-6608086ca7ca3de8,T11-900fca4a60b69b,,3110000165,component_of_v4_tracking_id_group,WMP.1200,WMP.1199;WMP.1200;WMP.1201;WMP.1337,"Emergency Preparedness, Collaboration and Public Awareness",External Collaboration and Coordination,,CAPEX,HFTD,$ Thousands,0,PSPS Vulnerability,NA,NA,NA,NA,NA,NA,NA,,,SDG&E,2024,v3.2,Petition amendment R0,TN16400_20250728T143441_SDGE_2025_Petition_to_Amend_Tables_1_11_and_12_R0xlsx.xlsx,Table 11,14,O14,https://efiling.energysafety.ca.gov/eFiling/Getfile.aspx?fileid=56226&shareable=true
T11R-27ddbae1f08aeb9b,T11-900fca4a60b69b,,3110000166,component_of_v4_tracking_id_group,WMP.1200,WMP.1199;WMP.1200;WMP.1201;WMP.1337,"Emergency Preparedness, Collaboration and Public Awareness",External Collaboration and Coordination,,OPEX,Territory,$ Thousands,0,PSPS Vulnerability,NA,NA,NA,NA,NA,NA,NA,,,SDG&E,2024,v3.2,Petition amendment R0,TN16400_20250728T143441_SDGE_2025_Petition_to_Amend_Tables_1_11_and_12_R0xlsx.xlsx,Table 11,14,P14,https://efiling.energysafety.ca.gov/eFiling/Getfile.aspx?fileid=56226&shareable=true
T11R-304ad32b4b8f822f,T11-900fca4a60b69b,,3110000167,component_of_v4_tracking_id_group,WMP.1200,WMP.1199;WMP.1200;WMP.1201;WMP.1337,"Emergency Preparedness, Collaboration and Public Awareness",External Collaboration and Coordination,,OPEX,HFTD,$ Thousands,0,PSPS Vulnerability,NA,NA,NA,NA,NA,NA,NA,,,SDG&E,2024,v3.2,Petition amendment R0,TN16400_20250728T143441_SDGE_2025_Petition_to_Amend_Tables_1_11_and_12_R0xlsx.xlsx,Table 11,14,Q14,https://efiling.energysafety.ca.gov/eFiling/Getfile.aspx?fileid=56226&shareable=true
T11R-aaa772742ab3b459,T11-900fca4a60b69b,,3110000164,component_of_v4_tracking_id_group,WMP.1337,WMP.1199;WMP.1200;WMP.1201;WMP.1337,"Emergency Preparedness, Collaboration and Public Awareness",External Collaboration and Coordination,,CAPEX,Territory,$ Thousands,0,,,,,,,,,Community Engagement,,SDG&E,2024,v3.2,Petition amendment R0,TN16400_20250728T143441_SDGE_2025_Petition_to_Amend_Tables_1_11_and_12_R0xlsx.xlsx,Table 11,15,N15,https://efiling.energysafety.ca.gov/eFiling/Getfile.aspx?fileid=56226&shareable=true
T11R-b76b08d1cdf606ed,T11-900fca4a60b69b,,3110000165,component_of_v4_tracking_id_group,WMP.1337,WMP.1199;WMP.1200;WMP.1201;WMP.1337,"Emergency Preparedness, Collaboration and Public Awareness",External Collaboration and Coordination,,CAPEX,HFTD,$ Thousands,0,,,,,,,,,Community Engagement,,SDG&E,2024,v3.2,Petition amendment R0,TN16400_20250728T143441_SDGE_2025_Petition_to_Amend_Tables_1_11_and_12_R0xlsx.xlsx,Table 11,15,O15,https://efiling.energysafety.ca.gov/eFiling/Getfile.aspx?fileid=56226&shareable=true
T11R-30e607b71032b042,T11-900fca4a60b69b,,3110000166,component_of_v4_tracking_id_group,WMP.1337,WMP.1199;WMP.1200;WMP.1201;WMP.1337,"Emergency Preparedness, Collaboration and Public Awareness",External Collaboration and Coordination,,OPEX,Territory,$ Thousands,450,,,,,,,,,Community Engagement,,SDG&E,2024,v3.2,Petition amendment R0,TN16400_20250728T143441_SDGE_2025_Petition_to_Amend_Tables_1_11_and_12_R0xlsx.xlsx,Table 11,15,P15,https://efiling.energysafety.ca.gov/eFiling/Getfile.aspx?fileid=56226&shareable=true
T11R-b36cfff3ce100c87,T11-900fca4a60b69b,,3110000167,component_of_v4_tracking_id_group,WMP.1337,WMP.1199;WMP.1200;WMP.1201;WMP.1337,"Emergency Preparedness, Collaboration and Public Awareness",External Collaboration and Coordination,,OPEX,HFTD,$ Thousands,450,,,,,,,,,Community Engagement,,SDG&E,2024,v3.2,Petition amendment R0,TN16400_20250728T143441_SDGE_2025_Petition_to_Amend_Tables_1_11_and_12_R0xlsx.xlsx,Table 11,15,Q15,https://efiling.energysafety.ca.gov/eFiling/Getfile.aspx?fileid=56226&shareable=true
T11R-79596e7975e33981,T11-97310a8a81f2f1,,3110000160,component_of_v4_tracking_id_group,WMP.514,WMP.1008;WMP.1009;WMP.1198;WMP.514;WMP.532;WMP.557,"Emergency Preparedness, Collaboration and Public Awareness",Emergency Preparedness and Recovery Plan,,CAPEX,Territory,$ Thousands,0,PSPS Vulnerability,,,,,,,,Crew-accompanying ignition prevention and suppression resources and services,,SDG&E,2024,v3.2,Petition amendment R0,TN16400_20250728T143441_SDGE_2025_Petition_to_Amend_Tables_1_11_and_12_R0xlsx.xlsx,Table 11,16,N16,https://efiling.energysafety.ca.gov/eFiling/Getfile.aspx?fileid=56226&shareable=true
T11R-fe9c02e4c266a52f,T11-97310a8a81f2f1,,3110000161,component_of_v4_tracking_id_group,WMP.514,WMP.1008;WMP.1009;WMP.1198;WMP.514;WMP.532;WMP.557,"Emergency Preparedness, Collaboration and Public Awareness",Emergency Preparedness and Recovery Plan,,CAPEX,HFTD,$ Thousands,0,PSPS Vulnerability,,,,,,,,Crew-accompanying ignition prevention and suppression resources and services,,SDG&E,2024,v3.2,Petition amendment R0,TN16400_20250728T143441_SDGE_2025_Petition_to_Amend_Tables_1_11_and_12_R0xlsx.xlsx,Table 11,16,O16,https://efiling.energysafety.ca.gov/eFiling/Getfile.aspx?fileid=56226&shareable=true
T11R-18a1a0b1d4b97ddc,T11-97310a8a81f2f1,,3110000162,component_of_v4_tracking_id_group,WMP.514,WMP.1008;WMP.1009;WMP.1198;WMP.514;WMP.532;WMP.557,"Emergency Preparedness, Collaboration and Public Awareness",Emergency Preparedness and Recovery Plan,,OPEX,Territory,$ Thousands,4819,PSPS Vulnerability,,,,,,,,Crew-accompanying ignition prevention and suppression resources and services,,SDG&E,2024,v3.2,Petition amendment R0,TN16400_20250728T143441_SDGE_2025_Petition_to_Amend_Tables_1_11_and_12_R0xlsx.xlsx,Table 11,16,P16,https://efiling.energysafety.ca.gov/eFiling/Getfile.aspx?fileid=56226&shareable=true
T11R-0ec18ce7f0a228b3,T11-97310a8a81f2f1,,3110000163,component_of_v4_tracking_id_group,WMP.514,WMP.1008;WMP.1009;WMP.1198;WMP.514;WMP.532;WMP.557,"Emergency Preparedness, Collaboration and Public Awareness",Emergency Preparedness and Recovery Plan,,OPEX,HFTD,$ Thousands,4819,PSPS Vulnerability,,,,,,,,Crew-accompanying ignition prevention and suppression resources and services,,SDG&E,2024,v3.2,Petition amendment R0,TN16400_20250728T143441_SDGE_2025_Petition_to_Amend_Tables_1_11_and_12_R0xlsx.xlsx,Table 11,16,Q16,https://efiling.energysafety.ca.gov/eFiling/Getfile.aspx?fileid=56226&shareable=true
T11R-f69fef3d6a4a771e,T11-97310a8a81f2f1,,3110000160,component_of_v4_tracking_id_group,WMP.557,WMP.1008;WMP.1009;WMP.1198;WMP.514;WMP.532;WMP.557,"Emergency Preparedness, Collaboration and Public Awareness",Emergency Preparedness and Recovery Plan,,CAPEX,Territory,$ Thousands,2580.405304718,PSPS Vulnerability,,,,,,,,Aviation Firefighting Program,,SDG&E,2024,v3.2,Petition amendment R0,TN16400_20250728T143441_SDGE_2025_Petition_to_Amend_Tables_1_11_and_12_R0xlsx.xlsx,Table 11,17,N17,https://efiling.energysafety.ca.gov/eFiling/Getfile.aspx?fileid=56226&shareable=true
T11R-9d5602f256c33bf2,T11-97310a8a81f2f1,,3110000161,component_of_v4_tracking_id_group,WMP.557,WMP.1008;WMP.1009;WMP.1198;WMP.514;WMP.532;WMP.557,"Emergency Preparedness, Collaboration and Public Awareness",Emergency Preparedness and Recovery Plan,,CAPEX,HFTD,$ Thousands,2580.405304718,PSPS Vulnerability,,,,,,,,Aviation Firefighting Program,,SDG&E,2024,v3.2,Petition amendment R0,TN16400_20250728T143441_SDGE_2025_Petition_to_Amend_Tables_1_11_and_12_R0xlsx.xlsx,Table 11,17,O17,https://efiling.energysafety.ca.gov/eFiling/Getfile.aspx?fileid=56226&shareable=true
T11R-71a09e641d560362,T11-97310a8a81f2f1,,3110000162,component_of_v4_tracking_id_group,WMP.557,WMP.1008;WMP.1009;WMP.1198;WMP.514;WMP.532;WMP.557,"Emergency Preparedness, Collaboration and Public Awareness",Emergency Preparedness and Recovery Plan,,OPEX,Territory,$ Thousands,7853,PSPS Vulnerability,,,,,,,,Aviation Firefighting Program,,SDG&E,2024,v3.2,Petition amendment R0,TN16400_20250728T143441_SDGE_2025_Petition_to_Amend_Tables_1_11_and_12_R0xlsx.xlsx,Table 11,17,P17,https://efiling.energysafety.ca.gov/eFiling/Getfile.aspx?fileid=56226&shareable=true
T11R-c6eccb60978c768e,T11-97310a8a81f2f1,,3110000163,component_of_v4_tracking_id_group,WMP.557,WMP.1008;WMP.1009;WMP.1198;WMP.514;WMP.532;WMP.557,"Emergency Preparedness, Collaboration and Public Awareness",Emergency Preparedness and Recovery Plan,,OPEX,HFTD,$ Thousands,7853,PSPS Vulnerability,,,,,,,,Aviation Firefighting Program,,SDG&E,2024,v3.2,Petition amendment R0,TN16400_20250728T143441_SDGE_2025_Petition_to_Amend_Tables_1_11_and_12_R0xlsx.xlsx,Table 11,17,Q17,https://efiling.energysafety.ca.gov/eFiling/Getfile.aspx?fileid=56226&shareable=true
T11R-4279f8e6b3f7b7dd,T11-7c843e2300f623,,3110000168,component_of_v4_tracking_id_group,WMP.563,WMP.527;WMP.563,"Emergency Preparedness, Collaboration and Public Awareness","Public Communication, Outreach, and Education Awareness",,CAPEX,Territory,$ Thousands,13960.579459467,PSPS Vulnerability,NA,2013,2019 GRC,NA,Exceeds,P.U. Code § 451,NA,,,SDG&E,2024,v3.2,Petition amendment R0,TN16400_20250728T143441_SDGE_2025_Petition_to_Amend_Tables_1_11_and_12_R0xlsx.xlsx,Table 11,18,N18,https://efiling.energysafety.ca.gov/eFiling/Getfile.aspx?fileid=56226&shareable=true
T11R-e2f7050bff0cffc2,T11-7c843e2300f623,,3110000169,component_of_v4_tracking_id_group,WMP.563,WMP.527;WMP.563,"Emergency Preparedness, Collaboration and Public Awareness","Public Communication, Outreach, and Education Awareness",,CAPEX,HFTD,$ Thousands,13960.579459467,PSPS Vulnerability,NA,2013,2019 GRC,NA,Exceeds,P.U. Code § 451,NA,,,SDG&E,2024,v3.2,Petition amendment R0,TN16400_20250728T143441_SDGE_2025_Petition_to_Amend_Tables_1_11_and_12_R0xlsx.xlsx,Table 11,18,O18,https://efiling.energysafety.ca.gov/eFiling/Getfile.aspx?fileid=56226&shareable=true
T11R-69d29c07980b9f36,T11-7c843e2300f623,,3110000170,component_of_v4_tracking_id_group,WMP.563,WMP.527;WMP.563,"Emergency Preparedness, Collaboration and Public Awareness","Public Communication, Outreach, and Education Awareness",,OPEX,Territory,$ Thousands,4448,PSPS Vulnerability,NA,2013,2019 GRC,NA,Exceeds,P.U. Code § 451,NA,,,SDG&E,2024,v3.2,Petition amendment R0,TN16400_20250728T143441_SDGE_2025_Petition_to_Amend_Tables_1_11_and_12_R0xlsx.xlsx,Table 11,18,P18,https://efiling.energysafety.ca.gov/eFiling/Getfile.aspx?fileid=56226&shareable=true
T11R-45d9fd9b40063944,T11-7c843e2300f623,,3110000171,component_of_v4_tracking_id_group,WMP.563,WMP.527;WMP.563,"Emergency Preparedness, Collaboration and Public Awareness","Public Communication, Outreach, and Education Awareness",,OPEX,HFTD,$ Thousands,4448,PSPS Vulnerability,NA,2013,2019 GRC,NA,Exceeds,P.U. Code § 451,NA,,,SDG&E,2024,v3.2,Petition amendment R0,TN16400_20250728T143441_SDGE_2025_Petition_to_Amend_Tables_1_11_and_12_R0xlsx.xlsx,Table 11,18,Q18,https://efiling.energysafety.ca.gov/eFiling/Getfile.aspx?fileid=56226&shareable=true
T11R-65c37cd11afe3707,T11-5c1495e84d8e6e,,3110000172,component_of_v4_tracking_id_group,WMP.1007,WMP.1007,"Emergency Preparedness, Collaboration and Public Awareness",Customer Support in Wildfire and PSPS Emergencies,,CAPEX,Territory,$ Thousands,0,PSPS Vulnerability,NA,2013,NA,NA,NA,NA,NA,,,SDG&E,2024,v3.2,Petition amendment R0,TN16400_20250728T143441_SDGE_2025_Petition_to_Amend_Tables_1_11_and_12_R0xlsx.xlsx,Table 11,19,N19,https://efiling.energysafety.ca.gov/eFiling/Getfile.aspx?fileid=56226&shareable=true
T11R-58e0dea17925d7a7,T11-5c1495e84d8e6e,,3110000173,component_of_v4_tracking_id_group,WMP.1007,WMP.1007,"Emergency Preparedness, Collaboration and Public Awareness",Customer Support in Wildfire and PSPS Emergencies,,CAPEX,HFTD,$ Thousands,0,PSPS Vulnerability,NA,2013,NA,NA,NA,NA,NA,,,SDG&E,2024,v3.2,Petition amendment R0,TN16400_20250728T143441_SDGE_2025_Petition_to_Amend_Tables_1_11_and_12_R0xlsx.xlsx,Table 11,19,O19,https://efiling.energysafety.ca.gov/eFiling/Getfile.aspx?fileid=56226&shareable=true
T11R-a23eed13654a46a6,T11-5c1495e84d8e6e,,3110000174,component_of_v4_tracking_id_group,WMP.1007,WMP.1007,"Emergency Preparedness, Collaboration and Public Awareness",Customer Support in Wildfire and PSPS Emergencies,,OPEX,Territory,$ Thousands,0,PSPS Vulnerability,NA,2013,NA,NA,NA,NA,NA,,,SDG&E,2024,v3.2,Petition amendment R0,TN16400_20250728T143441_SDGE_2025_Petition_to_Amend_Tables_1_11_and_12_R0xlsx.xlsx,Table 11,19,P19,https://efiling.energysafety.ca.gov/eFiling/Getfile.aspx?fileid=56226&shareable=true
T11R-9d52e187fcf4c097,T11-5c1495e84d8e6e,,3110000175,component_of_v4_tracking_id_group,WMP.1007,WMP.1007,"Emergency Preparedness, Collaboration and Public Awareness",Customer Support in Wildfire and PSPS Emergencies,,OPEX,HFTD,$ Thousands,0,PSPS Vulnerability,NA,2013,NA,NA,NA,NA,NA,,,SDG&E,2024,v3.2,Petition amendment R0,TN16400_20250728T143441_SDGE_2025_Petition_to_Amend_Tables_1_11_and_12_R0xlsx.xlsx,Table 11,19,Q19,https://efiling.energysafety.ca.gov/eFiling/Getfile.aspx?fileid=56226&shareable=true
T11R-e27bb9021f52ac9d,T11-97310a8a81f2f1,,3110000160,component_of_v4_tracking_id_group,WMP.1008,WMP.1008;WMP.1009;WMP.1198;WMP.514;WMP.532;WMP.557,"Emergency Preparedness, Collaboration and Public Awareness",Emergency Preparedness and Recovery Plan,,CAPEX,Territory,$ Thousands,3121.9210540504,PSPS Vulnerability,NA,2013,NA,NA,NA,NA,NA,,,SDG&E,2024,v3.2,Petition amendment R0,TN16400_20250728T143441_SDGE_2025_Petition_to_Amend_Tables_1_11_and_12_R0xlsx.xlsx,Table 11,20,N20,https://efiling.energysafety.ca.gov/eFiling/Getfile.aspx?fileid=56226&shareable=true
T11R-9365f5bc7104df4b,T11-97310a8a81f2f1,,3110000161,component_of_v4_tracking_id_group,WMP.1008,WMP.1008;WMP.1009;WMP.1198;WMP.514;WMP.532;WMP.557,"Emergency Preparedness, Collaboration and Public Awareness",Emergency Preparedness and Recovery Plan,,CAPEX,HFTD,$ Thousands,3121.9210540504,PSPS Vulnerability,NA,2013,NA,NA,NA,NA,NA,,,SDG&E,2024,v3.2,Petition amendment R0,TN16400_20250728T143441_SDGE_2025_Petition_to_Amend_Tables_1_11_and_12_R0xlsx.xlsx,Table 11,20,O20,https://efiling.energysafety.ca.gov/eFiling/Getfile.aspx?fileid=56226&shareable=true
T11R-54db213946cbf3d9,T11-97310a8a81f2f1,,3110000162,component_of_v4_tracking_id_group,WMP.1008,WMP.1008;WMP.1009;WMP.1198;WMP.514;WMP.532;WMP.557,"Emergency Preparedness, Collaboration and Public Awareness",Emergency Preparedness and Recovery Plan,,OPEX,Territory,$ Thousands,18019,PSPS Vulnerability,NA,2013,NA,NA,NA,NA,NA,,,SDG&E,2024,v3.2,Petition amendment R0,TN16400_20250728T143441_SDGE_2025_Petition_to_Amend_Tables_1_11_and_12_R0xlsx.xlsx,Table 11,20,P20,https://efiling.energysafety.ca.gov/eFiling/Getfile.aspx?fileid=56226&shareable=true
T11R-5a8061aa2a74f067,T11-97310a8a81f2f1,,3110000163,component_of_v4_tracking_id_group,WMP.1008,WMP.1008;WMP.1009;WMP.1198;WMP.514;WMP.532;WMP.557,"Emergency Preparedness, Collaboration and Public Awareness",Emergency Preparedness and Recovery Plan,,OPEX,HFTD,$ Thousands,18019,PSPS Vulnerability,NA,2013,NA,NA,NA,NA,NA,,,SDG&E,2024,v3.2,Petition amendment R0,TN16400_20250728T143441_SDGE_2025_Petition_to_Amend_Tables_1_11_and_12_R0xlsx.xlsx,Table 11,20,Q20,https://efiling.energysafety.ca.gov/eFiling/Getfile.aspx?fileid=56226&shareable=true
T11R-f8039450aed1a2f4,T11-97310a8a81f2f1,,3110000160,component_of_v4_tracking_id_group,WMP.1009,WMP.1008;WMP.1009;WMP.1198;WMP.514;WMP.532;WMP.557,"Emergency Preparedness, Collaboration and Public Awareness",Emergency Preparedness and Recovery Plan,,CAPEX,Territory,$ Thousands,0,PSPS Vulnerability,NA,2013,NA,NA,NA,NA,NA,,,SDG&E,2024,v3.2,Petition amendment R0,TN16400_20250728T143441_SDGE_2025_Petition_to_Amend_Tables_1_11_and_12_R0xlsx.xlsx,Table 11,21,N21,https://efiling.energysafety.ca.gov/eFiling/Getfile.aspx?fileid=56226&shareable=true
T11R-23b4eac314bfc3b5,T11-97310a8a81f2f1,,3110000161,component_of_v4_tracking_id_group,WMP.1009,WMP.1008;WMP.1009;WMP.1198;WMP.514;WMP.532;WMP.557,"Emergency Preparedness, Collaboration and Public Awareness",Emergency Preparedness and Recovery Plan,,CAPEX,HFTD,$ Thousands,0,PSPS Vulnerability,NA,2013,NA,NA,NA,NA,NA,,,SDG&E,2024,v3.2,Petition amendment R0,TN16400_20250728T143441_SDGE_2025_Petition_to_Amend_Tables_1_11_and_12_R0xlsx.xlsx,Table 11,21,O21,https://efiling.energysafety.ca.gov/eFiling/Getfile.aspx?fileid=56226&shareable=true
T11R-a16643f7c3305cdf,T11-97310a8a81f2f1,,3110000162,component_of_v4_tracking_id_group,WMP.1009,WMP.1008;WMP.1009;WMP.1198;WMP.514;WMP.532;WMP.557,"Emergency Preparedness, Collaboration and Public Awareness",Emergency Preparedness and Recovery Plan,,OPEX,Territory,$ Thousands,0,PSPS Vulnerability,NA,2013,NA,NA,NA,NA,NA,,,SDG&E,2024,v3.2,Petition amendment R0,TN16400_20250728T143441_SDGE_2025_Petition_to_Amend_Tables_1_11_and_12_R0xlsx.xlsx,Table 11,21,P21,https://efiling.energysafety.ca.gov/eFiling/Getfile.aspx?fileid=56226&shareable=true
T11R-1301d45aece34135,T11-97310a8a81f2f1,,3110000163,component_of_v4_tracking_id_group,WMP.1009,WMP.1008;WMP.1009;WMP.1198;WMP.514;WMP.532;WMP.557,"Emergency Preparedness, Collaboration and Public Awareness",Emergency Preparedness and Recovery Plan,,OPEX,HFTD,$ Thousands,0,PSPS Vulnerability,NA,2013,NA,NA,NA,NA,NA,,,SDG&E,2024,v3.2,Petition amendment R0,TN16400_20250728T143441_SDGE_2025_Petition_to_Amend_Tables_1_11_and_12_R0xlsx.xlsx,Table 11,21,Q21,https://efiling.energysafety.ca.gov/eFiling/Getfile.aspx?fileid=56226&shareable=true
T11R-3a82ff10dce8996d,T11-900fca4a60b69b,,3110000164,component_of_v4_tracking_id_group,WMP.1201,WMP.1199;WMP.1200;WMP.1201;WMP.1337,"Emergency Preparedness, Collaboration and Public Awareness",External Collaboration and Coordination,,CAPEX,Territory,$ Thousands,0,PSPS Vulnerability,NA,NA,NA,NA,NA,NA,NA,,,SDG&E,2024,v3.2,Petition amendment R0,TN16400_20250728T143441_SDGE_2025_Petition_to_Amend_Tables_1_11_and_12_R0xlsx.xlsx,Table 11,22,N22,https://efiling.energysafety.ca.gov/eFiling/Getfile.aspx?fileid=56226&shareable=true
T11R-2a156a3fbd31b7b2,T11-900fca4a60b69b,,3110000165,component_of_v4_tracking_id_group,WMP.1201,WMP.1199;WMP.1200;WMP.1201;WMP.1337,"Emergency Preparedness, Collaboration and Public Awareness",External Collaboration and Coordination,,CAPEX,HFTD,$ Thousands,0,PSPS Vulnerability,NA,NA,NA,NA,NA,NA,NA,,,SDG&E,2024,v3.2,Petition amendment R0,TN16400_20250728T143441_SDGE_2025_Petition_to_Amend_Tables_1_11_and_12_R0xlsx.xlsx,Table 11,22,O22,https://efiling.energysafety.ca.gov/eFiling/Getfile.aspx?fileid=56226&shareable=true
T11R-7469ff36597f8be2,T11-900fca4a60b69b,,3110000166,component_of_v4_tracking_id_group,WMP.1201,WMP.1199;WMP.1200;WMP.1201;WMP.1337,"Emergency Preparedness, Collaboration and Public Awareness",External Collaboration and Coordination,,OPEX,Territory,$ Thousands,0,PSPS Vulnerability,NA,NA,NA,NA,NA,NA,NA,,,SDG&E,2024,v3.2,Petition amendment R0,TN16400_20250728T143441_SDGE_2025_Petition_to_Amend_Tables_1_11_and_12_R0xlsx.xlsx,Table 11,22,P22,https://efiling.energysafety.ca.gov/eFiling/Getfile.aspx?fileid=56226&shareable=true
T11R-a47a21dfd062fe5f,T11-900fca4a60b69b,,3110000167,component_of_v4_tracking_id_group,WMP.1201,WMP.1199;WMP.1200;WMP.1201;WMP.1337,"Emergency Preparedness, Collaboration and Public Awareness",External Collaboration and Coordination,,OPEX,HFTD,$ Thousands,0,PSPS Vulnerability,NA,NA,NA,NA,NA,NA,NA,,,SDG&E,2024,v3.2,Petition amendment R0,TN16400_20250728T143441_SDGE_2025_Petition_to_Amend_Tables_1_11_and_12_R0xlsx.xlsx,Table 11,22,Q22,https://efiling.energysafety.ca.gov/eFiling/Getfile.aspx?fileid=56226&shareable=true
T11R-8f7a06e337f8df4e,T11-3ff86e60889b85,,3110000076,component_of_v4_tracking_id_group,WMP.449,WMP.1205;WMP.449,"Grid Design, Operations, and Maintenance",Grid Operations and Procedures,Grid Response Procedures and Notifications,CAPEX,Territory,$ Thousands,0,"PSPS - for sectionalization, etc.",NA,2011,2019 GRC,NA,Exceeds,P.U. Code § 451,NA,Wireless Fault Indicators,,SDG&E,2024,v3.2,Petition amendment R0,TN16400_20250728T143441_SDGE_2025_Petition_to_Amend_Tables_1_11_and_12_R0xlsx.xlsx,Table 11,23,N23,https://efiling.energysafety.ca.gov/eFiling/Getfile.aspx?fileid=56226&shareable=true
T11R-a03e498b7922ddfa,T11-3ff86e60889b85,,3110000077,component_of_v4_tracking_id_group,WMP.449,WMP.1205;WMP.449,"Grid Design, Operations, and Maintenance",Grid Operations and Procedures,Grid Response Procedures and Notifications,CAPEX,HFTD,$ Thousands,0,"PSPS - for sectionalization, etc.",NA,2011,2019 GRC,NA,Exceeds,P.U. Code § 451,NA,Wireless Fault Indicators,,SDG&E,2024,v3.2,Petition amendment R0,TN16400_20250728T143441_SDGE_2025_Petition_to_Amend_Tables_1_11_and_12_R0xlsx.xlsx,Table 11,23,O23,https://efiling.energysafety.ca.gov/eFiling/Getfile.aspx?fileid=56226&shareable=true
T11R-b437b4a5a7f24698,T11-3ff86e60889b85,,3110000078,component_of_v4_tracking_id_group,WMP.449,WMP.1205;WMP.449,"Grid Design, Operations, and Maintenance",Grid Operations and Procedures,Grid Response Procedures and Notifications,OPEX,Territory,$ Thousands,0,"PSPS - for sectionalization, etc.",NA,2011,2019 GRC,NA,Exceeds,P.U. Code § 451,NA,Wireless Fault Indicators,,SDG&E,2024,v3.2,Petition amendment R0,TN16400_20250728T143441_SDGE_2025_Petition_to_Amend_Tables_1_11_and_12_R0xlsx.xlsx,Table 11,23,P23,https://efiling.energysafety.ca.gov/eFiling/Getfile.aspx?fileid=56226&shareable=true
T11R-f1ef33405ce7bb5d,T11-3ff86e60889b85,,3110000079,component_of_v4_tracking_id_group,WMP.449,WMP.1205;WMP.449,"Grid Design, Operations, and Maintenance",Grid Operations and Procedures,Grid Response Procedures and Notifications,OPEX,HFTD,$ Thousands,0,"PSPS - for sectionalization, etc.",NA,2011,2019 GRC,NA,Exceeds,P.U. Code § 451,NA,Wireless Fault Indicators,,SDG&E,2024,v3.2,Petition amendment R0,TN16400_20250728T143441_SDGE_2025_Petition_to_Amend_Tables_1_11_and_12_R0xlsx.xlsx,Table 11,23,Q23,https://efiling.energysafety.ca.gov/eFiling/Getfile.aspx?fileid=56226&shareable=true
T11R-e03b223919876911,T11-fdb22a97647512,,3110000044,component_of_v4_tracking_id_group,WMP.453,WMP.1189;WMP.453;WMP.972,"Grid Design, Operations, and Maintenance",Grid Design and System Hardening,Other grid topology improvements to minimize risk of ignitions,CAPEX,Territory,$ Thousands,204.44191600000002,Equipment failure,NA,2016,2019 GRC,NA,Exceeds,G.O. 95,NA,Capacitor Maintenance and replacement program (SCADA),,SDG&E,2024,v3.2,Petition amendment R0,TN16400_20250728T143441_SDGE_2025_Petition_to_Amend_Tables_1_11_and_12_R0xlsx.xlsx,Table 11,24,N24,https://efiling.energysafety.ca.gov/eFiling/Getfile.aspx?fileid=56226&shareable=true
T11R-84b98131d02f50db,T11-fdb22a97647512,,3110000045,component_of_v4_tracking_id_group,WMP.453,WMP.1189;WMP.453;WMP.972,"Grid Design, Operations, and Maintenance",Grid Design and System Hardening,Other grid topology improvements to minimize risk of ignitions,CAPEX,HFTD,$ Thousands,204.44191600000002,Equipment failure,NA,2016,2019 GRC,NA,Exceeds,G.O. 95,NA,Capacitor Maintenance and replacement program (SCADA),,SDG&E,2024,v3.2,Petition amendment R0,TN16400_20250728T143441_SDGE_2025_Petition_to_Amend_Tables_1_11_and_12_R0xlsx.xlsx,Table 11,24,O24,https://efiling.energysafety.ca.gov/eFiling/Getfile.aspx?fileid=56226&shareable=true
T11R-a838b07b08c28ced,T11-fdb22a97647512,,3110000046,component_of_v4_tracking_id_group,WMP.453,WMP.1189;WMP.453;WMP.972,"Grid Design, Operations, and Maintenance",Grid Design and System Hardening,Other grid topology improvements to minimize risk of ignitions,OPEX,Territory,$ Thousands,0,Equipment failure,NA,2016,2019 GRC,NA,Exceeds,G.O. 95,NA,Capacitor Maintenance and replacement program (SCADA),,SDG&E,2024,v3.2,Petition amendment R0,TN16400_20250728T143441_SDGE_2025_Petition_to_Amend_Tables_1_11_and_12_R0xlsx.xlsx,Table 11,24,P24,https://efiling.energysafety.ca.gov/eFiling/Getfile.aspx?fileid=56226&shareable=true
T11R-20f880b5130e18a8,T11-fdb22a97647512,,3110000047,component_of_v4_tracking_id_group,WMP.453,WMP.1189;WMP.453;WMP.972,"Grid Design, Operations, and Maintenance",Grid Design and System Hardening,Other grid topology improvements to minimize risk of ignitions,OPEX,HFTD,$ Thousands,0,Equipment failure,NA,2016,2019 GRC,NA,Exceeds,G.O. 95,NA,Capacitor Maintenance and replacement program (SCADA),,SDG&E,2024,v3.2,Petition amendment R0,TN16400_20250728T143441_SDGE_2025_Petition_to_Amend_Tables_1_11_and_12_R0xlsx.xlsx,Table 11,24,Q24,https://efiling.energysafety.ca.gov/eFiling/Getfile.aspx?fileid=56226&shareable=true
T11R-3e357c9eef71a993,T11-172505285c90ce,,3110000008,component_of_v4_tracking_id_group,WMP.455,WMP.455,"Grid Design, Operations, and Maintenance",Grid Design and System Hardening,Covered conductor installation,CAPEX,Territory,$ Thousands,75354.65199800002,Other contact with object,Equipment failure,2020,NA,WMPMA,Exceeds,G.O. 95,NA,,,SDG&E,2024,v3.2,Petition amendment R0,TN16400_20250728T143441_SDGE_2025_Petition_to_Amend_Tables_1_11_and_12_R0xlsx.xlsx,Table 11,25,N25,https://efiling.energysafety.ca.gov/eFiling/Getfile.aspx?fileid=56226&shareable=true
T11R-90483da18e9b9703,T11-172505285c90ce,,3110000009,component_of_v4_tracking_id_group,WMP.455,WMP.455,"Grid Design, Operations, and Maintenance",Grid Design and System Hardening,Covered conductor installation,CAPEX,HFTD,$ Thousands,75354.65199800002,Other contact with object,Equipment failure,2020,NA,WMPMA,Exceeds,G.O. 95,NA,,,SDG&E,2024,v3.2,Petition amendment R0,TN16400_20250728T143441_SDGE_2025_Petition_to_Amend_Tables_1_11_and_12_R0xlsx.xlsx,Table 11,25,O25,https://efiling.energysafety.ca.gov/eFiling/Getfile.aspx?fileid=56226&shareable=true
T11R-2eb182140f949da7,T11-172505285c90ce,,3110000010,component_of_v4_tracking_id_group,WMP.455,WMP.455,"Grid Design, Operations, and Maintenance",Grid Design and System Hardening,Covered conductor installation,OPEX,Territory,$ Thousands,3287,Other contact with object,Equipment failure,2020,NA,WMPMA,Exceeds,G.O. 95,NA,,,SDG&E,2024,v3.2,Petition amendment R0,TN16400_20250728T143441_SDGE_2025_Petition_to_Amend_Tables_1_11_and_12_R0xlsx.xlsx,Table 11,25,P25,https://efiling.energysafety.ca.gov/eFiling/Getfile.aspx?fileid=56226&shareable=true
T11R-d0172f2015e7bf85,T11-172505285c90ce,,3110000011,component_of_v4_tracking_id_group,WMP.455,WMP.455,"Grid Design, Operations, and Maintenance",Grid Design and System Hardening,Covered conductor installation,OPEX,HFTD,$ Thousands,3287,Other contact with object,Equipment failure,2020,NA,WMPMA,Exceeds,G.O. 95,NA,,,SDG&E,2024,v3.2,Petition amendment R0,TN16400_20250728T143441_SDGE_2025_Petition_to_Amend_Tables_1_11_and_12_R0xlsx.xlsx,Table 11,25,Q25,https://efiling.energysafety.ca.gov/eFiling/Getfile.aspx?fileid=56226&shareable=true
T11R-1799b23fe4020165,T11-d508993f870491,,3110000060,component_of_v4_tracking_id_group,WMP.459,WMP.459;WMP.464;WMP.550,"Grid Design, Operations, and Maintenance",Equipment Maintenance and Repair,,CAPEX,Territory,$ Thousands,207.31373999999997,Equipment failure,NA,2019,NA,WMPMA,Exceeds,G.O. 95,NA,Expulsion fuse replacement,,SDG&E,2024,v3.2,Petition amendment R0,TN16400_20250728T143441_SDGE_2025_Petition_to_Amend_Tables_1_11_and_12_R0xlsx.xlsx,Table 11,26,N26,https://efiling.energysafety.ca.gov/eFiling/Getfile.aspx?fileid=56226&shareable=true
T11R-6cdc0afba6c90400,T11-d508993f870491,,3110000061,component_of_v4_tracking_id_group,WMP.459,WMP.459;WMP.464;WMP.550,"Grid Design, Operations, and Maintenance",Equipment Maintenance and Repair,,CAPEX,HFTD,$ Thousands,207.31373999999997,Equipment failure,NA,2019,NA,WMPMA,Exceeds,G.O. 95,NA,Expulsion fuse replacement,,SDG&E,2024,v3.2,Petition amendment R0,TN16400_20250728T143441_SDGE_2025_Petition_to_Amend_Tables_1_11_and_12_R0xlsx.xlsx,Table 11,26,O26,https://efiling.energysafety.ca.gov/eFiling/Getfile.aspx?fileid=56226&shareable=true
T11R-bf5dc2c905b688ba,T11-d508993f870491,,3110000062,component_of_v4_tracking_id_group,WMP.459,WMP.459;WMP.464;WMP.550,"Grid Design, Operations, and Maintenance",Equipment Maintenance and Repair,,OPEX,Territory,$ Thousands,0,Equipment failure,NA,2019,NA,WMPMA,Exceeds,G.O. 95,NA,Expulsion fuse replacement,,SDG&E,2024,v3.2,Petition amendment R0,TN16400_20250728T143441_SDGE_2025_Petition_to_Amend_Tables_1_11_and_12_R0xlsx.xlsx,Table 11,26,P26,https://efiling.energysafety.ca.gov/eFiling/Getfile.aspx?fileid=56226&shareable=true
T11R-a830076693a5b460,T11-d508993f870491,,3110000063,component_of_v4_tracking_id_group,WMP.459,WMP.459;WMP.464;WMP.550,"Grid Design, Operations, and Maintenance",Equipment Maintenance and Repair,,OPEX,HFTD,$ Thousands,0,Equipment failure,NA,2019,NA,WMPMA,Exceeds,G.O. 95,NA,Expulsion fuse replacement,,SDG&E,2024,v3.2,Petition amendment R0,TN16400_20250728T143441_SDGE_2025_Petition_to_Amend_Tables_1_11_and_12_R0xlsx.xlsx,Table 11,26,Q26,https://efiling.energysafety.ca.gov/eFiling/Getfile.aspx?fileid=56226&shareable=true
T11R-3f5c99714cd7b916,T11-d508993f870491,,3110000060,component_of_v4_tracking_id_group,WMP.464,WMP.459;WMP.464;WMP.550,"Grid Design, Operations, and Maintenance",Equipment Maintenance and Repair,,CAPEX,Territory,$ Thousands,694.99044,"PSPS - for sectionalization, etc.",NA,2019,NA,WMPMA,Exceeds,G.O. 95,NA,"Maintenance, repair, and replacement of connectors, including hotline clamps",,SDG&E,2024,v3.2,Petition amendment R0,TN16400_20250728T143441_SDGE_2025_Petition_to_Amend_Tables_1_11_and_12_R0xlsx.xlsx,Table 11,27,N27,https://efiling.energysafety.ca.gov/eFiling/Getfile.aspx?fileid=56226&shareable=true
T11R-c0f0e262c90292b1,T11-d508993f870491,,3110000061,component_of_v4_tracking_id_group,WMP.464,WMP.459;WMP.464;WMP.550,"Grid Design, Operations, and Maintenance",Equipment Maintenance and Repair,,CAPEX,HFTD,$ Thousands,692.9403207079646,"PSPS - for sectionalization, etc.",NA,2019,NA,WMPMA,Exceeds,G.O. 95,NA,"Maintenance, repair, and replacement of connectors, including hotline clamps",,SDG&E,2024,v3.2,Petition amendment R0,TN16400_20250728T143441_SDGE_2025_Petition_to_Amend_Tables_1_11_and_12_R0xlsx.xlsx,Table 11,27,O27,https://efiling.energysafety.ca.gov/eFiling/Getfile.aspx?fileid=56226&shareable=true
T11R-2251dd9fee330775,T11-d508993f870491,,3110000062,component_of_v4_tracking_id_group,WMP.464,WMP.459;WMP.464;WMP.550,"Grid Design, Operations, and Maintenance",Equipment Maintenance and Repair,,OPEX,Territory,$ Thousands,107,"PSPS - for sectionalization, etc.",NA,2019,NA,WMPMA,Exceeds,G.O. 95,NA,"Maintenance, repair, and replacement of connectors, including hotline clamps",,SDG&E,2024,v3.2,Petition amendment R0,TN16400_20250728T143441_SDGE_2025_Petition_to_Amend_Tables_1_11_and_12_R0xlsx.xlsx,Table 11,27,P27,https://efiling.energysafety.ca.gov/eFiling/Getfile.aspx?fileid=56226&shareable=true
T11R-f32e2fbc969268fc,T11-d508993f870491,,3110000063,component_of_v4_tracking_id_group,WMP.464,WMP.459;WMP.464;WMP.550,"Grid Design, Operations, and Maintenance",Equipment Maintenance and Repair,,OPEX,HFTD,$ Thousands,106.68436578171091,"PSPS - for sectionalization, etc.",NA,2019,NA,WMPMA,Exceeds,G.O. 95,NA,"Maintenance, repair, and replacement of connectors, including hotline clamps",,SDG&E,2024,v3.2,Petition amendment R0,TN16400_20250728T143441_SDGE_2025_Petition_to_Amend_Tables_1_11_and_12_R0xlsx.xlsx,Table 11,27,Q27,https://efiling.energysafety.ca.gov/eFiling/Getfile.aspx?fileid=56226&shareable=true
T11R-7fa116688f323eb7,T11-d508993f870491,,3110000060,component_of_v4_tracking_id_group,WMP.550,WMP.459;WMP.464;WMP.550,"Grid Design, Operations, and Maintenance",Equipment Maintenance and Repair,,CAPEX,Territory,$ Thousands,2719.3688300000003,Equipment failure,NA,2020,NA,WMPMA,Exceeds,G.O. 95,NA,Lightning arrester removal and replacement,,SDG&E,2024,v3.2,Petition amendment R0,TN16400_20250728T143441_SDGE_2025_Petition_to_Amend_Tables_1_11_and_12_R0xlsx.xlsx,Table 11,28,N28,https://efiling.energysafety.ca.gov/eFiling/Getfile.aspx?fileid=56226&shareable=true
T11R-4955811f527d35d5,T11-d508993f870491,,3110000061,component_of_v4_tracking_id_group,WMP.550,WMP.459;WMP.464;WMP.550,"Grid Design, Operations, and Maintenance",Equipment Maintenance and Repair,,CAPEX,HFTD,$ Thousands,2719.3688300000003,Equipment failure,NA,2020,NA,WMPMA,Exceeds,G.O. 95,NA,Lightning arrester removal and replacement,,SDG&E,2024,v3.2,Petition amendment R0,TN16400_20250728T143441_SDGE_2025_Petition_to_Amend_Tables_1_11_and_12_R0xlsx.xlsx,Table 11,28,O28,https://efiling.energysafety.ca.gov/eFiling/Getfile.aspx?fileid=56226&shareable=true
T11R-9495dcbdd97d0043,T11-d508993f870491,,3110000062,component_of_v4_tracking_id_group,WMP.550,WMP.459;WMP.464;WMP.550,"Grid Design, Operations, and Maintenance",Equipment Maintenance and Repair,,OPEX,Territory,$ Thousands,0,Equipment failure,NA,2020,NA,WMPMA,Exceeds,G.O. 95,NA,Lightning arrester removal and replacement,,SDG&E,2024,v3.2,Petition amendment R0,TN16400_20250728T143441_SDGE_2025_Petition_to_Amend_Tables_1_11_and_12_R0xlsx.xlsx,Table 11,28,P28,https://efiling.energysafety.ca.gov/eFiling/Getfile.aspx?fileid=56226&shareable=true
T11R-aa8a27b5ec5d018f,T11-d508993f870491,,3110000063,component_of_v4_tracking_id_group,WMP.550,WMP.459;WMP.464;WMP.550,"Grid Design, Operations, and Maintenance",Equipment Maintenance and Repair,,OPEX,HFTD,$ Thousands,0,Equipment failure,NA,2020,NA,WMPMA,Exceeds,G.O. 95,NA,Lightning arrester removal and replacement,,SDG&E,2024,v3.2,Petition amendment R0,TN16400_20250728T143441_SDGE_2025_Petition_to_Amend_Tables_1_11_and_12_R0xlsx.xlsx,Table 11,28,Q28,https://efiling.energysafety.ca.gov/eFiling/Getfile.aspx?fileid=56226&shareable=true
T11R-d24e13569fa1dee3,T11-fdb22a97647512,,3110000044,component_of_v4_tracking_id_group,WMP.972,WMP.1189;WMP.453;WMP.972,"Grid Design, Operations, and Maintenance",Grid Design and System Hardening,Other grid topology improvements to minimize risk of ignitions,CAPEX,Territory,$ Thousands,1078.2201399999997,Other contact with object,NA,2022,NA,WMPMA,NA,NA,NA,Avian Protection,,SDG&E,2024,v3.2,Petition amendment R0,TN16400_20250728T143441_SDGE_2025_Petition_to_Amend_Tables_1_11_and_12_R0xlsx.xlsx,Table 11,29,N29,https://efiling.energysafety.ca.gov/eFiling/Getfile.aspx?fileid=56226&shareable=true
T11R-9d47eb63e323b9e2,T11-fdb22a97647512,,3110000045,component_of_v4_tracking_id_group,WMP.972,WMP.1189;WMP.453;WMP.972,"Grid Design, Operations, and Maintenance",Grid Design and System Hardening,Other grid topology improvements to minimize risk of ignitions,CAPEX,HFTD,$ Thousands,1076.827090723514,Other contact with object,NA,2022,NA,WMPMA,NA,NA,NA,Avian Protection,,SDG&E,2024,v3.2,Petition amendment R0,TN16400_20250728T143441_SDGE_2025_Petition_to_Amend_Tables_1_11_and_12_R0xlsx.xlsx,Table 11,29,O29,https://efiling.energysafety.ca.gov/eFiling/Getfile.aspx?fileid=56226&shareable=true
T11R-c8cec93944c27c68,T11-fdb22a97647512,,3110000046,component_of_v4_tracking_id_group,WMP.972,WMP.1189;WMP.453;WMP.972,"Grid Design, Operations, and Maintenance",Grid Design and System Hardening,Other grid topology improvements to minimize risk of ignitions,OPEX,Territory,$ Thousands,30,Other contact with object,NA,2022,NA,WMPMA,NA,NA,NA,Avian Protection,,SDG&E,2024,v3.2,Petition amendment R0,TN16400_20250728T143441_SDGE_2025_Petition_to_Amend_Tables_1_11_and_12_R0xlsx.xlsx,Table 11,29,P29,https://efiling.energysafety.ca.gov/eFiling/Getfile.aspx?fileid=56226&shareable=true
T11R-2b1cb61a3240dc07,T11-fdb22a97647512,,3110000047,component_of_v4_tracking_id_group,WMP.972,WMP.1189;WMP.453;WMP.972,"Grid Design, Operations, and Maintenance",Grid Design and System Hardening,Other grid topology improvements to minimize risk of ignitions,OPEX,HFTD,$ Thousands,29.96124031007752,Other contact with object,NA,2022,NA,WMPMA,NA,NA,NA,Avian Protection,,SDG&E,2024,v3.2,Petition amendment R0,TN16400_20250728T143441_SDGE_2025_Petition_to_Amend_Tables_1_11_and_12_R0xlsx.xlsx,Table 11,29,Q29,https://efiling.energysafety.ca.gov/eFiling/Getfile.aspx?fileid=56226&shareable=true
T11R-7128fcaf6206ab4f,T11-fdb22a97647512,,3110000044,component_of_v4_tracking_id_group,WMP.1189,WMP.1189;WMP.453;WMP.972,"Grid Design, Operations, and Maintenance",Grid Design and System Hardening,Other grid topology improvements to minimize risk of ignitions,CAPEX,Territory,$ Thousands,2451.78656,Equipment failure,NA,2021,NA,NA,NA,NA,NA,Strategic Pole Replacement Program,,SDG&E,2024,v3.2,Petition amendment R0,TN16400_20250728T143441_SDGE_2025_Petition_to_Amend_Tables_1_11_and_12_R0xlsx.xlsx,Table 11,30,N30,https://efiling.energysafety.ca.gov/eFiling/Getfile.aspx?fileid=56226&shareable=true
T11R-4950ed2a099d9bbc,T11-fdb22a97647512,,3110000045,component_of_v4_tracking_id_group,WMP.1189,WMP.1189;WMP.453;WMP.972,"Grid Design, Operations, and Maintenance",Grid Design and System Hardening,Other grid topology improvements to minimize risk of ignitions,CAPEX,HFTD,$ Thousands,1961.4292480000001,Equipment failure,NA,2021,NA,NA,NA,NA,NA,Strategic Pole Replacement Program,,SDG&E,2024,v3.2,Petition amendment R0,TN16400_20250728T143441_SDGE_2025_Petition_to_Amend_Tables_1_11_and_12_R0xlsx.xlsx,Table 11,30,O30,https://efiling.energysafety.ca.gov/eFiling/Getfile.aspx?fileid=56226&shareable=true
T11R-8785b7ff533c7bc4,T11-fdb22a97647512,,3110000046,component_of_v4_tracking_id_group,WMP.1189,WMP.1189;WMP.453;WMP.972,"Grid Design, Operations, and Maintenance",Grid Design and System Hardening,Other grid topology improvements to minimize risk of ignitions,OPEX,Territory,$ Thousands,153,Equipment failure,NA,2021,NA,NA,NA,NA,NA,Strategic Pole Replacement Program,,SDG&E,2024,v3.2,Petition amendment R0,TN16400_20250728T143441_SDGE_2025_Petition_to_Amend_Tables_1_11_and_12_R0xlsx.xlsx,Table 11,30,P30,https://efiling.energysafety.ca.gov/eFiling/Getfile.aspx?fileid=56226&shareable=true
T11R-e5820c61807204b9,T11-fdb22a97647512,,3110000047,component_of_v4_tracking_id_group,WMP.1189,WMP.1189;WMP.453;WMP.972,"Grid Design, Operations, and Maintenance",Grid Design and System Hardening,Other grid topology improvements to minimize risk of ignitions,OPEX,HFTD,$ Thousands,122.4,Equipment failure,NA,2021,NA,NA,NA,NA,NA,Strategic Pole Replacement Program,,SDG&E,2024,v3.2,Petition amendment R0,TN16400_20250728T143441_SDGE_2025_Petition_to_Amend_Tables_1_11_and_12_R0xlsx.xlsx,Table 11,30,Q30,https://efiling.energysafety.ca.gov/eFiling/Getfile.aspx?fileid=56226&shareable=true
T11R-912d8c1e0f23156d,T11-98d6856c9a073e,,3110000048,component_of_v4_tracking_id_group,WMP.461,WMP.461,"Grid Design, Operations, and Maintenance",Grid Design and System Hardening,Other grid topology improvements to mitigate or reduce PSPS events,CAPEX,Territory,$ Thousands,2134.7733979999994,"PSPS - for sectionalization, etc.",NA,2019,NA,WMPMA,Exceeds,G.O. 95,NA,PSPS Sectionalizing Enhancements,,SDG&E,2024,v3.2,Petition amendment R0,TN16400_20250728T143441_SDGE_2025_Petition_to_Amend_Tables_1_11_and_12_R0xlsx.xlsx,Table 11,31,N31,https://efiling.energysafety.ca.gov/eFiling/Getfile.aspx?fileid=56226&shareable=true
T11R-2b03eefe1431df32,T11-98d6856c9a073e,,3110000049,component_of_v4_tracking_id_group,WMP.461,WMP.461,"Grid Design, Operations, and Maintenance",Grid Design and System Hardening,Other grid topology improvements to mitigate or reduce PSPS events,CAPEX,HFTD,$ Thousands,2134.7733979999994,"PSPS - for sectionalization, etc.",NA,2019,NA,WMPMA,Exceeds,G.O. 95,NA,PSPS Sectionalizing Enhancements,,SDG&E,2024,v3.2,Petition amendment R0,TN16400_20250728T143441_SDGE_2025_Petition_to_Amend_Tables_1_11_and_12_R0xlsx.xlsx,Table 11,31,O31,https://efiling.energysafety.ca.gov/eFiling/Getfile.aspx?fileid=56226&shareable=true
T11R-c0e8c5234ff9799f,T11-98d6856c9a073e,,3110000050,component_of_v4_tracking_id_group,WMP.461,WMP.461,"Grid Design, Operations, and Maintenance",Grid Design and System Hardening,Other grid topology improvements to mitigate or reduce PSPS events,OPEX,Territory,$ Thousands,0,"PSPS - for sectionalization, etc.",NA,2019,NA,WMPMA,Exceeds,G.O. 95,NA,PSPS Sectionalizing Enhancements,,SDG&E,2024,v3.2,Petition amendment R0,TN16400_20250728T143441_SDGE_2025_Petition_to_Amend_Tables_1_11_and_12_R0xlsx.xlsx,Table 11,31,P31,https://efiling.energysafety.ca.gov/eFiling/Getfile.aspx?fileid=56226&shareable=true
T11R-019f37b0f1bcf573,T11-98d6856c9a073e,,3110000051,component_of_v4_tracking_id_group,WMP.461,WMP.461,"Grid Design, Operations, and Maintenance",Grid Design and System Hardening,Other grid topology improvements to mitigate or reduce PSPS events,OPEX,HFTD,$ Thousands,0,"PSPS - for sectionalization, etc.",NA,2019,NA,WMPMA,Exceeds,G.O. 95,NA,PSPS Sectionalizing Enhancements,,SDG&E,2024,v3.2,Petition amendment R0,TN16400_20250728T143441_SDGE_2025_Petition_to_Amend_Tables_1_11_and_12_R0xlsx.xlsx,Table 11,31,Q31,https://efiling.energysafety.ca.gov/eFiling/Getfile.aspx?fileid=56226&shareable=true
T11R-77a767060f6e738a,T11-c76bdf0f064121,,3110000032,component_of_v4_tracking_id_group,WMP.462,WMP.462,"Grid Design, Operations, and Maintenance",Grid Design and System Hardening,Microgrids,CAPEX,Territory,$ Thousands,6508,"PSPS - for sectionalization, etc.",NA,2019,NA,WMPMA,Exceeds,P.U. Code § 451,NA,,,SDG&E,2024,v3.2,Petition amendment R0,TN16400_20250728T143441_SDGE_2025_Petition_to_Amend_Tables_1_11_and_12_R0xlsx.xlsx,Table 11,32,N32,https://efiling.energysafety.ca.gov/eFiling/Getfile.aspx?fileid=56226&shareable=true
T11R-abbbb0ef48b527fb,T11-c76bdf0f064121,,3110000033,component_of_v4_tracking_id_group,WMP.462,WMP.462,"Grid Design, Operations, and Maintenance",Grid Design and System Hardening,Microgrids,CAPEX,HFTD,$ Thousands,6508,"PSPS - for sectionalization, etc.",NA,2019,NA,WMPMA,Exceeds,P.U. Code § 451,NA,,,SDG&E,2024,v3.2,Petition amendment R0,TN16400_20250728T143441_SDGE_2025_Petition_to_Amend_Tables_1_11_and_12_R0xlsx.xlsx,Table 11,32,O32,https://efiling.energysafety.ca.gov/eFiling/Getfile.aspx?fileid=56226&shareable=true
T11R-990c6bdd7beaf835,T11-c76bdf0f064121,,3110000034,component_of_v4_tracking_id_group,WMP.462,WMP.462,"Grid Design, Operations, and Maintenance",Grid Design and System Hardening,Microgrids,OPEX,Territory,$ Thousands,888,"PSPS - for sectionalization, etc.",NA,2019,NA,WMPMA,Exceeds,P.U. Code § 451,NA,,,SDG&E,2024,v3.2,Petition amendment R0,TN16400_20250728T143441_SDGE_2025_Petition_to_Amend_Tables_1_11_and_12_R0xlsx.xlsx,Table 11,32,P32,https://efiling.energysafety.ca.gov/eFiling/Getfile.aspx?fileid=56226&shareable=true
T11R-6750eb25df2c3271,T11-c76bdf0f064121,,3110000035,component_of_v4_tracking_id_group,WMP.462,WMP.462,"Grid Design, Operations, and Maintenance",Grid Design and System Hardening,Microgrids,OPEX,HFTD,$ Thousands,888,"PSPS - for sectionalization, etc.",NA,2019,NA,WMPMA,Exceeds,P.U. Code § 451,NA,,,SDG&E,2024,v3.2,Petition amendment R0,TN16400_20250728T143441_SDGE_2025_Petition_to_Amend_Tables_1_11_and_12_R0xlsx.xlsx,Table 11,32,Q32,https://efiling.energysafety.ca.gov/eFiling/Getfile.aspx?fileid=56226&shareable=true
T11R-5942ca6b9409d902,T11-a0f528d167ee38,,3110000052,component_of_v4_tracking_id_group,WMP.466,WMP.466;WMP.467;WMP.468;WMP.558,"Grid Design, Operations, and Maintenance",Grid Design and System Hardening,Other technologies and systems not listed above,CAPEX,Territory,$ Thousands,0,"PSPS - for sectionalization, etc.",NA,2020,NA,WMPMA,Exceeds,P.U. Code § 451,NA,Generator Grant Program,,SDG&E,2024,v3.2,Petition amendment R0,TN16400_20250728T143441_SDGE_2025_Petition_to_Amend_Tables_1_11_and_12_R0xlsx.xlsx,Table 11,33,N33,https://efiling.energysafety.ca.gov/eFiling/Getfile.aspx?fileid=56226&shareable=true
T11R-19d01cea4a243e44,T11-a0f528d167ee38,,3110000053,component_of_v4_tracking_id_group,WMP.466,WMP.466;WMP.467;WMP.468;WMP.558,"Grid Design, Operations, and Maintenance",Grid Design and System Hardening,Other technologies and systems not listed above,CAPEX,HFTD,$ Thousands,0,"PSPS - for sectionalization, etc.",NA,2020,NA,WMPMA,Exceeds,P.U. Code § 451,NA,Generator Grant Program,,SDG&E,2024,v3.2,Petition amendment R0,TN16400_20250728T143441_SDGE_2025_Petition_to_Amend_Tables_1_11_and_12_R0xlsx.xlsx,Table 11,33,O33,https://efiling.energysafety.ca.gov/eFiling/Getfile.aspx?fileid=56226&shareable=true
T11R-bf90f1c690a91441,T11-a0f528d167ee38,,3110000054,component_of_v4_tracking_id_group,WMP.466,WMP.466;WMP.467;WMP.468;WMP.558,"Grid Design, Operations, and Maintenance",Grid Design and System Hardening,Other technologies and systems not listed above,OPEX,Territory,$ Thousands,927,"PSPS - for sectionalization, etc.",NA,2020,NA,WMPMA,Exceeds,P.U. Code § 451,NA,Generator Grant Program,,SDG&E,2024,v3.2,Petition amendment R0,TN16400_20250728T143441_SDGE_2025_Petition_to_Amend_Tables_1_11_and_12_R0xlsx.xlsx,Table 11,33,P33,https://efiling.energysafety.ca.gov/eFiling/Getfile.aspx?fileid=56226&shareable=true
T11R-3c9a83e40bce64be,T11-a0f528d167ee38,,3110000055,component_of_v4_tracking_id_group,WMP.466,WMP.466;WMP.467;WMP.468;WMP.558,"Grid Design, Operations, and Maintenance",Grid Design and System Hardening,Other technologies and systems not listed above,OPEX,HFTD,$ Thousands,927,"PSPS - for sectionalization, etc.",NA,2020,NA,WMPMA,Exceeds,P.U. Code § 451,NA,Generator Grant Program,,SDG&E,2024,v3.2,Petition amendment R0,TN16400_20250728T143441_SDGE_2025_Petition_to_Amend_Tables_1_11_and_12_R0xlsx.xlsx,Table 11,33,Q33,https://efiling.energysafety.ca.gov/eFiling/Getfile.aspx?fileid=56226&shareable=true
T11R-134caa80f6c1a4fc,T11-a0f528d167ee38,,3110000052,component_of_v4_tracking_id_group,WMP.467,WMP.466;WMP.467;WMP.468;WMP.558,"Grid Design, Operations, and Maintenance",Grid Design and System Hardening,Other technologies and systems not listed above,CAPEX,Territory,$ Thousands,0,"PSPS - for sectionalization, etc.",NA,2020,NA,WMPMA,Exceeds,P.U. Code § 451,NA,Generator Assistance Program,,SDG&E,2024,v3.2,Petition amendment R0,TN16400_20250728T143441_SDGE_2025_Petition_to_Amend_Tables_1_11_and_12_R0xlsx.xlsx,Table 11,34,N34,https://efiling.energysafety.ca.gov/eFiling/Getfile.aspx?fileid=56226&shareable=true
T11R-d6a67d3ccee09b85,T11-a0f528d167ee38,,3110000053,component_of_v4_tracking_id_group,WMP.467,WMP.466;WMP.467;WMP.468;WMP.558,"Grid Design, Operations, and Maintenance",Grid Design and System Hardening,Other technologies and systems not listed above,CAPEX,HFTD,$ Thousands,0,"PSPS - for sectionalization, etc.",NA,2020,NA,WMPMA,Exceeds,P.U. Code § 451,NA,Generator Assistance Program,,SDG&E,2024,v3.2,Petition amendment R0,TN16400_20250728T143441_SDGE_2025_Petition_to_Amend_Tables_1_11_and_12_R0xlsx.xlsx,Table 11,34,O34,https://efiling.energysafety.ca.gov/eFiling/Getfile.aspx?fileid=56226&shareable=true
T11R-e6bb6af715ef080e,T11-a0f528d167ee38,,3110000054,component_of_v4_tracking_id_group,WMP.467,WMP.466;WMP.467;WMP.468;WMP.558,"Grid Design, Operations, and Maintenance",Grid Design and System Hardening,Other technologies and systems not listed above,OPEX,Territory,$ Thousands,478,"PSPS - for sectionalization, etc.",NA,2020,NA,WMPMA,Exceeds,P.U. Code § 451,NA,Generator Assistance Program,,SDG&E,2024,v3.2,Petition amendment R0,TN16400_20250728T143441_SDGE_2025_Petition_to_Amend_Tables_1_11_and_12_R0xlsx.xlsx,Table 11,34,P34,https://efiling.energysafety.ca.gov/eFiling/Getfile.aspx?fileid=56226&shareable=true
T11R-f6c8d58bc3fe3e94,T11-a0f528d167ee38,,3110000055,component_of_v4_tracking_id_group,WMP.467,WMP.466;WMP.467;WMP.468;WMP.558,"Grid Design, Operations, and Maintenance",Grid Design and System Hardening,Other technologies and systems not listed above,OPEX,HFTD,$ Thousands,478,"PSPS - for sectionalization, etc.",NA,2020,NA,WMPMA,Exceeds,P.U. Code § 451,NA,Generator Assistance Program,,SDG&E,2024,v3.2,Petition amendment R0,TN16400_20250728T143441_SDGE_2025_Petition_to_Amend_Tables_1_11_and_12_R0xlsx.xlsx,Table 11,34,Q34,https://efiling.energysafety.ca.gov/eFiling/Getfile.aspx?fileid=56226&shareable=true
T11R-f835ce3bb8fe7e40,T11-a0f528d167ee38,,3110000052,component_of_v4_tracking_id_group,WMP.468,WMP.466;WMP.467;WMP.468;WMP.558,"Grid Design, Operations, and Maintenance",Grid Design and System Hardening,Other technologies and systems not listed above,CAPEX,Territory,$ Thousands,0,"PSPS - for sectionalization, etc.",NA,2020,NA,WMPMA,Exceeds,P.U. Code § 451,NA,Standby Power Programs,,SDG&E,2024,v3.2,Petition amendment R0,TN16400_20250728T143441_SDGE_2025_Petition_to_Amend_Tables_1_11_and_12_R0xlsx.xlsx,Table 11,35,N35,https://efiling.energysafety.ca.gov/eFiling/Getfile.aspx?fileid=56226&shareable=true
T11R-9100d9300d46b42b,T11-a0f528d167ee38,,3110000053,component_of_v4_tracking_id_group,WMP.468,WMP.466;WMP.467;WMP.468;WMP.558,"Grid Design, Operations, and Maintenance",Grid Design and System Hardening,Other technologies and systems not listed above,CAPEX,HFTD,$ Thousands,0,"PSPS - for sectionalization, etc.",NA,2020,NA,WMPMA,Exceeds,P.U. Code § 451,NA,Standby Power Programs,,SDG&E,2024,v3.2,Petition amendment R0,TN16400_20250728T143441_SDGE_2025_Petition_to_Amend_Tables_1_11_and_12_R0xlsx.xlsx,Table 11,35,O35,https://efiling.energysafety.ca.gov/eFiling/Getfile.aspx?fileid=56226&shareable=true
T11R-90fed04a1aa0fa24,T11-a0f528d167ee38,,3110000054,component_of_v4_tracking_id_group,WMP.468,WMP.466;WMP.467;WMP.468;WMP.558,"Grid Design, Operations, and Maintenance",Grid Design and System Hardening,Other technologies and systems not listed above,OPEX,Territory,$ Thousands,5207,"PSPS - for sectionalization, etc.",NA,2020,NA,WMPMA,Exceeds,P.U. Code § 451,NA,Standby Power Programs,,SDG&E,2024,v3.2,Petition amendment R0,TN16400_20250728T143441_SDGE_2025_Petition_to_Amend_Tables_1_11_and_12_R0xlsx.xlsx,Table 11,35,P35,https://efiling.energysafety.ca.gov/eFiling/Getfile.aspx?fileid=56226&shareable=true
T11R-58f6db6e1a410d49,T11-a0f528d167ee38,,3110000055,component_of_v4_tracking_id_group,WMP.468,WMP.466;WMP.467;WMP.468;WMP.558,"Grid Design, Operations, and Maintenance",Grid Design and System Hardening,Other technologies and systems not listed above,OPEX,HFTD,$ Thousands,5207,"PSPS - for sectionalization, etc.",NA,2020,NA,WMPMA,Exceeds,P.U. Code § 451,NA,Standby Power Programs,,SDG&E,2024,v3.2,Petition amendment R0,TN16400_20250728T143441_SDGE_2025_Petition_to_Amend_Tables_1_11_and_12_R0xlsx.xlsx,Table 11,35,Q35,https://efiling.energysafety.ca.gov/eFiling/Getfile.aspx?fileid=56226&shareable=true
T11R-44fec6230b7aaa87,T11-592d9fbc719dd1,,3110000024,component_of_v4_tracking_id_group,WMP.1016,WMP.1016;WMP.1017;WMP.475;WMP.543;WMP.545,"Grid Design, Operations, and Maintenance",Grid Design and System Hardening,Traditional overhead hardening,CAPEX,Territory,$ Thousands,0,Other contact with object,Equipment failure,2009,2019 GRC,NA,Exceeds,G.O. 95,NA,CNF(Distribution Underground),,SDG&E,2024,v3.2,Petition amendment R0,TN16400_20250728T143441_SDGE_2025_Petition_to_Amend_Tables_1_11_and_12_R0xlsx.xlsx,Table 11,36,N36,https://efiling.energysafety.ca.gov/eFiling/Getfile.aspx?fileid=56226&shareable=true
T11R-1fd33f85c9ce1422,T11-592d9fbc719dd1,,3110000025,component_of_v4_tracking_id_group,WMP.1016,WMP.1016;WMP.1017;WMP.475;WMP.543;WMP.545,"Grid Design, Operations, and Maintenance",Grid Design and System Hardening,Traditional overhead hardening,CAPEX,HFTD,$ Thousands,0,Other contact with object,Equipment failure,2009,2019 GRC,NA,Exceeds,G.O. 95,NA,CNF(Distribution Underground),,SDG&E,2024,v3.2,Petition amendment R0,TN16400_20250728T143441_SDGE_2025_Petition_to_Amend_Tables_1_11_and_12_R0xlsx.xlsx,Table 11,36,O36,https://efiling.energysafety.ca.gov/eFiling/Getfile.aspx?fileid=56226&shareable=true
T11R-9916667176fdb3b5,T11-592d9fbc719dd1,,3110000026,component_of_v4_tracking_id_group,WMP.1016,WMP.1016;WMP.1017;WMP.475;WMP.543;WMP.545,"Grid Design, Operations, and Maintenance",Grid Design and System Hardening,Traditional overhead hardening,OPEX,Territory,$ Thousands,0,Other contact with object,Equipment failure,2009,2019 GRC,NA,Exceeds,G.O. 95,NA,CNF(Distribution Underground),,SDG&E,2024,v3.2,Petition amendment R0,TN16400_20250728T143441_SDGE_2025_Petition_to_Amend_Tables_1_11_and_12_R0xlsx.xlsx,Table 11,36,P36,https://efiling.energysafety.ca.gov/eFiling/Getfile.aspx?fileid=56226&shareable=true
T11R-71ccff2e87cb50f7,T11-592d9fbc719dd1,,3110000027,component_of_v4_tracking_id_group,WMP.1016,WMP.1016;WMP.1017;WMP.475;WMP.543;WMP.545,"Grid Design, Operations, and Maintenance",Grid Design and System Hardening,Traditional overhead hardening,OPEX,HFTD,$ Thousands,0,Other contact with object,Equipment failure,2009,2019 GRC,NA,Exceeds,G.O. 95,NA,CNF(Distribution Underground),,SDG&E,2024,v3.2,Petition amendment R0,TN16400_20250728T143441_SDGE_2025_Petition_to_Amend_Tables_1_11_and_12_R0xlsx.xlsx,Table 11,36,Q36,https://efiling.energysafety.ca.gov/eFiling/Getfile.aspx?fileid=56226&shareable=true
T11R-c85d31e3452b022b,T11-592d9fbc719dd1,,3110000024,component_of_v4_tracking_id_group,WMP.1017,WMP.1016;WMP.1017;WMP.475;WMP.543;WMP.545,"Grid Design, Operations, and Maintenance",Grid Design and System Hardening,Traditional overhead hardening,CAPEX,Territory,$ Thousands,1031.299888,Equipment failure,Other contact with object,2009,2019 GRC,NA,Exceeds,G.O. 95,NA,CNF(Distribution Overhead),,SDG&E,2024,v3.2,Petition amendment R0,TN16400_20250728T143441_SDGE_2025_Petition_to_Amend_Tables_1_11_and_12_R0xlsx.xlsx,Table 11,37,N37,https://efiling.energysafety.ca.gov/eFiling/Getfile.aspx?fileid=56226&shareable=true
T11R-5ea338ebaa972d7e,T11-592d9fbc719dd1,,3110000025,component_of_v4_tracking_id_group,WMP.1017,WMP.1016;WMP.1017;WMP.475;WMP.543;WMP.545,"Grid Design, Operations, and Maintenance",Grid Design and System Hardening,Traditional overhead hardening,CAPEX,HFTD,$ Thousands,1031.299888,Equipment failure,Other contact with object,2009,2019 GRC,NA,Exceeds,G.O. 95,NA,CNF(Distribution Overhead),,SDG&E,2024,v3.2,Petition amendment R0,TN16400_20250728T143441_SDGE_2025_Petition_to_Amend_Tables_1_11_and_12_R0xlsx.xlsx,Table 11,37,O37,https://efiling.energysafety.ca.gov/eFiling/Getfile.aspx?fileid=56226&shareable=true
T11R-f9a7fe187213f706,T11-592d9fbc719dd1,,3110000026,component_of_v4_tracking_id_group,WMP.1017,WMP.1016;WMP.1017;WMP.475;WMP.543;WMP.545,"Grid Design, Operations, and Maintenance",Grid Design and System Hardening,Traditional overhead hardening,OPEX,Territory,$ Thousands,226,Equipment failure,Other contact with object,2009,2019 GRC,NA,Exceeds,G.O. 95,NA,CNF(Distribution Overhead),,SDG&E,2024,v3.2,Petition amendment R0,TN16400_20250728T143441_SDGE_2025_Petition_to_Amend_Tables_1_11_and_12_R0xlsx.xlsx,Table 11,37,P37,https://efiling.energysafety.ca.gov/eFiling/Getfile.aspx?fileid=56226&shareable=true
T11R-d9320bb32a056d2b,T11-592d9fbc719dd1,,3110000027,component_of_v4_tracking_id_group,WMP.1017,WMP.1016;WMP.1017;WMP.475;WMP.543;WMP.545,"Grid Design, Operations, and Maintenance",Grid Design and System Hardening,Traditional overhead hardening,OPEX,HFTD,$ Thousands,226,Equipment failure,Other contact with object,2009,2019 GRC,NA,Exceeds,G.O. 95,NA,CNF(Distribution Overhead),,SDG&E,2024,v3.2,Petition amendment R0,TN16400_20250728T143441_SDGE_2025_Petition_to_Amend_Tables_1_11_and_12_R0xlsx.xlsx,Table 11,37,Q37,https://efiling.energysafety.ca.gov/eFiling/Getfile.aspx?fileid=56226&shareable=true
T11R-3d4528e8d5bd3e53,T11-faface135e2c53,,3110000016,component_of_v4_tracking_id_group,WMP.458,WMP.458,"Grid Design, Operations, and Maintenance",Grid Design and System Hardening,Distribution pole replacements and reinforcements,CAPEX,Territory,$ Thousands,0,Equipment failure,NA,NA,NA,NA,NA,NA,NA,,,SDG&E,2024,v3.2,Petition amendment R0,TN16400_20250728T143441_SDGE_2025_Petition_to_Amend_Tables_1_11_and_12_R0xlsx.xlsx,Table 11,38,N38,https://efiling.energysafety.ca.gov/eFiling/Getfile.aspx?fileid=56226&shareable=true
T11R-e9e04c91ec36dd66,T11-faface135e2c53,,3110000017,component_of_v4_tracking_id_group,WMP.458,WMP.458,"Grid Design, Operations, and Maintenance",Grid Design and System Hardening,Distribution pole replacements and reinforcements,CAPEX,HFTD,$ Thousands,0,Equipment failure,NA,NA,NA,NA,NA,NA,NA,,,SDG&E,2024,v3.2,Petition amendment R0,TN16400_20250728T143441_SDGE_2025_Petition_to_Amend_Tables_1_11_and_12_R0xlsx.xlsx,Table 11,38,O38,https://efiling.energysafety.ca.gov/eFiling/Getfile.aspx?fileid=56226&shareable=true
T11R-71f5114ff97a672a,T11-faface135e2c53,,3110000018,component_of_v4_tracking_id_group,WMP.458,WMP.458,"Grid Design, Operations, and Maintenance",Grid Design and System Hardening,Distribution pole replacements and reinforcements,OPEX,Territory,$ Thousands,0,Equipment failure,NA,NA,NA,NA,NA,NA,NA,,,SDG&E,2024,v3.2,Petition amendment R0,TN16400_20250728T143441_SDGE_2025_Petition_to_Amend_Tables_1_11_and_12_R0xlsx.xlsx,Table 11,38,P38,https://efiling.energysafety.ca.gov/eFiling/Getfile.aspx?fileid=56226&shareable=true
T11R-8b6f902f0020b6ba,T11-faface135e2c53,,3110000019,component_of_v4_tracking_id_group,WMP.458,WMP.458,"Grid Design, Operations, and Maintenance",Grid Design and System Hardening,Distribution pole replacements and reinforcements,OPEX,HFTD,$ Thousands,0,Equipment failure,NA,NA,NA,NA,NA,NA,NA,,,SDG&E,2024,v3.2,Petition amendment R0,TN16400_20250728T143441_SDGE_2025_Petition_to_Amend_Tables_1_11_and_12_R0xlsx.xlsx,Table 11,38,Q38,https://efiling.energysafety.ca.gov/eFiling/Getfile.aspx?fileid=56226&shareable=true
T11R-d9a28114876063c7,T11-1038b7650a835b,,3110000020,component_of_v4_tracking_id_group,WMP.472,WMP.472,"Grid Design, Operations, and Maintenance",Grid Design and System Hardening,Transmission pole/tower replacements and reinforcements,CAPEX,Territory,$ Thousands,0,Equipment failure,NA,NA,NA,NA,NA,NA,NA,,,SDG&E,2024,v3.2,Petition amendment R0,TN16400_20250728T143441_SDGE_2025_Petition_to_Amend_Tables_1_11_and_12_R0xlsx.xlsx,Table 11,39,N39,https://efiling.energysafety.ca.gov/eFiling/Getfile.aspx?fileid=56226&shareable=true
T11R-3aeb343095e6d697,T11-1038b7650a835b,,3110000021,component_of_v4_tracking_id_group,WMP.472,WMP.472,"Grid Design, Operations, and Maintenance",Grid Design and System Hardening,Transmission pole/tower replacements and reinforcements,CAPEX,HFTD,$ Thousands,0,Equipment failure,NA,NA,NA,NA,NA,NA,NA,,,SDG&E,2024,v3.2,Petition amendment R0,TN16400_20250728T143441_SDGE_2025_Petition_to_Amend_Tables_1_11_and_12_R0xlsx.xlsx,Table 11,39,O39,https://efiling.energysafety.ca.gov/eFiling/Getfile.aspx?fileid=56226&shareable=true
T11R-e88c7f428c981626,T11-1038b7650a835b,,3110000022,component_of_v4_tracking_id_group,WMP.472,WMP.472,"Grid Design, Operations, and Maintenance",Grid Design and System Hardening,Transmission pole/tower replacements and reinforcements,OPEX,Territory,$ Thousands,0,Equipment failure,NA,NA,NA,NA,NA,NA,NA,,,SDG&E,2024,v3.2,Petition amendment R0,TN16400_20250728T143441_SDGE_2025_Petition_to_Amend_Tables_1_11_and_12_R0xlsx.xlsx,Table 11,39,P39,https://efiling.energysafety.ca.gov/eFiling/Getfile.aspx?fileid=56226&shareable=true
T11R-0dce518025d4a807,T11-1038b7650a835b,,3110000023,component_of_v4_tracking_id_group,WMP.472,WMP.472,"Grid Design, Operations, and Maintenance",Grid Design and System Hardening,Transmission pole/tower replacements and reinforcements,OPEX,HFTD,$ Thousands,0,Equipment failure,NA,NA,NA,NA,NA,NA,NA,,,SDG&E,2024,v3.2,Petition amendment R0,TN16400_20250728T143441_SDGE_2025_Petition_to_Amend_Tables_1_11_and_12_R0xlsx.xlsx,Table 11,39,Q39,https://efiling.energysafety.ca.gov/eFiling/Getfile.aspx?fileid=56226&shareable=true
T11R-d5caef393a44d85b,T11-8c24c165cf2963,,3110000012,component_of_v4_tracking_id_group,WMP.473,WMP.473,"Grid Design, Operations, and Maintenance",Grid Design and System Hardening,Undergrounding of electric lines and/or equipment,CAPEX,Territory,$ Thousands,214827.1902057294,Other contact with object,Equipment failure,2019,NA,WMPMA,Exceeds,G.O. 95,NA,,,SDG&E,2024,v3.2,Petition amendment R0,TN16400_20250728T143441_SDGE_2025_Petition_to_Amend_Tables_1_11_and_12_R0xlsx.xlsx,Table 11,40,N40,https://efiling.energysafety.ca.gov/eFiling/Getfile.aspx?fileid=56226&shareable=true
T11R-654c91f8f6762ff3,T11-8c24c165cf2963,,3110000013,component_of_v4_tracking_id_group,WMP.473,WMP.473,"Grid Design, Operations, and Maintenance",Grid Design and System Hardening,Undergrounding of electric lines and/or equipment,CAPEX,HFTD,$ Thousands,214827.1902057294,Other contact with object,Equipment failure,2019,NA,WMPMA,Exceeds,G.O. 95,NA,,,SDG&E,2024,v3.2,Petition amendment R0,TN16400_20250728T143441_SDGE_2025_Petition_to_Amend_Tables_1_11_and_12_R0xlsx.xlsx,Table 11,40,O40,https://efiling.energysafety.ca.gov/eFiling/Getfile.aspx?fileid=56226&shareable=true
T11R-f7d2b81b673b3759,T11-8c24c165cf2963,,3110000014,component_of_v4_tracking_id_group,WMP.473,WMP.473,"Grid Design, Operations, and Maintenance",Grid Design and System Hardening,Undergrounding of electric lines and/or equipment,OPEX,Territory,$ Thousands,2313,Other contact with object,Equipment failure,2019,NA,WMPMA,Exceeds,G.O. 95,NA,,,SDG&E,2024,v3.2,Petition amendment R0,TN16400_20250728T143441_SDGE_2025_Petition_to_Amend_Tables_1_11_and_12_R0xlsx.xlsx,Table 11,40,P40,https://efiling.energysafety.ca.gov/eFiling/Getfile.aspx?fileid=56226&shareable=true
T11R-56e18100ee9834e3,T11-8c24c165cf2963,,3110000015,component_of_v4_tracking_id_group,WMP.473,WMP.473,"Grid Design, Operations, and Maintenance",Grid Design and System Hardening,Undergrounding of electric lines and/or equipment,OPEX,HFTD,$ Thousands,2313,Other contact with object,Equipment failure,2019,NA,WMPMA,Exceeds,G.O. 95,NA,,,SDG&E,2024,v3.2,Petition amendment R0,TN16400_20250728T143441_SDGE_2025_Petition_to_Amend_Tables_1_11_and_12_R0xlsx.xlsx,Table 11,40,Q40,https://efiling.energysafety.ca.gov/eFiling/Getfile.aspx?fileid=56226&shareable=true
T11R-87c6a1c0ab83a3e3,T11-592d9fbc719dd1,,3110000024,component_of_v4_tracking_id_group,WMP.475,WMP.1016;WMP.1017;WMP.475;WMP.543;WMP.545,"Grid Design, Operations, and Maintenance",Grid Design and System Hardening,Traditional overhead hardening,CAPEX,Territory,$ Thousands,3711.2844179999965,Equipment failure,Other contact with object,2009,2019 GRC,NA,Exceeds,G.O. 95,NA,Distribution OH System Hardening,,SDG&E,2024,v3.2,Petition amendment R0,TN16400_20250728T143441_SDGE_2025_Petition_to_Amend_Tables_1_11_and_12_R0xlsx.xlsx,Table 11,41,N41,https://efiling.energysafety.ca.gov/eFiling/Getfile.aspx?fileid=56226&shareable=true
T11R-39cffce2979d9150,T11-592d9fbc719dd1,,3110000025,component_of_v4_tracking_id_group,WMP.475,WMP.1016;WMP.1017;WMP.475;WMP.543;WMP.545,"Grid Design, Operations, and Maintenance",Grid Design and System Hardening,Traditional overhead hardening,CAPEX,HFTD,$ Thousands,3711.2844179999965,Equipment failure,Other contact with object,2009,2019 GRC,NA,Exceeds,G.O. 95,NA,Distribution OH System Hardening,,SDG&E,2024,v3.2,Petition amendment R0,TN16400_20250728T143441_SDGE_2025_Petition_to_Amend_Tables_1_11_and_12_R0xlsx.xlsx,Table 11,41,O41,https://efiling.energysafety.ca.gov/eFiling/Getfile.aspx?fileid=56226&shareable=true
T11R-9e0d74b1adb813bd,T11-592d9fbc719dd1,,3110000026,component_of_v4_tracking_id_group,WMP.475,WMP.1016;WMP.1017;WMP.475;WMP.543;WMP.545,"Grid Design, Operations, and Maintenance",Grid Design and System Hardening,Traditional overhead hardening,OPEX,Territory,$ Thousands,2748,Equipment failure,Other contact with object,2009,2019 GRC,NA,Exceeds,G.O. 95,NA,Distribution OH System Hardening,,SDG&E,2024,v3.2,Petition amendment R0,TN16400_20250728T143441_SDGE_2025_Petition_to_Amend_Tables_1_11_and_12_R0xlsx.xlsx,Table 11,41,P41,https://efiling.energysafety.ca.gov/eFiling/Getfile.aspx?fileid=56226&shareable=true
T11R-104ceeaf370ac8f3,T11-592d9fbc719dd1,,3110000027,component_of_v4_tracking_id_group,WMP.475,WMP.1016;WMP.1017;WMP.475;WMP.543;WMP.545,"Grid Design, Operations, and Maintenance",Grid Design and System Hardening,Traditional overhead hardening,OPEX,HFTD,$ Thousands,2748,Equipment failure,Other contact with object,2009,2019 GRC,NA,Exceeds,G.O. 95,NA,Distribution OH System Hardening,,SDG&E,2024,v3.2,Petition amendment R0,TN16400_20250728T143441_SDGE_2025_Petition_to_Amend_Tables_1_11_and_12_R0xlsx.xlsx,Table 11,41,Q41,https://efiling.energysafety.ca.gov/eFiling/Getfile.aspx?fileid=56226&shareable=true
T11R-5d4a4bcc404fbc42,T11-592d9fbc719dd1,,3110000024,component_of_v4_tracking_id_group,WMP.543,WMP.1016;WMP.1017;WMP.475;WMP.543;WMP.545,"Grid Design, Operations, and Maintenance",Grid Design and System Hardening,Traditional overhead hardening,CAPEX,Territory,$ Thousands,0,Equipment failure,Other contact with object,2009,NA,NA,Exceeds,G.O. 95,NA,Transmission OH Hardening,,SDG&E,2024,v3.2,Petition amendment R0,TN16400_20250728T143441_SDGE_2025_Petition_to_Amend_Tables_1_11_and_12_R0xlsx.xlsx,Table 11,42,N42,https://efiling.energysafety.ca.gov/eFiling/Getfile.aspx?fileid=56226&shareable=true
T11R-73a932735adef616,T11-592d9fbc719dd1,,3110000025,component_of_v4_tracking_id_group,WMP.543,WMP.1016;WMP.1017;WMP.475;WMP.543;WMP.545,"Grid Design, Operations, and Maintenance",Grid Design and System Hardening,Traditional overhead hardening,CAPEX,HFTD,$ Thousands,0,Equipment failure,Other contact with object,2009,NA,NA,Exceeds,G.O. 95,NA,Transmission OH Hardening,,SDG&E,2024,v3.2,Petition amendment R0,TN16400_20250728T143441_SDGE_2025_Petition_to_Amend_Tables_1_11_and_12_R0xlsx.xlsx,Table 11,42,O42,https://efiling.energysafety.ca.gov/eFiling/Getfile.aspx?fileid=56226&shareable=true
T11R-08aa7b84989cb849,T11-592d9fbc719dd1,,3110000026,component_of_v4_tracking_id_group,WMP.543,WMP.1016;WMP.1017;WMP.475;WMP.543;WMP.545,"Grid Design, Operations, and Maintenance",Grid Design and System Hardening,Traditional overhead hardening,OPEX,Territory,$ Thousands,0,Equipment failure,Other contact with object,2009,NA,NA,Exceeds,G.O. 95,NA,Transmission OH Hardening,,SDG&E,2024,v3.2,Petition amendment R0,TN16400_20250728T143441_SDGE_2025_Petition_to_Amend_Tables_1_11_and_12_R0xlsx.xlsx,Table 11,42,P42,https://efiling.energysafety.ca.gov/eFiling/Getfile.aspx?fileid=56226&shareable=true
T11R-ebf078f2a6d93c19,T11-592d9fbc719dd1,,3110000027,component_of_v4_tracking_id_group,WMP.543,WMP.1016;WMP.1017;WMP.475;WMP.543;WMP.545,"Grid Design, Operations, and Maintenance",Grid Design and System Hardening,Traditional overhead hardening,OPEX,HFTD,$ Thousands,0,Equipment failure,Other contact with object,2009,NA,NA,Exceeds,G.O. 95,NA,Transmission OH Hardening,,SDG&E,2024,v3.2,Petition amendment R0,TN16400_20250728T143441_SDGE_2025_Petition_to_Amend_Tables_1_11_and_12_R0xlsx.xlsx,Table 11,42,Q42,https://efiling.energysafety.ca.gov/eFiling/Getfile.aspx?fileid=56226&shareable=true
T11R-605763f27cc39eaf,T11-592d9fbc719dd1,,3110000024,component_of_v4_tracking_id_group,WMP.545,WMP.1016;WMP.1017;WMP.475;WMP.543;WMP.545,"Grid Design, Operations, and Maintenance",Grid Design and System Hardening,Traditional overhead hardening,CAPEX,Territory,$ Thousands,12170.247561999997,Equipment failure,Other contact with object,2009,2019 GRC,NA,Exceeds,G.O. 95,NA,Transmission OH Hardening - Distribution Underbuild,,SDG&E,2024,v3.2,Petition amendment R0,TN16400_20250728T143441_SDGE_2025_Petition_to_Amend_Tables_1_11_and_12_R0xlsx.xlsx,Table 11,43,N43,https://efiling.energysafety.ca.gov/eFiling/Getfile.aspx?fileid=56226&shareable=true
T11R-7cbe535dcc34f26c,T11-592d9fbc719dd1,,3110000025,component_of_v4_tracking_id_group,WMP.545,WMP.1016;WMP.1017;WMP.475;WMP.543;WMP.545,"Grid Design, Operations, and Maintenance",Grid Design and System Hardening,Traditional overhead hardening,CAPEX,HFTD,$ Thousands,12170.247561999997,Equipment failure,Other contact with object,2009,2019 GRC,NA,Exceeds,G.O. 95,NA,Transmission OH Hardening - Distribution Underbuild,,SDG&E,2024,v3.2,Petition amendment R0,TN16400_20250728T143441_SDGE_2025_Petition_to_Amend_Tables_1_11_and_12_R0xlsx.xlsx,Table 11,43,O43,https://efiling.energysafety.ca.gov/eFiling/Getfile.aspx?fileid=56226&shareable=true
T11R-d77c5a010d48b70f,T11-592d9fbc719dd1,,3110000026,component_of_v4_tracking_id_group,WMP.545,WMP.1016;WMP.1017;WMP.475;WMP.543;WMP.545,"Grid Design, Operations, and Maintenance",Grid Design and System Hardening,Traditional overhead hardening,OPEX,Territory,$ Thousands,-131,Equipment failure,Other contact with object,2009,2019 GRC,NA,Exceeds,G.O. 95,NA,Transmission OH Hardening - Distribution Underbuild,,SDG&E,2024,v3.2,Petition amendment R0,TN16400_20250728T143441_SDGE_2025_Petition_to_Amend_Tables_1_11_and_12_R0xlsx.xlsx,Table 11,43,P43,https://efiling.energysafety.ca.gov/eFiling/Getfile.aspx?fileid=56226&shareable=true
T11R-61fa9c26d64a8ad3,T11-592d9fbc719dd1,,3110000027,component_of_v4_tracking_id_group,WMP.545,WMP.1016;WMP.1017;WMP.475;WMP.543;WMP.545,"Grid Design, Operations, and Maintenance",Grid Design and System Hardening,Traditional overhead hardening,OPEX,HFTD,$ Thousands,-131,Equipment failure,Other contact with object,2009,2019 GRC,NA,Exceeds,G.O. 95,NA,Transmission OH Hardening - Distribution Underbuild,,SDG&E,2024,v3.2,Petition amendment R0,TN16400_20250728T143441_SDGE_2025_Petition_to_Amend_Tables_1_11_and_12_R0xlsx.xlsx,Table 11,43,Q43,https://efiling.energysafety.ca.gov/eFiling/Getfile.aspx?fileid=56226&shareable=true
T11R-dc4c66bb63055907,T11-24ae7b7643ba60,,3110000036,component_of_v4_tracking_id_group,WMP.463,WMP.463;WMP.549,"Grid Design, Operations, and Maintenance",Grid Design and System Hardening,Installation of system automation equipment,CAPEX,Territory,$ Thousands,10985.461937999997,"PSPS - for sectionalization, etc.",NA,2011,NA,WMPMA,Exceeds,P.U. Code § 451,NA,Advanced Protection,,SDG&E,2024,v3.2,Petition amendment R0,TN16400_20250728T143441_SDGE_2025_Petition_to_Amend_Tables_1_11_and_12_R0xlsx.xlsx,Table 11,44,N44,https://efiling.energysafety.ca.gov/eFiling/Getfile.aspx?fileid=56226&shareable=true
T11R-e455a55ce601063b,T11-24ae7b7643ba60,,3110000037,component_of_v4_tracking_id_group,WMP.463,WMP.463;WMP.549,"Grid Design, Operations, and Maintenance",Grid Design and System Hardening,Installation of system automation equipment,CAPEX,HFTD,$ Thousands,10985.461937999997,"PSPS - for sectionalization, etc.",NA,2011,NA,WMPMA,Exceeds,P.U. Code § 451,NA,Advanced Protection,,SDG&E,2024,v3.2,Petition amendment R0,TN16400_20250728T143441_SDGE_2025_Petition_to_Amend_Tables_1_11_and_12_R0xlsx.xlsx,Table 11,44,O44,https://efiling.energysafety.ca.gov/eFiling/Getfile.aspx?fileid=56226&shareable=true
T11R-fae623ecfd22cb22,T11-24ae7b7643ba60,,3110000038,component_of_v4_tracking_id_group,WMP.463,WMP.463;WMP.549,"Grid Design, Operations, and Maintenance",Grid Design and System Hardening,Installation of system automation equipment,OPEX,Territory,$ Thousands,145,"PSPS - for sectionalization, etc.",NA,2011,NA,WMPMA,Exceeds,P.U. Code § 451,NA,Advanced Protection,,SDG&E,2024,v3.2,Petition amendment R0,TN16400_20250728T143441_SDGE_2025_Petition_to_Amend_Tables_1_11_and_12_R0xlsx.xlsx,Table 11,44,P44,https://efiling.energysafety.ca.gov/eFiling/Getfile.aspx?fileid=56226&shareable=true
T11R-c4653f03efc6a280,T11-24ae7b7643ba60,,3110000039,component_of_v4_tracking_id_group,WMP.463,WMP.463;WMP.549,"Grid Design, Operations, and Maintenance",Grid Design and System Hardening,Installation of system automation equipment,OPEX,HFTD,$ Thousands,145,"PSPS - for sectionalization, etc.",NA,2011,NA,WMPMA,Exceeds,P.U. Code § 451,NA,Advanced Protection,,SDG&E,2024,v3.2,Petition amendment R0,TN16400_20250728T143441_SDGE_2025_Petition_to_Amend_Tables_1_11_and_12_R0xlsx.xlsx,Table 11,44,Q44,https://efiling.energysafety.ca.gov/eFiling/Getfile.aspx?fileid=56226&shareable=true
T11R-9e2e09a3ec850544,T11-b349e41c9d65f5,,3110000144,component_of_v4_tracking_id_group,WMP.1195,WMP.1195,Situational Awareness and Forecasting,Grid Monitoring Systems,,CAPEX,Territory,$ Thousands,3477.4172302553998,Wildfire Exposure,NA,2023,NA,NA,NA,NA,NA,Early Fault Detection,,SDG&E,2024,v3.2,Petition amendment R0,TN16400_20250728T143441_SDGE_2025_Petition_to_Amend_Tables_1_11_and_12_R0xlsx.xlsx,Table 11,45,N45,https://efiling.energysafety.ca.gov/eFiling/Getfile.aspx?fileid=56226&shareable=true
T11R-2f3996188d70d3cd,T11-b349e41c9d65f5,,3110000145,component_of_v4_tracking_id_group,WMP.1195,WMP.1195,Situational Awareness and Forecasting,Grid Monitoring Systems,,CAPEX,HFTD,$ Thousands,2638.040657435131,Wildfire Exposure,NA,2023,NA,NA,NA,NA,NA,Early Fault Detection,,SDG&E,2024,v3.2,Petition amendment R0,TN16400_20250728T143441_SDGE_2025_Petition_to_Amend_Tables_1_11_and_12_R0xlsx.xlsx,Table 11,45,O45,https://efiling.energysafety.ca.gov/eFiling/Getfile.aspx?fileid=56226&shareable=true
T11R-da2863e868d86fe9,T11-b349e41c9d65f5,,3110000146,component_of_v4_tracking_id_group,WMP.1195,WMP.1195,Situational Awareness and Forecasting,Grid Monitoring Systems,,OPEX,Territory,$ Thousands,123,Wildfire Exposure,NA,2023,NA,NA,NA,NA,NA,Early Fault Detection,,SDG&E,2024,v3.2,Petition amendment R0,TN16400_20250728T143441_SDGE_2025_Petition_to_Amend_Tables_1_11_and_12_R0xlsx.xlsx,Table 11,45,P45,https://efiling.energysafety.ca.gov/eFiling/Getfile.aspx?fileid=56226&shareable=true
T11R-cb37df12cbfde6d8,T11-b349e41c9d65f5,,3110000147,component_of_v4_tracking_id_group,WMP.1195,WMP.1195,Situational Awareness and Forecasting,Grid Monitoring Systems,,OPEX,HFTD,$ Thousands,93.3103448275862,Wildfire Exposure,NA,2023,NA,NA,NA,NA,NA,Early Fault Detection,,SDG&E,2024,v3.2,Petition amendment R0,TN16400_20250728T143441_SDGE_2025_Petition_to_Amend_Tables_1_11_and_12_R0xlsx.xlsx,Table 11,45,Q45,https://efiling.energysafety.ca.gov/eFiling/Getfile.aspx?fileid=56226&shareable=true
T11R-bdc8458b6627bc40,T11-24ae7b7643ba60,,3110000036,component_of_v4_tracking_id_group,WMP.549,WMP.463;WMP.549,"Grid Design, Operations, and Maintenance",Grid Design and System Hardening,Installation of system automation equipment,CAPEX,Territory,$ Thousands,21005.005585247935,Wildfire Exposure Potential,PSPS exposure potential,2010,2019 GRC,NA,NA,P.U. Code § 451,NA,Distribution Communications Reliability Improvements,,SDG&E,2024,v3.2,Petition amendment R0,TN16400_20250728T143441_SDGE_2025_Petition_to_Amend_Tables_1_11_and_12_R0xlsx.xlsx,Table 11,46,N46,https://efiling.energysafety.ca.gov/eFiling/Getfile.aspx?fileid=56226&shareable=true
T11R-206aa84546fc491a,T11-24ae7b7643ba60,,3110000037,component_of_v4_tracking_id_group,WMP.549,WMP.463;WMP.549,"Grid Design, Operations, and Maintenance",Grid Design and System Hardening,Installation of system automation equipment,CAPEX,HFTD,$ Thousands,7001.668528415979,Wildfire Exposure Potential,PSPS exposure potential,2010,2019 GRC,NA,NA,P.U. Code § 451,NA,Distribution Communications Reliability Improvements,,SDG&E,2024,v3.2,Petition amendment R0,TN16400_20250728T143441_SDGE_2025_Petition_to_Amend_Tables_1_11_and_12_R0xlsx.xlsx,Table 11,46,O46,https://efiling.energysafety.ca.gov/eFiling/Getfile.aspx?fileid=56226&shareable=true
T11R-8b81b5bc17280edf,T11-24ae7b7643ba60,,3110000038,component_of_v4_tracking_id_group,WMP.549,WMP.463;WMP.549,"Grid Design, Operations, and Maintenance",Grid Design and System Hardening,Installation of system automation equipment,OPEX,Territory,$ Thousands,1501,Wildfire Exposure Potential,PSPS exposure potential,2010,2019 GRC,NA,NA,P.U. Code § 451,NA,Distribution Communications Reliability Improvements,,SDG&E,2024,v3.2,Petition amendment R0,TN16400_20250728T143441_SDGE_2025_Petition_to_Amend_Tables_1_11_and_12_R0xlsx.xlsx,Table 11,46,P46,https://efiling.energysafety.ca.gov/eFiling/Getfile.aspx?fileid=56226&shareable=true
T11R-832da36f7d18094d,T11-24ae7b7643ba60,,3110000039,component_of_v4_tracking_id_group,WMP.549,WMP.463;WMP.549,"Grid Design, Operations, and Maintenance",Grid Design and System Hardening,Installation of system automation equipment,OPEX,HFTD,$ Thousands,500.3333333333333,Wildfire Exposure Potential,PSPS exposure potential,2010,2019 GRC,NA,NA,P.U. Code § 451,NA,Distribution Communications Reliability Improvements,,SDG&E,2024,v3.2,Petition amendment R0,TN16400_20250728T143441_SDGE_2025_Petition_to_Amend_Tables_1_11_and_12_R0xlsx.xlsx,Table 11,46,Q46,https://efiling.energysafety.ca.gov/eFiling/Getfile.aspx?fileid=56226&shareable=true
T11R-e41e80fd1bddf9a8,T11-ce4e8bff50e93c,,3110000040,component_of_v4_tracking_id_group,WMP.1202,WMP.1202,"Grid Design, Operations, and Maintenance",Grid Design and System Hardening,Line removals (in HFTD),CAPEX,Territory,$ Thousands,0,NA,NA,NA,NA,NA,NA,NA,NA,,,SDG&E,2024,v3.2,Petition amendment R0,TN16400_20250728T143441_SDGE_2025_Petition_to_Amend_Tables_1_11_and_12_R0xlsx.xlsx,Table 11,47,N47,https://efiling.energysafety.ca.gov/eFiling/Getfile.aspx?fileid=56226&shareable=true
T11R-72caf3ab0ab011ca,T11-ce4e8bff50e93c,,3110000041,component_of_v4_tracking_id_group,WMP.1202,WMP.1202,"Grid Design, Operations, and Maintenance",Grid Design and System Hardening,Line removals (in HFTD),CAPEX,HFTD,$ Thousands,0,NA,NA,NA,NA,NA,NA,NA,NA,,,SDG&E,2024,v3.2,Petition amendment R0,TN16400_20250728T143441_SDGE_2025_Petition_to_Amend_Tables_1_11_and_12_R0xlsx.xlsx,Table 11,47,O47,https://efiling.energysafety.ca.gov/eFiling/Getfile.aspx?fileid=56226&shareable=true
T11R-6f55d5447a3d800d,T11-ce4e8bff50e93c,,3110000042,component_of_v4_tracking_id_group,WMP.1202,WMP.1202,"Grid Design, Operations, and Maintenance",Grid Design and System Hardening,Line removals (in HFTD),OPEX,Territory,$ Thousands,0,NA,NA,NA,NA,NA,NA,NA,NA,,,SDG&E,2024,v3.2,Petition amendment R0,TN16400_20250728T143441_SDGE_2025_Petition_to_Amend_Tables_1_11_and_12_R0xlsx.xlsx,Table 11,47,P47,https://efiling.energysafety.ca.gov/eFiling/Getfile.aspx?fileid=56226&shareable=true
T11R-054aeb11736e9f6d,T11-ce4e8bff50e93c,,3110000043,component_of_v4_tracking_id_group,WMP.1202,WMP.1202,"Grid Design, Operations, and Maintenance",Grid Design and System Hardening,Line removals (in HFTD),OPEX,HFTD,$ Thousands,0,NA,NA,NA,NA,NA,NA,NA,NA,,,SDG&E,2024,v3.2,Petition amendment R0,TN16400_20250728T143441_SDGE_2025_Petition_to_Amend_Tables_1_11_and_12_R0xlsx.xlsx,Table 11,47,Q47,https://efiling.energysafety.ca.gov/eFiling/Getfile.aspx?fileid=56226&shareable=true
T11R-c27107f48e74e3c9,T11-e859c30695f57d,,3110000056,component_of_v4_tracking_id_group,WMP.478,WMP.1190;WMP.1509;WMP.478;WMP.479;WMP.481;WMP.482;WMP.483;WMP.484;WMP.488;WMP.489;WMP.492;WMP.551;WMP.552;WMP.555,"Grid Design, Operations, and Maintenance",Asset Inspections,,CAPEX,Territory,$ Thousands,8070,Equipment failure,NA,1997,2019 GRC,NA,Meets,G.O. 95,NA,Distribution Overhead Detailed Inspections,,SDG&E,2024,v3.2,Petition amendment R0,TN16400_20250728T143441_SDGE_2025_Petition_to_Amend_Tables_1_11_and_12_R0xlsx.xlsx,Table 11,48,N48,https://efiling.energysafety.ca.gov/eFiling/Getfile.aspx?fileid=56226&shareable=true
T11R-e3f6c15c29efbf3c,T11-e859c30695f57d,,3110000057,component_of_v4_tracking_id_group,WMP.478,WMP.1190;WMP.1509;WMP.478;WMP.479;WMP.481;WMP.482;WMP.483;WMP.484;WMP.488;WMP.489;WMP.492;WMP.551;WMP.552;WMP.555,"Grid Design, Operations, and Maintenance",Asset Inspections,,CAPEX,HFTD,$ Thousands,8070,Equipment failure,NA,1997,2019 GRC,NA,Meets,G.O. 95,NA,Distribution Overhead Detailed Inspections,,SDG&E,2024,v3.2,Petition amendment R0,TN16400_20250728T143441_SDGE_2025_Petition_to_Amend_Tables_1_11_and_12_R0xlsx.xlsx,Table 11,48,O48,https://efiling.energysafety.ca.gov/eFiling/Getfile.aspx?fileid=56226&shareable=true
T11R-2b8919e2fe7da168,T11-e859c30695f57d,,3110000058,component_of_v4_tracking_id_group,WMP.478,WMP.1190;WMP.1509;WMP.478;WMP.479;WMP.481;WMP.482;WMP.483;WMP.484;WMP.488;WMP.489;WMP.492;WMP.551;WMP.552;WMP.555,"Grid Design, Operations, and Maintenance",Asset Inspections,,OPEX,Territory,$ Thousands,480,Equipment failure,NA,1997,2019 GRC,NA,Meets,G.O. 95,NA,Distribution Overhead Detailed Inspections,,SDG&E,2024,v3.2,Petition amendment R0,TN16400_20250728T143441_SDGE_2025_Petition_to_Amend_Tables_1_11_and_12_R0xlsx.xlsx,Table 11,48,P48,https://efiling.energysafety.ca.gov/eFiling/Getfile.aspx?fileid=56226&shareable=true
T11R-fa3a2d9a590064be,T11-e859c30695f57d,,3110000059,component_of_v4_tracking_id_group,WMP.478,WMP.1190;WMP.1509;WMP.478;WMP.479;WMP.481;WMP.482;WMP.483;WMP.484;WMP.488;WMP.489;WMP.492;WMP.551;WMP.552;WMP.555,"Grid Design, Operations, and Maintenance",Asset Inspections,,OPEX,HFTD,$ Thousands,480,Equipment failure,NA,1997,2019 GRC,NA,Meets,G.O. 95,NA,Distribution Overhead Detailed Inspections,,SDG&E,2024,v3.2,Petition amendment R0,TN16400_20250728T143441_SDGE_2025_Petition_to_Amend_Tables_1_11_and_12_R0xlsx.xlsx,Table 11,48,Q48,https://efiling.energysafety.ca.gov/eFiling/Getfile.aspx?fileid=56226&shareable=true
T11R-bcf4ca7200c6e069,T11-e859c30695f57d,,3110000056,component_of_v4_tracking_id_group,WMP.479,WMP.1190;WMP.1509;WMP.478;WMP.479;WMP.481;WMP.482;WMP.483;WMP.484;WMP.488;WMP.489;WMP.492;WMP.551;WMP.552;WMP.555,"Grid Design, Operations, and Maintenance",Asset Inspections,,CAPEX,Territory,$ Thousands,1024.4328159999998,Equipment failure,NA,1997,NA,NA,Meets,G.O. 95,NA,Transmission Overhead Detailed Inspections,,SDG&E,2024,v3.2,Petition amendment R0,TN16400_20250728T143441_SDGE_2025_Petition_to_Amend_Tables_1_11_and_12_R0xlsx.xlsx,Table 11,49,N49,https://efiling.energysafety.ca.gov/eFiling/Getfile.aspx?fileid=56226&shareable=true
T11R-ac4ce8f1c846dad3,T11-e859c30695f57d,,3110000057,component_of_v4_tracking_id_group,WMP.479,WMP.1190;WMP.1509;WMP.478;WMP.479;WMP.481;WMP.482;WMP.483;WMP.484;WMP.488;WMP.489;WMP.492;WMP.551;WMP.552;WMP.555,"Grid Design, Operations, and Maintenance",Asset Inspections,,CAPEX,HFTD,$ Thousands,849.5126549006802,Equipment failure,NA,1997,NA,NA,Meets,G.O. 95,NA,Transmission Overhead Detailed Inspections,,SDG&E,2024,v3.2,Petition amendment R0,TN16400_20250728T143441_SDGE_2025_Petition_to_Amend_Tables_1_11_and_12_R0xlsx.xlsx,Table 11,49,O49,https://efiling.energysafety.ca.gov/eFiling/Getfile.aspx?fileid=56226&shareable=true
T11R-ad1a6886e990524e,T11-e859c30695f57d,,3110000058,component_of_v4_tracking_id_group,WMP.479,WMP.1190;WMP.1509;WMP.478;WMP.479;WMP.481;WMP.482;WMP.483;WMP.484;WMP.488;WMP.489;WMP.492;WMP.551;WMP.552;WMP.555,"Grid Design, Operations, and Maintenance",Asset Inspections,,OPEX,Territory,$ Thousands,6,Equipment failure,NA,1997,NA,NA,Meets,G.O. 95,NA,Transmission Overhead Detailed Inspections,,SDG&E,2024,v3.2,Petition amendment R0,TN16400_20250728T143441_SDGE_2025_Petition_to_Amend_Tables_1_11_and_12_R0xlsx.xlsx,Table 11,49,P49,https://efiling.energysafety.ca.gov/eFiling/Getfile.aspx?fileid=56226&shareable=true
T11R-8fe8f52d31d5ad4c,T11-e859c30695f57d,,3110000059,component_of_v4_tracking_id_group,WMP.479,WMP.1190;WMP.1509;WMP.478;WMP.479;WMP.481;WMP.482;WMP.483;WMP.484;WMP.488;WMP.489;WMP.492;WMP.551;WMP.552;WMP.555,"Grid Design, Operations, and Maintenance",Asset Inspections,,OPEX,HFTD,$ Thousands,4.975510204081632,Equipment failure,NA,1997,NA,NA,Meets,G.O. 95,NA,Transmission Overhead Detailed Inspections,,SDG&E,2024,v3.2,Petition amendment R0,TN16400_20250728T143441_SDGE_2025_Petition_to_Amend_Tables_1_11_and_12_R0xlsx.xlsx,Table 11,49,Q49,https://efiling.energysafety.ca.gov/eFiling/Getfile.aspx?fileid=56226&shareable=true
T11R-cd14893b495dfa4d,T11-e859c30695f57d,,3110000056,component_of_v4_tracking_id_group,WMP.481,WMP.1190;WMP.1509;WMP.478;WMP.479;WMP.481;WMP.482;WMP.483;WMP.484;WMP.488;WMP.489;WMP.492;WMP.551;WMP.552;WMP.555,"Grid Design, Operations, and Maintenance",Asset Inspections,,CAPEX,Territory,$ Thousands,0,Equipment failure,NA,2020,NA,WMPMA,Exceeds,P.U. Code § 451,NA,Distribution Infrared Inspections,,SDG&E,2024,v3.2,Petition amendment R0,TN16400_20250728T143441_SDGE_2025_Petition_to_Amend_Tables_1_11_and_12_R0xlsx.xlsx,Table 11,50,N50,https://efiling.energysafety.ca.gov/eFiling/Getfile.aspx?fileid=56226&shareable=true
T11R-5e4fe546089829d2,T11-e859c30695f57d,,3110000057,component_of_v4_tracking_id_group,WMP.481,WMP.1190;WMP.1509;WMP.478;WMP.479;WMP.481;WMP.482;WMP.483;WMP.484;WMP.488;WMP.489;WMP.492;WMP.551;WMP.552;WMP.555,"Grid Design, Operations, and Maintenance",Asset Inspections,,CAPEX,HFTD,$ Thousands,0,Equipment failure,NA,2020,NA,WMPMA,Exceeds,P.U. Code § 451,NA,Distribution Infrared Inspections,,SDG&E,2024,v3.2,Petition amendment R0,TN16400_20250728T143441_SDGE_2025_Petition_to_Amend_Tables_1_11_and_12_R0xlsx.xlsx,Table 11,50,O50,https://efiling.energysafety.ca.gov/eFiling/Getfile.aspx?fileid=56226&shareable=true
T11R-40e6e148fa9c236a,T11-e859c30695f57d,,3110000058,component_of_v4_tracking_id_group,WMP.481,WMP.1190;WMP.1509;WMP.478;WMP.479;WMP.481;WMP.482;WMP.483;WMP.484;WMP.488;WMP.489;WMP.492;WMP.551;WMP.552;WMP.555,"Grid Design, Operations, and Maintenance",Asset Inspections,,OPEX,Territory,$ Thousands,145,Equipment failure,NA,2020,NA,WMPMA,Exceeds,P.U. Code § 451,NA,Distribution Infrared Inspections,,SDG&E,2024,v3.2,Petition amendment R0,TN16400_20250728T143441_SDGE_2025_Petition_to_Amend_Tables_1_11_and_12_R0xlsx.xlsx,Table 11,50,P50,https://efiling.energysafety.ca.gov/eFiling/Getfile.aspx?fileid=56226&shareable=true
T11R-30e38de00d7f18dc,T11-e859c30695f57d,,3110000059,component_of_v4_tracking_id_group,WMP.481,WMP.1190;WMP.1509;WMP.478;WMP.479;WMP.481;WMP.482;WMP.483;WMP.484;WMP.488;WMP.489;WMP.492;WMP.551;WMP.552;WMP.555,"Grid Design, Operations, and Maintenance",Asset Inspections,,OPEX,HFTD,$ Thousands,75.83150984682713,Equipment failure,NA,2020,NA,WMPMA,Exceeds,P.U. Code § 451,NA,Distribution Infrared Inspections,,SDG&E,2024,v3.2,Petition amendment R0,TN16400_20250728T143441_SDGE_2025_Petition_to_Amend_Tables_1_11_and_12_R0xlsx.xlsx,Table 11,50,Q50,https://efiling.energysafety.ca.gov/eFiling/Getfile.aspx?fileid=56226&shareable=true
T11R-cbd8ccaf9730e7a4,T11-e859c30695f57d,,3110000056,component_of_v4_tracking_id_group,WMP.482,WMP.1190;WMP.1509;WMP.478;WMP.479;WMP.481;WMP.482;WMP.483;WMP.484;WMP.488;WMP.489;WMP.492;WMP.551;WMP.552;WMP.555,"Grid Design, Operations, and Maintenance",Asset Inspections,,CAPEX,Territory,$ Thousands,0,Equipment failure,NA,2010,NA,NA,Meets,P.U. Code § 451,NA,Transmission Infrared Inspections,,SDG&E,2024,v3.2,Petition amendment R0,TN16400_20250728T143441_SDGE_2025_Petition_to_Amend_Tables_1_11_and_12_R0xlsx.xlsx,Table 11,51,N51,https://efiling.energysafety.ca.gov/eFiling/Getfile.aspx?fileid=56226&shareable=true
T11R-0d5f24e949d27974,T11-e859c30695f57d,,3110000057,component_of_v4_tracking_id_group,WMP.482,WMP.1190;WMP.1509;WMP.478;WMP.479;WMP.481;WMP.482;WMP.483;WMP.484;WMP.488;WMP.489;WMP.492;WMP.551;WMP.552;WMP.555,"Grid Design, Operations, and Maintenance",Asset Inspections,,CAPEX,HFTD,$ Thousands,0,Equipment failure,NA,2010,NA,NA,Meets,P.U. Code § 451,NA,Transmission Infrared Inspections,,SDG&E,2024,v3.2,Petition amendment R0,TN16400_20250728T143441_SDGE_2025_Petition_to_Amend_Tables_1_11_and_12_R0xlsx.xlsx,Table 11,51,O51,https://efiling.energysafety.ca.gov/eFiling/Getfile.aspx?fileid=56226&shareable=true
T11R-54bbefe282afde27,T11-e859c30695f57d,,3110000058,component_of_v4_tracking_id_group,WMP.482,WMP.1190;WMP.1509;WMP.478;WMP.479;WMP.481;WMP.482;WMP.483;WMP.484;WMP.488;WMP.489;WMP.492;WMP.551;WMP.552;WMP.555,"Grid Design, Operations, and Maintenance",Asset Inspections,,OPEX,Territory,$ Thousands,0,Equipment failure,NA,2010,NA,NA,Meets,P.U. Code § 451,NA,Transmission Infrared Inspections,,SDG&E,2024,v3.2,Petition amendment R0,TN16400_20250728T143441_SDGE_2025_Petition_to_Amend_Tables_1_11_and_12_R0xlsx.xlsx,Table 11,51,P51,https://efiling.energysafety.ca.gov/eFiling/Getfile.aspx?fileid=56226&shareable=true
T11R-f18b3bd91af5d155,T11-e859c30695f57d,,3110000059,component_of_v4_tracking_id_group,WMP.482,WMP.1190;WMP.1509;WMP.478;WMP.479;WMP.481;WMP.482;WMP.483;WMP.484;WMP.488;WMP.489;WMP.492;WMP.551;WMP.552;WMP.555,"Grid Design, Operations, and Maintenance",Asset Inspections,,OPEX,HFTD,$ Thousands,0,Equipment failure,NA,2010,NA,NA,Meets,P.U. Code § 451,NA,Transmission Infrared Inspections,,SDG&E,2024,v3.2,Petition amendment R0,TN16400_20250728T143441_SDGE_2025_Petition_to_Amend_Tables_1_11_and_12_R0xlsx.xlsx,Table 11,51,Q51,https://efiling.energysafety.ca.gov/eFiling/Getfile.aspx?fileid=56226&shareable=true
T11R-1982556721629ac1,T11-e859c30695f57d,,3110000056,component_of_v4_tracking_id_group,WMP.483,WMP.1190;WMP.1509;WMP.478;WMP.479;WMP.481;WMP.482;WMP.483;WMP.484;WMP.488;WMP.489;WMP.492;WMP.551;WMP.552;WMP.555,"Grid Design, Operations, and Maintenance",Asset Inspections,,CAPEX,Territory,$ Thousands,225,Equipment failure,NA,1997,2019 GRC,NA,Meets,G.O. 95,NA,Distribution Wood Pole Intrusive Inspections,,SDG&E,2024,v3.2,Petition amendment R0,TN16400_20250728T143441_SDGE_2025_Petition_to_Amend_Tables_1_11_and_12_R0xlsx.xlsx,Table 11,52,N52,https://efiling.energysafety.ca.gov/eFiling/Getfile.aspx?fileid=56226&shareable=true
T11R-693a47eecc345ce1,T11-e859c30695f57d,,3110000057,component_of_v4_tracking_id_group,WMP.483,WMP.1190;WMP.1509;WMP.478;WMP.479;WMP.481;WMP.482;WMP.483;WMP.484;WMP.488;WMP.489;WMP.492;WMP.551;WMP.552;WMP.555,"Grid Design, Operations, and Maintenance",Asset Inspections,,CAPEX,HFTD,$ Thousands,225,Equipment failure,NA,1997,2019 GRC,NA,Meets,G.O. 95,NA,Distribution Wood Pole Intrusive Inspections,,SDG&E,2024,v3.2,Petition amendment R0,TN16400_20250728T143441_SDGE_2025_Petition_to_Amend_Tables_1_11_and_12_R0xlsx.xlsx,Table 11,52,O52,https://efiling.energysafety.ca.gov/eFiling/Getfile.aspx?fileid=56226&shareable=true
T11R-9bea8a5143872e5f,T11-e859c30695f57d,,3110000058,component_of_v4_tracking_id_group,WMP.483,WMP.1190;WMP.1509;WMP.478;WMP.479;WMP.481;WMP.482;WMP.483;WMP.484;WMP.488;WMP.489;WMP.492;WMP.551;WMP.552;WMP.555,"Grid Design, Operations, and Maintenance",Asset Inspections,,OPEX,Territory,$ Thousands,71,Equipment failure,NA,1997,2019 GRC,NA,Meets,G.O. 95,NA,Distribution Wood Pole Intrusive Inspections,,SDG&E,2024,v3.2,Petition amendment R0,TN16400_20250728T143441_SDGE_2025_Petition_to_Amend_Tables_1_11_and_12_R0xlsx.xlsx,Table 11,52,P52,https://efiling.energysafety.ca.gov/eFiling/Getfile.aspx?fileid=56226&shareable=true
T11R-b02e9b3ef33dc5a2,T11-e859c30695f57d,,3110000059,component_of_v4_tracking_id_group,WMP.483,WMP.1190;WMP.1509;WMP.478;WMP.479;WMP.481;WMP.482;WMP.483;WMP.484;WMP.488;WMP.489;WMP.492;WMP.551;WMP.552;WMP.555,"Grid Design, Operations, and Maintenance",Asset Inspections,,OPEX,HFTD,$ Thousands,71,Equipment failure,NA,1997,2019 GRC,NA,Meets,G.O. 95,NA,Distribution Wood Pole Intrusive Inspections,,SDG&E,2024,v3.2,Petition amendment R0,TN16400_20250728T143441_SDGE_2025_Petition_to_Amend_Tables_1_11_and_12_R0xlsx.xlsx,Table 11,52,Q52,https://efiling.energysafety.ca.gov/eFiling/Getfile.aspx?fileid=56226&shareable=true
T11R-a5b220faf1ceed5a,T11-e859c30695f57d,,3110000056,component_of_v4_tracking_id_group,WMP.484,WMP.1190;WMP.1509;WMP.478;WMP.479;WMP.481;WMP.482;WMP.483;WMP.484;WMP.488;WMP.489;WMP.492;WMP.551;WMP.552;WMP.555,"Grid Design, Operations, and Maintenance",Asset Inspections,,CAPEX,Territory,$ Thousands,0,Equipment failure,NA,2011,2019 GRC,NA,Exceeds,G.O. 95,NA,LiDAR inspections of Distribution Electric Lines and Equipment,,SDG&E,2024,v3.2,Petition amendment R0,TN16400_20250728T143441_SDGE_2025_Petition_to_Amend_Tables_1_11_and_12_R0xlsx.xlsx,Table 11,53,N53,https://efiling.energysafety.ca.gov/eFiling/Getfile.aspx?fileid=56226&shareable=true
T11R-e08e6fc5b61eb147,T11-e859c30695f57d,,3110000057,component_of_v4_tracking_id_group,WMP.484,WMP.1190;WMP.1509;WMP.478;WMP.479;WMP.481;WMP.482;WMP.483;WMP.484;WMP.488;WMP.489;WMP.492;WMP.551;WMP.552;WMP.555,"Grid Design, Operations, and Maintenance",Asset Inspections,,CAPEX,HFTD,$ Thousands,0,Equipment failure,NA,2011,2019 GRC,NA,Exceeds,G.O. 95,NA,LiDAR inspections of Distribution Electric Lines and Equipment,,SDG&E,2024,v3.2,Petition amendment R0,TN16400_20250728T143441_SDGE_2025_Petition_to_Amend_Tables_1_11_and_12_R0xlsx.xlsx,Table 11,53,O53,https://efiling.energysafety.ca.gov/eFiling/Getfile.aspx?fileid=56226&shareable=true
T11R-4424c8639338f44b,T11-e859c30695f57d,,3110000058,component_of_v4_tracking_id_group,WMP.484,WMP.1190;WMP.1509;WMP.478;WMP.479;WMP.481;WMP.482;WMP.483;WMP.484;WMP.488;WMP.489;WMP.492;WMP.551;WMP.552;WMP.555,"Grid Design, Operations, and Maintenance",Asset Inspections,,OPEX,Territory,$ Thousands,31,Equipment failure,NA,2011,2019 GRC,NA,Exceeds,G.O. 95,NA,LiDAR inspections of Distribution Electric Lines and Equipment,,SDG&E,2024,v3.2,Petition amendment R0,TN16400_20250728T143441_SDGE_2025_Petition_to_Amend_Tables_1_11_and_12_R0xlsx.xlsx,Table 11,53,P53,https://efiling.energysafety.ca.gov/eFiling/Getfile.aspx?fileid=56226&shareable=true
T11R-cc6c846216be56ef,T11-e859c30695f57d,,3110000059,component_of_v4_tracking_id_group,WMP.484,WMP.1190;WMP.1509;WMP.478;WMP.479;WMP.481;WMP.482;WMP.483;WMP.484;WMP.488;WMP.489;WMP.492;WMP.551;WMP.552;WMP.555,"Grid Design, Operations, and Maintenance",Asset Inspections,,OPEX,HFTD,$ Thousands,31,Equipment failure,NA,2011,2019 GRC,NA,Exceeds,G.O. 95,NA,LiDAR inspections of Distribution Electric Lines and Equipment,,SDG&E,2024,v3.2,Petition amendment R0,TN16400_20250728T143441_SDGE_2025_Petition_to_Amend_Tables_1_11_and_12_R0xlsx.xlsx,Table 11,53,Q53,https://efiling.energysafety.ca.gov/eFiling/Getfile.aspx?fileid=56226&shareable=true
T11R-939c337b6bda4f6c,T11-e859c30695f57d,,3110000056,component_of_v4_tracking_id_group,WMP.488,WMP.1190;WMP.1509;WMP.478;WMP.479;WMP.481;WMP.482;WMP.483;WMP.484;WMP.488;WMP.489;WMP.492;WMP.551;WMP.552;WMP.555,"Grid Design, Operations, and Maintenance",Asset Inspections,,CAPEX,Territory,$ Thousands,2408,Equipment failure,NA,1997,2019 GRC,NA,Meets,G.O. 95,NA,Distribution Overhead Patrol Inspections,,SDG&E,2024,v3.2,Petition amendment R0,TN16400_20250728T143441_SDGE_2025_Petition_to_Amend_Tables_1_11_and_12_R0xlsx.xlsx,Table 11,54,N54,https://efiling.energysafety.ca.gov/eFiling/Getfile.aspx?fileid=56226&shareable=true
T11R-15c2b55a12925afe,T11-e859c30695f57d,,3110000057,component_of_v4_tracking_id_group,WMP.488,WMP.1190;WMP.1509;WMP.478;WMP.479;WMP.481;WMP.482;WMP.483;WMP.484;WMP.488;WMP.489;WMP.492;WMP.551;WMP.552;WMP.555,"Grid Design, Operations, and Maintenance",Asset Inspections,,CAPEX,HFTD,$ Thousands,2408,Equipment failure,NA,1997,2019 GRC,NA,Meets,G.O. 95,NA,Distribution Overhead Patrol Inspections,,SDG&E,2024,v3.2,Petition amendment R0,TN16400_20250728T143441_SDGE_2025_Petition_to_Amend_Tables_1_11_and_12_R0xlsx.xlsx,Table 11,54,O54,https://efiling.energysafety.ca.gov/eFiling/Getfile.aspx?fileid=56226&shareable=true
T11R-5d663281331f6238,T11-e859c30695f57d,,3110000058,component_of_v4_tracking_id_group,WMP.488,WMP.1190;WMP.1509;WMP.478;WMP.479;WMP.481;WMP.482;WMP.483;WMP.484;WMP.488;WMP.489;WMP.492;WMP.551;WMP.552;WMP.555,"Grid Design, Operations, and Maintenance",Asset Inspections,,OPEX,Territory,$ Thousands,300,Equipment failure,NA,1997,2019 GRC,NA,Meets,G.O. 95,NA,Distribution Overhead Patrol Inspections,,SDG&E,2024,v3.2,Petition amendment R0,TN16400_20250728T143441_SDGE_2025_Petition_to_Amend_Tables_1_11_and_12_R0xlsx.xlsx,Table 11,54,P54,https://efiling.energysafety.ca.gov/eFiling/Getfile.aspx?fileid=56226&shareable=true
T11R-36cf2113cb13c709,T11-e859c30695f57d,,3110000059,component_of_v4_tracking_id_group,WMP.488,WMP.1190;WMP.1509;WMP.478;WMP.479;WMP.481;WMP.482;WMP.483;WMP.484;WMP.488;WMP.489;WMP.492;WMP.551;WMP.552;WMP.555,"Grid Design, Operations, and Maintenance",Asset Inspections,,OPEX,HFTD,$ Thousands,300,Equipment failure,NA,1997,2019 GRC,NA,Meets,G.O. 95,NA,Distribution Overhead Patrol Inspections,,SDG&E,2024,v3.2,Petition amendment R0,TN16400_20250728T143441_SDGE_2025_Petition_to_Amend_Tables_1_11_and_12_R0xlsx.xlsx,Table 11,54,Q54,https://efiling.energysafety.ca.gov/eFiling/Getfile.aspx?fileid=56226&shareable=true
T11R-45fc61f2c7489b7e,T11-e859c30695f57d,,3110000056,component_of_v4_tracking_id_group,WMP.489,WMP.1190;WMP.1509;WMP.478;WMP.479;WMP.481;WMP.482;WMP.483;WMP.484;WMP.488;WMP.489;WMP.492;WMP.551;WMP.552;WMP.555,"Grid Design, Operations, and Maintenance",Asset Inspections,,CAPEX,Territory,$ Thousands,0,Equipment failure,NA,1997,NA,NA,Meets,G.O. 95,NA,Transmission Overhead Patrol Inspections,,SDG&E,2024,v3.2,Petition amendment R0,TN16400_20250728T143441_SDGE_2025_Petition_to_Amend_Tables_1_11_and_12_R0xlsx.xlsx,Table 11,55,N55,https://efiling.energysafety.ca.gov/eFiling/Getfile.aspx?fileid=56226&shareable=true
T11R-0aeb9b450d2292fb,T11-e859c30695f57d,,3110000057,component_of_v4_tracking_id_group,WMP.489,WMP.1190;WMP.1509;WMP.478;WMP.479;WMP.481;WMP.482;WMP.483;WMP.484;WMP.488;WMP.489;WMP.492;WMP.551;WMP.552;WMP.555,"Grid Design, Operations, and Maintenance",Asset Inspections,,CAPEX,HFTD,$ Thousands,0,Equipment failure,NA,1997,NA,NA,Meets,G.O. 95,NA,Transmission Overhead Patrol Inspections,,SDG&E,2024,v3.2,Petition amendment R0,TN16400_20250728T143441_SDGE_2025_Petition_to_Amend_Tables_1_11_and_12_R0xlsx.xlsx,Table 11,55,O55,https://efiling.energysafety.ca.gov/eFiling/Getfile.aspx?fileid=56226&shareable=true
T11R-389417507e5ac4ef,T11-e859c30695f57d,,3110000058,component_of_v4_tracking_id_group,WMP.489,WMP.1190;WMP.1509;WMP.478;WMP.479;WMP.481;WMP.482;WMP.483;WMP.484;WMP.488;WMP.489;WMP.492;WMP.551;WMP.552;WMP.555,"Grid Design, Operations, and Maintenance",Asset Inspections,,OPEX,Territory,$ Thousands,0,Equipment failure,NA,1997,NA,NA,Meets,G.O. 95,NA,Transmission Overhead Patrol Inspections,,SDG&E,2024,v3.2,Petition amendment R0,TN16400_20250728T143441_SDGE_2025_Petition_to_Amend_Tables_1_11_and_12_R0xlsx.xlsx,Table 11,55,P55,https://efiling.energysafety.ca.gov/eFiling/Getfile.aspx?fileid=56226&shareable=true
T11R-29fd4b745690e07a,T11-e859c30695f57d,,3110000059,component_of_v4_tracking_id_group,WMP.489,WMP.1190;WMP.1509;WMP.478;WMP.479;WMP.481;WMP.482;WMP.483;WMP.484;WMP.488;WMP.489;WMP.492;WMP.551;WMP.552;WMP.555,"Grid Design, Operations, and Maintenance",Asset Inspections,,OPEX,HFTD,$ Thousands,0,Equipment failure,NA,1997,NA,NA,Meets,G.O. 95,NA,Transmission Overhead Patrol Inspections,,SDG&E,2024,v3.2,Petition amendment R0,TN16400_20250728T143441_SDGE_2025_Petition_to_Amend_Tables_1_11_and_12_R0xlsx.xlsx,Table 11,55,Q55,https://efiling.energysafety.ca.gov/eFiling/Getfile.aspx?fileid=56226&shareable=true
T11R-4dd3904ebea835d3,T11-e859c30695f57d,,3110000056,component_of_v4_tracking_id_group,WMP.492,WMP.1190;WMP.1509;WMP.478;WMP.479;WMP.481;WMP.482;WMP.483;WMP.484;WMP.488;WMP.489;WMP.492;WMP.551;WMP.552;WMP.555,"Grid Design, Operations, and Maintenance",Asset Inspections,,CAPEX,Territory,$ Thousands,0,Equipment ignition likelihood,NA,1997,2019 GRC,NA,NA,NA,NA,Substation Patrol inspections,,SDG&E,2024,v3.2,Petition amendment R0,TN16400_20250728T143441_SDGE_2025_Petition_to_Amend_Tables_1_11_and_12_R0xlsx.xlsx,Table 11,56,N56,https://efiling.energysafety.ca.gov/eFiling/Getfile.aspx?fileid=56226&shareable=true
T11R-4397d42dd541f75a,T11-e859c30695f57d,,3110000057,component_of_v4_tracking_id_group,WMP.492,WMP.1190;WMP.1509;WMP.478;WMP.479;WMP.481;WMP.482;WMP.483;WMP.484;WMP.488;WMP.489;WMP.492;WMP.551;WMP.552;WMP.555,"Grid Design, Operations, and Maintenance",Asset Inspections,,CAPEX,HFTD,$ Thousands,0,Equipment ignition likelihood,NA,1997,2019 GRC,NA,NA,NA,NA,Substation Patrol inspections,,SDG&E,2024,v3.2,Petition amendment R0,TN16400_20250728T143441_SDGE_2025_Petition_to_Amend_Tables_1_11_and_12_R0xlsx.xlsx,Table 11,56,O56,https://efiling.energysafety.ca.gov/eFiling/Getfile.aspx?fileid=56226&shareable=true
T11R-e446e06d40600dd0,T11-e859c30695f57d,,3110000058,component_of_v4_tracking_id_group,WMP.492,WMP.1190;WMP.1509;WMP.478;WMP.479;WMP.481;WMP.482;WMP.483;WMP.484;WMP.488;WMP.489;WMP.492;WMP.551;WMP.552;WMP.555,"Grid Design, Operations, and Maintenance",Asset Inspections,,OPEX,Territory,$ Thousands,0,Equipment ignition likelihood,NA,1997,2019 GRC,NA,NA,NA,NA,Substation Patrol inspections,,SDG&E,2024,v3.2,Petition amendment R0,TN16400_20250728T143441_SDGE_2025_Petition_to_Amend_Tables_1_11_and_12_R0xlsx.xlsx,Table 11,56,P56,https://efiling.energysafety.ca.gov/eFiling/Getfile.aspx?fileid=56226&shareable=true
T11R-f1a16bc39200627d,T11-e859c30695f57d,,3110000059,component_of_v4_tracking_id_group,WMP.492,WMP.1190;WMP.1509;WMP.478;WMP.479;WMP.481;WMP.482;WMP.483;WMP.484;WMP.488;WMP.489;WMP.492;WMP.551;WMP.552;WMP.555,"Grid Design, Operations, and Maintenance",Asset Inspections,,OPEX,HFTD,$ Thousands,0,Equipment ignition likelihood,NA,1997,2019 GRC,NA,NA,NA,NA,Substation Patrol inspections,,SDG&E,2024,v3.2,Petition amendment R0,TN16400_20250728T143441_SDGE_2025_Petition_to_Amend_Tables_1_11_and_12_R0xlsx.xlsx,Table 11,56,Q56,https://efiling.energysafety.ca.gov/eFiling/Getfile.aspx?fileid=56226&shareable=true
T11R-9551708a27134592,T11-e859c30695f57d,,3110000056,component_of_v4_tracking_id_group,WMP.551,WMP.1190;WMP.1509;WMP.478;WMP.479;WMP.481;WMP.482;WMP.483;WMP.484;WMP.488;WMP.489;WMP.492;WMP.551;WMP.552;WMP.555,"Grid Design, Operations, and Maintenance",Asset Inspections,,CAPEX,Territory,$ Thousands,0,Equipment failure,NA,2009,2019 GRC,NA,Exceeds,G.O. 95,NA,HFTD Tier 3 Distribution Pole Inspections,,SDG&E,2024,v3.2,Petition amendment R0,TN16400_20250728T143441_SDGE_2025_Petition_to_Amend_Tables_1_11_and_12_R0xlsx.xlsx,Table 11,57,N57,https://efiling.energysafety.ca.gov/eFiling/Getfile.aspx?fileid=56226&shareable=true
T11R-301f594d01048a00,T11-e859c30695f57d,,3110000057,component_of_v4_tracking_id_group,WMP.551,WMP.1190;WMP.1509;WMP.478;WMP.479;WMP.481;WMP.482;WMP.483;WMP.484;WMP.488;WMP.489;WMP.492;WMP.551;WMP.552;WMP.555,"Grid Design, Operations, and Maintenance",Asset Inspections,,CAPEX,HFTD,$ Thousands,0,Equipment failure,NA,2009,2019 GRC,NA,Exceeds,G.O. 95,NA,HFTD Tier 3 Distribution Pole Inspections,,SDG&E,2024,v3.2,Petition amendment R0,TN16400_20250728T143441_SDGE_2025_Petition_to_Amend_Tables_1_11_and_12_R0xlsx.xlsx,Table 11,57,O57,https://efiling.energysafety.ca.gov/eFiling/Getfile.aspx?fileid=56226&shareable=true
T11R-683fdd71ba82fc74,T11-e859c30695f57d,,3110000058,component_of_v4_tracking_id_group,WMP.551,WMP.1190;WMP.1509;WMP.478;WMP.479;WMP.481;WMP.482;WMP.483;WMP.484;WMP.488;WMP.489;WMP.492;WMP.551;WMP.552;WMP.555,"Grid Design, Operations, and Maintenance",Asset Inspections,,OPEX,Territory,$ Thousands,0,Equipment failure,NA,2009,2019 GRC,NA,Exceeds,G.O. 95,NA,HFTD Tier 3 Distribution Pole Inspections,,SDG&E,2024,v3.2,Petition amendment R0,TN16400_20250728T143441_SDGE_2025_Petition_to_Amend_Tables_1_11_and_12_R0xlsx.xlsx,Table 11,57,P57,https://efiling.energysafety.ca.gov/eFiling/Getfile.aspx?fileid=56226&shareable=true
T11R-1cb9718c7ad69126,T11-e859c30695f57d,,3110000059,component_of_v4_tracking_id_group,WMP.551,WMP.1190;WMP.1509;WMP.478;WMP.479;WMP.481;WMP.482;WMP.483;WMP.484;WMP.488;WMP.489;WMP.492;WMP.551;WMP.552;WMP.555,"Grid Design, Operations, and Maintenance",Asset Inspections,,OPEX,HFTD,$ Thousands,0,Equipment failure,NA,2009,2019 GRC,NA,Exceeds,G.O. 95,NA,HFTD Tier 3 Distribution Pole Inspections,,SDG&E,2024,v3.2,Petition amendment R0,TN16400_20250728T143441_SDGE_2025_Petition_to_Amend_Tables_1_11_and_12_R0xlsx.xlsx,Table 11,57,Q57,https://efiling.energysafety.ca.gov/eFiling/Getfile.aspx?fileid=56226&shareable=true
T11R-24fb7d48a62433dc,T11-e859c30695f57d,,3110000056,component_of_v4_tracking_id_group,WMP.552,WMP.1190;WMP.1509;WMP.478;WMP.479;WMP.481;WMP.482;WMP.483;WMP.484;WMP.488;WMP.489;WMP.492;WMP.551;WMP.552;WMP.555,"Grid Design, Operations, and Maintenance",Asset Inspections,,CAPEX,Territory,$ Thousands,73385.93655581296,Equipment failure,NA,2019,NA,WMPMA,Exceeds,G.O. 95,NA,Drone Assessments,,SDG&E,2024,v3.2,Petition amendment R0,TN16400_20250728T143441_SDGE_2025_Petition_to_Amend_Tables_1_11_and_12_R0xlsx.xlsx,Table 11,58,N58,https://efiling.energysafety.ca.gov/eFiling/Getfile.aspx?fileid=56226&shareable=true
T11R-d2931053d18beedc,T11-e859c30695f57d,,3110000057,component_of_v4_tracking_id_group,WMP.552,WMP.1190;WMP.1509;WMP.478;WMP.479;WMP.481;WMP.482;WMP.483;WMP.484;WMP.488;WMP.489;WMP.492;WMP.551;WMP.552;WMP.555,"Grid Design, Operations, and Maintenance",Asset Inspections,,CAPEX,HFTD,$ Thousands,73296.01658453917,Equipment failure,NA,2019,NA,WMPMA,Exceeds,G.O. 95,NA,Drone Assessments,,SDG&E,2024,v3.2,Petition amendment R0,TN16400_20250728T143441_SDGE_2025_Petition_to_Amend_Tables_1_11_and_12_R0xlsx.xlsx,Table 11,58,O58,https://efiling.energysafety.ca.gov/eFiling/Getfile.aspx?fileid=56226&shareable=true
T11R-62896ad46e2adc83,T11-e859c30695f57d,,3110000058,component_of_v4_tracking_id_group,WMP.552,WMP.1190;WMP.1509;WMP.478;WMP.479;WMP.481;WMP.482;WMP.483;WMP.484;WMP.488;WMP.489;WMP.492;WMP.551;WMP.552;WMP.555,"Grid Design, Operations, and Maintenance",Asset Inspections,,OPEX,Territory,$ Thousands,32879,Equipment failure,NA,2019,NA,WMPMA,Exceeds,G.O. 95,NA,Drone Assessments,,SDG&E,2024,v3.2,Petition amendment R0,TN16400_20250728T143441_SDGE_2025_Petition_to_Amend_Tables_1_11_and_12_R0xlsx.xlsx,Table 11,58,P58,https://efiling.energysafety.ca.gov/eFiling/Getfile.aspx?fileid=56226&shareable=true
T11R-9acf928828981923,T11-e859c30695f57d,,3110000059,component_of_v4_tracking_id_group,WMP.552,WMP.1190;WMP.1509;WMP.478;WMP.479;WMP.481;WMP.482;WMP.483;WMP.484;WMP.488;WMP.489;WMP.492;WMP.551;WMP.552;WMP.555,"Grid Design, Operations, and Maintenance",Asset Inspections,,OPEX,HFTD,$ Thousands,32838.71327921581,Equipment failure,NA,2019,NA,WMPMA,Exceeds,G.O. 95,NA,Drone Assessments,,SDG&E,2024,v3.2,Petition amendment R0,TN16400_20250728T143441_SDGE_2025_Petition_to_Amend_Tables_1_11_and_12_R0xlsx.xlsx,Table 11,58,Q58,https://efiling.energysafety.ca.gov/eFiling/Getfile.aspx?fileid=56226&shareable=true
T11R-39f4a4e32ca0165c,T11-e859c30695f57d,,3110000056,component_of_v4_tracking_id_group,WMP.555,WMP.1190;WMP.1509;WMP.478;WMP.479;WMP.481;WMP.482;WMP.483;WMP.484;WMP.488;WMP.489;WMP.492;WMP.551;WMP.552;WMP.555,"Grid Design, Operations, and Maintenance",Asset Inspections,,CAPEX,Territory,$ Thousands,0,Equipment failure,NA,2010,NA,NA,Exceeds,G.O. 95,NA,Transmission 69kV Tier 3 Visual Inspections,,SDG&E,2024,v3.2,Petition amendment R0,TN16400_20250728T143441_SDGE_2025_Petition_to_Amend_Tables_1_11_and_12_R0xlsx.xlsx,Table 11,59,N59,https://efiling.energysafety.ca.gov/eFiling/Getfile.aspx?fileid=56226&shareable=true
T11R-9a8fd6e261c95dc9,T11-e859c30695f57d,,3110000057,component_of_v4_tracking_id_group,WMP.555,WMP.1190;WMP.1509;WMP.478;WMP.479;WMP.481;WMP.482;WMP.483;WMP.484;WMP.488;WMP.489;WMP.492;WMP.551;WMP.552;WMP.555,"Grid Design, Operations, and Maintenance",Asset Inspections,,CAPEX,HFTD,$ Thousands,0,Equipment failure,NA,2010,NA,NA,Exceeds,G.O. 95,NA,Transmission 69kV Tier 3 Visual Inspections,,SDG&E,2024,v3.2,Petition amendment R0,TN16400_20250728T143441_SDGE_2025_Petition_to_Amend_Tables_1_11_and_12_R0xlsx.xlsx,Table 11,59,O59,https://efiling.energysafety.ca.gov/eFiling/Getfile.aspx?fileid=56226&shareable=true
T11R-6e681ba180d642ec,T11-e859c30695f57d,,3110000058,component_of_v4_tracking_id_group,WMP.555,WMP.1190;WMP.1509;WMP.478;WMP.479;WMP.481;WMP.482;WMP.483;WMP.484;WMP.488;WMP.489;WMP.492;WMP.551;WMP.552;WMP.555,"Grid Design, Operations, and Maintenance",Asset Inspections,,OPEX,Territory,$ Thousands,0,Equipment failure,NA,2010,NA,NA,Exceeds,G.O. 95,NA,Transmission 69kV Tier 3 Visual Inspections,,SDG&E,2024,v3.2,Petition amendment R0,TN16400_20250728T143441_SDGE_2025_Petition_to_Amend_Tables_1_11_and_12_R0xlsx.xlsx,Table 11,59,P59,https://efiling.energysafety.ca.gov/eFiling/Getfile.aspx?fileid=56226&shareable=true
T11R-bfa2257b22add436,T11-e859c30695f57d,,3110000059,component_of_v4_tracking_id_group,WMP.555,WMP.1190;WMP.1509;WMP.478;WMP.479;WMP.481;WMP.482;WMP.483;WMP.484;WMP.488;WMP.489;WMP.492;WMP.551;WMP.552;WMP.555,"Grid Design, Operations, and Maintenance",Asset Inspections,,OPEX,HFTD,$ Thousands,0,Equipment failure,NA,2010,NA,NA,Exceeds,G.O. 95,NA,Transmission 69kV Tier 3 Visual Inspections,,SDG&E,2024,v3.2,Petition amendment R0,TN16400_20250728T143441_SDGE_2025_Petition_to_Amend_Tables_1_11_and_12_R0xlsx.xlsx,Table 11,59,Q59,https://efiling.energysafety.ca.gov/eFiling/Getfile.aspx?fileid=56226&shareable=true
T11R-ab907a4078520908,T11-e859c30695f57d,,3110000056,component_of_v4_tracking_id_group,WMP.1190,WMP.1190;WMP.1509;WMP.478;WMP.479;WMP.481;WMP.482;WMP.483;WMP.484;WMP.488;WMP.489;WMP.492;WMP.551;WMP.552;WMP.555,"Grid Design, Operations, and Maintenance",Asset Inspections,,CAPEX,Territory,$ Thousands,0,Equipment ignition likelihood,NA,NA,NA,NA,NA,NA,NA,Transmission Wood Pole Intrusive Inspections,,SDG&E,2024,v3.2,Petition amendment R0,TN16400_20250728T143441_SDGE_2025_Petition_to_Amend_Tables_1_11_and_12_R0xlsx.xlsx,Table 11,60,N60,https://efiling.energysafety.ca.gov/eFiling/Getfile.aspx?fileid=56226&shareable=true
T11R-b48e29e7d276b6bd,T11-e859c30695f57d,,3110000057,component_of_v4_tracking_id_group,WMP.1190,WMP.1190;WMP.1509;WMP.478;WMP.479;WMP.481;WMP.482;WMP.483;WMP.484;WMP.488;WMP.489;WMP.492;WMP.551;WMP.552;WMP.555,"Grid Design, Operations, and Maintenance",Asset Inspections,,CAPEX,HFTD,$ Thousands,0,Equipment ignition likelihood,NA,NA,NA,NA,NA,NA,NA,Transmission Wood Pole Intrusive Inspections,,SDG&E,2024,v3.2,Petition amendment R0,TN16400_20250728T143441_SDGE_2025_Petition_to_Amend_Tables_1_11_and_12_R0xlsx.xlsx,Table 11,60,O60,https://efiling.energysafety.ca.gov/eFiling/Getfile.aspx?fileid=56226&shareable=true
T11R-f84c6cad46aecc73,T11-e859c30695f57d,,3110000058,component_of_v4_tracking_id_group,WMP.1190,WMP.1190;WMP.1509;WMP.478;WMP.479;WMP.481;WMP.482;WMP.483;WMP.484;WMP.488;WMP.489;WMP.492;WMP.551;WMP.552;WMP.555,"Grid Design, Operations, and Maintenance",Asset Inspections,,OPEX,Territory,$ Thousands,0,Equipment ignition likelihood,NA,NA,NA,NA,NA,NA,NA,Transmission Wood Pole Intrusive Inspections,,SDG&E,2024,v3.2,Petition amendment R0,TN16400_20250728T143441_SDGE_2025_Petition_to_Amend_Tables_1_11_and_12_R0xlsx.xlsx,Table 11,60,P60,https://efiling.energysafety.ca.gov/eFiling/Getfile.aspx?fileid=56226&shareable=true
T11R-14d0eabd53935b90,T11-e859c30695f57d,,3110000059,component_of_v4_tracking_id_group,WMP.1190,WMP.1190;WMP.1509;WMP.478;WMP.479;WMP.481;WMP.482;WMP.483;WMP.484;WMP.488;WMP.489;WMP.492;WMP.551;WMP.552;WMP.555,"Grid Design, Operations, and Maintenance",Asset Inspections,,OPEX,HFTD,$ Thousands,0,Equipment ignition likelihood,NA,NA,NA,NA,NA,NA,NA,Transmission Wood Pole Intrusive Inspections,,SDG&E,2024,v3.2,Petition amendment R0,TN16400_20250728T143441_SDGE_2025_Petition_to_Amend_Tables_1_11_and_12_R0xlsx.xlsx,Table 11,60,Q60,https://efiling.energysafety.ca.gov/eFiling/Getfile.aspx?fileid=56226&shareable=true
T11R-6548872bfbbcb8e3,T11-feb6526329bf44,,3110000064,component_of_v4_tracking_id_group,WMP.491,WMP.1191;WMP.1192;WMP.1193;WMP.1194;WMP.491,"Grid Design, Operations, and Maintenance",Quality Assurance and Quality Control (Asset Management),,CAPEX,Territory,$ Thousands,0,Equipment ignition likelihood,NA,2023,NA,NA,NA,NA,NA,QA/QC of Distribution Detailed Inspections,,SDG&E,2024,v3.2,Petition amendment R0,TN16400_20250728T143441_SDGE_2025_Petition_to_Amend_Tables_1_11_and_12_R0xlsx.xlsx,Table 11,61,N61,https://efiling.energysafety.ca.gov/eFiling/Getfile.aspx?fileid=56226&shareable=true
T11R-7e381a4bf7a92b1d,T11-feb6526329bf44,,3110000065,component_of_v4_tracking_id_group,WMP.491,WMP.1191;WMP.1192;WMP.1193;WMP.1194;WMP.491,"Grid Design, Operations, and Maintenance",Quality Assurance and Quality Control (Asset Management),,CAPEX,HFTD,$ Thousands,0,Equipment ignition likelihood,NA,2023,NA,NA,NA,NA,NA,QA/QC of Distribution Detailed Inspections,,SDG&E,2024,v3.2,Petition amendment R0,TN16400_20250728T143441_SDGE_2025_Petition_to_Amend_Tables_1_11_and_12_R0xlsx.xlsx,Table 11,61,O61,https://efiling.energysafety.ca.gov/eFiling/Getfile.aspx?fileid=56226&shareable=true
T11R-beaaa905aa5f036f,T11-feb6526329bf44,,3110000066,component_of_v4_tracking_id_group,WMP.491,WMP.1191;WMP.1192;WMP.1193;WMP.1194;WMP.491,"Grid Design, Operations, and Maintenance",Quality Assurance and Quality Control (Asset Management),,OPEX,Territory,$ Thousands,0,Equipment ignition likelihood,NA,2023,NA,NA,NA,NA,NA,QA/QC of Distribution Detailed Inspections,,SDG&E,2024,v3.2,Petition amendment R0,TN16400_20250728T143441_SDGE_2025_Petition_to_Amend_Tables_1_11_and_12_R0xlsx.xlsx,Table 11,61,P61,https://efiling.energysafety.ca.gov/eFiling/Getfile.aspx?fileid=56226&shareable=true
T11R-eb4e8533de4ea286,T11-feb6526329bf44,,3110000067,component_of_v4_tracking_id_group,WMP.491,WMP.1191;WMP.1192;WMP.1193;WMP.1194;WMP.491,"Grid Design, Operations, and Maintenance",Quality Assurance and Quality Control (Asset Management),,OPEX,HFTD,$ Thousands,0,Equipment ignition likelihood,NA,2023,NA,NA,NA,NA,NA,QA/QC of Distribution Detailed Inspections,,SDG&E,2024,v3.2,Petition amendment R0,TN16400_20250728T143441_SDGE_2025_Petition_to_Amend_Tables_1_11_and_12_R0xlsx.xlsx,Table 11,61,Q61,https://efiling.energysafety.ca.gov/eFiling/Getfile.aspx?fileid=56226&shareable=true
T11R-91d9dd5082691bef,T11-feb6526329bf44,,3110000064,component_of_v4_tracking_id_group,WMP.1191,WMP.1191;WMP.1192;WMP.1193;WMP.1194;WMP.491,"Grid Design, Operations, and Maintenance",Quality Assurance and Quality Control (Asset Management),,CAPEX,Territory,$ Thousands,0,Equipment ignition likelihood,NA,2023,NA,NA,NA,NA,NA,QA/QC of Transmission Inspections,,SDG&E,2024,v3.2,Petition amendment R0,TN16400_20250728T143441_SDGE_2025_Petition_to_Amend_Tables_1_11_and_12_R0xlsx.xlsx,Table 11,62,N62,https://efiling.energysafety.ca.gov/eFiling/Getfile.aspx?fileid=56226&shareable=true
T11R-3199695856346ef4,T11-feb6526329bf44,,3110000065,component_of_v4_tracking_id_group,WMP.1191,WMP.1191;WMP.1192;WMP.1193;WMP.1194;WMP.491,"Grid Design, Operations, and Maintenance",Quality Assurance and Quality Control (Asset Management),,CAPEX,HFTD,$ Thousands,0,Equipment ignition likelihood,NA,2023,NA,NA,NA,NA,NA,QA/QC of Transmission Inspections,,SDG&E,2024,v3.2,Petition amendment R0,TN16400_20250728T143441_SDGE_2025_Petition_to_Amend_Tables_1_11_and_12_R0xlsx.xlsx,Table 11,62,O62,https://efiling.energysafety.ca.gov/eFiling/Getfile.aspx?fileid=56226&shareable=true
T11R-85bec0e794c0de3a,T11-feb6526329bf44,,3110000066,component_of_v4_tracking_id_group,WMP.1191,WMP.1191;WMP.1192;WMP.1193;WMP.1194;WMP.491,"Grid Design, Operations, and Maintenance",Quality Assurance and Quality Control (Asset Management),,OPEX,Territory,$ Thousands,0,Equipment ignition likelihood,NA,2023,NA,NA,NA,NA,NA,QA/QC of Transmission Inspections,,SDG&E,2024,v3.2,Petition amendment R0,TN16400_20250728T143441_SDGE_2025_Petition_to_Amend_Tables_1_11_and_12_R0xlsx.xlsx,Table 11,62,P62,https://efiling.energysafety.ca.gov/eFiling/Getfile.aspx?fileid=56226&shareable=true
T11R-6201b6ddda25a26c,T11-feb6526329bf44,,3110000067,component_of_v4_tracking_id_group,WMP.1191,WMP.1191;WMP.1192;WMP.1193;WMP.1194;WMP.491,"Grid Design, Operations, and Maintenance",Quality Assurance and Quality Control (Asset Management),,OPEX,HFTD,$ Thousands,0,Equipment ignition likelihood,NA,2023,NA,NA,NA,NA,NA,QA/QC of Transmission Inspections,,SDG&E,2024,v3.2,Petition amendment R0,TN16400_20250728T143441_SDGE_2025_Petition_to_Amend_Tables_1_11_and_12_R0xlsx.xlsx,Table 11,62,Q62,https://efiling.energysafety.ca.gov/eFiling/Getfile.aspx?fileid=56226&shareable=true
T11R-320ea0a3f435763a,T11-feb6526329bf44,,3110000064,component_of_v4_tracking_id_group,WMP.1192,WMP.1191;WMP.1192;WMP.1193;WMP.1194;WMP.491,"Grid Design, Operations, and Maintenance",Quality Assurance and Quality Control (Asset Management),,CAPEX,Territory,$ Thousands,0,Equipment ignition likelihood,NA,2023,NA,NA,NA,NA,NA,QA/QC of Distribution Drone Assessments,,SDG&E,2024,v3.2,Petition amendment R0,TN16400_20250728T143441_SDGE_2025_Petition_to_Amend_Tables_1_11_and_12_R0xlsx.xlsx,Table 11,63,N63,https://efiling.energysafety.ca.gov/eFiling/Getfile.aspx?fileid=56226&shareable=true
T11R-64289d52ee463d7f,T11-feb6526329bf44,,3110000065,component_of_v4_tracking_id_group,WMP.1192,WMP.1191;WMP.1192;WMP.1193;WMP.1194;WMP.491,"Grid Design, Operations, and Maintenance",Quality Assurance and Quality Control (Asset Management),,CAPEX,HFTD,$ Thousands,0,Equipment ignition likelihood,NA,2023,NA,NA,NA,NA,NA,QA/QC of Distribution Drone Assessments,,SDG&E,2024,v3.2,Petition amendment R0,TN16400_20250728T143441_SDGE_2025_Petition_to_Amend_Tables_1_11_and_12_R0xlsx.xlsx,Table 11,63,O63,https://efiling.energysafety.ca.gov/eFiling/Getfile.aspx?fileid=56226&shareable=true
T11R-790d3569f74a1803,T11-feb6526329bf44,,3110000066,component_of_v4_tracking_id_group,WMP.1192,WMP.1191;WMP.1192;WMP.1193;WMP.1194;WMP.491,"Grid Design, Operations, and Maintenance",Quality Assurance and Quality Control (Asset Management),,OPEX,Territory,$ Thousands,0,Equipment ignition likelihood,NA,2023,NA,NA,NA,NA,NA,QA/QC of Distribution Drone Assessments,,SDG&E,2024,v3.2,Petition amendment R0,TN16400_20250728T143441_SDGE_2025_Petition_to_Amend_Tables_1_11_and_12_R0xlsx.xlsx,Table 11,63,P63,https://efiling.energysafety.ca.gov/eFiling/Getfile.aspx?fileid=56226&shareable=true
T11R-2a52db15c1ab9492,T11-feb6526329bf44,,3110000067,component_of_v4_tracking_id_group,WMP.1192,WMP.1191;WMP.1192;WMP.1193;WMP.1194;WMP.491,"Grid Design, Operations, and Maintenance",Quality Assurance and Quality Control (Asset Management),,OPEX,HFTD,$ Thousands,0,Equipment ignition likelihood,NA,2023,NA,NA,NA,NA,NA,QA/QC of Distribution Drone Assessments,,SDG&E,2024,v3.2,Petition amendment R0,TN16400_20250728T143441_SDGE_2025_Petition_to_Amend_Tables_1_11_and_12_R0xlsx.xlsx,Table 11,63,Q63,https://efiling.energysafety.ca.gov/eFiling/Getfile.aspx?fileid=56226&shareable=true
T11R-53f7a482a6dc4576,T11-feb6526329bf44,,3110000064,component_of_v4_tracking_id_group,WMP.1193,WMP.1191;WMP.1192;WMP.1193;WMP.1194;WMP.491,"Grid Design, Operations, and Maintenance",Quality Assurance and Quality Control (Asset Management),,CAPEX,Territory,$ Thousands,0,Equipment ignition likelihood,NA,2023,NA,NA,NA,NA,NA,QA/QC of Wood Pole Intrusive (Transmission & Distribution),,SDG&E,2024,v3.2,Petition amendment R0,TN16400_20250728T143441_SDGE_2025_Petition_to_Amend_Tables_1_11_and_12_R0xlsx.xlsx,Table 11,64,N64,https://efiling.energysafety.ca.gov/eFiling/Getfile.aspx?fileid=56226&shareable=true
T11R-eac332cacb66d633,T11-feb6526329bf44,,3110000065,component_of_v4_tracking_id_group,WMP.1193,WMP.1191;WMP.1192;WMP.1193;WMP.1194;WMP.491,"Grid Design, Operations, and Maintenance",Quality Assurance and Quality Control (Asset Management),,CAPEX,HFTD,$ Thousands,0,Equipment ignition likelihood,NA,2023,NA,NA,NA,NA,NA,QA/QC of Wood Pole Intrusive (Transmission & Distribution),,SDG&E,2024,v3.2,Petition amendment R0,TN16400_20250728T143441_SDGE_2025_Petition_to_Amend_Tables_1_11_and_12_R0xlsx.xlsx,Table 11,64,O64,https://efiling.energysafety.ca.gov/eFiling/Getfile.aspx?fileid=56226&shareable=true
T11R-4782b32a0f679857,T11-feb6526329bf44,,3110000066,component_of_v4_tracking_id_group,WMP.1193,WMP.1191;WMP.1192;WMP.1193;WMP.1194;WMP.491,"Grid Design, Operations, and Maintenance",Quality Assurance and Quality Control (Asset Management),,OPEX,Territory,$ Thousands,0,Equipment ignition likelihood,NA,2023,NA,NA,NA,NA,NA,QA/QC of Wood Pole Intrusive (Transmission & Distribution),,SDG&E,2024,v3.2,Petition amendment R0,TN16400_20250728T143441_SDGE_2025_Petition_to_Amend_Tables_1_11_and_12_R0xlsx.xlsx,Table 11,64,P64,https://efiling.energysafety.ca.gov/eFiling/Getfile.aspx?fileid=56226&shareable=true
T11R-757ba1040781d609,T11-feb6526329bf44,,3110000067,component_of_v4_tracking_id_group,WMP.1193,WMP.1191;WMP.1192;WMP.1193;WMP.1194;WMP.491,"Grid Design, Operations, and Maintenance",Quality Assurance and Quality Control (Asset Management),,OPEX,HFTD,$ Thousands,0,Equipment ignition likelihood,NA,2023,NA,NA,NA,NA,NA,QA/QC of Wood Pole Intrusive (Transmission & Distribution),,SDG&E,2024,v3.2,Petition amendment R0,TN16400_20250728T143441_SDGE_2025_Petition_to_Amend_Tables_1_11_and_12_R0xlsx.xlsx,Table 11,64,Q64,https://efiling.energysafety.ca.gov/eFiling/Getfile.aspx?fileid=56226&shareable=true
T11R-b27f8f15ae2e9d65,T11-feb6526329bf44,,3110000064,component_of_v4_tracking_id_group,WMP.1194,WMP.1191;WMP.1192;WMP.1193;WMP.1194;WMP.491,"Grid Design, Operations, and Maintenance",Quality Assurance and Quality Control (Asset Management),,CAPEX,Territory,$ Thousands,0,Equipment ignition likelihood,NA,2023,NA,NA,NA,NA,NA,QA/QC of Substation Inspections,,SDG&E,2024,v3.2,Petition amendment R0,TN16400_20250728T143441_SDGE_2025_Petition_to_Amend_Tables_1_11_and_12_R0xlsx.xlsx,Table 11,65,N65,https://efiling.energysafety.ca.gov/eFiling/Getfile.aspx?fileid=56226&shareable=true
T11R-10174061a16b2e8b,T11-feb6526329bf44,,3110000065,component_of_v4_tracking_id_group,WMP.1194,WMP.1191;WMP.1192;WMP.1193;WMP.1194;WMP.491,"Grid Design, Operations, and Maintenance",Quality Assurance and Quality Control (Asset Management),,CAPEX,HFTD,$ Thousands,0,Equipment ignition likelihood,NA,2023,NA,NA,NA,NA,NA,QA/QC of Substation Inspections,,SDG&E,2024,v3.2,Petition amendment R0,TN16400_20250728T143441_SDGE_2025_Petition_to_Amend_Tables_1_11_and_12_R0xlsx.xlsx,Table 11,65,O65,https://efiling.energysafety.ca.gov/eFiling/Getfile.aspx?fileid=56226&shareable=true
T11R-a9f58b49df0b0c32,T11-feb6526329bf44,,3110000066,component_of_v4_tracking_id_group,WMP.1194,WMP.1191;WMP.1192;WMP.1193;WMP.1194;WMP.491,"Grid Design, Operations, and Maintenance",Quality Assurance and Quality Control (Asset Management),,OPEX,Territory,$ Thousands,0,Equipment ignition likelihood,NA,2023,NA,NA,NA,NA,NA,QA/QC of Substation Inspections,,SDG&E,2024,v3.2,Petition amendment R0,TN16400_20250728T143441_SDGE_2025_Petition_to_Amend_Tables_1_11_and_12_R0xlsx.xlsx,Table 11,65,P65,https://efiling.energysafety.ca.gov/eFiling/Getfile.aspx?fileid=56226&shareable=true
T11R-819f3629db095ac7,T11-feb6526329bf44,,3110000067,component_of_v4_tracking_id_group,WMP.1194,WMP.1191;WMP.1192;WMP.1193;WMP.1194;WMP.491,"Grid Design, Operations, and Maintenance",Quality Assurance and Quality Control (Asset Management),,OPEX,HFTD,$ Thousands,0,Equipment ignition likelihood,NA,2023,NA,NA,NA,NA,NA,QA/QC of Substation Inspections,,SDG&E,2024,v3.2,Petition amendment R0,TN16400_20250728T143441_SDGE_2025_Petition_to_Amend_Tables_1_11_and_12_R0xlsx.xlsx,Table 11,65,Q65,https://efiling.energysafety.ca.gov/eFiling/Getfile.aspx?fileid=56226&shareable=true
T11R-14bafce347a65ade,T11-8d804760da0ea0,,3110000068,component_of_v4_tracking_id_group,WMP.1203,WMP.1203,"Grid Design, Operations, and Maintenance",Work Orders (Asset Management),,CAPEX,Territory,$ Thousands,0,NA,NA,NA,NA,NA,NA,NA,NA,,,SDG&E,2024,v3.2,Petition amendment R0,TN16400_20250728T143441_SDGE_2025_Petition_to_Amend_Tables_1_11_and_12_R0xlsx.xlsx,Table 11,66,N66,https://efiling.energysafety.ca.gov/eFiling/Getfile.aspx?fileid=56226&shareable=true
T11R-8ad52e9694988799,T11-8d804760da0ea0,,3110000069,component_of_v4_tracking_id_group,WMP.1203,WMP.1203,"Grid Design, Operations, and Maintenance",Work Orders (Asset Management),,CAPEX,HFTD,$ Thousands,0,NA,NA,NA,NA,NA,NA,NA,NA,,,SDG&E,2024,v3.2,Petition amendment R0,TN16400_20250728T143441_SDGE_2025_Petition_to_Amend_Tables_1_11_and_12_R0xlsx.xlsx,Table 11,66,O66,https://efiling.energysafety.ca.gov/eFiling/Getfile.aspx?fileid=56226&shareable=true
T11R-7bbedb610ab63d7d,T11-8d804760da0ea0,,3110000070,component_of_v4_tracking_id_group,WMP.1203,WMP.1203,"Grid Design, Operations, and Maintenance",Work Orders (Asset Management),,OPEX,Territory,$ Thousands,0,NA,NA,NA,NA,NA,NA,NA,NA,,,SDG&E,2024,v3.2,Petition amendment R0,TN16400_20250728T143441_SDGE_2025_Petition_to_Amend_Tables_1_11_and_12_R0xlsx.xlsx,Table 11,66,P66,https://efiling.energysafety.ca.gov/eFiling/Getfile.aspx?fileid=56226&shareable=true
T11R-b703eb2e56c075c4,T11-8d804760da0ea0,,3110000071,component_of_v4_tracking_id_group,WMP.1203,WMP.1203,"Grid Design, Operations, and Maintenance",Work Orders (Asset Management),,OPEX,HFTD,$ Thousands,0,NA,NA,NA,NA,NA,NA,NA,NA,,,SDG&E,2024,v3.2,Petition amendment R0,TN16400_20250728T143441_SDGE_2025_Petition_to_Amend_Tables_1_11_and_12_R0xlsx.xlsx,Table 11,66,Q66,https://efiling.energysafety.ca.gov/eFiling/Getfile.aspx?fileid=56226&shareable=true
T11R-06a5236119323c07,T11-95a471ac8da98f,,3110000072,component_of_v4_tracking_id_group,WMP.1204,WMP.1204,"Grid Design, Operations, and Maintenance",Grid Operations and Procedures,Equipment Settings to Reduce Wildfire Risk,CAPEX,Territory,$ Thousands,0,NA,NA,NA,NA,NA,NA,NA,NA,,,SDG&E,2024,v3.2,Petition amendment R0,TN16400_20250728T143441_SDGE_2025_Petition_to_Amend_Tables_1_11_and_12_R0xlsx.xlsx,Table 11,67,N67,https://efiling.energysafety.ca.gov/eFiling/Getfile.aspx?fileid=56226&shareable=true
T11R-2f932243a3455af2,T11-95a471ac8da98f,,3110000073,component_of_v4_tracking_id_group,WMP.1204,WMP.1204,"Grid Design, Operations, and Maintenance",Grid Operations and Procedures,Equipment Settings to Reduce Wildfire Risk,CAPEX,HFTD,$ Thousands,0,NA,NA,NA,NA,NA,NA,NA,NA,,,SDG&E,2024,v3.2,Petition amendment R0,TN16400_20250728T143441_SDGE_2025_Petition_to_Amend_Tables_1_11_and_12_R0xlsx.xlsx,Table 11,67,O67,https://efiling.energysafety.ca.gov/eFiling/Getfile.aspx?fileid=56226&shareable=true
T11R-d3870b021c37c032,T11-95a471ac8da98f,,3110000074,component_of_v4_tracking_id_group,WMP.1204,WMP.1204,"Grid Design, Operations, and Maintenance",Grid Operations and Procedures,Equipment Settings to Reduce Wildfire Risk,OPEX,Territory,$ Thousands,0,NA,NA,NA,NA,NA,NA,NA,NA,,,SDG&E,2024,v3.2,Petition amendment R0,TN16400_20250728T143441_SDGE_2025_Petition_to_Amend_Tables_1_11_and_12_R0xlsx.xlsx,Table 11,67,P67,https://efiling.energysafety.ca.gov/eFiling/Getfile.aspx?fileid=56226&shareable=true
T11R-7b7702c0a55103c6,T11-95a471ac8da98f,,3110000075,component_of_v4_tracking_id_group,WMP.1204,WMP.1204,"Grid Design, Operations, and Maintenance",Grid Operations and Procedures,Equipment Settings to Reduce Wildfire Risk,OPEX,HFTD,$ Thousands,0,NA,NA,NA,NA,NA,NA,NA,NA,,,SDG&E,2024,v3.2,Petition amendment R0,TN16400_20250728T143441_SDGE_2025_Petition_to_Amend_Tables_1_11_and_12_R0xlsx.xlsx,Table 11,67,Q67,https://efiling.energysafety.ca.gov/eFiling/Getfile.aspx?fileid=56226&shareable=true
T11R-9228ecfda5774f8a,T11-3ff86e60889b85,,3110000076,component_of_v4_tracking_id_group,WMP.1205,WMP.1205;WMP.449,"Grid Design, Operations, and Maintenance",Grid Operations and Procedures,Grid Response Procedures and Notifications,CAPEX,Territory,$ Thousands,0,NA,NA,NA,NA,NA,NA,NA,NA,,,SDG&E,2024,v3.2,Petition amendment R0,TN16400_20250728T143441_SDGE_2025_Petition_to_Amend_Tables_1_11_and_12_R0xlsx.xlsx,Table 11,68,N68,https://efiling.energysafety.ca.gov/eFiling/Getfile.aspx?fileid=56226&shareable=true
T11R-e5e9a57b74ba8b5c,T11-3ff86e60889b85,,3110000077,component_of_v4_tracking_id_group,WMP.1205,WMP.1205;WMP.449,"Grid Design, Operations, and Maintenance",Grid Operations and Procedures,Grid Response Procedures and Notifications,CAPEX,HFTD,$ Thousands,0,NA,NA,NA,NA,NA,NA,NA,NA,,,SDG&E,2024,v3.2,Petition amendment R0,TN16400_20250728T143441_SDGE_2025_Petition_to_Amend_Tables_1_11_and_12_R0xlsx.xlsx,Table 11,68,O68,https://efiling.energysafety.ca.gov/eFiling/Getfile.aspx?fileid=56226&shareable=true
T11R-e9b76f5a1d9cf932,T11-3ff86e60889b85,,3110000078,component_of_v4_tracking_id_group,WMP.1205,WMP.1205;WMP.449,"Grid Design, Operations, and Maintenance",Grid Operations and Procedures,Grid Response Procedures and Notifications,OPEX,Territory,$ Thousands,0,NA,NA,NA,NA,NA,NA,NA,NA,,,SDG&E,2024,v3.2,Petition amendment R0,TN16400_20250728T143441_SDGE_2025_Petition_to_Amend_Tables_1_11_and_12_R0xlsx.xlsx,Table 11,68,P68,https://efiling.energysafety.ca.gov/eFiling/Getfile.aspx?fileid=56226&shareable=true
T11R-737f5556ffe61e26,T11-3ff86e60889b85,,3110000079,component_of_v4_tracking_id_group,WMP.1205,WMP.1205;WMP.449,"Grid Design, Operations, and Maintenance",Grid Operations and Procedures,Grid Response Procedures and Notifications,OPEX,HFTD,$ Thousands,0,NA,NA,NA,NA,NA,NA,NA,NA,,,SDG&E,2024,v3.2,Petition amendment R0,TN16400_20250728T143441_SDGE_2025_Petition_to_Amend_Tables_1_11_and_12_R0xlsx.xlsx,Table 11,68,Q68,https://efiling.energysafety.ca.gov/eFiling/Getfile.aspx?fileid=56226&shareable=true
T11R-b5217998acae8fe2,T11-af57a5d8637d72,,3110000088,component_of_v4_tracking_id_group,WMP.1206,WMP.1206,"Grid Design, Operations, and Maintenance",Workforce Planning (Asset Management),,CAPEX,Territory,$ Thousands,0,NA,NA,NA,NA,NA,NA,NA,NA,,,SDG&E,2024,v3.2,Petition amendment R0,TN16400_20250728T143441_SDGE_2025_Petition_to_Amend_Tables_1_11_and_12_R0xlsx.xlsx,Table 11,69,N69,https://efiling.energysafety.ca.gov/eFiling/Getfile.aspx?fileid=56226&shareable=true
T11R-d0b16eecd2d5e977,T11-af57a5d8637d72,,3110000089,component_of_v4_tracking_id_group,WMP.1206,WMP.1206,"Grid Design, Operations, and Maintenance",Workforce Planning (Asset Management),,CAPEX,HFTD,$ Thousands,0,NA,NA,NA,NA,NA,NA,NA,NA,,,SDG&E,2024,v3.2,Petition amendment R0,TN16400_20250728T143441_SDGE_2025_Petition_to_Amend_Tables_1_11_and_12_R0xlsx.xlsx,Table 11,69,O69,https://efiling.energysafety.ca.gov/eFiling/Getfile.aspx?fileid=56226&shareable=true
T11R-d96eb986b0617341,T11-af57a5d8637d72,,3110000090,component_of_v4_tracking_id_group,WMP.1206,WMP.1206,"Grid Design, Operations, and Maintenance",Workforce Planning (Asset Management),,OPEX,Territory,$ Thousands,0,NA,NA,NA,NA,NA,NA,NA,NA,,,SDG&E,2024,v3.2,Petition amendment R0,TN16400_20250728T143441_SDGE_2025_Petition_to_Amend_Tables_1_11_and_12_R0xlsx.xlsx,Table 11,69,P69,https://efiling.energysafety.ca.gov/eFiling/Getfile.aspx?fileid=56226&shareable=true
T11R-b14df4b788d5ba2e,T11-af57a5d8637d72,,3110000091,component_of_v4_tracking_id_group,WMP.1206,WMP.1206,"Grid Design, Operations, and Maintenance",Workforce Planning (Asset Management),,OPEX,HFTD,$ Thousands,0,NA,NA,NA,NA,NA,NA,NA,NA,,,SDG&E,2024,v3.2,Petition amendment R0,TN16400_20250728T143441_SDGE_2025_Petition_to_Amend_Tables_1_11_and_12_R0xlsx.xlsx,Table 11,69,Q69,https://efiling.energysafety.ca.gov/eFiling/Getfile.aspx?fileid=56226&shareable=true
T11R-1ba8cbae69c74072,T11-9c78b51087af8a,,3110000080,component_of_v4_tracking_id_group,WMP.515,WMP.515,"Grid Design, Operations, and Maintenance",Grid Operations and Procedures,Personnel Work Procedures and Training in Conditions of Elevated Fire Risk,CAPEX,Territory,$ Thousands,0,,,,,,,,,,,SDG&E,2024,v3.2,Petition amendment R0,TN16400_20250728T143441_SDGE_2025_Petition_to_Amend_Tables_1_11_and_12_R0xlsx.xlsx,Table 11,70,N70,https://efiling.energysafety.ca.gov/eFiling/Getfile.aspx?fileid=56226&shareable=true
T11R-ca8b252fe29fa11a,T11-9c78b51087af8a,,3110000081,component_of_v4_tracking_id_group,WMP.515,WMP.515,"Grid Design, Operations, and Maintenance",Grid Operations and Procedures,Personnel Work Procedures and Training in Conditions of Elevated Fire Risk,CAPEX,HFTD,$ Thousands,0,,,,,,,,,,,SDG&E,2024,v3.2,Petition amendment R0,TN16400_20250728T143441_SDGE_2025_Petition_to_Amend_Tables_1_11_and_12_R0xlsx.xlsx,Table 11,70,O70,https://efiling.energysafety.ca.gov/eFiling/Getfile.aspx?fileid=56226&shareable=true
T11R-0ede76b5d0a9b55e,T11-9c78b51087af8a,,3110000082,component_of_v4_tracking_id_group,WMP.515,WMP.515,"Grid Design, Operations, and Maintenance",Grid Operations and Procedures,Personnel Work Procedures and Training in Conditions of Elevated Fire Risk,OPEX,Territory,$ Thousands,0,,,,,,,,,,,SDG&E,2024,v3.2,Petition amendment R0,TN16400_20250728T143441_SDGE_2025_Petition_to_Amend_Tables_1_11_and_12_R0xlsx.xlsx,Table 11,70,P70,https://efiling.energysafety.ca.gov/eFiling/Getfile.aspx?fileid=56226&shareable=true
T11R-4b72b120fc6fc166,T11-9c78b51087af8a,,3110000083,component_of_v4_tracking_id_group,WMP.515,WMP.515,"Grid Design, Operations, and Maintenance",Grid Operations and Procedures,Personnel Work Procedures and Training in Conditions of Elevated Fire Risk,OPEX,HFTD,$ Thousands,0,,,,,,,,,,,SDG&E,2024,v3.2,Petition amendment R0,TN16400_20250728T143441_SDGE_2025_Petition_to_Amend_Tables_1_11_and_12_R0xlsx.xlsx,Table 11,70,Q70,https://efiling.energysafety.ca.gov/eFiling/Getfile.aspx?fileid=56226&shareable=true
T11R-9e1a027982ad8213,T11-LEGACY-b0bc4a9c0869,,,legacy_tracking_id_not_in_v4_group,WMP.493,,Overview of the Service Territory,Environmental compliance and permitting,,CAPEX,Territory,$ Thousands,0,NA,NA,1998,NA,NA,NA,NA,NA,,,SDG&E,2024,v3.2,Petition amendment R0,TN16400_20250728T143441_SDGE_2025_Petition_to_Amend_Tables_1_11_and_12_R0xlsx.xlsx,Table 11,71,N71,https://efiling.energysafety.ca.gov/eFiling/Getfile.aspx?fileid=56226&shareable=true
T11R-8c112a2d42512b25,T11-LEGACY-b0bc4a9c0869,,,legacy_tracking_id_not_in_v4_group,WMP.493,,Overview of the Service Territory,Environmental compliance and permitting,,CAPEX,HFTD,$ Thousands,0,NA,NA,1998,NA,NA,NA,NA,NA,,,SDG&E,2024,v3.2,Petition amendment R0,TN16400_20250728T143441_SDGE_2025_Petition_to_Amend_Tables_1_11_and_12_R0xlsx.xlsx,Table 11,71,O71,https://efiling.energysafety.ca.gov/eFiling/Getfile.aspx?fileid=56226&shareable=true
T11R-1e5c17d518647dc4,T11-LEGACY-b0bc4a9c0869,,,legacy_tracking_id_not_in_v4_group,WMP.493,,Overview of the Service Territory,Environmental compliance and permitting,,OPEX,Territory,$ Thousands,0,NA,NA,1998,NA,NA,NA,NA,NA,,,SDG&E,2024,v3.2,Petition amendment R0,TN16400_20250728T143441_SDGE_2025_Petition_to_Amend_Tables_1_11_and_12_R0xlsx.xlsx,Table 11,71,P71,https://efiling.energysafety.ca.gov/eFiling/Getfile.aspx?fileid=56226&shareable=true
T11R-fd8b678f929090f6,T11-LEGACY-b0bc4a9c0869,,,legacy_tracking_id_not_in_v4_group,WMP.493,,Overview of the Service Territory,Environmental compliance and permitting,,OPEX,HFTD,$ Thousands,0,NA,NA,1998,NA,NA,NA,NA,NA,,,SDG&E,2024,v3.2,Petition amendment R0,TN16400_20250728T143441_SDGE_2025_Petition_to_Amend_Tables_1_11_and_12_R0xlsx.xlsx,Table 11,71,Q71,https://efiling.energysafety.ca.gov/eFiling/Getfile.aspx?fileid=56226&shareable=true
T11R-024de50ed3c99ae1,T11-6e26529a4ecb2f,,3110000140,component_of_v4_tracking_id_group,WMP.447,WMP.1431;WMP.447;WMP.970,Situational Awareness and Forecasting,Environmental Monitoring Systems,,CAPEX,Territory,$ Thousands,99.01858275600001,,,,,,,,,Advanced Weather Monitoring and Weather Stations,,SDG&E,2024,v3.2,Petition amendment R0,TN16400_20250728T143441_SDGE_2025_Petition_to_Amend_Tables_1_11_and_12_R0xlsx.xlsx,Table 11,72,N72,https://efiling.energysafety.ca.gov/eFiling/Getfile.aspx?fileid=56226&shareable=true
T11R-5ae3162aa376baa9,T11-6e26529a4ecb2f,,3110000141,component_of_v4_tracking_id_group,WMP.447,WMP.1431;WMP.447;WMP.970,Situational Awareness and Forecasting,Environmental Monitoring Systems,,CAPEX,HFTD,$ Thousands,99.01858275600001,,,,,,,,,Advanced Weather Monitoring and Weather Stations,,SDG&E,2024,v3.2,Petition amendment R0,TN16400_20250728T143441_SDGE_2025_Petition_to_Amend_Tables_1_11_and_12_R0xlsx.xlsx,Table 11,72,O72,https://efiling.energysafety.ca.gov/eFiling/Getfile.aspx?fileid=56226&shareable=true
T11R-da73171bcadc6fad,T11-6e26529a4ecb2f,,3110000142,component_of_v4_tracking_id_group,WMP.447,WMP.1431;WMP.447;WMP.970,Situational Awareness and Forecasting,Environmental Monitoring Systems,,OPEX,Territory,$ Thousands,0,,,,,,,,,Advanced Weather Monitoring and Weather Stations,,SDG&E,2024,v3.2,Petition amendment R0,TN16400_20250728T143441_SDGE_2025_Petition_to_Amend_Tables_1_11_and_12_R0xlsx.xlsx,Table 11,72,P72,https://efiling.energysafety.ca.gov/eFiling/Getfile.aspx?fileid=56226&shareable=true
T11R-0e6676f1f34a40b4,T11-6e26529a4ecb2f,,3110000143,component_of_v4_tracking_id_group,WMP.447,WMP.1431;WMP.447;WMP.970,Situational Awareness and Forecasting,Environmental Monitoring Systems,,OPEX,HFTD,$ Thousands,0,,,,,,,,,Advanced Weather Monitoring and Weather Stations,,SDG&E,2024,v3.2,Petition amendment R0,TN16400_20250728T143441_SDGE_2025_Petition_to_Amend_Tables_1_11_and_12_R0xlsx.xlsx,Table 11,72,Q72,https://efiling.energysafety.ca.gov/eFiling/Getfile.aspx?fileid=56226&shareable=true
T11R-e82b9cee97846614,T11-6e26529a4ecb2f,,3110000140,component_of_v4_tracking_id_group,WMP.970,WMP.1431;WMP.447;WMP.970,Situational Awareness and Forecasting,Environmental Monitoring Systems,,CAPEX,Territory,$ Thousands,0,,,,,,,,,Air Quality Index,,SDG&E,2024,v3.2,Petition amendment R0,TN16400_20250728T143441_SDGE_2025_Petition_to_Amend_Tables_1_11_and_12_R0xlsx.xlsx,Table 11,73,N73,https://efiling.energysafety.ca.gov/eFiling/Getfile.aspx?fileid=56226&shareable=true
T11R-deaf42e24a5b4c35,T11-6e26529a4ecb2f,,3110000141,component_of_v4_tracking_id_group,WMP.970,WMP.1431;WMP.447;WMP.970,Situational Awareness and Forecasting,Environmental Monitoring Systems,,CAPEX,HFTD,$ Thousands,0,,,,,,,,,Air Quality Index,,SDG&E,2024,v3.2,Petition amendment R0,TN16400_20250728T143441_SDGE_2025_Petition_to_Amend_Tables_1_11_and_12_R0xlsx.xlsx,Table 11,73,O73,https://efiling.energysafety.ca.gov/eFiling/Getfile.aspx?fileid=56226&shareable=true
T11R-8d376c9120ec2666,T11-6e26529a4ecb2f,,3110000142,component_of_v4_tracking_id_group,WMP.970,WMP.1431;WMP.447;WMP.970,Situational Awareness and Forecasting,Environmental Monitoring Systems,,OPEX,Territory,$ Thousands,45,,,,,,,,,Air Quality Index,,SDG&E,2024,v3.2,Petition amendment R0,TN16400_20250728T143441_SDGE_2025_Petition_to_Amend_Tables_1_11_and_12_R0xlsx.xlsx,Table 11,73,P73,https://efiling.energysafety.ca.gov/eFiling/Getfile.aspx?fileid=56226&shareable=true
T11R-d932a34b7108fd71,T11-6e26529a4ecb2f,,3110000143,component_of_v4_tracking_id_group,WMP.970,WMP.1431;WMP.447;WMP.970,Situational Awareness and Forecasting,Environmental Monitoring Systems,,OPEX,HFTD,$ Thousands,45,,,,,,,,,Air Quality Index,,SDG&E,2024,v3.2,Petition amendment R0,TN16400_20250728T143441_SDGE_2025_Petition_to_Amend_Tables_1_11_and_12_R0xlsx.xlsx,Table 11,73,Q73,https://efiling.energysafety.ca.gov/eFiling/Getfile.aspx?fileid=56226&shareable=true
T11R-b3bfd802b0545c89,T11-6e26529a4ecb2f,,3110000140,component_of_v4_tracking_id_group,WMP.1431,WMP.1431;WMP.447;WMP.970,Situational Awareness and Forecasting,Environmental Monitoring Systems,,CAPEX,Territory,$ Thousands,0,,,,,,,,,Air Quality Station Maintenance,,SDG&E,2024,v3.2,Petition amendment R0,TN16400_20250728T143441_SDGE_2025_Petition_to_Amend_Tables_1_11_and_12_R0xlsx.xlsx,Table 11,74,N74,https://efiling.energysafety.ca.gov/eFiling/Getfile.aspx?fileid=56226&shareable=true
T11R-f6c917aa1770bc1e,T11-6e26529a4ecb2f,,3110000141,component_of_v4_tracking_id_group,WMP.1431,WMP.1431;WMP.447;WMP.970,Situational Awareness and Forecasting,Environmental Monitoring Systems,,CAPEX,HFTD,$ Thousands,0,,,,,,,,,Air Quality Station Maintenance,,SDG&E,2024,v3.2,Petition amendment R0,TN16400_20250728T143441_SDGE_2025_Petition_to_Amend_Tables_1_11_and_12_R0xlsx.xlsx,Table 11,74,O74,https://efiling.energysafety.ca.gov/eFiling/Getfile.aspx?fileid=56226&shareable=true
T11R-dd25de23812f0360,T11-6e26529a4ecb2f,,3110000142,component_of_v4_tracking_id_group,WMP.1431,WMP.1431;WMP.447;WMP.970,Situational Awareness and Forecasting,Environmental Monitoring Systems,,OPEX,Territory,$ Thousands,0,,,,,,,,,Air Quality Station Maintenance,,SDG&E,2024,v3.2,Petition amendment R0,TN16400_20250728T143441_SDGE_2025_Petition_to_Amend_Tables_1_11_and_12_R0xlsx.xlsx,Table 11,74,P74,https://efiling.energysafety.ca.gov/eFiling/Getfile.aspx?fileid=56226&shareable=true
T11R-2ff0dbb58b2a8417,T11-6e26529a4ecb2f,,3110000143,component_of_v4_tracking_id_group,WMP.1431,WMP.1431;WMP.447;WMP.970,Situational Awareness and Forecasting,Environmental Monitoring Systems,,OPEX,HFTD,$ Thousands,0,,,,,,,,,Air Quality Station Maintenance,,SDG&E,2024,v3.2,Petition amendment R0,TN16400_20250728T143441_SDGE_2025_Petition_to_Amend_Tables_1_11_and_12_R0xlsx.xlsx,Table 11,74,Q74,https://efiling.energysafety.ca.gov/eFiling/Getfile.aspx?fileid=56226&shareable=true
T11R-91decd752f532cb3,T11-cbd5f73ae75b86,,3110000152,component_of_v4_tracking_id_group,WMP.1430,WMP.1430;WMP.443,Situational Awareness and Forecasting,Weather Forecasting,,CAPEX,Territory,$ Thousands,0,NA,NA,2010,NA,WMPMA,Exceeds,P.U. Code § 451,NA,Weather Station Maintenance and Calibration,,SDG&E,2024,v3.2,Petition amendment R0,TN16400_20250728T143441_SDGE_2025_Petition_to_Amend_Tables_1_11_and_12_R0xlsx.xlsx,Table 11,75,N75,https://efiling.energysafety.ca.gov/eFiling/Getfile.aspx?fileid=56226&shareable=true
T11R-87e0bf1d7c894ef7,T11-cbd5f73ae75b86,,3110000153,component_of_v4_tracking_id_group,WMP.1430,WMP.1430;WMP.443,Situational Awareness and Forecasting,Weather Forecasting,,CAPEX,HFTD,$ Thousands,0,NA,NA,2010,NA,WMPMA,Exceeds,P.U. Code § 451,NA,Weather Station Maintenance and Calibration,,SDG&E,2024,v3.2,Petition amendment R0,TN16400_20250728T143441_SDGE_2025_Petition_to_Amend_Tables_1_11_and_12_R0xlsx.xlsx,Table 11,75,O75,https://efiling.energysafety.ca.gov/eFiling/Getfile.aspx?fileid=56226&shareable=true
T11R-f0b27b9ab6ca5510,T11-cbd5f73ae75b86,,3110000154,component_of_v4_tracking_id_group,WMP.1430,WMP.1430;WMP.443,Situational Awareness and Forecasting,Weather Forecasting,,OPEX,Territory,$ Thousands,0,NA,NA,2010,NA,WMPMA,Exceeds,P.U. Code § 451,NA,Weather Station Maintenance and Calibration,,SDG&E,2024,v3.2,Petition amendment R0,TN16400_20250728T143441_SDGE_2025_Petition_to_Amend_Tables_1_11_and_12_R0xlsx.xlsx,Table 11,75,P75,https://efiling.energysafety.ca.gov/eFiling/Getfile.aspx?fileid=56226&shareable=true
T11R-85de81184597a580,T11-cbd5f73ae75b86,,3110000155,component_of_v4_tracking_id_group,WMP.1430,WMP.1430;WMP.443,Situational Awareness and Forecasting,Weather Forecasting,,OPEX,HFTD,$ Thousands,0,NA,NA,2010,NA,WMPMA,Exceeds,P.U. Code § 451,NA,Weather Station Maintenance and Calibration,,SDG&E,2024,v3.2,Petition amendment R0,TN16400_20250728T143441_SDGE_2025_Petition_to_Amend_Tables_1_11_and_12_R0xlsx.xlsx,Table 11,75,Q75,https://efiling.energysafety.ca.gov/eFiling/Getfile.aspx?fileid=56226&shareable=true
T11R-c61f35ea957f5ca8,T11-cbd5f73ae75b86,,3110000152,component_of_v4_tracking_id_group,WMP.443,WMP.1430;WMP.443,Situational Awareness and Forecasting,Weather Forecasting,,CAPEX,Territory,$ Thousands,0,Wildfire Exposure Potential,Wildfire Spread,2009,NA,NA,NA,NA,NA,,,SDG&E,2024,v3.2,Petition amendment R0,TN16400_20250728T143441_SDGE_2025_Petition_to_Amend_Tables_1_11_and_12_R0xlsx.xlsx,Table 11,76,N76,https://efiling.energysafety.ca.gov/eFiling/Getfile.aspx?fileid=56226&shareable=true
T11R-751b51d55f957902,T11-cbd5f73ae75b86,,3110000153,component_of_v4_tracking_id_group,WMP.443,WMP.1430;WMP.443,Situational Awareness and Forecasting,Weather Forecasting,,CAPEX,HFTD,$ Thousands,0,Wildfire Exposure Potential,Wildfire Spread,2009,NA,NA,NA,NA,NA,,,SDG&E,2024,v3.2,Petition amendment R0,TN16400_20250728T143441_SDGE_2025_Petition_to_Amend_Tables_1_11_and_12_R0xlsx.xlsx,Table 11,76,O76,https://efiling.energysafety.ca.gov/eFiling/Getfile.aspx?fileid=56226&shareable=true
T11R-57727580ce0c2359,T11-cbd5f73ae75b86,,3110000154,component_of_v4_tracking_id_group,WMP.443,WMP.1430;WMP.443,Situational Awareness and Forecasting,Weather Forecasting,,OPEX,Territory,$ Thousands,0,Wildfire Exposure Potential,Wildfire Spread,2009,NA,NA,NA,NA,NA,,,SDG&E,2024,v3.2,Petition amendment R0,TN16400_20250728T143441_SDGE_2025_Petition_to_Amend_Tables_1_11_and_12_R0xlsx.xlsx,Table 11,76,P76,https://efiling.energysafety.ca.gov/eFiling/Getfile.aspx?fileid=56226&shareable=true
T11R-5090d348917ab178,T11-cbd5f73ae75b86,,3110000155,component_of_v4_tracking_id_group,WMP.443,WMP.1430;WMP.443,Situational Awareness and Forecasting,Weather Forecasting,,OPEX,HFTD,$ Thousands,0,Wildfire Exposure Potential,Wildfire Spread,2009,NA,NA,NA,NA,NA,,,SDG&E,2024,v3.2,Petition amendment R0,TN16400_20250728T143441_SDGE_2025_Petition_to_Amend_Tables_1_11_and_12_R0xlsx.xlsx,Table 11,76,Q76,https://efiling.energysafety.ca.gov/eFiling/Getfile.aspx?fileid=56226&shareable=true
T11R-e6d848920330d973,T11-fba51635244918,,3110000156,component_of_v4_tracking_id_group,WMP.450,WMP.450,Situational Awareness and Forecasting,Fire Potential Index,,CAPEX,Territory,$ Thousands,0,Wildfire Exposure Potential,NA,2012,2019 GRC,NA,NA,NA,NA,,,SDG&E,2024,v3.2,Petition amendment R0,TN16400_20250728T143441_SDGE_2025_Petition_to_Amend_Tables_1_11_and_12_R0xlsx.xlsx,Table 11,77,N77,https://efiling.energysafety.ca.gov/eFiling/Getfile.aspx?fileid=56226&shareable=true
T11R-872dc805f03fbfd3,T11-fba51635244918,,3110000157,component_of_v4_tracking_id_group,WMP.450,WMP.450,Situational Awareness and Forecasting,Fire Potential Index,,CAPEX,HFTD,$ Thousands,0,Wildfire Exposure Potential,NA,2012,2019 GRC,NA,NA,NA,NA,,,SDG&E,2024,v3.2,Petition amendment R0,TN16400_20250728T143441_SDGE_2025_Petition_to_Amend_Tables_1_11_and_12_R0xlsx.xlsx,Table 11,77,O77,https://efiling.energysafety.ca.gov/eFiling/Getfile.aspx?fileid=56226&shareable=true
T11R-f0fd64fd5cacef17,T11-fba51635244918,,3110000158,component_of_v4_tracking_id_group,WMP.450,WMP.450,Situational Awareness and Forecasting,Fire Potential Index,,OPEX,Territory,$ Thousands,5646,Wildfire Exposure Potential,NA,2012,2019 GRC,NA,NA,NA,NA,,,SDG&E,2024,v3.2,Petition amendment R0,TN16400_20250728T143441_SDGE_2025_Petition_to_Amend_Tables_1_11_and_12_R0xlsx.xlsx,Table 11,77,P77,https://efiling.energysafety.ca.gov/eFiling/Getfile.aspx?fileid=56226&shareable=true
T11R-5f9922fbedbbdf61,T11-fba51635244918,,3110000159,component_of_v4_tracking_id_group,WMP.450,WMP.450,Situational Awareness and Forecasting,Fire Potential Index,,OPEX,HFTD,$ Thousands,5646,Wildfire Exposure Potential,NA,2012,2019 GRC,NA,NA,NA,NA,,,SDG&E,2024,v3.2,Petition amendment R0,TN16400_20250728T143441_SDGE_2025_Petition_to_Amend_Tables_1_11_and_12_R0xlsx.xlsx,Table 11,77,Q77,https://efiling.energysafety.ca.gov/eFiling/Getfile.aspx?fileid=56226&shareable=true
T11R-1e3a395518145feb,T11-a0f528d167ee38,,3110000052,component_of_v4_tracking_id_group,WMP.558,WMP.466;WMP.467;WMP.468;WMP.558,"Grid Design, Operations, and Maintenance",Grid Design and System Hardening,Other technologies and systems not listed above,CAPEX,Territory,$ Thousands,0,Wildfire Exposure Potential,Wildfire Spread,NA,NA,NA,NA,NA,NA,,,SDG&E,2024,v3.2,Petition amendment R0,TN16400_20250728T143441_SDGE_2025_Petition_to_Amend_Tables_1_11_and_12_R0xlsx.xlsx,Table 11,78,N78,https://efiling.energysafety.ca.gov/eFiling/Getfile.aspx?fileid=56226&shareable=true
T11R-6b2c8d73c82ace47,T11-a0f528d167ee38,,3110000053,component_of_v4_tracking_id_group,WMP.558,WMP.466;WMP.467;WMP.468;WMP.558,"Grid Design, Operations, and Maintenance",Grid Design and System Hardening,Other technologies and systems not listed above,CAPEX,HFTD,$ Thousands,0,Wildfire Exposure Potential,Wildfire Spread,NA,NA,NA,NA,NA,NA,,,SDG&E,2024,v3.2,Petition amendment R0,TN16400_20250728T143441_SDGE_2025_Petition_to_Amend_Tables_1_11_and_12_R0xlsx.xlsx,Table 11,78,O78,https://efiling.energysafety.ca.gov/eFiling/Getfile.aspx?fileid=56226&shareable=true
T11R-927fdda8eba8a944,T11-a0f528d167ee38,,3110000054,component_of_v4_tracking_id_group,WMP.558,WMP.466;WMP.467;WMP.468;WMP.558,"Grid Design, Operations, and Maintenance",Grid Design and System Hardening,Other technologies and systems not listed above,OPEX,Territory,$ Thousands,0,Wildfire Exposure Potential,Wildfire Spread,NA,NA,NA,NA,NA,NA,,,SDG&E,2024,v3.2,Petition amendment R0,TN16400_20250728T143441_SDGE_2025_Petition_to_Amend_Tables_1_11_and_12_R0xlsx.xlsx,Table 11,78,P78,https://efiling.energysafety.ca.gov/eFiling/Getfile.aspx?fileid=56226&shareable=true
T11R-5c623ee91c0e69a4,T11-a0f528d167ee38,,3110000055,component_of_v4_tracking_id_group,WMP.558,WMP.466;WMP.467;WMP.468;WMP.558,"Grid Design, Operations, and Maintenance",Grid Design and System Hardening,Other technologies and systems not listed above,OPEX,HFTD,$ Thousands,0,Wildfire Exposure Potential,Wildfire Spread,NA,NA,NA,NA,NA,NA,,,SDG&E,2024,v3.2,Petition amendment R0,TN16400_20250728T143441_SDGE_2025_Petition_to_Amend_Tables_1_11_and_12_R0xlsx.xlsx,Table 11,78,Q78,https://efiling.energysafety.ca.gov/eFiling/Getfile.aspx?fileid=56226&shareable=true
T11R-d0742169d85a43d8,T11-41a45f8f683066,,3110000092,component_of_v4_tracking_id_group,WMP.494,WMP.494;WMP.508,Vegetation Management and Inspections,Vegetation Management Inspections,,CAPEX,Territory,$ Thousands,0,Wildfire Exposure Potential,NA,1998,NA,NA,NA,"G.O. 95, Rule 35; Public Resources Code 4293; FAC-003-4",NA,,,SDG&E,2024,v3.2,Petition amendment R0,TN16400_20250728T143441_SDGE_2025_Petition_to_Amend_Tables_1_11_and_12_R0xlsx.xlsx,Table 11,79,N79,https://efiling.energysafety.ca.gov/eFiling/Getfile.aspx?fileid=56226&shareable=true
T11R-7e07d8144d3f5da1,T11-41a45f8f683066,,3110000093,component_of_v4_tracking_id_group,WMP.494,WMP.494;WMP.508,Vegetation Management and Inspections,Vegetation Management Inspections,,CAPEX,HFTD,$ Thousands,0,Wildfire Exposure Potential,NA,1998,NA,NA,NA,"G.O. 95, Rule 35; Public Resources Code 4293; FAC-003-4",NA,,,SDG&E,2024,v3.2,Petition amendment R0,TN16400_20250728T143441_SDGE_2025_Petition_to_Amend_Tables_1_11_and_12_R0xlsx.xlsx,Table 11,79,O79,https://efiling.energysafety.ca.gov/eFiling/Getfile.aspx?fileid=56226&shareable=true
T11R-7354d97a7f0e0ee4,T11-41a45f8f683066,,3110000094,component_of_v4_tracking_id_group,WMP.494,WMP.494;WMP.508,Vegetation Management and Inspections,Vegetation Management Inspections,,OPEX,Territory,$ Thousands,76305,Wildfire Exposure Potential,NA,1998,NA,NA,NA,"G.O. 95, Rule 35; Public Resources Code 4293; FAC-003-4",NA,,,SDG&E,2024,v3.2,Petition amendment R0,TN16400_20250728T143441_SDGE_2025_Petition_to_Amend_Tables_1_11_and_12_R0xlsx.xlsx,Table 11,79,P79,https://efiling.energysafety.ca.gov/eFiling/Getfile.aspx?fileid=56226&shareable=true
T11R-734ab106d2b52fa9,T11-41a45f8f683066,,3110000095,component_of_v4_tracking_id_group,WMP.494,WMP.494;WMP.508,Vegetation Management and Inspections,Vegetation Management Inspections,,OPEX,HFTD,$ Thousands,38592.24308091055,Wildfire Exposure Potential,NA,1998,NA,NA,NA,"G.O. 95, Rule 35; Public Resources Code 4293; FAC-003-4",NA,,,SDG&E,2024,v3.2,Petition amendment R0,TN16400_20250728T143441_SDGE_2025_Petition_to_Amend_Tables_1_11_and_12_R0xlsx.xlsx,Table 11,79,Q79,https://efiling.energysafety.ca.gov/eFiling/Getfile.aspx?fileid=56226&shareable=true
T11R-3336f215197c5e4e,T11-LEGACY-e64c9deb8360,,,legacy_tracking_id_not_in_v4_group,WMP.496,,Vegetation Management and Inspection,Emergency response vegetation management,,CAPEX,Territory,$ Thousands,0,Wildfire hazard,NA,1998,NA,NA,NA,NA,NA,,,SDG&E,2024,v3.2,Petition amendment R0,TN16400_20250728T143441_SDGE_2025_Petition_to_Amend_Tables_1_11_and_12_R0xlsx.xlsx,Table 11,80,N80,https://efiling.energysafety.ca.gov/eFiling/Getfile.aspx?fileid=56226&shareable=true
T11R-f4193806706824fd,T11-LEGACY-e64c9deb8360,,,legacy_tracking_id_not_in_v4_group,WMP.496,,Vegetation Management and Inspection,Emergency response vegetation management,,CAPEX,HFTD,$ Thousands,0,Wildfire hazard,NA,1998,NA,NA,NA,NA,NA,,,SDG&E,2024,v3.2,Petition amendment R0,TN16400_20250728T143441_SDGE_2025_Petition_to_Amend_Tables_1_11_and_12_R0xlsx.xlsx,Table 11,80,O80,https://efiling.energysafety.ca.gov/eFiling/Getfile.aspx?fileid=56226&shareable=true
T11R-a02281c8b430c22f,T11-LEGACY-e64c9deb8360,,,legacy_tracking_id_not_in_v4_group,WMP.496,,Vegetation Management and Inspection,Emergency response vegetation management,,OPEX,Territory,$ Thousands,0,Wildfire hazard,NA,1998,NA,NA,NA,NA,NA,,,SDG&E,2024,v3.2,Petition amendment R0,TN16400_20250728T143441_SDGE_2025_Petition_to_Amend_Tables_1_11_and_12_R0xlsx.xlsx,Table 11,80,P80,https://efiling.energysafety.ca.gov/eFiling/Getfile.aspx?fileid=56226&shareable=true
T11R-5f2be50daabb3322,T11-LEGACY-e64c9deb8360,,,legacy_tracking_id_not_in_v4_group,WMP.496,,Vegetation Management and Inspection,Emergency response vegetation management,,OPEX,HFTD,$ Thousands,0,Wildfire hazard,NA,1998,NA,NA,NA,NA,NA,,,SDG&E,2024,v3.2,Petition amendment R0,TN16400_20250728T143441_SDGE_2025_Petition_to_Amend_Tables_1_11_and_12_R0xlsx.xlsx,Table 11,80,Q80,https://efiling.energysafety.ca.gov/eFiling/Getfile.aspx?fileid=56226&shareable=true
T11R-5588c4f552ee9d3f,T11-949448cfa21a29,,3110000104,component_of_v4_tracking_id_group,WMP.497,WMP.497,Vegetation Management and Inspections,Wood and Slash Management,,CAPEX,Territory,$ Thousands,0,Contact with vegetation,NA,2019,NA,WMPMA,Exceeds,P.U. Code § 451,NA,Fuels Management,,SDG&E,2024,v3.2,Petition amendment R0,TN16400_20250728T143441_SDGE_2025_Petition_to_Amend_Tables_1_11_and_12_R0xlsx.xlsx,Table 11,81,N81,https://efiling.energysafety.ca.gov/eFiling/Getfile.aspx?fileid=56226&shareable=true
T11R-560237535eb3f01d,T11-949448cfa21a29,,3110000105,component_of_v4_tracking_id_group,WMP.497,WMP.497,Vegetation Management and Inspections,Wood and Slash Management,,CAPEX,HFTD,$ Thousands,0,Contact with vegetation,NA,2019,NA,WMPMA,Exceeds,P.U. Code § 451,NA,Fuels Management,,SDG&E,2024,v3.2,Petition amendment R0,TN16400_20250728T143441_SDGE_2025_Petition_to_Amend_Tables_1_11_and_12_R0xlsx.xlsx,Table 11,81,O81,https://efiling.energysafety.ca.gov/eFiling/Getfile.aspx?fileid=56226&shareable=true
T11R-5547ffe65ce6c9a0,T11-949448cfa21a29,,3110000106,component_of_v4_tracking_id_group,WMP.497,WMP.497,Vegetation Management and Inspections,Wood and Slash Management,,OPEX,Territory,$ Thousands,3159,Contact with vegetation,NA,2019,NA,WMPMA,Exceeds,P.U. Code § 451,NA,Fuels Management,,SDG&E,2024,v3.2,Petition amendment R0,TN16400_20250728T143441_SDGE_2025_Petition_to_Amend_Tables_1_11_and_12_R0xlsx.xlsx,Table 11,81,P81,https://efiling.energysafety.ca.gov/eFiling/Getfile.aspx?fileid=56226&shareable=true
T11R-2421e057ddf99348,T11-949448cfa21a29,,3110000107,component_of_v4_tracking_id_group,WMP.497,WMP.497,Vegetation Management and Inspections,Wood and Slash Management,,OPEX,HFTD,$ Thousands,3159,Contact with vegetation,NA,2019,NA,WMPMA,Exceeds,P.U. Code § 451,NA,Fuels Management,,SDG&E,2024,v3.2,Petition amendment R0,TN16400_20250728T143441_SDGE_2025_Petition_to_Amend_Tables_1_11_and_12_R0xlsx.xlsx,Table 11,81,Q81,https://efiling.energysafety.ca.gov/eFiling/Getfile.aspx?fileid=56226&shareable=true
T11R-3d0ad3aa8bb12e61,T11-66d00926161a53,,3110000096,component_of_v4_tracking_id_group,WMP.501,WMP.501,Vegetation Management and Inspections,Pruning and Removal,,CAPEX,Territory,$ Thousands,0,Contact with vegetation,NA,2019,2019 GRC,NA,Exceeds,P.U. Code § 451,NA,,,SDG&E,2024,v3.2,Petition amendment R0,TN16400_20250728T143441_SDGE_2025_Petition_to_Amend_Tables_1_11_and_12_R0xlsx.xlsx,Table 11,82,N82,https://efiling.energysafety.ca.gov/eFiling/Getfile.aspx?fileid=56226&shareable=true
T11R-5bfa9813a471e932,T11-66d00926161a53,,3110000097,component_of_v4_tracking_id_group,WMP.501,WMP.501,Vegetation Management and Inspections,Pruning and Removal,,CAPEX,HFTD,$ Thousands,0,Contact with vegetation,NA,2019,2019 GRC,NA,Exceeds,P.U. Code § 451,NA,,,SDG&E,2024,v3.2,Petition amendment R0,TN16400_20250728T143441_SDGE_2025_Petition_to_Amend_Tables_1_11_and_12_R0xlsx.xlsx,Table 11,82,O82,https://efiling.energysafety.ca.gov/eFiling/Getfile.aspx?fileid=56226&shareable=true
T11R-a51f0c5624eda1ce,T11-66d00926161a53,,3110000098,component_of_v4_tracking_id_group,WMP.501,WMP.501,Vegetation Management and Inspections,Pruning and Removal,,OPEX,Territory,$ Thousands,0,Contact with vegetation,NA,2019,2019 GRC,NA,Exceeds,P.U. Code § 451,NA,,,SDG&E,2024,v3.2,Petition amendment R0,TN16400_20250728T143441_SDGE_2025_Petition_to_Amend_Tables_1_11_and_12_R0xlsx.xlsx,Table 11,82,P82,https://efiling.energysafety.ca.gov/eFiling/Getfile.aspx?fileid=56226&shareable=true
T11R-60c2f43c18c705bc,T11-66d00926161a53,,3110000099,component_of_v4_tracking_id_group,WMP.501,WMP.501,Vegetation Management and Inspections,Pruning and Removal,,OPEX,HFTD,$ Thousands,0,Contact with vegetation,NA,2019,2019 GRC,NA,Exceeds,P.U. Code § 451,NA,,,SDG&E,2024,v3.2,Petition amendment R0,TN16400_20250728T143441_SDGE_2025_Petition_to_Amend_Tables_1_11_and_12_R0xlsx.xlsx,Table 11,82,Q82,https://efiling.energysafety.ca.gov/eFiling/Getfile.aspx?fileid=56226&shareable=true
T11R-2339b9a298db6127,T11-ec0048a25790bc,,3110000128,component_of_v4_tracking_id_group,WMP.505,WMP.505,Vegetation Management and Inspections,Quality Assurance and Quality Control (Vegetation Management),,CAPEX,Territory,$ Thousands,0,NA,NA,1998,NA,NA,NA,NA,NA,,,SDG&E,2024,v3.2,Petition amendment R0,TN16400_20250728T143441_SDGE_2025_Petition_to_Amend_Tables_1_11_and_12_R0xlsx.xlsx,Table 11,83,N83,https://efiling.energysafety.ca.gov/eFiling/Getfile.aspx?fileid=56226&shareable=true
T11R-70b45e225c92548e,T11-ec0048a25790bc,,3110000129,component_of_v4_tracking_id_group,WMP.505,WMP.505,Vegetation Management and Inspections,Quality Assurance and Quality Control (Vegetation Management),,CAPEX,HFTD,$ Thousands,0,NA,NA,1998,NA,NA,NA,NA,NA,,,SDG&E,2024,v3.2,Petition amendment R0,TN16400_20250728T143441_SDGE_2025_Petition_to_Amend_Tables_1_11_and_12_R0xlsx.xlsx,Table 11,83,O83,https://efiling.energysafety.ca.gov/eFiling/Getfile.aspx?fileid=56226&shareable=true
T11R-9bdd6dea376fa9f5,T11-ec0048a25790bc,,3110000130,component_of_v4_tracking_id_group,WMP.505,WMP.505,Vegetation Management and Inspections,Quality Assurance and Quality Control (Vegetation Management),,OPEX,Territory,$ Thousands,0,NA,NA,1998,NA,NA,NA,NA,NA,,,SDG&E,2024,v3.2,Petition amendment R0,TN16400_20250728T143441_SDGE_2025_Petition_to_Amend_Tables_1_11_and_12_R0xlsx.xlsx,Table 11,83,P83,https://efiling.energysafety.ca.gov/eFiling/Getfile.aspx?fileid=56226&shareable=true
T11R-3bb86dac59a09519,T11-ec0048a25790bc,,3110000131,component_of_v4_tracking_id_group,WMP.505,WMP.505,Vegetation Management and Inspections,Quality Assurance and Quality Control (Vegetation Management),,OPEX,HFTD,$ Thousands,0,NA,NA,1998,NA,NA,NA,NA,NA,,,SDG&E,2024,v3.2,Petition amendment R0,TN16400_20250728T143441_SDGE_2025_Petition_to_Amend_Tables_1_11_and_12_R0xlsx.xlsx,Table 11,83,Q83,https://efiling.energysafety.ca.gov/eFiling/Getfile.aspx?fileid=56226&shareable=true
T11R-33d2fc28e0ba125a,T11-f654ca05889ca0,,3110000176,component_of_v4_tracking_id_group,WMP.511,WMP.511;WMP.519,Enterprise Systems,Enterprise Systems Development,,CAPEX,Territory,$ Thousands,487.5524959999998,NA,NA,2002,NA,NA,NA,NA,NA,,,SDG&E,2024,v3.2,Petition amendment R0,TN16400_20250728T143441_SDGE_2025_Petition_to_Amend_Tables_1_11_and_12_R0xlsx.xlsx,Table 11,84,N84,https://efiling.energysafety.ca.gov/eFiling/Getfile.aspx?fileid=56226&shareable=true
T11R-833de95feda53ca5,T11-f654ca05889ca0,,3110000177,component_of_v4_tracking_id_group,WMP.511,WMP.511;WMP.519,Enterprise Systems,Enterprise Systems Development,,CAPEX,HFTD,$ Thousands,487.5524959999998,NA,NA,2002,NA,NA,NA,NA,NA,,,SDG&E,2024,v3.2,Petition amendment R0,TN16400_20250728T143441_SDGE_2025_Petition_to_Amend_Tables_1_11_and_12_R0xlsx.xlsx,Table 11,84,O84,https://efiling.energysafety.ca.gov/eFiling/Getfile.aspx?fileid=56226&shareable=true
T11R-42d8481187f6acec,T11-f654ca05889ca0,,3110000178,component_of_v4_tracking_id_group,WMP.511,WMP.511;WMP.519,Enterprise Systems,Enterprise Systems Development,,OPEX,Territory,$ Thousands,0,NA,NA,2002,NA,NA,NA,NA,NA,,,SDG&E,2024,v3.2,Petition amendment R0,TN16400_20250728T143441_SDGE_2025_Petition_to_Amend_Tables_1_11_and_12_R0xlsx.xlsx,Table 11,84,P84,https://efiling.energysafety.ca.gov/eFiling/Getfile.aspx?fileid=56226&shareable=true
T11R-a4214c083b5a24dc,T11-f654ca05889ca0,,3110000179,component_of_v4_tracking_id_group,WMP.511,WMP.511;WMP.519,Enterprise Systems,Enterprise Systems Development,,OPEX,HFTD,$ Thousands,0,NA,NA,2002,NA,NA,NA,NA,NA,,,SDG&E,2024,v3.2,Petition amendment R0,TN16400_20250728T143441_SDGE_2025_Petition_to_Amend_Tables_1_11_and_12_R0xlsx.xlsx,Table 11,84,Q84,https://efiling.energysafety.ca.gov/eFiling/Getfile.aspx?fileid=56226&shareable=true
T11R-e42ca48dcd50ace1,T11-56945e223c5d08,,3110000100,component_of_v4_tracking_id_group,WMP.512,WMP.512,Vegetation Management and Inspections,Pole Clearing,,CAPEX,Territory,$ Thousands,0,Other contact with object,NA,1998,2019 GRC,NA,Meets,P.U. Code § 451; Public Resources Code 4292,NA,,,SDG&E,2024,v3.2,Petition amendment R0,TN16400_20250728T143441_SDGE_2025_Petition_to_Amend_Tables_1_11_and_12_R0xlsx.xlsx,Table 11,85,N85,https://efiling.energysafety.ca.gov/eFiling/Getfile.aspx?fileid=56226&shareable=true
T11R-5ef6b9d2d17b2f5b,T11-56945e223c5d08,,3110000101,component_of_v4_tracking_id_group,WMP.512,WMP.512,Vegetation Management and Inspections,Pole Clearing,,CAPEX,HFTD,$ Thousands,0,Other contact with object,NA,1998,2019 GRC,NA,Meets,P.U. Code § 451; Public Resources Code 4292,NA,,,SDG&E,2024,v3.2,Petition amendment R0,TN16400_20250728T143441_SDGE_2025_Petition_to_Amend_Tables_1_11_and_12_R0xlsx.xlsx,Table 11,85,O85,https://efiling.energysafety.ca.gov/eFiling/Getfile.aspx?fileid=56226&shareable=true
T11R-d7764007f59de68c,T11-56945e223c5d08,,3110000102,component_of_v4_tracking_id_group,WMP.512,WMP.512,Vegetation Management and Inspections,Pole Clearing,,OPEX,Territory,$ Thousands,7097,Other contact with object,NA,1998,2019 GRC,NA,Meets,P.U. Code § 451; Public Resources Code 4292,NA,,,SDG&E,2024,v3.2,Petition amendment R0,TN16400_20250728T143441_SDGE_2025_Petition_to_Amend_Tables_1_11_and_12_R0xlsx.xlsx,Table 11,85,P85,https://efiling.energysafety.ca.gov/eFiling/Getfile.aspx?fileid=56226&shareable=true
T11R-b49af6fde8db0e49,T11-56945e223c5d08,,3110000103,component_of_v4_tracking_id_group,WMP.512,WMP.512,Vegetation Management and Inspections,Pole Clearing,,OPEX,HFTD,$ Thousands,6294.747342465754,Other contact with object,NA,1998,2019 GRC,NA,Meets,P.U. Code § 451; Public Resources Code 4292,NA,,,SDG&E,2024,v3.2,Petition amendment R0,TN16400_20250728T143441_SDGE_2025_Petition_to_Amend_Tables_1_11_and_12_R0xlsx.xlsx,Table 11,85,Q85,https://efiling.energysafety.ca.gov/eFiling/Getfile.aspx?fileid=56226&shareable=true
T11R-5e53667ad25680c5,T11-6faaa3e7b6e066,,3110000132,component_of_v4_tracking_id_group,WMP.1207,WMP.1207,Vegetation Management and Inspections,Work Orders (Vegetation Management),,CAPEX,Territory,$ Thousands,0,NA,NA,1198,NA,NA,NA,NA,NA,,,SDG&E,2024,v3.2,Petition amendment R0,TN16400_20250728T143441_SDGE_2025_Petition_to_Amend_Tables_1_11_and_12_R0xlsx.xlsx,Table 11,86,N86,https://efiling.energysafety.ca.gov/eFiling/Getfile.aspx?fileid=56226&shareable=true
T11R-189223da14abbfc3,T11-6faaa3e7b6e066,,3110000133,component_of_v4_tracking_id_group,WMP.1207,WMP.1207,Vegetation Management and Inspections,Work Orders (Vegetation Management),,CAPEX,HFTD,$ Thousands,0,NA,NA,1198,NA,NA,NA,NA,NA,,,SDG&E,2024,v3.2,Petition amendment R0,TN16400_20250728T143441_SDGE_2025_Petition_to_Amend_Tables_1_11_and_12_R0xlsx.xlsx,Table 11,86,O86,https://efiling.energysafety.ca.gov/eFiling/Getfile.aspx?fileid=56226&shareable=true
T11R-7f380f9d11493a6a,T11-6faaa3e7b6e066,,3110000134,component_of_v4_tracking_id_group,WMP.1207,WMP.1207,Vegetation Management and Inspections,Work Orders (Vegetation Management),,OPEX,Territory,$ Thousands,0,NA,NA,1198,NA,NA,NA,NA,NA,,,SDG&E,2024,v3.2,Petition amendment R0,TN16400_20250728T143441_SDGE_2025_Petition_to_Amend_Tables_1_11_and_12_R0xlsx.xlsx,Table 11,86,P86,https://efiling.energysafety.ca.gov/eFiling/Getfile.aspx?fileid=56226&shareable=true
T11R-05d949c6bfd02bed,T11-6faaa3e7b6e066,,3110000135,component_of_v4_tracking_id_group,WMP.1207,WMP.1207,Vegetation Management and Inspections,Work Orders (Vegetation Management),,OPEX,HFTD,$ Thousands,0,NA,NA,1198,NA,NA,NA,NA,NA,,,SDG&E,2024,v3.2,Petition amendment R0,TN16400_20250728T143441_SDGE_2025_Petition_to_Amend_Tables_1_11_and_12_R0xlsx.xlsx,Table 11,86,Q86,https://efiling.energysafety.ca.gov/eFiling/Getfile.aspx?fileid=56226&shareable=true
T11R-c4b386576a051955,T11-LEGACY-e7bab618de8e,,,legacy_tracking_id_not_in_v4_group,WMP.1208,,"Grid Design, Operations, and Maintenance",Workforce Planning,,CAPEX,Territory,$ Thousands,0,NA,NA,2021,NA,NA,NA,NA,NA,,,SDG&E,2024,v3.2,Petition amendment R0,TN16400_20250728T143441_SDGE_2025_Petition_to_Amend_Tables_1_11_and_12_R0xlsx.xlsx,Table 11,87,N87,https://efiling.energysafety.ca.gov/eFiling/Getfile.aspx?fileid=56226&shareable=true
T11R-b2a8c3c878d03383,T11-LEGACY-e7bab618de8e,,,legacy_tracking_id_not_in_v4_group,WMP.1208,,"Grid Design, Operations, and Maintenance",Workforce Planning,,CAPEX,HFTD,$ Thousands,0,NA,NA,2021,NA,NA,NA,NA,NA,,,SDG&E,2024,v3.2,Petition amendment R0,TN16400_20250728T143441_SDGE_2025_Petition_to_Amend_Tables_1_11_and_12_R0xlsx.xlsx,Table 11,87,O87,https://efiling.energysafety.ca.gov/eFiling/Getfile.aspx?fileid=56226&shareable=true
T11R-8bbf47c2d037ff58,T11-LEGACY-e7bab618de8e,,,legacy_tracking_id_not_in_v4_group,WMP.1208,,"Grid Design, Operations, and Maintenance",Workforce Planning,,OPEX,Territory,$ Thousands,0,NA,NA,2021,NA,NA,NA,NA,NA,,,SDG&E,2024,v3.2,Petition amendment R0,TN16400_20250728T143441_SDGE_2025_Petition_to_Amend_Tables_1_11_and_12_R0xlsx.xlsx,Table 11,87,P87,https://efiling.energysafety.ca.gov/eFiling/Getfile.aspx?fileid=56226&shareable=true
T11R-b6bbe0d4f42b3f90,T11-LEGACY-e7bab618de8e,,,legacy_tracking_id_not_in_v4_group,WMP.1208,,"Grid Design, Operations, and Maintenance",Workforce Planning,,OPEX,HFTD,$ Thousands,0,NA,NA,2021,NA,NA,NA,NA,NA,,,SDG&E,2024,v3.2,Petition amendment R0,TN16400_20250728T143441_SDGE_2025_Petition_to_Amend_Tables_1_11_and_12_R0xlsx.xlsx,Table 11,87,Q87,https://efiling.energysafety.ca.gov/eFiling/Getfile.aspx?fileid=56226&shareable=true
T11R-90de0fbde8ea5fcd,T11-110344db48989f,,3110000108,component_of_v4_tracking_id_group,WMP.1325,WMP.1325;WMP.1326,Vegetation Management and Inspections,Defensible Space,,CAPEX,Territory,$ Thousands,0,NA,NA,2019,NA,NA,NA,NA,NA,Right Tree Right Place,,SDG&E,2024,v3.2,Petition amendment R0,TN16400_20250728T143441_SDGE_2025_Petition_to_Amend_Tables_1_11_and_12_R0xlsx.xlsx,Table 11,88,N88,https://efiling.energysafety.ca.gov/eFiling/Getfile.aspx?fileid=56226&shareable=true
T11R-1b4d22aeaffcd6e5,T11-110344db48989f,,3110000109,component_of_v4_tracking_id_group,WMP.1325,WMP.1325;WMP.1326,Vegetation Management and Inspections,Defensible Space,,CAPEX,HFTD,$ Thousands,0,NA,NA,2019,NA,NA,NA,NA,NA,Right Tree Right Place,,SDG&E,2024,v3.2,Petition amendment R0,TN16400_20250728T143441_SDGE_2025_Petition_to_Amend_Tables_1_11_and_12_R0xlsx.xlsx,Table 11,88,O88,https://efiling.energysafety.ca.gov/eFiling/Getfile.aspx?fileid=56226&shareable=true
T11R-8bd9e46af3f280ea,T11-110344db48989f,,3110000110,component_of_v4_tracking_id_group,WMP.1325,WMP.1325;WMP.1326,Vegetation Management and Inspections,Defensible Space,,OPEX,Territory,$ Thousands,922,NA,NA,2019,NA,NA,NA,NA,NA,Right Tree Right Place,,SDG&E,2024,v3.2,Petition amendment R0,TN16400_20250728T143441_SDGE_2025_Petition_to_Amend_Tables_1_11_and_12_R0xlsx.xlsx,Table 11,88,P88,https://efiling.energysafety.ca.gov/eFiling/Getfile.aspx?fileid=56226&shareable=true
T11R-a1f6fb0c1218c05a,T11-110344db48989f,,3110000111,component_of_v4_tracking_id_group,WMP.1325,WMP.1325;WMP.1326,Vegetation Management and Inspections,Defensible Space,,OPEX,HFTD,$ Thousands,922,NA,NA,2019,NA,NA,NA,NA,NA,Right Tree Right Place,,SDG&E,2024,v3.2,Petition amendment R0,TN16400_20250728T143441_SDGE_2025_Petition_to_Amend_Tables_1_11_and_12_R0xlsx.xlsx,Table 11,88,Q88,https://efiling.energysafety.ca.gov/eFiling/Getfile.aspx?fileid=56226&shareable=true
T11R-56939d306641feb9,T11-110344db48989f,,3110000108,component_of_v4_tracking_id_group,WMP.1326,WMP.1325;WMP.1326,Vegetation Management and Inspections,Defensible Space,,CAPEX,Territory,$ Thousands,0,NA,NA,2019,NA,NA,NA,NA,NA,Community Tree Rebate Program,,SDG&E,2024,v3.2,Petition amendment R0,TN16400_20250728T143441_SDGE_2025_Petition_to_Amend_Tables_1_11_and_12_R0xlsx.xlsx,Table 11,89,N89,https://efiling.energysafety.ca.gov/eFiling/Getfile.aspx?fileid=56226&shareable=true
T11R-5ac6ed0ae288c9a8,T11-110344db48989f,,3110000109,component_of_v4_tracking_id_group,WMP.1326,WMP.1325;WMP.1326,Vegetation Management and Inspections,Defensible Space,,CAPEX,HFTD,$ Thousands,0,NA,NA,2019,NA,NA,NA,NA,NA,Community Tree Rebate Program,,SDG&E,2024,v3.2,Petition amendment R0,TN16400_20250728T143441_SDGE_2025_Petition_to_Amend_Tables_1_11_and_12_R0xlsx.xlsx,Table 11,89,O89,https://efiling.energysafety.ca.gov/eFiling/Getfile.aspx?fileid=56226&shareable=true
T11R-afb2d3e2fc02128f,T11-110344db48989f,,3110000110,component_of_v4_tracking_id_group,WMP.1326,WMP.1325;WMP.1326,Vegetation Management and Inspections,Defensible Space,,OPEX,Territory,$ Thousands,0,NA,NA,2019,NA,NA,NA,NA,NA,Community Tree Rebate Program,,SDG&E,2024,v3.2,Petition amendment R0,TN16400_20250728T143441_SDGE_2025_Petition_to_Amend_Tables_1_11_and_12_R0xlsx.xlsx,Table 11,89,P89,https://efiling.energysafety.ca.gov/eFiling/Getfile.aspx?fileid=56226&shareable=true
T11R-4f9182ff1cc48802,T11-110344db48989f,,3110000111,component_of_v4_tracking_id_group,WMP.1326,WMP.1325;WMP.1326,Vegetation Management and Inspections,Defensible Space,,OPEX,HFTD,$ Thousands,0,NA,NA,2019,NA,NA,NA,NA,NA,Community Tree Rebate Program,,SDG&E,2024,v3.2,Petition amendment R0,TN16400_20250728T143441_SDGE_2025_Petition_to_Amend_Tables_1_11_and_12_R0xlsx.xlsx,Table 11,89,Q89,https://efiling.energysafety.ca.gov/eFiling/Getfile.aspx?fileid=56226&shareable=true
T11R-31fafbcdd9614117,T11-f654ca05889ca0,,3110000176,component_of_v4_tracking_id_group,WMP.519,WMP.511;WMP.519,Enterprise Systems,Enterprise Systems Development,,CAPEX,Territory,$ Thousands,7758.6880931079995,,,,,,,,,Centralized repository for data,,SDG&E,2024,v3.2,Petition amendment R0,TN16400_20250728T143441_SDGE_2025_Petition_to_Amend_Tables_1_11_and_12_R0xlsx.xlsx,Table 11,90,N90,https://efiling.energysafety.ca.gov/eFiling/Getfile.aspx?fileid=56226&shareable=true
T11R-0b170cfda3e75a05,T11-f654ca05889ca0,,3110000177,component_of_v4_tracking_id_group,WMP.519,WMP.511;WMP.519,Enterprise Systems,Enterprise Systems Development,,CAPEX,HFTD,$ Thousands,7758.6880931079995,,,,,,,,,Centralized repository for data,,SDG&E,2024,v3.2,Petition amendment R0,TN16400_20250728T143441_SDGE_2025_Petition_to_Amend_Tables_1_11_and_12_R0xlsx.xlsx,Table 11,90,O90,https://efiling.energysafety.ca.gov/eFiling/Getfile.aspx?fileid=56226&shareable=true
T11R-58d5bc0ec5ad3a72,T11-f654ca05889ca0,,3110000178,component_of_v4_tracking_id_group,WMP.519,WMP.511;WMP.519,Enterprise Systems,Enterprise Systems Development,,OPEX,Territory,$ Thousands,1284,,,,,,,,,Centralized repository for data,,SDG&E,2024,v3.2,Petition amendment R0,TN16400_20250728T143441_SDGE_2025_Petition_to_Amend_Tables_1_11_and_12_R0xlsx.xlsx,Table 11,90,P90,https://efiling.energysafety.ca.gov/eFiling/Getfile.aspx?fileid=56226&shareable=true
T11R-cd1d2d81fb415d36,T11-f654ca05889ca0,,3110000179,component_of_v4_tracking_id_group,WMP.519,WMP.511;WMP.519,Enterprise Systems,Enterprise Systems Development,,OPEX,HFTD,$ Thousands,1284,,,,,,,,,Centralized repository for data,,SDG&E,2024,v3.2,Petition amendment R0,TN16400_20250728T143441_SDGE_2025_Petition_to_Amend_Tables_1_11_and_12_R0xlsx.xlsx,Table 11,90,Q90,https://efiling.energysafety.ca.gov/eFiling/Getfile.aspx?fileid=56226&shareable=true
T11R-330427399234a329,T11-d46a273ba13dc1,,3110000000,component_of_v4_tracking_id_group,WMP.442,WMP.442,Risk Methodology and Assessment,Risk Methodology and Assessment (Initiative),,CAPEX,Territory,$ Thousands,0,,,,,,,,,A summarized risk map that shows the overall ignition probability and estimated wildfire consequence along the electric lines and equipment (WiNGS),,SDG&E,2024,v3.2,Petition amendment R0,TN16400_20250728T143441_SDGE_2025_Petition_to_Amend_Tables_1_11_and_12_R0xlsx.xlsx,Table 11,91,N91,https://efiling.energysafety.ca.gov/eFiling/Getfile.aspx?fileid=56226&shareable=true
T11R-bce9e33c5c8dbe69,T11-d46a273ba13dc1,,3110000001,component_of_v4_tracking_id_group,WMP.442,WMP.442,Risk Methodology and Assessment,Risk Methodology and Assessment (Initiative),,CAPEX,HFTD,$ Thousands,0,,,,,,,,,A summarized risk map that shows the overall ignition probability and estimated wildfire consequence along the electric lines and equipment (WiNGS),,SDG&E,2024,v3.2,Petition amendment R0,TN16400_20250728T143441_SDGE_2025_Petition_to_Amend_Tables_1_11_and_12_R0xlsx.xlsx,Table 11,91,O91,https://efiling.energysafety.ca.gov/eFiling/Getfile.aspx?fileid=56226&shareable=true
T11R-f73cc53efdbd4e02,T11-d46a273ba13dc1,,3110000002,component_of_v4_tracking_id_group,WMP.442,WMP.442,Risk Methodology and Assessment,Risk Methodology and Assessment (Initiative),,OPEX,Territory,$ Thousands,4573,,,,,,,,,A summarized risk map that shows the overall ignition probability and estimated wildfire consequence along the electric lines and equipment (WiNGS),,SDG&E,2024,v3.2,Petition amendment R0,TN16400_20250728T143441_SDGE_2025_Petition_to_Amend_Tables_1_11_and_12_R0xlsx.xlsx,Table 11,91,P91,https://efiling.energysafety.ca.gov/eFiling/Getfile.aspx?fileid=56226&shareable=true
T11R-4b5e0a8f7c9a1613,T11-d46a273ba13dc1,,3110000003,component_of_v4_tracking_id_group,WMP.442,WMP.442,Risk Methodology and Assessment,Risk Methodology and Assessment (Initiative),,OPEX,HFTD,$ Thousands,4573,,,,,,,,,A summarized risk map that shows the overall ignition probability and estimated wildfire consequence along the electric lines and equipment (WiNGS),,SDG&E,2024,v3.2,Petition amendment R0,TN16400_20250728T143441_SDGE_2025_Petition_to_Amend_Tables_1_11_and_12_R0xlsx.xlsx,Table 11,91,Q91,https://efiling.energysafety.ca.gov/eFiling/Getfile.aspx?fileid=56226&shareable=true
T11R-684fca4b1481b75e,T11-ae8cea644ba33c,,3110000004,component_of_v4_tracking_id_group,WMP.521,WMP.521;WMP.523,Wildfire Mitigation Strategy,Wildfire Mitigation Strategy Development,,CAPEX,Territory,$ Thousands,0,,,,,,,,,Documentation and disclosure of wildfire-related data and algorithms,,SDG&E,2024,v3.2,Petition amendment R0,TN16400_20250728T143441_SDGE_2025_Petition_to_Amend_Tables_1_11_and_12_R0xlsx.xlsx,Table 11,92,N92,https://efiling.energysafety.ca.gov/eFiling/Getfile.aspx?fileid=56226&shareable=true
T11R-ff844d817d3a0fd5,T11-ae8cea644ba33c,,3110000005,component_of_v4_tracking_id_group,WMP.521,WMP.521;WMP.523,Wildfire Mitigation Strategy,Wildfire Mitigation Strategy Development,,CAPEX,HFTD,$ Thousands,0,,,,,,,,,Documentation and disclosure of wildfire-related data and algorithms,,SDG&E,2024,v3.2,Petition amendment R0,TN16400_20250728T143441_SDGE_2025_Petition_to_Amend_Tables_1_11_and_12_R0xlsx.xlsx,Table 11,92,O92,https://efiling.energysafety.ca.gov/eFiling/Getfile.aspx?fileid=56226&shareable=true
T11R-e4c638a4d72510fd,T11-ae8cea644ba33c,,3110000006,component_of_v4_tracking_id_group,WMP.521,WMP.521;WMP.523,Wildfire Mitigation Strategy,Wildfire Mitigation Strategy Development,,OPEX,Territory,$ Thousands,0,,,,,,,,,Documentation and disclosure of wildfire-related data and algorithms,,SDG&E,2024,v3.2,Petition amendment R0,TN16400_20250728T143441_SDGE_2025_Petition_to_Amend_Tables_1_11_and_12_R0xlsx.xlsx,Table 11,92,P92,https://efiling.energysafety.ca.gov/eFiling/Getfile.aspx?fileid=56226&shareable=true
T11R-36deca2b2b2549ea,T11-ae8cea644ba33c,,3110000007,component_of_v4_tracking_id_group,WMP.521,WMP.521;WMP.523,Wildfire Mitigation Strategy,Wildfire Mitigation Strategy Development,,OPEX,HFTD,$ Thousands,0,,,,,,,,,Documentation and disclosure of wildfire-related data and algorithms,,SDG&E,2024,v3.2,Petition amendment R0,TN16400_20250728T143441_SDGE_2025_Petition_to_Amend_Tables_1_11_and_12_R0xlsx.xlsx,Table 11,92,Q92,https://efiling.energysafety.ca.gov/eFiling/Getfile.aspx?fileid=56226&shareable=true
T11R-315a5ae195aa6c2c,T11-ae8cea644ba33c,,3110000004,component_of_v4_tracking_id_group,WMP.523,WMP.521;WMP.523,Wildfire Mitigation Strategy,Wildfire Mitigation Strategy Development,,CAPEX,Territory,$ Thousands,2303.2344371392005,,,,,,,,,Allocation methodology development and application,,SDG&E,2024,v3.2,Petition amendment R0,TN16400_20250728T143441_SDGE_2025_Petition_to_Amend_Tables_1_11_and_12_R0xlsx.xlsx,Table 11,93,N93,https://efiling.energysafety.ca.gov/eFiling/Getfile.aspx?fileid=56226&shareable=true
T11R-ab7ed08f15a75f38,T11-ae8cea644ba33c,,3110000005,component_of_v4_tracking_id_group,WMP.523,WMP.521;WMP.523,Wildfire Mitigation Strategy,Wildfire Mitigation Strategy Development,,CAPEX,HFTD,$ Thousands,2303.2344371392005,,,,,,,,,Allocation methodology development and application,,SDG&E,2024,v3.2,Petition amendment R0,TN16400_20250728T143441_SDGE_2025_Petition_to_Amend_Tables_1_11_and_12_R0xlsx.xlsx,Table 11,93,O93,https://efiling.energysafety.ca.gov/eFiling/Getfile.aspx?fileid=56226&shareable=true
T11R-57af9cc0f1fa036e,T11-ae8cea644ba33c,,3110000006,component_of_v4_tracking_id_group,WMP.523,WMP.521;WMP.523,Wildfire Mitigation Strategy,Wildfire Mitigation Strategy Development,,OPEX,Territory,$ Thousands,3476,,,,,,,,,Allocation methodology development and application,,SDG&E,2024,v3.2,Petition amendment R0,TN16400_20250728T143441_SDGE_2025_Petition_to_Amend_Tables_1_11_and_12_R0xlsx.xlsx,Table 11,93,P93,https://efiling.energysafety.ca.gov/eFiling/Getfile.aspx?fileid=56226&shareable=true
T11R-6026fb3400fe77f7,T11-ae8cea644ba33c,,3110000007,component_of_v4_tracking_id_group,WMP.523,WMP.521;WMP.523,Wildfire Mitigation Strategy,Wildfire Mitigation Strategy Development,,OPEX,HFTD,$ Thousands,3476,,,,,,,,,Allocation methodology development and application,,SDG&E,2024,v3.2,Petition amendment R0,TN16400_20250728T143441_SDGE_2025_Petition_to_Amend_Tables_1_11_and_12_R0xlsx.xlsx,Table 11,93,Q93,https://efiling.energysafety.ca.gov/eFiling/Getfile.aspx?fileid=56226&shareable=true
T11R-ee5a84fd93543e1c,T11-d46a273ba13dc1,3110000000,3110000000,v4_native,,WMP.442,Risk Methodology and Assessment,Risk Methodology and Assessment (Initiative),,CAPEX,Territory,$ Thousands,2982.1444808640003,,,,2024 GRC,WMPMA,,,,WMP.0442-Risk Methodology and Assessment,Not Applicable,SDG&E,2025,v4.01 Annual-EOY,Annual-EOY,SDGE_2025_EOY_table11.xlsx,Table11,2,U2,https://efiling.energysafety.ca.gov/eFiling/Getfile.aspx?fileid=58132&shareable=true
T11R-655a7e659c5b71eb,T11-d46a273ba13dc1,3110000001,3110000001,v4_native,,WMP.442,Risk Methodology and Assessment,Risk Methodology and Assessment (Initiative),,CAPEX,HFTD,$ Thousands,2982.1444808640003,,,,2024 GRC,WMPMA,,,,WMP.0442-Risk Methodology and Assessment,Not Applicable,SDG&E,2025,v4.01 Annual-EOY,Annual-EOY,SDGE_2025_EOY_table11.xlsx,Table11,3,U3,https://efiling.energysafety.ca.gov/eFiling/Getfile.aspx?fileid=58132&shareable=true
T11R-8fff70301ae0539d,T11-d46a273ba13dc1,3110000002,3110000002,v4_native,,WMP.442,Risk Methodology and Assessment,Risk Methodology and Assessment (Initiative),,OPEX,Territory,$ Thousands,4109.391769999999,,,,2024 GRC,WMPMA,,,,WMP.0442-Risk Methodology and Assessment,Not Applicable,SDG&E,2025,v4.01 Annual-EOY,Annual-EOY,SDGE_2025_EOY_table11.xlsx,Table11,4,U4,https://efiling.energysafety.ca.gov/eFiling/Getfile.aspx?fileid=58132&shareable=true
T11R-8f120be193622676,T11-d46a273ba13dc1,3110000003,3110000003,v4_native,,WMP.442,Risk Methodology and Assessment,Risk Methodology and Assessment (Initiative),,OPEX,HFTD,$ Thousands,4109.391769999999,,,,2024 GRC,WMPMA,,,,WMP.0442-Risk Methodology and Assessment,Not Applicable,SDG&E,2025,v4.01 Annual-EOY,Annual-EOY,SDGE_2025_EOY_table11.xlsx,Table11,5,U5,https://efiling.energysafety.ca.gov/eFiling/Getfile.aspx?fileid=58132&shareable=true
T11R-bc2f6bfa18d45fe3,T11-ae8cea644ba33c,3110000004,3110000004,v4_native,,WMP.521;WMP.523,Wildfire Mitigation Strategy,Wildfire Mitigation Strategy Development,,CAPEX,Territory,$ Thousands,0,,,,2024 GRC,WMPMA,,,,WMP.521-Documentation and disclosure of wildfire-related data and algorithms;WMP.0523-Wildfire Mitigation Strategy Development,Not Applicable,SDG&E,2025,v4.01 Annual-EOY,Annual-EOY,SDGE_2025_EOY_table11.xlsx,Table11,6,U6,https://efiling.energysafety.ca.gov/eFiling/Getfile.aspx?fileid=58132&shareable=true
T11R-875f5fab6bfc8062,T11-ae8cea644ba33c,3110000005,3110000005,v4_native,,WMP.521;WMP.523,Wildfire Mitigation Strategy,Wildfire Mitigation Strategy Development,,CAPEX,HFTD,$ Thousands,0,,,,2024 GRC,WMPMA,,,,WMP.521-Documentation and disclosure of wildfire-related data and algorithms;WMP.0523-Wildfire Mitigation Strategy Development,Not Applicable,SDG&E,2025,v4.01 Annual-EOY,Annual-EOY,SDGE_2025_EOY_table11.xlsx,Table11,7,U7,https://efiling.energysafety.ca.gov/eFiling/Getfile.aspx?fileid=58132&shareable=true
T11R-5ffa8b5ccf621738,T11-ae8cea644ba33c,3110000006,3110000006,v4_native,,WMP.521;WMP.523,Wildfire Mitigation Strategy,Wildfire Mitigation Strategy Development,,OPEX,Territory,$ Thousands,2566.9413900000004,,,,2024 GRC,WMPMA,,,,WMP.521-Documentation and disclosure of wildfire-related data and algorithms;WMP.0523-Wildfire Mitigation Strategy Development,Not Applicable,SDG&E,2025,v4.01 Annual-EOY,Annual-EOY,SDGE_2025_EOY_table11.xlsx,Table11,8,U8,https://efiling.energysafety.ca.gov/eFiling/Getfile.aspx?fileid=58132&shareable=true
T11R-db61bd6877be6d47,T11-ae8cea644ba33c,3110000007,3110000007,v4_native,,WMP.521;WMP.523,Wildfire Mitigation Strategy,Wildfire Mitigation Strategy Development,,OPEX,HFTD,$ Thousands,2566.9413900000004,,,,2024 GRC,WMPMA,,,,WMP.521-Documentation and disclosure of wildfire-related data and algorithms;WMP.0523-Wildfire Mitigation Strategy Development,Not Applicable,SDG&E,2025,v4.01 Annual-EOY,Annual-EOY,SDGE_2025_EOY_table11.xlsx,Table11,9,U9,https://efiling.energysafety.ca.gov/eFiling/Getfile.aspx?fileid=58132&shareable=true
T11R-16fc600e37e7ec87,T11-172505285c90ce,3110000008,3110000008,v4_native,,WMP.455,"Grid Design, Operations, and Maintenance",Grid Design and System Hardening,Covered conductor installation,CAPEX,Territory,$ Thousands,88203.55095392399,Other contact with object,Equipment failure,2020,2024 GRC,WMPMA,Exceeds,G.O. 95,,WMP.0455-Combined Covered Conductor,Not Applicable,SDG&E,2025,v4.01 Annual-EOY,Annual-EOY,SDGE_2025_EOY_table11.xlsx,Table11,10,U10,https://efiling.energysafety.ca.gov/eFiling/Getfile.aspx?fileid=58132&shareable=true
T11R-426f371bbcdd924b,T11-172505285c90ce,3110000009,3110000009,v4_native,,WMP.455,"Grid Design, Operations, and Maintenance",Grid Design and System Hardening,Covered conductor installation,CAPEX,HFTD,$ Thousands,88203.55095392399,Other contact with object,Equipment failure,2020,2024 GRC,WMPMA,Exceeds,G.O. 95,,WMP.0455-Combined Covered Conductor,Not Applicable,SDG&E,2025,v4.01 Annual-EOY,Annual-EOY,SDGE_2025_EOY_table11.xlsx,Table11,11,U11,https://efiling.energysafety.ca.gov/eFiling/Getfile.aspx?fileid=58132&shareable=true
T11R-7af13e3f6c5d2b2e,T11-172505285c90ce,3110000010,3110000010,v4_native,,WMP.455,"Grid Design, Operations, and Maintenance",Grid Design and System Hardening,Covered conductor installation,OPEX,Territory,$ Thousands,4297.88351,Other contact with object,Equipment failure,2020,2024 GRC,WMPMA,Exceeds,G.O. 95,,WMP.0455-Combined Covered Conductor,Not Applicable,SDG&E,2025,v4.01 Annual-EOY,Annual-EOY,SDGE_2025_EOY_table11.xlsx,Table11,12,U12,https://efiling.energysafety.ca.gov/eFiling/Getfile.aspx?fileid=58132&shareable=true
T11R-4106a385a8e3bc54,T11-172505285c90ce,3110000011,3110000011,v4_native,,WMP.455,"Grid Design, Operations, and Maintenance",Grid Design and System Hardening,Covered conductor installation,OPEX,HFTD,$ Thousands,4297.88351,Other contact with object,Equipment failure,2020,2024 GRC,WMPMA,Exceeds,G.O. 95,,WMP.0455-Combined Covered Conductor,Not Applicable,SDG&E,2025,v4.01 Annual-EOY,Annual-EOY,SDGE_2025_EOY_table11.xlsx,Table11,13,U13,https://efiling.energysafety.ca.gov/eFiling/Getfile.aspx?fileid=58132&shareable=true
T11R-8a464b3b729fc63a,T11-8c24c165cf2963,3110000012,3110000012,v4_native,,WMP.473,"Grid Design, Operations, and Maintenance",Grid Design and System Hardening,Undergrounding of electric lines and/or equipment,CAPEX,Territory,$ Thousands,86113.61457243848,Other contact with object,Equipment failure,2019,2024 GRC,WMPMA,Exceeds,G.O. 95,,WMP.0473-Strategic Undergrounding,Not Applicable,SDG&E,2025,v4.01 Annual-EOY,Annual-EOY,SDGE_2025_EOY_table11.xlsx,Table11,14,U14,https://efiling.energysafety.ca.gov/eFiling/Getfile.aspx?fileid=58132&shareable=true
T11R-816783a14c943286,T11-8c24c165cf2963,3110000013,3110000013,v4_native,,WMP.473,"Grid Design, Operations, and Maintenance",Grid Design and System Hardening,Undergrounding of electric lines and/or equipment,CAPEX,HFTD,$ Thousands,86113.61457243848,Other contact with object,Equipment failure,2019,2024 GRC,WMPMA,Exceeds,G.O. 95,,WMP.0473-Strategic Undergrounding,Not Applicable,SDG&E,2025,v4.01 Annual-EOY,Annual-EOY,SDGE_2025_EOY_table11.xlsx,Table11,15,U15,https://efiling.energysafety.ca.gov/eFiling/Getfile.aspx?fileid=58132&shareable=true
T11R-dda1d7d186210cb3,T11-8c24c165cf2963,3110000014,3110000014,v4_native,,WMP.473,"Grid Design, Operations, and Maintenance",Grid Design and System Hardening,Undergrounding of electric lines and/or equipment,OPEX,Territory,$ Thousands,2637.3652300000003,Other contact with object,Equipment failure,2019,2024 GRC,WMPMA,Exceeds,G.O. 95,,WMP.0473-Strategic Undergrounding,Not Applicable,SDG&E,2025,v4.01 Annual-EOY,Annual-EOY,SDGE_2025_EOY_table11.xlsx,Table11,16,U16,https://efiling.energysafety.ca.gov/eFiling/Getfile.aspx?fileid=58132&shareable=true
T11R-433ffacb78d06fd2,T11-8c24c165cf2963,3110000015,3110000015,v4_native,,WMP.473,"Grid Design, Operations, and Maintenance",Grid Design and System Hardening,Undergrounding of electric lines and/or equipment,OPEX,HFTD,$ Thousands,2637.3652300000003,Other contact with object,Equipment failure,2019,2024 GRC,WMPMA,Exceeds,G.O. 95,,WMP.0473-Strategic Undergrounding,Not Applicable,SDG&E,2025,v4.01 Annual-EOY,Annual-EOY,SDGE_2025_EOY_table11.xlsx,Table11,17,U17,https://efiling.energysafety.ca.gov/eFiling/Getfile.aspx?fileid=58132&shareable=true
T11R-7dacee0a28a9cc1d,T11-faface135e2c53,3110000016,3110000016,v4_native,,WMP.458,"Grid Design, Operations, and Maintenance",Grid Design and System Hardening,Distribution pole replacements and reinforcements,CAPEX,Territory,$ Thousands,,Equipment failure,Equipment failure,,,,,,,WMP.458-Distribution pole replacements and reinforcements,Not Applicable,SDG&E,2025,v4.01 Annual-EOY,Annual-EOY,SDGE_2025_EOY_table11.xlsx,Table11,18,U18,https://efiling.energysafety.ca.gov/eFiling/Getfile.aspx?fileid=58132&shareable=true
T11R-39dedf4e475afe06,T11-faface135e2c53,3110000017,3110000017,v4_native,,WMP.458,"Grid Design, Operations, and Maintenance",Grid Design and System Hardening,Distribution pole replacements and reinforcements,CAPEX,HFTD,$ Thousands,,Equipment failure,Equipment failure,,,,,,,WMP.458-Distribution pole replacements and reinforcements,Not Applicable,SDG&E,2025,v4.01 Annual-EOY,Annual-EOY,SDGE_2025_EOY_table11.xlsx,Table11,19,U19,https://efiling.energysafety.ca.gov/eFiling/Getfile.aspx?fileid=58132&shareable=true
T11R-98e157280037f888,T11-faface135e2c53,3110000018,3110000018,v4_native,,WMP.458,"Grid Design, Operations, and Maintenance",Grid Design and System Hardening,Distribution pole replacements and reinforcements,OPEX,Territory,$ Thousands,,Equipment failure,Equipment failure,,,,,,,WMP.458-Distribution pole replacements and reinforcements,Not Applicable,SDG&E,2025,v4.01 Annual-EOY,Annual-EOY,SDGE_2025_EOY_table11.xlsx,Table11,20,U20,https://efiling.energysafety.ca.gov/eFiling/Getfile.aspx?fileid=58132&shareable=true
T11R-41648f07a7fd9621,T11-faface135e2c53,3110000019,3110000019,v4_native,,WMP.458,"Grid Design, Operations, and Maintenance",Grid Design and System Hardening,Distribution pole replacements and reinforcements,OPEX,HFTD,$ Thousands,,Equipment failure,Equipment failure,,,,,,,WMP.458-Distribution pole replacements and reinforcements,Not Applicable,SDG&E,2025,v4.01 Annual-EOY,Annual-EOY,SDGE_2025_EOY_table11.xlsx,Table11,21,U21,https://efiling.energysafety.ca.gov/eFiling/Getfile.aspx?fileid=58132&shareable=true
T11R-16093d57dde6b79e,T11-1038b7650a835b,3110000020,3110000020,v4_native,,WMP.472,"Grid Design, Operations, and Maintenance",Grid Design and System Hardening,Transmission pole/tower replacements and reinforcements,CAPEX,Territory,$ Thousands,,Equipment failure,Equipment failure,,,,,,,WMP.472-Transmission pole/tower replacements and reinforcements,Not Applicable,SDG&E,2025,v4.01 Annual-EOY,Annual-EOY,SDGE_2025_EOY_table11.xlsx,Table11,22,U22,https://efiling.energysafety.ca.gov/eFiling/Getfile.aspx?fileid=58132&shareable=true
T11R-503690d88924d09c,T11-1038b7650a835b,3110000021,3110000021,v4_native,,WMP.472,"Grid Design, Operations, and Maintenance",Grid Design and System Hardening,Transmission pole/tower replacements and reinforcements,CAPEX,HFTD,$ Thousands,,Equipment failure,Equipment failure,,,,,,,WMP.472-Transmission pole/tower replacements and reinforcements,Not Applicable,SDG&E,2025,v4.01 Annual-EOY,Annual-EOY,SDGE_2025_EOY_table11.xlsx,Table11,23,U23,https://efiling.energysafety.ca.gov/eFiling/Getfile.aspx?fileid=58132&shareable=true
T11R-af0fa6f1d4a4c256,T11-1038b7650a835b,3110000022,3110000022,v4_native,,WMP.472,"Grid Design, Operations, and Maintenance",Grid Design and System Hardening,Transmission pole/tower replacements and reinforcements,OPEX,Territory,$ Thousands,,Equipment failure,Equipment failure,,,,,,,WMP.472-Transmission pole/tower replacements and reinforcements,Not Applicable,SDG&E,2025,v4.01 Annual-EOY,Annual-EOY,SDGE_2025_EOY_table11.xlsx,Table11,24,U24,https://efiling.energysafety.ca.gov/eFiling/Getfile.aspx?fileid=58132&shareable=true
T11R-f639189b802a3b26,T11-1038b7650a835b,3110000023,3110000023,v4_native,,WMP.472,"Grid Design, Operations, and Maintenance",Grid Design and System Hardening,Transmission pole/tower replacements and reinforcements,OPEX,HFTD,$ Thousands,,Equipment failure,Equipment failure,,,,,,,WMP.472-Transmission pole/tower replacements and reinforcements,Not Applicable,SDG&E,2025,v4.01 Annual-EOY,Annual-EOY,SDGE_2025_EOY_table11.xlsx,Table11,25,U25,https://efiling.energysafety.ca.gov/eFiling/Getfile.aspx?fileid=58132&shareable=true
T11R-4972d4e0ac282914,T11-592d9fbc719dd1,3110000024,3110000024,v4_native,,WMP.1016;WMP.1017;WMP.475;WMP.543;WMP.545,"Grid Design, Operations, and Maintenance",Grid Design and System Hardening,Traditional overhead hardening,CAPEX,Territory,$ Thousands,6140.0573988880005,Equipment failure,Other contact with object,2009,2024 GRC,WMPMA,Exceeds,G.O. 95,,WMP.0475-Distribution Overhead System Hardening;WMP.0543-Transmission Overhead Hardening;WMP.0545-Transmission Overhead Hardening (Distribution Underbuild);WMP.1016-CNF(Distribution Underground);WMP.1017-CNF(Distribution Overhead),Not Applicable,SDG&E,2025,v4.01 Annual-EOY,Annual-EOY,SDGE_2025_EOY_table11.xlsx,Table11,26,U26,https://efiling.energysafety.ca.gov/eFiling/Getfile.aspx?fileid=58132&shareable=true
T11R-1d4ded279b68e700,T11-592d9fbc719dd1,3110000025,3110000025,v4_native,,WMP.1016;WMP.1017;WMP.475;WMP.543;WMP.545,"Grid Design, Operations, and Maintenance",Grid Design and System Hardening,Traditional overhead hardening,CAPEX,HFTD,$ Thousands,6140,Equipment failure,Other contact with object,2009,2024 GRC,WMPMA,Exceeds,G.O. 95,,WMP.0475-Distribution Overhead System Hardening;WMP.0543-Transmission Overhead Hardening;WMP.0545-Transmission Overhead Hardening (Distribution Underbuild);WMP.1016-CNF(Distribution Underground);WMP.1017-CNF(Distribution Overhead),Not Applicable,SDG&E,2025,v4.01 Annual-EOY,Annual-EOY,SDGE_2025_EOY_table11.xlsx,Table11,27,U27,https://efiling.energysafety.ca.gov/eFiling/Getfile.aspx?fileid=58132&shareable=true
T11R-0ad8049c3086388d,T11-592d9fbc719dd1,3110000026,3110000026,v4_native,,WMP.1016;WMP.1017;WMP.475;WMP.543;WMP.545,"Grid Design, Operations, and Maintenance",Grid Design and System Hardening,Traditional overhead hardening,OPEX,Territory,$ Thousands,4736.21653,Equipment failure,Other contact with object,2009,2024 GRC,WMPMA,Exceeds,G.O. 95,,WMP.0475-Distribution Overhead System Hardening;WMP.0543-Transmission Overhead Hardening;WMP.0545-Transmission Overhead Hardening (Distribution Underbuild);WMP.1016-CNF(Distribution Underground);WMP.1017-CNF(Distribution Overhead),Not Applicable,SDG&E,2025,v4.01 Annual-EOY,Annual-EOY,SDGE_2025_EOY_table11.xlsx,Table11,28,U28,https://efiling.energysafety.ca.gov/eFiling/Getfile.aspx?fileid=58132&shareable=true
T11R-eb902921893bde01,T11-592d9fbc719dd1,3110000027,3110000027,v4_native,,WMP.1016;WMP.1017;WMP.475;WMP.543;WMP.545,"Grid Design, Operations, and Maintenance",Grid Design and System Hardening,Traditional overhead hardening,OPEX,HFTD,$ Thousands,4736.21653,Equipment failure,Other contact with object,2009,2024 GRC,WMPMA,Exceeds,G.O. 95,,WMP.0475-Distribution Overhead System Hardening;WMP.0543-Transmission Overhead Hardening;WMP.0545-Transmission Overhead Hardening (Distribution Underbuild);WMP.1016-CNF(Distribution Underground);WMP.1017-CNF(Distribution Overhead),Not Applicable,SDG&E,2025,v4.01 Annual-EOY,Annual-EOY,SDGE_2025_EOY_table11.xlsx,Table11,29,U29,https://efiling.energysafety.ca.gov/eFiling/Getfile.aspx?fileid=58132&shareable=true
T11R-ff7979eda4dc1f09,T11-c7e4a98e477598,3110000028,3110000028,v4_native,,,"Grid Design, Operations, and Maintenance",Grid Design and System Hardening,Emerging grid hardening technology installations and pilots,CAPEX,Territory,$ Thousands,,,,,,,,,,,Not Applicable,SDG&E,2025,v4.01 Annual-EOY,Annual-EOY,SDGE_2025_EOY_table11.xlsx,Table11,30,U30,https://efiling.energysafety.ca.gov/eFiling/Getfile.aspx?fileid=58132&shareable=true
T11R-84954fcad5c40fac,T11-c7e4a98e477598,3110000029,3110000029,v4_native,,,"Grid Design, Operations, and Maintenance",Grid Design and System Hardening,Emerging grid hardening technology installations and pilots,CAPEX,HFTD,$ Thousands,,,,,,,,,,,Not Applicable,SDG&E,2025,v4.01 Annual-EOY,Annual-EOY,SDGE_2025_EOY_table11.xlsx,Table11,31,U31,https://efiling.energysafety.ca.gov/eFiling/Getfile.aspx?fileid=58132&shareable=true
T11R-d276f51b9c81abf8,T11-c7e4a98e477598,3110000030,3110000030,v4_native,,,"Grid Design, Operations, and Maintenance",Grid Design and System Hardening,Emerging grid hardening technology installations and pilots,OPEX,Territory,$ Thousands,,,,,,,,,,,Not Applicable,SDG&E,2025,v4.01 Annual-EOY,Annual-EOY,SDGE_2025_EOY_table11.xlsx,Table11,32,U32,https://efiling.energysafety.ca.gov/eFiling/Getfile.aspx?fileid=58132&shareable=true
T11R-27302866fe8d6788,T11-c7e4a98e477598,3110000031,3110000031,v4_native,,,"Grid Design, Operations, and Maintenance",Grid Design and System Hardening,Emerging grid hardening technology installations and pilots,OPEX,HFTD,$ Thousands,,,,,,,,,,,Not Applicable,SDG&E,2025,v4.01 Annual-EOY,Annual-EOY,SDGE_2025_EOY_table11.xlsx,Table11,33,U33,https://efiling.energysafety.ca.gov/eFiling/Getfile.aspx?fileid=58132&shareable=true
T11R-d786e1e0e1777635,T11-c76bdf0f064121,3110000032,3110000032,v4_native,,WMP.462,"Grid Design, Operations, and Maintenance",Grid Design and System Hardening,Microgrids,CAPEX,Territory,$ Thousands,861.5618724440002,"PSPS - for sectionalization, etc.",,2019,2024 GRC,WMPMA,Exceeds,P.U. Code § 451,,WMP.0462-Microgrids,Not Applicable,SDG&E,2025,v4.01 Annual-EOY,Annual-EOY,SDGE_2025_EOY_table11.xlsx,Table11,34,U34,https://efiling.energysafety.ca.gov/eFiling/Getfile.aspx?fileid=58132&shareable=true
T11R-1f222b2117368de1,T11-c76bdf0f064121,3110000033,3110000033,v4_native,,WMP.462,"Grid Design, Operations, and Maintenance",Grid Design and System Hardening,Microgrids,CAPEX,HFTD,$ Thousands,861.5618724440002,"PSPS - for sectionalization, etc.",,2019,2024 GRC,WMPMA,Exceeds,P.U. Code § 451,,WMP.0462-Microgrids,Not Applicable,SDG&E,2025,v4.01 Annual-EOY,Annual-EOY,SDGE_2025_EOY_table11.xlsx,Table11,35,U35,https://efiling.energysafety.ca.gov/eFiling/Getfile.aspx?fileid=58132&shareable=true
T11R-88445fc819ea31e7,T11-c76bdf0f064121,3110000034,3110000034,v4_native,,WMP.462,"Grid Design, Operations, and Maintenance",Grid Design and System Hardening,Microgrids,OPEX,Territory,$ Thousands,1296.6134,"PSPS - for sectionalization, etc.",,2019,2024 GRC,WMPMA,Exceeds,P.U. Code § 451,,WMP.0462-Microgrids,Not Applicable,SDG&E,2025,v4.01 Annual-EOY,Annual-EOY,SDGE_2025_EOY_table11.xlsx,Table11,36,U36,https://efiling.energysafety.ca.gov/eFiling/Getfile.aspx?fileid=58132&shareable=true
T11R-3ebb2160a0dfd230,T11-c76bdf0f064121,3110000035,3110000035,v4_native,,WMP.462,"Grid Design, Operations, and Maintenance",Grid Design and System Hardening,Microgrids,OPEX,HFTD,$ Thousands,1296.6134,"PSPS - for sectionalization, etc.",,2019,2024 GRC,WMPMA,Exceeds,P.U. Code § 451,,WMP.0462-Microgrids,Not Applicable,SDG&E,2025,v4.01 Annual-EOY,Annual-EOY,SDGE_2025_EOY_table11.xlsx,Table11,37,U37,https://efiling.energysafety.ca.gov/eFiling/Getfile.aspx?fileid=58132&shareable=true
T11R-bcd718757f66ed15,T11-24ae7b7643ba60,3110000036,3110000036,v4_native,,WMP.463;WMP.549,"Grid Design, Operations, and Maintenance",Grid Design and System Hardening,Installation of system automation equipment,CAPEX,Territory,$ Thousands,18107.25832528952,"PSPS - for sectionalization, etc.;Wildfire Exposure",,2011;2023,2024 GRC,WMPMA,Exceeds,P.U. Code § 451,,WMP.0463-Advanced Protection;WMP.0549-Distribution Communications Reliability Improvements,Not Applicable,SDG&E,2025,v4.01 Annual-EOY,Annual-EOY,SDGE_2025_EOY_table11.xlsx,Table11,38,U38,https://efiling.energysafety.ca.gov/eFiling/Getfile.aspx?fileid=58132&shareable=true
T11R-7c7cc44aebb90119,T11-24ae7b7643ba60,3110000037,3110000037,v4_native,,WMP.463;WMP.549,"Grid Design, Operations, and Maintenance",Grid Design and System Hardening,Installation of system automation equipment,CAPEX,HFTD,$ Thousands,18107.25832528952,"PSPS - for sectionalization, etc.;Wildfire Exposure",,2011;2023,2024 GRC,WMPMA,Exceeds,P.U. Code § 451,,WMP.0463-Advanced Protection;WMP.0549-Distribution Communications Reliability Improvements,Not Applicable,SDG&E,2025,v4.01 Annual-EOY,Annual-EOY,SDGE_2025_EOY_table11.xlsx,Table11,39,U39,https://efiling.energysafety.ca.gov/eFiling/Getfile.aspx?fileid=58132&shareable=true
T11R-de6ba8b2e90b478a,T11-24ae7b7643ba60,3110000038,3110000038,v4_native,,WMP.463;WMP.549,"Grid Design, Operations, and Maintenance",Grid Design and System Hardening,Installation of system automation equipment,OPEX,Territory,$ Thousands,2335.379671714408,"PSPS - for sectionalization, etc.;Wildfire Exposure",,2011;2023,2024 GRC,WMPMA,Exceeds,P.U. Code § 451,,WMP.0463-Advanced Protection;WMP.0549-Distribution Communications Reliability Improvements,Not Applicable,SDG&E,2025,v4.01 Annual-EOY,Annual-EOY,SDGE_2025_EOY_table11.xlsx,Table11,40,U40,https://efiling.energysafety.ca.gov/eFiling/Getfile.aspx?fileid=58132&shareable=true
T11R-9049a285278c19d0,T11-24ae7b7643ba60,3110000039,3110000039,v4_native,,WMP.463;WMP.549,"Grid Design, Operations, and Maintenance",Grid Design and System Hardening,Installation of system automation equipment,OPEX,HFTD,$ Thousands,2335.36375,"PSPS - for sectionalization, etc.;Wildfire Exposure",,2011;2023,2024 GRC,WMPMA,Exceeds,P.U. Code § 451,,WMP.0463-Advanced Protection;WMP.0549-Distribution Communications Reliability Improvements,Not Applicable,SDG&E,2025,v4.01 Annual-EOY,Annual-EOY,SDGE_2025_EOY_table11.xlsx,Table11,41,U41,https://efiling.energysafety.ca.gov/eFiling/Getfile.aspx?fileid=58132&shareable=true
T11R-08b4c2b71043942d,T11-ce4e8bff50e93c,3110000040,3110000040,v4_native,,WMP.1202,"Grid Design, Operations, and Maintenance",Grid Design and System Hardening,Line removals (in HFTD),CAPEX,Territory,$ Thousands,,,,,,,,,,WMP.1202-Line Removals (HFTD),Not Applicable,SDG&E,2025,v4.01 Annual-EOY,Annual-EOY,SDGE_2025_EOY_table11.xlsx,Table11,42,U42,https://efiling.energysafety.ca.gov/eFiling/Getfile.aspx?fileid=58132&shareable=true
T11R-4a2ca0d801d8fc23,T11-ce4e8bff50e93c,3110000041,3110000041,v4_native,,WMP.1202,"Grid Design, Operations, and Maintenance",Grid Design and System Hardening,Line removals (in HFTD),CAPEX,HFTD,$ Thousands,,,,,,,,,,WMP.1202-Line Removals (HFTD),Not Applicable,SDG&E,2025,v4.01 Annual-EOY,Annual-EOY,SDGE_2025_EOY_table11.xlsx,Table11,43,U43,https://efiling.energysafety.ca.gov/eFiling/Getfile.aspx?fileid=58132&shareable=true
T11R-4f249a907d827554,T11-ce4e8bff50e93c,3110000042,3110000042,v4_native,,WMP.1202,"Grid Design, Operations, and Maintenance",Grid Design and System Hardening,Line removals (in HFTD),OPEX,Territory,$ Thousands,,,,,,,,,,WMP.1202-Line Removals (HFTD),Not Applicable,SDG&E,2025,v4.01 Annual-EOY,Annual-EOY,SDGE_2025_EOY_table11.xlsx,Table11,44,U44,https://efiling.energysafety.ca.gov/eFiling/Getfile.aspx?fileid=58132&shareable=true
T11R-994ff48a575989b7,T11-ce4e8bff50e93c,3110000043,3110000043,v4_native,,WMP.1202,"Grid Design, Operations, and Maintenance",Grid Design and System Hardening,Line removals (in HFTD),OPEX,HFTD,$ Thousands,,,,,,,,,,WMP.1202-Line Removals (HFTD),Not Applicable,SDG&E,2025,v4.01 Annual-EOY,Annual-EOY,SDGE_2025_EOY_table11.xlsx,Table11,45,U45,https://efiling.energysafety.ca.gov/eFiling/Getfile.aspx?fileid=58132&shareable=true
T11R-931c24725d92e8cb,T11-fdb22a97647512,3110000044,3110000044,v4_native,,WMP.1189;WMP.453;WMP.972,"Grid Design, Operations, and Maintenance",Grid Design and System Hardening,Other grid topology improvements to minimize risk of ignitions,CAPEX,Territory,$ Thousands,8454.056701316,Equipment failure,,2021,2024 GRC,WMPMA,Exceeds,G.O. 95,,WMP.0453-Capacitor maintenance and replacement program (SCADA);WMP.0972-Avian Protection; WMP.1189-Strategic Pole Remediation,Not Applicable,SDG&E,2025,v4.01 Annual-EOY,Annual-EOY,SDGE_2025_EOY_table11.xlsx,Table11,46,U46,https://efiling.energysafety.ca.gov/eFiling/Getfile.aspx?fileid=58132&shareable=true
T11R-b76ff2cc537a9b36,T11-fdb22a97647512,3110000045,3110000045,v4_native,,WMP.1189;WMP.453;WMP.972,"Grid Design, Operations, and Maintenance",Grid Design and System Hardening,Other grid topology improvements to minimize risk of ignitions,CAPEX,HFTD,$ Thousands,5010.491482448234,Equipment failure,,2021,2024 GRC,WMPMA,Exceeds,G.O. 95,,WMP.0453-Capacitor maintenance and replacement program (SCADA);WMP.0972-Avian Protection; WMP.1189-Strategic Pole Remediation,Not Applicable,SDG&E,2025,v4.01 Annual-EOY,Annual-EOY,SDGE_2025_EOY_table11.xlsx,Table11,47,U47,https://efiling.energysafety.ca.gov/eFiling/Getfile.aspx?fileid=58132&shareable=true
T11R-ab4d7ac1b22e412e,T11-fdb22a97647512,3110000046,3110000046,v4_native,,WMP.1189;WMP.453;WMP.972,"Grid Design, Operations, and Maintenance",Grid Design and System Hardening,Other grid topology improvements to minimize risk of ignitions,OPEX,Territory,$ Thousands,929.7768000000001,Equipment failure,,2021,2024 GRC,WMPMA,Exceeds,G.O. 95,,WMP.0453-Capacitor maintenance and replacement program (SCADA);WMP.0972-Avian Protection; WMP.1189-Strategic Pole Remediation,Not Applicable,SDG&E,2025,v4.01 Annual-EOY,Annual-EOY,SDGE_2025_EOY_table11.xlsx,Table11,48,U48,https://efiling.energysafety.ca.gov/eFiling/Getfile.aspx?fileid=58132&shareable=true
T11R-65497983d8ba2745,T11-fdb22a97647512,3110000047,3110000047,v4_native,,WMP.1189;WMP.453;WMP.972,"Grid Design, Operations, and Maintenance",Grid Design and System Hardening,Other grid topology improvements to minimize risk of ignitions,OPEX,HFTD,$ Thousands,569.0922096311845,Equipment failure,,2021,2024 GRC,WMPMA,Exceeds,G.O. 95,,WMP.0453-Capacitor maintenance and replacement program (SCADA);WMP.0972-Avian Protection; WMP.1189-Strategic Pole Remediation,Not Applicable,SDG&E,2025,v4.01 Annual-EOY,Annual-EOY,SDGE_2025_EOY_table11.xlsx,Table11,49,U49,https://efiling.energysafety.ca.gov/eFiling/Getfile.aspx?fileid=58132&shareable=true
T11R-40f55c89b6d19b0f,T11-98d6856c9a073e,3110000048,3110000048,v4_native,,WMP.461,"Grid Design, Operations, and Maintenance",Grid Design and System Hardening,Other grid topology improvements to mitigate or reduce PSPS events,CAPEX,Territory,$ Thousands,980.509589448,"PSPS - for sectionalization, etc.",,2019;2020;2020;2026,2024 GRC,WMPMA,Exceeds,G.O. 95;P.U. Code § 451,,WMP.0461-PSPS Sectionalizing Enhancements,Not Applicable,SDG&E,2025,v4.01 Annual-EOY,Annual-EOY,SDGE_2025_EOY_table11.xlsx,Table11,50,U50,https://efiling.energysafety.ca.gov/eFiling/Getfile.aspx?fileid=58132&shareable=true
T11R-2704a380538acfe0,T11-98d6856c9a073e,3110000049,3110000049,v4_native,,WMP.461,"Grid Design, Operations, and Maintenance",Grid Design and System Hardening,Other grid topology improvements to mitigate or reduce PSPS events,CAPEX,HFTD,$ Thousands,653.673059632,"PSPS - for sectionalization, etc.",,2019;2020;2020;2026,2024 GRC,WMPMA,Exceeds,G.O. 95;P.U. Code § 451,,WMP.0461-PSPS Sectionalizing Enhancements,Not Applicable,SDG&E,2025,v4.01 Annual-EOY,Annual-EOY,SDGE_2025_EOY_table11.xlsx,Table11,51,U51,https://efiling.energysafety.ca.gov/eFiling/Getfile.aspx?fileid=58132&shareable=true
T11R-0624107881051aab,T11-98d6856c9a073e,3110000050,3110000050,v4_native,,WMP.461,"Grid Design, Operations, and Maintenance",Grid Design and System Hardening,Other grid topology improvements to mitigate or reduce PSPS events,OPEX,Territory,$ Thousands,0,"PSPS - for sectionalization, etc.",,2019;2020;2020;2026,2024 GRC,WMPMA,Exceeds,G.O. 95;P.U. Code § 451,,WMP.0461-PSPS Sectionalizing Enhancements,Not Applicable,SDG&E,2025,v4.01 Annual-EOY,Annual-EOY,SDGE_2025_EOY_table11.xlsx,Table11,52,U52,https://efiling.energysafety.ca.gov/eFiling/Getfile.aspx?fileid=58132&shareable=true
T11R-5ee879230e12f4d1,T11-98d6856c9a073e,3110000051,3110000051,v4_native,,WMP.461,"Grid Design, Operations, and Maintenance",Grid Design and System Hardening,Other grid topology improvements to mitigate or reduce PSPS events,OPEX,HFTD,$ Thousands,0,"PSPS - for sectionalization, etc.",,2019;2020;2020;2026,2024 GRC,WMPMA,Exceeds,G.O. 95;P.U. Code § 451,,WMP.0461-PSPS Sectionalizing Enhancements,Not Applicable,SDG&E,2025,v4.01 Annual-EOY,Annual-EOY,SDGE_2025_EOY_table11.xlsx,Table11,53,U53,https://efiling.energysafety.ca.gov/eFiling/Getfile.aspx?fileid=58132&shareable=true
T11R-4937f8cfb07fd6f4,T11-a0f528d167ee38,3110000052,3110000052,v4_native,,WMP.466;WMP.467;WMP.468;WMP.558,"Grid Design, Operations, and Maintenance",Grid Design and System Hardening,Other technologies and systems not listed above,CAPEX,Territory,$ Thousands,0,"PSPS - for sectionalization, etc.;Wildfire Exposure",,2020,2024 GRC,WMPMA,Exceeds,G.O. 95;P.U. Code § 451,,WMP.0466-Generator Grant Program; WMP.0467-Generator Assistance Program; WMP.0468-Standby Power Programs; WMP.0558-Ignition Management Program,Not Applicable,SDG&E,2025,v4.01 Annual-EOY,Annual-EOY,SDGE_2025_EOY_table11.xlsx,Table11,54,U54,https://efiling.energysafety.ca.gov/eFiling/Getfile.aspx?fileid=58132&shareable=true
T11R-04c5bd474d86af87,T11-a0f528d167ee38,3110000053,3110000053,v4_native,,WMP.466;WMP.467;WMP.468;WMP.558,"Grid Design, Operations, and Maintenance",Grid Design and System Hardening,Other technologies and systems not listed above,CAPEX,HFTD,$ Thousands,0,"PSPS - for sectionalization, etc.;Wildfire Exposure",,2020,2024 GRC,WMPMA,Exceeds,G.O. 95;P.U. Code § 451,,WMP.0466-Generator Grant Program; WMP.0467-Generator Assistance Program; WMP.0468-Standby Power Programs; WMP.0558-Ignition Management Program,Not Applicable,SDG&E,2025,v4.01 Annual-EOY,Annual-EOY,SDGE_2025_EOY_table11.xlsx,Table11,55,U55,https://efiling.energysafety.ca.gov/eFiling/Getfile.aspx?fileid=58132&shareable=true
T11R-bc6a62edb2421481,T11-a0f528d167ee38,3110000054,3110000054,v4_native,,WMP.466;WMP.467;WMP.468;WMP.558,"Grid Design, Operations, and Maintenance",Grid Design and System Hardening,Other technologies and systems not listed above,OPEX,Territory,$ Thousands,6815.86633,"PSPS - for sectionalization, etc.;Wildfire Exposure",,2020,2024 GRC,WMPMA,Exceeds,G.O. 95;P.U. Code § 451,,WMP.0466-Generator Grant Program; WMP.0467-Generator Assistance Program; WMP.0468-Standby Power Programs; WMP.0558-Ignition Management Program,Not Applicable,SDG&E,2025,v4.01 Annual-EOY,Annual-EOY,SDGE_2025_EOY_table11.xlsx,Table11,56,U56,https://efiling.energysafety.ca.gov/eFiling/Getfile.aspx?fileid=58132&shareable=true
T11R-ccbf927df3288db5,T11-a0f528d167ee38,3110000055,3110000055,v4_native,,WMP.466;WMP.467;WMP.468;WMP.558,"Grid Design, Operations, and Maintenance",Grid Design and System Hardening,Other technologies and systems not listed above,OPEX,HFTD,$ Thousands,6815.86633,"PSPS - for sectionalization, etc.;Wildfire Exposure",,2020,2024 GRC,WMPMA,Exceeds,G.O. 95;P.U. Code § 451,,WMP.0466-Generator Grant Program; WMP.0467-Generator Assistance Program; WMP.0468-Standby Power Programs; WMP.0558-Ignition Management Program,Not Applicable,SDG&E,2025,v4.01 Annual-EOY,Annual-EOY,SDGE_2025_EOY_table11.xlsx,Table11,57,U57,https://efiling.energysafety.ca.gov/eFiling/Getfile.aspx?fileid=58132&shareable=true
T11R-3602108832f34149,T11-e859c30695f57d,3110000056,3110000056,v4_native,,WMP.1190;WMP.1509;WMP.478;WMP.479;WMP.481;WMP.482;WMP.483;WMP.484;WMP.488;WMP.489;WMP.492;WMP.551;WMP.552;WMP.555,"Grid Design, Operations, and Maintenance",Asset Inspections,,CAPEX,Territory,$ Thousands,59250.08992807201,Equipment failure;Equipment ignition likelihood,,1997;2010;2011;2020;2023,2024 GRC,WMPMA,Exceeds,G.O. 95;P.U. Code § 451,,WMP.0478-Distribution Overhead Detailed Inspections;WMP.0479-Transmisson Overhead Detailed Inspections;WMP.0481-Distribution Infrared Inspections;WMP.0482-Transmission Infrared Inspections;WMP.0483-Distribution Wood Pole Intrusive Inspections;WMP.484-LiDAR inspections of Distribution Electric Lines and Equipment;WMP.0488-Distribution Overhead Patrol Inspections;WMP.0489-Transmission Overhead Patrol Inspections;WMP.0492-Substation Patrol Inspections;WMP.0551-HFTD Tier 3 Distribution Pole Inspections;WMP.0552-Risk-Informed Drone Inspections;WMP.0555-Transmission 69kV Tier 3 Visual Inspections;WMP.1190-Transmission Wood Pole Intrusive Inspections;WMP.1509-Transmission Switch Inspection,Not Applicable,SDG&E,2025,v4.01 Annual-EOY,Annual-EOY,SDGE_2025_EOY_table11.xlsx,Table11,58,U58,https://efiling.energysafety.ca.gov/eFiling/Getfile.aspx?fileid=58132&shareable=true
T11R-3eeefecea05af628,T11-e859c30695f57d,3110000057,3110000057,v4_native,,WMP.1190;WMP.1509;WMP.478;WMP.479;WMP.481;WMP.482;WMP.483;WMP.484;WMP.488;WMP.489;WMP.492;WMP.551;WMP.552;WMP.555,"Grid Design, Operations, and Maintenance",Asset Inspections,,CAPEX,HFTD,$ Thousands,58996.11483829209,Equipment failure;Equipment ignition likelihood,,1997;2010;2011;2020;2023,2024 GRC,WMPMA,Exceeds,G.O. 95;P.U. Code § 451,,WMP.0478-Distribution Overhead Detailed Inspections;WMP.0479-Transmisson Overhead Detailed Inspections;WMP.0481-Distribution Infrared Inspections;WMP.0482-Transmission Infrared Inspections;WMP.0483-Distribution Wood Pole Intrusive Inspections;WMP.484-LiDAR inspections of Distribution Electric Lines and Equipment;WMP.0488-Distribution Overhead Patrol Inspections;WMP.0489-Transmission Overhead Patrol Inspections;WMP.0492-Substation Patrol Inspections;WMP.0551-HFTD Tier 3 Distribution Pole Inspections;WMP.0552-Risk-Informed Drone Inspections;WMP.0555-Transmission 69kV Tier 3 Visual Inspections;WMP.1190-Transmission Wood Pole Intrusive Inspections;WMP.1509-Transmission Switch Inspection,Not Applicable,SDG&E,2025,v4.01 Annual-EOY,Annual-EOY,SDGE_2025_EOY_table11.xlsx,Table11,59,U59,https://efiling.energysafety.ca.gov/eFiling/Getfile.aspx?fileid=58132&shareable=true
T11R-cf6cf6cfbb3e22ba,T11-e859c30695f57d,3110000058,3110000058,v4_native,,WMP.1190;WMP.1509;WMP.478;WMP.479;WMP.481;WMP.482;WMP.483;WMP.484;WMP.488;WMP.489;WMP.492;WMP.551;WMP.552;WMP.555,"Grid Design, Operations, and Maintenance",Asset Inspections,,OPEX,Territory,$ Thousands,21059.582329999994,Equipment failure;Equipment ignition likelihood,,1997;2010;2011;2020;2023,2024 GRC,WMPMA,Exceeds,G.O. 95;P.U. Code § 451,,WMP.0478-Distribution Overhead Detailed Inspections;WMP.0479-Transmisson Overhead Detailed Inspections;WMP.0481-Distribution Infrared Inspections;WMP.0482-Transmission Infrared Inspections;WMP.0483-Distribution Wood Pole Intrusive Inspections;WMP.484-LiDAR inspections of Distribution Electric Lines and Equipment;WMP.0488-Distribution Overhead Patrol Inspections;WMP.0489-Transmission Overhead Patrol Inspections;WMP.0492-Substation Patrol Inspections;WMP.0551-HFTD Tier 3 Distribution Pole Inspections;WMP.0552-Risk-Informed Drone Inspections;WMP.0555-Transmission 69kV Tier 3 Visual Inspections;WMP.1190-Transmission Wood Pole Intrusive Inspections;WMP.1509-Transmission Switch Inspection,Not Applicable,SDG&E,2025,v4.01 Annual-EOY,Annual-EOY,SDGE_2025_EOY_table11.xlsx,Table11,60,U60,https://efiling.energysafety.ca.gov/eFiling/Getfile.aspx?fileid=58132&shareable=true
T11R-7d6c47473004ff49,T11-e859c30695f57d,3110000059,3110000059,v4_native,,WMP.1190;WMP.1509;WMP.478;WMP.479;WMP.481;WMP.482;WMP.483;WMP.484;WMP.488;WMP.489;WMP.492;WMP.551;WMP.552;WMP.555,"Grid Design, Operations, and Maintenance",Asset Inspections,,OPEX,HFTD,$ Thousands,20666.50390711328,Equipment failure;Equipment ignition likelihood,,1997;2010;2011;2020;2023,2024 GRC,WMPMA,Exceeds,G.O. 95;P.U. Code § 451,,WMP.0478-Distribution Overhead Detailed Inspections;WMP.0479-Transmisson Overhead Detailed Inspections;WMP.0481-Distribution Infrared Inspections;WMP.0482-Transmission Infrared Inspections;WMP.0483-Distribution Wood Pole Intrusive Inspections;WMP.484-LiDAR inspections of Distribution Electric Lines and Equipment;WMP.0488-Distribution Overhead Patrol Inspections;WMP.0489-Transmission Overhead Patrol Inspections;WMP.0492-Substation Patrol Inspections;WMP.0551-HFTD Tier 3 Distribution Pole Inspections;WMP.0552-Risk-Informed Drone Inspections;WMP.0555-Transmission 69kV Tier 3 Visual Inspections;WMP.1190-Transmission Wood Pole Intrusive Inspections;WMP.1509-Transmission Switch Inspection,Not Applicable,SDG&E,2025,v4.01 Annual-EOY,Annual-EOY,SDGE_2025_EOY_table11.xlsx,Table11,61,U61,https://efiling.energysafety.ca.gov/eFiling/Getfile.aspx?fileid=58132&shareable=true
T11R-7d5b19e08ff70e82,T11-d508993f870491,3110000060,3110000060,v4_native,,WMP.459;WMP.464;WMP.550,"Grid Design, Operations, and Maintenance",Equipment Maintenance and Repair,,CAPEX,Territory,$ Thousands,1669.1978599999998,Equipment failure;Equipment ignition likelihood,,2019,2024 GRC,WMPMA,Exceeds,G.O. 95,,"WMP.459-Expulsion Fuse Replacements; WMP.464-Maintenance, repair, and replacement of connectors, including hotline clamps; WMP.550-Lightning arrester removal and replacement",Not Applicable,SDG&E,2025,v4.01 Annual-EOY,Annual-EOY,SDGE_2025_EOY_table11.xlsx,Table11,62,U62,https://efiling.energysafety.ca.gov/eFiling/Getfile.aspx?fileid=58132&shareable=true
T11R-0ab080360312dd8a,T11-d508993f870491,3110000061,3110000061,v4_native,,WMP.459;WMP.464;WMP.550,"Grid Design, Operations, and Maintenance",Equipment Maintenance and Repair,,CAPEX,HFTD,$ Thousands,1580.8418863720467,Equipment failure;Equipment ignition likelihood,,2019,2024 GRC,WMPMA,Exceeds,G.O. 95,,"WMP.459-Expulsion Fuse Replacements; WMP.464-Maintenance, repair, and replacement of connectors, including hotline clamps; WMP.550-Lightning arrester removal and replacement",Not Applicable,SDG&E,2025,v4.01 Annual-EOY,Annual-EOY,SDGE_2025_EOY_table11.xlsx,Table11,63,U63,https://efiling.energysafety.ca.gov/eFiling/Getfile.aspx?fileid=58132&shareable=true
T11R-258d644fb7f31761,T11-d508993f870491,3110000062,3110000062,v4_native,,WMP.459;WMP.464;WMP.550,"Grid Design, Operations, and Maintenance",Equipment Maintenance and Repair,,OPEX,Territory,$ Thousands,242.49539,Equipment failure;Equipment ignition likelihood,,2019,2024 GRC,WMPMA,Exceeds,G.O. 95,,"WMP.459-Expulsion Fuse Replacements; WMP.464-Maintenance, repair, and replacement of connectors, including hotline clamps; WMP.550-Lightning arrester removal and replacement",Not Applicable,SDG&E,2025,v4.01 Annual-EOY,Annual-EOY,SDGE_2025_EOY_table11.xlsx,Table11,64,U64,https://efiling.energysafety.ca.gov/eFiling/Getfile.aspx?fileid=58132&shareable=true
T11R-bb9812f8c1f7a65b,T11-d508993f870491,3110000063,3110000063,v4_native,,WMP.459;WMP.464;WMP.550,"Grid Design, Operations, and Maintenance",Equipment Maintenance and Repair,,OPEX,HFTD,$ Thousands,200.60982263636362,Equipment failure;Equipment ignition likelihood,,2019,2024 GRC,WMPMA,Exceeds,G.O. 95,,"WMP.459-Expulsion Fuse Replacements; WMP.464-Maintenance, repair, and replacement of connectors, including hotline clamps; WMP.550-Lightning arrester removal and replacement",Not Applicable,SDG&E,2025,v4.01 Annual-EOY,Annual-EOY,SDGE_2025_EOY_table11.xlsx,Table11,65,U65,https://efiling.energysafety.ca.gov/eFiling/Getfile.aspx?fileid=58132&shareable=true
T11R-e2b94b6a0e4f406f,T11-feb6526329bf44,3110000064,3110000064,v4_native,,WMP.1191;WMP.1192;WMP.1193;WMP.1194;WMP.491,"Grid Design, Operations, and Maintenance",Quality Assurance and Quality Control (Asset Management),,CAPEX,Territory,$ Thousands,,Equipment ignition likelihood,,2023;2026,2024 GRC,,,,,WMP.0491-Quality Assurance / Quality Control of Distribution Detailed Inspections;WMP.1191-Quality Assurance / Quality Control of Transmission Inspections;WMP.1192-Quality Assurance / Quality Control of Risk Informed Drone Inspections;WMP.1193-Quality Assurance / Quality Control of Wood Pole Intrusive (Transmission and Distribution);WMP.1194-Quality Assurance / Quality Control of Substation Inspections;WMP.1434-Quality Assurance / Quality Control of Corrective Maintenance Program;WMP.1510-Quality assurance / Quality control of Transmission Switch Inspections;WMP.1435-Quality assurance/quality control of PSPS Sectionalizing Enhancement Program;WMP.1496-Quality assurance/quality control of Advanced Protection Program;WMP.1497-Quality assurance/quality control of Strategic Undergrounding Program;WMP.1498-Quality assurance/quality control of Distribution Overhead System Hardening Program;WMP.1499-Quality assurance/quality control of Transmission Overhead Hardening;WMP.1500-Quality assurance/quality control of Transmission Overhead Hardening (Distribution Underbuild);WMP.1508-Quality assurance/ quality control of Combined Covered Conductor,Not Applicable,SDG&E,2025,v4.01 Annual-EOY,Annual-EOY,SDGE_2025_EOY_table11.xlsx,Table11,66,U66,https://efiling.energysafety.ca.gov/eFiling/Getfile.aspx?fileid=58132&shareable=true
T11R-2627f8048e1bcc38,T11-feb6526329bf44,3110000065,3110000065,v4_native,,WMP.1191;WMP.1192;WMP.1193;WMP.1194;WMP.491,"Grid Design, Operations, and Maintenance",Quality Assurance and Quality Control (Asset Management),,CAPEX,HFTD,$ Thousands,,Equipment ignition likelihood,,2023;2026,2024 GRC,,,,,WMP.0491-Quality Assurance / Quality Control of Distribution Detailed Inspections;WMP.1191-Quality Assurance / Quality Control of Transmission Inspections;WMP.1192-Quality Assurance / Quality Control of Risk Informed Drone Inspections;WMP.1193-Quality Assurance / Quality Control of Wood Pole Intrusive (Transmission and Distribution);WMP.1194-Quality Assurance / Quality Control of Substation Inspections;WMP.1434-Quality Assurance / Quality Control of Corrective Maintenance Program;WMP.1510-Quality assurance / Quality control of Transmission Switch Inspections;WMP.1435-Quality assurance/quality control of PSPS Sectionalizing Enhancement Program;WMP.1496-Quality assurance/quality control of Advanced Protection Program;WMP.1497-Quality assurance/quality control of Strategic Undergrounding Program;WMP.1498-Quality assurance/quality control of Distribution Overhead System Hardening Program;WMP.1499-Quality assurance/quality control of Transmission Overhead Hardening;WMP.1500-Quality assurance/quality control of Transmission Overhead Hardening (Distribution Underbuild);WMP.1508-Quality assurance/ quality control of Combined Covered Conductor,Not Applicable,SDG&E,2025,v4.01 Annual-EOY,Annual-EOY,SDGE_2025_EOY_table11.xlsx,Table11,67,U67,https://efiling.energysafety.ca.gov/eFiling/Getfile.aspx?fileid=58132&shareable=true
T11R-65220fdec5ac82be,T11-feb6526329bf44,3110000066,3110000066,v4_native,,WMP.1191;WMP.1192;WMP.1193;WMP.1194;WMP.491,"Grid Design, Operations, and Maintenance",Quality Assurance and Quality Control (Asset Management),,OPEX,Territory,$ Thousands,,Equipment ignition likelihood,,2023;2026,2024 GRC,,,,,WMP.0491-Quality Assurance / Quality Control of Distribution Detailed Inspections;WMP.1191-Quality Assurance / Quality Control of Transmission Inspections;WMP.1192-Quality Assurance / Quality Control of Risk Informed Drone Inspections;WMP.1193-Quality Assurance / Quality Control of Wood Pole Intrusive (Transmission and Distribution);WMP.1194-Quality Assurance / Quality Control of Substation Inspections;WMP.1434-Quality Assurance / Quality Control of Corrective Maintenance Program;WMP.1510-Quality assurance / Quality control of Transmission Switch Inspections;WMP.1435-Quality assurance/quality control of PSPS Sectionalizing Enhancement Program;WMP.1496-Quality assurance/quality control of Advanced Protection Program;WMP.1497-Quality assurance/quality control of Strategic Undergrounding Program;WMP.1498-Quality assurance/quality control of Distribution Overhead System Hardening Program;WMP.1499-Quality assurance/quality control of Transmission Overhead Hardening;WMP.1500-Quality assurance/quality control of Transmission Overhead Hardening (Distribution Underbuild);WMP.1508-Quality assurance/ quality control of Combined Covered Conductor,Not Applicable,SDG&E,2025,v4.01 Annual-EOY,Annual-EOY,SDGE_2025_EOY_table11.xlsx,Table11,68,U68,https://efiling.energysafety.ca.gov/eFiling/Getfile.aspx?fileid=58132&shareable=true
T11R-96a9c461d66ea9fc,T11-feb6526329bf44,3110000067,3110000067,v4_native,,WMP.1191;WMP.1192;WMP.1193;WMP.1194;WMP.491,"Grid Design, Operations, and Maintenance",Quality Assurance and Quality Control (Asset Management),,OPEX,HFTD,$ Thousands,,Equipment ignition likelihood,,2023;2026,2024 GRC,,,,,WMP.0491-Quality Assurance / Quality Control of Distribution Detailed Inspections;WMP.1191-Quality Assurance / Quality Control of Transmission Inspections;WMP.1192-Quality Assurance / Quality Control of Risk Informed Drone Inspections;WMP.1193-Quality Assurance / Quality Control of Wood Pole Intrusive (Transmission and Distribution);WMP.1194-Quality Assurance / Quality Control of Substation Inspections;WMP.1434-Quality Assurance / Quality Control of Corrective Maintenance Program;WMP.1510-Quality assurance / Quality control of Transmission Switch Inspections;WMP.1435-Quality assurance/quality control of PSPS Sectionalizing Enhancement Program;WMP.1496-Quality assurance/quality control of Advanced Protection Program;WMP.1497-Quality assurance/quality control of Strategic Undergrounding Program;WMP.1498-Quality assurance/quality control of Distribution Overhead System Hardening Program;WMP.1499-Quality assurance/quality control of Transmission Overhead Hardening;WMP.1500-Quality assurance/quality control of Transmission Overhead Hardening (Distribution Underbuild);WMP.1508-Quality assurance/ quality control of Combined Covered Conductor,Not Applicable,SDG&E,2025,v4.01 Annual-EOY,Annual-EOY,SDGE_2025_EOY_table11.xlsx,Table11,69,U69,https://efiling.energysafety.ca.gov/eFiling/Getfile.aspx?fileid=58132&shareable=true
T11R-1eafddff39f3ebcd,T11-8d804760da0ea0,3110000068,3110000068,v4_native,,WMP.1203,"Grid Design, Operations, and Maintenance",Work Orders (Asset Management),,CAPEX,Territory,$ Thousands,,,,2026,2024 GRC,,,,,WMP.1203-Open Work Orders,Not Applicable,SDG&E,2025,v4.01 Annual-EOY,Annual-EOY,SDGE_2025_EOY_table11.xlsx,Table11,70,U70,https://efiling.energysafety.ca.gov/eFiling/Getfile.aspx?fileid=58132&shareable=true
T11R-d32ba3d449459dca,T11-8d804760da0ea0,3110000069,3110000069,v4_native,,WMP.1203,"Grid Design, Operations, and Maintenance",Work Orders (Asset Management),,CAPEX,HFTD,$ Thousands,,,,2026,2024 GRC,,,,,WMP.1203-Open Work Orders,Not Applicable,SDG&E,2025,v4.01 Annual-EOY,Annual-EOY,SDGE_2025_EOY_table11.xlsx,Table11,71,U71,https://efiling.energysafety.ca.gov/eFiling/Getfile.aspx?fileid=58132&shareable=true
T11R-d7dc4e8171b63f2f,T11-8d804760da0ea0,3110000070,3110000070,v4_native,,WMP.1203,"Grid Design, Operations, and Maintenance",Work Orders (Asset Management),,OPEX,Territory,$ Thousands,,,,2026,2024 GRC,,,,,WMP.1203-Open Work Orders,Not Applicable,SDG&E,2025,v4.01 Annual-EOY,Annual-EOY,SDGE_2025_EOY_table11.xlsx,Table11,72,U72,https://efiling.energysafety.ca.gov/eFiling/Getfile.aspx?fileid=58132&shareable=true
T11R-bdadb0d89fe9e9d0,T11-8d804760da0ea0,3110000071,3110000071,v4_native,,WMP.1203,"Grid Design, Operations, and Maintenance",Work Orders (Asset Management),,OPEX,HFTD,$ Thousands,,,,2026,2024 GRC,,,,,WMP.1203-Open Work Orders,Not Applicable,SDG&E,2025,v4.01 Annual-EOY,Annual-EOY,SDGE_2025_EOY_table11.xlsx,Table11,73,U73,https://efiling.energysafety.ca.gov/eFiling/Getfile.aspx?fileid=58132&shareable=true
T11R-c8c6452eeb93528d,T11-95a471ac8da98f,3110000072,3110000072,v4_native,,WMP.1204,"Grid Design, Operations, and Maintenance",Grid Operations and Procedures,Equipment Settings to Reduce Wildfire Risk,CAPEX,Territory,$ Thousands,,,,,,,,,,WMP.1204-Equipment Settings to Reduce Wildfire Risk (Grid Ops),Not Applicable,SDG&E,2025,v4.01 Annual-EOY,Annual-EOY,SDGE_2025_EOY_table11.xlsx,Table11,74,U74,https://efiling.energysafety.ca.gov/eFiling/Getfile.aspx?fileid=58132&shareable=true
T11R-fb231b01d3a3e577,T11-95a471ac8da98f,3110000073,3110000073,v4_native,,WMP.1204,"Grid Design, Operations, and Maintenance",Grid Operations and Procedures,Equipment Settings to Reduce Wildfire Risk,CAPEX,HFTD,$ Thousands,,,,,,,,,,WMP.1204-Equipment Settings to Reduce Wildfire Risk (Grid Ops),Not Applicable,SDG&E,2025,v4.01 Annual-EOY,Annual-EOY,SDGE_2025_EOY_table11.xlsx,Table11,75,U75,https://efiling.energysafety.ca.gov/eFiling/Getfile.aspx?fileid=58132&shareable=true
T11R-08111bdb1db5db6c,T11-95a471ac8da98f,3110000074,3110000074,v4_native,,WMP.1204,"Grid Design, Operations, and Maintenance",Grid Operations and Procedures,Equipment Settings to Reduce Wildfire Risk,OPEX,Territory,$ Thousands,,,,,,,,,,WMP.1204-Equipment Settings to Reduce Wildfire Risk (Grid Ops),Not Applicable,SDG&E,2025,v4.01 Annual-EOY,Annual-EOY,SDGE_2025_EOY_table11.xlsx,Table11,76,U76,https://efiling.energysafety.ca.gov/eFiling/Getfile.aspx?fileid=58132&shareable=true
T11R-160570ca18bdb17e,T11-95a471ac8da98f,3110000075,3110000075,v4_native,,WMP.1204,"Grid Design, Operations, and Maintenance",Grid Operations and Procedures,Equipment Settings to Reduce Wildfire Risk,OPEX,HFTD,$ Thousands,,,,,,,,,,WMP.1204-Equipment Settings to Reduce Wildfire Risk (Grid Ops),Not Applicable,SDG&E,2025,v4.01 Annual-EOY,Annual-EOY,SDGE_2025_EOY_table11.xlsx,Table11,77,U77,https://efiling.energysafety.ca.gov/eFiling/Getfile.aspx?fileid=58132&shareable=true
T11R-0becfadc10f2eb35,T11-3ff86e60889b85,3110000076,3110000076,v4_native,,WMP.1205;WMP.449,"Grid Design, Operations, and Maintenance",Grid Operations and Procedures,Grid Response Procedures and Notifications,CAPEX,Territory,$ Thousands,-2.2291000000000003,"PSPS - for sectionalization, etc.",,,,,,,,WMP.0449-Wireless Fault Indicators;WMP.1205-Grid Response Procedures and Notifications (Grid Ops),Not Applicable,SDG&E,2025,v4.01 Annual-EOY,Annual-EOY,SDGE_2025_EOY_table11.xlsx,Table11,78,U78,https://efiling.energysafety.ca.gov/eFiling/Getfile.aspx?fileid=58132&shareable=true
T11R-29b18b9400616026,T11-3ff86e60889b85,3110000077,3110000077,v4_native,,WMP.1205;WMP.449,"Grid Design, Operations, and Maintenance",Grid Operations and Procedures,Grid Response Procedures and Notifications,CAPEX,HFTD,$ Thousands,-2.2291000000000003,"PSPS - for sectionalization, etc.",,,,,,,,WMP.0449-Wireless Fault Indicators;WMP.1205-Grid Response Procedures and Notifications (Grid Ops),Not Applicable,SDG&E,2025,v4.01 Annual-EOY,Annual-EOY,SDGE_2025_EOY_table11.xlsx,Table11,79,U79,https://efiling.energysafety.ca.gov/eFiling/Getfile.aspx?fileid=58132&shareable=true
T11R-447602e90727be52,T11-3ff86e60889b85,3110000078,3110000078,v4_native,,WMP.1205;WMP.449,"Grid Design, Operations, and Maintenance",Grid Operations and Procedures,Grid Response Procedures and Notifications,OPEX,Territory,$ Thousands,,"PSPS - for sectionalization, etc.",,,,,,,,WMP.0449-Wireless Fault Indicators;WMP.1205-Grid Response Procedures and Notifications (Grid Ops),Not Applicable,SDG&E,2025,v4.01 Annual-EOY,Annual-EOY,SDGE_2025_EOY_table11.xlsx,Table11,80,U80,https://efiling.energysafety.ca.gov/eFiling/Getfile.aspx?fileid=58132&shareable=true
T11R-c5a5ff20af163b8f,T11-3ff86e60889b85,3110000079,3110000079,v4_native,,WMP.1205;WMP.449,"Grid Design, Operations, and Maintenance",Grid Operations and Procedures,Grid Response Procedures and Notifications,OPEX,HFTD,$ Thousands,,"PSPS - for sectionalization, etc.",,,,,,,,WMP.0449-Wireless Fault Indicators;WMP.1205-Grid Response Procedures and Notifications (Grid Ops),Not Applicable,SDG&E,2025,v4.01 Annual-EOY,Annual-EOY,SDGE_2025_EOY_table11.xlsx,Table11,81,U81,https://efiling.energysafety.ca.gov/eFiling/Getfile.aspx?fileid=58132&shareable=true
T11R-14662f0e2ac66795,T11-9c78b51087af8a,3110000080,3110000080,v4_native,,WMP.515,"Grid Design, Operations, and Maintenance",Grid Operations and Procedures,Personnel Work Procedures and Training in Conditions of Elevated Fire Risk,CAPEX,Territory,$ Thousands,,,,2026,2024 GRC,,,,,WMP.515-Personnel Work Procedures and Training in Conditions of Elevated Fire Risk (Grid Ops),Not Applicable,SDG&E,2025,v4.01 Annual-EOY,Annual-EOY,SDGE_2025_EOY_table11.xlsx,Table11,82,U82,https://efiling.energysafety.ca.gov/eFiling/Getfile.aspx?fileid=58132&shareable=true
T11R-f5134e8e82609002,T11-9c78b51087af8a,3110000081,3110000081,v4_native,,WMP.515,"Grid Design, Operations, and Maintenance",Grid Operations and Procedures,Personnel Work Procedures and Training in Conditions of Elevated Fire Risk,CAPEX,HFTD,$ Thousands,,,,2026,2024 GRC,,,,,WMP.515-Personnel Work Procedures and Training in Conditions of Elevated Fire Risk (Grid Ops),Not Applicable,SDG&E,2025,v4.01 Annual-EOY,Annual-EOY,SDGE_2025_EOY_table11.xlsx,Table11,83,U83,https://efiling.energysafety.ca.gov/eFiling/Getfile.aspx?fileid=58132&shareable=true
T11R-46563be9bb727000,T11-9c78b51087af8a,3110000082,3110000082,v4_native,,WMP.515,"Grid Design, Operations, and Maintenance",Grid Operations and Procedures,Personnel Work Procedures and Training in Conditions of Elevated Fire Risk,OPEX,Territory,$ Thousands,,,,2026,2024 GRC,,,,,WMP.515-Personnel Work Procedures and Training in Conditions of Elevated Fire Risk (Grid Ops),Not Applicable,SDG&E,2025,v4.01 Annual-EOY,Annual-EOY,SDGE_2025_EOY_table11.xlsx,Table11,84,U84,https://efiling.energysafety.ca.gov/eFiling/Getfile.aspx?fileid=58132&shareable=true
T11R-042b7e6dfa04ad4a,T11-9c78b51087af8a,3110000083,3110000083,v4_native,,WMP.515,"Grid Design, Operations, and Maintenance",Grid Operations and Procedures,Personnel Work Procedures and Training in Conditions of Elevated Fire Risk,OPEX,HFTD,$ Thousands,,,,2026,2024 GRC,,,,,WMP.515-Personnel Work Procedures and Training in Conditions of Elevated Fire Risk (Grid Ops),Not Applicable,SDG&E,2025,v4.01 Annual-EOY,Annual-EOY,SDGE_2025_EOY_table11.xlsx,Table11,85,U85,https://efiling.energysafety.ca.gov/eFiling/Getfile.aspx?fileid=58132&shareable=true
T11R-ed00e7b11e1097b8,T11-f20af2108b59ac,3110000084,3110000084,v4_native,,,"Grid Design, Operations, and Maintenance",Grid Operations and Procedures,Other Grid Operations and Procedures not listed above,CAPEX,Territory,$ Thousands,,,,,,,,,,,Not Applicable,SDG&E,2025,v4.01 Annual-EOY,Annual-EOY,SDGE_2025_EOY_table11.xlsx,Table11,86,U86,https://efiling.energysafety.ca.gov/eFiling/Getfile.aspx?fileid=58132&shareable=true
T11R-316702283fdd2a92,T11-f20af2108b59ac,3110000085,3110000085,v4_native,,,"Grid Design, Operations, and Maintenance",Grid Operations and Procedures,Other Grid Operations and Procedures not listed above,CAPEX,HFTD,$ Thousands,,,,,,,,,,,Not Applicable,SDG&E,2025,v4.01 Annual-EOY,Annual-EOY,SDGE_2025_EOY_table11.xlsx,Table11,87,U87,https://efiling.energysafety.ca.gov/eFiling/Getfile.aspx?fileid=58132&shareable=true
T11R-a28516a547639586,T11-f20af2108b59ac,3110000086,3110000086,v4_native,,,"Grid Design, Operations, and Maintenance",Grid Operations and Procedures,Other Grid Operations and Procedures not listed above,OPEX,Territory,$ Thousands,,,,,,,,,,,Not Applicable,SDG&E,2025,v4.01 Annual-EOY,Annual-EOY,SDGE_2025_EOY_table11.xlsx,Table11,88,U88,https://efiling.energysafety.ca.gov/eFiling/Getfile.aspx?fileid=58132&shareable=true
T11R-323f604d16390bcd,T11-f20af2108b59ac,3110000087,3110000087,v4_native,,,"Grid Design, Operations, and Maintenance",Grid Operations and Procedures,Other Grid Operations and Procedures not listed above,OPEX,HFTD,$ Thousands,,,,,,,,,,,Not Applicable,SDG&E,2025,v4.01 Annual-EOY,Annual-EOY,SDGE_2025_EOY_table11.xlsx,Table11,89,U89,https://efiling.energysafety.ca.gov/eFiling/Getfile.aspx?fileid=58132&shareable=true
T11R-e2db997bfae88543,T11-af57a5d8637d72,3110000088,3110000088,v4_native,,WMP.1206,"Grid Design, Operations, and Maintenance",Workforce Planning (Asset Management),,CAPEX,Territory,$ Thousands,,,,2026,2024 GRC,,,,,WMP.1206-Workforce Planning,Not Applicable,SDG&E,2025,v4.01 Annual-EOY,Annual-EOY,SDGE_2025_EOY_table11.xlsx,Table11,90,U90,https://efiling.energysafety.ca.gov/eFiling/Getfile.aspx?fileid=58132&shareable=true
T11R-a379637db2f0e4cf,T11-af57a5d8637d72,3110000089,3110000089,v4_native,,WMP.1206,"Grid Design, Operations, and Maintenance",Workforce Planning (Asset Management),,CAPEX,HFTD,$ Thousands,,,,2026,2024 GRC,,,,,WMP.1206-Workforce Planning,Not Applicable,SDG&E,2025,v4.01 Annual-EOY,Annual-EOY,SDGE_2025_EOY_table11.xlsx,Table11,91,U91,https://efiling.energysafety.ca.gov/eFiling/Getfile.aspx?fileid=58132&shareable=true
T11R-1acbb13199692713,T11-af57a5d8637d72,3110000090,3110000090,v4_native,,WMP.1206,"Grid Design, Operations, and Maintenance",Workforce Planning (Asset Management),,OPEX,Territory,$ Thousands,,,,2026,2024 GRC,,,,,WMP.1206-Workforce Planning,Not Applicable,SDG&E,2025,v4.01 Annual-EOY,Annual-EOY,SDGE_2025_EOY_table11.xlsx,Table11,92,U92,https://efiling.energysafety.ca.gov/eFiling/Getfile.aspx?fileid=58132&shareable=true
T11R-6b6d5ceebeb78b7b,T11-af57a5d8637d72,3110000091,3110000091,v4_native,,WMP.1206,"Grid Design, Operations, and Maintenance",Workforce Planning (Asset Management),,OPEX,HFTD,$ Thousands,,,,2026,2024 GRC,,,,,WMP.1206-Workforce Planning,Not Applicable,SDG&E,2025,v4.01 Annual-EOY,Annual-EOY,SDGE_2025_EOY_table11.xlsx,Table11,93,U93,https://efiling.energysafety.ca.gov/eFiling/Getfile.aspx?fileid=58132&shareable=true
T11R-616a268df4f2864f,T11-41a45f8f683066,3110000092,3110000092,v4_native,,WMP.494;WMP.508,Vegetation Management and Inspections,Vegetation Management Inspections,,CAPEX,Territory,$ Thousands,0,Wildfire Exposure Potential,,1998,2024 GRC,VMBA,Exceeds,"G.O. 95, Rule 35; Public Resources Code 4293; FAC-003-4",,WMP.1502-Detailed Inspections;WMP.0494-Detailed Inspections;WMP.1503-Off-Cycle Patrols;WMP.0508-Off-Cycle Patrols,Not Applicable,SDG&E,2025,v4.01 Annual-EOY,Annual-EOY,SDGE_2025_EOY_table11.xlsx,Table11,94,U94,https://efiling.energysafety.ca.gov/eFiling/Getfile.aspx?fileid=58132&shareable=true
T11R-90482f5e5837921d,T11-41a45f8f683066,3110000093,3110000093,v4_native,,WMP.494;WMP.508,Vegetation Management and Inspections,Vegetation Management Inspections,,CAPEX,HFTD,$ Thousands,0,Wildfire Exposure Potential,,1998,2024 GRC,VMBA,Exceeds,"G.O. 95, Rule 35; Public Resources Code 4293; FAC-003-4",,WMP.1502-Detailed Inspections;WMP.0494-Detailed Inspections;WMP.1503-Off-Cycle Patrols;WMP.0508-Off-Cycle Patrols,Not Applicable,SDG&E,2025,v4.01 Annual-EOY,Annual-EOY,SDGE_2025_EOY_table11.xlsx,Table11,95,U95,https://efiling.energysafety.ca.gov/eFiling/Getfile.aspx?fileid=58132&shareable=true
T11R-9fe26e92ccc5573b,T11-41a45f8f683066,3110000094,3110000094,v4_native,,WMP.494;WMP.508,Vegetation Management and Inspections,Vegetation Management Inspections,,OPEX,Territory,$ Thousands,41338.618859999995,Wildfire Exposure Potential,,1998,2024 GRC,VMBA,Exceeds,"G.O. 95, Rule 35; Public Resources Code 4293; FAC-003-4",,WMP.1502-Detailed Inspections;WMP.0494-Detailed Inspections;WMP.1503-Off-Cycle Patrols;WMP.0508-Off-Cycle Patrols,Not Applicable,SDG&E,2025,v4.01 Annual-EOY,Annual-EOY,SDGE_2025_EOY_table11.xlsx,Table11,96,U96,https://efiling.energysafety.ca.gov/eFiling/Getfile.aspx?fileid=58132&shareable=true
T11R-1e019ce68a86713d,T11-41a45f8f683066,3110000095,3110000095,v4_native,,WMP.494;WMP.508,Vegetation Management and Inspections,Vegetation Management Inspections,,OPEX,HFTD,$ Thousands,21327.833898446148,Wildfire Exposure Potential,,1998,2024 GRC,VMBA,Exceeds,"G.O. 95, Rule 35; Public Resources Code 4293; FAC-003-4",,WMP.1502-Detailed Inspections;WMP.0494-Detailed Inspections;WMP.1503-Off-Cycle Patrols;WMP.0508-Off-Cycle Patrols,Not Applicable,SDG&E,2025,v4.01 Annual-EOY,Annual-EOY,SDGE_2025_EOY_table11.xlsx,Table11,97,U97,https://efiling.energysafety.ca.gov/eFiling/Getfile.aspx?fileid=58132&shareable=true
T11R-ef04c02923131ca2,T11-66d00926161a53,3110000096,3110000096,v4_native,,WMP.501,Vegetation Management and Inspections,Pruning and Removal,,CAPEX,Territory,$ Thousands,,Contact with vegetation,,2019,2024 GRC,VMBA,Exceeds,P.U. Code § 451,,WMP.0501-Clearance,Not Applicable,SDG&E,2025,v4.01 Annual-EOY,Annual-EOY,SDGE_2025_EOY_table11.xlsx,Table11,98,U98,https://efiling.energysafety.ca.gov/eFiling/Getfile.aspx?fileid=58132&shareable=true
T11R-f4f8c18ba1121c97,T11-66d00926161a53,3110000097,3110000097,v4_native,,WMP.501,Vegetation Management and Inspections,Pruning and Removal,,CAPEX,HFTD,$ Thousands,,Contact with vegetation,,2019,2024 GRC,VMBA,Exceeds,P.U. Code § 451,,WMP.0501-Clearance,Not Applicable,SDG&E,2025,v4.01 Annual-EOY,Annual-EOY,SDGE_2025_EOY_table11.xlsx,Table11,99,U99,https://efiling.energysafety.ca.gov/eFiling/Getfile.aspx?fileid=58132&shareable=true
T11R-986effb331af3370,T11-66d00926161a53,3110000098,3110000098,v4_native,,WMP.501,Vegetation Management and Inspections,Pruning and Removal,,OPEX,Territory,$ Thousands,,Contact with vegetation,,2019,2024 GRC,VMBA,Exceeds,P.U. Code § 451,,WMP.0501-Clearance,Not Applicable,SDG&E,2025,v4.01 Annual-EOY,Annual-EOY,SDGE_2025_EOY_table11.xlsx,Table11,100,U100,https://efiling.energysafety.ca.gov/eFiling/Getfile.aspx?fileid=58132&shareable=true
T11R-54c0b2e37a3482bc,T11-66d00926161a53,3110000099,3110000099,v4_native,,WMP.501,Vegetation Management and Inspections,Pruning and Removal,,OPEX,HFTD,$ Thousands,,Contact with vegetation,,2019,2024 GRC,VMBA,Exceeds,P.U. Code § 451,,WMP.0501-Clearance,Not Applicable,SDG&E,2025,v4.01 Annual-EOY,Annual-EOY,SDGE_2025_EOY_table11.xlsx,Table11,101,U101,https://efiling.energysafety.ca.gov/eFiling/Getfile.aspx?fileid=58132&shareable=true
T11R-7d827f6546b87643,T11-56945e223c5d08,3110000100,3110000100,v4_native,,WMP.512,Vegetation Management and Inspections,Pole Clearing,,CAPEX,Territory,$ Thousands,0,Other contact with object,,1998,2024 GRC,VMBA,Meets,P.U. Code § 451; Public Resources Code 4292,,WMP.1504-Pole Clearing;WMP.0512-Pole Clearing,Not Applicable,SDG&E,2025,v4.01 Annual-EOY,Annual-EOY,SDGE_2025_EOY_table11.xlsx,Table11,102,U102,https://efiling.energysafety.ca.gov/eFiling/Getfile.aspx?fileid=58132&shareable=true
T11R-83aa2d08faf19379,T11-56945e223c5d08,3110000101,3110000101,v4_native,,WMP.512,Vegetation Management and Inspections,Pole Clearing,,CAPEX,HFTD,$ Thousands,0,Other contact with object,,1998,2024 GRC,VMBA,Meets,P.U. Code § 451; Public Resources Code 4292,,WMP.1504-Pole Clearing;WMP.0512-Pole Clearing,Not Applicable,SDG&E,2025,v4.01 Annual-EOY,Annual-EOY,SDGE_2025_EOY_table11.xlsx,Table11,103,U103,https://efiling.energysafety.ca.gov/eFiling/Getfile.aspx?fileid=58132&shareable=true
T11R-e30cd88a8d468b10,T11-56945e223c5d08,3110000102,3110000102,v4_native,,WMP.512,Vegetation Management and Inspections,Pole Clearing,,OPEX,Territory,$ Thousands,4613.35399,Other contact with object,,1998,2024 GRC,VMBA,Meets,P.U. Code § 451; Public Resources Code 4292,,WMP.1504-Pole Clearing;WMP.0512-Pole Clearing,Not Applicable,SDG&E,2025,v4.01 Annual-EOY,Annual-EOY,SDGE_2025_EOY_table11.xlsx,Table11,104,U104,https://efiling.energysafety.ca.gov/eFiling/Getfile.aspx?fileid=58132&shareable=true
T11R-73fbb9f3cadab6b1,T11-56945e223c5d08,3110000103,3110000103,v4_native,,WMP.512,Vegetation Management and Inspections,Pole Clearing,,OPEX,HFTD,$ Thousands,4125.1015782463155,Other contact with object,,1998,2024 GRC,VMBA,Meets,P.U. Code § 451; Public Resources Code 4292,,WMP.1504-Pole Clearing;WMP.0512-Pole Clearing,Not Applicable,SDG&E,2025,v4.01 Annual-EOY,Annual-EOY,SDGE_2025_EOY_table11.xlsx,Table11,105,U105,https://efiling.energysafety.ca.gov/eFiling/Getfile.aspx?fileid=58132&shareable=true
T11R-5ea61bc08a3f9af4,T11-949448cfa21a29,3110000104,3110000104,v4_native,,WMP.497,Vegetation Management and Inspections,Wood and Slash Management,,CAPEX,Territory,$ Thousands,0,Contact with vegetation,,2019,2024 GRC,VMBA,Exceeds,P.U. Code § 451,,WMP.0497-Fuels Management,Not Applicable,SDG&E,2025,v4.01 Annual-EOY,Annual-EOY,SDGE_2025_EOY_table11.xlsx,Table11,106,U106,https://efiling.energysafety.ca.gov/eFiling/Getfile.aspx?fileid=58132&shareable=true
T11R-b6c113ad23e38dfb,T11-949448cfa21a29,3110000105,3110000105,v4_native,,WMP.497,Vegetation Management and Inspections,Wood and Slash Management,,CAPEX,HFTD,$ Thousands,0,Contact with vegetation,,2019,2024 GRC,VMBA,Exceeds,P.U. Code § 451,,WMP.0497-Fuels Management,Not Applicable,SDG&E,2025,v4.01 Annual-EOY,Annual-EOY,SDGE_2025_EOY_table11.xlsx,Table11,107,U107,https://efiling.energysafety.ca.gov/eFiling/Getfile.aspx?fileid=58132&shareable=true
T11R-b285ef1ac3d9ec82,T11-949448cfa21a29,3110000106,3110000106,v4_native,,WMP.497,Vegetation Management and Inspections,Wood and Slash Management,,OPEX,Territory,$ Thousands,3187.32791,Contact with vegetation,,2019,2024 GRC,VMBA,Exceeds,P.U. Code § 451,,WMP.0497-Fuels Management,Not Applicable,SDG&E,2025,v4.01 Annual-EOY,Annual-EOY,SDGE_2025_EOY_table11.xlsx,Table11,108,U108,https://efiling.energysafety.ca.gov/eFiling/Getfile.aspx?fileid=58132&shareable=true
T11R-477e152d1712e50c,T11-949448cfa21a29,3110000107,3110000107,v4_native,,WMP.497,Vegetation Management and Inspections,Wood and Slash Management,,OPEX,HFTD,$ Thousands,3187.32791,Contact with vegetation,,2019,2024 GRC,VMBA,Exceeds,P.U. Code § 451,,WMP.0497-Fuels Management,Not Applicable,SDG&E,2025,v4.01 Annual-EOY,Annual-EOY,SDGE_2025_EOY_table11.xlsx,Table11,109,U109,https://efiling.energysafety.ca.gov/eFiling/Getfile.aspx?fileid=58132&shareable=true
T11R-d358a435e42d2493,T11-110344db48989f,3110000108,3110000108,v4_native,,WMP.1325;WMP.1326,Vegetation Management and Inspections,Defensible Space,,CAPEX,Territory,$ Thousands,0,Contact with vegetation,,,,,,,,WMP.1325-Right Tree Right Place;WMP.1326 Community Tree Rebate Program,Not Applicable,SDG&E,2025,v4.01 Annual-EOY,Annual-EOY,SDGE_2025_EOY_table11.xlsx,Table11,110,U110,https://efiling.energysafety.ca.gov/eFiling/Getfile.aspx?fileid=58132&shareable=true
T11R-ce6b569cd66626a5,T11-110344db48989f,3110000109,3110000109,v4_native,,WMP.1325;WMP.1326,Vegetation Management and Inspections,Defensible Space,,CAPEX,HFTD,$ Thousands,0,Contact with vegetation,,,,,,,,WMP.1325-Right Tree Right Place;WMP.1326 Community Tree Rebate Program,Not Applicable,SDG&E,2025,v4.01 Annual-EOY,Annual-EOY,SDGE_2025_EOY_table11.xlsx,Table11,111,U111,https://efiling.energysafety.ca.gov/eFiling/Getfile.aspx?fileid=58132&shareable=true
T11R-fa8c304eb3568a61,T11-110344db48989f,3110000110,3110000110,v4_native,,WMP.1325;WMP.1326,Vegetation Management and Inspections,Defensible Space,,OPEX,Territory,$ Thousands,17.355880000000003,Contact with vegetation,,,,,,,,WMP.1325-Right Tree Right Place;WMP.1326 Community Tree Rebate Program,Not Applicable,SDG&E,2025,v4.01 Annual-EOY,Annual-EOY,SDGE_2025_EOY_table11.xlsx,Table11,112,U112,https://efiling.energysafety.ca.gov/eFiling/Getfile.aspx?fileid=58132&shareable=true
T11R-1001b53ce111392a,T11-110344db48989f,3110000111,3110000111,v4_native,,WMP.1325;WMP.1326,Vegetation Management and Inspections,Defensible Space,,OPEX,HFTD,$ Thousands,17.355880000000003,Contact with vegetation,,,,,,,,WMP.1325-Right Tree Right Place;WMP.1326 Community Tree Rebate Program,Not Applicable,SDG&E,2025,v4.01 Annual-EOY,Annual-EOY,SDGE_2025_EOY_table11.xlsx,Table11,113,U113,https://efiling.energysafety.ca.gov/eFiling/Getfile.aspx?fileid=58132&shareable=true
T11R-16fd4348fe160126,T11-d64b78389cb95e,3110000112,3110000112,v4_native,,,Vegetation Management and Inspections,Integrated Vegetation Management,,CAPEX,Territory,$ Thousands,,,,,,,,,,,Not Applicable,SDG&E,2025,v4.01 Annual-EOY,Annual-EOY,SDGE_2025_EOY_table11.xlsx,Table11,114,U114,https://efiling.energysafety.ca.gov/eFiling/Getfile.aspx?fileid=58132&shareable=true
T11R-871f56056f8222c5,T11-d64b78389cb95e,3110000113,3110000113,v4_native,,,Vegetation Management and Inspections,Integrated Vegetation Management,,CAPEX,HFTD,$ Thousands,,,,,,,,,,,Not Applicable,SDG&E,2025,v4.01 Annual-EOY,Annual-EOY,SDGE_2025_EOY_table11.xlsx,Table11,115,U115,https://efiling.energysafety.ca.gov/eFiling/Getfile.aspx?fileid=58132&shareable=true
T11R-fafa76efb5ad090d,T11-d64b78389cb95e,3110000114,3110000114,v4_native,,,Vegetation Management and Inspections,Integrated Vegetation Management,,OPEX,Territory,$ Thousands,,,,,,,,,,,Not Applicable,SDG&E,2025,v4.01 Annual-EOY,Annual-EOY,SDGE_2025_EOY_table11.xlsx,Table11,116,U116,https://efiling.energysafety.ca.gov/eFiling/Getfile.aspx?fileid=58132&shareable=true
T11R-94498666ecf7e8bb,T11-d64b78389cb95e,3110000115,3110000115,v4_native,,,Vegetation Management and Inspections,Integrated Vegetation Management,,OPEX,HFTD,$ Thousands,,,,,,,,,,,Not Applicable,SDG&E,2025,v4.01 Annual-EOY,Annual-EOY,SDGE_2025_EOY_table11.xlsx,Table11,117,U117,https://efiling.energysafety.ca.gov/eFiling/Getfile.aspx?fileid=58132&shareable=true
T11R-90f058ab6f19e4b6,T11-9f91e2e2cb59c6,3110000116,3110000116,v4_native,,,Vegetation Management and Inspections,Partnerships,,CAPEX,Territory,$ Thousands,,,,,,,,,,,Not Applicable,SDG&E,2025,v4.01 Annual-EOY,Annual-EOY,SDGE_2025_EOY_table11.xlsx,Table11,118,U118,https://efiling.energysafety.ca.gov/eFiling/Getfile.aspx?fileid=58132&shareable=true
T11R-3d89026f9c79bc17,T11-9f91e2e2cb59c6,3110000117,3110000117,v4_native,,,Vegetation Management and Inspections,Partnerships,,CAPEX,HFTD,$ Thousands,,,,,,,,,,,Not Applicable,SDG&E,2025,v4.01 Annual-EOY,Annual-EOY,SDGE_2025_EOY_table11.xlsx,Table11,119,U119,https://efiling.energysafety.ca.gov/eFiling/Getfile.aspx?fileid=58132&shareable=true
T11R-e2c46fe1a393e950,T11-9f91e2e2cb59c6,3110000118,3110000118,v4_native,,,Vegetation Management and Inspections,Partnerships,,OPEX,Territory,$ Thousands,,,,,,,,,,,Not Applicable,SDG&E,2025,v4.01 Annual-EOY,Annual-EOY,SDGE_2025_EOY_table11.xlsx,Table11,120,U120,https://efiling.energysafety.ca.gov/eFiling/Getfile.aspx?fileid=58132&shareable=true
T11R-174c3122daf8140e,T11-9f91e2e2cb59c6,3110000119,3110000119,v4_native,,,Vegetation Management and Inspections,Partnerships,,OPEX,HFTD,$ Thousands,,,,,,,,,,,Not Applicable,SDG&E,2025,v4.01 Annual-EOY,Annual-EOY,SDGE_2025_EOY_table11.xlsx,Table11,121,U121,https://efiling.energysafety.ca.gov/eFiling/Getfile.aspx?fileid=58132&shareable=true
T11R-a2a8bd96bd8db14d,T11-42a8565a05791c,3110000120,3110000120,v4_native,,,Vegetation Management and Inspections,Activities Based on Weather Conditions,,CAPEX,Territory,$ Thousands,,,,,,,,,,,Not Applicable,SDG&E,2025,v4.01 Annual-EOY,Annual-EOY,SDGE_2025_EOY_table11.xlsx,Table11,122,U122,https://efiling.energysafety.ca.gov/eFiling/Getfile.aspx?fileid=58132&shareable=true
T11R-4f27ce2c02599130,T11-42a8565a05791c,3110000121,3110000121,v4_native,,,Vegetation Management and Inspections,Activities Based on Weather Conditions,,CAPEX,HFTD,$ Thousands,,,,,,,,,,,Not Applicable,SDG&E,2025,v4.01 Annual-EOY,Annual-EOY,SDGE_2025_EOY_table11.xlsx,Table11,123,U123,https://efiling.energysafety.ca.gov/eFiling/Getfile.aspx?fileid=58132&shareable=true
T11R-9521572092cae0ee,T11-42a8565a05791c,3110000122,3110000122,v4_native,,,Vegetation Management and Inspections,Activities Based on Weather Conditions,,OPEX,Territory,$ Thousands,,,,,,,,,,,Not Applicable,SDG&E,2025,v4.01 Annual-EOY,Annual-EOY,SDGE_2025_EOY_table11.xlsx,Table11,124,U124,https://efiling.energysafety.ca.gov/eFiling/Getfile.aspx?fileid=58132&shareable=true
T11R-dc903c6eb287d48d,T11-42a8565a05791c,3110000123,3110000123,v4_native,,,Vegetation Management and Inspections,Activities Based on Weather Conditions,,OPEX,HFTD,$ Thousands,,,,,,,,,,,Not Applicable,SDG&E,2025,v4.01 Annual-EOY,Annual-EOY,SDGE_2025_EOY_table11.xlsx,Table11,125,U125,https://efiling.energysafety.ca.gov/eFiling/Getfile.aspx?fileid=58132&shareable=true
T11R-8b0fab8fe4a8fb1e,T11-55e7790bfe804c,3110000124,3110000124,v4_native,,,Vegetation Management and Inspections,Post-Fire Service Restoration,,CAPEX,Territory,$ Thousands,,,,,,,,,,,Not Applicable,SDG&E,2025,v4.01 Annual-EOY,Annual-EOY,SDGE_2025_EOY_table11.xlsx,Table11,126,U126,https://efiling.energysafety.ca.gov/eFiling/Getfile.aspx?fileid=58132&shareable=true
T11R-e3681350845ac375,T11-55e7790bfe804c,3110000125,3110000125,v4_native,,,Vegetation Management and Inspections,Post-Fire Service Restoration,,CAPEX,HFTD,$ Thousands,,,,,,,,,,,Not Applicable,SDG&E,2025,v4.01 Annual-EOY,Annual-EOY,SDGE_2025_EOY_table11.xlsx,Table11,127,U127,https://efiling.energysafety.ca.gov/eFiling/Getfile.aspx?fileid=58132&shareable=true
T11R-06037023c40515bb,T11-55e7790bfe804c,3110000126,3110000126,v4_native,,,Vegetation Management and Inspections,Post-Fire Service Restoration,,OPEX,Territory,$ Thousands,,,,,,,,,,,Not Applicable,SDG&E,2025,v4.01 Annual-EOY,Annual-EOY,SDGE_2025_EOY_table11.xlsx,Table11,128,U128,https://efiling.energysafety.ca.gov/eFiling/Getfile.aspx?fileid=58132&shareable=true
T11R-1907a6d0900a9570,T11-55e7790bfe804c,3110000127,3110000127,v4_native,,,Vegetation Management and Inspections,Post-Fire Service Restoration,,OPEX,HFTD,$ Thousands,,,,,,,,,,,Not Applicable,SDG&E,2025,v4.01 Annual-EOY,Annual-EOY,SDGE_2025_EOY_table11.xlsx,Table11,129,U129,https://efiling.energysafety.ca.gov/eFiling/Getfile.aspx?fileid=58132&shareable=true
T11R-23079e493ffa4688,T11-ec0048a25790bc,3110000128,3110000128,v4_native,,WMP.505,Vegetation Management and Inspections,Quality Assurance and Quality Control (Vegetation Management),,CAPEX,Territory,$ Thousands,,,,1998,2024 GRC,,,,,,Not Applicable,SDG&E,2025,v4.01 Annual-EOY,Annual-EOY,SDGE_2025_EOY_table11.xlsx,Table11,130,U130,https://efiling.energysafety.ca.gov/eFiling/Getfile.aspx?fileid=58132&shareable=true
T11R-db0ea904f82bc989,T11-ec0048a25790bc,3110000129,3110000129,v4_native,,WMP.505,Vegetation Management and Inspections,Quality Assurance and Quality Control (Vegetation Management),,CAPEX,HFTD,$ Thousands,,,,1998,2024 GRC,,,,,,Not Applicable,SDG&E,2025,v4.01 Annual-EOY,Annual-EOY,SDGE_2025_EOY_table11.xlsx,Table11,131,U131,https://efiling.energysafety.ca.gov/eFiling/Getfile.aspx?fileid=58132&shareable=true
T11R-b7f40ffa1c6efbd2,T11-ec0048a25790bc,3110000130,3110000130,v4_native,,WMP.505,Vegetation Management and Inspections,Quality Assurance and Quality Control (Vegetation Management),,OPEX,Territory,$ Thousands,,,,1998,2024 GRC,,,,,,Not Applicable,SDG&E,2025,v4.01 Annual-EOY,Annual-EOY,SDGE_2025_EOY_table11.xlsx,Table11,132,U132,https://efiling.energysafety.ca.gov/eFiling/Getfile.aspx?fileid=58132&shareable=true
T11R-71969d27d927d21e,T11-ec0048a25790bc,3110000131,3110000131,v4_native,,WMP.505,Vegetation Management and Inspections,Quality Assurance and Quality Control (Vegetation Management),,OPEX,HFTD,$ Thousands,,,,1998,2024 GRC,,,,,,Not Applicable,SDG&E,2025,v4.01 Annual-EOY,Annual-EOY,SDGE_2025_EOY_table11.xlsx,Table11,133,U133,https://efiling.energysafety.ca.gov/eFiling/Getfile.aspx?fileid=58132&shareable=true
T11R-e0f50e17705bda98,T11-6faaa3e7b6e066,3110000132,3110000132,v4_native,,WMP.1207,Vegetation Management and Inspections,Work Orders (Vegetation Management),,CAPEX,Territory,$ Thousands,,,,1998,,,,,,WMP.1207-Open Work Orders,Not Applicable,SDG&E,2025,v4.01 Annual-EOY,Annual-EOY,SDGE_2025_EOY_table11.xlsx,Table11,134,U134,https://efiling.energysafety.ca.gov/eFiling/Getfile.aspx?fileid=58132&shareable=true
T11R-2e0a9de5dcbda78e,T11-6faaa3e7b6e066,3110000133,3110000133,v4_native,,WMP.1207,Vegetation Management and Inspections,Work Orders (Vegetation Management),,CAPEX,HFTD,$ Thousands,,,,1998,,,,,,WMP.1207-Open Work Orders,Not Applicable,SDG&E,2025,v4.01 Annual-EOY,Annual-EOY,SDGE_2025_EOY_table11.xlsx,Table11,135,U135,https://efiling.energysafety.ca.gov/eFiling/Getfile.aspx?fileid=58132&shareable=true
T11R-7a164697ac901d56,T11-6faaa3e7b6e066,3110000134,3110000134,v4_native,,WMP.1207,Vegetation Management and Inspections,Work Orders (Vegetation Management),,OPEX,Territory,$ Thousands,,,,1998,,,,,,WMP.1207-Open Work Orders,Not Applicable,SDG&E,2025,v4.01 Annual-EOY,Annual-EOY,SDGE_2025_EOY_table11.xlsx,Table11,136,U136,https://efiling.energysafety.ca.gov/eFiling/Getfile.aspx?fileid=58132&shareable=true
T11R-24f491e196aeee83,T11-6faaa3e7b6e066,3110000135,3110000135,v4_native,,WMP.1207,Vegetation Management and Inspections,Work Orders (Vegetation Management),,OPEX,HFTD,$ Thousands,,,,1998,,,,,,WMP.1207-Open Work Orders,Not Applicable,SDG&E,2025,v4.01 Annual-EOY,Annual-EOY,SDGE_2025_EOY_table11.xlsx,Table11,137,U137,https://efiling.energysafety.ca.gov/eFiling/Getfile.aspx?fileid=58132&shareable=true
T11R-39bd03ea9c1cc6a5,T11-38b020ad45e02b,3110000136,3110000136,v4_native,,WMP.506,Vegetation Management and Inspections,Workforce Planning (Vegetation Management),,CAPEX,Territory,$ Thousands,,,,,2024 GRC,,,,,WMP.0506-Workforce Planning (Vegetation Management),Not Applicable,SDG&E,2025,v4.01 Annual-EOY,Annual-EOY,SDGE_2025_EOY_table11.xlsx,Table11,138,U138,https://efiling.energysafety.ca.gov/eFiling/Getfile.aspx?fileid=58132&shareable=true
T11R-34bee08106d0dbc0,T11-38b020ad45e02b,3110000137,3110000137,v4_native,,WMP.506,Vegetation Management and Inspections,Workforce Planning (Vegetation Management),,CAPEX,HFTD,$ Thousands,,,,,2024 GRC,,,,,WMP.0506-Workforce Planning (Vegetation Management),Not Applicable,SDG&E,2025,v4.01 Annual-EOY,Annual-EOY,SDGE_2025_EOY_table11.xlsx,Table11,139,U139,https://efiling.energysafety.ca.gov/eFiling/Getfile.aspx?fileid=58132&shareable=true
T11R-77e25a7c36587817,T11-38b020ad45e02b,3110000138,3110000138,v4_native,,WMP.506,Vegetation Management and Inspections,Workforce Planning (Vegetation Management),,OPEX,Territory,$ Thousands,,,,,2024 GRC,,,,,WMP.0506-Workforce Planning (Vegetation Management),Not Applicable,SDG&E,2025,v4.01 Annual-EOY,Annual-EOY,SDGE_2025_EOY_table11.xlsx,Table11,140,U140,https://efiling.energysafety.ca.gov/eFiling/Getfile.aspx?fileid=58132&shareable=true
T11R-ce0b620c3f804987,T11-38b020ad45e02b,3110000139,3110000139,v4_native,,WMP.506,Vegetation Management and Inspections,Workforce Planning (Vegetation Management),,OPEX,HFTD,$ Thousands,,,,,2024 GRC,,,,,WMP.0506-Workforce Planning (Vegetation Management),Not Applicable,SDG&E,2025,v4.01 Annual-EOY,Annual-EOY,SDGE_2025_EOY_table11.xlsx,Table11,141,U141,https://efiling.energysafety.ca.gov/eFiling/Getfile.aspx?fileid=58132&shareable=true
T11R-abef5abe6847ad04,T11-6e26529a4ecb2f,3110000140,3110000140,v4_native,,WMP.1431;WMP.447;WMP.970,Situational Awareness and Forecasting,Environmental Monitoring Systems,,CAPEX,Territory,$ Thousands,0,,,2026,2024 GRC,WMPMA,Exceeds,P.U. Code § 451,,WMP.447-Advanced Weather Monitoring and Weather Stations; WMP.970-Air Quality Index; WMP.1431-Air Quality Station Maintenance,Not Applicable,SDG&E,2025,v4.01 Annual-EOY,Annual-EOY,SDGE_2025_EOY_table11.xlsx,Table11,142,U142,https://efiling.energysafety.ca.gov/eFiling/Getfile.aspx?fileid=58132&shareable=true
T11R-e3b1cddb734d3764,T11-6e26529a4ecb2f,3110000141,3110000141,v4_native,,WMP.1431;WMP.447;WMP.970,Situational Awareness and Forecasting,Environmental Monitoring Systems,,CAPEX,HFTD,$ Thousands,0,,,2026,2024 GRC,WMPMA,Exceeds,P.U. Code § 451,,WMP.447-Advanced Weather Monitoring and Weather Stations; WMP.970-Air Quality Index; WMP.1431-Air Quality Station Maintenance,Not Applicable,SDG&E,2025,v4.01 Annual-EOY,Annual-EOY,SDGE_2025_EOY_table11.xlsx,Table11,143,U143,https://efiling.energysafety.ca.gov/eFiling/Getfile.aspx?fileid=58132&shareable=true
T11R-591fb54efed0c4ff,T11-6e26529a4ecb2f,3110000142,3110000142,v4_native,,WMP.1431;WMP.447;WMP.970,Situational Awareness and Forecasting,Environmental Monitoring Systems,,OPEX,Territory,$ Thousands,62.18560000000001,,,2026,2024 GRC,WMPMA,Exceeds,P.U. Code § 451,,WMP.447-Advanced Weather Monitoring and Weather Stations; WMP.970-Air Quality Index; WMP.1431-Air Quality Station Maintenance,Not Applicable,SDG&E,2025,v4.01 Annual-EOY,Annual-EOY,SDGE_2025_EOY_table11.xlsx,Table11,144,U144,https://efiling.energysafety.ca.gov/eFiling/Getfile.aspx?fileid=58132&shareable=true
T11R-1a59dad9ddbba09c,T11-6e26529a4ecb2f,3110000143,3110000143,v4_native,,WMP.1431;WMP.447;WMP.970,Situational Awareness and Forecasting,Environmental Monitoring Systems,,OPEX,HFTD,$ Thousands,25.002457731958767,,,2026,2024 GRC,WMPMA,Exceeds,P.U. Code § 451,,WMP.447-Advanced Weather Monitoring and Weather Stations; WMP.970-Air Quality Index; WMP.1431-Air Quality Station Maintenance,Not Applicable,SDG&E,2025,v4.01 Annual-EOY,Annual-EOY,SDGE_2025_EOY_table11.xlsx,Table11,145,U145,https://efiling.energysafety.ca.gov/eFiling/Getfile.aspx?fileid=58132&shareable=true
T11R-e12e4c3bc4e57963,T11-b349e41c9d65f5,3110000144,3110000144,v4_native,,WMP.1195,Situational Awareness and Forecasting,Grid Monitoring Systems,,CAPEX,Territory,$ Thousands,5801.893474132,,,2026,2024 GRC,,,,,WMP.1444-Grid Monitoring Systems Data Integration,Not Applicable,SDG&E,2025,v4.01 Annual-EOY,Annual-EOY,SDGE_2025_EOY_table11.xlsx,Table11,146,U146,https://efiling.energysafety.ca.gov/eFiling/Getfile.aspx?fileid=58132&shareable=true
T11R-b812349d39b1513a,T11-b349e41c9d65f5,3110000145,3110000145,v4_native,,WMP.1195,Situational Awareness and Forecasting,Grid Monitoring Systems,,CAPEX,HFTD,$ Thousands,3060.8414391090078,,,2026,2024 GRC,,,,,WMP.1444-Grid Monitoring Systems Data Integration,Not Applicable,SDG&E,2025,v4.01 Annual-EOY,Annual-EOY,SDGE_2025_EOY_table11.xlsx,Table11,147,U147,https://efiling.energysafety.ca.gov/eFiling/Getfile.aspx?fileid=58132&shareable=true
T11R-22534b238102fb9c,T11-b349e41c9d65f5,3110000146,3110000146,v4_native,,WMP.1195,Situational Awareness and Forecasting,Grid Monitoring Systems,,OPEX,Territory,$ Thousands,85.72656999999998,,,2026,2024 GRC,,,,,WMP.1444-Grid Monitoring Systems Data Integration,Not Applicable,SDG&E,2025,v4.01 Annual-EOY,Annual-EOY,SDGE_2025_EOY_table11.xlsx,Table11,148,U148,https://efiling.energysafety.ca.gov/eFiling/Getfile.aspx?fileid=58132&shareable=true
T11R-c2837b7348b5ef22,T11-b349e41c9d65f5,3110000147,3110000147,v4_native,,WMP.1195,Situational Awareness and Forecasting,Grid Monitoring Systems,,OPEX,HFTD,$ Thousands,45.22582826771652,,,2026,2024 GRC,,,,,WMP.1444-Grid Monitoring Systems Data Integration,Not Applicable,SDG&E,2025,v4.01 Annual-EOY,Annual-EOY,SDGE_2025_EOY_table11.xlsx,Table11,149,U149,https://efiling.energysafety.ca.gov/eFiling/Getfile.aspx?fileid=58132&shareable=true
T11R-bcece7daa9587241,T11-2e1e506b0bc263,3110000148,3110000148,v4_native,,,Situational Awareness and Forecasting,Ignition Detection Systems,,CAPEX,Territory,$ Thousands,,,,2026,2024 GRC,,,,,,Not Applicable,SDG&E,2025,v4.01 Annual-EOY,Annual-EOY,SDGE_2025_EOY_table11.xlsx,Table11,150,U150,https://efiling.energysafety.ca.gov/eFiling/Getfile.aspx?fileid=58132&shareable=true
T11R-b52066cd29f04eba,T11-2e1e506b0bc263,3110000149,3110000149,v4_native,,,Situational Awareness and Forecasting,Ignition Detection Systems,,CAPEX,HFTD,$ Thousands,,,,2026,2024 GRC,,,,,,Not Applicable,SDG&E,2025,v4.01 Annual-EOY,Annual-EOY,SDGE_2025_EOY_table11.xlsx,Table11,151,U151,https://efiling.energysafety.ca.gov/eFiling/Getfile.aspx?fileid=58132&shareable=true
T11R-28b139e7ee58ac99,T11-2e1e506b0bc263,3110000150,3110000150,v4_native,,,Situational Awareness and Forecasting,Ignition Detection Systems,,OPEX,Territory,$ Thousands,,,,2026,2024 GRC,,,,,,Not Applicable,SDG&E,2025,v4.01 Annual-EOY,Annual-EOY,SDGE_2025_EOY_table11.xlsx,Table11,152,U152,https://efiling.energysafety.ca.gov/eFiling/Getfile.aspx?fileid=58132&shareable=true
T11R-64e36a03e8276909,T11-2e1e506b0bc263,3110000151,3110000151,v4_native,,,Situational Awareness and Forecasting,Ignition Detection Systems,,OPEX,HFTD,$ Thousands,,,,2026,2024 GRC,,,,,,Not Applicable,SDG&E,2025,v4.01 Annual-EOY,Annual-EOY,SDGE_2025_EOY_table11.xlsx,Table11,153,U153,https://efiling.energysafety.ca.gov/eFiling/Getfile.aspx?fileid=58132&shareable=true
T11R-5fe64063a9777070,T11-cbd5f73ae75b86,3110000152,3110000152,v4_native,,WMP.1430;WMP.443,Situational Awareness and Forecasting,Weather Forecasting,,CAPEX,Territory,$ Thousands,75.1310467872,,,2010,2024 GRC,WMPMA,Exceeds,P.U. Code § 451,,WMP.443-Weather Forecasting;WMP.1430-Weather Station Maintenance and Calibration,Not Applicable,SDG&E,2025,v4.01 Annual-EOY,Annual-EOY,SDGE_2025_EOY_table11.xlsx,Table11,154,U154,https://efiling.energysafety.ca.gov/eFiling/Getfile.aspx?fileid=58132&shareable=true
T11R-7c59e7482210af47,T11-cbd5f73ae75b86,3110000153,3110000153,v4_native,,WMP.1430;WMP.443,Situational Awareness and Forecasting,Weather Forecasting,,CAPEX,HFTD,$ Thousands,67.47881054035555,,,2010,2024 GRC,WMPMA,Exceeds,P.U. Code § 451,,WMP.443-Weather Forecasting;WMP.1430-Weather Station Maintenance and Calibration,Not Applicable,SDG&E,2025,v4.01 Annual-EOY,Annual-EOY,SDGE_2025_EOY_table11.xlsx,Table11,155,U155,https://efiling.energysafety.ca.gov/eFiling/Getfile.aspx?fileid=58132&shareable=true
T11R-89df8049da1db6ab,T11-cbd5f73ae75b86,3110000154,3110000154,v4_native,,WMP.1430;WMP.443,Situational Awareness and Forecasting,Weather Forecasting,,OPEX,Territory,$ Thousands,0,,,2010,2024 GRC,WMPMA,Exceeds,P.U. Code § 451,,WMP.443-Weather Forecasting;WMP.1430-Weather Station Maintenance and Calibration,Not Applicable,SDG&E,2025,v4.01 Annual-EOY,Annual-EOY,SDGE_2025_EOY_table11.xlsx,Table11,156,U156,https://efiling.energysafety.ca.gov/eFiling/Getfile.aspx?fileid=58132&shareable=true
T11R-b538556b527de25d,T11-cbd5f73ae75b86,3110000155,3110000155,v4_native,,WMP.1430;WMP.443,Situational Awareness and Forecasting,Weather Forecasting,,OPEX,HFTD,$ Thousands,0,,,2010,2024 GRC,WMPMA,Exceeds,P.U. Code § 451,,WMP.443-Weather Forecasting;WMP.1430-Weather Station Maintenance and Calibration,Not Applicable,SDG&E,2025,v4.01 Annual-EOY,Annual-EOY,SDGE_2025_EOY_table11.xlsx,Table11,157,U157,https://efiling.energysafety.ca.gov/eFiling/Getfile.aspx?fileid=58132&shareable=true
T11R-1d6ffc05cfb94f2c,T11-fba51635244918,3110000156,3110000156,v4_native,,WMP.450,Situational Awareness and Forecasting,Fire Potential Index,,CAPEX,Territory,$ Thousands,-1219.20079720896,,,2012,2024 GRC,,,,,WMP.0450-Fire potential index,Not Applicable,SDG&E,2025,v4.01 Annual-EOY,Annual-EOY,SDGE_2025_EOY_table11.xlsx,Table11,158,U158,https://efiling.energysafety.ca.gov/eFiling/Getfile.aspx?fileid=58132&shareable=true
T11R-d43a4166b47f216c,T11-fba51635244918,3110000157,3110000157,v4_native,,WMP.450,Situational Awareness and Forecasting,Fire Potential Index,,CAPEX,HFTD,$ Thousands,-1219.20079720896,,,2012,2024 GRC,,,,,WMP.0450-Fire potential index,Not Applicable,SDG&E,2025,v4.01 Annual-EOY,Annual-EOY,SDGE_2025_EOY_table11.xlsx,Table11,159,U159,https://efiling.energysafety.ca.gov/eFiling/Getfile.aspx?fileid=58132&shareable=true
T11R-349477bd4910c687,T11-fba51635244918,3110000158,3110000158,v4_native,,WMP.450,Situational Awareness and Forecasting,Fire Potential Index,,OPEX,Territory,$ Thousands,4231.86837,,,2012,2024 GRC,,,,,WMP.0450-Fire potential index,Not Applicable,SDG&E,2025,v4.01 Annual-EOY,Annual-EOY,SDGE_2025_EOY_table11.xlsx,Table11,160,U160,https://efiling.energysafety.ca.gov/eFiling/Getfile.aspx?fileid=58132&shareable=true
T11R-5387f26694ba216e,T11-fba51635244918,3110000159,3110000159,v4_native,,WMP.450,Situational Awareness and Forecasting,Fire Potential Index,,OPEX,HFTD,$ Thousands,4231.86837,,,2012,2024 GRC,,,,,WMP.0450-Fire potential index,Not Applicable,SDG&E,2025,v4.01 Annual-EOY,Annual-EOY,SDGE_2025_EOY_table11.xlsx,Table11,161,U161,https://efiling.energysafety.ca.gov/eFiling/Getfile.aspx?fileid=58132&shareable=true
T11R-218d4a91e73877b5,T11-97310a8a81f2f1,3110000160,3110000160,v4_native,,WMP.1008;WMP.1009;WMP.1198;WMP.514;WMP.532;WMP.557,"Emergency Preparedness, Collaboration and Public Awareness",Emergency Preparedness and Recovery Plan,,CAPEX,Territory,$ Thousands,3976.1410260569783,PSPS Vulnerability,,2013,2024 GRC,WMPMA,,,,WMP.0514-Wildfire Infrastructure Protection Teams;WMP.0532-Engagement with AFN Populations Total;WMP.0557-Aviation Firefighting Program;WMP.1008-Emergency Preparedness and Recovery Plan,Not Applicable,SDG&E,2025,v4.01 Annual-EOY,Annual-EOY,SDGE_2025_EOY_table11.xlsx,Table11,162,U162,https://efiling.energysafety.ca.gov/eFiling/Getfile.aspx?fileid=58132&shareable=true
T11R-b11c29623c30ea2a,T11-97310a8a81f2f1,3110000161,3110000161,v4_native,,WMP.1008;WMP.1009;WMP.1198;WMP.514;WMP.532;WMP.557,"Emergency Preparedness, Collaboration and Public Awareness",Emergency Preparedness and Recovery Plan,,CAPEX,HFTD,$ Thousands,3976.1410260569783,PSPS Vulnerability,,2013,2024 GRC,WMPMA,,,,WMP.0514-Wildfire Infrastructure Protection Teams;WMP.0532-Engagement with AFN Populations Total;WMP.0557-Aviation Firefighting Program;WMP.1008-Emergency Preparedness and Recovery Plan,Not Applicable,SDG&E,2025,v4.01 Annual-EOY,Annual-EOY,SDGE_2025_EOY_table11.xlsx,Table11,163,U163,https://efiling.energysafety.ca.gov/eFiling/Getfile.aspx?fileid=58132&shareable=true
T11R-d62c609a161f9a6a,T11-97310a8a81f2f1,3110000162,3110000162,v4_native,,WMP.1008;WMP.1009;WMP.1198;WMP.514;WMP.532;WMP.557,"Emergency Preparedness, Collaboration and Public Awareness",Emergency Preparedness and Recovery Plan,,OPEX,Territory,$ Thousands,40440.55881999999,PSPS Vulnerability,,2013,2024 GRC,WMPMA,,,,WMP.0514-Wildfire Infrastructure Protection Teams;WMP.0532-Engagement with AFN Populations Total;WMP.0557-Aviation Firefighting Program;WMP.1008-Emergency Preparedness and Recovery Plan,Not Applicable,SDG&E,2025,v4.01 Annual-EOY,Annual-EOY,SDGE_2025_EOY_table11.xlsx,Table11,164,U164,https://efiling.energysafety.ca.gov/eFiling/Getfile.aspx?fileid=58132&shareable=true
T11R-56cabb4b721acac8,T11-97310a8a81f2f1,3110000163,3110000163,v4_native,,WMP.1008;WMP.1009;WMP.1198;WMP.514;WMP.532;WMP.557,"Emergency Preparedness, Collaboration and Public Awareness",Emergency Preparedness and Recovery Plan,,OPEX,HFTD,$ Thousands,40440.55881999999,PSPS Vulnerability,,2013,2024 GRC,WMPMA,,,,WMP.0514-Wildfire Infrastructure Protection Teams;WMP.0532-Engagement with AFN Populations Total;WMP.0557-Aviation Firefighting Program;WMP.1008-Emergency Preparedness and Recovery Plan,Not Applicable,SDG&E,2025,v4.01 Annual-EOY,Annual-EOY,SDGE_2025_EOY_table11.xlsx,Table11,165,U165,https://efiling.energysafety.ca.gov/eFiling/Getfile.aspx?fileid=58132&shareable=true
T11R-a5adc73149199ec8,T11-900fca4a60b69b,3110000164,3110000164,v4_native,,WMP.1199;WMP.1200;WMP.1201;WMP.1337,"Emergency Preparedness, Collaboration and Public Awareness",External Collaboration and Coordination,,CAPEX,Territory,$ Thousands,,PSPS Vulnerability,,2013,2024 GRC,,,,,WMP.1337-Community Engagement;WMP.1454-External Collaboration and Coordination,Not Applicable,SDG&E,2025,v4.01 Annual-EOY,Annual-EOY,SDGE_2025_EOY_table11.xlsx,Table11,166,U166,https://efiling.energysafety.ca.gov/eFiling/Getfile.aspx?fileid=58132&shareable=true
T11R-de309aa72a274fc3,T11-900fca4a60b69b,3110000165,3110000165,v4_native,,WMP.1199;WMP.1200;WMP.1201;WMP.1337,"Emergency Preparedness, Collaboration and Public Awareness",External Collaboration and Coordination,,CAPEX,HFTD,$ Thousands,,PSPS Vulnerability,,2013,2024 GRC,,,,,WMP.1337-Community Engagement;WMP.1454-External Collaboration and Coordination,Not Applicable,SDG&E,2025,v4.01 Annual-EOY,Annual-EOY,SDGE_2025_EOY_table11.xlsx,Table11,167,U167,https://efiling.energysafety.ca.gov/eFiling/Getfile.aspx?fileid=58132&shareable=true
T11R-f10d4c4198ec7c72,T11-900fca4a60b69b,3110000166,3110000166,v4_native,,WMP.1199;WMP.1200;WMP.1201;WMP.1337,"Emergency Preparedness, Collaboration and Public Awareness",External Collaboration and Coordination,,OPEX,Territory,$ Thousands,,PSPS Vulnerability,,2013,2024 GRC,,,,,WMP.1337-Community Engagement;WMP.1454-External Collaboration and Coordination,Not Applicable,SDG&E,2025,v4.01 Annual-EOY,Annual-EOY,SDGE_2025_EOY_table11.xlsx,Table11,168,U168,https://efiling.energysafety.ca.gov/eFiling/Getfile.aspx?fileid=58132&shareable=true
T11R-a97f1c8318a9d8bf,T11-900fca4a60b69b,3110000167,3110000167,v4_native,,WMP.1199;WMP.1200;WMP.1201;WMP.1337,"Emergency Preparedness, Collaboration and Public Awareness",External Collaboration and Coordination,,OPEX,HFTD,$ Thousands,,PSPS Vulnerability,,2013,2024 GRC,,,,,WMP.1337-Community Engagement;WMP.1454-External Collaboration and Coordination,Not Applicable,SDG&E,2025,v4.01 Annual-EOY,Annual-EOY,SDGE_2025_EOY_table11.xlsx,Table11,169,U169,https://efiling.energysafety.ca.gov/eFiling/Getfile.aspx?fileid=58132&shareable=true
T11R-8b2cf4d44cea19f3,T11-7c843e2300f623,3110000168,3110000168,v4_native,,WMP.527;WMP.563,"Emergency Preparedness, Collaboration and Public Awareness","Public Communication, Outreach, and Education Awareness",,CAPEX,Territory,$ Thousands,8341.95571987808,PSPS Vulnerability,,2013,2024 GRC,,Exceeds,P.U. Code § 451,,WMP.0527-Public Outreach and Education Awareness;WMP.0563-Public Emergency Communication Strategy,Not Applicable,SDG&E,2025,v4.01 Annual-EOY,Annual-EOY,SDGE_2025_EOY_table11.xlsx,Table11,170,U170,https://efiling.energysafety.ca.gov/eFiling/Getfile.aspx?fileid=58132&shareable=true
T11R-e79a5a0020d6db6e,T11-7c843e2300f623,3110000169,3110000169,v4_native,,WMP.527;WMP.563,"Emergency Preparedness, Collaboration and Public Awareness","Public Communication, Outreach, and Education Awareness",,CAPEX,HFTD,$ Thousands,8341.95571987808,PSPS Vulnerability,,2013,2024 GRC,,Exceeds,P.U. Code § 451,,WMP.0527-Public Outreach and Education Awareness;WMP.0563-Public Emergency Communication Strategy,Not Applicable,SDG&E,2025,v4.01 Annual-EOY,Annual-EOY,SDGE_2025_EOY_table11.xlsx,Table11,171,U171,https://efiling.energysafety.ca.gov/eFiling/Getfile.aspx?fileid=58132&shareable=true
T11R-1e49c5110cf2572b,T11-7c843e2300f623,3110000170,3110000170,v4_native,,WMP.527;WMP.563,"Emergency Preparedness, Collaboration and Public Awareness","Public Communication, Outreach, and Education Awareness",,OPEX,Territory,$ Thousands,9290.818075,PSPS Vulnerability,,2013,2024 GRC,,Exceeds,P.U. Code § 451,,WMP.0527-Public Outreach and Education Awareness;WMP.0563-Public Emergency Communication Strategy,Not Applicable,SDG&E,2025,v4.01 Annual-EOY,Annual-EOY,SDGE_2025_EOY_table11.xlsx,Table11,172,U172,https://efiling.energysafety.ca.gov/eFiling/Getfile.aspx?fileid=58132&shareable=true
T11R-c8dd2f083166be6d,T11-7c843e2300f623,3110000171,3110000171,v4_native,,WMP.527;WMP.563,"Emergency Preparedness, Collaboration and Public Awareness","Public Communication, Outreach, and Education Awareness",,OPEX,HFTD,$ Thousands,9290.818075,PSPS Vulnerability,,2013,2024 GRC,,Exceeds,P.U. Code § 451,,WMP.0527-Public Outreach and Education Awareness;WMP.0563-Public Emergency Communication Strategy,Not Applicable,SDG&E,2025,v4.01 Annual-EOY,Annual-EOY,SDGE_2025_EOY_table11.xlsx,Table11,173,U173,https://efiling.energysafety.ca.gov/eFiling/Getfile.aspx?fileid=58132&shareable=true
T11R-41528a602734381a,T11-5c1495e84d8e6e,3110000172,3110000172,v4_native,,WMP.1007,"Emergency Preparedness, Collaboration and Public Awareness",Customer Support in Wildfire and PSPS Emergencies,,CAPEX,Territory,$ Thousands,,PSPS Vulnerability,,,2024 GRC,,,,,WMP.1455-Customer Support in Wildfire and PSPS Emergencies,Not Applicable,SDG&E,2025,v4.01 Annual-EOY,Annual-EOY,SDGE_2025_EOY_table11.xlsx,Table11,174,U174,https://efiling.energysafety.ca.gov/eFiling/Getfile.aspx?fileid=58132&shareable=true
T11R-bfde3774708cbecf,T11-5c1495e84d8e6e,3110000173,3110000173,v4_native,,WMP.1007,"Emergency Preparedness, Collaboration and Public Awareness",Customer Support in Wildfire and PSPS Emergencies,,CAPEX,HFTD,$ Thousands,,PSPS Vulnerability,,,2024 GRC,,,,,WMP.1455-Customer Support in Wildfire and PSPS Emergencies,Not Applicable,SDG&E,2025,v4.01 Annual-EOY,Annual-EOY,SDGE_2025_EOY_table11.xlsx,Table11,175,U175,https://efiling.energysafety.ca.gov/eFiling/Getfile.aspx?fileid=58132&shareable=true
T11R-7ffe1719df47d007,T11-5c1495e84d8e6e,3110000174,3110000174,v4_native,,WMP.1007,"Emergency Preparedness, Collaboration and Public Awareness",Customer Support in Wildfire and PSPS Emergencies,,OPEX,Territory,$ Thousands,,PSPS Vulnerability,,,2024 GRC,,,,,WMP.1455-Customer Support in Wildfire and PSPS Emergencies,Not Applicable,SDG&E,2025,v4.01 Annual-EOY,Annual-EOY,SDGE_2025_EOY_table11.xlsx,Table11,176,U176,https://efiling.energysafety.ca.gov/eFiling/Getfile.aspx?fileid=58132&shareable=true
T11R-c976de90aa102514,T11-5c1495e84d8e6e,3110000175,3110000175,v4_native,,WMP.1007,"Emergency Preparedness, Collaboration and Public Awareness",Customer Support in Wildfire and PSPS Emergencies,,OPEX,HFTD,$ Thousands,,PSPS Vulnerability,,,2024 GRC,,,,,WMP.1455-Customer Support in Wildfire and PSPS Emergencies,Not Applicable,SDG&E,2025,v4.01 Annual-EOY,Annual-EOY,SDGE_2025_EOY_table11.xlsx,Table11,177,U177,https://efiling.energysafety.ca.gov/eFiling/Getfile.aspx?fileid=58132&shareable=true
T11R-2d76dbaa5f994430,T11-f654ca05889ca0,3110000176,3110000176,v4_native,,WMP.511;WMP.519,Enterprise Systems,Enterprise Systems Development,,CAPEX,Territory,$ Thousands,3389.5670560960803,,,2002,2024 GRC,,,,,WMP.0511-Vegetation Management Enterprise System;WMP.0519-Enterprise Data Foundation;WMP.1457-Asset Management and Inspection Enterprise System;WMP.1464-Vegetation Management Enterprise System - Advanced Analytics,Not Applicable,SDG&E,2025,v4.01 Annual-EOY,Annual-EOY,SDGE_2025_EOY_table11.xlsx,Table11,178,U178,https://efiling.energysafety.ca.gov/eFiling/Getfile.aspx?fileid=58132&shareable=true
T11R-15d6a6cc8a3a6778,T11-f654ca05889ca0,3110000177,3110000177,v4_native,,WMP.511;WMP.519,Enterprise Systems,Enterprise Systems Development,,CAPEX,HFTD,$ Thousands,3389.5670560960803,,,2002,2024 GRC,,,,,WMP.0511-Vegetation Management Enterprise System;WMP.0519-Enterprise Data Foundation;WMP.1457-Asset Management and Inspection Enterprise System;WMP.1464-Vegetation Management Enterprise System - Advanced Analytics,Not Applicable,SDG&E,2025,v4.01 Annual-EOY,Annual-EOY,SDGE_2025_EOY_table11.xlsx,Table11,179,U179,https://efiling.energysafety.ca.gov/eFiling/Getfile.aspx?fileid=58132&shareable=true
T11R-77e821cbc5217fea,T11-f654ca05889ca0,3110000178,3110000178,v4_native,,WMP.511;WMP.519,Enterprise Systems,Enterprise Systems Development,,OPEX,Territory,$ Thousands,1224.73547,,,2002,2024 GRC,,,,,WMP.0511-Vegetation Management Enterprise System;WMP.0519-Enterprise Data Foundation;WMP.1457-Asset Management and Inspection Enterprise System;WMP.1464-Vegetation Management Enterprise System - Advanced Analytics,Not Applicable,SDG&E,2025,v4.01 Annual-EOY,Annual-EOY,SDGE_2025_EOY_table11.xlsx,Table11,180,U180,https://efiling.energysafety.ca.gov/eFiling/Getfile.aspx?fileid=58132&shareable=true
T11R-d075138318bc1f24,T11-f654ca05889ca0,3110000179,3110000179,v4_native,,WMP.511;WMP.519,Enterprise Systems,Enterprise Systems Development,,OPEX,HFTD,$ Thousands,1224.73547,,,2002,2024 GRC,,,,,WMP.0511-Vegetation Management Enterprise System;WMP.0519-Enterprise Data Foundation;WMP.1457-Asset Management and Inspection Enterprise System;WMP.1464-Vegetation Management Enterprise System - Advanced Analytics,Not Applicable,SDG&E,2025,v4.01 Annual-EOY,Annual-EOY,SDGE_2025_EOY_table11.xlsx,Table11,181,U181,https://efiling.energysafety.ca.gov/eFiling/Getfile.aspx?fileid=58132&shareable=true
