metric_number,metric_group_crosswalk,legacy_metric_number_crosswalk,crosswalk_status,metric,definition,purpose,assumptions_made_to_connect_metric_to_purpose,third_party_validation,unit_canonical,actual_value_canonical,value_conversion,comments,blank_meaning,utility_id,reporting_year,reporting_quarter,schema_version,source_revision,source_report_quarter,source_file,source_sheet,source_row,source_value_cell,source_number_format,guideline_url
1030000000,1. Elevated FPI and Red Flag Warning Days,1.a.,exact_metric_name_and_unit,Number of High FPI days (elevated or extreme FPI),Number of High FPI days (elevated or extreme FPI),,Elevated or extreme FPI is associated with greater wildfire risk,No,Days,0,,,,SDG&E,2023,1,v3.1,0,4,SDGE_2023_Q4_Tables1-15.xlsx,Table 3,10,N10,General,https://efiling.energysafety.ca.gov/eFiling/Getfile.aspx?fileid=53475&shareable=true
1030000000,1. Elevated FPI and Red Flag Warning Days,1.a.,exact_metric_name_and_unit,Number of High FPI days (elevated or extreme FPI),Number of High FPI days (elevated or extreme FPI),,Elevated or extreme FPI is associated with greater wildfire risk,No,Days,7,,,,SDG&E,2023,2,v3.1,0,4,SDGE_2023_Q4_Tables1-15.xlsx,Table 3,10,O10,General,https://efiling.energysafety.ca.gov/eFiling/Getfile.aspx?fileid=53475&shareable=true
1030000000,1. Elevated FPI and Red Flag Warning Days,1.a.,exact_metric_name_and_unit,Number of High FPI days (elevated or extreme FPI),Number of High FPI days (elevated or extreme FPI),,Elevated or extreme FPI is associated with greater wildfire risk,No,Days,71,,,,SDG&E,2023,3,v3.1,0,4,SDGE_2023_Q4_Tables1-15.xlsx,Table 3,10,P10,General,https://efiling.energysafety.ca.gov/eFiling/Getfile.aspx?fileid=53475&shareable=true
1030000000,1. Elevated FPI and Red Flag Warning Days,1.a.,exact_metric_name_and_unit,Number of High FPI days (elevated or extreme FPI),Number of High FPI days (elevated or extreme FPI),,Elevated or extreme FPI is associated with greater wildfire risk,No,Days,25,,,,SDG&E,2023,4,v3.1,0,4,SDGE_2023_Q4_Tables1-15.xlsx,Table 3,10,Q10,General,https://efiling.energysafety.ca.gov/eFiling/Getfile.aspx?fileid=53475&shareable=true
1030000001,1. Elevated FPI and Red Flag Warning Days,1.b.,exact_metric_name_and_unit,Number of RFW days,Number of RFW days,,RFW is associated with greater wildfire risk.,No,Days,0,,,,SDG&E,2023,1,v3.1,0,4,SDGE_2023_Q4_Tables1-15.xlsx,Table 3,11,N11,General,https://efiling.energysafety.ca.gov/eFiling/Getfile.aspx?fileid=53475&shareable=true
1030000001,1. Elevated FPI and Red Flag Warning Days,1.b.,exact_metric_name_and_unit,Number of RFW days,Number of RFW days,,RFW is associated with greater wildfire risk.,No,Days,0,,,,SDG&E,2023,2,v3.1,0,4,SDGE_2023_Q4_Tables1-15.xlsx,Table 3,11,O11,General,https://efiling.energysafety.ca.gov/eFiling/Getfile.aspx?fileid=53475&shareable=true
1030000001,1. Elevated FPI and Red Flag Warning Days,1.b.,exact_metric_name_and_unit,Number of RFW days,Number of RFW days,,RFW is associated with greater wildfire risk.,No,Days,0,,,,SDG&E,2023,3,v3.1,0,4,SDGE_2023_Q4_Tables1-15.xlsx,Table 3,11,P11,General,https://efiling.energysafety.ca.gov/eFiling/Getfile.aspx?fileid=53475&shareable=true
1030000001,1. Elevated FPI and Red Flag Warning Days,1.b.,exact_metric_name_and_unit,Number of RFW days,Number of RFW days,,RFW is associated with greater wildfire risk.,No,Days,0,,,,SDG&E,2023,4,v3.1,0,4,SDGE_2023_Q4_Tables1-15.xlsx,Table 3,11,Q11,General,https://efiling.energysafety.ca.gov/eFiling/Getfile.aspx?fileid=53475&shareable=true
1030000002,2. Ignition Events,2.a.,exact_metric_name_and_unit,Vegetation caused ignitons in HFTD with elevated or higher FPI,Vegetation caused ignitons in HFTD with elevated or higher FPI,,,No,Ignitions,0,,,,SDG&E,2023,1,v3.1,0,4,SDGE_2023_Q4_Tables1-15.xlsx,Table 3,12,N12,General,https://efiling.energysafety.ca.gov/eFiling/Getfile.aspx?fileid=53475&shareable=true
1030000002,2. Ignition Events,2.a.,exact_metric_name_and_unit,Vegetation caused ignitons in HFTD with elevated or higher FPI,Vegetation caused ignitons in HFTD with elevated or higher FPI,,,No,Ignitions,0,,,,SDG&E,2023,2,v3.1,0,4,SDGE_2023_Q4_Tables1-15.xlsx,Table 3,12,O12,General,https://efiling.energysafety.ca.gov/eFiling/Getfile.aspx?fileid=53475&shareable=true
1030000002,2. Ignition Events,2.a.,exact_metric_name_and_unit,Vegetation caused ignitons in HFTD with elevated or higher FPI,Vegetation caused ignitons in HFTD with elevated or higher FPI,,,No,Ignitions,0,,,,SDG&E,2023,3,v3.1,0,4,SDGE_2023_Q4_Tables1-15.xlsx,Table 3,12,P12,General,https://efiling.energysafety.ca.gov/eFiling/Getfile.aspx?fileid=53475&shareable=true
1030000002,2. Ignition Events,2.a.,exact_metric_name_and_unit,Vegetation caused ignitons in HFTD with elevated or higher FPI,Vegetation caused ignitons in HFTD with elevated or higher FPI,,,No,Ignitions,0,,,,SDG&E,2023,4,v3.1,0,4,SDGE_2023_Q4_Tables1-15.xlsx,Table 3,12,Q12,General,https://efiling.energysafety.ca.gov/eFiling/Getfile.aspx?fileid=53475&shareable=true
1030000003,2. Ignition Events,2.b.,exact_metric_name_and_unit,Vegetation caused ignitons in HFTD with RFW,Vegetation caused ignitons in HFTD with RFW,,,No,Ignitions,0,,,,SDG&E,2023,1,v3.1,0,4,SDGE_2023_Q4_Tables1-15.xlsx,Table 3,13,N13,General,https://efiling.energysafety.ca.gov/eFiling/Getfile.aspx?fileid=53475&shareable=true
1030000003,2. Ignition Events,2.b.,exact_metric_name_and_unit,Vegetation caused ignitons in HFTD with RFW,Vegetation caused ignitons in HFTD with RFW,,,No,Ignitions,0,,,,SDG&E,2023,2,v3.1,0,4,SDGE_2023_Q4_Tables1-15.xlsx,Table 3,13,O13,General,https://efiling.energysafety.ca.gov/eFiling/Getfile.aspx?fileid=53475&shareable=true
1030000003,2. Ignition Events,2.b.,exact_metric_name_and_unit,Vegetation caused ignitons in HFTD with RFW,Vegetation caused ignitons in HFTD with RFW,,,No,Ignitions,0,,,,SDG&E,2023,3,v3.1,0,4,SDGE_2023_Q4_Tables1-15.xlsx,Table 3,13,P13,General,https://efiling.energysafety.ca.gov/eFiling/Getfile.aspx?fileid=53475&shareable=true
1030000003,2. Ignition Events,2.b.,exact_metric_name_and_unit,Vegetation caused ignitons in HFTD with RFW,Vegetation caused ignitons in HFTD with RFW,,,No,Ignitions,0,,,,SDG&E,2023,4,v3.1,0,4,SDGE_2023_Q4_Tables1-15.xlsx,Table 3,13,Q13,General,https://efiling.energysafety.ca.gov/eFiling/Getfile.aspx?fileid=53475&shareable=true
1030000004,2. Ignition Events,2.c.,exact_metric_name_and_unit,Equipment caused ignitions in HFTD with elevated or higher FPI,Equipment caused ignitions in HFTD with elevated or higher FPI,,,No,Ignitions,0,,,,SDG&E,2023,1,v3.1,0,4,SDGE_2023_Q4_Tables1-15.xlsx,Table 3,14,N14,General,https://efiling.energysafety.ca.gov/eFiling/Getfile.aspx?fileid=53475&shareable=true
1030000004,2. Ignition Events,2.c.,exact_metric_name_and_unit,Equipment caused ignitions in HFTD with elevated or higher FPI,Equipment caused ignitions in HFTD with elevated or higher FPI,,,No,Ignitions,0,,,,SDG&E,2023,2,v3.1,0,4,SDGE_2023_Q4_Tables1-15.xlsx,Table 3,14,O14,General,https://efiling.energysafety.ca.gov/eFiling/Getfile.aspx?fileid=53475&shareable=true
1030000004,2. Ignition Events,2.c.,exact_metric_name_and_unit,Equipment caused ignitions in HFTD with elevated or higher FPI,Equipment caused ignitions in HFTD with elevated or higher FPI,,,No,Ignitions,0,,,,SDG&E,2023,3,v3.1,0,4,SDGE_2023_Q4_Tables1-15.xlsx,Table 3,14,P14,General,https://efiling.energysafety.ca.gov/eFiling/Getfile.aspx?fileid=53475&shareable=true
1030000004,2. Ignition Events,2.c.,exact_metric_name_and_unit,Equipment caused ignitions in HFTD with elevated or higher FPI,Equipment caused ignitions in HFTD with elevated or higher FPI,,,No,Ignitions,1,,,,SDG&E,2023,4,v3.1,0,4,SDGE_2023_Q4_Tables1-15.xlsx,Table 3,14,Q14,General,https://efiling.energysafety.ca.gov/eFiling/Getfile.aspx?fileid=53475&shareable=true
1030000005,2. Ignition Events,2.d.,exact_metric_name_and_unit,Equipment caused ignitions in HFTD with RFW,Equipment caused ignitions in HFTD with RFW,,,No,Ignitions,0,,,,SDG&E,2023,1,v3.1,0,4,SDGE_2023_Q4_Tables1-15.xlsx,Table 3,15,N15,General,https://efiling.energysafety.ca.gov/eFiling/Getfile.aspx?fileid=53475&shareable=true
1030000005,2. Ignition Events,2.d.,exact_metric_name_and_unit,Equipment caused ignitions in HFTD with RFW,Equipment caused ignitions in HFTD with RFW,,,No,Ignitions,0,,,,SDG&E,2023,2,v3.1,0,4,SDGE_2023_Q4_Tables1-15.xlsx,Table 3,15,O15,General,https://efiling.energysafety.ca.gov/eFiling/Getfile.aspx?fileid=53475&shareable=true
1030000005,2. Ignition Events,2.d.,exact_metric_name_and_unit,Equipment caused ignitions in HFTD with RFW,Equipment caused ignitions in HFTD with RFW,,,No,Ignitions,0,,,,SDG&E,2023,3,v3.1,0,4,SDGE_2023_Q4_Tables1-15.xlsx,Table 3,15,P15,General,https://efiling.energysafety.ca.gov/eFiling/Getfile.aspx?fileid=53475&shareable=true
1030000005,2. Ignition Events,2.d.,exact_metric_name_and_unit,Equipment caused ignitions in HFTD with RFW,Equipment caused ignitions in HFTD with RFW,,,No,Ignitions,0,,,,SDG&E,2023,4,v3.1,0,4,SDGE_2023_Q4_Tables1-15.xlsx,Table 3,15,Q15,General,https://efiling.energysafety.ca.gov/eFiling/Getfile.aspx?fileid=53475&shareable=true
1030000006,2. Ignition Events,2.e.,exact_metric_name_and_unit,Balloons caused ignitions in HFTD with elevated or higher FPI,Balloons caused ignitions in HFTD with elevated or higher FPI,,,No,Ignitions,0,,,,SDG&E,2023,1,v3.1,0,4,SDGE_2023_Q4_Tables1-15.xlsx,Table 3,16,N16,General,https://efiling.energysafety.ca.gov/eFiling/Getfile.aspx?fileid=53475&shareable=true
1030000006,2. Ignition Events,2.e.,exact_metric_name_and_unit,Balloons caused ignitions in HFTD with elevated or higher FPI,Balloons caused ignitions in HFTD with elevated or higher FPI,,,No,Ignitions,0,,,,SDG&E,2023,2,v3.1,0,4,SDGE_2023_Q4_Tables1-15.xlsx,Table 3,16,O16,General,https://efiling.energysafety.ca.gov/eFiling/Getfile.aspx?fileid=53475&shareable=true
1030000006,2. Ignition Events,2.e.,exact_metric_name_and_unit,Balloons caused ignitions in HFTD with elevated or higher FPI,Balloons caused ignitions in HFTD with elevated or higher FPI,,,No,Ignitions,0,,,,SDG&E,2023,3,v3.1,0,4,SDGE_2023_Q4_Tables1-15.xlsx,Table 3,16,P16,General,https://efiling.energysafety.ca.gov/eFiling/Getfile.aspx?fileid=53475&shareable=true
1030000006,2. Ignition Events,2.e.,exact_metric_name_and_unit,Balloons caused ignitions in HFTD with elevated or higher FPI,Balloons caused ignitions in HFTD with elevated or higher FPI,,,No,Ignitions,0,,,,SDG&E,2023,4,v3.1,0,4,SDGE_2023_Q4_Tables1-15.xlsx,Table 3,16,Q16,General,https://efiling.energysafety.ca.gov/eFiling/Getfile.aspx?fileid=53475&shareable=true
1030000007,2. Ignition Events,2.f.,exact_metric_name_and_unit,Balloons caused ignitions in HFTD with RFW,Balloons caused ignitions in HFTD with RFW,,,No,Ignitions,0,,,,SDG&E,2023,1,v3.1,0,4,SDGE_2023_Q4_Tables1-15.xlsx,Table 3,17,N17,General,https://efiling.energysafety.ca.gov/eFiling/Getfile.aspx?fileid=53475&shareable=true
1030000007,2. Ignition Events,2.f.,exact_metric_name_and_unit,Balloons caused ignitions in HFTD with RFW,Balloons caused ignitions in HFTD with RFW,,,No,Ignitions,0,,,,SDG&E,2023,2,v3.1,0,4,SDGE_2023_Q4_Tables1-15.xlsx,Table 3,17,O17,General,https://efiling.energysafety.ca.gov/eFiling/Getfile.aspx?fileid=53475&shareable=true
1030000007,2. Ignition Events,2.f.,exact_metric_name_and_unit,Balloons caused ignitions in HFTD with RFW,Balloons caused ignitions in HFTD with RFW,,,No,Ignitions,0,,,,SDG&E,2023,3,v3.1,0,4,SDGE_2023_Q4_Tables1-15.xlsx,Table 3,17,P17,General,https://efiling.energysafety.ca.gov/eFiling/Getfile.aspx?fileid=53475&shareable=true
1030000007,2. Ignition Events,2.f.,exact_metric_name_and_unit,Balloons caused ignitions in HFTD with RFW,Balloons caused ignitions in HFTD with RFW,,,No,Ignitions,0,,,,SDG&E,2023,4,v3.1,0,4,SDGE_2023_Q4_Tables1-15.xlsx,Table 3,17,Q17,General,https://efiling.energysafety.ca.gov/eFiling/Getfile.aspx?fileid=53475&shareable=true
1030000008,2. Ignition Events,2.g.,exact_metric_name_and_unit,Vehicles caused ignitions in HFTD with elevated or higher FPI,Vehicles caused ignitions in HFTD with elevated or higher FPI,,,No,Ignitions,0,,,,SDG&E,2023,1,v3.1,0,4,SDGE_2023_Q4_Tables1-15.xlsx,Table 3,18,N18,General,https://efiling.energysafety.ca.gov/eFiling/Getfile.aspx?fileid=53475&shareable=true
1030000008,2. Ignition Events,2.g.,exact_metric_name_and_unit,Vehicles caused ignitions in HFTD with elevated or higher FPI,Vehicles caused ignitions in HFTD with elevated or higher FPI,,,No,Ignitions,0,,,,SDG&E,2023,2,v3.1,0,4,SDGE_2023_Q4_Tables1-15.xlsx,Table 3,18,O18,General,https://efiling.energysafety.ca.gov/eFiling/Getfile.aspx?fileid=53475&shareable=true
1030000008,2. Ignition Events,2.g.,exact_metric_name_and_unit,Vehicles caused ignitions in HFTD with elevated or higher FPI,Vehicles caused ignitions in HFTD with elevated or higher FPI,,,No,Ignitions,1,,,,SDG&E,2023,3,v3.1,0,4,SDGE_2023_Q4_Tables1-15.xlsx,Table 3,18,P18,General,https://efiling.energysafety.ca.gov/eFiling/Getfile.aspx?fileid=53475&shareable=true
1030000008,2. Ignition Events,2.g.,exact_metric_name_and_unit,Vehicles caused ignitions in HFTD with elevated or higher FPI,Vehicles caused ignitions in HFTD with elevated or higher FPI,,,No,Ignitions,0,,,,SDG&E,2023,4,v3.1,0,4,SDGE_2023_Q4_Tables1-15.xlsx,Table 3,18,Q18,General,https://efiling.energysafety.ca.gov/eFiling/Getfile.aspx?fileid=53475&shareable=true
1030000009,2. Ignition Events,2.h.,exact_metric_name_and_unit,Vehicles caused ignitions in HFTD with RFW,Vehicles caused ignitions in HFTD with RFW,,,No,Ignitions,0,,,,SDG&E,2023,1,v3.1,0,4,SDGE_2023_Q4_Tables1-15.xlsx,Table 3,19,N19,General,https://efiling.energysafety.ca.gov/eFiling/Getfile.aspx?fileid=53475&shareable=true
1030000009,2. Ignition Events,2.h.,exact_metric_name_and_unit,Vehicles caused ignitions in HFTD with RFW,Vehicles caused ignitions in HFTD with RFW,,,No,Ignitions,0,,,,SDG&E,2023,2,v3.1,0,4,SDGE_2023_Q4_Tables1-15.xlsx,Table 3,19,O19,General,https://efiling.energysafety.ca.gov/eFiling/Getfile.aspx?fileid=53475&shareable=true
1030000009,2. Ignition Events,2.h.,exact_metric_name_and_unit,Vehicles caused ignitions in HFTD with RFW,Vehicles caused ignitions in HFTD with RFW,,,No,Ignitions,0,,,,SDG&E,2023,3,v3.1,0,4,SDGE_2023_Q4_Tables1-15.xlsx,Table 3,19,P19,General,https://efiling.energysafety.ca.gov/eFiling/Getfile.aspx?fileid=53475&shareable=true
1030000009,2. Ignition Events,2.h.,exact_metric_name_and_unit,Vehicles caused ignitions in HFTD with RFW,Vehicles caused ignitions in HFTD with RFW,,,No,Ignitions,0,,,,SDG&E,2023,4,v3.1,0,4,SDGE_2023_Q4_Tables1-15.xlsx,Table 3,19,Q19,General,https://efiling.energysafety.ca.gov/eFiling/Getfile.aspx?fileid=53475&shareable=true
1030000010,2. Ignition Events,2.i.,exact_metric_name_and_unit,Equipment caused ignition rate in HFTD during high FPI,Equipment caused ignition rate in HFTD during high FPI,,,No,Ignitions per high FPI day,0,,,,SDG&E,2023,1,v3.1,0,4,SDGE_2023_Q4_Tables1-15.xlsx,Table 3,20,N20,General,https://efiling.energysafety.ca.gov/eFiling/Getfile.aspx?fileid=53475&shareable=true
1030000010,2. Ignition Events,2.i.,exact_metric_name_and_unit,Equipment caused ignition rate in HFTD during high FPI,Equipment caused ignition rate in HFTD during high FPI,,,No,Ignitions per high FPI day,0,,,,SDG&E,2023,2,v3.1,0,4,SDGE_2023_Q4_Tables1-15.xlsx,Table 3,20,O20,General,https://efiling.energysafety.ca.gov/eFiling/Getfile.aspx?fileid=53475&shareable=true
1030000010,2. Ignition Events,2.i.,exact_metric_name_and_unit,Equipment caused ignition rate in HFTD during high FPI,Equipment caused ignition rate in HFTD during high FPI,,,No,Ignitions per high FPI day,0,,,,SDG&E,2023,3,v3.1,0,4,SDGE_2023_Q4_Tables1-15.xlsx,Table 3,20,P20,General,https://efiling.energysafety.ca.gov/eFiling/Getfile.aspx?fileid=53475&shareable=true
1030000010,2. Ignition Events,2.i.,exact_metric_name_and_unit,Equipment caused ignition rate in HFTD during high FPI,Equipment caused ignition rate in HFTD during high FPI,,,No,Ignitions per high FPI day,0.5,,,,SDG&E,2023,4,v3.1,0,4,SDGE_2023_Q4_Tables1-15.xlsx,Table 3,20,Q20,General,https://efiling.energysafety.ca.gov/eFiling/Getfile.aspx?fileid=53475&shareable=true
1030000011,2. Ignition Events,2.j.,exact_metric_name_and_unit,CPUC reportable secondary igntions,CPUC reportable secondary igntions,,,No,Ignitions,0,,CPUC reportable secondary ignitions is not an available driver in Table 6,,SDG&E,2023,1,v3.1,0,4,SDGE_2023_Q4_Tables1-15.xlsx,Table 3,21,N21,General,https://efiling.energysafety.ca.gov/eFiling/Getfile.aspx?fileid=53475&shareable=true
1030000011,2. Ignition Events,2.j.,exact_metric_name_and_unit,CPUC reportable secondary igntions,CPUC reportable secondary igntions,,,No,Ignitions,1,,CPUC reportable secondary ignitions is not an available driver in Table 6,,SDG&E,2023,2,v3.1,0,4,SDGE_2023_Q4_Tables1-15.xlsx,Table 3,21,O21,General,https://efiling.energysafety.ca.gov/eFiling/Getfile.aspx?fileid=53475&shareable=true
1030000011,2. Ignition Events,2.j.,exact_metric_name_and_unit,CPUC reportable secondary igntions,CPUC reportable secondary igntions,,,No,Ignitions,1,,CPUC reportable secondary ignitions is not an available driver in Table 6,,SDG&E,2023,3,v3.1,0,4,SDGE_2023_Q4_Tables1-15.xlsx,Table 3,21,P21,General,https://efiling.energysafety.ca.gov/eFiling/Getfile.aspx?fileid=53475&shareable=true
1030000011,2. Ignition Events,2.j.,exact_metric_name_and_unit,CPUC reportable secondary igntions,CPUC reportable secondary igntions,,,No,Ignitions,0,,CPUC reportable secondary ignitions is not an available driver in Table 6,,SDG&E,2023,4,v3.1,0,4,SDGE_2023_Q4_Tables1-15.xlsx,Table 3,21,Q21,General,https://efiling.energysafety.ca.gov/eFiling/Getfile.aspx?fileid=53475&shareable=true
1030000012,3. Distribution Outages,3.a.,exact_metric_name_and_unit,Vegetation caused outages in HFTD with Elevated FPI,Vegetation caused outages in HFTD with Elevated FPI,,,No,Outages,0,,,,SDG&E,2023,1,v3.1,0,4,SDGE_2023_Q4_Tables1-15.xlsx,Table 3,22,N22,General,https://efiling.energysafety.ca.gov/eFiling/Getfile.aspx?fileid=53475&shareable=true
1030000012,3. Distribution Outages,3.a.,exact_metric_name_and_unit,Vegetation caused outages in HFTD with Elevated FPI,Vegetation caused outages in HFTD with Elevated FPI,,,No,Outages,0,,,,SDG&E,2023,2,v3.1,0,4,SDGE_2023_Q4_Tables1-15.xlsx,Table 3,22,O22,General,https://efiling.energysafety.ca.gov/eFiling/Getfile.aspx?fileid=53475&shareable=true
1030000012,3. Distribution Outages,3.a.,exact_metric_name_and_unit,Vegetation caused outages in HFTD with Elevated FPI,Vegetation caused outages in HFTD with Elevated FPI,,,No,Outages,1,,,,SDG&E,2023,3,v3.1,0,4,SDGE_2023_Q4_Tables1-15.xlsx,Table 3,22,P22,General,https://efiling.energysafety.ca.gov/eFiling/Getfile.aspx?fileid=53475&shareable=true
1030000012,3. Distribution Outages,3.a.,exact_metric_name_and_unit,Vegetation caused outages in HFTD with Elevated FPI,Vegetation caused outages in HFTD with Elevated FPI,,,No,Outages,0,,,,SDG&E,2023,4,v3.1,0,4,SDGE_2023_Q4_Tables1-15.xlsx,Table 3,22,Q22,General,https://efiling.energysafety.ca.gov/eFiling/Getfile.aspx?fileid=53475&shareable=true
1030000013,3. Distribution Outages,3.b.,exact_metric_name_and_unit,Vegetation caused outages in HFTD with RFW,Vegetation caused outages in HFTD with RFW,,,No,Outages,0,,,,SDG&E,2023,1,v3.1,0,4,SDGE_2023_Q4_Tables1-15.xlsx,Table 3,23,N23,General,https://efiling.energysafety.ca.gov/eFiling/Getfile.aspx?fileid=53475&shareable=true
1030000013,3. Distribution Outages,3.b.,exact_metric_name_and_unit,Vegetation caused outages in HFTD with RFW,Vegetation caused outages in HFTD with RFW,,,No,Outages,0,,,,SDG&E,2023,2,v3.1,0,4,SDGE_2023_Q4_Tables1-15.xlsx,Table 3,23,O23,General,https://efiling.energysafety.ca.gov/eFiling/Getfile.aspx?fileid=53475&shareable=true
1030000013,3. Distribution Outages,3.b.,exact_metric_name_and_unit,Vegetation caused outages in HFTD with RFW,Vegetation caused outages in HFTD with RFW,,,No,Outages,0,,,,SDG&E,2023,3,v3.1,0,4,SDGE_2023_Q4_Tables1-15.xlsx,Table 3,23,P23,General,https://efiling.energysafety.ca.gov/eFiling/Getfile.aspx?fileid=53475&shareable=true
1030000013,3. Distribution Outages,3.b.,exact_metric_name_and_unit,Vegetation caused outages in HFTD with RFW,Vegetation caused outages in HFTD with RFW,,,No,Outages,0,,,,SDG&E,2023,4,v3.1,0,4,SDGE_2023_Q4_Tables1-15.xlsx,Table 3,23,Q23,General,https://efiling.energysafety.ca.gov/eFiling/Getfile.aspx?fileid=53475&shareable=true
1030000014,3. Distribution Outages,3.c.,exact_metric_name_and_unit,Overhead faults on circuits in HFTD with Elevated or higher FPI,Overhead faults on circuits in HFTD with Elevated or higher FPI,,,No,Outages,0,,,,SDG&E,2023,1,v3.1,0,4,SDGE_2023_Q4_Tables1-15.xlsx,Table 3,24,N24,General,https://efiling.energysafety.ca.gov/eFiling/Getfile.aspx?fileid=53475&shareable=true
1030000014,3. Distribution Outages,3.c.,exact_metric_name_and_unit,Overhead faults on circuits in HFTD with Elevated or higher FPI,Overhead faults on circuits in HFTD with Elevated or higher FPI,,,No,Outages,1,,,,SDG&E,2023,2,v3.1,0,4,SDGE_2023_Q4_Tables1-15.xlsx,Table 3,24,O24,General,https://efiling.energysafety.ca.gov/eFiling/Getfile.aspx?fileid=53475&shareable=true
1030000014,3. Distribution Outages,3.c.,exact_metric_name_and_unit,Overhead faults on circuits in HFTD with Elevated or higher FPI,Overhead faults on circuits in HFTD with Elevated or higher FPI,,,No,Outages,43,,,,SDG&E,2023,3,v3.1,0,4,SDGE_2023_Q4_Tables1-15.xlsx,Table 3,24,P24,General,https://efiling.energysafety.ca.gov/eFiling/Getfile.aspx?fileid=53475&shareable=true
1030000014,3. Distribution Outages,3.c.,exact_metric_name_and_unit,Overhead faults on circuits in HFTD with Elevated or higher FPI,Overhead faults on circuits in HFTD with Elevated or higher FPI,,,No,Outages,9,,,,SDG&E,2023,4,v3.1,0,4,SDGE_2023_Q4_Tables1-15.xlsx,Table 3,24,Q24,General,https://efiling.energysafety.ca.gov/eFiling/Getfile.aspx?fileid=53475&shareable=true
1030000015,3. Distribution Outages,3.d.,exact_metric_name_and_unit,Overhead faults on circuits in HFTD with RFW,Overhead faults on circuits in HFTD with RFW,,,No,Outages,0,,,,SDG&E,2023,1,v3.1,0,4,SDGE_2023_Q4_Tables1-15.xlsx,Table 3,25,N25,General,https://efiling.energysafety.ca.gov/eFiling/Getfile.aspx?fileid=53475&shareable=true
1030000015,3. Distribution Outages,3.d.,exact_metric_name_and_unit,Overhead faults on circuits in HFTD with RFW,Overhead faults on circuits in HFTD with RFW,,,No,Outages,0,,,,SDG&E,2023,2,v3.1,0,4,SDGE_2023_Q4_Tables1-15.xlsx,Table 3,25,O25,General,https://efiling.energysafety.ca.gov/eFiling/Getfile.aspx?fileid=53475&shareable=true
1030000015,3. Distribution Outages,3.d.,exact_metric_name_and_unit,Overhead faults on circuits in HFTD with RFW,Overhead faults on circuits in HFTD with RFW,,,No,Outages,0,,,,SDG&E,2023,3,v3.1,0,4,SDGE_2023_Q4_Tables1-15.xlsx,Table 3,25,P25,General,https://efiling.energysafety.ca.gov/eFiling/Getfile.aspx?fileid=53475&shareable=true
1030000015,3. Distribution Outages,3.d.,exact_metric_name_and_unit,Overhead faults on circuits in HFTD with RFW,Overhead faults on circuits in HFTD with RFW,,,No,Outages,0,,,,SDG&E,2023,4,v3.1,0,4,SDGE_2023_Q4_Tables1-15.xlsx,Table 3,25,Q25,General,https://efiling.energysafety.ca.gov/eFiling/Getfile.aspx?fileid=53475&shareable=true
1030000016,3. Distribution Outages,3.e.,exact_metric_name_and_unit,Energized wire down events in HFTD with Elevated or higher FPI,Energized wire down events in HFTD with Elevated or higher FPI,,,No,Outages,0,,,,SDG&E,2023,1,v3.1,0,4,SDGE_2023_Q4_Tables1-15.xlsx,Table 3,26,N26,General,https://efiling.energysafety.ca.gov/eFiling/Getfile.aspx?fileid=53475&shareable=true
1030000016,3. Distribution Outages,3.e.,exact_metric_name_and_unit,Energized wire down events in HFTD with Elevated or higher FPI,Energized wire down events in HFTD with Elevated or higher FPI,,,No,Outages,0,,,,SDG&E,2023,2,v3.1,0,4,SDGE_2023_Q4_Tables1-15.xlsx,Table 3,26,O26,General,https://efiling.energysafety.ca.gov/eFiling/Getfile.aspx?fileid=53475&shareable=true
1030000016,3. Distribution Outages,3.e.,exact_metric_name_and_unit,Energized wire down events in HFTD with Elevated or higher FPI,Energized wire down events in HFTD with Elevated or higher FPI,,,No,Outages,3,,,,SDG&E,2023,3,v3.1,0,4,SDGE_2023_Q4_Tables1-15.xlsx,Table 3,26,P26,General,https://efiling.energysafety.ca.gov/eFiling/Getfile.aspx?fileid=53475&shareable=true
1030000016,3. Distribution Outages,3.e.,exact_metric_name_and_unit,Energized wire down events in HFTD with Elevated or higher FPI,Energized wire down events in HFTD with Elevated or higher FPI,,,No,Outages,0,,,,SDG&E,2023,4,v3.1,0,4,SDGE_2023_Q4_Tables1-15.xlsx,Table 3,26,Q26,General,https://efiling.energysafety.ca.gov/eFiling/Getfile.aspx?fileid=53475&shareable=true
1030000017,3. Distribution Outages,3.f.,exact_metric_name_and_unit,Energized wire down events in HFTD with RFW,Energized wire down events in HFTD with RFW,,,No,Outages,0,,,,SDG&E,2023,1,v3.1,0,4,SDGE_2023_Q4_Tables1-15.xlsx,Table 3,27,N27,General,https://efiling.energysafety.ca.gov/eFiling/Getfile.aspx?fileid=53475&shareable=true
1030000017,3. Distribution Outages,3.f.,exact_metric_name_and_unit,Energized wire down events in HFTD with RFW,Energized wire down events in HFTD with RFW,,,No,Outages,0,,,,SDG&E,2023,2,v3.1,0,4,SDGE_2023_Q4_Tables1-15.xlsx,Table 3,27,O27,General,https://efiling.energysafety.ca.gov/eFiling/Getfile.aspx?fileid=53475&shareable=true
1030000017,3. Distribution Outages,3.f.,exact_metric_name_and_unit,Energized wire down events in HFTD with RFW,Energized wire down events in HFTD with RFW,,,No,Outages,0,,,,SDG&E,2023,3,v3.1,0,4,SDGE_2023_Q4_Tables1-15.xlsx,Table 3,27,P27,General,https://efiling.energysafety.ca.gov/eFiling/Getfile.aspx?fileid=53475&shareable=true
1030000017,3. Distribution Outages,3.f.,exact_metric_name_and_unit,Energized wire down events in HFTD with RFW,Energized wire down events in HFTD with RFW,,,No,Outages,0,,,,SDG&E,2023,4,v3.1,0,4,SDGE_2023_Q4_Tables1-15.xlsx,Table 3,27,Q27,General,https://efiling.energysafety.ca.gov/eFiling/Getfile.aspx?fileid=53475&shareable=true
1030000018,3. Distribution Outages,3.g.,exact_metric_name_and_unit,Number of non-CALFIRE rated fuse operations in HFTD with Elevated or higher FPI,Number of non-CALFIRE rated fuse operations in HFTD with Elevated or higher FPI,,,No,Outages,0,,,,SDG&E,2023,1,v3.1,0,4,SDGE_2023_Q4_Tables1-15.xlsx,Table 3,28,N28,General,https://efiling.energysafety.ca.gov/eFiling/Getfile.aspx?fileid=53475&shareable=true
1030000018,3. Distribution Outages,3.g.,exact_metric_name_and_unit,Number of non-CALFIRE rated fuse operations in HFTD with Elevated or higher FPI,Number of non-CALFIRE rated fuse operations in HFTD with Elevated or higher FPI,,,No,Outages,0,,,,SDG&E,2023,2,v3.1,0,4,SDGE_2023_Q4_Tables1-15.xlsx,Table 3,28,O28,General,https://efiling.energysafety.ca.gov/eFiling/Getfile.aspx?fileid=53475&shareable=true
1030000018,3. Distribution Outages,3.g.,exact_metric_name_and_unit,Number of non-CALFIRE rated fuse operations in HFTD with Elevated or higher FPI,Number of non-CALFIRE rated fuse operations in HFTD with Elevated or higher FPI,,,No,Outages,5,,,,SDG&E,2023,3,v3.1,0,4,SDGE_2023_Q4_Tables1-15.xlsx,Table 3,28,P28,General,https://efiling.energysafety.ca.gov/eFiling/Getfile.aspx?fileid=53475&shareable=true
1030000018,3. Distribution Outages,3.g.,exact_metric_name_and_unit,Number of non-CALFIRE rated fuse operations in HFTD with Elevated or higher FPI,Number of non-CALFIRE rated fuse operations in HFTD with Elevated or higher FPI,,,No,Outages,1,,,,SDG&E,2023,4,v3.1,0,4,SDGE_2023_Q4_Tables1-15.xlsx,Table 3,28,Q28,General,https://efiling.energysafety.ca.gov/eFiling/Getfile.aspx?fileid=53475&shareable=true
1030000019,3. Distribution Outages,3.h.,exact_metric_name_and_unit,Number of non-CALFIRE rated fuse operations in HFTD with RFW,Number of non-CALFIRE rated fuse operations in HFTD with RFW,,,No,Outages,0,,,,SDG&E,2023,1,v3.1,0,4,SDGE_2023_Q4_Tables1-15.xlsx,Table 3,29,N29,General,https://efiling.energysafety.ca.gov/eFiling/Getfile.aspx?fileid=53475&shareable=true
1030000019,3. Distribution Outages,3.h.,exact_metric_name_and_unit,Number of non-CALFIRE rated fuse operations in HFTD with RFW,Number of non-CALFIRE rated fuse operations in HFTD with RFW,,,No,Outages,0,,,,SDG&E,2023,2,v3.1,0,4,SDGE_2023_Q4_Tables1-15.xlsx,Table 3,29,O29,General,https://efiling.energysafety.ca.gov/eFiling/Getfile.aspx?fileid=53475&shareable=true
1030000019,3. Distribution Outages,3.h.,exact_metric_name_and_unit,Number of non-CALFIRE rated fuse operations in HFTD with RFW,Number of non-CALFIRE rated fuse operations in HFTD with RFW,,,No,Outages,0,,,,SDG&E,2023,3,v3.1,0,4,SDGE_2023_Q4_Tables1-15.xlsx,Table 3,29,P29,General,https://efiling.energysafety.ca.gov/eFiling/Getfile.aspx?fileid=53475&shareable=true
1030000019,3. Distribution Outages,3.h.,exact_metric_name_and_unit,Number of non-CALFIRE rated fuse operations in HFTD with RFW,Number of non-CALFIRE rated fuse operations in HFTD with RFW,,,No,Outages,0,,,,SDG&E,2023,4,v3.1,0,4,SDGE_2023_Q4_Tables1-15.xlsx,Table 3,29,Q29,General,https://efiling.energysafety.ca.gov/eFiling/Getfile.aspx?fileid=53475&shareable=true
1030000020,3. Distribution Outages,3.i.,exact_metric_name_and_unit,Overhead fault rate in HFTD during High FPI,Overhead fault rate in HFTD during High FPI,,,No,Overhead faults per high FPI day,0,,,,SDG&E,2023,1,v3.1,0,4,SDGE_2023_Q4_Tables1-15.xlsx,Table 3,30,N30,General,https://efiling.energysafety.ca.gov/eFiling/Getfile.aspx?fileid=53475&shareable=true
1030000020,3. Distribution Outages,3.i.,exact_metric_name_and_unit,Overhead fault rate in HFTD during High FPI,Overhead fault rate in HFTD during High FPI,,,No,Overhead faults per high FPI day,0.57,,,,SDG&E,2023,2,v3.1,0,4,SDGE_2023_Q4_Tables1-15.xlsx,Table 3,30,O30,General,https://efiling.energysafety.ca.gov/eFiling/Getfile.aspx?fileid=53475&shareable=true
1030000020,3. Distribution Outages,3.i.,exact_metric_name_and_unit,Overhead fault rate in HFTD during High FPI,Overhead fault rate in HFTD during High FPI,,,No,Overhead faults per high FPI day,0.76,,,,SDG&E,2023,3,v3.1,0,4,SDGE_2023_Q4_Tables1-15.xlsx,Table 3,30,P30,General,https://efiling.energysafety.ca.gov/eFiling/Getfile.aspx?fileid=53475&shareable=true
1030000020,3. Distribution Outages,3.i.,exact_metric_name_and_unit,Overhead fault rate in HFTD during High FPI,Overhead fault rate in HFTD during High FPI,,,No,Overhead faults per high FPI day,0.64,,,,SDG&E,2023,4,v3.1,0,4,SDGE_2023_Q4_Tables1-15.xlsx,Table 3,30,Q30,General,https://efiling.energysafety.ca.gov/eFiling/Getfile.aspx?fileid=53475&shareable=true
1030000021,4. Personnel Safety Leading Indicators,4.a.,exact_metric_name_and_unit,Near Miss Reporting,Near Miss Reporting,,,No,Near miss events reported,123,,,,SDG&E,2023,1,v3.1,0,4,SDGE_2023_Q4_Tables1-15.xlsx,Table 3,31,N31,General,https://efiling.energysafety.ca.gov/eFiling/Getfile.aspx?fileid=53475&shareable=true
1030000021,4. Personnel Safety Leading Indicators,4.a.,exact_metric_name_and_unit,Near Miss Reporting,Near Miss Reporting,,,No,Near miss events reported,122,,,,SDG&E,2023,2,v3.1,0,4,SDGE_2023_Q4_Tables1-15.xlsx,Table 3,31,O31,General,https://efiling.energysafety.ca.gov/eFiling/Getfile.aspx?fileid=53475&shareable=true
1030000021,4. Personnel Safety Leading Indicators,4.a.,exact_metric_name_and_unit,Near Miss Reporting,Near Miss Reporting,,,No,Near miss events reported,103,,,,SDG&E,2023,3,v3.1,0,4,SDGE_2023_Q4_Tables1-15.xlsx,Table 3,31,P31,General,https://efiling.energysafety.ca.gov/eFiling/Getfile.aspx?fileid=53475&shareable=true
1030000021,4. Personnel Safety Leading Indicators,4.a.,exact_metric_name_and_unit,Near Miss Reporting,Near Miss Reporting,,,No,Near miss events reported,88,,,,SDG&E,2023,4,v3.1,0,4,SDGE_2023_Q4_Tables1-15.xlsx,Table 3,31,Q31,General,https://efiling.energysafety.ca.gov/eFiling/Getfile.aspx?fileid=53475&shareable=true
1030000022,4. Personnel Safety Leading Indicators,4.b.,exact_metric_name_and_unit,Safety Observations,Safety Observations,,,No,Observations performed,5115,,,,SDG&E,2023,1,v3.1,0,4,SDGE_2023_Q4_Tables1-15.xlsx,Table 3,32,N32,3,https://efiling.energysafety.ca.gov/eFiling/Getfile.aspx?fileid=53475&shareable=true
1030000022,4. Personnel Safety Leading Indicators,4.b.,exact_metric_name_and_unit,Safety Observations,Safety Observations,,,No,Observations performed,5264,,,,SDG&E,2023,2,v3.1,0,4,SDGE_2023_Q4_Tables1-15.xlsx,Table 3,32,O32,3,https://efiling.energysafety.ca.gov/eFiling/Getfile.aspx?fileid=53475&shareable=true
1030000022,4. Personnel Safety Leading Indicators,4.b.,exact_metric_name_and_unit,Safety Observations,Safety Observations,,,No,Observations performed,5428,,,,SDG&E,2023,3,v3.1,0,4,SDGE_2023_Q4_Tables1-15.xlsx,Table 3,32,P32,3,https://efiling.energysafety.ca.gov/eFiling/Getfile.aspx?fileid=53475&shareable=true
1030000022,4. Personnel Safety Leading Indicators,4.b.,exact_metric_name_and_unit,Safety Observations,Safety Observations,,,No,Observations performed,5052,,,,SDG&E,2023,4,v3.1,0,4,SDGE_2023_Q4_Tables1-15.xlsx,Table 3,32,Q32,3,https://efiling.energysafety.ca.gov/eFiling/Getfile.aspx?fileid=53475&shareable=true
1030000023,5. Other PSPS,5.a.,exact_metric_name_and_unit,Percent of customers being de-energized on PSPS circuits,Percent of customers being de-energized on PSPS circuits,,,No,percent,0,,,,SDG&E,2023,1,v3.1,0,4,SDGE_2023_Q4_Tables1-15.xlsx,Table 3,33,N33,General,https://efiling.energysafety.ca.gov/eFiling/Getfile.aspx?fileid=53475&shareable=true
1030000023,5. Other PSPS,5.a.,exact_metric_name_and_unit,Percent of customers being de-energized on PSPS circuits,Percent of customers being de-energized on PSPS circuits,,,No,percent,0,,,,SDG&E,2023,2,v3.1,0,4,SDGE_2023_Q4_Tables1-15.xlsx,Table 3,33,O33,General,https://efiling.energysafety.ca.gov/eFiling/Getfile.aspx?fileid=53475&shareable=true
1030000023,5. Other PSPS,5.a.,exact_metric_name_and_unit,Percent of customers being de-energized on PSPS circuits,Percent of customers being de-energized on PSPS circuits,,,No,percent,0,,,,SDG&E,2023,3,v3.1,0,4,SDGE_2023_Q4_Tables1-15.xlsx,Table 3,33,P33,General,https://efiling.energysafety.ca.gov/eFiling/Getfile.aspx?fileid=53475&shareable=true
1030000023,5. Other PSPS,5.a.,exact_metric_name_and_unit,Percent of customers being de-energized on PSPS circuits,Percent of customers being de-energized on PSPS circuits,,,No,percent,0,,,,SDG&E,2023,4,v3.1,0,4,SDGE_2023_Q4_Tables1-15.xlsx,Table 3,33,Q33,General,https://efiling.energysafety.ca.gov/eFiling/Getfile.aspx?fileid=53475&shareable=true
1030000024,5. Other PSPS,5.b.,exact_metric_name_and_unit,Number of circuits de-engergized,Number of circuits de-engergized,,,No,circuits,0,,,,SDG&E,2023,1,v3.1,0,4,SDGE_2023_Q4_Tables1-15.xlsx,Table 3,34,N34,General,https://efiling.energysafety.ca.gov/eFiling/Getfile.aspx?fileid=53475&shareable=true
1030000024,5. Other PSPS,5.b.,exact_metric_name_and_unit,Number of circuits de-engergized,Number of circuits de-engergized,,,No,circuits,0,,,,SDG&E,2023,2,v3.1,0,4,SDGE_2023_Q4_Tables1-15.xlsx,Table 3,34,O34,General,https://efiling.energysafety.ca.gov/eFiling/Getfile.aspx?fileid=53475&shareable=true
1030000024,5. Other PSPS,5.b.,exact_metric_name_and_unit,Number of circuits de-engergized,Number of circuits de-engergized,,,No,circuits,0,,,,SDG&E,2023,3,v3.1,0,4,SDGE_2023_Q4_Tables1-15.xlsx,Table 3,34,P34,General,https://efiling.energysafety.ca.gov/eFiling/Getfile.aspx?fileid=53475&shareable=true
1030000024,5. Other PSPS,5.b.,exact_metric_name_and_unit,Number of circuits de-engergized,Number of circuits de-engergized,,,No,circuits,0,,,,SDG&E,2023,4,v3.1,0,4,SDGE_2023_Q4_Tables1-15.xlsx,Table 3,34,Q34,General,https://efiling.energysafety.ca.gov/eFiling/Getfile.aspx?fileid=53475&shareable=true
1030000025,6. Situational Awareness,6.a.,exact_metric_name_and_unit,Communication success rate of weather stations,Communication success rate of weather stations,,,Yes,percent,98.16,,,,SDG&E,2023,1,v3.1,0,4,SDGE_2023_Q4_Tables1-15.xlsx,Table 3,35,N35,0.00,https://efiling.energysafety.ca.gov/eFiling/Getfile.aspx?fileid=53475&shareable=true
1030000025,6. Situational Awareness,6.a.,exact_metric_name_and_unit,Communication success rate of weather stations,Communication success rate of weather stations,,,Yes,percent,95.92,,,,SDG&E,2023,2,v3.1,0,4,SDGE_2023_Q4_Tables1-15.xlsx,Table 3,35,O35,0.00,https://efiling.energysafety.ca.gov/eFiling/Getfile.aspx?fileid=53475&shareable=true
1030000025,6. Situational Awareness,6.a.,exact_metric_name_and_unit,Communication success rate of weather stations,Communication success rate of weather stations,,,Yes,percent,98.79,,,,SDG&E,2023,3,v3.1,0,4,SDGE_2023_Q4_Tables1-15.xlsx,Table 3,35,P35,0.00,https://efiling.energysafety.ca.gov/eFiling/Getfile.aspx?fileid=53475&shareable=true
1030000025,6. Situational Awareness,6.a.,exact_metric_name_and_unit,Communication success rate of weather stations,Communication success rate of weather stations,,,Yes,percent,99.1,,,,SDG&E,2023,4,v3.1,0,4,SDGE_2023_Q4_Tables1-15.xlsx,Table 3,35,Q35,0.00,https://efiling.energysafety.ca.gov/eFiling/Getfile.aspx?fileid=53475&shareable=true
1030000026,6. Situational Awareness,6.b.,exact_metric_name_and_unit,Post processing success rate - WRF simulations,Post processing success rate - WRF simulations,,,Yes,percent,95.9,,,,SDG&E,2023,1,v3.1,0,4,SDGE_2023_Q4_Tables1-15.xlsx,Table 3,36,N36,0.00,https://efiling.energysafety.ca.gov/eFiling/Getfile.aspx?fileid=53475&shareable=true
1030000026,6. Situational Awareness,6.b.,exact_metric_name_and_unit,Post processing success rate - WRF simulations,Post processing success rate - WRF simulations,,,Yes,percent,100,,,,SDG&E,2023,2,v3.1,0,4,SDGE_2023_Q4_Tables1-15.xlsx,Table 3,36,O36,0.00,https://efiling.energysafety.ca.gov/eFiling/Getfile.aspx?fileid=53475&shareable=true
1030000026,6. Situational Awareness,6.b.,exact_metric_name_and_unit,Post processing success rate - WRF simulations,Post processing success rate - WRF simulations,,,Yes,percent,99.5,,,,SDG&E,2023,3,v3.1,0,4,SDGE_2023_Q4_Tables1-15.xlsx,Table 3,36,P36,0.00,https://efiling.energysafety.ca.gov/eFiling/Getfile.aspx?fileid=53475&shareable=true
1030000026,6. Situational Awareness,6.b.,exact_metric_name_and_unit,Post processing success rate - WRF simulations,Post processing success rate - WRF simulations,,,Yes,percent,99.9,,,,SDG&E,2023,4,v3.1,0,4,SDGE_2023_Q4_Tables1-15.xlsx,Table 3,36,Q36,0.00,https://efiling.energysafety.ca.gov/eFiling/Getfile.aspx?fileid=53475&shareable=true
1030000027,6. Situational Awareness,6.c.,exact_metric_name_and_unit,Post processing success rate - ML gust model,Post processing success rate - ML gust model,,,No,percent,97.2,,,,SDG&E,2023,1,v3.1,0,4,SDGE_2023_Q4_Tables1-15.xlsx,Table 3,37,N37,0.00,https://efiling.energysafety.ca.gov/eFiling/Getfile.aspx?fileid=53475&shareable=true
1030000027,6. Situational Awareness,6.c.,exact_metric_name_and_unit,Post processing success rate - ML gust model,Post processing success rate - ML gust model,,,No,percent,100,,,,SDG&E,2023,2,v3.1,0,4,SDGE_2023_Q4_Tables1-15.xlsx,Table 3,37,O37,0.00,https://efiling.energysafety.ca.gov/eFiling/Getfile.aspx?fileid=53475&shareable=true
1030000027,6. Situational Awareness,6.c.,exact_metric_name_and_unit,Post processing success rate - ML gust model,Post processing success rate - ML gust model,,,No,percent,99.5,,,,SDG&E,2023,3,v3.1,0,4,SDGE_2023_Q4_Tables1-15.xlsx,Table 3,37,P37,0.00,https://efiling.energysafety.ca.gov/eFiling/Getfile.aspx?fileid=53475&shareable=true
1030000027,6. Situational Awareness,6.c.,exact_metric_name_and_unit,Post processing success rate - ML gust model,Post processing success rate - ML gust model,,,No,percent,100,,,,SDG&E,2023,4,v3.1,0,4,SDGE_2023_Q4_Tables1-15.xlsx,Table 3,37,Q37,0.00,https://efiling.energysafety.ca.gov/eFiling/Getfile.aspx?fileid=53475&shareable=true
1030000028,6. Situational Awareness,6.d.,exact_metric_name_and_unit,Post processing success rate - SAWTI,Post processing success rate - SAWTI,,,No,percent,96.7,,,,SDG&E,2023,1,v3.1,0,4,SDGE_2023_Q4_Tables1-15.xlsx,Table 3,38,N38,0.00,https://efiling.energysafety.ca.gov/eFiling/Getfile.aspx?fileid=53475&shareable=true
1030000028,6. Situational Awareness,6.d.,exact_metric_name_and_unit,Post processing success rate - SAWTI,Post processing success rate - SAWTI,,,No,percent,91.2,,,,SDG&E,2023,2,v3.1,0,4,SDGE_2023_Q4_Tables1-15.xlsx,Table 3,38,O38,0.00,https://efiling.energysafety.ca.gov/eFiling/Getfile.aspx?fileid=53475&shareable=true
1030000028,6. Situational Awareness,6.d.,exact_metric_name_and_unit,Post processing success rate - SAWTI,Post processing success rate - SAWTI,,,No,percent,95.4,,,,SDG&E,2023,3,v3.1,0,4,SDGE_2023_Q4_Tables1-15.xlsx,Table 3,38,P38,0.00,https://efiling.energysafety.ca.gov/eFiling/Getfile.aspx?fileid=53475&shareable=true
1030000028,6. Situational Awareness,6.d.,exact_metric_name_and_unit,Post processing success rate - SAWTI,Post processing success rate - SAWTI,,,No,percent,97.1,,,,SDG&E,2023,4,v3.1,0,4,SDGE_2023_Q4_Tables1-15.xlsx,Table 3,38,Q38,0.00,https://efiling.energysafety.ca.gov/eFiling/Getfile.aspx?fileid=53475&shareable=true
1030000029,6. Situational Awareness,6.e.,exact_metric_name_and_unit,Post processing success rate - FPI,Post processing success rate - FPI,,,No,percent,96.7,,,,SDG&E,2023,1,v3.1,0,4,SDGE_2023_Q4_Tables1-15.xlsx,Table 3,39,N39,0.00,https://efiling.energysafety.ca.gov/eFiling/Getfile.aspx?fileid=53475&shareable=true
1030000029,6. Situational Awareness,6.e.,exact_metric_name_and_unit,Post processing success rate - FPI,Post processing success rate - FPI,,,No,percent,100,,,,SDG&E,2023,2,v3.1,0,4,SDGE_2023_Q4_Tables1-15.xlsx,Table 3,39,O39,0.00,https://efiling.energysafety.ca.gov/eFiling/Getfile.aspx?fileid=53475&shareable=true
1030000029,6. Situational Awareness,6.e.,exact_metric_name_and_unit,Post processing success rate - FPI,Post processing success rate - FPI,,,No,percent,98.9,,,,SDG&E,2023,3,v3.1,0,4,SDGE_2023_Q4_Tables1-15.xlsx,Table 3,39,P39,0.00,https://efiling.energysafety.ca.gov/eFiling/Getfile.aspx?fileid=53475&shareable=true
1030000029,6. Situational Awareness,6.e.,exact_metric_name_and_unit,Post processing success rate - FPI,Post processing success rate - FPI,,,No,percent,99.5,,,,SDG&E,2023,4,v3.1,0,4,SDGE_2023_Q4_Tables1-15.xlsx,Table 3,39,Q39,0.00,https://efiling.energysafety.ca.gov/eFiling/Getfile.aspx?fileid=53475&shareable=true
1030000030,6. Situational Awareness,6.f.,exact_metric_name_and_unit,Post processing success rate - OPI,Post processing success rate - OPI,,,No,percent,97.8,,,,SDG&E,2023,1,v3.1,0,4,SDGE_2023_Q4_Tables1-15.xlsx,Table 3,40,N40,0.00,https://efiling.energysafety.ca.gov/eFiling/Getfile.aspx?fileid=53475&shareable=true
1030000030,6. Situational Awareness,6.f.,exact_metric_name_and_unit,Post processing success rate - OPI,Post processing success rate - OPI,,,No,percent,100,,,,SDG&E,2023,2,v3.1,0,4,SDGE_2023_Q4_Tables1-15.xlsx,Table 3,40,O40,0.00,https://efiling.energysafety.ca.gov/eFiling/Getfile.aspx?fileid=53475&shareable=true
1030000030,6. Situational Awareness,6.f.,exact_metric_name_and_unit,Post processing success rate - OPI,Post processing success rate - OPI,,,No,percent,99.5,,,,SDG&E,2023,3,v3.1,0,4,SDGE_2023_Q4_Tables1-15.xlsx,Table 3,40,P40,0.00,https://efiling.energysafety.ca.gov/eFiling/Getfile.aspx?fileid=53475&shareable=true
1030000030,6. Situational Awareness,6.f.,exact_metric_name_and_unit,Post processing success rate - OPI,Post processing success rate - OPI,,,No,percent,100,,,,SDG&E,2023,4,v3.1,0,4,SDGE_2023_Q4_Tables1-15.xlsx,Table 3,40,Q40,0.00,https://efiling.energysafety.ca.gov/eFiling/Getfile.aspx?fileid=53475&shareable=true
1030000031,7. Emergency Preparedness,7.a,exact_metric_name_and_unit,Percentage of community partners participating in local wildfire mitigation planning (in territory),Percentage of community partners participating in local wildfire mitigation planning (in territory),,,No,percent,,,No activities in 2023 Q4,N/A,SDG&E,2023,1,v3.1,0,4,SDGE_2023_Q4_Tables1-15.xlsx,Table 3,41,N41,General,https://efiling.energysafety.ca.gov/eFiling/Getfile.aspx?fileid=53475&shareable=true
1030000031,7. Emergency Preparedness,7.a,exact_metric_name_and_unit,Percentage of community partners participating in local wildfire mitigation planning (in territory),Percentage of community partners participating in local wildfire mitigation planning (in territory),,,No,percent,,,No activities in 2023 Q4,N/A,SDG&E,2023,2,v3.1,0,4,SDGE_2023_Q4_Tables1-15.xlsx,Table 3,41,O41,General,https://efiling.energysafety.ca.gov/eFiling/Getfile.aspx?fileid=53475&shareable=true
1030000031,7. Emergency Preparedness,7.a,exact_metric_name_and_unit,Percentage of community partners participating in local wildfire mitigation planning (in territory),Percentage of community partners participating in local wildfire mitigation planning (in territory),,,No,percent,,,No activities in 2023 Q4,N/A,SDG&E,2023,3,v3.1,0,4,SDGE_2023_Q4_Tables1-15.xlsx,Table 3,41,P41,General,https://efiling.energysafety.ca.gov/eFiling/Getfile.aspx?fileid=53475&shareable=true
1030000031,7. Emergency Preparedness,7.a,exact_metric_name_and_unit,Percentage of community partners participating in local wildfire mitigation planning (in territory),Percentage of community partners participating in local wildfire mitigation planning (in territory),,,No,percent,100,excel_percent_fraction_to_percent_points,No activities in 2023 Q4,N/A,SDG&E,2023,4,v3.1,0,4,SDGE_2023_Q4_Tables1-15.xlsx,Table 3,41,Q41,0%,https://efiling.energysafety.ca.gov/eFiling/Getfile.aspx?fileid=53475&shareable=true
1030000032,7. Emergency Preparedness,7.b,exact_metric_name_and_unit,Percentage of Wildfire/PSPS events followed by an After-Action Review or feedback process,Percentage of Wildfire/PSPS events followed by an After-Action Review or feedback process,,,No,percent,,,No activities in 2023 Q4,N/A,SDG&E,2023,1,v3.1,0,4,SDGE_2023_Q4_Tables1-15.xlsx,Table 3,42,N42,General,https://efiling.energysafety.ca.gov/eFiling/Getfile.aspx?fileid=53475&shareable=true
1030000032,7. Emergency Preparedness,7.b,exact_metric_name_and_unit,Percentage of Wildfire/PSPS events followed by an After-Action Review or feedback process,Percentage of Wildfire/PSPS events followed by an After-Action Review or feedback process,,,No,percent,,,No activities in 2023 Q4,N/A,SDG&E,2023,2,v3.1,0,4,SDGE_2023_Q4_Tables1-15.xlsx,Table 3,42,O42,General,https://efiling.energysafety.ca.gov/eFiling/Getfile.aspx?fileid=53475&shareable=true
1030000032,7. Emergency Preparedness,7.b,exact_metric_name_and_unit,Percentage of Wildfire/PSPS events followed by an After-Action Review or feedback process,Percentage of Wildfire/PSPS events followed by an After-Action Review or feedback process,,,No,percent,,,No activities in 2023 Q4,N/A,SDG&E,2023,3,v3.1,0,4,SDGE_2023_Q4_Tables1-15.xlsx,Table 3,42,P42,General,https://efiling.energysafety.ca.gov/eFiling/Getfile.aspx?fileid=53475&shareable=true
1030000032,7. Emergency Preparedness,7.b,exact_metric_name_and_unit,Percentage of Wildfire/PSPS events followed by an After-Action Review or feedback process,Percentage of Wildfire/PSPS events followed by an After-Action Review or feedback process,,,No,percent,,,No activities in 2023 Q4,N/A,SDG&E,2023,4,v3.1,0,4,SDGE_2023_Q4_Tables1-15.xlsx,Table 3,42,Q42,General,https://efiling.energysafety.ca.gov/eFiling/Getfile.aspx?fileid=53475&shareable=true
1030000033,8. Community Outreach and Engagement,8.a,exact_metric_name_and_unit,Percentage of individuals with AFN who were aware of what support and resources were available to them during a PSPS event.,Percentage of individuals with AFN who were aware of what support and resources were available to them during a PSPS event.,,,No,percent,,,No activities in 2023 Q4,N/A,SDG&E,2023,1,v3.1,0,4,SDGE_2023_Q4_Tables1-15.xlsx,Table 3,43,N43,General,https://efiling.energysafety.ca.gov/eFiling/Getfile.aspx?fileid=53475&shareable=true
1030000033,8. Community Outreach and Engagement,8.a,exact_metric_name_and_unit,Percentage of individuals with AFN who were aware of what support and resources were available to them during a PSPS event.,Percentage of individuals with AFN who were aware of what support and resources were available to them during a PSPS event.,,,No,percent,,,No activities in 2023 Q4,N/A,SDG&E,2023,2,v3.1,0,4,SDGE_2023_Q4_Tables1-15.xlsx,Table 3,43,O43,General,https://efiling.energysafety.ca.gov/eFiling/Getfile.aspx?fileid=53475&shareable=true
1030000033,8. Community Outreach and Engagement,8.a,exact_metric_name_and_unit,Percentage of individuals with AFN who were aware of what support and resources were available to them during a PSPS event.,Percentage of individuals with AFN who were aware of what support and resources were available to them during a PSPS event.,,,No,percent,,,No activities in 2023 Q4,N/A,SDG&E,2023,3,v3.1,0,4,SDGE_2023_Q4_Tables1-15.xlsx,Table 3,43,P43,General,https://efiling.energysafety.ca.gov/eFiling/Getfile.aspx?fileid=53475&shareable=true
1030000033,8. Community Outreach and Engagement,8.a,exact_metric_name_and_unit,Percentage of individuals with AFN who were aware of what support and resources were available to them during a PSPS event.,Percentage of individuals with AFN who were aware of what support and resources were available to them during a PSPS event.,,,No,percent,,,No activities in 2023 Q4,N/A,SDG&E,2023,4,v3.1,0,4,SDGE_2023_Q4_Tables1-15.xlsx,Table 3,43,Q43,General,https://efiling.energysafety.ca.gov/eFiling/Getfile.aspx?fileid=53475&shareable=true
1030000034,8. Community Outreach and Engagement,8.b,exact_metric_name_and_unit,Percentage of individuals with AFN who were able to use necessary medical equipment to maintain necessary life functions for the duration of any PSPS event that affected them,Percentage of individuals with AFN who were able to use necessary medical equipment to maintain necessary life functions for the duration of any PSPS event that affected them,,,No,percent,,,No activities in 2023 Q4,N/A,SDG&E,2023,1,v3.1,0,4,SDGE_2023_Q4_Tables1-15.xlsx,Table 3,44,N44,General,https://efiling.energysafety.ca.gov/eFiling/Getfile.aspx?fileid=53475&shareable=true
1030000034,8. Community Outreach and Engagement,8.b,exact_metric_name_and_unit,Percentage of individuals with AFN who were able to use necessary medical equipment to maintain necessary life functions for the duration of any PSPS event that affected them,Percentage of individuals with AFN who were able to use necessary medical equipment to maintain necessary life functions for the duration of any PSPS event that affected them,,,No,percent,,,No activities in 2023 Q4,N/A,SDG&E,2023,2,v3.1,0,4,SDGE_2023_Q4_Tables1-15.xlsx,Table 3,44,O44,General,https://efiling.energysafety.ca.gov/eFiling/Getfile.aspx?fileid=53475&shareable=true
1030000034,8. Community Outreach and Engagement,8.b,exact_metric_name_and_unit,Percentage of individuals with AFN who were able to use necessary medical equipment to maintain necessary life functions for the duration of any PSPS event that affected them,Percentage of individuals with AFN who were able to use necessary medical equipment to maintain necessary life functions for the duration of any PSPS event that affected them,,,No,percent,,,No activities in 2023 Q4,N/A,SDG&E,2023,3,v3.1,0,4,SDGE_2023_Q4_Tables1-15.xlsx,Table 3,44,P44,General,https://efiling.energysafety.ca.gov/eFiling/Getfile.aspx?fileid=53475&shareable=true
1030000034,8. Community Outreach and Engagement,8.b,exact_metric_name_and_unit,Percentage of individuals with AFN who were able to use necessary medical equipment to maintain necessary life functions for the duration of any PSPS event that affected them,Percentage of individuals with AFN who were able to use necessary medical equipment to maintain necessary life functions for the duration of any PSPS event that affected them,,,No,percent,,,No activities in 2023 Q4,N/A,SDG&E,2023,4,v3.1,0,4,SDGE_2023_Q4_Tables1-15.xlsx,Table 3,44,Q44,General,https://efiling.energysafety.ca.gov/eFiling/Getfile.aspx?fileid=53475&shareable=true
1030000035,8. Community Outreach and Engagement,8.c,exact_metric_name_and_unit,Percentage of individuals who utilized mitigation services and reported they were satisfied with the level of support,Percentage of individuals who utilized mitigation services and reported they were satisfied with the level of support,,,No,percent,,,No activities in 2023 Q4,N/A,SDG&E,2023,1,v3.1,0,4,SDGE_2023_Q4_Tables1-15.xlsx,Table 3,45,N45,General,https://efiling.energysafety.ca.gov/eFiling/Getfile.aspx?fileid=53475&shareable=true
1030000035,8. Community Outreach and Engagement,8.c,exact_metric_name_and_unit,Percentage of individuals who utilized mitigation services and reported they were satisfied with the level of support,Percentage of individuals who utilized mitigation services and reported they were satisfied with the level of support,,,No,percent,,,No activities in 2023 Q4,N/A,SDG&E,2023,2,v3.1,0,4,SDGE_2023_Q4_Tables1-15.xlsx,Table 3,45,O45,General,https://efiling.energysafety.ca.gov/eFiling/Getfile.aspx?fileid=53475&shareable=true
1030000035,8. Community Outreach and Engagement,8.c,exact_metric_name_and_unit,Percentage of individuals who utilized mitigation services and reported they were satisfied with the level of support,Percentage of individuals who utilized mitigation services and reported they were satisfied with the level of support,,,No,percent,,,No activities in 2023 Q4,N/A,SDG&E,2023,3,v3.1,0,4,SDGE_2023_Q4_Tables1-15.xlsx,Table 3,45,P45,General,https://efiling.energysafety.ca.gov/eFiling/Getfile.aspx?fileid=53475&shareable=true
1030000035,8. Community Outreach and Engagement,8.c,exact_metric_name_and_unit,Percentage of individuals who utilized mitigation services and reported they were satisfied with the level of support,Percentage of individuals who utilized mitigation services and reported they were satisfied with the level of support,,,No,percent,,,No activities in 2023 Q4,N/A,SDG&E,2023,4,v3.1,0,4,SDGE_2023_Q4_Tables1-15.xlsx,Table 3,45,Q45,General,https://efiling.energysafety.ca.gov/eFiling/Getfile.aspx?fileid=53475&shareable=true
1030000036,8. Community Outreach and Engagement,8.d,exact_metric_name_and_unit,Percentage of customers notified prior to a PSPS event impacting them,Percentage of customers notified prior to a PSPS event impacting them,,,No,percent,,,No activities in 2023 Q4,N/A,SDG&E,2023,1,v3.1,0,4,SDGE_2023_Q4_Tables1-15.xlsx,Table 3,46,N46,General,https://efiling.energysafety.ca.gov/eFiling/Getfile.aspx?fileid=53475&shareable=true
1030000036,8. Community Outreach and Engagement,8.d,exact_metric_name_and_unit,Percentage of customers notified prior to a PSPS event impacting them,Percentage of customers notified prior to a PSPS event impacting them,,,No,percent,,,No activities in 2023 Q4,N/A,SDG&E,2023,2,v3.1,0,4,SDGE_2023_Q4_Tables1-15.xlsx,Table 3,46,O46,General,https://efiling.energysafety.ca.gov/eFiling/Getfile.aspx?fileid=53475&shareable=true
1030000036,8. Community Outreach and Engagement,8.d,exact_metric_name_and_unit,Percentage of customers notified prior to a PSPS event impacting them,Percentage of customers notified prior to a PSPS event impacting them,,,No,percent,,,No activities in 2023 Q4,N/A,SDG&E,2023,3,v3.1,0,4,SDGE_2023_Q4_Tables1-15.xlsx,Table 3,46,P46,General,https://efiling.energysafety.ca.gov/eFiling/Getfile.aspx?fileid=53475&shareable=true
1030000036,8. Community Outreach and Engagement,8.d,exact_metric_name_and_unit,Percentage of customers notified prior to a PSPS event impacting them,Percentage of customers notified prior to a PSPS event impacting them,,,No,percent,,,No activities in 2023 Q4,N/A,SDG&E,2023,4,v3.1,0,4,SDGE_2023_Q4_Tables1-15.xlsx,Table 3,46,Q46,General,https://efiling.energysafety.ca.gov/eFiling/Getfile.aspx?fileid=53475&shareable=true
1030000000,1. Elevated FPI and Red Flag Warning Days,1.a.,exact_metric_name_and_unit,Number of High FPI days (elevated or extreme FPI),Number of High FPI days (elevated or extreme FPI),,,No,Days,0,,,,SDG&E,2024,1,v3.2,2,1,SDGE_2024_Q1_Tables1-15_R2.xlsx,Table 3,10,I10,General,https://efiling.energysafety.ca.gov/eFiling/Getfile.aspx?fileid=56226&shareable=true
1030000001,1. Elevated FPI and Red Flag Warning Days,1.b.,exact_metric_name_and_unit,Number of RFW days,Number of RFW days,,,No,Days,0,,,,SDG&E,2024,1,v3.2,2,1,SDGE_2024_Q1_Tables1-15_R2.xlsx,Table 3,11,I11,General,https://efiling.energysafety.ca.gov/eFiling/Getfile.aspx?fileid=56226&shareable=true
1030000002,2. Ignition Events,2.a.,exact_metric_name_and_unit,Vegetation caused ignitons in HFTD with elevated or higher FPI,Vegetation caused ignitons in HFTD with elevated or higher FPI,,,No,Ignitions,0,,,,SDG&E,2024,1,v3.2,2,1,SDGE_2024_Q1_Tables1-15_R2.xlsx,Table 3,12,I12,General,https://efiling.energysafety.ca.gov/eFiling/Getfile.aspx?fileid=56226&shareable=true
1030000003,2. Ignition Events,2.b.,exact_metric_name_and_unit,Vegetation caused ignitons in HFTD with RFW,Vegetation caused ignitons in HFTD with RFW,,,No,Ignitions,0,,,,SDG&E,2024,1,v3.2,2,1,SDGE_2024_Q1_Tables1-15_R2.xlsx,Table 3,13,I13,General,https://efiling.energysafety.ca.gov/eFiling/Getfile.aspx?fileid=56226&shareable=true
1030000004,2. Ignition Events,2.c.,exact_metric_name_and_unit,Equipment caused ignitions in HFTD with elevated or higher FPI,Equipment caused ignitions in HFTD with elevated or higher FPI,,,No,Ignitions,0,,,,SDG&E,2024,1,v3.2,2,1,SDGE_2024_Q1_Tables1-15_R2.xlsx,Table 3,14,I14,General,https://efiling.energysafety.ca.gov/eFiling/Getfile.aspx?fileid=56226&shareable=true
1030000005,2. Ignition Events,2.d.,exact_metric_name_and_unit,Equipment caused ignitions in HFTD with RFW,Equipment caused ignitions in HFTD with RFW,,,No,Ignitions,0,,,,SDG&E,2024,1,v3.2,2,1,SDGE_2024_Q1_Tables1-15_R2.xlsx,Table 3,15,I15,General,https://efiling.energysafety.ca.gov/eFiling/Getfile.aspx?fileid=56226&shareable=true
1030000006,2. Ignition Events,2.e.,exact_metric_name_and_unit,Balloons caused ignitions in HFTD with elevated or higher FPI,Balloons caused ignitions in HFTD with elevated or higher FPI,,,No,Ignitions,0,,,,SDG&E,2024,1,v3.2,2,1,SDGE_2024_Q1_Tables1-15_R2.xlsx,Table 3,16,I16,General,https://efiling.energysafety.ca.gov/eFiling/Getfile.aspx?fileid=56226&shareable=true
1030000007,2. Ignition Events,2.f.,exact_metric_name_and_unit,Balloons caused ignitions in HFTD with RFW,Balloons caused ignitions in HFTD with RFW,,,No,Ignitions,0,,,,SDG&E,2024,1,v3.2,2,1,SDGE_2024_Q1_Tables1-15_R2.xlsx,Table 3,17,I17,General,https://efiling.energysafety.ca.gov/eFiling/Getfile.aspx?fileid=56226&shareable=true
1030000008,2. Ignition Events,2.g.,exact_metric_name_and_unit,Vehicles caused ignitions in HFTD with elevated or higher FPI,Vehicles caused ignitions in HFTD with elevated or higher FPI,,,No,Ignitions,0,,,,SDG&E,2024,1,v3.2,2,1,SDGE_2024_Q1_Tables1-15_R2.xlsx,Table 3,18,I18,General,https://efiling.energysafety.ca.gov/eFiling/Getfile.aspx?fileid=56226&shareable=true
1030000009,2. Ignition Events,2.h.,exact_metric_name_and_unit,Vehicles caused ignitions in HFTD with RFW,Vehicles caused ignitions in HFTD with RFW,,,No,Ignitions,0,,,,SDG&E,2024,1,v3.2,2,1,SDGE_2024_Q1_Tables1-15_R2.xlsx,Table 3,19,I19,General,https://efiling.energysafety.ca.gov/eFiling/Getfile.aspx?fileid=56226&shareable=true
1030000010,2. Ignition Events,2.i.,exact_metric_name_and_unit,Equipment caused ignition rate in HFTD during high FPI,Equipment caused ignition rate in HFTD during high FPI,,,No,Ignitions per high FPI day,0,,,,SDG&E,2024,1,v3.2,2,1,SDGE_2024_Q1_Tables1-15_R2.xlsx,Table 3,20,I20,General,https://efiling.energysafety.ca.gov/eFiling/Getfile.aspx?fileid=56226&shareable=true
1030000011,2. Ignition Events,2.j.,exact_metric_name_and_unit,CPUC reportable secondary igntions,CPUC reportable secondary igntions,,,No,Ignitions,0,,CPUC reportable secondary ignitions is not an available driver in Table 6,,SDG&E,2024,1,v3.2,2,1,SDGE_2024_Q1_Tables1-15_R2.xlsx,Table 3,21,I21,General,https://efiling.energysafety.ca.gov/eFiling/Getfile.aspx?fileid=56226&shareable=true
1030000012,3. Distribution Outages,3.a.,exact_metric_name_and_unit,Vegetation caused outages in HFTD with Elevated FPI,Vegetation caused outages in HFTD with Elevated FPI,,,No,Outages,0,,,,SDG&E,2024,1,v3.2,2,1,SDGE_2024_Q1_Tables1-15_R2.xlsx,Table 3,22,I22,General,https://efiling.energysafety.ca.gov/eFiling/Getfile.aspx?fileid=56226&shareable=true
1030000013,3. Distribution Outages,3.b.,exact_metric_name_and_unit,Vegetation caused outages in HFTD with RFW,Vegetation caused outages in HFTD with RFW,,,No,Outages,0,,,,SDG&E,2024,1,v3.2,2,1,SDGE_2024_Q1_Tables1-15_R2.xlsx,Table 3,23,I23,General,https://efiling.energysafety.ca.gov/eFiling/Getfile.aspx?fileid=56226&shareable=true
1030000014,3. Distribution Outages,3.c.,exact_metric_name_and_unit,Overhead faults on circuits in HFTD with Elevated or higher FPI,Overhead faults on circuits in HFTD with Elevated or higher FPI,,,No,Outages,0,,,,SDG&E,2024,1,v3.2,2,1,SDGE_2024_Q1_Tables1-15_R2.xlsx,Table 3,24,I24,General,https://efiling.energysafety.ca.gov/eFiling/Getfile.aspx?fileid=56226&shareable=true
1030000015,3. Distribution Outages,3.d.,exact_metric_name_and_unit,Overhead faults on circuits in HFTD with RFW,Overhead faults on circuits in HFTD with RFW,,,No,Outages,0,,,,SDG&E,2024,1,v3.2,2,1,SDGE_2024_Q1_Tables1-15_R2.xlsx,Table 3,25,I25,General,https://efiling.energysafety.ca.gov/eFiling/Getfile.aspx?fileid=56226&shareable=true
1030000016,3. Distribution Outages,3.e.,exact_metric_name_and_unit,Energized wire down events in HFTD with Elevated or higher FPI,Energized wire down events in HFTD with Elevated or higher FPI,,,No,Outages,0,,,,SDG&E,2024,1,v3.2,2,1,SDGE_2024_Q1_Tables1-15_R2.xlsx,Table 3,26,I26,General,https://efiling.energysafety.ca.gov/eFiling/Getfile.aspx?fileid=56226&shareable=true
1030000017,3. Distribution Outages,3.f.,exact_metric_name_and_unit,Energized wire down events in HFTD with RFW,Energized wire down events in HFTD with RFW,,,No,Outages,0,,,,SDG&E,2024,1,v3.2,2,1,SDGE_2024_Q1_Tables1-15_R2.xlsx,Table 3,27,I27,General,https://efiling.energysafety.ca.gov/eFiling/Getfile.aspx?fileid=56226&shareable=true
1030000018,3. Distribution Outages,3.g.,exact_metric_name_and_unit,Number of non-CALFIRE rated fuse operations in HFTD with Elevated or higher FPI,Number of non-CALFIRE rated fuse operations in HFTD with Elevated or higher FPI,,,No,Outages,0,,,,SDG&E,2024,1,v3.2,2,1,SDGE_2024_Q1_Tables1-15_R2.xlsx,Table 3,28,I28,General,https://efiling.energysafety.ca.gov/eFiling/Getfile.aspx?fileid=56226&shareable=true
1030000019,3. Distribution Outages,3.h.,exact_metric_name_and_unit,Number of non-CALFIRE rated fuse operations in HFTD with RFW,Number of non-CALFIRE rated fuse operations in HFTD with RFW,,,No,Outages,0,,,,SDG&E,2024,1,v3.2,2,1,SDGE_2024_Q1_Tables1-15_R2.xlsx,Table 3,29,I29,General,https://efiling.energysafety.ca.gov/eFiling/Getfile.aspx?fileid=56226&shareable=true
1030000020,3. Distribution Outages,3.i.,exact_metric_name_and_unit,Overhead fault rate in HFTD during High FPI,Overhead fault rate in HFTD during High FPI,,,No,Overhead faults per high FPI day,0,,,,SDG&E,2024,1,v3.2,2,1,SDGE_2024_Q1_Tables1-15_R2.xlsx,Table 3,30,I30,General,https://efiling.energysafety.ca.gov/eFiling/Getfile.aspx?fileid=56226&shareable=true
1030000021,4. Personnel Safety Leading Indicators,4.a.,exact_metric_name_and_unit,Near Miss Reporting,Near Miss Reporting,,,No,Near miss events reported,111,,,,SDG&E,2024,1,v3.2,2,1,SDGE_2024_Q1_Tables1-15_R2.xlsx,Table 3,31,I31,General,https://efiling.energysafety.ca.gov/eFiling/Getfile.aspx?fileid=56226&shareable=true
1030000022,4. Personnel Safety Leading Indicators,4.b.,exact_metric_name_and_unit,Safety Observations,Safety Observations,,,No,Observations performed,4506,,,,SDG&E,2024,1,v3.2,2,1,SDGE_2024_Q1_Tables1-15_R2.xlsx,Table 3,32,I32,3,https://efiling.energysafety.ca.gov/eFiling/Getfile.aspx?fileid=56226&shareable=true
1030000023,5. Other PSPS,5.a.,exact_metric_name_and_unit,Percent of customers being de-energized on PSPS circuits,Percent of customers being de-energized on PSPS circuits,,,No,percent,0,,,,SDG&E,2024,1,v3.2,2,1,SDGE_2024_Q1_Tables1-15_R2.xlsx,Table 3,33,I33,General,https://efiling.energysafety.ca.gov/eFiling/Getfile.aspx?fileid=56226&shareable=true
1030000024,5. Other PSPS,5.b.,exact_metric_name_and_unit,Number of circuits de-engergized,Number of circuits de-engergized,,,No,circuits,0,,,,SDG&E,2024,1,v3.2,2,1,SDGE_2024_Q1_Tables1-15_R2.xlsx,Table 3,34,I34,General,https://efiling.energysafety.ca.gov/eFiling/Getfile.aspx?fileid=56226&shareable=true
1030000025,6. Situational Awareness,6.a.,exact_metric_name_and_unit,Communication success rate of weather stations,Communication success rate of weather stations,,,Yes,percent,98.24,,,,SDG&E,2024,1,v3.2,2,1,SDGE_2024_Q1_Tables1-15_R2.xlsx,Table 3,35,I35,General,https://efiling.energysafety.ca.gov/eFiling/Getfile.aspx?fileid=56226&shareable=true
1030000026,6. Situational Awareness,6.b.,exact_metric_name_and_unit,Post processing success rate - WRF simulations,Post processing success rate - WRF simulations,,,Yes,percent,99.8,,,,SDG&E,2024,1,v3.2,2,1,SDGE_2024_Q1_Tables1-15_R2.xlsx,Table 3,36,I36,General,https://efiling.energysafety.ca.gov/eFiling/Getfile.aspx?fileid=56226&shareable=true
1030000027,6. Situational Awareness,6.c.,exact_metric_name_and_unit,Post processing success rate - ML gust model,Post processing success rate - ML gust model,,,No,percent,99.5,,,,SDG&E,2024,1,v3.2,2,1,SDGE_2024_Q1_Tables1-15_R2.xlsx,Table 3,37,I37,General,https://efiling.energysafety.ca.gov/eFiling/Getfile.aspx?fileid=56226&shareable=true
1030000028,6. Situational Awareness,6.d.,exact_metric_name_and_unit,Post processing success rate - SAWTI,Post processing success rate - SAWTI,,,No,percent,94.8,,,,SDG&E,2024,1,v3.2,2,1,SDGE_2024_Q1_Tables1-15_R2.xlsx,Table 3,38,I38,General,https://efiling.energysafety.ca.gov/eFiling/Getfile.aspx?fileid=56226&shareable=true
1030000029,6. Situational Awareness,6.e.,exact_metric_name_and_unit,Post processing success rate - FPI,Post processing success rate - FPI,,,No,percent,100,,,,SDG&E,2024,1,v3.2,2,1,SDGE_2024_Q1_Tables1-15_R2.xlsx,Table 3,39,I39,General,https://efiling.energysafety.ca.gov/eFiling/Getfile.aspx?fileid=56226&shareable=true
1030000030,6. Situational Awareness,6.f.,exact_metric_name_and_unit,Post processing success rate - OPI,Post processing success rate - OPI,,,No,percent,100,,,,SDG&E,2024,1,v3.2,2,1,SDGE_2024_Q1_Tables1-15_R2.xlsx,Table 3,40,I40,General,https://efiling.energysafety.ca.gov/eFiling/Getfile.aspx?fileid=56226&shareable=true
1030000031,7. Emergency Preparedness,7.a,exact_metric_name_and_unit,Percentage of community partners participating in local wildfire mitigation planning (in territory),Percentage of community partners participating in local wildfire mitigation planning (in territory),,,No,percent,,,No activities in 2024 Q1,N/A,SDG&E,2024,1,v3.2,2,1,SDGE_2024_Q1_Tables1-15_R2.xlsx,Table 3,41,I41,General,https://efiling.energysafety.ca.gov/eFiling/Getfile.aspx?fileid=56226&shareable=true
1030000032,7. Emergency Preparedness,7.b,exact_metric_name_and_unit,Percentage of Wildfire/PSPS events followed by an After-Action Review or feedback process,Percentage of Wildfire/PSPS events followed by an After-Action Review or feedback process,,,No,percent,,,No activities in 2024 Q1,N/A,SDG&E,2024,1,v3.2,2,1,SDGE_2024_Q1_Tables1-15_R2.xlsx,Table 3,42,I42,General,https://efiling.energysafety.ca.gov/eFiling/Getfile.aspx?fileid=56226&shareable=true
1030000033,8. Community Outreach and Engagement,8.a,exact_metric_name_and_unit,Percentage of individuals with AFN who were aware of what support and resources were available to them during a PSPS event.,Percentage of individuals with AFN who were aware of what support and resources were available to them during a PSPS event.,,,No,percent,,,No activities in 2024 Q1,N/A,SDG&E,2024,1,v3.2,2,1,SDGE_2024_Q1_Tables1-15_R2.xlsx,Table 3,43,I43,General,https://efiling.energysafety.ca.gov/eFiling/Getfile.aspx?fileid=56226&shareable=true
1030000034,8. Community Outreach and Engagement,8.b,exact_metric_name_and_unit,Percentage of individuals with AFN who were able to use necessary medical equipment to maintain necessary life functions for the duration of any PSPS event that affected them,Percentage of individuals with AFN who were able to use necessary medical equipment to maintain necessary life functions for the duration of any PSPS event that affected them,,,No,percent,,,No activities in 2024 Q1,N/A,SDG&E,2024,1,v3.2,2,1,SDGE_2024_Q1_Tables1-15_R2.xlsx,Table 3,44,I44,General,https://efiling.energysafety.ca.gov/eFiling/Getfile.aspx?fileid=56226&shareable=true
1030000035,8. Community Outreach and Engagement,8.c,exact_metric_name_and_unit,Percentage of individuals who utilized mitigation services and reported they were satisfied with the level of support,Percentage of individuals who utilized mitigation services and reported they were satisfied with the level of support,,,No,percent,,,No activities in 2024 Q1,N/A,SDG&E,2024,1,v3.2,2,1,SDGE_2024_Q1_Tables1-15_R2.xlsx,Table 3,45,I45,General,https://efiling.energysafety.ca.gov/eFiling/Getfile.aspx?fileid=56226&shareable=true
1030000036,8. Community Outreach and Engagement,8.d,exact_metric_name_and_unit,Percentage of customers notified prior to a PSPS event impacting them,Percentage of customers notified prior to a PSPS event impacting them,,,No,percent,,,No activities in 2024 Q1,N/A,SDG&E,2024,1,v3.2,2,1,SDGE_2024_Q1_Tables1-15_R2.xlsx,Table 3,46,I46,General,https://efiling.energysafety.ca.gov/eFiling/Getfile.aspx?fileid=56226&shareable=true
1030000000,1. Elevated FPI and Red Flag Warning Days,1.a.,exact_metric_name_and_unit,Number of High FPI days (elevated or extreme FPI),Number of High FPI days (elevated or extreme FPI),,,No,Days,21,,,,SDG&E,2024,2,v3.2,1,2,SDGE_2024_Q2_Tables1-15_R1.xlsx,Table 3,10,I10,General,https://efiling.energysafety.ca.gov/eFiling/Getfile.aspx?fileid=56226&shareable=true
1030000001,1. Elevated FPI and Red Flag Warning Days,1.b.,exact_metric_name_and_unit,Number of RFW days,Number of RFW days,,,No,Days,0,,,,SDG&E,2024,2,v3.2,1,2,SDGE_2024_Q2_Tables1-15_R1.xlsx,Table 3,11,I11,General,https://efiling.energysafety.ca.gov/eFiling/Getfile.aspx?fileid=56226&shareable=true
1030000002,2. Ignition Events,2.a.,exact_metric_name_and_unit,Vegetation caused ignitons in HFTD with elevated or higher FPI,Vegetation caused ignitons in HFTD with elevated or higher FPI,,,No,Ignitions,0,,,,SDG&E,2024,2,v3.2,1,2,SDGE_2024_Q2_Tables1-15_R1.xlsx,Table 3,12,I12,General,https://efiling.energysafety.ca.gov/eFiling/Getfile.aspx?fileid=56226&shareable=true
1030000003,2. Ignition Events,2.b.,exact_metric_name_and_unit,Vegetation caused ignitons in HFTD with RFW,Vegetation caused ignitons in HFTD with RFW,,,No,Ignitions,0,,,,SDG&E,2024,2,v3.2,1,2,SDGE_2024_Q2_Tables1-15_R1.xlsx,Table 3,13,I13,General,https://efiling.energysafety.ca.gov/eFiling/Getfile.aspx?fileid=56226&shareable=true
1030000004,2. Ignition Events,2.c.,exact_metric_name_and_unit,Equipment caused ignitions in HFTD with elevated or higher FPI,Equipment caused ignitions in HFTD with elevated or higher FPI,,,No,Ignitions,0,,,,SDG&E,2024,2,v3.2,1,2,SDGE_2024_Q2_Tables1-15_R1.xlsx,Table 3,14,I14,General,https://efiling.energysafety.ca.gov/eFiling/Getfile.aspx?fileid=56226&shareable=true
1030000005,2. Ignition Events,2.d.,exact_metric_name_and_unit,Equipment caused ignitions in HFTD with RFW,Equipment caused ignitions in HFTD with RFW,,,No,Ignitions,0,,,,SDG&E,2024,2,v3.2,1,2,SDGE_2024_Q2_Tables1-15_R1.xlsx,Table 3,15,I15,General,https://efiling.energysafety.ca.gov/eFiling/Getfile.aspx?fileid=56226&shareable=true
1030000006,2. Ignition Events,2.e.,exact_metric_name_and_unit,Balloons caused ignitions in HFTD with elevated or higher FPI,Balloons caused ignitions in HFTD with elevated or higher FPI,,,No,Ignitions,0,,,,SDG&E,2024,2,v3.2,1,2,SDGE_2024_Q2_Tables1-15_R1.xlsx,Table 3,16,I16,General,https://efiling.energysafety.ca.gov/eFiling/Getfile.aspx?fileid=56226&shareable=true
1030000007,2. Ignition Events,2.f.,exact_metric_name_and_unit,Balloons caused ignitions in HFTD with RFW,Balloons caused ignitions in HFTD with RFW,,,No,Ignitions,0,,,,SDG&E,2024,2,v3.2,1,2,SDGE_2024_Q2_Tables1-15_R1.xlsx,Table 3,17,I17,General,https://efiling.energysafety.ca.gov/eFiling/Getfile.aspx?fileid=56226&shareable=true
1030000008,2. Ignition Events,2.g.,exact_metric_name_and_unit,Vehicles caused ignitions in HFTD with elevated or higher FPI,Vehicles caused ignitions in HFTD with elevated or higher FPI,,,No,Ignitions,0,,,,SDG&E,2024,2,v3.2,1,2,SDGE_2024_Q2_Tables1-15_R1.xlsx,Table 3,18,I18,General,https://efiling.energysafety.ca.gov/eFiling/Getfile.aspx?fileid=56226&shareable=true
1030000009,2. Ignition Events,2.h.,exact_metric_name_and_unit,Vehicles caused ignitions in HFTD with RFW,Vehicles caused ignitions in HFTD with RFW,,,No,Ignitions,0,,,,SDG&E,2024,2,v3.2,1,2,SDGE_2024_Q2_Tables1-15_R1.xlsx,Table 3,19,I19,General,https://efiling.energysafety.ca.gov/eFiling/Getfile.aspx?fileid=56226&shareable=true
1030000010,2. Ignition Events,2.i.,exact_metric_name_and_unit,Equipment caused ignition rate in HFTD during high FPI,Equipment caused ignition rate in HFTD during high FPI,,,No,Ignitions per high FPI day,0,,,,SDG&E,2024,2,v3.2,1,2,SDGE_2024_Q2_Tables1-15_R1.xlsx,Table 3,20,I20,General,https://efiling.energysafety.ca.gov/eFiling/Getfile.aspx?fileid=56226&shareable=true
1030000011,2. Ignition Events,2.j.,exact_metric_name_and_unit,CPUC reportable secondary igntions,CPUC reportable secondary igntions,,,No,Ignitions,1,,CPUC reportable secondary ignitions is not an available driver in Table 6,,SDG&E,2024,2,v3.2,1,2,SDGE_2024_Q2_Tables1-15_R1.xlsx,Table 3,21,I21,General,https://efiling.energysafety.ca.gov/eFiling/Getfile.aspx?fileid=56226&shareable=true
1030000012,3. Distribution Outages,3.a.,exact_metric_name_and_unit,Vegetation caused outages in HFTD with Elevated FPI,Vegetation caused outages in HFTD with Elevated FPI,,,No,Outages,0,,,,SDG&E,2024,2,v3.2,1,2,SDGE_2024_Q2_Tables1-15_R1.xlsx,Table 3,22,I22,General,https://efiling.energysafety.ca.gov/eFiling/Getfile.aspx?fileid=56226&shareable=true
1030000013,3. Distribution Outages,3.b.,exact_metric_name_and_unit,Vegetation caused outages in HFTD with RFW,Vegetation caused outages in HFTD with RFW,,,No,Outages,0,,,,SDG&E,2024,2,v3.2,1,2,SDGE_2024_Q2_Tables1-15_R1.xlsx,Table 3,23,I23,General,https://efiling.energysafety.ca.gov/eFiling/Getfile.aspx?fileid=56226&shareable=true
1030000014,3. Distribution Outages,3.c.,exact_metric_name_and_unit,Overhead faults on circuits in HFTD with Elevated or higher FPI,Overhead faults on circuits in HFTD with Elevated or higher FPI,,,No,Outages,9,,,,SDG&E,2024,2,v3.2,1,2,SDGE_2024_Q2_Tables1-15_R1.xlsx,Table 3,24,I24,General,https://efiling.energysafety.ca.gov/eFiling/Getfile.aspx?fileid=56226&shareable=true
1030000015,3. Distribution Outages,3.d.,exact_metric_name_and_unit,Overhead faults on circuits in HFTD with RFW,Overhead faults on circuits in HFTD with RFW,,,No,Outages,0,,,,SDG&E,2024,2,v3.2,1,2,SDGE_2024_Q2_Tables1-15_R1.xlsx,Table 3,25,I25,General,https://efiling.energysafety.ca.gov/eFiling/Getfile.aspx?fileid=56226&shareable=true
1030000016,3. Distribution Outages,3.e.,exact_metric_name_and_unit,Energized wire down events in HFTD with Elevated or higher FPI,Energized wire down events in HFTD with Elevated or higher FPI,,,No,Outages,0,,,,SDG&E,2024,2,v3.2,1,2,SDGE_2024_Q2_Tables1-15_R1.xlsx,Table 3,26,I26,General,https://efiling.energysafety.ca.gov/eFiling/Getfile.aspx?fileid=56226&shareable=true
1030000017,3. Distribution Outages,3.f.,exact_metric_name_and_unit,Energized wire down events in HFTD with RFW,Energized wire down events in HFTD with RFW,,,No,Outages,0,,,,SDG&E,2024,2,v3.2,1,2,SDGE_2024_Q2_Tables1-15_R1.xlsx,Table 3,27,I27,General,https://efiling.energysafety.ca.gov/eFiling/Getfile.aspx?fileid=56226&shareable=true
1030000018,3. Distribution Outages,3.g.,exact_metric_name_and_unit,Number of non-CALFIRE rated fuse operations in HFTD with Elevated or higher FPI,Number of non-CALFIRE rated fuse operations in HFTD with Elevated or higher FPI,,,No,Outages,3,,,,SDG&E,2024,2,v3.2,1,2,SDGE_2024_Q2_Tables1-15_R1.xlsx,Table 3,28,I28,General,https://efiling.energysafety.ca.gov/eFiling/Getfile.aspx?fileid=56226&shareable=true
1030000019,3. Distribution Outages,3.h.,exact_metric_name_and_unit,Number of non-CALFIRE rated fuse operations in HFTD with RFW,Number of non-CALFIRE rated fuse operations in HFTD with RFW,,,No,Outages,0,,,,SDG&E,2024,2,v3.2,1,2,SDGE_2024_Q2_Tables1-15_R1.xlsx,Table 3,29,I29,General,https://efiling.energysafety.ca.gov/eFiling/Getfile.aspx?fileid=56226&shareable=true
1030000020,3. Distribution Outages,3.i.,exact_metric_name_and_unit,Overhead fault rate in HFTD during High FPI,Overhead fault rate in HFTD during High FPI,,,No,Overhead faults per high FPI day,0.33,,,,SDG&E,2024,2,v3.2,1,2,SDGE_2024_Q2_Tables1-15_R1.xlsx,Table 3,30,I30,General,https://efiling.energysafety.ca.gov/eFiling/Getfile.aspx?fileid=56226&shareable=true
1030000021,4. Personnel Safety Leading Indicators,4.a.,exact_metric_name_and_unit,Near Miss Reporting,Near Miss Reporting,,,No,Near miss events reported,114,,,,SDG&E,2024,2,v3.2,1,2,SDGE_2024_Q2_Tables1-15_R1.xlsx,Table 3,31,I31,General,https://efiling.energysafety.ca.gov/eFiling/Getfile.aspx?fileid=56226&shareable=true
1030000022,4. Personnel Safety Leading Indicators,4.b.,exact_metric_name_and_unit,Safety Observations,Safety Observations,,,No,Observations performed,3274,,,,SDG&E,2024,2,v3.2,1,2,SDGE_2024_Q2_Tables1-15_R1.xlsx,Table 3,32,I32,3,https://efiling.energysafety.ca.gov/eFiling/Getfile.aspx?fileid=56226&shareable=true
1030000023,5. Other PSPS,5.a.,exact_metric_name_and_unit,Percent of customers being de-energized on PSPS circuits,Percent of customers being de-energized on PSPS circuits,,,No,percent,0,,,,SDG&E,2024,2,v3.2,1,2,SDGE_2024_Q2_Tables1-15_R1.xlsx,Table 3,33,I33,General,https://efiling.energysafety.ca.gov/eFiling/Getfile.aspx?fileid=56226&shareable=true
1030000024,5. Other PSPS,5.b.,exact_metric_name_and_unit,Number of circuits de-engergized,Number of circuits de-engergized,,,No,circuits,0,,,,SDG&E,2024,2,v3.2,1,2,SDGE_2024_Q2_Tables1-15_R1.xlsx,Table 3,34,I34,General,https://efiling.energysafety.ca.gov/eFiling/Getfile.aspx?fileid=56226&shareable=true
1030000025,6. Situational Awareness,6.a.,exact_metric_name_and_unit,Communication success rate of weather stations,Communication success rate of weather stations,,,Yes,percent,98.61,,,,SDG&E,2024,2,v3.2,1,2,SDGE_2024_Q2_Tables1-15_R1.xlsx,Table 3,35,I35,General,https://efiling.energysafety.ca.gov/eFiling/Getfile.aspx?fileid=56226&shareable=true
1030000026,6. Situational Awareness,6.b.,exact_metric_name_and_unit,Post processing success rate - WRF simulations,Post processing success rate - WRF simulations,,,Yes,percent,99.8,,,,SDG&E,2024,2,v3.2,1,2,SDGE_2024_Q2_Tables1-15_R1.xlsx,Table 3,36,I36,General,https://efiling.energysafety.ca.gov/eFiling/Getfile.aspx?fileid=56226&shareable=true
1030000027,6. Situational Awareness,6.c.,exact_metric_name_and_unit,Post processing success rate - ML gust model,Post processing success rate - ML gust model,,,No,percent,100,,,,SDG&E,2024,2,v3.2,1,2,SDGE_2024_Q2_Tables1-15_R1.xlsx,Table 3,37,I37,General,https://efiling.energysafety.ca.gov/eFiling/Getfile.aspx?fileid=56226&shareable=true
1030000028,6. Situational Awareness,6.d.,exact_metric_name_and_unit,Post processing success rate - SAWTI,Post processing success rate - SAWTI,,,No,percent,96.2,,,,SDG&E,2024,2,v3.2,1,2,SDGE_2024_Q2_Tables1-15_R1.xlsx,Table 3,38,I38,General,https://efiling.energysafety.ca.gov/eFiling/Getfile.aspx?fileid=56226&shareable=true
1030000029,6. Situational Awareness,6.e.,exact_metric_name_and_unit,Post processing success rate - FPI,Post processing success rate - FPI,,,No,percent,99.5,,,,SDG&E,2024,2,v3.2,1,2,SDGE_2024_Q2_Tables1-15_R1.xlsx,Table 3,39,I39,General,https://efiling.energysafety.ca.gov/eFiling/Getfile.aspx?fileid=56226&shareable=true
1030000030,6. Situational Awareness,6.f.,exact_metric_name_and_unit,Post processing success rate - OPI,Post processing success rate - OPI,,,No,percent,100,,,,SDG&E,2024,2,v3.2,1,2,SDGE_2024_Q2_Tables1-15_R1.xlsx,Table 3,40,I40,General,https://efiling.energysafety.ca.gov/eFiling/Getfile.aspx?fileid=56226&shareable=true
1030000031,7. Emergency Preparedness,7.a,exact_metric_name_and_unit,Percentage of community partners participating in local wildfire mitigation planning (in territory),Percentage of community partners participating in local wildfire mitigation planning (in territory),,,No,percent,100,,,,SDG&E,2024,2,v3.2,1,2,SDGE_2024_Q2_Tables1-15_R1.xlsx,Table 3,41,I41,General,https://efiling.energysafety.ca.gov/eFiling/Getfile.aspx?fileid=56226&shareable=true
1030000032,7. Emergency Preparedness,7.b,exact_metric_name_and_unit,Percentage of Wildfire/PSPS events followed by an After-Action Review or feedback process,Percentage of Wildfire/PSPS events followed by an After-Action Review or feedback process,,,No,percent,,,No activities in 2024 Q2,N/A,SDG&E,2024,2,v3.2,1,2,SDGE_2024_Q2_Tables1-15_R1.xlsx,Table 3,42,I42,General,https://efiling.energysafety.ca.gov/eFiling/Getfile.aspx?fileid=56226&shareable=true
1030000033,8. Community Outreach and Engagement,8.a,exact_metric_name_and_unit,Percentage of individuals with AFN who were aware of what support and resources were available to them during a PSPS event.,Percentage of individuals with AFN who were aware of what support and resources were available to them during a PSPS event.,,,No,percent,,,No activities in 2024 Q2,N/A,SDG&E,2024,2,v3.2,1,2,SDGE_2024_Q2_Tables1-15_R1.xlsx,Table 3,43,I43,General,https://efiling.energysafety.ca.gov/eFiling/Getfile.aspx?fileid=56226&shareable=true
1030000034,8. Community Outreach and Engagement,8.b,exact_metric_name_and_unit,Percentage of individuals with AFN who were able to use necessary medical equipment to maintain necessary life functions for the duration of any PSPS event that affected them,Percentage of individuals with AFN who were able to use necessary medical equipment to maintain necessary life functions for the duration of any PSPS event that affected them,,,No,percent,,,No activities in 2024 Q2,N/A,SDG&E,2024,2,v3.2,1,2,SDGE_2024_Q2_Tables1-15_R1.xlsx,Table 3,44,I44,General,https://efiling.energysafety.ca.gov/eFiling/Getfile.aspx?fileid=56226&shareable=true
1030000035,8. Community Outreach and Engagement,8.c,exact_metric_name_and_unit,Percentage of individuals who utilized mitigation services and reported they were satisfied with the level of support,Percentage of individuals who utilized mitigation services and reported they were satisfied with the level of support,,,No,percent,,,No activities in 2024 Q2,N/A,SDG&E,2024,2,v3.2,1,2,SDGE_2024_Q2_Tables1-15_R1.xlsx,Table 3,45,I45,General,https://efiling.energysafety.ca.gov/eFiling/Getfile.aspx?fileid=56226&shareable=true
1030000036,8. Community Outreach and Engagement,8.d,exact_metric_name_and_unit,Percentage of customers notified prior to a PSPS event impacting them,Percentage of customers notified prior to a PSPS event impacting them,,,No,percent,,,No activities in 2024 Q2,N/A,SDG&E,2024,2,v3.2,1,2,SDGE_2024_Q2_Tables1-15_R1.xlsx,Table 3,46,I46,General,https://efiling.energysafety.ca.gov/eFiling/Getfile.aspx?fileid=56226&shareable=true
1030000000,1. Elevated FPI and Red Flag Warning Days,1.a.,exact_metric_name_and_unit,Number of High FPI days (elevated or extreme FPI),Number of High FPI days (elevated or extreme FPI),,,No,Days,89,,,,SDG&E,2024,3,v3.2,1,3,SDGE_2024_Q3_Tables1-15_Rev1.xlsx,Table 3,10,I10,General,https://efiling.energysafety.ca.gov/eFiling/Getfile.aspx?fileid=56226&shareable=true
1030000001,1. Elevated FPI and Red Flag Warning Days,1.b.,exact_metric_name_and_unit,Number of RFW days,Number of RFW days,,,No,Days,0,,,,SDG&E,2024,3,v3.2,1,3,SDGE_2024_Q3_Tables1-15_Rev1.xlsx,Table 3,11,I11,General,https://efiling.energysafety.ca.gov/eFiling/Getfile.aspx?fileid=56226&shareable=true
1030000002,2. Ignition Events,2.a.,exact_metric_name_and_unit,Vegetation caused ignitons in HFTD with elevated or higher FPI,Vegetation caused ignitons in HFTD with elevated or higher FPI,,,No,Ignitions,1,,,,SDG&E,2024,3,v3.2,1,3,SDGE_2024_Q3_Tables1-15_Rev1.xlsx,Table 3,12,I12,General,https://efiling.energysafety.ca.gov/eFiling/Getfile.aspx?fileid=56226&shareable=true
1030000003,2. Ignition Events,2.b.,exact_metric_name_and_unit,Vegetation caused ignitons in HFTD with RFW,Vegetation caused ignitons in HFTD with RFW,,,No,Ignitions,0,,,,SDG&E,2024,3,v3.2,1,3,SDGE_2024_Q3_Tables1-15_Rev1.xlsx,Table 3,13,I13,General,https://efiling.energysafety.ca.gov/eFiling/Getfile.aspx?fileid=56226&shareable=true
1030000004,2. Ignition Events,2.c.,exact_metric_name_and_unit,Equipment caused ignitions in HFTD with elevated or higher FPI,Equipment caused ignitions in HFTD with elevated or higher FPI,,,No,Ignitions,3,,,,SDG&E,2024,3,v3.2,1,3,SDGE_2024_Q3_Tables1-15_Rev1.xlsx,Table 3,14,I14,General,https://efiling.energysafety.ca.gov/eFiling/Getfile.aspx?fileid=56226&shareable=true
1030000005,2. Ignition Events,2.d.,exact_metric_name_and_unit,Equipment caused ignitions in HFTD with RFW,Equipment caused ignitions in HFTD with RFW,,,No,Ignitions,0,,,,SDG&E,2024,3,v3.2,1,3,SDGE_2024_Q3_Tables1-15_Rev1.xlsx,Table 3,15,I15,General,https://efiling.energysafety.ca.gov/eFiling/Getfile.aspx?fileid=56226&shareable=true
1030000006,2. Ignition Events,2.e.,exact_metric_name_and_unit,Balloons caused ignitions in HFTD with elevated or higher FPI,Balloons caused ignitions in HFTD with elevated or higher FPI,,,No,Ignitions,0,,,,SDG&E,2024,3,v3.2,1,3,SDGE_2024_Q3_Tables1-15_Rev1.xlsx,Table 3,16,I16,General,https://efiling.energysafety.ca.gov/eFiling/Getfile.aspx?fileid=56226&shareable=true
1030000007,2. Ignition Events,2.f.,exact_metric_name_and_unit,Balloons caused ignitions in HFTD with RFW,Balloons caused ignitions in HFTD with RFW,,,No,Ignitions,0,,,,SDG&E,2024,3,v3.2,1,3,SDGE_2024_Q3_Tables1-15_Rev1.xlsx,Table 3,17,I17,General,https://efiling.energysafety.ca.gov/eFiling/Getfile.aspx?fileid=56226&shareable=true
1030000008,2. Ignition Events,2.g.,exact_metric_name_and_unit,Vehicles caused ignitions in HFTD with elevated or higher FPI,Vehicles caused ignitions in HFTD with elevated or higher FPI,,,No,Ignitions,2,,,,SDG&E,2024,3,v3.2,1,3,SDGE_2024_Q3_Tables1-15_Rev1.xlsx,Table 3,18,I18,General,https://efiling.energysafety.ca.gov/eFiling/Getfile.aspx?fileid=56226&shareable=true
1030000009,2. Ignition Events,2.h.,exact_metric_name_and_unit,Vehicles caused ignitions in HFTD with RFW,Vehicles caused ignitions in HFTD with RFW,,,No,Ignitions,0,,,,SDG&E,2024,3,v3.2,1,3,SDGE_2024_Q3_Tables1-15_Rev1.xlsx,Table 3,19,I19,General,https://efiling.energysafety.ca.gov/eFiling/Getfile.aspx?fileid=56226&shareable=true
1030000010,2. Ignition Events,2.i.,exact_metric_name_and_unit,Equipment caused ignition rate in HFTD during high FPI,Equipment caused ignition rate in HFTD during high FPI,,,No,Ignitions per high FPI day,0.03,,,,SDG&E,2024,3,v3.2,1,3,SDGE_2024_Q3_Tables1-15_Rev1.xlsx,Table 3,20,I20,General,https://efiling.energysafety.ca.gov/eFiling/Getfile.aspx?fileid=56226&shareable=true
1030000011,2. Ignition Events,2.j.,exact_metric_name_and_unit,CPUC reportable secondary igntions,CPUC reportable secondary igntions,,,No,Ignitions,2,,CPUC reportable secondary ignitions is not an available driver in Table 6,,SDG&E,2024,3,v3.2,1,3,SDGE_2024_Q3_Tables1-15_Rev1.xlsx,Table 3,21,I21,General,https://efiling.energysafety.ca.gov/eFiling/Getfile.aspx?fileid=56226&shareable=true
1030000012,3. Distribution Outages,3.a.,exact_metric_name_and_unit,Vegetation caused outages in HFTD with Elevated FPI,Vegetation caused outages in HFTD with Elevated FPI,,,No,Outages,2,,,,SDG&E,2024,3,v3.2,1,3,SDGE_2024_Q3_Tables1-15_Rev1.xlsx,Table 3,22,I22,General,https://efiling.energysafety.ca.gov/eFiling/Getfile.aspx?fileid=56226&shareable=true
1030000013,3. Distribution Outages,3.b.,exact_metric_name_and_unit,Vegetation caused outages in HFTD with RFW,Vegetation caused outages in HFTD with RFW,,,No,Outages,0,,,,SDG&E,2024,3,v3.2,1,3,SDGE_2024_Q3_Tables1-15_Rev1.xlsx,Table 3,23,I23,General,https://efiling.energysafety.ca.gov/eFiling/Getfile.aspx?fileid=56226&shareable=true
1030000014,3. Distribution Outages,3.c.,exact_metric_name_and_unit,Overhead faults on circuits in HFTD with Elevated or higher FPI,Overhead faults on circuits in HFTD with Elevated or higher FPI,,,No,Outages,81,,,,SDG&E,2024,3,v3.2,1,3,SDGE_2024_Q3_Tables1-15_Rev1.xlsx,Table 3,24,I24,General,https://efiling.energysafety.ca.gov/eFiling/Getfile.aspx?fileid=56226&shareable=true
1030000015,3. Distribution Outages,3.d.,exact_metric_name_and_unit,Overhead faults on circuits in HFTD with RFW,Overhead faults on circuits in HFTD with RFW,,,No,Outages,0,,,,SDG&E,2024,3,v3.2,1,3,SDGE_2024_Q3_Tables1-15_Rev1.xlsx,Table 3,25,I25,General,https://efiling.energysafety.ca.gov/eFiling/Getfile.aspx?fileid=56226&shareable=true
1030000016,3. Distribution Outages,3.e.,exact_metric_name_and_unit,Energized wire down events in HFTD with Elevated or higher FPI,Energized wire down events in HFTD with Elevated or higher FPI,,,No,Outages,7,,,,SDG&E,2024,3,v3.2,1,3,SDGE_2024_Q3_Tables1-15_Rev1.xlsx,Table 3,26,I26,General,https://efiling.energysafety.ca.gov/eFiling/Getfile.aspx?fileid=56226&shareable=true
1030000017,3. Distribution Outages,3.f.,exact_metric_name_and_unit,Energized wire down events in HFTD with RFW,Energized wire down events in HFTD with RFW,,,No,Outages,0,,,,SDG&E,2024,3,v3.2,1,3,SDGE_2024_Q3_Tables1-15_Rev1.xlsx,Table 3,27,I27,General,https://efiling.energysafety.ca.gov/eFiling/Getfile.aspx?fileid=56226&shareable=true
1030000018,3. Distribution Outages,3.g.,exact_metric_name_and_unit,Number of non-CALFIRE rated fuse operations in HFTD with Elevated or higher FPI,Number of non-CALFIRE rated fuse operations in HFTD with Elevated or higher FPI,,,No,Outages,4,,,,SDG&E,2024,3,v3.2,1,3,SDGE_2024_Q3_Tables1-15_Rev1.xlsx,Table 3,28,I28,General,https://efiling.energysafety.ca.gov/eFiling/Getfile.aspx?fileid=56226&shareable=true
1030000019,3. Distribution Outages,3.h.,exact_metric_name_and_unit,Number of non-CALFIRE rated fuse operations in HFTD with RFW,Number of non-CALFIRE rated fuse operations in HFTD with RFW,,,No,Outages,0,,,,SDG&E,2024,3,v3.2,1,3,SDGE_2024_Q3_Tables1-15_Rev1.xlsx,Table 3,29,I29,General,https://efiling.energysafety.ca.gov/eFiling/Getfile.aspx?fileid=56226&shareable=true
1030000020,3. Distribution Outages,3.i.,exact_metric_name_and_unit,Overhead fault rate in HFTD during High FPI,Overhead fault rate in HFTD during High FPI,,,No,Overhead faults per high FPI day,0.85,,,,SDG&E,2024,3,v3.2,1,3,SDGE_2024_Q3_Tables1-15_Rev1.xlsx,Table 3,30,I30,General,https://efiling.energysafety.ca.gov/eFiling/Getfile.aspx?fileid=56226&shareable=true
1030000021,4. Personnel Safety Leading Indicators,4.a.,exact_metric_name_and_unit,Near Miss Reporting,Near Miss Reporting,,,No,Near miss events reported,359,,,,SDG&E,2024,3,v3.2,1,3,SDGE_2024_Q3_Tables1-15_Rev1.xlsx,Table 3,31,I31,General,https://efiling.energysafety.ca.gov/eFiling/Getfile.aspx?fileid=56226&shareable=true
1030000022,4. Personnel Safety Leading Indicators,4.b.,exact_metric_name_and_unit,Safety Observations,Safety Observations,,,No,Observations performed,14281,,,,SDG&E,2024,3,v3.2,1,3,SDGE_2024_Q3_Tables1-15_Rev1.xlsx,Table 3,32,I32,3,https://efiling.energysafety.ca.gov/eFiling/Getfile.aspx?fileid=56226&shareable=true
1030000023,5. Other PSPS,5.a.,exact_metric_name_and_unit,Percent of customers being de-energized on PSPS circuits,Percent of customers being de-energized on PSPS circuits,,,No,percent,,,,,SDG&E,2024,3,v3.2,1,3,SDGE_2024_Q3_Tables1-15_Rev1.xlsx,Table 3,33,I33,General,https://efiling.energysafety.ca.gov/eFiling/Getfile.aspx?fileid=56226&shareable=true
1030000024,5. Other PSPS,5.b.,exact_metric_name_and_unit,Number of circuits de-engergized,Number of circuits de-engergized,,,No,circuits,,,,,SDG&E,2024,3,v3.2,1,3,SDGE_2024_Q3_Tables1-15_Rev1.xlsx,Table 3,34,I34,General,https://efiling.energysafety.ca.gov/eFiling/Getfile.aspx?fileid=56226&shareable=true
1030000025,6. Situational Awareness,6.a.,exact_metric_name_and_unit,Communication success rate of weather stations,Communication success rate of weather stations,,,Yes,percent,99.26,,,,SDG&E,2024,3,v3.2,1,3,SDGE_2024_Q3_Tables1-15_Rev1.xlsx,Table 3,35,I35,General,https://efiling.energysafety.ca.gov/eFiling/Getfile.aspx?fileid=56226&shareable=true
1030000026,6. Situational Awareness,6.b.,exact_metric_name_and_unit,Post processing success rate - WRF simulations,Post processing success rate - WRF simulations,,,Yes,percent,99.5,,,,SDG&E,2024,3,v3.2,1,3,SDGE_2024_Q3_Tables1-15_Rev1.xlsx,Table 3,36,I36,General,https://efiling.energysafety.ca.gov/eFiling/Getfile.aspx?fileid=56226&shareable=true
1030000027,6. Situational Awareness,6.c.,exact_metric_name_and_unit,Post processing success rate - ML gust model,Post processing success rate - ML gust model,,,No,percent,100,,,,SDG&E,2024,3,v3.2,1,3,SDGE_2024_Q3_Tables1-15_Rev1.xlsx,Table 3,37,I37,General,https://efiling.energysafety.ca.gov/eFiling/Getfile.aspx?fileid=56226&shareable=true
1030000028,6. Situational Awareness,6.d.,exact_metric_name_and_unit,Post processing success rate - SAWTI,Post processing success rate - SAWTI,,,No,percent,97.1,,,,SDG&E,2024,3,v3.2,1,3,SDGE_2024_Q3_Tables1-15_Rev1.xlsx,Table 3,38,I38,General,https://efiling.energysafety.ca.gov/eFiling/Getfile.aspx?fileid=56226&shareable=true
1030000029,6. Situational Awareness,6.e.,exact_metric_name_and_unit,Post processing success rate - FPI,Post processing success rate - FPI,,,No,percent,99.5,,,,SDG&E,2024,3,v3.2,1,3,SDGE_2024_Q3_Tables1-15_Rev1.xlsx,Table 3,39,I39,General,https://efiling.energysafety.ca.gov/eFiling/Getfile.aspx?fileid=56226&shareable=true
1030000030,6. Situational Awareness,6.f.,exact_metric_name_and_unit,Post processing success rate - OPI,Post processing success rate - OPI,,,No,percent,98.9,,,,SDG&E,2024,3,v3.2,1,3,SDGE_2024_Q3_Tables1-15_Rev1.xlsx,Table 3,40,I40,General,https://efiling.energysafety.ca.gov/eFiling/Getfile.aspx?fileid=56226&shareable=true
1030000031,7. Emergency Preparedness,7.a,exact_metric_name_and_unit,Percentage of community partners participating in local wildfire mitigation planning (in territory),Percentage of community partners participating in local wildfire mitigation planning (in territory),,,No,percent,100,,,,SDG&E,2024,3,v3.2,1,3,SDGE_2024_Q3_Tables1-15_Rev1.xlsx,Table 3,41,I41,General,https://efiling.energysafety.ca.gov/eFiling/Getfile.aspx?fileid=56226&shareable=true
1030000032,7. Emergency Preparedness,7.b,exact_metric_name_and_unit,Percentage of Wildfire/PSPS events followed by an After-Action Review or feedback process,Percentage of Wildfire/PSPS events followed by an After-Action Review or feedback process,,,No,percent,,,No activities in 2024 Q3,N/A,SDG&E,2024,3,v3.2,1,3,SDGE_2024_Q3_Tables1-15_Rev1.xlsx,Table 3,42,I42,General,https://efiling.energysafety.ca.gov/eFiling/Getfile.aspx?fileid=56226&shareable=true
1030000033,8. Community Outreach and Engagement,8.a,exact_metric_name_and_unit,Percentage of individuals with AFN who were aware of what support and resources were available to them during a PSPS event.,Percentage of individuals with AFN who were aware of what support and resources were available to them during a PSPS event.,,,No,percent,60.0,excel_percent_fraction_to_percent_points,,N/A,SDG&E,2024,3,v3.2,1,3,SDGE_2024_Q3_Tables1-15_Rev1.xlsx,Table 3,43,I43,0%,https://efiling.energysafety.ca.gov/eFiling/Getfile.aspx?fileid=56226&shareable=true
1030000034,8. Community Outreach and Engagement,8.b,exact_metric_name_and_unit,Percentage of individuals with AFN who were able to use necessary medical equipment to maintain necessary life functions for the duration of any PSPS event that affected them,Percentage of individuals with AFN who were able to use necessary medical equipment to maintain necessary life functions for the duration of any PSPS event that affected them,,,No,percent,,,No activities in 2024 Q3,N/A,SDG&E,2024,3,v3.2,1,3,SDGE_2024_Q3_Tables1-15_Rev1.xlsx,Table 3,44,I44,General,https://efiling.energysafety.ca.gov/eFiling/Getfile.aspx?fileid=56226&shareable=true
1030000035,8. Community Outreach and Engagement,8.c,exact_metric_name_and_unit,Percentage of individuals who utilized mitigation services and reported they were satisfied with the level of support,Percentage of individuals who utilized mitigation services and reported they were satisfied with the level of support,,,No,percent,91.0,excel_percent_fraction_to_percent_points,,N/A,SDG&E,2024,3,v3.2,1,3,SDGE_2024_Q3_Tables1-15_Rev1.xlsx,Table 3,45,I45,0%,https://efiling.energysafety.ca.gov/eFiling/Getfile.aspx?fileid=56226&shareable=true
1030000036,8. Community Outreach and Engagement,8.d,exact_metric_name_and_unit,Percentage of customers notified prior to a PSPS event impacting them,Percentage of customers notified prior to a PSPS event impacting them,,,No,percent,,,No activities in 2024 Q3,N/A,SDG&E,2024,3,v3.2,1,3,SDGE_2024_Q3_Tables1-15_Rev1.xlsx,Table 3,46,I46,General,https://efiling.energysafety.ca.gov/eFiling/Getfile.aspx?fileid=56226&shareable=true
1030000000,1. Elevated FPI and Red Flag Warning Days,1.a.,exact_metric_name_and_unit,Number of High FPI days (elevated or extreme FPI),Number of High FPI days (elevated or extreme FPI),,,No,Days,77,,,,SDG&E,2024,4,v3.2,1,4,SDGE_2024_Q4_Tables1-15_R1.xlsx,Table 3,10,I10,General,https://efiling.energysafety.ca.gov/eFiling/Getfile.aspx?fileid=56226&shareable=true
1030000001,1. Elevated FPI and Red Flag Warning Days,1.b.,exact_metric_name_and_unit,Number of RFW days,Number of RFW days,,,No,Days,6,,,,SDG&E,2024,4,v3.2,1,4,SDGE_2024_Q4_Tables1-15_R1.xlsx,Table 3,11,I11,General,https://efiling.energysafety.ca.gov/eFiling/Getfile.aspx?fileid=56226&shareable=true
1030000002,2. Ignition Events,2.a.,exact_metric_name_and_unit,Vegetation caused ignitons in HFTD with elevated or higher FPI,Vegetation caused ignitons in HFTD with elevated or higher FPI,,,No,Ignitions,1,,,,SDG&E,2024,4,v3.2,1,4,SDGE_2024_Q4_Tables1-15_R1.xlsx,Table 3,12,I12,General,https://efiling.energysafety.ca.gov/eFiling/Getfile.aspx?fileid=56226&shareable=true
1030000003,2. Ignition Events,2.b.,exact_metric_name_and_unit,Vegetation caused ignitons in HFTD with RFW,Vegetation caused ignitons in HFTD with RFW,,,No,Ignitions,0,,,,SDG&E,2024,4,v3.2,1,4,SDGE_2024_Q4_Tables1-15_R1.xlsx,Table 3,13,I13,General,https://efiling.energysafety.ca.gov/eFiling/Getfile.aspx?fileid=56226&shareable=true
1030000004,2. Ignition Events,2.c.,exact_metric_name_and_unit,Equipment caused ignitions in HFTD with elevated or higher FPI,Equipment caused ignitions in HFTD with elevated or higher FPI,,,No,Ignitions,3,,,,SDG&E,2024,4,v3.2,1,4,SDGE_2024_Q4_Tables1-15_R1.xlsx,Table 3,14,I14,General,https://efiling.energysafety.ca.gov/eFiling/Getfile.aspx?fileid=56226&shareable=true
1030000005,2. Ignition Events,2.d.,exact_metric_name_and_unit,Equipment caused ignitions in HFTD with RFW,Equipment caused ignitions in HFTD with RFW,,,No,Ignitions,0,,,,SDG&E,2024,4,v3.2,1,4,SDGE_2024_Q4_Tables1-15_R1.xlsx,Table 3,15,I15,General,https://efiling.energysafety.ca.gov/eFiling/Getfile.aspx?fileid=56226&shareable=true
1030000006,2. Ignition Events,2.e.,exact_metric_name_and_unit,Balloons caused ignitions in HFTD with elevated or higher FPI,Balloons caused ignitions in HFTD with elevated or higher FPI,,,No,Ignitions,0,,,,SDG&E,2024,4,v3.2,1,4,SDGE_2024_Q4_Tables1-15_R1.xlsx,Table 3,16,I16,General,https://efiling.energysafety.ca.gov/eFiling/Getfile.aspx?fileid=56226&shareable=true
1030000007,2. Ignition Events,2.f.,exact_metric_name_and_unit,Balloons caused ignitions in HFTD with RFW,Balloons caused ignitions in HFTD with RFW,,,No,Ignitions,0,,,,SDG&E,2024,4,v3.2,1,4,SDGE_2024_Q4_Tables1-15_R1.xlsx,Table 3,17,I17,General,https://efiling.energysafety.ca.gov/eFiling/Getfile.aspx?fileid=56226&shareable=true
1030000008,2. Ignition Events,2.g.,exact_metric_name_and_unit,Vehicles caused ignitions in HFTD with elevated or higher FPI,Vehicles caused ignitions in HFTD with elevated or higher FPI,,,No,Ignitions,0,,,,SDG&E,2024,4,v3.2,1,4,SDGE_2024_Q4_Tables1-15_R1.xlsx,Table 3,18,I18,General,https://efiling.energysafety.ca.gov/eFiling/Getfile.aspx?fileid=56226&shareable=true
1030000009,2. Ignition Events,2.h.,exact_metric_name_and_unit,Vehicles caused ignitions in HFTD with RFW,Vehicles caused ignitions in HFTD with RFW,,,No,Ignitions,0,,,,SDG&E,2024,4,v3.2,1,4,SDGE_2024_Q4_Tables1-15_R1.xlsx,Table 3,19,I19,General,https://efiling.energysafety.ca.gov/eFiling/Getfile.aspx?fileid=56226&shareable=true
1030000010,2. Ignition Events,2.i.,exact_metric_name_and_unit,Equipment caused ignition rate in HFTD during high FPI,Equipment caused ignition rate in HFTD during high FPI,,,No,Ignitions per high FPI day,0.03896103896103896,,,,SDG&E,2024,4,v3.2,1,4,SDGE_2024_Q4_Tables1-15_R1.xlsx,Table 3,20,I20,General,https://efiling.energysafety.ca.gov/eFiling/Getfile.aspx?fileid=56226&shareable=true
1030000011,2. Ignition Events,2.j.,exact_metric_name_and_unit,CPUC reportable secondary igntions,CPUC reportable secondary igntions,,,No,Ignitions,1,,CPUC reportable secondary ignitions is not an available driver in Table 6,,SDG&E,2024,4,v3.2,1,4,SDGE_2024_Q4_Tables1-15_R1.xlsx,Table 3,21,I21,General,https://efiling.energysafety.ca.gov/eFiling/Getfile.aspx?fileid=56226&shareable=true
1030000012,3. Distribution Outages,3.a.,exact_metric_name_and_unit,Vegetation caused outages in HFTD with Elevated FPI,Vegetation caused outages in HFTD with Elevated FPI,,,No,Outages,0,,,,SDG&E,2024,4,v3.2,1,4,SDGE_2024_Q4_Tables1-15_R1.xlsx,Table 3,22,I22,General,https://efiling.energysafety.ca.gov/eFiling/Getfile.aspx?fileid=56226&shareable=true
1030000013,3. Distribution Outages,3.b.,exact_metric_name_and_unit,Vegetation caused outages in HFTD with RFW,Vegetation caused outages in HFTD with RFW,,,No,Outages,0,,,,SDG&E,2024,4,v3.2,1,4,SDGE_2024_Q4_Tables1-15_R1.xlsx,Table 3,23,I23,General,https://efiling.energysafety.ca.gov/eFiling/Getfile.aspx?fileid=56226&shareable=true
1030000014,3. Distribution Outages,3.c.,exact_metric_name_and_unit,Overhead faults on circuits in HFTD with Elevated or higher FPI,Overhead faults on circuits in HFTD with Elevated or higher FPI,,,No,Outages,41,,,,SDG&E,2024,4,v3.2,1,4,SDGE_2024_Q4_Tables1-15_R1.xlsx,Table 3,24,I24,General,https://efiling.energysafety.ca.gov/eFiling/Getfile.aspx?fileid=56226&shareable=true
1030000015,3. Distribution Outages,3.d.,exact_metric_name_and_unit,Overhead faults on circuits in HFTD with RFW,Overhead faults on circuits in HFTD with RFW,,,No,Outages,6,,,,SDG&E,2024,4,v3.2,1,4,SDGE_2024_Q4_Tables1-15_R1.xlsx,Table 3,25,I25,General,https://efiling.energysafety.ca.gov/eFiling/Getfile.aspx?fileid=56226&shareable=true
1030000016,3. Distribution Outages,3.e.,exact_metric_name_and_unit,Energized wire down events in HFTD with Elevated or higher FPI,Energized wire down events in HFTD with Elevated or higher FPI,,,No,Outages,3,,,,SDG&E,2024,4,v3.2,1,4,SDGE_2024_Q4_Tables1-15_R1.xlsx,Table 3,26,I26,General,https://efiling.energysafety.ca.gov/eFiling/Getfile.aspx?fileid=56226&shareable=true
1030000017,3. Distribution Outages,3.f.,exact_metric_name_and_unit,Energized wire down events in HFTD with RFW,Energized wire down events in HFTD with RFW,,,No,Outages,1,,,,SDG&E,2024,4,v3.2,1,4,SDGE_2024_Q4_Tables1-15_R1.xlsx,Table 3,27,I27,General,https://efiling.energysafety.ca.gov/eFiling/Getfile.aspx?fileid=56226&shareable=true
1030000018,3. Distribution Outages,3.g.,exact_metric_name_and_unit,Number of non-CALFIRE rated fuse operations in HFTD with Elevated or higher FPI,Number of non-CALFIRE rated fuse operations in HFTD with Elevated or higher FPI,,,No,Outages,5,,,,SDG&E,2024,4,v3.2,1,4,SDGE_2024_Q4_Tables1-15_R1.xlsx,Table 3,28,I28,General,https://efiling.energysafety.ca.gov/eFiling/Getfile.aspx?fileid=56226&shareable=true
1030000019,3. Distribution Outages,3.h.,exact_metric_name_and_unit,Number of non-CALFIRE rated fuse operations in HFTD with RFW,Number of non-CALFIRE rated fuse operations in HFTD with RFW,,,No,Outages,0,,,,SDG&E,2024,4,v3.2,1,4,SDGE_2024_Q4_Tables1-15_R1.xlsx,Table 3,29,I29,General,https://efiling.energysafety.ca.gov/eFiling/Getfile.aspx?fileid=56226&shareable=true
1030000020,3. Distribution Outages,3.i.,exact_metric_name_and_unit,Overhead fault rate in HFTD during High FPI,Overhead fault rate in HFTD during High FPI,,,No,Overhead faults per high FPI day,0.5324675324675324,,,,SDG&E,2024,4,v3.2,1,4,SDGE_2024_Q4_Tables1-15_R1.xlsx,Table 3,30,I30,General,https://efiling.energysafety.ca.gov/eFiling/Getfile.aspx?fileid=56226&shareable=true
1030000021,4. Personnel Safety Leading Indicators,4.a.,exact_metric_name_and_unit,Near Miss Reporting,Near Miss Reporting,,,No,Near miss events reported,447,,,,SDG&E,2024,4,v3.2,1,4,SDGE_2024_Q4_Tables1-15_R1.xlsx,Table 3,31,I31,General,https://efiling.energysafety.ca.gov/eFiling/Getfile.aspx?fileid=56226&shareable=true
1030000022,4. Personnel Safety Leading Indicators,4.b.,exact_metric_name_and_unit,Safety Observations,Safety Observations,,,No,Observations performed,4640,,,,SDG&E,2024,4,v3.2,1,4,SDGE_2024_Q4_Tables1-15_R1.xlsx,Table 3,32,I32,3,https://efiling.energysafety.ca.gov/eFiling/Getfile.aspx?fileid=56226&shareable=true
1030000023,5. Other PSPS,5.a.,exact_metric_name_and_unit,Percent of customers being de-energized on PSPS circuits,Percent of customers being de-energized on PSPS circuits,,,No,percent,,,,,SDG&E,2024,4,v3.2,1,4,SDGE_2024_Q4_Tables1-15_R1.xlsx,Table 3,33,I33,General,https://efiling.energysafety.ca.gov/eFiling/Getfile.aspx?fileid=56226&shareable=true
1030000024,5. Other PSPS,5.b.,exact_metric_name_and_unit,Number of circuits de-engergized,Number of circuits de-engergized,,,No,circuits,72,,,,SDG&E,2024,4,v3.2,1,4,SDGE_2024_Q4_Tables1-15_R1.xlsx,Table 3,34,I34,General,https://efiling.energysafety.ca.gov/eFiling/Getfile.aspx?fileid=56226&shareable=true
1030000025,6. Situational Awareness,6.a.,exact_metric_name_and_unit,Communication success rate of weather stations,Communication success rate of weather stations,,,Yes,percent,99.41,,,,SDG&E,2024,4,v3.2,1,4,SDGE_2024_Q4_Tables1-15_R1.xlsx,Table 3,35,I35,General,https://efiling.energysafety.ca.gov/eFiling/Getfile.aspx?fileid=56226&shareable=true
1030000026,6. Situational Awareness,6.b.,exact_metric_name_and_unit,Post processing success rate - WRF simulations,Post processing success rate - WRF simulations,,,Yes,percent,100,,,,SDG&E,2024,4,v3.2,1,4,SDGE_2024_Q4_Tables1-15_R1.xlsx,Table 3,36,I36,0.00,https://efiling.energysafety.ca.gov/eFiling/Getfile.aspx?fileid=56226&shareable=true
1030000027,6. Situational Awareness,6.c.,exact_metric_name_and_unit,Post processing success rate - ML gust model,Post processing success rate - ML gust model,,,No,percent,100,,,,SDG&E,2024,4,v3.2,1,4,SDGE_2024_Q4_Tables1-15_R1.xlsx,Table 3,37,I37,0.00,https://efiling.energysafety.ca.gov/eFiling/Getfile.aspx?fileid=56226&shareable=true
1030000028,6. Situational Awareness,6.d.,exact_metric_name_and_unit,Post processing success rate - SAWTI,Post processing success rate - SAWTI,,,No,percent,99,,,,SDG&E,2024,4,v3.2,1,4,SDGE_2024_Q4_Tables1-15_R1.xlsx,Table 3,38,I38,0.00,https://efiling.energysafety.ca.gov/eFiling/Getfile.aspx?fileid=56226&shareable=true
1030000029,6. Situational Awareness,6.e.,exact_metric_name_and_unit,Post processing success rate - FPI,Post processing success rate - FPI,,,No,percent,100,,,,SDG&E,2024,4,v3.2,1,4,SDGE_2024_Q4_Tables1-15_R1.xlsx,Table 3,39,I39,0.00,https://efiling.energysafety.ca.gov/eFiling/Getfile.aspx?fileid=56226&shareable=true
1030000030,6. Situational Awareness,6.f.,exact_metric_name_and_unit,Post processing success rate - OPI,Post processing success rate - OPI,,,No,percent,100,,,,SDG&E,2024,4,v3.2,1,4,SDGE_2024_Q4_Tables1-15_R1.xlsx,Table 3,40,I40,0.00,https://efiling.energysafety.ca.gov/eFiling/Getfile.aspx?fileid=56226&shareable=true
1030000031,7. Emergency Preparedness,7.a,exact_metric_name_and_unit,Percentage of community partners participating in local wildfire mitigation planning (in territory),Percentage of community partners participating in local wildfire mitigation planning (in territory),,,No,percent,100,,,,SDG&E,2024,4,v3.2,1,4,SDGE_2024_Q4_Tables1-15_R1.xlsx,Table 3,41,I41,0.00,https://efiling.energysafety.ca.gov/eFiling/Getfile.aspx?fileid=56226&shareable=true
1030000032,7. Emergency Preparedness,7.b,exact_metric_name_and_unit,Percentage of Wildfire/PSPS events followed by an After-Action Review or feedback process,Percentage of Wildfire/PSPS events followed by an After-Action Review or feedback process,,,No,percent,100,,,N/A,SDG&E,2024,4,v3.2,1,4,SDGE_2024_Q4_Tables1-15_R1.xlsx,Table 3,42,I42,0.00,https://efiling.energysafety.ca.gov/eFiling/Getfile.aspx?fileid=56226&shareable=true
1030000033,8. Community Outreach and Engagement,8.a,exact_metric_name_and_unit,Percentage of individuals with AFN who were aware of what support and resources were available to them during a PSPS event.,Percentage of individuals with AFN who were aware of what support and resources were available to them during a PSPS event.,,,No,percent,60.0,excel_percent_fraction_to_percent_points,,N/A,SDG&E,2024,4,v3.2,1,4,SDGE_2024_Q4_Tables1-15_R1.xlsx,Table 3,43,I43,0%,https://efiling.energysafety.ca.gov/eFiling/Getfile.aspx?fileid=56226&shareable=true
1030000034,8. Community Outreach and Engagement,8.b,exact_metric_name_and_unit,Percentage of individuals with AFN who were able to use necessary medical equipment to maintain necessary life functions for the duration of any PSPS event that affected them,Percentage of individuals with AFN who were able to use necessary medical equipment to maintain necessary life functions for the duration of any PSPS event that affected them,,,No,percent,,,,N/A,SDG&E,2024,4,v3.2,1,4,SDGE_2024_Q4_Tables1-15_R1.xlsx,Table 3,44,I44,General,https://efiling.energysafety.ca.gov/eFiling/Getfile.aspx?fileid=56226&shareable=true
1030000035,8. Community Outreach and Engagement,8.c,exact_metric_name_and_unit,Percentage of individuals who utilized mitigation services and reported they were satisfied with the level of support,Percentage of individuals who utilized mitigation services and reported they were satisfied with the level of support,,,No,percent,91.0,excel_percent_fraction_to_percent_points,,N/A,SDG&E,2024,4,v3.2,1,4,SDGE_2024_Q4_Tables1-15_R1.xlsx,Table 3,45,I45,0%,https://efiling.energysafety.ca.gov/eFiling/Getfile.aspx?fileid=56226&shareable=true
1030000036,8. Community Outreach and Engagement,8.d,exact_metric_name_and_unit,Percentage of customers notified prior to a PSPS event impacting them,Percentage of customers notified prior to a PSPS event impacting them,,,No,percent,98.0,excel_percent_fraction_to_percent_points,,N/A,SDG&E,2024,4,v3.2,1,4,SDGE_2024_Q4_Tables1-15_R1.xlsx,Table 3,46,I46,0%,https://efiling.energysafety.ca.gov/eFiling/Getfile.aspx?fileid=56226&shareable=true
1030000000,1. Elevated FPI and Red Flag Warning Days,1.a.,exact_metric_name_and_unit,Number of High FPI days (elevated or extreme FPI),Number of High FPI days (elevated or extreme FPI),To track the number of days that wildfire weather conditions observed,To evaluate the frequency of the risk event and normalize it for comparison over historical years to quantify the performance,No,Days,24,,,,SDG&E,2025,1,v4.01,6,1,SDGE_2025_Q1_R6.xlsx,Table 3,2,M2,General,https://efiling.energysafety.ca.gov/eFiling/Getfile.aspx?fileid=58132&shareable=true
1030000001,1. Elevated FPI and Red Flag Warning Days,1.b.,exact_metric_name_and_unit,Number of RFW days,Number of RFW days,To track the number of days that wildfire weather conditions observed,To evaluate the frequency of the risk event and normalize it for comparison over historical years to quantify the performance,No,Days,15,,,,SDG&E,2025,1,v4.01,6,1,SDGE_2025_Q1_R6.xlsx,Table 3,3,M3,General,https://efiling.energysafety.ca.gov/eFiling/Getfile.aspx?fileid=58132&shareable=true
1030000002,2. Ignition Events,2.a.,exact_metric_name_and_unit,Vegetation caused ignitons in HFTD with elevated or higher FPI,Vegetation caused ignitons in HFTD with elevated or higher FPI,To track the number of vegetation caused risk events during elelvated and extreme wildfire weather conditions,To evaluate the performance of risk reduction from vegetation mitigations during fire prone weather conditions,No,Ignitions,0,,,,SDG&E,2025,1,v4.01,6,1,SDGE_2025_Q1_R6.xlsx,Table 3,4,M4,General,https://efiling.energysafety.ca.gov/eFiling/Getfile.aspx?fileid=58132&shareable=true
1030000003,2. Ignition Events,2.b.,exact_metric_name_and_unit,Vegetation caused ignitons in HFTD with RFW,Vegetation caused ignitons in HFTD with RFW,To track the number of vegetation caused risk events during RFW wildfire weather conditions,To evaluate the performance of risk reduction from vegetation mitigations during fire prone weather conditions,No,Ignitions,0,,,,SDG&E,2025,1,v4.01,6,1,SDGE_2025_Q1_R6.xlsx,Table 3,5,M5,General,https://efiling.energysafety.ca.gov/eFiling/Getfile.aspx?fileid=58132&shareable=true
1030000004,2. Ignition Events,2.c.,exact_metric_name_and_unit,Equipment caused ignitions in HFTD with elevated or higher FPI,Equipment caused ignitions in HFTD with elevated or higher FPI,To track the number of equipment caused risk events during elelvated and extreme wildfire weather conditions,To evaluate the performance of risk reduction during fire prone weather conditions,No,Ignitions,0,,,,SDG&E,2025,1,v4.01,6,1,SDGE_2025_Q1_R6.xlsx,Table 3,6,M6,General,https://efiling.energysafety.ca.gov/eFiling/Getfile.aspx?fileid=58132&shareable=true
1030000005,2. Ignition Events,2.d.,exact_metric_name_and_unit,Equipment caused ignitions in HFTD with RFW,Equipment caused ignitions in HFTD with RFW,To track the number of equipment caused risk events during RFW wildfire weather conditions,To evaluate the performance of risk reduction during fire prone weather conditions,No,Ignitions,0,,,,SDG&E,2025,1,v4.01,6,1,SDGE_2025_Q1_R6.xlsx,Table 3,7,M7,General,https://efiling.energysafety.ca.gov/eFiling/Getfile.aspx?fileid=58132&shareable=true
1030000006,2. Ignition Events,2.e.,exact_metric_name_and_unit,Balloons caused ignitions in HFTD with elevated or higher FPI,Balloons caused ignitions in HFTD with elevated or higher FPI,To track the number of bolloon caused risk events during elelvated and extreme wildfire weather conditions,To evaluate the performance of risk reduction during fire prone weather conditions,No,Ignitions,0,,,,SDG&E,2025,1,v4.01,6,1,SDGE_2025_Q1_R6.xlsx,Table 3,8,M8,General,https://efiling.energysafety.ca.gov/eFiling/Getfile.aspx?fileid=58132&shareable=true
1030000007,2. Ignition Events,2.f.,exact_metric_name_and_unit,Balloons caused ignitions in HFTD with RFW,Balloons caused ignitions in HFTD with RFW,To track the number of balloon caused risk events during RFW wildfire weather conditions,To evaluate the performance of risk reduction during fire prone weather conditions,No,Ignitions,0,,,,SDG&E,2025,1,v4.01,6,1,SDGE_2025_Q1_R6.xlsx,Table 3,9,M9,General,https://efiling.energysafety.ca.gov/eFiling/Getfile.aspx?fileid=58132&shareable=true
1030000008,2. Ignition Events,2.g.,exact_metric_name_and_unit,Vehicles caused ignitions in HFTD with elevated or higher FPI,Vehicles caused ignitions in HFTD with elevated or higher FPI,To track the number of vehicles caused risk events during elelvated and extreme wildfire weather conditions,To evaluate the performance of risk reduction during fire prone weather conditions,No,Ignitions,0,,,,SDG&E,2025,1,v4.01,6,1,SDGE_2025_Q1_R6.xlsx,Table 3,10,M10,General,https://efiling.energysafety.ca.gov/eFiling/Getfile.aspx?fileid=58132&shareable=true
1030000009,2. Ignition Events,2.h.,exact_metric_name_and_unit,Vehicles caused ignitions in HFTD with RFW,Vehicles caused ignitions in HFTD with RFW,To track the number of vehicles caused risk events during RFW wildfire weather conditions,To evaluate the performance of risk reduction during fire prone weather conditions,No,Ignitions,0,,,,SDG&E,2025,1,v4.01,6,1,SDGE_2025_Q1_R6.xlsx,Table 3,11,M11,General,https://efiling.energysafety.ca.gov/eFiling/Getfile.aspx?fileid=58132&shareable=true
1030000010,2. Ignition Events,2.i.,exact_metric_name_and_unit,Equipment caused ignition rate in HFTD during high FPI,Equipment caused ignition rate in HFTD during high FPI,To track ignition rate during elevated or extreme wildfire weather condition,To evaluate the performance of risk reduction during fire prone weather conditions,No,Ignitions per high FPI day,0,,,,SDG&E,2025,1,v4.01,6,1,SDGE_2025_Q1_R6.xlsx,Table 3,12,M12,General,https://efiling.energysafety.ca.gov/eFiling/Getfile.aspx?fileid=58132&shareable=true
1030000011,2. Ignition Events,2.j.,exact_metric_name_and_unit,CPUC reportable secondary igntions,CPUC reportable secondary igntions,To correctly categorize and count the ignitions that are not transmission or distribution related,n/a,No,Ignitions,0,,,,SDG&E,2025,1,v4.01,6,1,SDGE_2025_Q1_R6.xlsx,Table 3,13,M13,General,https://efiling.energysafety.ca.gov/eFiling/Getfile.aspx?fileid=58132&shareable=true
1030000012,3. Distribution Outages,3.a.,exact_metric_name_and_unit,Vegetation caused outages in HFTD with Elevated FPI,Vegetation caused outages in HFTD with Elevated FPI,To track the number of vegetation caused risk events during elelvated and extreme wildfire weather conditions,To evaluate the performance of risk reduction from vegetation mitigations during fire prone weather conditions,No,Outages,0,,,,SDG&E,2025,1,v4.01,6,1,SDGE_2025_Q1_R6.xlsx,Table 3,14,M14,General,https://efiling.energysafety.ca.gov/eFiling/Getfile.aspx?fileid=58132&shareable=true
1030000013,3. Distribution Outages,3.b.,exact_metric_name_and_unit,Vegetation caused outages in HFTD with RFW,Vegetation caused outages in HFTD with RFW,To track the number of vegetation caused risk events during RFW wildfire weather conditions,To evaluate the performance of risk reduction from vegetation mitigations during fire prone weather conditions,No,Outages,0,,,,SDG&E,2025,1,v4.01,6,1,SDGE_2025_Q1_R6.xlsx,Table 3,15,M15,General,https://efiling.energysafety.ca.gov/eFiling/Getfile.aspx?fileid=58132&shareable=true
1030000014,3. Distribution Outages,3.c.,exact_metric_name_and_unit,Overhead faults on circuits in HFTD with Elevated or higher FPI,Overhead faults on circuits in HFTD with Elevated or higher FPI,To track the number of all overhead faults that are controllable during elelvated and extreme wildfire weather conditions,To evaluate the performance of risk reduction from mitigations that have impacts on the drivers during fire prone weather conditions,No,Outages,0,,,,SDG&E,2025,1,v4.01,6,1,SDGE_2025_Q1_R6.xlsx,Table 3,16,M16,General,https://efiling.energysafety.ca.gov/eFiling/Getfile.aspx?fileid=58132&shareable=true
1030000015,3. Distribution Outages,3.d.,exact_metric_name_and_unit,Overhead faults on circuits in HFTD with RFW,Overhead faults on circuits in HFTD with RFW,To track the number of all overhead faults that are controllable during RFW wildfire weather conditions,To evaluate the performance of risk reduction from mitigations that have impacts on the drivers during fire prone weather conditions,No,Outages,0,,,,SDG&E,2025,1,v4.01,6,1,SDGE_2025_Q1_R6.xlsx,Table 3,17,M17,General,https://efiling.energysafety.ca.gov/eFiling/Getfile.aspx?fileid=58132&shareable=true
1030000016,3. Distribution Outages,3.e.,exact_metric_name_and_unit,Energized wire down events in HFTD with Elevated or higher FPI,Energized wire down events in HFTD with Elevated or higher FPI,To evaluate the performance of risk reduction from grid hardening related mitigations during fire-prone conditions,To evaluate the performance of risk reduction from mitigations that have impacts on the drivers during fire prone weather conditions,No,Outages,0,,,,SDG&E,2025,1,v4.01,6,1,SDGE_2025_Q1_R6.xlsx,Table 3,18,M18,General,https://efiling.energysafety.ca.gov/eFiling/Getfile.aspx?fileid=58132&shareable=true
1030000017,3. Distribution Outages,3.f.,exact_metric_name_and_unit,Energized wire down events in HFTD with RFW,Energized wire down events in HFTD with RFW,To evaluate the performance of risk reduction from grid hardening related mitigations during fire-prone conditions,To evaluate the performance of risk reduction from mitigations that have impacts on the drivers during fire prone weather conditions,No,Outages,0,,,,SDG&E,2025,1,v4.01,6,1,SDGE_2025_Q1_R6.xlsx,Table 3,19,M19,General,https://efiling.energysafety.ca.gov/eFiling/Getfile.aspx?fileid=58132&shareable=true
1030000018,3. Distribution Outages,3.g.,exact_metric_name_and_unit,Number of non-CALFIRE rated fuse operations in HFTD with Elevated or higher FPI,Number of non-CALFIRE rated fuse operations in HFTD with Elevated or higher FPI,To evaluate the performance of risk reduction from grid hardening related mitigations during fire-prone conditions,To evaluate the performance of risk reduction from mitigations that have impacts on the drivers during fire prone weather conditions,No,Outages,0,,,,SDG&E,2025,1,v4.01,6,1,SDGE_2025_Q1_R6.xlsx,Table 3,20,M20,General,https://efiling.energysafety.ca.gov/eFiling/Getfile.aspx?fileid=58132&shareable=true
1030000019,3. Distribution Outages,3.h.,exact_metric_name_and_unit,Number of non-CALFIRE rated fuse operations in HFTD with RFW,Number of non-CALFIRE rated fuse operations in HFTD with RFW,To evaluate the performance of risk reduction from grid hardening related mitigations during fire-prone conditions,To evaluate the performance of risk reduction from mitigations that have impacts on the drivers during fire prone weather conditions,No,Outages,0,,,,SDG&E,2025,1,v4.01,6,1,SDGE_2025_Q1_R6.xlsx,Table 3,21,M21,General,https://efiling.energysafety.ca.gov/eFiling/Getfile.aspx?fileid=58132&shareable=true
1030000020,3. Distribution Outages,3.i.,exact_metric_name_and_unit,Overhead fault rate in HFTD during High FPI,Overhead fault rate in HFTD during High FPI,To evaluate the performance of risk reduction from overall mitigations during fire-prone conditions,To evaluate the performance of risk reduction from mitigations that have impacts on the drivers during fire prone weather conditions,No,Overhead faults per high FPI day,1.13,,,,SDG&E,2025,1,v4.01,6,1,SDGE_2025_Q1_R6.xlsx,Table 3,22,M22,General,https://efiling.energysafety.ca.gov/eFiling/Getfile.aspx?fileid=58132&shareable=true
1030000021,4. Personnel Safety Leading Indicators,4.a.,exact_metric_name_and_unit,Near Miss Reporting,Near Miss Reporting,Track safety related incidents,To evaluate and assess the safety culture,No,Near miss events reported,96,,,,SDG&E,2025,1,v4.01,6,1,SDGE_2025_Q1_R6.xlsx,Table 3,23,M23,General,https://efiling.energysafety.ca.gov/eFiling/Getfile.aspx?fileid=58132&shareable=true
1030000022,4. Personnel Safety Leading Indicators,4.b.,exact_metric_name_and_unit,Safety Observations,Safety Observations,Track safety related incidents,To evaluate and assess the safety culture,No,Observations performed,4221,,,,SDG&E,2025,1,v4.01,6,1,SDGE_2025_Q1_R6.xlsx,Table 3,24,M24,3,https://efiling.energysafety.ca.gov/eFiling/Getfile.aspx?fileid=58132&shareable=true
1030000023,5. Other PSPS,5.a.,exact_metric_name_and_unit,Percent of customers being de-energized on PSPS circuits,Percent of customers being de-energized on PSPS circuits,To track the scope of PSPS events,To evaluate the isolation of the de-energization given weather events,No,percent,58.03,excel_percent_fraction_to_percent_points,,,SDG&E,2025,1,v4.01,6,1,SDGE_2025_Q1_R6.xlsx,Table 3,25,M25,0.00%,https://efiling.energysafety.ca.gov/eFiling/Getfile.aspx?fileid=58132&shareable=true
1030000024,5. Other PSPS,5.b.,exact_metric_name_and_unit,Number of circuits de-engergized,Number of circuits de-engergized,To track the scale of PSPS events,To evaluate the scale of the de-energization given weather events,No,circuits,64,,,,SDG&E,2025,1,v4.01,6,1,SDGE_2025_Q1_R6.xlsx,Table 3,26,M26,General,https://efiling.energysafety.ca.gov/eFiling/Getfile.aspx?fileid=58132&shareable=true
1030000025,6. Situational Awareness,6.a.,exact_metric_name_and_unit,Communication success rate of weather stations,Communication success rate of weather stations,To track the weather station performance,To ensure the effectiveness of situational awareness tools,Yes,percent,99.14,,,,SDG&E,2025,1,v4.01,6,1,SDGE_2025_Q1_R6.xlsx,Table 3,27,M27,General,https://efiling.energysafety.ca.gov/eFiling/Getfile.aspx?fileid=58132&shareable=true
1030000026,6. Situational Awareness,6.b.,exact_metric_name_and_unit,Post processing success rate - WRF simulations,Post processing success rate - WRF simulations,To track the weather data processing performance,To ensure the effectiveness of situational awareness tools,Yes,percent,100,,,,SDG&E,2025,1,v4.01,6,1,SDGE_2025_Q1_R6.xlsx,Table 3,28,M28,General,https://efiling.energysafety.ca.gov/eFiling/Getfile.aspx?fileid=58132&shareable=true
1030000027,6. Situational Awareness,6.c.,exact_metric_name_and_unit,Post processing success rate - ML gust model,Post processing success rate - ML gust model,To track the weather data processing performance,To ensure the effectiveness of situational awareness tools,No,percent,100,,,,SDG&E,2025,1,v4.01,6,1,SDGE_2025_Q1_R6.xlsx,Table 3,29,M29,General,https://efiling.energysafety.ca.gov/eFiling/Getfile.aspx?fileid=58132&shareable=true
1030000028,6. Situational Awareness,6.d.,exact_metric_name_and_unit,Post processing success rate - SAWTI,Post processing success rate - SAWTI,To track the weather data processing performance,To ensure the effectiveness of situational awareness tools,No,percent,93.2,,,,SDG&E,2025,1,v4.01,6,1,SDGE_2025_Q1_R6.xlsx,Table 3,30,M30,General,https://efiling.energysafety.ca.gov/eFiling/Getfile.aspx?fileid=58132&shareable=true
1030000029,6. Situational Awareness,6.e.,exact_metric_name_and_unit,Post processing success rate - FPI,Post processing success rate - FPI,To track the weather data processing performance,To ensure the effectiveness of situational awareness tools,No,percent,99.4,,,,SDG&E,2025,1,v4.01,6,1,SDGE_2025_Q1_R6.xlsx,Table 3,31,M31,General,https://efiling.energysafety.ca.gov/eFiling/Getfile.aspx?fileid=58132&shareable=true
1030000030,6. Situational Awareness,6.f.,exact_metric_name_and_unit,Post processing success rate - OPI,Post processing success rate - OPI,To track the weather data processing performance,To ensure the effectiveness of situational awareness tools,No,percent,100,,,,SDG&E,2025,1,v4.01,6,1,SDGE_2025_Q1_R6.xlsx,Table 3,32,M32,General,https://efiling.energysafety.ca.gov/eFiling/Getfile.aspx?fileid=58132&shareable=true
1030000031,7. Emergency Preparedness,7.a,exact_metric_name_and_unit,Percentage of community partners participating in local wildfire mitigation planning (in territory),Percentage of community partners participating in local wildfire mitigation planning (in territory),To track engagement and preparedness for PSPS activation,To ensure the effectiveness of preparedness of external partners,No,percent,100,,,,SDG&E,2025,1,v4.01,6,1,SDGE_2025_Q1_R6.xlsx,Table 3,33,M33,General,https://efiling.energysafety.ca.gov/eFiling/Getfile.aspx?fileid=58132&shareable=true
1030000032,7. Emergency Preparedness,7.b,exact_metric_name_and_unit,Percentage of Wildfire/PSPS events followed by an After-Action Review or feedback process,Percentage of Wildfire/PSPS events followed by an After-Action Review or feedback process,To track the after action review and feedback,To ensure the effectiveness of preparedness,No,percent,100,,,,SDG&E,2025,1,v4.01,6,1,SDGE_2025_Q1_R6.xlsx,Table 3,34,M34,General,https://efiling.energysafety.ca.gov/eFiling/Getfile.aspx?fileid=58132&shareable=true
1030000033,8. Community Outreach and Engagement,8.a,exact_metric_name_and_unit,Percentage of individuals with AFN who were aware of what support and resources were available to them during a PSPS event.,Percentage of individuals with AFN who were aware of what support and resources were available to them during a PSPS event.,To track engagement and preparedness for PSPS activation,To ensure the effectiveness of preparedness,No,percent,60,,,,SDG&E,2025,1,v4.01,6,1,SDGE_2025_Q1_R6.xlsx,Table 3,35,M35,General,https://efiling.energysafety.ca.gov/eFiling/Getfile.aspx?fileid=58132&shareable=true
1030000034,8. Community Outreach and Engagement,8.b,exact_metric_name_and_unit,Percentage of individuals with AFN who were able to use necessary medical equipment to maintain necessary life functions for the duration of any PSPS event that affected them,Percentage of individuals with AFN who were able to use necessary medical equipment to maintain necessary life functions for the duration of any PSPS event that affected them,To track engagement and preparedness for PSPS activation,To ensure the effectiveness of preparedness,No,percent,58,,,,SDG&E,2025,1,v4.01,6,1,SDGE_2025_Q1_R6.xlsx,Table 3,36,M36,General,https://efiling.energysafety.ca.gov/eFiling/Getfile.aspx?fileid=58132&shareable=true
1030000035,8. Community Outreach and Engagement,8.c,exact_metric_name_and_unit,Percentage of individuals who utilized mitigation services and reported they were satisfied with the level of support,Percentage of individuals who utilized mitigation services and reported they were satisfied with the level of support,To track engagement and preparedness for PSPS activation,To ensure the effectiveness of preparedness,No,percent,91,,,,SDG&E,2025,1,v4.01,6,1,SDGE_2025_Q1_R6.xlsx,Table 3,37,M37,General,https://efiling.energysafety.ca.gov/eFiling/Getfile.aspx?fileid=58132&shareable=true
1030000036,8. Community Outreach and Engagement,8.d,exact_metric_name_and_unit,Percentage of customers notified prior to a PSPS event impacting them,Percentage of customers notified prior to a PSPS event impacting them,To track the performance of notifications for PSPS activation,To ensure the effectiveness of preparedness,No,percent,97,,,,SDG&E,2025,1,v4.01,6,1,SDGE_2025_Q1_R6.xlsx,Table 3,38,M38,General,https://efiling.energysafety.ca.gov/eFiling/Getfile.aspx?fileid=58132&shareable=true
1030000000,1. Elevated FPI and Red Flag Warning Days,1.a.,exact_metric_name_and_unit,Number of High FPI days (elevated or extreme FPI),Number of High FPI days (elevated or extreme FPI),To track the number of days that wildfire weather conditions observed,To evaluate the frequency of the risk event and normalize it for comparison over historical years to quantify the performance,No,Days,22,,,,SDG&E,2025,2,v4.01,5,2,SDGE_2025_Q2_R5.xlsx,Table 3,2,M2,General,https://efiling.energysafety.ca.gov/eFiling/Getfile.aspx?fileid=58132&shareable=true
1030000001,1. Elevated FPI and Red Flag Warning Days,1.b.,exact_metric_name_and_unit,Number of RFW days,Number of RFW days,To track the number of days that wildfire weather conditions observed,To evaluate the frequency of the risk event and normalize it for comparison over historical years to quantify the performance,No,Days,0,,,,SDG&E,2025,2,v4.01,5,2,SDGE_2025_Q2_R5.xlsx,Table 3,3,M3,General,https://efiling.energysafety.ca.gov/eFiling/Getfile.aspx?fileid=58132&shareable=true
1030000002,2. Ignition Events,2.a.,exact_metric_name_and_unit,Vegetation caused ignitons in HFTD with elevated or higher FPI,Vegetation caused ignitons in HFTD with elevated or higher FPI,To track the number of vegetation caused risk events during elelvated and extreme wildfire weather conditions,To evaluate the performance of risk reduction from vegetation mitigations during fire prone weather conditions,No,Ignitions,0,,,,SDG&E,2025,2,v4.01,5,2,SDGE_2025_Q2_R5.xlsx,Table 3,4,M4,General,https://efiling.energysafety.ca.gov/eFiling/Getfile.aspx?fileid=58132&shareable=true
1030000003,2. Ignition Events,2.b.,exact_metric_name_and_unit,Vegetation caused ignitons in HFTD with RFW,Vegetation caused ignitons in HFTD with RFW,To track the number of vegetation caused risk events during RFW wildfire weather conditions,To evaluate the performance of risk reduction from vegetation mitigations during fire prone weather conditions,No,Ignitions,0,,,,SDG&E,2025,2,v4.01,5,2,SDGE_2025_Q2_R5.xlsx,Table 3,5,M5,General,https://efiling.energysafety.ca.gov/eFiling/Getfile.aspx?fileid=58132&shareable=true
1030000004,2. Ignition Events,2.c.,exact_metric_name_and_unit,Equipment caused ignitions in HFTD with elevated or higher FPI,Equipment caused ignitions in HFTD with elevated or higher FPI,To track the number of equipment caused risk events during elelvated and extreme wildfire weather conditions,To evaluate the performance of risk reduction during fire prone weather conditions,No,Ignitions,0,,,,SDG&E,2025,2,v4.01,5,2,SDGE_2025_Q2_R5.xlsx,Table 3,6,M6,General,https://efiling.energysafety.ca.gov/eFiling/Getfile.aspx?fileid=58132&shareable=true
1030000005,2. Ignition Events,2.d.,exact_metric_name_and_unit,Equipment caused ignitions in HFTD with RFW,Equipment caused ignitions in HFTD with RFW,To track the number of equipment caused risk events during RFW wildfire weather conditions,To evaluate the performance of risk reduction during fire prone weather conditions,No,Ignitions,0,,,,SDG&E,2025,2,v4.01,5,2,SDGE_2025_Q2_R5.xlsx,Table 3,7,M7,General,https://efiling.energysafety.ca.gov/eFiling/Getfile.aspx?fileid=58132&shareable=true
1030000006,2. Ignition Events,2.e.,exact_metric_name_and_unit,Balloons caused ignitions in HFTD with elevated or higher FPI,Balloons caused ignitions in HFTD with elevated or higher FPI,To track the number of bolloon caused risk events during elelvated and extreme wildfire weather conditions,To evaluate the performance of risk reduction during fire prone weather conditions,No,Ignitions,0,,,,SDG&E,2025,2,v4.01,5,2,SDGE_2025_Q2_R5.xlsx,Table 3,8,M8,General,https://efiling.energysafety.ca.gov/eFiling/Getfile.aspx?fileid=58132&shareable=true
1030000007,2. Ignition Events,2.f.,exact_metric_name_and_unit,Balloons caused ignitions in HFTD with RFW,Balloons caused ignitions in HFTD with RFW,To track the number of balloon caused risk events during RFW wildfire weather conditions,To evaluate the performance of risk reduction during fire prone weather conditions,No,Ignitions,0,,,,SDG&E,2025,2,v4.01,5,2,SDGE_2025_Q2_R5.xlsx,Table 3,9,M9,General,https://efiling.energysafety.ca.gov/eFiling/Getfile.aspx?fileid=58132&shareable=true
1030000008,2. Ignition Events,2.g.,exact_metric_name_and_unit,Vehicles caused ignitions in HFTD with elevated or higher FPI,Vehicles caused ignitions in HFTD with elevated or higher FPI,To track the number of vehicles caused risk events during elelvated and extreme wildfire weather conditions,To evaluate the performance of risk reduction during fire prone weather conditions,No,Ignitions,0,,,,SDG&E,2025,2,v4.01,5,2,SDGE_2025_Q2_R5.xlsx,Table 3,10,M10,General,https://efiling.energysafety.ca.gov/eFiling/Getfile.aspx?fileid=58132&shareable=true
1030000009,2. Ignition Events,2.h.,exact_metric_name_and_unit,Vehicles caused ignitions in HFTD with RFW,Vehicles caused ignitions in HFTD with RFW,To track the number of vehicles caused risk events during RFW wildfire weather conditions,To evaluate the performance of risk reduction during fire prone weather conditions,No,Ignitions,0,,,,SDG&E,2025,2,v4.01,5,2,SDGE_2025_Q2_R5.xlsx,Table 3,11,M11,General,https://efiling.energysafety.ca.gov/eFiling/Getfile.aspx?fileid=58132&shareable=true
1030000010,2. Ignition Events,2.i.,exact_metric_name_and_unit,Equipment caused ignition rate in HFTD during high FPI,Equipment caused ignition rate in HFTD during high FPI,To track ignition rate during elevated or extreme wildfire weather condition,To evaluate the performance of risk reduction during fire prone weather conditions,No,Ignitions per high FPI day,0,,,,SDG&E,2025,2,v4.01,5,2,SDGE_2025_Q2_R5.xlsx,Table 3,12,M12,General,https://efiling.energysafety.ca.gov/eFiling/Getfile.aspx?fileid=58132&shareable=true
1030000011,2. Ignition Events,2.j.,exact_metric_name_and_unit,CPUC reportable secondary igntions,CPUC reportable secondary igntions,To correctly categorize and count the ignitions that are not transmission or distribution related,n/a,No,Ignitions,0,,,,SDG&E,2025,2,v4.01,5,2,SDGE_2025_Q2_R5.xlsx,Table 3,13,M13,General,https://efiling.energysafety.ca.gov/eFiling/Getfile.aspx?fileid=58132&shareable=true
1030000012,3. Distribution Outages,3.a.,exact_metric_name_and_unit,Vegetation caused outages in HFTD with Elevated FPI,Vegetation caused outages in HFTD with Elevated FPI,To track the number of vegetation caused risk events during elelvated and extreme wildfire weather conditions,To evaluate the performance of risk reduction from vegetation mitigations during fire prone weather conditions,No,Outages,1,,,,SDG&E,2025,2,v4.01,5,2,SDGE_2025_Q2_R5.xlsx,Table 3,14,M14,General,https://efiling.energysafety.ca.gov/eFiling/Getfile.aspx?fileid=58132&shareable=true
1030000013,3. Distribution Outages,3.b.,exact_metric_name_and_unit,Vegetation caused outages in HFTD with RFW,Vegetation caused outages in HFTD with RFW,To track the number of vegetation caused risk events during RFW wildfire weather conditions,To evaluate the performance of risk reduction from vegetation mitigations during fire prone weather conditions,No,Outages,0,,,,SDG&E,2025,2,v4.01,5,2,SDGE_2025_Q2_R5.xlsx,Table 3,15,M15,General,https://efiling.energysafety.ca.gov/eFiling/Getfile.aspx?fileid=58132&shareable=true
1030000014,3. Distribution Outages,3.c.,exact_metric_name_and_unit,Overhead faults on circuits in HFTD with Elevated or higher FPI,Overhead faults on circuits in HFTD with Elevated or higher FPI,To track the number of all overhead faults that are controllable during elelvated and extreme wildfire weather conditions,To evaluate the performance of risk reduction from mitigations that have impacts on the drivers during fire prone weather conditions,No,Outages,8,,,,SDG&E,2025,2,v4.01,5,2,SDGE_2025_Q2_R5.xlsx,Table 3,16,M16,General,https://efiling.energysafety.ca.gov/eFiling/Getfile.aspx?fileid=58132&shareable=true
1030000015,3. Distribution Outages,3.d.,exact_metric_name_and_unit,Overhead faults on circuits in HFTD with RFW,Overhead faults on circuits in HFTD with RFW,To track the number of all overhead faults that are controllable during RFW wildfire weather conditions,To evaluate the performance of risk reduction from mitigations that have impacts on the drivers during fire prone weather conditions,No,Outages,0,,,,SDG&E,2025,2,v4.01,5,2,SDGE_2025_Q2_R5.xlsx,Table 3,17,M17,General,https://efiling.energysafety.ca.gov/eFiling/Getfile.aspx?fileid=58132&shareable=true
1030000016,3. Distribution Outages,3.e.,exact_metric_name_and_unit,Energized wire down events in HFTD with Elevated or higher FPI,Energized wire down events in HFTD with Elevated or higher FPI,To evaluate the performance of risk reduction from grid hardening related mitigations during fire-prone conditions,To evaluate the performance of risk reduction from mitigations that have impacts on the drivers during fire prone weather conditions,No,Outages,2,,,,SDG&E,2025,2,v4.01,5,2,SDGE_2025_Q2_R5.xlsx,Table 3,18,M18,General,https://efiling.energysafety.ca.gov/eFiling/Getfile.aspx?fileid=58132&shareable=true
1030000017,3. Distribution Outages,3.f.,exact_metric_name_and_unit,Energized wire down events in HFTD with RFW,Energized wire down events in HFTD with RFW,To evaluate the performance of risk reduction from grid hardening related mitigations during fire-prone conditions,To evaluate the performance of risk reduction from mitigations that have impacts on the drivers during fire prone weather conditions,No,Outages,0,,,,SDG&E,2025,2,v4.01,5,2,SDGE_2025_Q2_R5.xlsx,Table 3,19,M19,General,https://efiling.energysafety.ca.gov/eFiling/Getfile.aspx?fileid=58132&shareable=true
1030000018,3. Distribution Outages,3.g.,exact_metric_name_and_unit,Number of non-CALFIRE rated fuse operations in HFTD with Elevated or higher FPI,Number of non-CALFIRE rated fuse operations in HFTD with Elevated or higher FPI,To evaluate the performance of risk reduction from grid hardening related mitigations during fire-prone conditions,To evaluate the performance of risk reduction from mitigations that have impacts on the drivers during fire prone weather conditions,No,Outages,0,,,,SDG&E,2025,2,v4.01,5,2,SDGE_2025_Q2_R5.xlsx,Table 3,20,M20,General,https://efiling.energysafety.ca.gov/eFiling/Getfile.aspx?fileid=58132&shareable=true
1030000019,3. Distribution Outages,3.h.,exact_metric_name_and_unit,Number of non-CALFIRE rated fuse operations in HFTD with RFW,Number of non-CALFIRE rated fuse operations in HFTD with RFW,To evaluate the performance of risk reduction from grid hardening related mitigations during fire-prone conditions,To evaluate the performance of risk reduction from mitigations that have impacts on the drivers during fire prone weather conditions,No,Outages,0,,,,SDG&E,2025,2,v4.01,5,2,SDGE_2025_Q2_R5.xlsx,Table 3,21,M21,General,https://efiling.energysafety.ca.gov/eFiling/Getfile.aspx?fileid=58132&shareable=true
1030000020,3. Distribution Outages,3.i.,exact_metric_name_and_unit,Overhead fault rate in HFTD during High FPI,Overhead fault rate in HFTD during High FPI,To evaluate the performance of risk reduction from overall mitigations during fire-prone conditions,To evaluate the performance of risk reduction from mitigations that have impacts on the drivers during fire prone weather conditions,No,Overhead faults per high FPI day,0.5,,,,SDG&E,2025,2,v4.01,5,2,SDGE_2025_Q2_R5.xlsx,Table 3,22,M22,General,https://efiling.energysafety.ca.gov/eFiling/Getfile.aspx?fileid=58132&shareable=true
1030000021,4. Personnel Safety Leading Indicators,4.a.,exact_metric_name_and_unit,Near Miss Reporting,Near Miss Reporting,Track safety related incidents,To evaluate and assess the safety culture,No,Near miss events reported,107,,,,SDG&E,2025,2,v4.01,5,2,SDGE_2025_Q2_R5.xlsx,Table 3,23,M23,General,https://efiling.energysafety.ca.gov/eFiling/Getfile.aspx?fileid=58132&shareable=true
1030000022,4. Personnel Safety Leading Indicators,4.b.,exact_metric_name_and_unit,Safety Observations,Safety Observations,Track safety related incidents,To evaluate and assess the safety culture,No,Observations performed,4253,,,,SDG&E,2025,2,v4.01,5,2,SDGE_2025_Q2_R5.xlsx,Table 3,24,M24,3,https://efiling.energysafety.ca.gov/eFiling/Getfile.aspx?fileid=58132&shareable=true
1030000023,5. Other PSPS,5.a.,exact_metric_name_and_unit,Percent of customers being de-energized on PSPS circuits,Percent of customers being de-energized on PSPS circuits,To track the scope of PSPS events,To evaluate the isolation of the de-energization given weather events,No,percent,,,No activities in 2025 Q2,No activities in 2025 Q2,SDG&E,2025,2,v4.01,5,2,SDGE_2025_Q2_R5.xlsx,Table 3,25,M25,0.00%,https://efiling.energysafety.ca.gov/eFiling/Getfile.aspx?fileid=58132&shareable=true
1030000024,5. Other PSPS,5.b.,exact_metric_name_and_unit,Number of circuits de-engergized,Number of circuits de-engergized,To track the scale of PSPS events,To evaluate the scale of the de-energization given weather events,No,circuits,,,No activities in 2025 Q2,No activities in 2025 Q2,SDG&E,2025,2,v4.01,5,2,SDGE_2025_Q2_R5.xlsx,Table 3,26,M26,General,https://efiling.energysafety.ca.gov/eFiling/Getfile.aspx?fileid=58132&shareable=true
1030000025,6. Situational Awareness,6.a.,exact_metric_name_and_unit,Communication success rate of weather stations,Communication success rate of weather stations,To track the weather station performance,To ensure the effectiveness of situational awareness tools,Yes,percent,99.21,,,,SDG&E,2025,2,v4.01,5,2,SDGE_2025_Q2_R5.xlsx,Table 3,27,M27,General,https://efiling.energysafety.ca.gov/eFiling/Getfile.aspx?fileid=58132&shareable=true
1030000026,6. Situational Awareness,6.b.,exact_metric_name_and_unit,Post processing success rate - WRF simulations,Post processing success rate - WRF simulations,To track the weather data processing performance,To ensure the effectiveness of situational awareness tools,Yes,percent,99.6,,,,SDG&E,2025,2,v4.01,5,2,SDGE_2025_Q2_R5.xlsx,Table 3,28,M28,General,https://efiling.energysafety.ca.gov/eFiling/Getfile.aspx?fileid=58132&shareable=true
1030000027,6. Situational Awareness,6.c.,exact_metric_name_and_unit,Post processing success rate - ML gust model,Post processing success rate - ML gust model,To track the weather data processing performance,To ensure the effectiveness of situational awareness tools,No,percent,100,,,,SDG&E,2025,2,v4.01,5,2,SDGE_2025_Q2_R5.xlsx,Table 3,29,M29,General,https://efiling.energysafety.ca.gov/eFiling/Getfile.aspx?fileid=58132&shareable=true
1030000028,6. Situational Awareness,6.d.,exact_metric_name_and_unit,Post processing success rate - SAWTI,Post processing success rate - SAWTI,To track the weather data processing performance,To ensure the effectiveness of situational awareness tools,No,percent,93.5,,,,SDG&E,2025,2,v4.01,5,2,SDGE_2025_Q2_R5.xlsx,Table 3,30,M30,General,https://efiling.energysafety.ca.gov/eFiling/Getfile.aspx?fileid=58132&shareable=true
1030000029,6. Situational Awareness,6.e.,exact_metric_name_and_unit,Post processing success rate - FPI,Post processing success rate - FPI,To track the weather data processing performance,To ensure the effectiveness of situational awareness tools,No,percent,97.8,,,,SDG&E,2025,2,v4.01,5,2,SDGE_2025_Q2_R5.xlsx,Table 3,31,M31,General,https://efiling.energysafety.ca.gov/eFiling/Getfile.aspx?fileid=58132&shareable=true
1030000030,6. Situational Awareness,6.f.,exact_metric_name_and_unit,Post processing success rate - OPI,Post processing success rate - OPI,To track the weather data processing performance,To ensure the effectiveness of situational awareness tools,No,percent,100,,,,SDG&E,2025,2,v4.01,5,2,SDGE_2025_Q2_R5.xlsx,Table 3,32,M32,General,https://efiling.energysafety.ca.gov/eFiling/Getfile.aspx?fileid=58132&shareable=true
1030000031,7. Emergency Preparedness,7.a,exact_metric_name_and_unit,Percentage of community partners participating in local wildfire mitigation planning (in territory),Percentage of community partners participating in local wildfire mitigation planning (in territory),To track engagement and preparedness for PSPS activation,To ensure the effectiveness of preparedness of external partners,No,percent,100,,,,SDG&E,2025,2,v4.01,5,2,SDGE_2025_Q2_R5.xlsx,Table 3,33,M33,General,https://efiling.energysafety.ca.gov/eFiling/Getfile.aspx?fileid=58132&shareable=true
1030000032,7. Emergency Preparedness,7.b,exact_metric_name_and_unit,Percentage of Wildfire/PSPS events followed by an After-Action Review or feedback process,Percentage of Wildfire/PSPS events followed by an After-Action Review or feedback process,To track the after action review and feedback,To ensure the effectiveness of preparedness,No,percent,,,No activities in 2025 Q2,No activities in 2025 Q2,SDG&E,2025,2,v4.01,5,2,SDGE_2025_Q2_R5.xlsx,Table 3,34,M34,General,https://efiling.energysafety.ca.gov/eFiling/Getfile.aspx?fileid=58132&shareable=true
1030000033,8. Community Outreach and Engagement,8.a,exact_metric_name_and_unit,Percentage of individuals with AFN who were aware of what support and resources were available to them during a PSPS event.,Percentage of individuals with AFN who were aware of what support and resources were available to them during a PSPS event.,To track engagement and preparedness for PSPS activation,To ensure the effectiveness of preparedness,No,percent,,,No activities in 2025 Q2,No activities in 2025 Q2,SDG&E,2025,2,v4.01,5,2,SDGE_2025_Q2_R5.xlsx,Table 3,35,M35,General,https://efiling.energysafety.ca.gov/eFiling/Getfile.aspx?fileid=58132&shareable=true
1030000034,8. Community Outreach and Engagement,8.b,exact_metric_name_and_unit,Percentage of individuals with AFN who were able to use necessary medical equipment to maintain necessary life functions for the duration of any PSPS event that affected them,Percentage of individuals with AFN who were able to use necessary medical equipment to maintain necessary life functions for the duration of any PSPS event that affected them,To track engagement and preparedness for PSPS activation,To ensure the effectiveness of preparedness,No,percent,,,No activities in 2025 Q2,No activities in 2025 Q2,SDG&E,2025,2,v4.01,5,2,SDGE_2025_Q2_R5.xlsx,Table 3,36,M36,General,https://efiling.energysafety.ca.gov/eFiling/Getfile.aspx?fileid=58132&shareable=true
1030000035,8. Community Outreach and Engagement,8.c,exact_metric_name_and_unit,Percentage of individuals who utilized mitigation services and reported they were satisfied with the level of support,Percentage of individuals who utilized mitigation services and reported they were satisfied with the level of support,To track engagement and preparedness for PSPS activation,To ensure the effectiveness of preparedness,No,percent,,,No activities in 2025 Q2,No activities in 2025 Q2,SDG&E,2025,2,v4.01,5,2,SDGE_2025_Q2_R5.xlsx,Table 3,37,M37,General,https://efiling.energysafety.ca.gov/eFiling/Getfile.aspx?fileid=58132&shareable=true
1030000036,8. Community Outreach and Engagement,8.d,exact_metric_name_and_unit,Percentage of customers notified prior to a PSPS event impacting them,Percentage of customers notified prior to a PSPS event impacting them,To track the performance of notifications for PSPS activation,To ensure the effectiveness of preparedness,No,percent,,,No activities in 2025 Q2,No activities in 2025 Q2,SDG&E,2025,2,v4.01,5,2,SDGE_2025_Q2_R5.xlsx,Table 3,38,M38,General,https://efiling.energysafety.ca.gov/eFiling/Getfile.aspx?fileid=58132&shareable=true
1030000000,1. Elevated FPI and Red Flag Warning Days,1.a.,exact_metric_name_and_unit,Number of High FPI days (elevated or extreme FPI),Number of High FPI days (elevated or extreme FPI),To track the number of days that wildfire weather conditions observed,To evaluate the frequency of the risk event and normalize it for comparison over historical years to quantify the performance,No,Days,79,,,,SDG&E,2025,3,v4.01,4,3,SDGE_2025_Q3_R4.xlsx,Table 3,2,M2,General,https://efiling.energysafety.ca.gov/eFiling/Getfile.aspx?fileid=58132&shareable=true
1030000001,1. Elevated FPI and Red Flag Warning Days,1.b.,exact_metric_name_and_unit,Number of RFW days,Number of RFW days,To track the number of days that wildfire weather conditions observed,To evaluate the frequency of the risk event and normalize it for comparison over historical years to quantify the performance,No,Days,0,,,,SDG&E,2025,3,v4.01,4,3,SDGE_2025_Q3_R4.xlsx,Table 3,3,M3,General,https://efiling.energysafety.ca.gov/eFiling/Getfile.aspx?fileid=58132&shareable=true
1030000002,2. Ignition Events,2.a.,exact_metric_name_and_unit,Vegetation caused ignitons in HFTD with elevated or higher FPI,Vegetation caused ignitons in HFTD with elevated or higher FPI,To track the number of vegetation caused risk events during elelvated and extreme wildfire weather conditions,To evaluate the performance of risk reduction from vegetation mitigations during fire prone weather conditions,No,Ignitions,0,,,,SDG&E,2025,3,v4.01,4,3,SDGE_2025_Q3_R4.xlsx,Table 3,4,M4,General,https://efiling.energysafety.ca.gov/eFiling/Getfile.aspx?fileid=58132&shareable=true
1030000003,2. Ignition Events,2.b.,exact_metric_name_and_unit,Vegetation caused ignitons in HFTD with RFW,Vegetation caused ignitons in HFTD with RFW,To track the number of vegetation caused risk events during RFW wildfire weather conditions,To evaluate the performance of risk reduction from vegetation mitigations during fire prone weather conditions,No,Ignitions,0,,,,SDG&E,2025,3,v4.01,4,3,SDGE_2025_Q3_R4.xlsx,Table 3,5,M5,General,https://efiling.energysafety.ca.gov/eFiling/Getfile.aspx?fileid=58132&shareable=true
1030000004,2. Ignition Events,2.c.,exact_metric_name_and_unit,Equipment caused ignitions in HFTD with elevated or higher FPI,Equipment caused ignitions in HFTD with elevated or higher FPI,To track the number of equipment caused risk events during elelvated and extreme wildfire weather conditions,To evaluate the performance of risk reduction during fire prone weather conditions,No,Ignitions,0,,,,SDG&E,2025,3,v4.01,4,3,SDGE_2025_Q3_R4.xlsx,Table 3,6,M6,General,https://efiling.energysafety.ca.gov/eFiling/Getfile.aspx?fileid=58132&shareable=true
1030000005,2. Ignition Events,2.d.,exact_metric_name_and_unit,Equipment caused ignitions in HFTD with RFW,Equipment caused ignitions in HFTD with RFW,To track the number of equipment caused risk events during RFW wildfire weather conditions,To evaluate the performance of risk reduction during fire prone weather conditions,No,Ignitions,0,,,,SDG&E,2025,3,v4.01,4,3,SDGE_2025_Q3_R4.xlsx,Table 3,7,M7,General,https://efiling.energysafety.ca.gov/eFiling/Getfile.aspx?fileid=58132&shareable=true
1030000006,2. Ignition Events,2.e.,exact_metric_name_and_unit,Balloons caused ignitions in HFTD with elevated or higher FPI,Balloons caused ignitions in HFTD with elevated or higher FPI,To track the number of bolloon caused risk events during elelvated and extreme wildfire weather conditions,To evaluate the performance of risk reduction during fire prone weather conditions,No,Ignitions,0,,,,SDG&E,2025,3,v4.01,4,3,SDGE_2025_Q3_R4.xlsx,Table 3,8,M8,General,https://efiling.energysafety.ca.gov/eFiling/Getfile.aspx?fileid=58132&shareable=true
1030000007,2. Ignition Events,2.f.,exact_metric_name_and_unit,Balloons caused ignitions in HFTD with RFW,Balloons caused ignitions in HFTD with RFW,To track the number of balloon caused risk events during RFW wildfire weather conditions,To evaluate the performance of risk reduction during fire prone weather conditions,No,Ignitions,0,,,,SDG&E,2025,3,v4.01,4,3,SDGE_2025_Q3_R4.xlsx,Table 3,9,M9,General,https://efiling.energysafety.ca.gov/eFiling/Getfile.aspx?fileid=58132&shareable=true
1030000008,2. Ignition Events,2.g.,exact_metric_name_and_unit,Vehicles caused ignitions in HFTD with elevated or higher FPI,Vehicles caused ignitions in HFTD with elevated or higher FPI,To track the number of vehicles caused risk events during elelvated and extreme wildfire weather conditions,To evaluate the performance of risk reduction during fire prone weather conditions,No,Ignitions,1,,,,SDG&E,2025,3,v4.01,4,3,SDGE_2025_Q3_R4.xlsx,Table 3,10,M10,General,https://efiling.energysafety.ca.gov/eFiling/Getfile.aspx?fileid=58132&shareable=true
1030000009,2. Ignition Events,2.h.,exact_metric_name_and_unit,Vehicles caused ignitions in HFTD with RFW,Vehicles caused ignitions in HFTD with RFW,To track the number of vehicles caused risk events during RFW wildfire weather conditions,To evaluate the performance of risk reduction during fire prone weather conditions,No,Ignitions,0,,,,SDG&E,2025,3,v4.01,4,3,SDGE_2025_Q3_R4.xlsx,Table 3,11,M11,General,https://efiling.energysafety.ca.gov/eFiling/Getfile.aspx?fileid=58132&shareable=true
1030000010,2. Ignition Events,2.i.,exact_metric_name_and_unit,Equipment caused ignition rate in HFTD during high FPI,Equipment caused ignition rate in HFTD during high FPI,To track ignition rate during elevated or extreme wildfire weather condition,To evaluate the performance of risk reduction during fire prone weather conditions,No,Ignitions per high FPI day,0,,,,SDG&E,2025,3,v4.01,4,3,SDGE_2025_Q3_R4.xlsx,Table 3,12,M12,General,https://efiling.energysafety.ca.gov/eFiling/Getfile.aspx?fileid=58132&shareable=true
1030000011,2. Ignition Events,2.j.,exact_metric_name_and_unit,CPUC reportable secondary igntions,CPUC reportable secondary igntions,To correctly categorize and count the ignitions that are not transmission or distribution related,n/a,No,Ignitions,0,,,,SDG&E,2025,3,v4.01,4,3,SDGE_2025_Q3_R4.xlsx,Table 3,13,M13,General,https://efiling.energysafety.ca.gov/eFiling/Getfile.aspx?fileid=58132&shareable=true
1030000012,3. Distribution Outages,3.a.,exact_metric_name_and_unit,Vegetation caused outages in HFTD with Elevated FPI,Vegetation caused outages in HFTD with Elevated FPI,To track the number of vegetation caused risk events during elelvated and extreme wildfire weather conditions,To evaluate the performance of risk reduction from vegetation mitigations during fire prone weather conditions,No,Outages,0,,,,SDG&E,2025,3,v4.01,4,3,SDGE_2025_Q3_R4.xlsx,Table 3,14,M14,General,https://efiling.energysafety.ca.gov/eFiling/Getfile.aspx?fileid=58132&shareable=true
1030000013,3. Distribution Outages,3.b.,exact_metric_name_and_unit,Vegetation caused outages in HFTD with RFW,Vegetation caused outages in HFTD with RFW,To track the number of vegetation caused risk events during RFW wildfire weather conditions,To evaluate the performance of risk reduction from vegetation mitigations during fire prone weather conditions,No,Outages,0,,,,SDG&E,2025,3,v4.01,4,3,SDGE_2025_Q3_R4.xlsx,Table 3,15,M15,General,https://efiling.energysafety.ca.gov/eFiling/Getfile.aspx?fileid=58132&shareable=true
1030000014,3. Distribution Outages,3.c.,exact_metric_name_and_unit,Overhead faults on circuits in HFTD with Elevated or higher FPI,Overhead faults on circuits in HFTD with Elevated or higher FPI,To track the number of all overhead faults that are controllable during elelvated and extreme wildfire weather conditions,To evaluate the performance of risk reduction from mitigations that have impacts on the drivers during fire prone weather conditions,No,Outages,54,,,,SDG&E,2025,3,v4.01,4,3,SDGE_2025_Q3_R4.xlsx,Table 3,16,M16,General,https://efiling.energysafety.ca.gov/eFiling/Getfile.aspx?fileid=58132&shareable=true
1030000015,3. Distribution Outages,3.d.,exact_metric_name_and_unit,Overhead faults on circuits in HFTD with RFW,Overhead faults on circuits in HFTD with RFW,To track the number of all overhead faults that are controllable during RFW wildfire weather conditions,To evaluate the performance of risk reduction from mitigations that have impacts on the drivers during fire prone weather conditions,No,Outages,0,,,,SDG&E,2025,3,v4.01,4,3,SDGE_2025_Q3_R4.xlsx,Table 3,17,M17,General,https://efiling.energysafety.ca.gov/eFiling/Getfile.aspx?fileid=58132&shareable=true
1030000016,3. Distribution Outages,3.e.,exact_metric_name_and_unit,Energized wire down events in HFTD with Elevated or higher FPI,Energized wire down events in HFTD with Elevated or higher FPI,To evaluate the performance of risk reduction from grid hardening related mitigations during fire-prone conditions,To evaluate the performance of risk reduction from mitigations that have impacts on the drivers during fire prone weather conditions,No,Outages,3,,,,SDG&E,2025,3,v4.01,4,3,SDGE_2025_Q3_R4.xlsx,Table 3,18,M18,General,https://efiling.energysafety.ca.gov/eFiling/Getfile.aspx?fileid=58132&shareable=true
1030000017,3. Distribution Outages,3.f.,exact_metric_name_and_unit,Energized wire down events in HFTD with RFW,Energized wire down events in HFTD with RFW,To evaluate the performance of risk reduction from grid hardening related mitigations during fire-prone conditions,To evaluate the performance of risk reduction from mitigations that have impacts on the drivers during fire prone weather conditions,No,Outages,0,,,,SDG&E,2025,3,v4.01,4,3,SDGE_2025_Q3_R4.xlsx,Table 3,19,M19,General,https://efiling.energysafety.ca.gov/eFiling/Getfile.aspx?fileid=58132&shareable=true
1030000018,3. Distribution Outages,3.g.,exact_metric_name_and_unit,Number of non-CALFIRE rated fuse operations in HFTD with Elevated or higher FPI,Number of non-CALFIRE rated fuse operations in HFTD with Elevated or higher FPI,To evaluate the performance of risk reduction from grid hardening related mitigations during fire-prone conditions,To evaluate the performance of risk reduction from mitigations that have impacts on the drivers during fire prone weather conditions,No,Outages,3,,,,SDG&E,2025,3,v4.01,4,3,SDGE_2025_Q3_R4.xlsx,Table 3,20,M20,General,https://efiling.energysafety.ca.gov/eFiling/Getfile.aspx?fileid=58132&shareable=true
1030000019,3. Distribution Outages,3.h.,exact_metric_name_and_unit,Number of non-CALFIRE rated fuse operations in HFTD with RFW,Number of non-CALFIRE rated fuse operations in HFTD with RFW,To evaluate the performance of risk reduction from grid hardening related mitigations during fire-prone conditions,To evaluate the performance of risk reduction from mitigations that have impacts on the drivers during fire prone weather conditions,No,Outages,0,,,,SDG&E,2025,3,v4.01,4,3,SDGE_2025_Q3_R4.xlsx,Table 3,21,M21,General,https://efiling.energysafety.ca.gov/eFiling/Getfile.aspx?fileid=58132&shareable=true
1030000020,3. Distribution Outages,3.i.,exact_metric_name_and_unit,Overhead fault rate in HFTD during High FPI,Overhead fault rate in HFTD during High FPI,To evaluate the performance of risk reduction from overall mitigations during fire-prone conditions,To evaluate the performance of risk reduction from mitigations that have impacts on the drivers during fire prone weather conditions,No,Overhead faults per high FPI day,0.69,,,,SDG&E,2025,3,v4.01,4,3,SDGE_2025_Q3_R4.xlsx,Table 3,22,M22,0.00,https://efiling.energysafety.ca.gov/eFiling/Getfile.aspx?fileid=58132&shareable=true
1030000021,4. Personnel Safety Leading Indicators,4.a.,exact_metric_name_and_unit,Near Miss Reporting,Near Miss Reporting,Track safety related incidents,To evaluate and assess the safety culture,No,Near miss events reported,111,,,,SDG&E,2025,3,v4.01,4,3,SDGE_2025_Q3_R4.xlsx,Table 3,23,M23,General,https://efiling.energysafety.ca.gov/eFiling/Getfile.aspx?fileid=58132&shareable=true
1030000022,4. Personnel Safety Leading Indicators,4.b.,exact_metric_name_and_unit,Safety Observations,Safety Observations,Track safety related incidents,To evaluate and assess the safety culture,No,Observations performed,4325,,,,SDG&E,2025,3,v4.01,4,3,SDGE_2025_Q3_R4.xlsx,Table 3,24,M24,3,https://efiling.energysafety.ca.gov/eFiling/Getfile.aspx?fileid=58132&shareable=true
1030000023,5. Other PSPS,5.a.,exact_metric_name_and_unit,Percent of customers being de-energized on PSPS circuits,Percent of customers being de-energized on PSPS circuits,To track the scope of PSPS events,To evaluate the isolation of the de-energization given weather events,No,percent,,,No activities in 2025 Q3,No activities in 2025 Q3,SDG&E,2025,3,v4.01,4,3,SDGE_2025_Q3_R4.xlsx,Table 3,25,M25,0.00%,https://efiling.energysafety.ca.gov/eFiling/Getfile.aspx?fileid=58132&shareable=true
1030000024,5. Other PSPS,5.b.,exact_metric_name_and_unit,Number of circuits de-engergized,Number of circuits de-engergized,To track the scale of PSPS events,To evaluate the scale of the de-energization given weather events,No,circuits,,,No activities in 2025 Q3,No activities in 2025 Q3,SDG&E,2025,3,v4.01,4,3,SDGE_2025_Q3_R4.xlsx,Table 3,26,M26,General,https://efiling.energysafety.ca.gov/eFiling/Getfile.aspx?fileid=58132&shareable=true
1030000025,6. Situational Awareness,6.a.,exact_metric_name_and_unit,Communication success rate of weather stations,Communication success rate of weather stations,To track the weather station performance,To ensure the effectiveness of situational awareness tools,Yes,percent,99.11,excel_percent_fraction_to_percent_points,,,SDG&E,2025,3,v4.01,4,3,SDGE_2025_Q3_R4.xlsx,Table 3,27,M27,0.00%,https://efiling.energysafety.ca.gov/eFiling/Getfile.aspx?fileid=58132&shareable=true
1030000026,6. Situational Awareness,6.b.,exact_metric_name_and_unit,Post processing success rate - WRF simulations,Post processing success rate - WRF simulations,To track the weather data processing performance,To ensure the effectiveness of situational awareness tools,Yes,percent,100,excel_percent_fraction_to_percent_points,,,SDG&E,2025,3,v4.01,4,3,SDGE_2025_Q3_R4.xlsx,Table 3,28,M28,0%,https://efiling.energysafety.ca.gov/eFiling/Getfile.aspx?fileid=58132&shareable=true
1030000027,6. Situational Awareness,6.c.,exact_metric_name_and_unit,Post processing success rate - ML gust model,Post processing success rate - ML gust model,To track the weather data processing performance,To ensure the effectiveness of situational awareness tools,No,percent,100,excel_percent_fraction_to_percent_points,,,SDG&E,2025,3,v4.01,4,3,SDGE_2025_Q3_R4.xlsx,Table 3,29,M29,0%,https://efiling.energysafety.ca.gov/eFiling/Getfile.aspx?fileid=58132&shareable=true
1030000028,6. Situational Awareness,6.d.,exact_metric_name_and_unit,Post processing success rate - SAWTI,Post processing success rate - SAWTI,To track the weather data processing performance,To ensure the effectiveness of situational awareness tools,No,percent,98.0,excel_percent_fraction_to_percent_points,,,SDG&E,2025,3,v4.01,4,3,SDGE_2025_Q3_R4.xlsx,Table 3,30,M30,0%,https://efiling.energysafety.ca.gov/eFiling/Getfile.aspx?fileid=58132&shareable=true
1030000029,6. Situational Awareness,6.e.,exact_metric_name_and_unit,Post processing success rate - FPI,Post processing success rate - FPI,To track the weather data processing performance,To ensure the effectiveness of situational awareness tools,No,percent,100,excel_percent_fraction_to_percent_points,,,SDG&E,2025,3,v4.01,4,3,SDGE_2025_Q3_R4.xlsx,Table 3,31,M31,0%,https://efiling.energysafety.ca.gov/eFiling/Getfile.aspx?fileid=58132&shareable=true
1030000030,6. Situational Awareness,6.f.,exact_metric_name_and_unit,Post processing success rate - OPI,Post processing success rate - OPI,To track the weather data processing performance,To ensure the effectiveness of situational awareness tools,No,percent,100,excel_percent_fraction_to_percent_points,,,SDG&E,2025,3,v4.01,4,3,SDGE_2025_Q3_R4.xlsx,Table 3,32,M32,0%,https://efiling.energysafety.ca.gov/eFiling/Getfile.aspx?fileid=58132&shareable=true
1030000031,7. Emergency Preparedness,7.a,exact_metric_name_and_unit,Percentage of community partners participating in local wildfire mitigation planning (in territory),Percentage of community partners participating in local wildfire mitigation planning (in territory),To track engagement and preparedness for PSPS activation,To ensure the effectiveness of preparedness of external partners,No,percent,100,,,,SDG&E,2025,3,v4.01,4,3,SDGE_2025_Q3_R4.xlsx,Table 3,33,M33,General,https://efiling.energysafety.ca.gov/eFiling/Getfile.aspx?fileid=58132&shareable=true
1030000032,7. Emergency Preparedness,7.b,exact_metric_name_and_unit,Percentage of Wildfire/PSPS events followed by an After-Action Review or feedback process,Percentage of Wildfire/PSPS events followed by an After-Action Review or feedback process,To track the after action review and feedback,To ensure the effectiveness of preparedness,No,percent,,,No activities in 2025 Q3,No activities in 2025 Q3,SDG&E,2025,3,v4.01,4,3,SDGE_2025_Q3_R4.xlsx,Table 3,34,M34,General,https://efiling.energysafety.ca.gov/eFiling/Getfile.aspx?fileid=58132&shareable=true
1030000033,8. Community Outreach and Engagement,8.a,exact_metric_name_and_unit,Percentage of individuals with AFN who were aware of what support and resources were available to them during a PSPS event.,Percentage of individuals with AFN who were aware of what support and resources were available to them during a PSPS event.,To track engagement and preparedness for PSPS activation,To ensure the effectiveness of preparedness,No,percent,,,No activities in 2025 Q3,No activities in 2025 Q3,SDG&E,2025,3,v4.01,4,3,SDGE_2025_Q3_R4.xlsx,Table 3,35,M35,General,https://efiling.energysafety.ca.gov/eFiling/Getfile.aspx?fileid=58132&shareable=true
1030000034,8. Community Outreach and Engagement,8.b,exact_metric_name_and_unit,Percentage of individuals with AFN who were able to use necessary medical equipment to maintain necessary life functions for the duration of any PSPS event that affected them,Percentage of individuals with AFN who were able to use necessary medical equipment to maintain necessary life functions for the duration of any PSPS event that affected them,To track engagement and preparedness for PSPS activation,To ensure the effectiveness of preparedness,No,percent,,,No activities in 2025 Q3,No activities in 2025 Q3,SDG&E,2025,3,v4.01,4,3,SDGE_2025_Q3_R4.xlsx,Table 3,36,M36,General,https://efiling.energysafety.ca.gov/eFiling/Getfile.aspx?fileid=58132&shareable=true
1030000035,8. Community Outreach and Engagement,8.c,exact_metric_name_and_unit,Percentage of individuals who utilized mitigation services and reported they were satisfied with the level of support,Percentage of individuals who utilized mitigation services and reported they were satisfied with the level of support,To track engagement and preparedness for PSPS activation,To ensure the effectiveness of preparedness,No,percent,,,No activities in 2025 Q3,No activities in 2025 Q3,SDG&E,2025,3,v4.01,4,3,SDGE_2025_Q3_R4.xlsx,Table 3,37,M37,General,https://efiling.energysafety.ca.gov/eFiling/Getfile.aspx?fileid=58132&shareable=true
1030000036,8. Community Outreach and Engagement,8.d,exact_metric_name_and_unit,Percentage of customers notified prior to a PSPS event impacting them,Percentage of customers notified prior to a PSPS event impacting them,To track the performance of notifications for PSPS activation,To ensure the effectiveness of preparedness,No,percent,,,No activities in 2025 Q3,No activities in 2025 Q3,SDG&E,2025,3,v4.01,4,3,SDGE_2025_Q3_R4.xlsx,Table 3,38,M38,General,https://efiling.energysafety.ca.gov/eFiling/Getfile.aspx?fileid=58132&shareable=true
1030000000,1. Elevated FPI and Red Flag Warning Days,1.a.,exact_metric_name_and_unit,Number of High FPI days (elevated or extreme FPI),Number of High FPI days (elevated or extreme FPI),To track the number of days that wildfire weather conditions observed,To evaluate the frequency of the risk event and normalize it for comparison over historical years to quantify the performance,No,Days,28,,,,SDG&E,2025,4,v4.01,3,4,SDGE_2025_Q4_R3.xlsx,Table 3,2,M2,General,https://efiling.energysafety.ca.gov/eFiling/Getfile.aspx?fileid=58132&shareable=true
1030000001,1. Elevated FPI and Red Flag Warning Days,1.b.,exact_metric_name_and_unit,Number of RFW days,Number of RFW days,To track the number of days that wildfire weather conditions observed,To evaluate the frequency of the risk event and normalize it for comparison over historical years to quantify the performance,No,Days,0,,,,SDG&E,2025,4,v4.01,3,4,SDGE_2025_Q4_R3.xlsx,Table 3,3,M3,General,https://efiling.energysafety.ca.gov/eFiling/Getfile.aspx?fileid=58132&shareable=true
1030000002,2. Ignition Events,2.a.,exact_metric_name_and_unit,Vegetation caused ignitons in HFTD with elevated or higher FPI,Vegetation caused ignitons in HFTD with elevated or higher FPI,To track the number of vegetation caused risk events during elelvated and extreme wildfire weather conditions,To evaluate the performance of risk reduction from vegetation mitigations during fire prone weather conditions,No,Ignitions,0,,,,SDG&E,2025,4,v4.01,3,4,SDGE_2025_Q4_R3.xlsx,Table 3,4,M4,General,https://efiling.energysafety.ca.gov/eFiling/Getfile.aspx?fileid=58132&shareable=true
1030000003,2. Ignition Events,2.b.,exact_metric_name_and_unit,Vegetation caused ignitons in HFTD with RFW,Vegetation caused ignitons in HFTD with RFW,To track the number of vegetation caused risk events during RFW wildfire weather conditions,To evaluate the performance of risk reduction from vegetation mitigations during fire prone weather conditions,No,Ignitions,0,,,,SDG&E,2025,4,v4.01,3,4,SDGE_2025_Q4_R3.xlsx,Table 3,5,M5,General,https://efiling.energysafety.ca.gov/eFiling/Getfile.aspx?fileid=58132&shareable=true
1030000004,2. Ignition Events,2.c.,exact_metric_name_and_unit,Equipment caused ignitions in HFTD with elevated or higher FPI,Equipment caused ignitions in HFTD with elevated or higher FPI,To track the number of equipment caused risk events during elelvated and extreme wildfire weather conditions,To evaluate the performance of risk reduction during fire prone weather conditions,No,Ignitions,0,,,,SDG&E,2025,4,v4.01,3,4,SDGE_2025_Q4_R3.xlsx,Table 3,6,M6,General,https://efiling.energysafety.ca.gov/eFiling/Getfile.aspx?fileid=58132&shareable=true
1030000005,2. Ignition Events,2.d.,exact_metric_name_and_unit,Equipment caused ignitions in HFTD with RFW,Equipment caused ignitions in HFTD with RFW,To track the number of equipment caused risk events during RFW wildfire weather conditions,To evaluate the performance of risk reduction during fire prone weather conditions,No,Ignitions,0,,,,SDG&E,2025,4,v4.01,3,4,SDGE_2025_Q4_R3.xlsx,Table 3,7,M7,General,https://efiling.energysafety.ca.gov/eFiling/Getfile.aspx?fileid=58132&shareable=true
1030000006,2. Ignition Events,2.e.,exact_metric_name_and_unit,Balloons caused ignitions in HFTD with elevated or higher FPI,Balloons caused ignitions in HFTD with elevated or higher FPI,To track the number of bolloon caused risk events during elelvated and extreme wildfire weather conditions,To evaluate the performance of risk reduction during fire prone weather conditions,No,Ignitions,0,,,,SDG&E,2025,4,v4.01,3,4,SDGE_2025_Q4_R3.xlsx,Table 3,8,M8,General,https://efiling.energysafety.ca.gov/eFiling/Getfile.aspx?fileid=58132&shareable=true
1030000007,2. Ignition Events,2.f.,exact_metric_name_and_unit,Balloons caused ignitions in HFTD with RFW,Balloons caused ignitions in HFTD with RFW,To track the number of balloon caused risk events during RFW wildfire weather conditions,To evaluate the performance of risk reduction during fire prone weather conditions,No,Ignitions,0,,,,SDG&E,2025,4,v4.01,3,4,SDGE_2025_Q4_R3.xlsx,Table 3,9,M9,General,https://efiling.energysafety.ca.gov/eFiling/Getfile.aspx?fileid=58132&shareable=true
1030000008,2. Ignition Events,2.g.,exact_metric_name_and_unit,Vehicles caused ignitions in HFTD with elevated or higher FPI,Vehicles caused ignitions in HFTD with elevated or higher FPI,To track the number of vehicles caused risk events during elelvated and extreme wildfire weather conditions,To evaluate the performance of risk reduction during fire prone weather conditions,No,Ignitions,0,,,,SDG&E,2025,4,v4.01,3,4,SDGE_2025_Q4_R3.xlsx,Table 3,10,M10,General,https://efiling.energysafety.ca.gov/eFiling/Getfile.aspx?fileid=58132&shareable=true
1030000009,2. Ignition Events,2.h.,exact_metric_name_and_unit,Vehicles caused ignitions in HFTD with RFW,Vehicles caused ignitions in HFTD with RFW,To track the number of vehicles caused risk events during RFW wildfire weather conditions,To evaluate the performance of risk reduction during fire prone weather conditions,No,Ignitions,0,,,,SDG&E,2025,4,v4.01,3,4,SDGE_2025_Q4_R3.xlsx,Table 3,11,M11,General,https://efiling.energysafety.ca.gov/eFiling/Getfile.aspx?fileid=58132&shareable=true
1030000010,2. Ignition Events,2.i.,exact_metric_name_and_unit,Equipment caused ignition rate in HFTD during high FPI,Equipment caused ignition rate in HFTD during high FPI,To track ignition rate during elevated or extreme wildfire weather condition,To evaluate the performance of risk reduction during fire prone weather conditions,No,Ignitions per high FPI day,0,,,,SDG&E,2025,4,v4.01,3,4,SDGE_2025_Q4_R3.xlsx,Table 3,12,M12,General,https://efiling.energysafety.ca.gov/eFiling/Getfile.aspx?fileid=58132&shareable=true
1030000011,2. Ignition Events,2.j.,exact_metric_name_and_unit,CPUC reportable secondary igntions,CPUC reportable secondary igntions,To correctly categorize and count the ignitions that are not transmission or distribution related,n/a,No,Ignitions,1,,,,SDG&E,2025,4,v4.01,3,4,SDGE_2025_Q4_R3.xlsx,Table 3,13,M13,General,https://efiling.energysafety.ca.gov/eFiling/Getfile.aspx?fileid=58132&shareable=true
1030000012,3. Distribution Outages,3.a.,exact_metric_name_and_unit,Vegetation caused outages in HFTD with Elevated FPI,Vegetation caused outages in HFTD with Elevated FPI,To track the number of vegetation caused risk events during elelvated and extreme wildfire weather conditions,To evaluate the performance of risk reduction from vegetation mitigations during fire prone weather conditions,No,Outages,0,,,,SDG&E,2025,4,v4.01,3,4,SDGE_2025_Q4_R3.xlsx,Table 3,14,M14,General,https://efiling.energysafety.ca.gov/eFiling/Getfile.aspx?fileid=58132&shareable=true
1030000013,3. Distribution Outages,3.b.,exact_metric_name_and_unit,Vegetation caused outages in HFTD with RFW,Vegetation caused outages in HFTD with RFW,To track the number of vegetation caused risk events during RFW wildfire weather conditions,To evaluate the performance of risk reduction from vegetation mitigations during fire prone weather conditions,No,Outages,0,,,,SDG&E,2025,4,v4.01,3,4,SDGE_2025_Q4_R3.xlsx,Table 3,15,M15,General,https://efiling.energysafety.ca.gov/eFiling/Getfile.aspx?fileid=58132&shareable=true
1030000014,3. Distribution Outages,3.c.,exact_metric_name_and_unit,Overhead faults on circuits in HFTD with Elevated or higher FPI,Overhead faults on circuits in HFTD with Elevated or higher FPI,To track the number of all overhead faults that are controllable during elelvated and extreme wildfire weather conditions,To evaluate the performance of risk reduction from mitigations that have impacts on the drivers during fire prone weather conditions,No,Outages,14,,,,SDG&E,2025,4,v4.01,3,4,SDGE_2025_Q4_R3.xlsx,Table 3,16,M16,General,https://efiling.energysafety.ca.gov/eFiling/Getfile.aspx?fileid=58132&shareable=true
1030000015,3. Distribution Outages,3.d.,exact_metric_name_and_unit,Overhead faults on circuits in HFTD with RFW,Overhead faults on circuits in HFTD with RFW,To track the number of all overhead faults that are controllable during RFW wildfire weather conditions,To evaluate the performance of risk reduction from mitigations that have impacts on the drivers during fire prone weather conditions,No,Outages,0,,,,SDG&E,2025,4,v4.01,3,4,SDGE_2025_Q4_R3.xlsx,Table 3,17,M17,General,https://efiling.energysafety.ca.gov/eFiling/Getfile.aspx?fileid=58132&shareable=true
1030000016,3. Distribution Outages,3.e.,exact_metric_name_and_unit,Energized wire down events in HFTD with Elevated or higher FPI,Energized wire down events in HFTD with Elevated or higher FPI,To evaluate the performance of risk reduction from grid hardening related mitigations during fire-prone conditions,To evaluate the performance of risk reduction from mitigations that have impacts on the drivers during fire prone weather conditions,No,Outages,0,,,,SDG&E,2025,4,v4.01,3,4,SDGE_2025_Q4_R3.xlsx,Table 3,18,M18,General,https://efiling.energysafety.ca.gov/eFiling/Getfile.aspx?fileid=58132&shareable=true
1030000017,3. Distribution Outages,3.f.,exact_metric_name_and_unit,Energized wire down events in HFTD with RFW,Energized wire down events in HFTD with RFW,To evaluate the performance of risk reduction from grid hardening related mitigations during fire-prone conditions,To evaluate the performance of risk reduction from mitigations that have impacts on the drivers during fire prone weather conditions,No,Outages,0,,,,SDG&E,2025,4,v4.01,3,4,SDGE_2025_Q4_R3.xlsx,Table 3,19,M19,General,https://efiling.energysafety.ca.gov/eFiling/Getfile.aspx?fileid=58132&shareable=true
1030000018,3. Distribution Outages,3.g.,exact_metric_name_and_unit,Number of non-CALFIRE rated fuse operations in HFTD with Elevated or higher FPI,Number of non-CALFIRE rated fuse operations in HFTD with Elevated or higher FPI,To evaluate the performance of risk reduction from grid hardening related mitigations during fire-prone conditions,To evaluate the performance of risk reduction from mitigations that have impacts on the drivers during fire prone weather conditions,No,Outages,0,,,,SDG&E,2025,4,v4.01,3,4,SDGE_2025_Q4_R3.xlsx,Table 3,20,M20,General,https://efiling.energysafety.ca.gov/eFiling/Getfile.aspx?fileid=58132&shareable=true
1030000019,3. Distribution Outages,3.h.,exact_metric_name_and_unit,Number of non-CALFIRE rated fuse operations in HFTD with RFW,Number of non-CALFIRE rated fuse operations in HFTD with RFW,To evaluate the performance of risk reduction from grid hardening related mitigations during fire-prone conditions,To evaluate the performance of risk reduction from mitigations that have impacts on the drivers during fire prone weather conditions,No,Outages,0,,,,SDG&E,2025,4,v4.01,3,4,SDGE_2025_Q4_R3.xlsx,Table 3,21,M21,General,https://efiling.energysafety.ca.gov/eFiling/Getfile.aspx?fileid=58132&shareable=true
1030000020,3. Distribution Outages,3.i.,exact_metric_name_and_unit,Overhead fault rate in HFTD during High FPI,Overhead fault rate in HFTD during High FPI,To evaluate the performance of risk reduction from overall mitigations during fire-prone conditions,To evaluate the performance of risk reduction from mitigations that have impacts on the drivers during fire prone weather conditions,No,Overhead faults per high FPI day,0.5,,,,SDG&E,2025,4,v4.01,3,4,SDGE_2025_Q4_R3.xlsx,Table 3,22,M22,0.00,https://efiling.energysafety.ca.gov/eFiling/Getfile.aspx?fileid=58132&shareable=true
1030000021,4. Personnel Safety Leading Indicators,4.a.,exact_metric_name_and_unit,Near Miss Reporting,Near Miss Reporting,Track safety related incidents,To evaluate and assess the safety culture,No,Near miss events reported,445,,,,SDG&E,2025,4,v4.01,3,4,SDGE_2025_Q4_R3.xlsx,Table 3,23,M23,General,https://efiling.energysafety.ca.gov/eFiling/Getfile.aspx?fileid=58132&shareable=true
1030000022,4. Personnel Safety Leading Indicators,4.b.,exact_metric_name_and_unit,Safety Observations,Safety Observations,Track safety related incidents,To evaluate and assess the safety culture,No,Observations performed,14097,,,,SDG&E,2025,4,v4.01,3,4,SDGE_2025_Q4_R3.xlsx,Table 3,24,M24,3,https://efiling.energysafety.ca.gov/eFiling/Getfile.aspx?fileid=58132&shareable=true
1030000023,5. Other PSPS,5.a.,exact_metric_name_and_unit,Percent of customers being de-energized on PSPS circuits,Percent of customers being de-energized on PSPS circuits,To track the scope of PSPS events,To evaluate the isolation of the de-energization given weather events,No,percent,,,No PSPS events in 2025 Q4,Not Applicable,SDG&E,2025,4,v4.01,3,4,SDGE_2025_Q4_R3.xlsx,Table 3,25,M25,0.00%,https://efiling.energysafety.ca.gov/eFiling/Getfile.aspx?fileid=58132&shareable=true
1030000024,5. Other PSPS,5.b.,exact_metric_name_and_unit,Number of circuits de-engergized,Number of circuits de-engergized,To track the scale of PSPS events,To evaluate the scale of the de-energization given weather events,No,circuits,,,No PSPS events in 2025 Q4,Not Applicable,SDG&E,2025,4,v4.01,3,4,SDGE_2025_Q4_R3.xlsx,Table 3,26,M26,General,https://efiling.energysafety.ca.gov/eFiling/Getfile.aspx?fileid=58132&shareable=true
1030000025,6. Situational Awareness,6.a.,exact_metric_name_and_unit,Communication success rate of weather stations,Communication success rate of weather stations,To track the weather station performance,To ensure the effectiveness of situational awareness tools,Yes,percent,98.66,excel_percent_fraction_to_percent_points,,,SDG&E,2025,4,v4.01,3,4,SDGE_2025_Q4_R3.xlsx,Table 3,27,M27,0.00%,https://efiling.energysafety.ca.gov/eFiling/Getfile.aspx?fileid=58132&shareable=true
1030000026,6. Situational Awareness,6.b.,exact_metric_name_and_unit,Post processing success rate - WRF simulations,Post processing success rate - WRF simulations,To track the weather data processing performance,To ensure the effectiveness of situational awareness tools,Yes,percent,100,excel_percent_fraction_to_percent_points,,,SDG&E,2025,4,v4.01,3,4,SDGE_2025_Q4_R3.xlsx,Table 3,28,M28,0%,https://efiling.energysafety.ca.gov/eFiling/Getfile.aspx?fileid=58132&shareable=true
1030000027,6. Situational Awareness,6.c.,exact_metric_name_and_unit,Post processing success rate - ML gust model,Post processing success rate - ML gust model,To track the weather data processing performance,To ensure the effectiveness of situational awareness tools,No,percent,100,excel_percent_fraction_to_percent_points,,,SDG&E,2025,4,v4.01,3,4,SDGE_2025_Q4_R3.xlsx,Table 3,29,M29,0%,https://efiling.energysafety.ca.gov/eFiling/Getfile.aspx?fileid=58132&shareable=true
1030000028,6. Situational Awareness,6.d.,exact_metric_name_and_unit,Post processing success rate - SAWTI,Post processing success rate - SAWTI,To track the weather data processing performance,To ensure the effectiveness of situational awareness tools,No,percent,96.39999999999999,excel_percent_fraction_to_percent_points,,,SDG&E,2025,4,v4.01,3,4,SDGE_2025_Q4_R3.xlsx,Table 3,30,M30,0%,https://efiling.energysafety.ca.gov/eFiling/Getfile.aspx?fileid=58132&shareable=true
1030000029,6. Situational Awareness,6.e.,exact_metric_name_and_unit,Post processing success rate - FPI,Post processing success rate - FPI,To track the weather data processing performance,To ensure the effectiveness of situational awareness tools,No,percent,100,excel_percent_fraction_to_percent_points,,,SDG&E,2025,4,v4.01,3,4,SDGE_2025_Q4_R3.xlsx,Table 3,31,M31,0%,https://efiling.energysafety.ca.gov/eFiling/Getfile.aspx?fileid=58132&shareable=true
1030000030,6. Situational Awareness,6.f.,exact_metric_name_and_unit,Post processing success rate - OPI,Post processing success rate - OPI,To track the weather data processing performance,To ensure the effectiveness of situational awareness tools,No,percent,100,excel_percent_fraction_to_percent_points,,,SDG&E,2025,4,v4.01,3,4,SDGE_2025_Q4_R3.xlsx,Table 3,32,M32,0%,https://efiling.energysafety.ca.gov/eFiling/Getfile.aspx?fileid=58132&shareable=true
1030000031,7. Emergency Preparedness,7.a,exact_metric_name_and_unit,Percentage of community partners participating in local wildfire mitigation planning (in territory),Percentage of community partners participating in local wildfire mitigation planning (in territory),To track engagement and preparedness for PSPS activation,To ensure the effectiveness of preparedness of external partners,No,percent,100,,,,SDG&E,2025,4,v4.01,3,4,SDGE_2025_Q4_R3.xlsx,Table 3,33,M33,General,https://efiling.energysafety.ca.gov/eFiling/Getfile.aspx?fileid=58132&shareable=true
1030000032,7. Emergency Preparedness,7.b,exact_metric_name_and_unit,Percentage of Wildfire/PSPS events followed by an After-Action Review or feedback process,Percentage of Wildfire/PSPS events followed by an After-Action Review or feedback process,To track the after action review and feedback,To ensure the effectiveness of preparedness,No,percent,,,No PSPS events in 2025 Q4,Not Applicable,SDG&E,2025,4,v4.01,3,4,SDGE_2025_Q4_R3.xlsx,Table 3,34,M34,General,https://efiling.energysafety.ca.gov/eFiling/Getfile.aspx?fileid=58132&shareable=true
1030000033,8. Community Outreach and Engagement,8.a,exact_metric_name_and_unit,Percentage of individuals with AFN who were aware of what support and resources were available to them during a PSPS event.,Percentage of individuals with AFN who were aware of what support and resources were available to them during a PSPS event.,To track engagement and preparedness for PSPS activation,To ensure the effectiveness of preparedness,No,percent,,,No PSPS events in 2025 Q4,Not Applicable,SDG&E,2025,4,v4.01,3,4,SDGE_2025_Q4_R3.xlsx,Table 3,35,M35,General,https://efiling.energysafety.ca.gov/eFiling/Getfile.aspx?fileid=58132&shareable=true
1030000034,8. Community Outreach and Engagement,8.b,exact_metric_name_and_unit,Percentage of individuals with AFN who were able to use necessary medical equipment to maintain necessary life functions for the duration of any PSPS event that affected them,Percentage of individuals with AFN who were able to use necessary medical equipment to maintain necessary life functions for the duration of any PSPS event that affected them,To track engagement and preparedness for PSPS activation,To ensure the effectiveness of preparedness,No,percent,,,No PSPS events in 2025 Q4,Not Applicable,SDG&E,2025,4,v4.01,3,4,SDGE_2025_Q4_R3.xlsx,Table 3,36,M36,General,https://efiling.energysafety.ca.gov/eFiling/Getfile.aspx?fileid=58132&shareable=true
1030000035,8. Community Outreach and Engagement,8.c,exact_metric_name_and_unit,Percentage of individuals who utilized mitigation services and reported they were satisfied with the level of support,Percentage of individuals who utilized mitigation services and reported they were satisfied with the level of support,To track engagement and preparedness for PSPS activation,To ensure the effectiveness of preparedness,No,percent,,,No PSPS events in 2025 Q4,Not Applicable,SDG&E,2025,4,v4.01,3,4,SDGE_2025_Q4_R3.xlsx,Table 3,37,M37,General,https://efiling.energysafety.ca.gov/eFiling/Getfile.aspx?fileid=58132&shareable=true
1030000036,8. Community Outreach and Engagement,8.d,exact_metric_name_and_unit,Percentage of customers notified prior to a PSPS event impacting them,Percentage of customers notified prior to a PSPS event impacting them,To track the performance of notifications for PSPS activation,To ensure the effectiveness of preparedness,No,percent,,,No PSPS events in 2025 Q4,Not Applicable,SDG&E,2025,4,v4.01,3,4,SDGE_2025_Q4_R3.xlsx,Table 3,38,M38,General,https://efiling.energysafety.ca.gov/eFiling/Getfile.aspx?fileid=58132&shareable=true
