record_id,metric_number,legacy_metric_number_mapped,v3_1_to_v3_2_domain_status,v3_2_to_v4_label_status,metric_type,ignition_driver,line_type,hftd_tier,unit_canonical,unit_crosswalk_status,ignition_driver_tracked,actual_value,comments,blank_meaning,utility_id,reporting_year,reporting_quarter,schema_version,source_revision,source_report_quarter,source_file,source_sheet,source_row,source_value_cell,guideline_url
T6R-c62083c53c59ef43,1060000000,1.a.d.0,exact,exact,1. Dig-in,Dig-in,Distribution,Non-HFTD,# ignitions,exact,No,,,SDG&E does not consider this driver as a risk event - see comments in QDR cover letter,SDG&E,2023,1,v3.1,0,4,SDGE_2023_Q4_Tables1-15.xlsx,Table 6,10,M10,https://efiling.energysafety.ca.gov/eFiling/Getfile.aspx?fileid=53475&shareable=true
T6R-41af733d32265d0d,1060000000,1.a.d.0,exact,exact,1. Dig-in,Dig-in,Distribution,Non-HFTD,# ignitions,exact,No,,,SDG&E does not consider this driver as a risk event - see comments in QDR cover letter,SDG&E,2023,2,v3.1,0,4,SDGE_2023_Q4_Tables1-15.xlsx,Table 6,10,N10,https://efiling.energysafety.ca.gov/eFiling/Getfile.aspx?fileid=53475&shareable=true
T6R-786485a2d95cbcbd,1060000000,1.a.d.0,exact,exact,1. Dig-in,Dig-in,Distribution,Non-HFTD,# ignitions,exact,No,,,SDG&E does not consider this driver as a risk event - see comments in QDR cover letter,SDG&E,2023,3,v3.1,0,4,SDGE_2023_Q4_Tables1-15.xlsx,Table 6,10,O10,https://efiling.energysafety.ca.gov/eFiling/Getfile.aspx?fileid=53475&shareable=true
T6R-69ce1160e1e5eec5,1060000000,1.a.d.0,exact,exact,1. Dig-in,Dig-in,Distribution,Non-HFTD,# ignitions,exact,No,,,SDG&E does not consider this driver as a risk event - see comments in QDR cover letter,SDG&E,2023,4,v3.1,0,4,SDGE_2023_Q4_Tables1-15.xlsx,Table 6,10,P10,https://efiling.energysafety.ca.gov/eFiling/Getfile.aspx?fileid=53475&shareable=true
T6R-0e1d4b5145a6d105,1060000001,1.a.d.2,exact,exact,1. Dig-in,Dig-in,Distribution,HFTD Tier 2,# ignitions,exact,No,,,SDG&E does not consider this driver as a risk event - see comments in QDR cover letter,SDG&E,2023,1,v3.1,0,4,SDGE_2023_Q4_Tables1-15.xlsx,Table 6,11,M11,https://efiling.energysafety.ca.gov/eFiling/Getfile.aspx?fileid=53475&shareable=true
T6R-cf2e7e6db8a9fc35,1060000001,1.a.d.2,exact,exact,1. Dig-in,Dig-in,Distribution,HFTD Tier 2,# ignitions,exact,No,,,SDG&E does not consider this driver as a risk event - see comments in QDR cover letter,SDG&E,2023,2,v3.1,0,4,SDGE_2023_Q4_Tables1-15.xlsx,Table 6,11,N11,https://efiling.energysafety.ca.gov/eFiling/Getfile.aspx?fileid=53475&shareable=true
T6R-1640c3859434f876,1060000001,1.a.d.2,exact,exact,1. Dig-in,Dig-in,Distribution,HFTD Tier 2,# ignitions,exact,No,,,SDG&E does not consider this driver as a risk event - see comments in QDR cover letter,SDG&E,2023,3,v3.1,0,4,SDGE_2023_Q4_Tables1-15.xlsx,Table 6,11,O11,https://efiling.energysafety.ca.gov/eFiling/Getfile.aspx?fileid=53475&shareable=true
T6R-7ed9d0be2d5e6d94,1060000001,1.a.d.2,exact,exact,1. Dig-in,Dig-in,Distribution,HFTD Tier 2,# ignitions,exact,No,,,SDG&E does not consider this driver as a risk event - see comments in QDR cover letter,SDG&E,2023,4,v3.1,0,4,SDGE_2023_Q4_Tables1-15.xlsx,Table 6,11,P11,https://efiling.energysafety.ca.gov/eFiling/Getfile.aspx?fileid=53475&shareable=true
T6R-7a502a5cec348f4a,1060000002,1.a.d.3,exact,exact,1. Dig-in,Dig-in,Distribution,HFTD Tier 3,# ignitions,exact,No,,,SDG&E does not consider this driver as a risk event - see comments in QDR cover letter,SDG&E,2023,1,v3.1,0,4,SDGE_2023_Q4_Tables1-15.xlsx,Table 6,12,M12,https://efiling.energysafety.ca.gov/eFiling/Getfile.aspx?fileid=53475&shareable=true
T6R-641e7b2c8175fc38,1060000002,1.a.d.3,exact,exact,1. Dig-in,Dig-in,Distribution,HFTD Tier 3,# ignitions,exact,No,,,SDG&E does not consider this driver as a risk event - see comments in QDR cover letter,SDG&E,2023,2,v3.1,0,4,SDGE_2023_Q4_Tables1-15.xlsx,Table 6,12,N12,https://efiling.energysafety.ca.gov/eFiling/Getfile.aspx?fileid=53475&shareable=true
T6R-396048e03a4c4a3f,1060000002,1.a.d.3,exact,exact,1. Dig-in,Dig-in,Distribution,HFTD Tier 3,# ignitions,exact,No,,,SDG&E does not consider this driver as a risk event - see comments in QDR cover letter,SDG&E,2023,3,v3.1,0,4,SDGE_2023_Q4_Tables1-15.xlsx,Table 6,12,O12,https://efiling.energysafety.ca.gov/eFiling/Getfile.aspx?fileid=53475&shareable=true
T6R-37fe53a35033875b,1060000002,1.a.d.3,exact,exact,1. Dig-in,Dig-in,Distribution,HFTD Tier 3,# ignitions,exact,No,,,SDG&E does not consider this driver as a risk event - see comments in QDR cover letter,SDG&E,2023,4,v3.1,0,4,SDGE_2023_Q4_Tables1-15.xlsx,Table 6,12,P12,https://efiling.energysafety.ca.gov/eFiling/Getfile.aspx?fileid=53475&shareable=true
T6R-81447906836267e7,1060000003,1.a.t.0,exact,exact,1. Dig-in,Dig-in,Transmission,Non-HFTD,# ignitions,exact,No,,,SDG&E does not consider this driver as a risk event - see comments in QDR cover letter,SDG&E,2023,1,v3.1,0,4,SDGE_2023_Q4_Tables1-15.xlsx,Table 6,13,M13,https://efiling.energysafety.ca.gov/eFiling/Getfile.aspx?fileid=53475&shareable=true
T6R-74d837baf0e95625,1060000003,1.a.t.0,exact,exact,1. Dig-in,Dig-in,Transmission,Non-HFTD,# ignitions,exact,No,,,SDG&E does not consider this driver as a risk event - see comments in QDR cover letter,SDG&E,2023,2,v3.1,0,4,SDGE_2023_Q4_Tables1-15.xlsx,Table 6,13,N13,https://efiling.energysafety.ca.gov/eFiling/Getfile.aspx?fileid=53475&shareable=true
T6R-3795aee353980794,1060000003,1.a.t.0,exact,exact,1. Dig-in,Dig-in,Transmission,Non-HFTD,# ignitions,exact,No,,,SDG&E does not consider this driver as a risk event - see comments in QDR cover letter,SDG&E,2023,3,v3.1,0,4,SDGE_2023_Q4_Tables1-15.xlsx,Table 6,13,O13,https://efiling.energysafety.ca.gov/eFiling/Getfile.aspx?fileid=53475&shareable=true
T6R-cfa94d14598873c0,1060000003,1.a.t.0,exact,exact,1. Dig-in,Dig-in,Transmission,Non-HFTD,# ignitions,exact,No,,,SDG&E does not consider this driver as a risk event - see comments in QDR cover letter,SDG&E,2023,4,v3.1,0,4,SDGE_2023_Q4_Tables1-15.xlsx,Table 6,13,P13,https://efiling.energysafety.ca.gov/eFiling/Getfile.aspx?fileid=53475&shareable=true
T6R-ec3a361766822d34,1060000004,1.a.t.2,exact,exact,1. Dig-in,Dig-in,Transmission,HFTD Tier 2,# ignitions,exact,No,,,SDG&E does not consider this driver as a risk event - see comments in QDR cover letter,SDG&E,2023,1,v3.1,0,4,SDGE_2023_Q4_Tables1-15.xlsx,Table 6,14,M14,https://efiling.energysafety.ca.gov/eFiling/Getfile.aspx?fileid=53475&shareable=true
T6R-0c8d5d3ea487781b,1060000004,1.a.t.2,exact,exact,1. Dig-in,Dig-in,Transmission,HFTD Tier 2,# ignitions,exact,No,,,SDG&E does not consider this driver as a risk event - see comments in QDR cover letter,SDG&E,2023,2,v3.1,0,4,SDGE_2023_Q4_Tables1-15.xlsx,Table 6,14,N14,https://efiling.energysafety.ca.gov/eFiling/Getfile.aspx?fileid=53475&shareable=true
T6R-f571d13a045fd3b0,1060000004,1.a.t.2,exact,exact,1. Dig-in,Dig-in,Transmission,HFTD Tier 2,# ignitions,exact,No,,,SDG&E does not consider this driver as a risk event - see comments in QDR cover letter,SDG&E,2023,3,v3.1,0,4,SDGE_2023_Q4_Tables1-15.xlsx,Table 6,14,O14,https://efiling.energysafety.ca.gov/eFiling/Getfile.aspx?fileid=53475&shareable=true
T6R-27c5fa07ee2c345b,1060000004,1.a.t.2,exact,exact,1. Dig-in,Dig-in,Transmission,HFTD Tier 2,# ignitions,exact,No,,,SDG&E does not consider this driver as a risk event - see comments in QDR cover letter,SDG&E,2023,4,v3.1,0,4,SDGE_2023_Q4_Tables1-15.xlsx,Table 6,14,P14,https://efiling.energysafety.ca.gov/eFiling/Getfile.aspx?fileid=53475&shareable=true
T6R-49cf19aecaae9eb7,1060000005,1.a.t.3,exact,exact,1. Dig-in,Dig-in,Transmission,HFTD Tier 3,# ignitions,exact,No,,,SDG&E does not consider this driver as a risk event - see comments in QDR cover letter,SDG&E,2023,1,v3.1,0,4,SDGE_2023_Q4_Tables1-15.xlsx,Table 6,15,M15,https://efiling.energysafety.ca.gov/eFiling/Getfile.aspx?fileid=53475&shareable=true
T6R-74dea9a4748e0059,1060000005,1.a.t.3,exact,exact,1. Dig-in,Dig-in,Transmission,HFTD Tier 3,# ignitions,exact,No,,,SDG&E does not consider this driver as a risk event - see comments in QDR cover letter,SDG&E,2023,2,v3.1,0,4,SDGE_2023_Q4_Tables1-15.xlsx,Table 6,15,N15,https://efiling.energysafety.ca.gov/eFiling/Getfile.aspx?fileid=53475&shareable=true
T6R-f3fd45810b75d7dd,1060000005,1.a.t.3,exact,exact,1. Dig-in,Dig-in,Transmission,HFTD Tier 3,# ignitions,exact,No,,,SDG&E does not consider this driver as a risk event - see comments in QDR cover letter,SDG&E,2023,3,v3.1,0,4,SDGE_2023_Q4_Tables1-15.xlsx,Table 6,15,O15,https://efiling.energysafety.ca.gov/eFiling/Getfile.aspx?fileid=53475&shareable=true
T6R-4021e36ce3e0d9fe,1060000005,1.a.t.3,exact,exact,1. Dig-in,Dig-in,Transmission,HFTD Tier 3,# ignitions,exact,No,,,SDG&E does not consider this driver as a risk event - see comments in QDR cover letter,SDG&E,2023,4,v3.1,0,4,SDGE_2023_Q4_Tables1-15.xlsx,Table 6,15,P15,https://efiling.energysafety.ca.gov/eFiling/Getfile.aspx?fileid=53475&shareable=true
T6R-160ce422038f8158,1060000006,2.a.d.0,exact,exact,2. Contact from object,Animal contact,Distribution,Non-HFTD,# ignitions,exact,Yes,0,,,SDG&E,2023,1,v3.1,0,4,SDGE_2023_Q4_Tables1-15.xlsx,Table 6,16,M16,https://efiling.energysafety.ca.gov/eFiling/Getfile.aspx?fileid=53475&shareable=true
T6R-33401f2e643548d4,1060000006,2.a.d.0,exact,exact,2. Contact from object,Animal contact,Distribution,Non-HFTD,# ignitions,exact,Yes,1,,,SDG&E,2023,2,v3.1,0,4,SDGE_2023_Q4_Tables1-15.xlsx,Table 6,16,N16,https://efiling.energysafety.ca.gov/eFiling/Getfile.aspx?fileid=53475&shareable=true
T6R-69eac74315721ba8,1060000006,2.a.d.0,exact,exact,2. Contact from object,Animal contact,Distribution,Non-HFTD,# ignitions,exact,Yes,0,,,SDG&E,2023,3,v3.1,0,4,SDGE_2023_Q4_Tables1-15.xlsx,Table 6,16,O16,https://efiling.energysafety.ca.gov/eFiling/Getfile.aspx?fileid=53475&shareable=true
T6R-5f224d9744db0f8d,1060000006,2.a.d.0,exact,exact,2. Contact from object,Animal contact,Distribution,Non-HFTD,# ignitions,exact,Yes,0,,,SDG&E,2023,4,v3.1,0,4,SDGE_2023_Q4_Tables1-15.xlsx,Table 6,16,P16,https://efiling.energysafety.ca.gov/eFiling/Getfile.aspx?fileid=53475&shareable=true
T6R-eda179ac881a8192,1060000007,2.a.d.2,exact,exact,2. Contact from object,Animal contact,Distribution,HFTD Tier 2,# ignitions,exact,Yes,0,,,SDG&E,2023,1,v3.1,0,4,SDGE_2023_Q4_Tables1-15.xlsx,Table 6,17,M17,https://efiling.energysafety.ca.gov/eFiling/Getfile.aspx?fileid=53475&shareable=true
T6R-ebd6c08b7bb66be2,1060000007,2.a.d.2,exact,exact,2. Contact from object,Animal contact,Distribution,HFTD Tier 2,# ignitions,exact,Yes,0,,,SDG&E,2023,2,v3.1,0,4,SDGE_2023_Q4_Tables1-15.xlsx,Table 6,17,N17,https://efiling.energysafety.ca.gov/eFiling/Getfile.aspx?fileid=53475&shareable=true
T6R-8b7977999cfe0253,1060000007,2.a.d.2,exact,exact,2. Contact from object,Animal contact,Distribution,HFTD Tier 2,# ignitions,exact,Yes,0,,,SDG&E,2023,3,v3.1,0,4,SDGE_2023_Q4_Tables1-15.xlsx,Table 6,17,O17,https://efiling.energysafety.ca.gov/eFiling/Getfile.aspx?fileid=53475&shareable=true
T6R-825a0c360a951c4c,1060000007,2.a.d.2,exact,exact,2. Contact from object,Animal contact,Distribution,HFTD Tier 2,# ignitions,exact,Yes,0,,,SDG&E,2023,4,v3.1,0,4,SDGE_2023_Q4_Tables1-15.xlsx,Table 6,17,P17,https://efiling.energysafety.ca.gov/eFiling/Getfile.aspx?fileid=53475&shareable=true
T6R-ee7ff386de42e953,1060000008,2.a.d.3,exact,exact,2. Contact from object,Animal contact,Distribution,HFTD Tier 3,# ignitions,exact,Yes,0,,,SDG&E,2023,1,v3.1,0,4,SDGE_2023_Q4_Tables1-15.xlsx,Table 6,18,M18,https://efiling.energysafety.ca.gov/eFiling/Getfile.aspx?fileid=53475&shareable=true
T6R-54239d94ec40d149,1060000008,2.a.d.3,exact,exact,2. Contact from object,Animal contact,Distribution,HFTD Tier 3,# ignitions,exact,Yes,0,,,SDG&E,2023,2,v3.1,0,4,SDGE_2023_Q4_Tables1-15.xlsx,Table 6,18,N18,https://efiling.energysafety.ca.gov/eFiling/Getfile.aspx?fileid=53475&shareable=true
T6R-e6641afcb434e10e,1060000008,2.a.d.3,exact,exact,2. Contact from object,Animal contact,Distribution,HFTD Tier 3,# ignitions,exact,Yes,2,,,SDG&E,2023,3,v3.1,0,4,SDGE_2023_Q4_Tables1-15.xlsx,Table 6,18,O18,https://efiling.energysafety.ca.gov/eFiling/Getfile.aspx?fileid=53475&shareable=true
T6R-2cf3beb7aa80c44c,1060000008,2.a.d.3,exact,exact,2. Contact from object,Animal contact,Distribution,HFTD Tier 3,# ignitions,exact,Yes,0,,,SDG&E,2023,4,v3.1,0,4,SDGE_2023_Q4_Tables1-15.xlsx,Table 6,18,P18,https://efiling.energysafety.ca.gov/eFiling/Getfile.aspx?fileid=53475&shareable=true
T6R-74007271d93d0be0,1060000009,2.a.t.0,exact,exact,2. Contact from object,Animal contact,Transmission,Non-HFTD,# ignitions,exact,Yes,0,,,SDG&E,2023,1,v3.1,0,4,SDGE_2023_Q4_Tables1-15.xlsx,Table 6,19,M19,https://efiling.energysafety.ca.gov/eFiling/Getfile.aspx?fileid=53475&shareable=true
T6R-edbaad59d69aec56,1060000009,2.a.t.0,exact,exact,2. Contact from object,Animal contact,Transmission,Non-HFTD,# ignitions,exact,Yes,0,,,SDG&E,2023,2,v3.1,0,4,SDGE_2023_Q4_Tables1-15.xlsx,Table 6,19,N19,https://efiling.energysafety.ca.gov/eFiling/Getfile.aspx?fileid=53475&shareable=true
T6R-6f572f74c5dc1eac,1060000009,2.a.t.0,exact,exact,2. Contact from object,Animal contact,Transmission,Non-HFTD,# ignitions,exact,Yes,0,,,SDG&E,2023,3,v3.1,0,4,SDGE_2023_Q4_Tables1-15.xlsx,Table 6,19,O19,https://efiling.energysafety.ca.gov/eFiling/Getfile.aspx?fileid=53475&shareable=true
T6R-d01392df7872f9f8,1060000009,2.a.t.0,exact,exact,2. Contact from object,Animal contact,Transmission,Non-HFTD,# ignitions,exact,Yes,0,,,SDG&E,2023,4,v3.1,0,4,SDGE_2023_Q4_Tables1-15.xlsx,Table 6,19,P19,https://efiling.energysafety.ca.gov/eFiling/Getfile.aspx?fileid=53475&shareable=true
T6R-c45afa0fa942165b,1060000010,2.a.t.2,exact,exact,2. Contact from object,Animal contact,Transmission,HFTD Tier 2,# ignitions,exact,Yes,0,,,SDG&E,2023,1,v3.1,0,4,SDGE_2023_Q4_Tables1-15.xlsx,Table 6,20,M20,https://efiling.energysafety.ca.gov/eFiling/Getfile.aspx?fileid=53475&shareable=true
T6R-e7413145ae951c7f,1060000010,2.a.t.2,exact,exact,2. Contact from object,Animal contact,Transmission,HFTD Tier 2,# ignitions,exact,Yes,0,,,SDG&E,2023,2,v3.1,0,4,SDGE_2023_Q4_Tables1-15.xlsx,Table 6,20,N20,https://efiling.energysafety.ca.gov/eFiling/Getfile.aspx?fileid=53475&shareable=true
T6R-5633381fd5c8ee5b,1060000010,2.a.t.2,exact,exact,2. Contact from object,Animal contact,Transmission,HFTD Tier 2,# ignitions,exact,Yes,0,,,SDG&E,2023,3,v3.1,0,4,SDGE_2023_Q4_Tables1-15.xlsx,Table 6,20,O20,https://efiling.energysafety.ca.gov/eFiling/Getfile.aspx?fileid=53475&shareable=true
T6R-d44f65e4b70df6f0,1060000010,2.a.t.2,exact,exact,2. Contact from object,Animal contact,Transmission,HFTD Tier 2,# ignitions,exact,Yes,0,,,SDG&E,2023,4,v3.1,0,4,SDGE_2023_Q4_Tables1-15.xlsx,Table 6,20,P20,https://efiling.energysafety.ca.gov/eFiling/Getfile.aspx?fileid=53475&shareable=true
T6R-0f35bb8474de4eba,1060000011,2.a.t.3,exact,exact,2. Contact from object,Animal contact,Transmission,HFTD Tier 3,# ignitions,exact,Yes,0,,,SDG&E,2023,1,v3.1,0,4,SDGE_2023_Q4_Tables1-15.xlsx,Table 6,21,M21,https://efiling.energysafety.ca.gov/eFiling/Getfile.aspx?fileid=53475&shareable=true
T6R-d9d2cce2ecba90a3,1060000011,2.a.t.3,exact,exact,2. Contact from object,Animal contact,Transmission,HFTD Tier 3,# ignitions,exact,Yes,0,,,SDG&E,2023,2,v3.1,0,4,SDGE_2023_Q4_Tables1-15.xlsx,Table 6,21,N21,https://efiling.energysafety.ca.gov/eFiling/Getfile.aspx?fileid=53475&shareable=true
T6R-fb4dd22448de7c4d,1060000011,2.a.t.3,exact,exact,2. Contact from object,Animal contact,Transmission,HFTD Tier 3,# ignitions,exact,Yes,0,,,SDG&E,2023,3,v3.1,0,4,SDGE_2023_Q4_Tables1-15.xlsx,Table 6,21,O21,https://efiling.energysafety.ca.gov/eFiling/Getfile.aspx?fileid=53475&shareable=true
T6R-8aac8de21f845336,1060000011,2.a.t.3,exact,exact,2. Contact from object,Animal contact,Transmission,HFTD Tier 3,# ignitions,exact,Yes,0,,,SDG&E,2023,4,v3.1,0,4,SDGE_2023_Q4_Tables1-15.xlsx,Table 6,21,P21,https://efiling.energysafety.ca.gov/eFiling/Getfile.aspx?fileid=53475&shareable=true
T6R-7de4970eee5c3e74,1060000012,2.b.d.0,exact,exact,2. Contact from object,Balloon contact,Distribution,Non-HFTD,# ignitions,exact,Yes,0,,,SDG&E,2023,1,v3.1,0,4,SDGE_2023_Q4_Tables1-15.xlsx,Table 6,22,M22,https://efiling.energysafety.ca.gov/eFiling/Getfile.aspx?fileid=53475&shareable=true
T6R-ccfebaca3a0a5bac,1060000012,2.b.d.0,exact,exact,2. Contact from object,Balloon contact,Distribution,Non-HFTD,# ignitions,exact,Yes,0,,,SDG&E,2023,2,v3.1,0,4,SDGE_2023_Q4_Tables1-15.xlsx,Table 6,22,N22,https://efiling.energysafety.ca.gov/eFiling/Getfile.aspx?fileid=53475&shareable=true
T6R-adcd53cad1a897c4,1060000012,2.b.d.0,exact,exact,2. Contact from object,Balloon contact,Distribution,Non-HFTD,# ignitions,exact,Yes,0,,,SDG&E,2023,3,v3.1,0,4,SDGE_2023_Q4_Tables1-15.xlsx,Table 6,22,O22,https://efiling.energysafety.ca.gov/eFiling/Getfile.aspx?fileid=53475&shareable=true
T6R-f75ceb0ccd5107aa,1060000012,2.b.d.0,exact,exact,2. Contact from object,Balloon contact,Distribution,Non-HFTD,# ignitions,exact,Yes,0,,,SDG&E,2023,4,v3.1,0,4,SDGE_2023_Q4_Tables1-15.xlsx,Table 6,22,P22,https://efiling.energysafety.ca.gov/eFiling/Getfile.aspx?fileid=53475&shareable=true
T6R-64f7e688eb37df8c,1060000013,2.b.d.2,exact,exact,2. Contact from object,Balloon contact,Distribution,HFTD Tier 2,# ignitions,exact,Yes,0,,,SDG&E,2023,1,v3.1,0,4,SDGE_2023_Q4_Tables1-15.xlsx,Table 6,23,M23,https://efiling.energysafety.ca.gov/eFiling/Getfile.aspx?fileid=53475&shareable=true
T6R-71d495d6dbb8f7f9,1060000013,2.b.d.2,exact,exact,2. Contact from object,Balloon contact,Distribution,HFTD Tier 2,# ignitions,exact,Yes,0,,,SDG&E,2023,2,v3.1,0,4,SDGE_2023_Q4_Tables1-15.xlsx,Table 6,23,N23,https://efiling.energysafety.ca.gov/eFiling/Getfile.aspx?fileid=53475&shareable=true
T6R-f463861111a3d87a,1060000013,2.b.d.2,exact,exact,2. Contact from object,Balloon contact,Distribution,HFTD Tier 2,# ignitions,exact,Yes,0,,,SDG&E,2023,3,v3.1,0,4,SDGE_2023_Q4_Tables1-15.xlsx,Table 6,23,O23,https://efiling.energysafety.ca.gov/eFiling/Getfile.aspx?fileid=53475&shareable=true
T6R-79f8d85162ad6aa7,1060000013,2.b.d.2,exact,exact,2. Contact from object,Balloon contact,Distribution,HFTD Tier 2,# ignitions,exact,Yes,0,,,SDG&E,2023,4,v3.1,0,4,SDGE_2023_Q4_Tables1-15.xlsx,Table 6,23,P23,https://efiling.energysafety.ca.gov/eFiling/Getfile.aspx?fileid=53475&shareable=true
T6R-c46e972a13bfef9e,1060000014,2.b.d.3,exact,exact,2. Contact from object,Balloon contact,Distribution,HFTD Tier 3,# ignitions,exact,Yes,0,,,SDG&E,2023,1,v3.1,0,4,SDGE_2023_Q4_Tables1-15.xlsx,Table 6,24,M24,https://efiling.energysafety.ca.gov/eFiling/Getfile.aspx?fileid=53475&shareable=true
T6R-5254d372953e3af0,1060000014,2.b.d.3,exact,exact,2. Contact from object,Balloon contact,Distribution,HFTD Tier 3,# ignitions,exact,Yes,0,,,SDG&E,2023,2,v3.1,0,4,SDGE_2023_Q4_Tables1-15.xlsx,Table 6,24,N24,https://efiling.energysafety.ca.gov/eFiling/Getfile.aspx?fileid=53475&shareable=true
T6R-557b6d218cbf3cfb,1060000014,2.b.d.3,exact,exact,2. Contact from object,Balloon contact,Distribution,HFTD Tier 3,# ignitions,exact,Yes,0,,,SDG&E,2023,3,v3.1,0,4,SDGE_2023_Q4_Tables1-15.xlsx,Table 6,24,O24,https://efiling.energysafety.ca.gov/eFiling/Getfile.aspx?fileid=53475&shareable=true
T6R-969719dbd09de3d0,1060000014,2.b.d.3,exact,exact,2. Contact from object,Balloon contact,Distribution,HFTD Tier 3,# ignitions,exact,Yes,0,,,SDG&E,2023,4,v3.1,0,4,SDGE_2023_Q4_Tables1-15.xlsx,Table 6,24,P24,https://efiling.energysafety.ca.gov/eFiling/Getfile.aspx?fileid=53475&shareable=true
T6R-07ab06a13da67552,1060000015,2.b.t.0,exact,exact,2. Contact from object,Balloon contact,Transmission,Non-HFTD,# ignitions,exact,Yes,0,,,SDG&E,2023,1,v3.1,0,4,SDGE_2023_Q4_Tables1-15.xlsx,Table 6,25,M25,https://efiling.energysafety.ca.gov/eFiling/Getfile.aspx?fileid=53475&shareable=true
T6R-0d512e7602b0aad9,1060000015,2.b.t.0,exact,exact,2. Contact from object,Balloon contact,Transmission,Non-HFTD,# ignitions,exact,Yes,0,,,SDG&E,2023,2,v3.1,0,4,SDGE_2023_Q4_Tables1-15.xlsx,Table 6,25,N25,https://efiling.energysafety.ca.gov/eFiling/Getfile.aspx?fileid=53475&shareable=true
T6R-e3912953dc89b8ee,1060000015,2.b.t.0,exact,exact,2. Contact from object,Balloon contact,Transmission,Non-HFTD,# ignitions,exact,Yes,0,,,SDG&E,2023,3,v3.1,0,4,SDGE_2023_Q4_Tables1-15.xlsx,Table 6,25,O25,https://efiling.energysafety.ca.gov/eFiling/Getfile.aspx?fileid=53475&shareable=true
T6R-ea19bc52489012b1,1060000015,2.b.t.0,exact,exact,2. Contact from object,Balloon contact,Transmission,Non-HFTD,# ignitions,exact,Yes,1,,,SDG&E,2023,4,v3.1,0,4,SDGE_2023_Q4_Tables1-15.xlsx,Table 6,25,P25,https://efiling.energysafety.ca.gov/eFiling/Getfile.aspx?fileid=53475&shareable=true
T6R-98e4e7a4849c2af4,1060000016,2.b.t.2,exact,exact,2. Contact from object,Balloon contact,Transmission,HFTD Tier 2,# ignitions,exact,Yes,0,,,SDG&E,2023,1,v3.1,0,4,SDGE_2023_Q4_Tables1-15.xlsx,Table 6,26,M26,https://efiling.energysafety.ca.gov/eFiling/Getfile.aspx?fileid=53475&shareable=true
T6R-9c63bf295a530a04,1060000016,2.b.t.2,exact,exact,2. Contact from object,Balloon contact,Transmission,HFTD Tier 2,# ignitions,exact,Yes,0,,,SDG&E,2023,2,v3.1,0,4,SDGE_2023_Q4_Tables1-15.xlsx,Table 6,26,N26,https://efiling.energysafety.ca.gov/eFiling/Getfile.aspx?fileid=53475&shareable=true
T6R-58d2374a43f54c5b,1060000016,2.b.t.2,exact,exact,2. Contact from object,Balloon contact,Transmission,HFTD Tier 2,# ignitions,exact,Yes,0,,,SDG&E,2023,3,v3.1,0,4,SDGE_2023_Q4_Tables1-15.xlsx,Table 6,26,O26,https://efiling.energysafety.ca.gov/eFiling/Getfile.aspx?fileid=53475&shareable=true
T6R-b3f141c97d3e4f82,1060000016,2.b.t.2,exact,exact,2. Contact from object,Balloon contact,Transmission,HFTD Tier 2,# ignitions,exact,Yes,0,,,SDG&E,2023,4,v3.1,0,4,SDGE_2023_Q4_Tables1-15.xlsx,Table 6,26,P26,https://efiling.energysafety.ca.gov/eFiling/Getfile.aspx?fileid=53475&shareable=true
T6R-41250dc76bc5c680,1060000017,2.b.t.3,exact,exact,2. Contact from object,Balloon contact,Transmission,HFTD Tier 3,# ignitions,exact,Yes,0,,,SDG&E,2023,1,v3.1,0,4,SDGE_2023_Q4_Tables1-15.xlsx,Table 6,27,M27,https://efiling.energysafety.ca.gov/eFiling/Getfile.aspx?fileid=53475&shareable=true
T6R-ce6379b0bb84e844,1060000017,2.b.t.3,exact,exact,2. Contact from object,Balloon contact,Transmission,HFTD Tier 3,# ignitions,exact,Yes,0,,,SDG&E,2023,2,v3.1,0,4,SDGE_2023_Q4_Tables1-15.xlsx,Table 6,27,N27,https://efiling.energysafety.ca.gov/eFiling/Getfile.aspx?fileid=53475&shareable=true
T6R-f6451a65a383ef1a,1060000017,2.b.t.3,exact,exact,2. Contact from object,Balloon contact,Transmission,HFTD Tier 3,# ignitions,exact,Yes,0,,,SDG&E,2023,3,v3.1,0,4,SDGE_2023_Q4_Tables1-15.xlsx,Table 6,27,O27,https://efiling.energysafety.ca.gov/eFiling/Getfile.aspx?fileid=53475&shareable=true
T6R-67ab0bbe95c0a22e,1060000017,2.b.t.3,exact,exact,2. Contact from object,Balloon contact,Transmission,HFTD Tier 3,# ignitions,exact,Yes,0,,,SDG&E,2023,4,v3.1,0,4,SDGE_2023_Q4_Tables1-15.xlsx,Table 6,27,P27,https://efiling.energysafety.ca.gov/eFiling/Getfile.aspx?fileid=53475&shareable=true
T6R-92a49128f814999b,1060000018,2.c.d.0,exact,exact,2. Contact from object,Land vehicle contact,Distribution,Non-HFTD,# ignitions,exact,Yes,0,,,SDG&E,2023,1,v3.1,0,4,SDGE_2023_Q4_Tables1-15.xlsx,Table 6,28,M28,https://efiling.energysafety.ca.gov/eFiling/Getfile.aspx?fileid=53475&shareable=true
T6R-2bf2e9a0bc036323,1060000018,2.c.d.0,exact,exact,2. Contact from object,Land vehicle contact,Distribution,Non-HFTD,# ignitions,exact,Yes,0,,,SDG&E,2023,2,v3.1,0,4,SDGE_2023_Q4_Tables1-15.xlsx,Table 6,28,N28,https://efiling.energysafety.ca.gov/eFiling/Getfile.aspx?fileid=53475&shareable=true
T6R-77a9ce845af1ce92,1060000018,2.c.d.0,exact,exact,2. Contact from object,Land vehicle contact,Distribution,Non-HFTD,# ignitions,exact,Yes,0,,,SDG&E,2023,3,v3.1,0,4,SDGE_2023_Q4_Tables1-15.xlsx,Table 6,28,O28,https://efiling.energysafety.ca.gov/eFiling/Getfile.aspx?fileid=53475&shareable=true
T6R-f62cb0162f6376c6,1060000018,2.c.d.0,exact,exact,2. Contact from object,Land vehicle contact,Distribution,Non-HFTD,# ignitions,exact,Yes,0,,,SDG&E,2023,4,v3.1,0,4,SDGE_2023_Q4_Tables1-15.xlsx,Table 6,28,P28,https://efiling.energysafety.ca.gov/eFiling/Getfile.aspx?fileid=53475&shareable=true
T6R-25d23fe89fa301dc,1060000019,2.c.d.2,exact,exact,2. Contact from object,Land vehicle contact,Distribution,HFTD Tier 2,# ignitions,exact,Yes,0,,,SDG&E,2023,1,v3.1,0,4,SDGE_2023_Q4_Tables1-15.xlsx,Table 6,29,M29,https://efiling.energysafety.ca.gov/eFiling/Getfile.aspx?fileid=53475&shareable=true
T6R-9fc75575036f46d5,1060000019,2.c.d.2,exact,exact,2. Contact from object,Land vehicle contact,Distribution,HFTD Tier 2,# ignitions,exact,Yes,0,,,SDG&E,2023,2,v3.1,0,4,SDGE_2023_Q4_Tables1-15.xlsx,Table 6,29,N29,https://efiling.energysafety.ca.gov/eFiling/Getfile.aspx?fileid=53475&shareable=true
T6R-dc584f7be98723f5,1060000019,2.c.d.2,exact,exact,2. Contact from object,Land vehicle contact,Distribution,HFTD Tier 2,# ignitions,exact,Yes,0,,,SDG&E,2023,3,v3.1,0,4,SDGE_2023_Q4_Tables1-15.xlsx,Table 6,29,O29,https://efiling.energysafety.ca.gov/eFiling/Getfile.aspx?fileid=53475&shareable=true
T6R-dc5be46c77bb5839,1060000019,2.c.d.2,exact,exact,2. Contact from object,Land vehicle contact,Distribution,HFTD Tier 2,# ignitions,exact,Yes,0,,,SDG&E,2023,4,v3.1,0,4,SDGE_2023_Q4_Tables1-15.xlsx,Table 6,29,P29,https://efiling.energysafety.ca.gov/eFiling/Getfile.aspx?fileid=53475&shareable=true
T6R-ee4a732188a2d117,1060000020,2.c.d.3,exact,exact,2. Contact from object,Land vehicle contact,Distribution,HFTD Tier 3,# ignitions,exact,Yes,0,,,SDG&E,2023,1,v3.1,0,4,SDGE_2023_Q4_Tables1-15.xlsx,Table 6,30,M30,https://efiling.energysafety.ca.gov/eFiling/Getfile.aspx?fileid=53475&shareable=true
T6R-09eb47f6585b20e9,1060000020,2.c.d.3,exact,exact,2. Contact from object,Land vehicle contact,Distribution,HFTD Tier 3,# ignitions,exact,Yes,0,,,SDG&E,2023,2,v3.1,0,4,SDGE_2023_Q4_Tables1-15.xlsx,Table 6,30,N30,https://efiling.energysafety.ca.gov/eFiling/Getfile.aspx?fileid=53475&shareable=true
T6R-9f0df0da9031a1f8,1060000020,2.c.d.3,exact,exact,2. Contact from object,Land vehicle contact,Distribution,HFTD Tier 3,# ignitions,exact,Yes,1,,,SDG&E,2023,3,v3.1,0,4,SDGE_2023_Q4_Tables1-15.xlsx,Table 6,30,O30,https://efiling.energysafety.ca.gov/eFiling/Getfile.aspx?fileid=53475&shareable=true
T6R-54e3315526488013,1060000020,2.c.d.3,exact,exact,2. Contact from object,Land vehicle contact,Distribution,HFTD Tier 3,# ignitions,exact,Yes,0,,,SDG&E,2023,4,v3.1,0,4,SDGE_2023_Q4_Tables1-15.xlsx,Table 6,30,P30,https://efiling.energysafety.ca.gov/eFiling/Getfile.aspx?fileid=53475&shareable=true
T6R-c4a395e6d3393567,1060000021,2.c.t.0,exact,exact,2. Contact from object,Land vehicle contact,Transmission,Non-HFTD,# ignitions,exact,Yes,0,,,SDG&E,2023,1,v3.1,0,4,SDGE_2023_Q4_Tables1-15.xlsx,Table 6,31,M31,https://efiling.energysafety.ca.gov/eFiling/Getfile.aspx?fileid=53475&shareable=true
T6R-3cd5843ae79dd514,1060000021,2.c.t.0,exact,exact,2. Contact from object,Land vehicle contact,Transmission,Non-HFTD,# ignitions,exact,Yes,0,,,SDG&E,2023,2,v3.1,0,4,SDGE_2023_Q4_Tables1-15.xlsx,Table 6,31,N31,https://efiling.energysafety.ca.gov/eFiling/Getfile.aspx?fileid=53475&shareable=true
T6R-95681c297ecc22d1,1060000021,2.c.t.0,exact,exact,2. Contact from object,Land vehicle contact,Transmission,Non-HFTD,# ignitions,exact,Yes,0,,,SDG&E,2023,3,v3.1,0,4,SDGE_2023_Q4_Tables1-15.xlsx,Table 6,31,O31,https://efiling.energysafety.ca.gov/eFiling/Getfile.aspx?fileid=53475&shareable=true
T6R-248f54e5e2d74572,1060000021,2.c.t.0,exact,exact,2. Contact from object,Land vehicle contact,Transmission,Non-HFTD,# ignitions,exact,Yes,0,,,SDG&E,2023,4,v3.1,0,4,SDGE_2023_Q4_Tables1-15.xlsx,Table 6,31,P31,https://efiling.energysafety.ca.gov/eFiling/Getfile.aspx?fileid=53475&shareable=true
T6R-b01720f4a729fa66,1060000022,2.c.t.2,exact,exact,2. Contact from object,Land vehicle contact,Transmission,HFTD Tier 2,# ignitions,exact,Yes,0,,,SDG&E,2023,1,v3.1,0,4,SDGE_2023_Q4_Tables1-15.xlsx,Table 6,32,M32,https://efiling.energysafety.ca.gov/eFiling/Getfile.aspx?fileid=53475&shareable=true
T6R-51b955b5580661b5,1060000022,2.c.t.2,exact,exact,2. Contact from object,Land vehicle contact,Transmission,HFTD Tier 2,# ignitions,exact,Yes,0,,,SDG&E,2023,2,v3.1,0,4,SDGE_2023_Q4_Tables1-15.xlsx,Table 6,32,N32,https://efiling.energysafety.ca.gov/eFiling/Getfile.aspx?fileid=53475&shareable=true
T6R-def61ddcead8dd78,1060000022,2.c.t.2,exact,exact,2. Contact from object,Land vehicle contact,Transmission,HFTD Tier 2,# ignitions,exact,Yes,0,,,SDG&E,2023,3,v3.1,0,4,SDGE_2023_Q4_Tables1-15.xlsx,Table 6,32,O32,https://efiling.energysafety.ca.gov/eFiling/Getfile.aspx?fileid=53475&shareable=true
T6R-70924cba9e564ebb,1060000022,2.c.t.2,exact,exact,2. Contact from object,Land vehicle contact,Transmission,HFTD Tier 2,# ignitions,exact,Yes,0,,,SDG&E,2023,4,v3.1,0,4,SDGE_2023_Q4_Tables1-15.xlsx,Table 6,32,P32,https://efiling.energysafety.ca.gov/eFiling/Getfile.aspx?fileid=53475&shareable=true
T6R-a72d1fac2e7f7b04,1060000023,2.c.t.3,exact,exact,2. Contact from object,Land vehicle contact,Transmission,HFTD Tier 3,# ignitions,exact,Yes,0,,,SDG&E,2023,1,v3.1,0,4,SDGE_2023_Q4_Tables1-15.xlsx,Table 6,33,M33,https://efiling.energysafety.ca.gov/eFiling/Getfile.aspx?fileid=53475&shareable=true
T6R-6a82c3ff2fd88cfb,1060000023,2.c.t.3,exact,exact,2. Contact from object,Land vehicle contact,Transmission,HFTD Tier 3,# ignitions,exact,Yes,0,,,SDG&E,2023,2,v3.1,0,4,SDGE_2023_Q4_Tables1-15.xlsx,Table 6,33,N33,https://efiling.energysafety.ca.gov/eFiling/Getfile.aspx?fileid=53475&shareable=true
T6R-b5d67844b53de7c9,1060000023,2.c.t.3,exact,exact,2. Contact from object,Land vehicle contact,Transmission,HFTD Tier 3,# ignitions,exact,Yes,0,,,SDG&E,2023,3,v3.1,0,4,SDGE_2023_Q4_Tables1-15.xlsx,Table 6,33,O33,https://efiling.energysafety.ca.gov/eFiling/Getfile.aspx?fileid=53475&shareable=true
T6R-ed2e49a2768cff4f,1060000023,2.c.t.3,exact,exact,2. Contact from object,Land vehicle contact,Transmission,HFTD Tier 3,# ignitions,exact,Yes,0,,,SDG&E,2023,4,v3.1,0,4,SDGE_2023_Q4_Tables1-15.xlsx,Table 6,33,P33,https://efiling.energysafety.ca.gov/eFiling/Getfile.aspx?fileid=53475&shareable=true
T6R-ca6bc0f30349f5cc,1060000024,2.d.d.0,exact,exact,2. Contact from object,Aircraft vehicle contact,Distribution,Non-HFTD,# ignitions,exact,No,,,SDG&E did not track this driver historically but can implement for future ignitions,SDG&E,2023,1,v3.1,0,4,SDGE_2023_Q4_Tables1-15.xlsx,Table 6,34,M34,https://efiling.energysafety.ca.gov/eFiling/Getfile.aspx?fileid=53475&shareable=true
T6R-d238cb8bce262190,1060000024,2.d.d.0,exact,exact,2. Contact from object,Aircraft vehicle contact,Distribution,Non-HFTD,# ignitions,exact,No,,,SDG&E did not track this driver historically but can implement for future ignitions,SDG&E,2023,2,v3.1,0,4,SDGE_2023_Q4_Tables1-15.xlsx,Table 6,34,N34,https://efiling.energysafety.ca.gov/eFiling/Getfile.aspx?fileid=53475&shareable=true
T6R-6110e4df3779c66e,1060000024,2.d.d.0,exact,exact,2. Contact from object,Aircraft vehicle contact,Distribution,Non-HFTD,# ignitions,exact,No,,,SDG&E did not track this driver historically but can implement for future ignitions,SDG&E,2023,3,v3.1,0,4,SDGE_2023_Q4_Tables1-15.xlsx,Table 6,34,O34,https://efiling.energysafety.ca.gov/eFiling/Getfile.aspx?fileid=53475&shareable=true
T6R-9de382a13637f17e,1060000024,2.d.d.0,exact,exact,2. Contact from object,Aircraft vehicle contact,Distribution,Non-HFTD,# ignitions,exact,No,,,SDG&E did not track this driver historically but can implement for future ignitions,SDG&E,2023,4,v3.1,0,4,SDGE_2023_Q4_Tables1-15.xlsx,Table 6,34,P34,https://efiling.energysafety.ca.gov/eFiling/Getfile.aspx?fileid=53475&shareable=true
T6R-96a38fee96d08101,1060000025,2.d.d.2,exact,exact,2. Contact from object,Aircraft vehicle contact,Distribution,HFTD Tier 2,# ignitions,exact,No,,,SDG&E did not track this driver historically but can implement for future ignitions,SDG&E,2023,1,v3.1,0,4,SDGE_2023_Q4_Tables1-15.xlsx,Table 6,35,M35,https://efiling.energysafety.ca.gov/eFiling/Getfile.aspx?fileid=53475&shareable=true
T6R-58374fb224051fa7,1060000025,2.d.d.2,exact,exact,2. Contact from object,Aircraft vehicle contact,Distribution,HFTD Tier 2,# ignitions,exact,No,,,SDG&E did not track this driver historically but can implement for future ignitions,SDG&E,2023,2,v3.1,0,4,SDGE_2023_Q4_Tables1-15.xlsx,Table 6,35,N35,https://efiling.energysafety.ca.gov/eFiling/Getfile.aspx?fileid=53475&shareable=true
T6R-4642a58a3682fe3b,1060000025,2.d.d.2,exact,exact,2. Contact from object,Aircraft vehicle contact,Distribution,HFTD Tier 2,# ignitions,exact,No,,,SDG&E did not track this driver historically but can implement for future ignitions,SDG&E,2023,3,v3.1,0,4,SDGE_2023_Q4_Tables1-15.xlsx,Table 6,35,O35,https://efiling.energysafety.ca.gov/eFiling/Getfile.aspx?fileid=53475&shareable=true
T6R-c4e26d971308d7a4,1060000025,2.d.d.2,exact,exact,2. Contact from object,Aircraft vehicle contact,Distribution,HFTD Tier 2,# ignitions,exact,No,,,SDG&E did not track this driver historically but can implement for future ignitions,SDG&E,2023,4,v3.1,0,4,SDGE_2023_Q4_Tables1-15.xlsx,Table 6,35,P35,https://efiling.energysafety.ca.gov/eFiling/Getfile.aspx?fileid=53475&shareable=true
T6R-1fc7ef4ba5aeebde,1060000026,2.d.d.3,exact,exact,2. Contact from object,Aircraft vehicle contact,Distribution,HFTD Tier 3,# ignitions,exact,No,,,SDG&E did not track this driver historically but can implement for future ignitions,SDG&E,2023,1,v3.1,0,4,SDGE_2023_Q4_Tables1-15.xlsx,Table 6,36,M36,https://efiling.energysafety.ca.gov/eFiling/Getfile.aspx?fileid=53475&shareable=true
T6R-ea8b0473076aafde,1060000026,2.d.d.3,exact,exact,2. Contact from object,Aircraft vehicle contact,Distribution,HFTD Tier 3,# ignitions,exact,No,,,SDG&E did not track this driver historically but can implement for future ignitions,SDG&E,2023,2,v3.1,0,4,SDGE_2023_Q4_Tables1-15.xlsx,Table 6,36,N36,https://efiling.energysafety.ca.gov/eFiling/Getfile.aspx?fileid=53475&shareable=true
T6R-13f2e50810f48c65,1060000026,2.d.d.3,exact,exact,2. Contact from object,Aircraft vehicle contact,Distribution,HFTD Tier 3,# ignitions,exact,No,,,SDG&E did not track this driver historically but can implement for future ignitions,SDG&E,2023,3,v3.1,0,4,SDGE_2023_Q4_Tables1-15.xlsx,Table 6,36,O36,https://efiling.energysafety.ca.gov/eFiling/Getfile.aspx?fileid=53475&shareable=true
T6R-955deb666d620abf,1060000026,2.d.d.3,exact,exact,2. Contact from object,Aircraft vehicle contact,Distribution,HFTD Tier 3,# ignitions,exact,No,,,SDG&E did not track this driver historically but can implement for future ignitions,SDG&E,2023,4,v3.1,0,4,SDGE_2023_Q4_Tables1-15.xlsx,Table 6,36,P36,https://efiling.energysafety.ca.gov/eFiling/Getfile.aspx?fileid=53475&shareable=true
T6R-68d628da95a596e9,1060000027,2.d.t.0,exact,exact,2. Contact from object,Aircraft vehicle contact,Transmission,Non-HFTD,# ignitions,exact,No,,,SDG&E did not track this driver historically but can implement for future ignitions,SDG&E,2023,1,v3.1,0,4,SDGE_2023_Q4_Tables1-15.xlsx,Table 6,37,M37,https://efiling.energysafety.ca.gov/eFiling/Getfile.aspx?fileid=53475&shareable=true
T6R-9df7bf5648850b67,1060000027,2.d.t.0,exact,exact,2. Contact from object,Aircraft vehicle contact,Transmission,Non-HFTD,# ignitions,exact,No,,,SDG&E did not track this driver historically but can implement for future ignitions,SDG&E,2023,2,v3.1,0,4,SDGE_2023_Q4_Tables1-15.xlsx,Table 6,37,N37,https://efiling.energysafety.ca.gov/eFiling/Getfile.aspx?fileid=53475&shareable=true
T6R-b76cb06ed0405295,1060000027,2.d.t.0,exact,exact,2. Contact from object,Aircraft vehicle contact,Transmission,Non-HFTD,# ignitions,exact,No,,,SDG&E did not track this driver historically but can implement for future ignitions,SDG&E,2023,3,v3.1,0,4,SDGE_2023_Q4_Tables1-15.xlsx,Table 6,37,O37,https://efiling.energysafety.ca.gov/eFiling/Getfile.aspx?fileid=53475&shareable=true
T6R-87c567c810509936,1060000027,2.d.t.0,exact,exact,2. Contact from object,Aircraft vehicle contact,Transmission,Non-HFTD,# ignitions,exact,No,,,SDG&E did not track this driver historically but can implement for future ignitions,SDG&E,2023,4,v3.1,0,4,SDGE_2023_Q4_Tables1-15.xlsx,Table 6,37,P37,https://efiling.energysafety.ca.gov/eFiling/Getfile.aspx?fileid=53475&shareable=true
T6R-8b25992eb85e74c2,1060000028,2.d.t.2,exact,exact,2. Contact from object,Aircraft vehicle contact,Transmission,HFTD Tier 2,# ignitions,exact,No,,,SDG&E did not track this driver historically but can implement for future ignitions,SDG&E,2023,1,v3.1,0,4,SDGE_2023_Q4_Tables1-15.xlsx,Table 6,38,M38,https://efiling.energysafety.ca.gov/eFiling/Getfile.aspx?fileid=53475&shareable=true
T6R-8a3ac3b84bb24dbc,1060000028,2.d.t.2,exact,exact,2. Contact from object,Aircraft vehicle contact,Transmission,HFTD Tier 2,# ignitions,exact,No,,,SDG&E did not track this driver historically but can implement for future ignitions,SDG&E,2023,2,v3.1,0,4,SDGE_2023_Q4_Tables1-15.xlsx,Table 6,38,N38,https://efiling.energysafety.ca.gov/eFiling/Getfile.aspx?fileid=53475&shareable=true
T6R-8acb98ddc2a3c771,1060000028,2.d.t.2,exact,exact,2. Contact from object,Aircraft vehicle contact,Transmission,HFTD Tier 2,# ignitions,exact,No,,,SDG&E did not track this driver historically but can implement for future ignitions,SDG&E,2023,3,v3.1,0,4,SDGE_2023_Q4_Tables1-15.xlsx,Table 6,38,O38,https://efiling.energysafety.ca.gov/eFiling/Getfile.aspx?fileid=53475&shareable=true
T6R-88fe8ae31c8d2903,1060000028,2.d.t.2,exact,exact,2. Contact from object,Aircraft vehicle contact,Transmission,HFTD Tier 2,# ignitions,exact,No,,,SDG&E did not track this driver historically but can implement for future ignitions,SDG&E,2023,4,v3.1,0,4,SDGE_2023_Q4_Tables1-15.xlsx,Table 6,38,P38,https://efiling.energysafety.ca.gov/eFiling/Getfile.aspx?fileid=53475&shareable=true
T6R-e36f66a875bbf1fa,1060000029,2.d.t.3,exact,exact,2. Contact from object,Aircraft vehicle contact,Transmission,HFTD Tier 3,# ignitions,exact,No,,,SDG&E did not track this driver historically but can implement for future ignitions,SDG&E,2023,1,v3.1,0,4,SDGE_2023_Q4_Tables1-15.xlsx,Table 6,39,M39,https://efiling.energysafety.ca.gov/eFiling/Getfile.aspx?fileid=53475&shareable=true
T6R-b2218448668ad645,1060000029,2.d.t.3,exact,exact,2. Contact from object,Aircraft vehicle contact,Transmission,HFTD Tier 3,# ignitions,exact,No,,,SDG&E did not track this driver historically but can implement for future ignitions,SDG&E,2023,2,v3.1,0,4,SDGE_2023_Q4_Tables1-15.xlsx,Table 6,39,N39,https://efiling.energysafety.ca.gov/eFiling/Getfile.aspx?fileid=53475&shareable=true
T6R-fa2b5f310c2c80dd,1060000029,2.d.t.3,exact,exact,2. Contact from object,Aircraft vehicle contact,Transmission,HFTD Tier 3,# ignitions,exact,No,,,SDG&E did not track this driver historically but can implement for future ignitions,SDG&E,2023,3,v3.1,0,4,SDGE_2023_Q4_Tables1-15.xlsx,Table 6,39,O39,https://efiling.energysafety.ca.gov/eFiling/Getfile.aspx?fileid=53475&shareable=true
T6R-fb2d773c6a074f06,1060000029,2.d.t.3,exact,exact,2. Contact from object,Aircraft vehicle contact,Transmission,HFTD Tier 3,# ignitions,exact,No,,,SDG&E did not track this driver historically but can implement for future ignitions,SDG&E,2023,4,v3.1,0,4,SDGE_2023_Q4_Tables1-15.xlsx,Table 6,39,P39,https://efiling.energysafety.ca.gov/eFiling/Getfile.aspx?fileid=53475&shareable=true
T6R-1e036dddf9c4d45a,1060000030,2.e.d.0,exact,exact,2. Contact from object,3rd party facility,Distribution,Non-HFTD,# ignitions,exact,No,,,"SDGE includes this metric in #11 ""Other""",SDG&E,2023,1,v3.1,0,4,SDGE_2023_Q4_Tables1-15.xlsx,Table 6,40,M40,https://efiling.energysafety.ca.gov/eFiling/Getfile.aspx?fileid=53475&shareable=true
T6R-5769ef60c1554cb9,1060000030,2.e.d.0,exact,exact,2. Contact from object,3rd party facility,Distribution,Non-HFTD,# ignitions,exact,No,,,"SDGE includes this metric in #11 ""Other""",SDG&E,2023,2,v3.1,0,4,SDGE_2023_Q4_Tables1-15.xlsx,Table 6,40,N40,https://efiling.energysafety.ca.gov/eFiling/Getfile.aspx?fileid=53475&shareable=true
T6R-35332f2fc89e2619,1060000030,2.e.d.0,exact,exact,2. Contact from object,3rd party facility,Distribution,Non-HFTD,# ignitions,exact,No,,,"SDGE includes this metric in #11 ""Other""",SDG&E,2023,3,v3.1,0,4,SDGE_2023_Q4_Tables1-15.xlsx,Table 6,40,O40,https://efiling.energysafety.ca.gov/eFiling/Getfile.aspx?fileid=53475&shareable=true
T6R-2ec6b0f9dcc4931b,1060000030,2.e.d.0,exact,exact,2. Contact from object,3rd party facility,Distribution,Non-HFTD,# ignitions,exact,No,,,"SDGE includes this metric in #11 ""Other""",SDG&E,2023,4,v3.1,0,4,SDGE_2023_Q4_Tables1-15.xlsx,Table 6,40,P40,https://efiling.energysafety.ca.gov/eFiling/Getfile.aspx?fileid=53475&shareable=true
T6R-ee1bc4290f3fecd6,1060000031,2.e.d.2,exact,exact,2. Contact from object,3rd party facility,Distribution,HFTD Tier 2,# ignitions,exact,No,,,"SDGE includes this metric in #11 ""Other""",SDG&E,2023,1,v3.1,0,4,SDGE_2023_Q4_Tables1-15.xlsx,Table 6,41,M41,https://efiling.energysafety.ca.gov/eFiling/Getfile.aspx?fileid=53475&shareable=true
T6R-8e990ef3a0c5e4ce,1060000031,2.e.d.2,exact,exact,2. Contact from object,3rd party facility,Distribution,HFTD Tier 2,# ignitions,exact,No,,,"SDGE includes this metric in #11 ""Other""",SDG&E,2023,2,v3.1,0,4,SDGE_2023_Q4_Tables1-15.xlsx,Table 6,41,N41,https://efiling.energysafety.ca.gov/eFiling/Getfile.aspx?fileid=53475&shareable=true
T6R-c2f58352079f8bff,1060000031,2.e.d.2,exact,exact,2. Contact from object,3rd party facility,Distribution,HFTD Tier 2,# ignitions,exact,No,,,"SDGE includes this metric in #11 ""Other""",SDG&E,2023,3,v3.1,0,4,SDGE_2023_Q4_Tables1-15.xlsx,Table 6,41,O41,https://efiling.energysafety.ca.gov/eFiling/Getfile.aspx?fileid=53475&shareable=true
T6R-00279ec02e2d31ed,1060000031,2.e.d.2,exact,exact,2. Contact from object,3rd party facility,Distribution,HFTD Tier 2,# ignitions,exact,No,,,"SDGE includes this metric in #11 ""Other""",SDG&E,2023,4,v3.1,0,4,SDGE_2023_Q4_Tables1-15.xlsx,Table 6,41,P41,https://efiling.energysafety.ca.gov/eFiling/Getfile.aspx?fileid=53475&shareable=true
T6R-ccb2e694f699dd29,1060000032,2.e.d.3,exact,exact,2. Contact from object,3rd party facility,Distribution,HFTD Tier 3,# ignitions,exact,No,,,"SDGE includes this metric in #11 ""Other""",SDG&E,2023,1,v3.1,0,4,SDGE_2023_Q4_Tables1-15.xlsx,Table 6,42,M42,https://efiling.energysafety.ca.gov/eFiling/Getfile.aspx?fileid=53475&shareable=true
T6R-2b90d56aeede525c,1060000032,2.e.d.3,exact,exact,2. Contact from object,3rd party facility,Distribution,HFTD Tier 3,# ignitions,exact,No,,,"SDGE includes this metric in #11 ""Other""",SDG&E,2023,2,v3.1,0,4,SDGE_2023_Q4_Tables1-15.xlsx,Table 6,42,N42,https://efiling.energysafety.ca.gov/eFiling/Getfile.aspx?fileid=53475&shareable=true
T6R-f81fb9a637a232b6,1060000032,2.e.d.3,exact,exact,2. Contact from object,3rd party facility,Distribution,HFTD Tier 3,# ignitions,exact,No,,,"SDGE includes this metric in #11 ""Other""",SDG&E,2023,3,v3.1,0,4,SDGE_2023_Q4_Tables1-15.xlsx,Table 6,42,O42,https://efiling.energysafety.ca.gov/eFiling/Getfile.aspx?fileid=53475&shareable=true
T6R-3e8797f1910e51fa,1060000032,2.e.d.3,exact,exact,2. Contact from object,3rd party facility,Distribution,HFTD Tier 3,# ignitions,exact,No,,,"SDGE includes this metric in #11 ""Other""",SDG&E,2023,4,v3.1,0,4,SDGE_2023_Q4_Tables1-15.xlsx,Table 6,42,P42,https://efiling.energysafety.ca.gov/eFiling/Getfile.aspx?fileid=53475&shareable=true
T6R-799b8c68401b2316,1060000033,2.e.t.0,exact,exact,2. Contact from object,3rd party facility,Transmission,Non-HFTD,# ignitions,exact,No,,,"SDGE includes this metric in #11 ""Other""",SDG&E,2023,1,v3.1,0,4,SDGE_2023_Q4_Tables1-15.xlsx,Table 6,43,M43,https://efiling.energysafety.ca.gov/eFiling/Getfile.aspx?fileid=53475&shareable=true
T6R-d4a99d9d96cf2a62,1060000033,2.e.t.0,exact,exact,2. Contact from object,3rd party facility,Transmission,Non-HFTD,# ignitions,exact,No,,,"SDGE includes this metric in #11 ""Other""",SDG&E,2023,2,v3.1,0,4,SDGE_2023_Q4_Tables1-15.xlsx,Table 6,43,N43,https://efiling.energysafety.ca.gov/eFiling/Getfile.aspx?fileid=53475&shareable=true
T6R-a895efba1043ae5f,1060000033,2.e.t.0,exact,exact,2. Contact from object,3rd party facility,Transmission,Non-HFTD,# ignitions,exact,No,,,"SDGE includes this metric in #11 ""Other""",SDG&E,2023,3,v3.1,0,4,SDGE_2023_Q4_Tables1-15.xlsx,Table 6,43,O43,https://efiling.energysafety.ca.gov/eFiling/Getfile.aspx?fileid=53475&shareable=true
T6R-e34c96d85fa35983,1060000033,2.e.t.0,exact,exact,2. Contact from object,3rd party facility,Transmission,Non-HFTD,# ignitions,exact,No,,,"SDGE includes this metric in #11 ""Other""",SDG&E,2023,4,v3.1,0,4,SDGE_2023_Q4_Tables1-15.xlsx,Table 6,43,P43,https://efiling.energysafety.ca.gov/eFiling/Getfile.aspx?fileid=53475&shareable=true
T6R-f4f05627404352af,1060000034,2.e.t.2,exact,exact,2. Contact from object,3rd party facility,Transmission,HFTD Tier 2,# ignitions,exact,No,,,"SDGE includes this metric in #11 ""Other""",SDG&E,2023,1,v3.1,0,4,SDGE_2023_Q4_Tables1-15.xlsx,Table 6,44,M44,https://efiling.energysafety.ca.gov/eFiling/Getfile.aspx?fileid=53475&shareable=true
T6R-50e506a082a3e639,1060000034,2.e.t.2,exact,exact,2. Contact from object,3rd party facility,Transmission,HFTD Tier 2,# ignitions,exact,No,,,"SDGE includes this metric in #11 ""Other""",SDG&E,2023,2,v3.1,0,4,SDGE_2023_Q4_Tables1-15.xlsx,Table 6,44,N44,https://efiling.energysafety.ca.gov/eFiling/Getfile.aspx?fileid=53475&shareable=true
T6R-aa7f6741262cca48,1060000034,2.e.t.2,exact,exact,2. Contact from object,3rd party facility,Transmission,HFTD Tier 2,# ignitions,exact,No,,,"SDGE includes this metric in #11 ""Other""",SDG&E,2023,3,v3.1,0,4,SDGE_2023_Q4_Tables1-15.xlsx,Table 6,44,O44,https://efiling.energysafety.ca.gov/eFiling/Getfile.aspx?fileid=53475&shareable=true
T6R-a852489b4386207a,1060000034,2.e.t.2,exact,exact,2. Contact from object,3rd party facility,Transmission,HFTD Tier 2,# ignitions,exact,No,,,"SDGE includes this metric in #11 ""Other""",SDG&E,2023,4,v3.1,0,4,SDGE_2023_Q4_Tables1-15.xlsx,Table 6,44,P44,https://efiling.energysafety.ca.gov/eFiling/Getfile.aspx?fileid=53475&shareable=true
T6R-66e763d6a189ca77,1060000035,2.e.t.3,exact,exact,2. Contact from object,3rd party facility,Transmission,HFTD Tier 3,# ignitions,exact,No,,,"SDGE includes this metric in #11 ""Other""",SDG&E,2023,1,v3.1,0,4,SDGE_2023_Q4_Tables1-15.xlsx,Table 6,45,M45,https://efiling.energysafety.ca.gov/eFiling/Getfile.aspx?fileid=53475&shareable=true
T6R-e4c4837702cc5b42,1060000035,2.e.t.3,exact,exact,2. Contact from object,3rd party facility,Transmission,HFTD Tier 3,# ignitions,exact,No,,,"SDGE includes this metric in #11 ""Other""",SDG&E,2023,2,v3.1,0,4,SDGE_2023_Q4_Tables1-15.xlsx,Table 6,45,N45,https://efiling.energysafety.ca.gov/eFiling/Getfile.aspx?fileid=53475&shareable=true
T6R-654b95faaef7a882,1060000035,2.e.t.3,exact,exact,2. Contact from object,3rd party facility,Transmission,HFTD Tier 3,# ignitions,exact,No,,,"SDGE includes this metric in #11 ""Other""",SDG&E,2023,3,v3.1,0,4,SDGE_2023_Q4_Tables1-15.xlsx,Table 6,45,O45,https://efiling.energysafety.ca.gov/eFiling/Getfile.aspx?fileid=53475&shareable=true
T6R-834403e292dbc5ad,1060000035,2.e.t.3,exact,exact,2. Contact from object,3rd party facility,Transmission,HFTD Tier 3,# ignitions,exact,No,,,"SDGE includes this metric in #11 ""Other""",SDG&E,2023,4,v3.1,0,4,SDGE_2023_Q4_Tables1-15.xlsx,Table 6,45,P45,https://efiling.energysafety.ca.gov/eFiling/Getfile.aspx?fileid=53475&shareable=true
T6R-026da31bc7d97d14,1060000036,2.f.d.0,exact,canonical_label_update,2. Contact from object,Unknown (contact from object),Distribution,Non-HFTD,# ignitions,exact,No,,,SDG&E does not currently track this driver,SDG&E,2023,1,v3.1,0,4,SDGE_2023_Q4_Tables1-15.xlsx,Table 6,46,M46,https://efiling.energysafety.ca.gov/eFiling/Getfile.aspx?fileid=53475&shareable=true
T6R-35692df2c72fd402,1060000036,2.f.d.0,exact,canonical_label_update,2. Contact from object,Unknown (contact from object),Distribution,Non-HFTD,# ignitions,exact,No,,,SDG&E does not currently track this driver,SDG&E,2023,2,v3.1,0,4,SDGE_2023_Q4_Tables1-15.xlsx,Table 6,46,N46,https://efiling.energysafety.ca.gov/eFiling/Getfile.aspx?fileid=53475&shareable=true
T6R-2cfb8ebf7a3b2c3f,1060000036,2.f.d.0,exact,canonical_label_update,2. Contact from object,Unknown (contact from object),Distribution,Non-HFTD,# ignitions,exact,No,,,SDG&E does not currently track this driver,SDG&E,2023,3,v3.1,0,4,SDGE_2023_Q4_Tables1-15.xlsx,Table 6,46,O46,https://efiling.energysafety.ca.gov/eFiling/Getfile.aspx?fileid=53475&shareable=true
T6R-e9db04a16fddeaee,1060000036,2.f.d.0,exact,canonical_label_update,2. Contact from object,Unknown (contact from object),Distribution,Non-HFTD,# ignitions,exact,No,,,SDG&E does not currently track this driver,SDG&E,2023,4,v3.1,0,4,SDGE_2023_Q4_Tables1-15.xlsx,Table 6,46,P46,https://efiling.energysafety.ca.gov/eFiling/Getfile.aspx?fileid=53475&shareable=true
T6R-e79f9f24330e3fc2,1060000037,2.f.d.2,exact,canonical_label_update,2. Contact from object,Unknown (contact from object),Distribution,HFTD Tier 2,# ignitions,exact,No,,,SDG&E does not currently track this driver,SDG&E,2023,1,v3.1,0,4,SDGE_2023_Q4_Tables1-15.xlsx,Table 6,47,M47,https://efiling.energysafety.ca.gov/eFiling/Getfile.aspx?fileid=53475&shareable=true
T6R-798393f6267dc60c,1060000037,2.f.d.2,exact,canonical_label_update,2. Contact from object,Unknown (contact from object),Distribution,HFTD Tier 2,# ignitions,exact,No,,,SDG&E does not currently track this driver,SDG&E,2023,2,v3.1,0,4,SDGE_2023_Q4_Tables1-15.xlsx,Table 6,47,N47,https://efiling.energysafety.ca.gov/eFiling/Getfile.aspx?fileid=53475&shareable=true
T6R-05553c4d442c8028,1060000037,2.f.d.2,exact,canonical_label_update,2. Contact from object,Unknown (contact from object),Distribution,HFTD Tier 2,# ignitions,exact,No,,,SDG&E does not currently track this driver,SDG&E,2023,3,v3.1,0,4,SDGE_2023_Q4_Tables1-15.xlsx,Table 6,47,O47,https://efiling.energysafety.ca.gov/eFiling/Getfile.aspx?fileid=53475&shareable=true
T6R-70e0d94ec34f6059,1060000037,2.f.d.2,exact,canonical_label_update,2. Contact from object,Unknown (contact from object),Distribution,HFTD Tier 2,# ignitions,exact,No,,,SDG&E does not currently track this driver,SDG&E,2023,4,v3.1,0,4,SDGE_2023_Q4_Tables1-15.xlsx,Table 6,47,P47,https://efiling.energysafety.ca.gov/eFiling/Getfile.aspx?fileid=53475&shareable=true
T6R-3a755f47a33abf7e,1060000038,2.f.d.3,exact,canonical_label_update,2. Contact from object,Unknown (contact from object),Distribution,HFTD Tier 3,# ignitions,exact,No,,,SDG&E does not currently track this driver,SDG&E,2023,1,v3.1,0,4,SDGE_2023_Q4_Tables1-15.xlsx,Table 6,48,M48,https://efiling.energysafety.ca.gov/eFiling/Getfile.aspx?fileid=53475&shareable=true
T6R-affc12a76ece2582,1060000038,2.f.d.3,exact,canonical_label_update,2. Contact from object,Unknown (contact from object),Distribution,HFTD Tier 3,# ignitions,exact,No,,,SDG&E does not currently track this driver,SDG&E,2023,2,v3.1,0,4,SDGE_2023_Q4_Tables1-15.xlsx,Table 6,48,N48,https://efiling.energysafety.ca.gov/eFiling/Getfile.aspx?fileid=53475&shareable=true
T6R-3865686a00be02c6,1060000038,2.f.d.3,exact,canonical_label_update,2. Contact from object,Unknown (contact from object),Distribution,HFTD Tier 3,# ignitions,exact,No,,,SDG&E does not currently track this driver,SDG&E,2023,3,v3.1,0,4,SDGE_2023_Q4_Tables1-15.xlsx,Table 6,48,O48,https://efiling.energysafety.ca.gov/eFiling/Getfile.aspx?fileid=53475&shareable=true
T6R-18b8474a3ca58f9b,1060000038,2.f.d.3,exact,canonical_label_update,2. Contact from object,Unknown (contact from object),Distribution,HFTD Tier 3,# ignitions,exact,No,,,SDG&E does not currently track this driver,SDG&E,2023,4,v3.1,0,4,SDGE_2023_Q4_Tables1-15.xlsx,Table 6,48,P48,https://efiling.energysafety.ca.gov/eFiling/Getfile.aspx?fileid=53475&shareable=true
T6R-c8eee88a4293f27c,1060000039,2.f.t.0,exact,canonical_label_update,2. Contact from object,Unknown (contact from object),Transmission,Non-HFTD,# ignitions,exact,No,,,SDG&E does not currently track this driver,SDG&E,2023,1,v3.1,0,4,SDGE_2023_Q4_Tables1-15.xlsx,Table 6,49,M49,https://efiling.energysafety.ca.gov/eFiling/Getfile.aspx?fileid=53475&shareable=true
T6R-b2113839f8e2f458,1060000039,2.f.t.0,exact,canonical_label_update,2. Contact from object,Unknown (contact from object),Transmission,Non-HFTD,# ignitions,exact,No,,,SDG&E does not currently track this driver,SDG&E,2023,2,v3.1,0,4,SDGE_2023_Q4_Tables1-15.xlsx,Table 6,49,N49,https://efiling.energysafety.ca.gov/eFiling/Getfile.aspx?fileid=53475&shareable=true
T6R-751a6b5f319608e1,1060000039,2.f.t.0,exact,canonical_label_update,2. Contact from object,Unknown (contact from object),Transmission,Non-HFTD,# ignitions,exact,No,,,SDG&E does not currently track this driver,SDG&E,2023,3,v3.1,0,4,SDGE_2023_Q4_Tables1-15.xlsx,Table 6,49,O49,https://efiling.energysafety.ca.gov/eFiling/Getfile.aspx?fileid=53475&shareable=true
T6R-de07c211d0ed811b,1060000039,2.f.t.0,exact,canonical_label_update,2. Contact from object,Unknown (contact from object),Transmission,Non-HFTD,# ignitions,exact,No,,,SDG&E does not currently track this driver,SDG&E,2023,4,v3.1,0,4,SDGE_2023_Q4_Tables1-15.xlsx,Table 6,49,P49,https://efiling.energysafety.ca.gov/eFiling/Getfile.aspx?fileid=53475&shareable=true
T6R-75f4620dc75c0d1e,1060000040,2.f.t.2,exact,canonical_label_update,2. Contact from object,Unknown (contact from object),Transmission,HFTD Tier 2,# ignitions,exact,No,,,SDG&E does not currently track this driver,SDG&E,2023,1,v3.1,0,4,SDGE_2023_Q4_Tables1-15.xlsx,Table 6,50,M50,https://efiling.energysafety.ca.gov/eFiling/Getfile.aspx?fileid=53475&shareable=true
T6R-9ea5247caebc2835,1060000040,2.f.t.2,exact,canonical_label_update,2. Contact from object,Unknown (contact from object),Transmission,HFTD Tier 2,# ignitions,exact,No,,,SDG&E does not currently track this driver,SDG&E,2023,2,v3.1,0,4,SDGE_2023_Q4_Tables1-15.xlsx,Table 6,50,N50,https://efiling.energysafety.ca.gov/eFiling/Getfile.aspx?fileid=53475&shareable=true
T6R-c5c0648c586f0548,1060000040,2.f.t.2,exact,canonical_label_update,2. Contact from object,Unknown (contact from object),Transmission,HFTD Tier 2,# ignitions,exact,No,,,SDG&E does not currently track this driver,SDG&E,2023,3,v3.1,0,4,SDGE_2023_Q4_Tables1-15.xlsx,Table 6,50,O50,https://efiling.energysafety.ca.gov/eFiling/Getfile.aspx?fileid=53475&shareable=true
T6R-7f7f9d5e3a0c1d42,1060000040,2.f.t.2,exact,canonical_label_update,2. Contact from object,Unknown (contact from object),Transmission,HFTD Tier 2,# ignitions,exact,No,,,SDG&E does not currently track this driver,SDG&E,2023,4,v3.1,0,4,SDGE_2023_Q4_Tables1-15.xlsx,Table 6,50,P50,https://efiling.energysafety.ca.gov/eFiling/Getfile.aspx?fileid=53475&shareable=true
T6R-cfee984b0551cd61,1060000041,2.f.t.3,exact,canonical_label_update,2. Contact from object,Unknown (contact from object),Transmission,HFTD Tier 3,# ignitions,exact,No,,,SDG&E does not currently track this driver,SDG&E,2023,1,v3.1,0,4,SDGE_2023_Q4_Tables1-15.xlsx,Table 6,51,M51,https://efiling.energysafety.ca.gov/eFiling/Getfile.aspx?fileid=53475&shareable=true
T6R-b20c491d11308300,1060000041,2.f.t.3,exact,canonical_label_update,2. Contact from object,Unknown (contact from object),Transmission,HFTD Tier 3,# ignitions,exact,No,,,SDG&E does not currently track this driver,SDG&E,2023,2,v3.1,0,4,SDGE_2023_Q4_Tables1-15.xlsx,Table 6,51,N51,https://efiling.energysafety.ca.gov/eFiling/Getfile.aspx?fileid=53475&shareable=true
T6R-791152a3fa93b30a,1060000041,2.f.t.3,exact,canonical_label_update,2. Contact from object,Unknown (contact from object),Transmission,HFTD Tier 3,# ignitions,exact,No,,,SDG&E does not currently track this driver,SDG&E,2023,3,v3.1,0,4,SDGE_2023_Q4_Tables1-15.xlsx,Table 6,51,O51,https://efiling.energysafety.ca.gov/eFiling/Getfile.aspx?fileid=53475&shareable=true
T6R-e6a75b3348d2e664,1060000041,2.f.t.3,exact,canonical_label_update,2. Contact from object,Unknown (contact from object),Transmission,HFTD Tier 3,# ignitions,exact,No,,,SDG&E does not currently track this driver,SDG&E,2023,4,v3.1,0,4,SDGE_2023_Q4_Tables1-15.xlsx,Table 6,51,P51,https://efiling.energysafety.ca.gov/eFiling/Getfile.aspx?fileid=53475&shareable=true
T6R-01cb34b6dc53ae94,1060000042,2.g.d.0,exact,canonical_label_update,2. Contact from object,Other (contact from object),Distribution,Non-HFTD,# ignitions,exact,Yes,0,,,SDG&E,2023,1,v3.1,0,4,SDGE_2023_Q4_Tables1-15.xlsx,Table 6,52,M52,https://efiling.energysafety.ca.gov/eFiling/Getfile.aspx?fileid=53475&shareable=true
T6R-9e43c0a32af08bfd,1060000042,2.g.d.0,exact,canonical_label_update,2. Contact from object,Other (contact from object),Distribution,Non-HFTD,# ignitions,exact,Yes,0,,,SDG&E,2023,2,v3.1,0,4,SDGE_2023_Q4_Tables1-15.xlsx,Table 6,52,N52,https://efiling.energysafety.ca.gov/eFiling/Getfile.aspx?fileid=53475&shareable=true
T6R-708469c7964860bb,1060000042,2.g.d.0,exact,canonical_label_update,2. Contact from object,Other (contact from object),Distribution,Non-HFTD,# ignitions,exact,Yes,0,,,SDG&E,2023,3,v3.1,0,4,SDGE_2023_Q4_Tables1-15.xlsx,Table 6,52,O52,https://efiling.energysafety.ca.gov/eFiling/Getfile.aspx?fileid=53475&shareable=true
T6R-d99ce8e34b7046e5,1060000042,2.g.d.0,exact,canonical_label_update,2. Contact from object,Other (contact from object),Distribution,Non-HFTD,# ignitions,exact,Yes,1,,,SDG&E,2023,4,v3.1,0,4,SDGE_2023_Q4_Tables1-15.xlsx,Table 6,52,P52,https://efiling.energysafety.ca.gov/eFiling/Getfile.aspx?fileid=53475&shareable=true
T6R-b294ac9cbd4d82a3,1060000043,2.g.d.2,exact,canonical_label_update,2. Contact from object,Other (contact from object),Distribution,HFTD Tier 2,# ignitions,exact,Yes,0,,,SDG&E,2023,1,v3.1,0,4,SDGE_2023_Q4_Tables1-15.xlsx,Table 6,53,M53,https://efiling.energysafety.ca.gov/eFiling/Getfile.aspx?fileid=53475&shareable=true
T6R-044334f812df1dc1,1060000043,2.g.d.2,exact,canonical_label_update,2. Contact from object,Other (contact from object),Distribution,HFTD Tier 2,# ignitions,exact,Yes,0,,,SDG&E,2023,2,v3.1,0,4,SDGE_2023_Q4_Tables1-15.xlsx,Table 6,53,N53,https://efiling.energysafety.ca.gov/eFiling/Getfile.aspx?fileid=53475&shareable=true
T6R-cf61f0aeaf4de887,1060000043,2.g.d.2,exact,canonical_label_update,2. Contact from object,Other (contact from object),Distribution,HFTD Tier 2,# ignitions,exact,Yes,0,,,SDG&E,2023,3,v3.1,0,4,SDGE_2023_Q4_Tables1-15.xlsx,Table 6,53,O53,https://efiling.energysafety.ca.gov/eFiling/Getfile.aspx?fileid=53475&shareable=true
T6R-d487bb50da3cdb66,1060000043,2.g.d.2,exact,canonical_label_update,2. Contact from object,Other (contact from object),Distribution,HFTD Tier 2,# ignitions,exact,Yes,0,,,SDG&E,2023,4,v3.1,0,4,SDGE_2023_Q4_Tables1-15.xlsx,Table 6,53,P53,https://efiling.energysafety.ca.gov/eFiling/Getfile.aspx?fileid=53475&shareable=true
T6R-03f53b9a273ee4e9,1060000044,2.g.d.3,exact,canonical_label_update,2. Contact from object,Other (contact from object),Distribution,HFTD Tier 3,# ignitions,exact,Yes,0,,,SDG&E,2023,1,v3.1,0,4,SDGE_2023_Q4_Tables1-15.xlsx,Table 6,54,M54,https://efiling.energysafety.ca.gov/eFiling/Getfile.aspx?fileid=53475&shareable=true
T6R-f9965bd380e574b3,1060000044,2.g.d.3,exact,canonical_label_update,2. Contact from object,Other (contact from object),Distribution,HFTD Tier 3,# ignitions,exact,Yes,0,,,SDG&E,2023,2,v3.1,0,4,SDGE_2023_Q4_Tables1-15.xlsx,Table 6,54,N54,https://efiling.energysafety.ca.gov/eFiling/Getfile.aspx?fileid=53475&shareable=true
T6R-fd13955bdf5c7016,1060000044,2.g.d.3,exact,canonical_label_update,2. Contact from object,Other (contact from object),Distribution,HFTD Tier 3,# ignitions,exact,Yes,0,,,SDG&E,2023,3,v3.1,0,4,SDGE_2023_Q4_Tables1-15.xlsx,Table 6,54,O54,https://efiling.energysafety.ca.gov/eFiling/Getfile.aspx?fileid=53475&shareable=true
T6R-9fa09c087ab006ff,1060000044,2.g.d.3,exact,canonical_label_update,2. Contact from object,Other (contact from object),Distribution,HFTD Tier 3,# ignitions,exact,Yes,0,,,SDG&E,2023,4,v3.1,0,4,SDGE_2023_Q4_Tables1-15.xlsx,Table 6,54,P54,https://efiling.energysafety.ca.gov/eFiling/Getfile.aspx?fileid=53475&shareable=true
T6R-6784cfc456038d52,1060000045,2.g.t.0,exact,canonical_label_update,2. Contact from object,Other (contact from object),Transmission,Non-HFTD,# ignitions,exact,Yes,0,,,SDG&E,2023,1,v3.1,0,4,SDGE_2023_Q4_Tables1-15.xlsx,Table 6,55,M55,https://efiling.energysafety.ca.gov/eFiling/Getfile.aspx?fileid=53475&shareable=true
T6R-88970a36f5a512c0,1060000045,2.g.t.0,exact,canonical_label_update,2. Contact from object,Other (contact from object),Transmission,Non-HFTD,# ignitions,exact,Yes,0,,,SDG&E,2023,2,v3.1,0,4,SDGE_2023_Q4_Tables1-15.xlsx,Table 6,55,N55,https://efiling.energysafety.ca.gov/eFiling/Getfile.aspx?fileid=53475&shareable=true
T6R-e78cbe21551b0ab3,1060000045,2.g.t.0,exact,canonical_label_update,2. Contact from object,Other (contact from object),Transmission,Non-HFTD,# ignitions,exact,Yes,0,,,SDG&E,2023,3,v3.1,0,4,SDGE_2023_Q4_Tables1-15.xlsx,Table 6,55,O55,https://efiling.energysafety.ca.gov/eFiling/Getfile.aspx?fileid=53475&shareable=true
T6R-8d2f4fa7c74686bb,1060000045,2.g.t.0,exact,canonical_label_update,2. Contact from object,Other (contact from object),Transmission,Non-HFTD,# ignitions,exact,Yes,0,,,SDG&E,2023,4,v3.1,0,4,SDGE_2023_Q4_Tables1-15.xlsx,Table 6,55,P55,https://efiling.energysafety.ca.gov/eFiling/Getfile.aspx?fileid=53475&shareable=true
T6R-333c3884217a484b,1060000046,2.g.t.2,exact,canonical_label_update,2. Contact from object,Other (contact from object),Transmission,HFTD Tier 2,# ignitions,exact,Yes,0,,,SDG&E,2023,1,v3.1,0,4,SDGE_2023_Q4_Tables1-15.xlsx,Table 6,56,M56,https://efiling.energysafety.ca.gov/eFiling/Getfile.aspx?fileid=53475&shareable=true
T6R-8fd9cc115d980df4,1060000046,2.g.t.2,exact,canonical_label_update,2. Contact from object,Other (contact from object),Transmission,HFTD Tier 2,# ignitions,exact,Yes,0,,,SDG&E,2023,2,v3.1,0,4,SDGE_2023_Q4_Tables1-15.xlsx,Table 6,56,N56,https://efiling.energysafety.ca.gov/eFiling/Getfile.aspx?fileid=53475&shareable=true
T6R-61f7b589ffa7a62d,1060000046,2.g.t.2,exact,canonical_label_update,2. Contact from object,Other (contact from object),Transmission,HFTD Tier 2,# ignitions,exact,Yes,1,,,SDG&E,2023,3,v3.1,0,4,SDGE_2023_Q4_Tables1-15.xlsx,Table 6,56,O56,https://efiling.energysafety.ca.gov/eFiling/Getfile.aspx?fileid=53475&shareable=true
T6R-62973ff7363b69b0,1060000046,2.g.t.2,exact,canonical_label_update,2. Contact from object,Other (contact from object),Transmission,HFTD Tier 2,# ignitions,exact,Yes,0,,,SDG&E,2023,4,v3.1,0,4,SDGE_2023_Q4_Tables1-15.xlsx,Table 6,56,P56,https://efiling.energysafety.ca.gov/eFiling/Getfile.aspx?fileid=53475&shareable=true
T6R-f9bb08be5210270c,1060000047,2.g.t.3,exact,canonical_label_update,2. Contact from object,Other (contact from object),Transmission,HFTD Tier 3,# ignitions,exact,Yes,0,,,SDG&E,2023,1,v3.1,0,4,SDGE_2023_Q4_Tables1-15.xlsx,Table 6,57,M57,https://efiling.energysafety.ca.gov/eFiling/Getfile.aspx?fileid=53475&shareable=true
T6R-0126a930125cd589,1060000047,2.g.t.3,exact,canonical_label_update,2. Contact from object,Other (contact from object),Transmission,HFTD Tier 3,# ignitions,exact,Yes,0,,,SDG&E,2023,2,v3.1,0,4,SDGE_2023_Q4_Tables1-15.xlsx,Table 6,57,N57,https://efiling.energysafety.ca.gov/eFiling/Getfile.aspx?fileid=53475&shareable=true
T6R-d569b2799c6de09e,1060000047,2.g.t.3,exact,canonical_label_update,2. Contact from object,Other (contact from object),Transmission,HFTD Tier 3,# ignitions,exact,Yes,0,,,SDG&E,2023,3,v3.1,0,4,SDGE_2023_Q4_Tables1-15.xlsx,Table 6,57,O57,https://efiling.energysafety.ca.gov/eFiling/Getfile.aspx?fileid=53475&shareable=true
T6R-71e3374cf84e4a32,1060000047,2.g.t.3,exact,canonical_label_update,2. Contact from object,Other (contact from object),Transmission,HFTD Tier 3,# ignitions,exact,Yes,0,,,SDG&E,2023,4,v3.1,0,4,SDGE_2023_Q4_Tables1-15.xlsx,Table 6,57,P57,https://efiling.energysafety.ca.gov/eFiling/Getfile.aspx?fileid=53475&shareable=true
T6R-5d2a42eed64aa441,1060000048,3.a.d.0,exact,exact,3. Vegetation contact,Vegetation contact,Distribution,Non-HFTD,# ignitions,exact,Yes,0,,,SDG&E,2023,1,v3.1,0,4,SDGE_2023_Q4_Tables1-15.xlsx,Table 6,58,M58,https://efiling.energysafety.ca.gov/eFiling/Getfile.aspx?fileid=53475&shareable=true
T6R-604b4a3bff3bc2a7,1060000048,3.a.d.0,exact,exact,3. Vegetation contact,Vegetation contact,Distribution,Non-HFTD,# ignitions,exact,Yes,1,,,SDG&E,2023,2,v3.1,0,4,SDGE_2023_Q4_Tables1-15.xlsx,Table 6,58,N58,https://efiling.energysafety.ca.gov/eFiling/Getfile.aspx?fileid=53475&shareable=true
T6R-023751a53f1e9a42,1060000048,3.a.d.0,exact,exact,3. Vegetation contact,Vegetation contact,Distribution,Non-HFTD,# ignitions,exact,Yes,0,,,SDG&E,2023,3,v3.1,0,4,SDGE_2023_Q4_Tables1-15.xlsx,Table 6,58,O58,https://efiling.energysafety.ca.gov/eFiling/Getfile.aspx?fileid=53475&shareable=true
T6R-4f01d57dad16cdde,1060000048,3.a.d.0,exact,exact,3. Vegetation contact,Vegetation contact,Distribution,Non-HFTD,# ignitions,exact,Yes,0,,,SDG&E,2023,4,v3.1,0,4,SDGE_2023_Q4_Tables1-15.xlsx,Table 6,58,P58,https://efiling.energysafety.ca.gov/eFiling/Getfile.aspx?fileid=53475&shareable=true
T6R-8bfd6e21be54230c,1060000049,3.a.d.2,exact,exact,3. Vegetation contact,Vegetation contact,Distribution,HFTD Tier 2,# ignitions,exact,Yes,0,,,SDG&E,2023,1,v3.1,0,4,SDGE_2023_Q4_Tables1-15.xlsx,Table 6,59,M59,https://efiling.energysafety.ca.gov/eFiling/Getfile.aspx?fileid=53475&shareable=true
T6R-0d025abbd2e38396,1060000049,3.a.d.2,exact,exact,3. Vegetation contact,Vegetation contact,Distribution,HFTD Tier 2,# ignitions,exact,Yes,0,,,SDG&E,2023,2,v3.1,0,4,SDGE_2023_Q4_Tables1-15.xlsx,Table 6,59,N59,https://efiling.energysafety.ca.gov/eFiling/Getfile.aspx?fileid=53475&shareable=true
T6R-d6c181b3d7e1774f,1060000049,3.a.d.2,exact,exact,3. Vegetation contact,Vegetation contact,Distribution,HFTD Tier 2,# ignitions,exact,Yes,0,,,SDG&E,2023,3,v3.1,0,4,SDGE_2023_Q4_Tables1-15.xlsx,Table 6,59,O59,https://efiling.energysafety.ca.gov/eFiling/Getfile.aspx?fileid=53475&shareable=true
T6R-cb7d3f178f50779e,1060000049,3.a.d.2,exact,exact,3. Vegetation contact,Vegetation contact,Distribution,HFTD Tier 2,# ignitions,exact,Yes,0,,,SDG&E,2023,4,v3.1,0,4,SDGE_2023_Q4_Tables1-15.xlsx,Table 6,59,P59,https://efiling.energysafety.ca.gov/eFiling/Getfile.aspx?fileid=53475&shareable=true
T6R-915a4357e6401e0d,1060000050,3.a.d.3,exact,exact,3. Vegetation contact,Vegetation contact,Distribution,HFTD Tier 3,# ignitions,exact,Yes,0,,,SDG&E,2023,1,v3.1,0,4,SDGE_2023_Q4_Tables1-15.xlsx,Table 6,60,M60,https://efiling.energysafety.ca.gov/eFiling/Getfile.aspx?fileid=53475&shareable=true
T6R-a0c22c7d23989d85,1060000050,3.a.d.3,exact,exact,3. Vegetation contact,Vegetation contact,Distribution,HFTD Tier 3,# ignitions,exact,Yes,0,,,SDG&E,2023,2,v3.1,0,4,SDGE_2023_Q4_Tables1-15.xlsx,Table 6,60,N60,https://efiling.energysafety.ca.gov/eFiling/Getfile.aspx?fileid=53475&shareable=true
T6R-0e94bbab87b0b624,1060000050,3.a.d.3,exact,exact,3. Vegetation contact,Vegetation contact,Distribution,HFTD Tier 3,# ignitions,exact,Yes,0,,,SDG&E,2023,3,v3.1,0,4,SDGE_2023_Q4_Tables1-15.xlsx,Table 6,60,O60,https://efiling.energysafety.ca.gov/eFiling/Getfile.aspx?fileid=53475&shareable=true
T6R-bf995bc0b42afc17,1060000050,3.a.d.3,exact,exact,3. Vegetation contact,Vegetation contact,Distribution,HFTD Tier 3,# ignitions,exact,Yes,0,,,SDG&E,2023,4,v3.1,0,4,SDGE_2023_Q4_Tables1-15.xlsx,Table 6,60,P60,https://efiling.energysafety.ca.gov/eFiling/Getfile.aspx?fileid=53475&shareable=true
T6R-541dc8a06441c87c,1060000051,3.a.t.0,exact,exact,3. Vegetation contact,Vegetation contact,Transmission,Non-HFTD,# ignitions,exact,Yes,0,,,SDG&E,2023,1,v3.1,0,4,SDGE_2023_Q4_Tables1-15.xlsx,Table 6,61,M61,https://efiling.energysafety.ca.gov/eFiling/Getfile.aspx?fileid=53475&shareable=true
T6R-54e7e0c565a9ab5a,1060000051,3.a.t.0,exact,exact,3. Vegetation contact,Vegetation contact,Transmission,Non-HFTD,# ignitions,exact,Yes,0,,,SDG&E,2023,2,v3.1,0,4,SDGE_2023_Q4_Tables1-15.xlsx,Table 6,61,N61,https://efiling.energysafety.ca.gov/eFiling/Getfile.aspx?fileid=53475&shareable=true
T6R-c1894765a54e4100,1060000051,3.a.t.0,exact,exact,3. Vegetation contact,Vegetation contact,Transmission,Non-HFTD,# ignitions,exact,Yes,0,,,SDG&E,2023,3,v3.1,0,4,SDGE_2023_Q4_Tables1-15.xlsx,Table 6,61,O61,https://efiling.energysafety.ca.gov/eFiling/Getfile.aspx?fileid=53475&shareable=true
T6R-9f6809acfc517a71,1060000051,3.a.t.0,exact,exact,3. Vegetation contact,Vegetation contact,Transmission,Non-HFTD,# ignitions,exact,Yes,0,,,SDG&E,2023,4,v3.1,0,4,SDGE_2023_Q4_Tables1-15.xlsx,Table 6,61,P61,https://efiling.energysafety.ca.gov/eFiling/Getfile.aspx?fileid=53475&shareable=true
T6R-0da6cda2f5890739,1060000052,3.a.t.2,exact,exact,3. Vegetation contact,Vegetation contact,Transmission,HFTD Tier 2,# ignitions,exact,Yes,0,,,SDG&E,2023,1,v3.1,0,4,SDGE_2023_Q4_Tables1-15.xlsx,Table 6,62,M62,https://efiling.energysafety.ca.gov/eFiling/Getfile.aspx?fileid=53475&shareable=true
T6R-efe8076896f0034a,1060000052,3.a.t.2,exact,exact,3. Vegetation contact,Vegetation contact,Transmission,HFTD Tier 2,# ignitions,exact,Yes,0,,,SDG&E,2023,2,v3.1,0,4,SDGE_2023_Q4_Tables1-15.xlsx,Table 6,62,N62,https://efiling.energysafety.ca.gov/eFiling/Getfile.aspx?fileid=53475&shareable=true
T6R-fc48b04e3a2ed1b8,1060000052,3.a.t.2,exact,exact,3. Vegetation contact,Vegetation contact,Transmission,HFTD Tier 2,# ignitions,exact,Yes,0,,,SDG&E,2023,3,v3.1,0,4,SDGE_2023_Q4_Tables1-15.xlsx,Table 6,62,O62,https://efiling.energysafety.ca.gov/eFiling/Getfile.aspx?fileid=53475&shareable=true
T6R-890970a79c01fca3,1060000052,3.a.t.2,exact,exact,3. Vegetation contact,Vegetation contact,Transmission,HFTD Tier 2,# ignitions,exact,Yes,0,,,SDG&E,2023,4,v3.1,0,4,SDGE_2023_Q4_Tables1-15.xlsx,Table 6,62,P62,https://efiling.energysafety.ca.gov/eFiling/Getfile.aspx?fileid=53475&shareable=true
T6R-799b7a8354d4bd36,1060000053,3.a.t.3,exact,exact,3. Vegetation contact,Vegetation contact,Transmission,HFTD Tier 3,# ignitions,exact,Yes,0,,,SDG&E,2023,1,v3.1,0,4,SDGE_2023_Q4_Tables1-15.xlsx,Table 6,63,M63,https://efiling.energysafety.ca.gov/eFiling/Getfile.aspx?fileid=53475&shareable=true
T6R-ae7e54cd51679fae,1060000053,3.a.t.3,exact,exact,3. Vegetation contact,Vegetation contact,Transmission,HFTD Tier 3,# ignitions,exact,Yes,0,,,SDG&E,2023,2,v3.1,0,4,SDGE_2023_Q4_Tables1-15.xlsx,Table 6,63,N63,https://efiling.energysafety.ca.gov/eFiling/Getfile.aspx?fileid=53475&shareable=true
T6R-f8c372bebf0ba9f4,1060000053,3.a.t.3,exact,exact,3. Vegetation contact,Vegetation contact,Transmission,HFTD Tier 3,# ignitions,exact,Yes,0,,,SDG&E,2023,3,v3.1,0,4,SDGE_2023_Q4_Tables1-15.xlsx,Table 6,63,O63,https://efiling.energysafety.ca.gov/eFiling/Getfile.aspx?fileid=53475&shareable=true
T6R-cfc23a70394be28f,1060000053,3.a.t.3,exact,exact,3. Vegetation contact,Vegetation contact,Transmission,HFTD Tier 3,# ignitions,exact,Yes,0,,,SDG&E,2023,4,v3.1,0,4,SDGE_2023_Q4_Tables1-15.xlsx,Table 6,63,P63,https://efiling.energysafety.ca.gov/eFiling/Getfile.aspx?fileid=53475&shareable=true
T6R-deaf93fa60764229,1060000054,4.a.d.0,corrected_in_v3_2,canonical_label_update,4. Equipment / facility failure or damage,Anchor / guy,Distribution,Non-HFTD,# ignitions,exact,Yes,0,,,SDG&E,2023,1,v3.1,0,4,SDGE_2023_Q4_Tables1-15.xlsx,Table 6,64,M64,https://efiling.energysafety.ca.gov/eFiling/Getfile.aspx?fileid=53475&shareable=true
T6R-86a9e1b5416d2611,1060000054,4.a.d.0,corrected_in_v3_2,canonical_label_update,4. Equipment / facility failure or damage,Anchor / guy,Distribution,Non-HFTD,# ignitions,exact,Yes,0,,,SDG&E,2023,2,v3.1,0,4,SDGE_2023_Q4_Tables1-15.xlsx,Table 6,64,N64,https://efiling.energysafety.ca.gov/eFiling/Getfile.aspx?fileid=53475&shareable=true
T6R-12daa452ad42c977,1060000054,4.a.d.0,corrected_in_v3_2,canonical_label_update,4. Equipment / facility failure or damage,Anchor / guy,Distribution,Non-HFTD,# ignitions,exact,Yes,0,,,SDG&E,2023,3,v3.1,0,4,SDGE_2023_Q4_Tables1-15.xlsx,Table 6,64,O64,https://efiling.energysafety.ca.gov/eFiling/Getfile.aspx?fileid=53475&shareable=true
T6R-271799f1f0885f14,1060000054,4.a.d.0,corrected_in_v3_2,canonical_label_update,4. Equipment / facility failure or damage,Anchor / guy,Distribution,Non-HFTD,# ignitions,exact,Yes,0,,,SDG&E,2023,4,v3.1,0,4,SDGE_2023_Q4_Tables1-15.xlsx,Table 6,64,P64,https://efiling.energysafety.ca.gov/eFiling/Getfile.aspx?fileid=53475&shareable=true
T6R-676c270e562deca2,1060000055,4.a.d.2,exact,canonical_label_update,4. Equipment / facility failure or damage,Anchor / guy,Distribution,HFTD Tier 2,# ignitions,exact,Yes,0,,,SDG&E,2023,1,v3.1,0,4,SDGE_2023_Q4_Tables1-15.xlsx,Table 6,65,M65,https://efiling.energysafety.ca.gov/eFiling/Getfile.aspx?fileid=53475&shareable=true
T6R-4196889e6218134b,1060000055,4.a.d.2,exact,canonical_label_update,4. Equipment / facility failure or damage,Anchor / guy,Distribution,HFTD Tier 2,# ignitions,exact,Yes,1,,,SDG&E,2023,2,v3.1,0,4,SDGE_2023_Q4_Tables1-15.xlsx,Table 6,65,N65,https://efiling.energysafety.ca.gov/eFiling/Getfile.aspx?fileid=53475&shareable=true
T6R-9e961d53b5ea38d9,1060000055,4.a.d.2,exact,canonical_label_update,4. Equipment / facility failure or damage,Anchor / guy,Distribution,HFTD Tier 2,# ignitions,exact,Yes,0,,,SDG&E,2023,3,v3.1,0,4,SDGE_2023_Q4_Tables1-15.xlsx,Table 6,65,O65,https://efiling.energysafety.ca.gov/eFiling/Getfile.aspx?fileid=53475&shareable=true
T6R-c2b90dc90b1fa801,1060000055,4.a.d.2,exact,canonical_label_update,4. Equipment / facility failure or damage,Anchor / guy,Distribution,HFTD Tier 2,# ignitions,exact,Yes,0,,,SDG&E,2023,4,v3.1,0,4,SDGE_2023_Q4_Tables1-15.xlsx,Table 6,65,P65,https://efiling.energysafety.ca.gov/eFiling/Getfile.aspx?fileid=53475&shareable=true
T6R-351cac1b380a1d57,1060000056,4.a.d.3,exact,canonical_label_update,4. Equipment / facility failure or damage,Anchor / guy,Distribution,HFTD Tier 3,# ignitions,exact,Yes,0,,,SDG&E,2023,1,v3.1,0,4,SDGE_2023_Q4_Tables1-15.xlsx,Table 6,66,M66,https://efiling.energysafety.ca.gov/eFiling/Getfile.aspx?fileid=53475&shareable=true
T6R-c1952aaa7a5152a8,1060000056,4.a.d.3,exact,canonical_label_update,4. Equipment / facility failure or damage,Anchor / guy,Distribution,HFTD Tier 3,# ignitions,exact,Yes,0,,,SDG&E,2023,2,v3.1,0,4,SDGE_2023_Q4_Tables1-15.xlsx,Table 6,66,N66,https://efiling.energysafety.ca.gov/eFiling/Getfile.aspx?fileid=53475&shareable=true
T6R-a6ecf50762c833fe,1060000056,4.a.d.3,exact,canonical_label_update,4. Equipment / facility failure or damage,Anchor / guy,Distribution,HFTD Tier 3,# ignitions,exact,Yes,0,,,SDG&E,2023,3,v3.1,0,4,SDGE_2023_Q4_Tables1-15.xlsx,Table 6,66,O66,https://efiling.energysafety.ca.gov/eFiling/Getfile.aspx?fileid=53475&shareable=true
T6R-107baae1c77399a4,1060000056,4.a.d.3,exact,canonical_label_update,4. Equipment / facility failure or damage,Anchor / guy,Distribution,HFTD Tier 3,# ignitions,exact,Yes,0,,,SDG&E,2023,4,v3.1,0,4,SDGE_2023_Q4_Tables1-15.xlsx,Table 6,66,P66,https://efiling.energysafety.ca.gov/eFiling/Getfile.aspx?fileid=53475&shareable=true
T6R-b11d169ef60ac23d,1060000057,4.a.t.0,exact,canonical_label_update,4. Equipment / facility failure or damage,Anchor / guy,Transmission,Non-HFTD,# ignitions,exact,Yes,0,,,SDG&E,2023,1,v3.1,0,4,SDGE_2023_Q4_Tables1-15.xlsx,Table 6,67,M67,https://efiling.energysafety.ca.gov/eFiling/Getfile.aspx?fileid=53475&shareable=true
T6R-f5936a95282e3578,1060000057,4.a.t.0,exact,canonical_label_update,4. Equipment / facility failure or damage,Anchor / guy,Transmission,Non-HFTD,# ignitions,exact,Yes,0,,,SDG&E,2023,2,v3.1,0,4,SDGE_2023_Q4_Tables1-15.xlsx,Table 6,67,N67,https://efiling.energysafety.ca.gov/eFiling/Getfile.aspx?fileid=53475&shareable=true
T6R-dcf81053796c3da7,1060000057,4.a.t.0,exact,canonical_label_update,4. Equipment / facility failure or damage,Anchor / guy,Transmission,Non-HFTD,# ignitions,exact,Yes,0,,,SDG&E,2023,3,v3.1,0,4,SDGE_2023_Q4_Tables1-15.xlsx,Table 6,67,O67,https://efiling.energysafety.ca.gov/eFiling/Getfile.aspx?fileid=53475&shareable=true
T6R-34ec051b68547bdf,1060000057,4.a.t.0,exact,canonical_label_update,4. Equipment / facility failure or damage,Anchor / guy,Transmission,Non-HFTD,# ignitions,exact,Yes,0,,,SDG&E,2023,4,v3.1,0,4,SDGE_2023_Q4_Tables1-15.xlsx,Table 6,67,P67,https://efiling.energysafety.ca.gov/eFiling/Getfile.aspx?fileid=53475&shareable=true
T6R-c2b5be19660faf94,1060000058,4.a.t.2,exact,canonical_label_update,4. Equipment / facility failure or damage,Anchor / guy,Transmission,HFTD Tier 2,# ignitions,exact,Yes,0,,,SDG&E,2023,1,v3.1,0,4,SDGE_2023_Q4_Tables1-15.xlsx,Table 6,68,M68,https://efiling.energysafety.ca.gov/eFiling/Getfile.aspx?fileid=53475&shareable=true
T6R-f57ded3209ba84c7,1060000058,4.a.t.2,exact,canonical_label_update,4. Equipment / facility failure or damage,Anchor / guy,Transmission,HFTD Tier 2,# ignitions,exact,Yes,0,,,SDG&E,2023,2,v3.1,0,4,SDGE_2023_Q4_Tables1-15.xlsx,Table 6,68,N68,https://efiling.energysafety.ca.gov/eFiling/Getfile.aspx?fileid=53475&shareable=true
T6R-73978ed452a5dfd8,1060000058,4.a.t.2,exact,canonical_label_update,4. Equipment / facility failure or damage,Anchor / guy,Transmission,HFTD Tier 2,# ignitions,exact,Yes,0,,,SDG&E,2023,3,v3.1,0,4,SDGE_2023_Q4_Tables1-15.xlsx,Table 6,68,O68,https://efiling.energysafety.ca.gov/eFiling/Getfile.aspx?fileid=53475&shareable=true
T6R-93b2026b20431161,1060000058,4.a.t.2,exact,canonical_label_update,4. Equipment / facility failure or damage,Anchor / guy,Transmission,HFTD Tier 2,# ignitions,exact,Yes,0,,,SDG&E,2023,4,v3.1,0,4,SDGE_2023_Q4_Tables1-15.xlsx,Table 6,68,P68,https://efiling.energysafety.ca.gov/eFiling/Getfile.aspx?fileid=53475&shareable=true
T6R-065fbe61e930d5ac,1060000059,4.a.t.3,exact,canonical_label_update,4. Equipment / facility failure or damage,Anchor / guy,Transmission,HFTD Tier 3,# ignitions,exact,Yes,0,,,SDG&E,2023,1,v3.1,0,4,SDGE_2023_Q4_Tables1-15.xlsx,Table 6,69,M69,https://efiling.energysafety.ca.gov/eFiling/Getfile.aspx?fileid=53475&shareable=true
T6R-9dc5367c8af49359,1060000059,4.a.t.3,exact,canonical_label_update,4. Equipment / facility failure or damage,Anchor / guy,Transmission,HFTD Tier 3,# ignitions,exact,Yes,0,,,SDG&E,2023,2,v3.1,0,4,SDGE_2023_Q4_Tables1-15.xlsx,Table 6,69,N69,https://efiling.energysafety.ca.gov/eFiling/Getfile.aspx?fileid=53475&shareable=true
T6R-7306abe58d90f355,1060000059,4.a.t.3,exact,canonical_label_update,4. Equipment / facility failure or damage,Anchor / guy,Transmission,HFTD Tier 3,# ignitions,exact,Yes,0,,,SDG&E,2023,3,v3.1,0,4,SDGE_2023_Q4_Tables1-15.xlsx,Table 6,69,O69,https://efiling.energysafety.ca.gov/eFiling/Getfile.aspx?fileid=53475&shareable=true
T6R-c9ff1c510f59e2d8,1060000059,4.a.t.3,exact,canonical_label_update,4. Equipment / facility failure or damage,Anchor / guy,Transmission,HFTD Tier 3,# ignitions,exact,Yes,0,,,SDG&E,2023,4,v3.1,0,4,SDGE_2023_Q4_Tables1-15.xlsx,Table 6,69,P69,https://efiling.energysafety.ca.gov/eFiling/Getfile.aspx?fileid=53475&shareable=true
T6R-a0ebfc28684da795,1060000060,4.b.d.0,exact,exact,4. Equipment / facility failure or damage,Capacitor bank,Distribution,Non-HFTD,# ignitions,exact,Yes,0,,,SDG&E,2023,1,v3.1,0,4,SDGE_2023_Q4_Tables1-15.xlsx,Table 6,70,M70,https://efiling.energysafety.ca.gov/eFiling/Getfile.aspx?fileid=53475&shareable=true
T6R-b3ef9f106072017a,1060000060,4.b.d.0,exact,exact,4. Equipment / facility failure or damage,Capacitor bank,Distribution,Non-HFTD,# ignitions,exact,Yes,0,,,SDG&E,2023,2,v3.1,0,4,SDGE_2023_Q4_Tables1-15.xlsx,Table 6,70,N70,https://efiling.energysafety.ca.gov/eFiling/Getfile.aspx?fileid=53475&shareable=true
T6R-298b3c7d7197b7e5,1060000060,4.b.d.0,exact,exact,4. Equipment / facility failure or damage,Capacitor bank,Distribution,Non-HFTD,# ignitions,exact,Yes,0,,,SDG&E,2023,3,v3.1,0,4,SDGE_2023_Q4_Tables1-15.xlsx,Table 6,70,O70,https://efiling.energysafety.ca.gov/eFiling/Getfile.aspx?fileid=53475&shareable=true
T6R-b52c9020931c4e97,1060000060,4.b.d.0,exact,exact,4. Equipment / facility failure or damage,Capacitor bank,Distribution,Non-HFTD,# ignitions,exact,Yes,0,,,SDG&E,2023,4,v3.1,0,4,SDGE_2023_Q4_Tables1-15.xlsx,Table 6,70,P70,https://efiling.energysafety.ca.gov/eFiling/Getfile.aspx?fileid=53475&shareable=true
T6R-ef529b467cc3ee97,1060000061,4.b.d.2,exact,exact,4. Equipment / facility failure or damage,Capacitor bank,Distribution,HFTD Tier 2,# ignitions,exact,Yes,0,,,SDG&E,2023,1,v3.1,0,4,SDGE_2023_Q4_Tables1-15.xlsx,Table 6,71,M71,https://efiling.energysafety.ca.gov/eFiling/Getfile.aspx?fileid=53475&shareable=true
T6R-d299cfae21375c5b,1060000061,4.b.d.2,exact,exact,4. Equipment / facility failure or damage,Capacitor bank,Distribution,HFTD Tier 2,# ignitions,exact,Yes,0,,,SDG&E,2023,2,v3.1,0,4,SDGE_2023_Q4_Tables1-15.xlsx,Table 6,71,N71,https://efiling.energysafety.ca.gov/eFiling/Getfile.aspx?fileid=53475&shareable=true
T6R-a6a0a846e3080f44,1060000061,4.b.d.2,exact,exact,4. Equipment / facility failure or damage,Capacitor bank,Distribution,HFTD Tier 2,# ignitions,exact,Yes,0,,,SDG&E,2023,3,v3.1,0,4,SDGE_2023_Q4_Tables1-15.xlsx,Table 6,71,O71,https://efiling.energysafety.ca.gov/eFiling/Getfile.aspx?fileid=53475&shareable=true
T6R-14929b7204b50a70,1060000061,4.b.d.2,exact,exact,4. Equipment / facility failure or damage,Capacitor bank,Distribution,HFTD Tier 2,# ignitions,exact,Yes,0,,,SDG&E,2023,4,v3.1,0,4,SDGE_2023_Q4_Tables1-15.xlsx,Table 6,71,P71,https://efiling.energysafety.ca.gov/eFiling/Getfile.aspx?fileid=53475&shareable=true
T6R-02d74e0ab85e0ba7,1060000062,4.b.d.3,exact,exact,4. Equipment / facility failure or damage,Capacitor bank,Distribution,HFTD Tier 3,# ignitions,exact,Yes,0,,,SDG&E,2023,1,v3.1,0,4,SDGE_2023_Q4_Tables1-15.xlsx,Table 6,72,M72,https://efiling.energysafety.ca.gov/eFiling/Getfile.aspx?fileid=53475&shareable=true
T6R-93a521c87098dc8b,1060000062,4.b.d.3,exact,exact,4. Equipment / facility failure or damage,Capacitor bank,Distribution,HFTD Tier 3,# ignitions,exact,Yes,0,,,SDG&E,2023,2,v3.1,0,4,SDGE_2023_Q4_Tables1-15.xlsx,Table 6,72,N72,https://efiling.energysafety.ca.gov/eFiling/Getfile.aspx?fileid=53475&shareable=true
T6R-221ab8b8a9871820,1060000062,4.b.d.3,exact,exact,4. Equipment / facility failure or damage,Capacitor bank,Distribution,HFTD Tier 3,# ignitions,exact,Yes,0,,,SDG&E,2023,3,v3.1,0,4,SDGE_2023_Q4_Tables1-15.xlsx,Table 6,72,O72,https://efiling.energysafety.ca.gov/eFiling/Getfile.aspx?fileid=53475&shareable=true
T6R-10f254bd0cc2bef6,1060000062,4.b.d.3,exact,exact,4. Equipment / facility failure or damage,Capacitor bank,Distribution,HFTD Tier 3,# ignitions,exact,Yes,0,,,SDG&E,2023,4,v3.1,0,4,SDGE_2023_Q4_Tables1-15.xlsx,Table 6,72,P72,https://efiling.energysafety.ca.gov/eFiling/Getfile.aspx?fileid=53475&shareable=true
T6R-2547d629ce6a82dd,1060000063,4.b.t.0,exact,exact,4. Equipment / facility failure or damage,Capacitor bank,Transmission,Non-HFTD,# ignitions,exact,Yes,0,,,SDG&E,2023,1,v3.1,0,4,SDGE_2023_Q4_Tables1-15.xlsx,Table 6,73,M73,https://efiling.energysafety.ca.gov/eFiling/Getfile.aspx?fileid=53475&shareable=true
T6R-2c708aeef3a167dc,1060000063,4.b.t.0,exact,exact,4. Equipment / facility failure or damage,Capacitor bank,Transmission,Non-HFTD,# ignitions,exact,Yes,0,,,SDG&E,2023,2,v3.1,0,4,SDGE_2023_Q4_Tables1-15.xlsx,Table 6,73,N73,https://efiling.energysafety.ca.gov/eFiling/Getfile.aspx?fileid=53475&shareable=true
T6R-07f8d5f394c2e154,1060000063,4.b.t.0,exact,exact,4. Equipment / facility failure or damage,Capacitor bank,Transmission,Non-HFTD,# ignitions,exact,Yes,0,,,SDG&E,2023,3,v3.1,0,4,SDGE_2023_Q4_Tables1-15.xlsx,Table 6,73,O73,https://efiling.energysafety.ca.gov/eFiling/Getfile.aspx?fileid=53475&shareable=true
T6R-badee3e44baa8b53,1060000063,4.b.t.0,exact,exact,4. Equipment / facility failure or damage,Capacitor bank,Transmission,Non-HFTD,# ignitions,exact,Yes,0,,,SDG&E,2023,4,v3.1,0,4,SDGE_2023_Q4_Tables1-15.xlsx,Table 6,73,P73,https://efiling.energysafety.ca.gov/eFiling/Getfile.aspx?fileid=53475&shareable=true
T6R-a7a604c2850b3469,1060000064,4.b.t.2,exact,exact,4. Equipment / facility failure or damage,Capacitor bank,Transmission,HFTD Tier 2,# ignitions,exact,Yes,0,,,SDG&E,2023,1,v3.1,0,4,SDGE_2023_Q4_Tables1-15.xlsx,Table 6,74,M74,https://efiling.energysafety.ca.gov/eFiling/Getfile.aspx?fileid=53475&shareable=true
T6R-a465b3141157beab,1060000064,4.b.t.2,exact,exact,4. Equipment / facility failure or damage,Capacitor bank,Transmission,HFTD Tier 2,# ignitions,exact,Yes,0,,,SDG&E,2023,2,v3.1,0,4,SDGE_2023_Q4_Tables1-15.xlsx,Table 6,74,N74,https://efiling.energysafety.ca.gov/eFiling/Getfile.aspx?fileid=53475&shareable=true
T6R-8d7bfc8d14d71ff3,1060000064,4.b.t.2,exact,exact,4. Equipment / facility failure or damage,Capacitor bank,Transmission,HFTD Tier 2,# ignitions,exact,Yes,0,,,SDG&E,2023,3,v3.1,0,4,SDGE_2023_Q4_Tables1-15.xlsx,Table 6,74,O74,https://efiling.energysafety.ca.gov/eFiling/Getfile.aspx?fileid=53475&shareable=true
T6R-3b00a46a50d0e286,1060000064,4.b.t.2,exact,exact,4. Equipment / facility failure or damage,Capacitor bank,Transmission,HFTD Tier 2,# ignitions,exact,Yes,0,,,SDG&E,2023,4,v3.1,0,4,SDGE_2023_Q4_Tables1-15.xlsx,Table 6,74,P74,https://efiling.energysafety.ca.gov/eFiling/Getfile.aspx?fileid=53475&shareable=true
T6R-783423d942c388a4,1060000065,4.b.t.3,exact,exact,4. Equipment / facility failure or damage,Capacitor bank,Transmission,HFTD Tier 3,# ignitions,exact,Yes,0,,,SDG&E,2023,1,v3.1,0,4,SDGE_2023_Q4_Tables1-15.xlsx,Table 6,75,M75,https://efiling.energysafety.ca.gov/eFiling/Getfile.aspx?fileid=53475&shareable=true
T6R-23a3c8577d33ff5c,1060000065,4.b.t.3,exact,exact,4. Equipment / facility failure or damage,Capacitor bank,Transmission,HFTD Tier 3,# ignitions,exact,Yes,0,,,SDG&E,2023,2,v3.1,0,4,SDGE_2023_Q4_Tables1-15.xlsx,Table 6,75,N75,https://efiling.energysafety.ca.gov/eFiling/Getfile.aspx?fileid=53475&shareable=true
T6R-f03381936f0bfabb,1060000065,4.b.t.3,exact,exact,4. Equipment / facility failure or damage,Capacitor bank,Transmission,HFTD Tier 3,# ignitions,exact,Yes,0,,,SDG&E,2023,3,v3.1,0,4,SDGE_2023_Q4_Tables1-15.xlsx,Table 6,75,O75,https://efiling.energysafety.ca.gov/eFiling/Getfile.aspx?fileid=53475&shareable=true
T6R-0463af91f9f051cc,1060000065,4.b.t.3,exact,exact,4. Equipment / facility failure or damage,Capacitor bank,Transmission,HFTD Tier 3,# ignitions,exact,Yes,0,,,SDG&E,2023,4,v3.1,0,4,SDGE_2023_Q4_Tables1-15.xlsx,Table 6,75,P75,https://efiling.energysafety.ca.gov/eFiling/Getfile.aspx?fileid=53475&shareable=true
T6R-fd4bef8288c9d8eb,1060000066,4.c.d.0,exact,exact,4. Equipment / facility failure or damage,Conductor,Distribution,Non-HFTD,# ignitions,exact,Yes,0,,,SDG&E,2023,1,v3.1,0,4,SDGE_2023_Q4_Tables1-15.xlsx,Table 6,76,M76,https://efiling.energysafety.ca.gov/eFiling/Getfile.aspx?fileid=53475&shareable=true
T6R-a191dc6eb2971de1,1060000066,4.c.d.0,exact,exact,4. Equipment / facility failure or damage,Conductor,Distribution,Non-HFTD,# ignitions,exact,Yes,0,,,SDG&E,2023,2,v3.1,0,4,SDGE_2023_Q4_Tables1-15.xlsx,Table 6,76,N76,https://efiling.energysafety.ca.gov/eFiling/Getfile.aspx?fileid=53475&shareable=true
T6R-4c28d0f0ebc37526,1060000066,4.c.d.0,exact,exact,4. Equipment / facility failure or damage,Conductor,Distribution,Non-HFTD,# ignitions,exact,Yes,0,,,SDG&E,2023,3,v3.1,0,4,SDGE_2023_Q4_Tables1-15.xlsx,Table 6,76,O76,https://efiling.energysafety.ca.gov/eFiling/Getfile.aspx?fileid=53475&shareable=true
T6R-e6d4158715056bdf,1060000066,4.c.d.0,exact,exact,4. Equipment / facility failure or damage,Conductor,Distribution,Non-HFTD,# ignitions,exact,Yes,0,,,SDG&E,2023,4,v3.1,0,4,SDGE_2023_Q4_Tables1-15.xlsx,Table 6,76,P76,https://efiling.energysafety.ca.gov/eFiling/Getfile.aspx?fileid=53475&shareable=true
T6R-8f4f6893cec9cfca,1060000067,4.c.d.2,exact,exact,4. Equipment / facility failure or damage,Conductor,Distribution,HFTD Tier 2,# ignitions,exact,Yes,0,,,SDG&E,2023,1,v3.1,0,4,SDGE_2023_Q4_Tables1-15.xlsx,Table 6,77,M77,https://efiling.energysafety.ca.gov/eFiling/Getfile.aspx?fileid=53475&shareable=true
T6R-48122f61b6463fee,1060000067,4.c.d.2,exact,exact,4. Equipment / facility failure or damage,Conductor,Distribution,HFTD Tier 2,# ignitions,exact,Yes,0,,,SDG&E,2023,2,v3.1,0,4,SDGE_2023_Q4_Tables1-15.xlsx,Table 6,77,N77,https://efiling.energysafety.ca.gov/eFiling/Getfile.aspx?fileid=53475&shareable=true
T6R-59cdea02d6753e06,1060000067,4.c.d.2,exact,exact,4. Equipment / facility failure or damage,Conductor,Distribution,HFTD Tier 2,# ignitions,exact,Yes,0,,,SDG&E,2023,3,v3.1,0,4,SDGE_2023_Q4_Tables1-15.xlsx,Table 6,77,O77,https://efiling.energysafety.ca.gov/eFiling/Getfile.aspx?fileid=53475&shareable=true
T6R-bd8ed3135a3941ae,1060000067,4.c.d.2,exact,exact,4. Equipment / facility failure or damage,Conductor,Distribution,HFTD Tier 2,# ignitions,exact,Yes,0,,,SDG&E,2023,4,v3.1,0,4,SDGE_2023_Q4_Tables1-15.xlsx,Table 6,77,P77,https://efiling.energysafety.ca.gov/eFiling/Getfile.aspx?fileid=53475&shareable=true
T6R-4b9f887fbee93b82,1060000068,4.c.d.3,exact,exact,4. Equipment / facility failure or damage,Conductor,Distribution,HFTD Tier 3,# ignitions,exact,Yes,0,,,SDG&E,2023,1,v3.1,0,4,SDGE_2023_Q4_Tables1-15.xlsx,Table 6,78,M78,https://efiling.energysafety.ca.gov/eFiling/Getfile.aspx?fileid=53475&shareable=true
T6R-7e7cdd7ac4923930,1060000068,4.c.d.3,exact,exact,4. Equipment / facility failure or damage,Conductor,Distribution,HFTD Tier 3,# ignitions,exact,Yes,0,,,SDG&E,2023,2,v3.1,0,4,SDGE_2023_Q4_Tables1-15.xlsx,Table 6,78,N78,https://efiling.energysafety.ca.gov/eFiling/Getfile.aspx?fileid=53475&shareable=true
T6R-c556c31fc9491a51,1060000068,4.c.d.3,exact,exact,4. Equipment / facility failure or damage,Conductor,Distribution,HFTD Tier 3,# ignitions,exact,Yes,0,,,SDG&E,2023,3,v3.1,0,4,SDGE_2023_Q4_Tables1-15.xlsx,Table 6,78,O78,https://efiling.energysafety.ca.gov/eFiling/Getfile.aspx?fileid=53475&shareable=true
T6R-f9ce62a457d3bceb,1060000068,4.c.d.3,exact,exact,4. Equipment / facility failure or damage,Conductor,Distribution,HFTD Tier 3,# ignitions,exact,Yes,0,,,SDG&E,2023,4,v3.1,0,4,SDGE_2023_Q4_Tables1-15.xlsx,Table 6,78,P78,https://efiling.energysafety.ca.gov/eFiling/Getfile.aspx?fileid=53475&shareable=true
T6R-fc3f876ec17c29f2,1060000069,4.c.t.0,exact,exact,4. Equipment / facility failure or damage,Conductor,Transmission,Non-HFTD,# ignitions,exact,Yes,0,,,SDG&E,2023,1,v3.1,0,4,SDGE_2023_Q4_Tables1-15.xlsx,Table 6,79,M79,https://efiling.energysafety.ca.gov/eFiling/Getfile.aspx?fileid=53475&shareable=true
T6R-c6860eb369ea636f,1060000069,4.c.t.0,exact,exact,4. Equipment / facility failure or damage,Conductor,Transmission,Non-HFTD,# ignitions,exact,Yes,0,,,SDG&E,2023,2,v3.1,0,4,SDGE_2023_Q4_Tables1-15.xlsx,Table 6,79,N79,https://efiling.energysafety.ca.gov/eFiling/Getfile.aspx?fileid=53475&shareable=true
T6R-6a76c439cfa804c0,1060000069,4.c.t.0,exact,exact,4. Equipment / facility failure or damage,Conductor,Transmission,Non-HFTD,# ignitions,exact,Yes,0,,,SDG&E,2023,3,v3.1,0,4,SDGE_2023_Q4_Tables1-15.xlsx,Table 6,79,O79,https://efiling.energysafety.ca.gov/eFiling/Getfile.aspx?fileid=53475&shareable=true
T6R-0561625c0a82db22,1060000069,4.c.t.0,exact,exact,4. Equipment / facility failure or damage,Conductor,Transmission,Non-HFTD,# ignitions,exact,Yes,0,,,SDG&E,2023,4,v3.1,0,4,SDGE_2023_Q4_Tables1-15.xlsx,Table 6,79,P79,https://efiling.energysafety.ca.gov/eFiling/Getfile.aspx?fileid=53475&shareable=true
T6R-d79f2d43da5f28a8,1060000070,4.c.t.2,exact,exact,4. Equipment / facility failure or damage,Conductor,Transmission,HFTD Tier 2,# ignitions,exact,Yes,0,,,SDG&E,2023,1,v3.1,0,4,SDGE_2023_Q4_Tables1-15.xlsx,Table 6,80,M80,https://efiling.energysafety.ca.gov/eFiling/Getfile.aspx?fileid=53475&shareable=true
T6R-ebfd7176d02b3445,1060000070,4.c.t.2,exact,exact,4. Equipment / facility failure or damage,Conductor,Transmission,HFTD Tier 2,# ignitions,exact,Yes,0,,,SDG&E,2023,2,v3.1,0,4,SDGE_2023_Q4_Tables1-15.xlsx,Table 6,80,N80,https://efiling.energysafety.ca.gov/eFiling/Getfile.aspx?fileid=53475&shareable=true
T6R-4322a3742faa54ba,1060000070,4.c.t.2,exact,exact,4. Equipment / facility failure or damage,Conductor,Transmission,HFTD Tier 2,# ignitions,exact,Yes,0,,,SDG&E,2023,3,v3.1,0,4,SDGE_2023_Q4_Tables1-15.xlsx,Table 6,80,O80,https://efiling.energysafety.ca.gov/eFiling/Getfile.aspx?fileid=53475&shareable=true
T6R-dc0ed2e12d49cf24,1060000070,4.c.t.2,exact,exact,4. Equipment / facility failure or damage,Conductor,Transmission,HFTD Tier 2,# ignitions,exact,Yes,0,,,SDG&E,2023,4,v3.1,0,4,SDGE_2023_Q4_Tables1-15.xlsx,Table 6,80,P80,https://efiling.energysafety.ca.gov/eFiling/Getfile.aspx?fileid=53475&shareable=true
T6R-0c8f74f6c412a087,1060000071,4.c.t.3,exact,exact,4. Equipment / facility failure or damage,Conductor,Transmission,HFTD Tier 3,# ignitions,exact,Yes,0,,,SDG&E,2023,1,v3.1,0,4,SDGE_2023_Q4_Tables1-15.xlsx,Table 6,81,M81,https://efiling.energysafety.ca.gov/eFiling/Getfile.aspx?fileid=53475&shareable=true
T6R-fd6316f5757c8c78,1060000071,4.c.t.3,exact,exact,4. Equipment / facility failure or damage,Conductor,Transmission,HFTD Tier 3,# ignitions,exact,Yes,0,,,SDG&E,2023,2,v3.1,0,4,SDGE_2023_Q4_Tables1-15.xlsx,Table 6,81,N81,https://efiling.energysafety.ca.gov/eFiling/Getfile.aspx?fileid=53475&shareable=true
T6R-e11a0ba08f50ad9a,1060000071,4.c.t.3,exact,exact,4. Equipment / facility failure or damage,Conductor,Transmission,HFTD Tier 3,# ignitions,exact,Yes,0,,,SDG&E,2023,3,v3.1,0,4,SDGE_2023_Q4_Tables1-15.xlsx,Table 6,81,O81,https://efiling.energysafety.ca.gov/eFiling/Getfile.aspx?fileid=53475&shareable=true
T6R-07294a878d7cde0c,1060000071,4.c.t.3,exact,exact,4. Equipment / facility failure or damage,Conductor,Transmission,HFTD Tier 3,# ignitions,exact,Yes,0,,,SDG&E,2023,4,v3.1,0,4,SDGE_2023_Q4_Tables1-15.xlsx,Table 6,81,P81,https://efiling.energysafety.ca.gov/eFiling/Getfile.aspx?fileid=53475&shareable=true
T6R-fa6e0de405366658,1060000072,4.d.d.0,exact,exact,4. Equipment / facility failure or damage,Connection device,Distribution,Non-HFTD,# ignitions,exact,Yes,0,,,SDG&E,2023,1,v3.1,0,4,SDGE_2023_Q4_Tables1-15.xlsx,Table 6,82,M82,https://efiling.energysafety.ca.gov/eFiling/Getfile.aspx?fileid=53475&shareable=true
T6R-e64635cea63a299d,1060000072,4.d.d.0,exact,exact,4. Equipment / facility failure or damage,Connection device,Distribution,Non-HFTD,# ignitions,exact,Yes,0,,,SDG&E,2023,2,v3.1,0,4,SDGE_2023_Q4_Tables1-15.xlsx,Table 6,82,N82,https://efiling.energysafety.ca.gov/eFiling/Getfile.aspx?fileid=53475&shareable=true
T6R-e77dd448661a6e13,1060000072,4.d.d.0,exact,exact,4. Equipment / facility failure or damage,Connection device,Distribution,Non-HFTD,# ignitions,exact,Yes,0,,,SDG&E,2023,3,v3.1,0,4,SDGE_2023_Q4_Tables1-15.xlsx,Table 6,82,O82,https://efiling.energysafety.ca.gov/eFiling/Getfile.aspx?fileid=53475&shareable=true
T6R-337e4b82e6531768,1060000072,4.d.d.0,exact,exact,4. Equipment / facility failure or damage,Connection device,Distribution,Non-HFTD,# ignitions,exact,Yes,0,,,SDG&E,2023,4,v3.1,0,4,SDGE_2023_Q4_Tables1-15.xlsx,Table 6,82,P82,https://efiling.energysafety.ca.gov/eFiling/Getfile.aspx?fileid=53475&shareable=true
T6R-3d0cf8229ea6082b,1060000073,4.d.d.2,exact,exact,4. Equipment / facility failure or damage,Connection device,Distribution,HFTD Tier 2,# ignitions,exact,Yes,0,,,SDG&E,2023,1,v3.1,0,4,SDGE_2023_Q4_Tables1-15.xlsx,Table 6,83,M83,https://efiling.energysafety.ca.gov/eFiling/Getfile.aspx?fileid=53475&shareable=true
T6R-bb1cd9da2a8aae06,1060000073,4.d.d.2,exact,exact,4. Equipment / facility failure or damage,Connection device,Distribution,HFTD Tier 2,# ignitions,exact,Yes,0,,,SDG&E,2023,2,v3.1,0,4,SDGE_2023_Q4_Tables1-15.xlsx,Table 6,83,N83,https://efiling.energysafety.ca.gov/eFiling/Getfile.aspx?fileid=53475&shareable=true
T6R-ab56910e80bbfd03,1060000073,4.d.d.2,exact,exact,4. Equipment / facility failure or damage,Connection device,Distribution,HFTD Tier 2,# ignitions,exact,Yes,0,,,SDG&E,2023,3,v3.1,0,4,SDGE_2023_Q4_Tables1-15.xlsx,Table 6,83,O83,https://efiling.energysafety.ca.gov/eFiling/Getfile.aspx?fileid=53475&shareable=true
T6R-3819eb7c7cd8cc7a,1060000073,4.d.d.2,exact,exact,4. Equipment / facility failure or damage,Connection device,Distribution,HFTD Tier 2,# ignitions,exact,Yes,0,,,SDG&E,2023,4,v3.1,0,4,SDGE_2023_Q4_Tables1-15.xlsx,Table 6,83,P83,https://efiling.energysafety.ca.gov/eFiling/Getfile.aspx?fileid=53475&shareable=true
T6R-b32802f0776ac8a0,1060000074,4.d.d.3,exact,exact,4. Equipment / facility failure or damage,Connection device,Distribution,HFTD Tier 3,# ignitions,exact,Yes,0,,,SDG&E,2023,1,v3.1,0,4,SDGE_2023_Q4_Tables1-15.xlsx,Table 6,84,M84,https://efiling.energysafety.ca.gov/eFiling/Getfile.aspx?fileid=53475&shareable=true
T6R-576f4e4c7ff754e7,1060000074,4.d.d.3,exact,exact,4. Equipment / facility failure or damage,Connection device,Distribution,HFTD Tier 3,# ignitions,exact,Yes,1,,,SDG&E,2023,2,v3.1,0,4,SDGE_2023_Q4_Tables1-15.xlsx,Table 6,84,N84,https://efiling.energysafety.ca.gov/eFiling/Getfile.aspx?fileid=53475&shareable=true
T6R-186f23c6e37c4da0,1060000074,4.d.d.3,exact,exact,4. Equipment / facility failure or damage,Connection device,Distribution,HFTD Tier 3,# ignitions,exact,Yes,0,,,SDG&E,2023,3,v3.1,0,4,SDGE_2023_Q4_Tables1-15.xlsx,Table 6,84,O84,https://efiling.energysafety.ca.gov/eFiling/Getfile.aspx?fileid=53475&shareable=true
T6R-93ad029c7e9bfcc0,1060000074,4.d.d.3,exact,exact,4. Equipment / facility failure or damage,Connection device,Distribution,HFTD Tier 3,# ignitions,exact,Yes,1,,,SDG&E,2023,4,v3.1,0,4,SDGE_2023_Q4_Tables1-15.xlsx,Table 6,84,P84,https://efiling.energysafety.ca.gov/eFiling/Getfile.aspx?fileid=53475&shareable=true
T6R-eb2346639bb7ed3e,1060000075,4.d.t.0,exact,exact,4. Equipment / facility failure or damage,Connection device,Transmission,Non-HFTD,# ignitions,exact,Yes,0,,,SDG&E,2023,1,v3.1,0,4,SDGE_2023_Q4_Tables1-15.xlsx,Table 6,85,M85,https://efiling.energysafety.ca.gov/eFiling/Getfile.aspx?fileid=53475&shareable=true
T6R-e6725966acdd5771,1060000075,4.d.t.0,exact,exact,4. Equipment / facility failure or damage,Connection device,Transmission,Non-HFTD,# ignitions,exact,Yes,0,,,SDG&E,2023,2,v3.1,0,4,SDGE_2023_Q4_Tables1-15.xlsx,Table 6,85,N85,https://efiling.energysafety.ca.gov/eFiling/Getfile.aspx?fileid=53475&shareable=true
T6R-0b67307dd2419442,1060000075,4.d.t.0,exact,exact,4. Equipment / facility failure or damage,Connection device,Transmission,Non-HFTD,# ignitions,exact,Yes,0,,,SDG&E,2023,3,v3.1,0,4,SDGE_2023_Q4_Tables1-15.xlsx,Table 6,85,O85,https://efiling.energysafety.ca.gov/eFiling/Getfile.aspx?fileid=53475&shareable=true
T6R-3b93bfdb41268f3c,1060000075,4.d.t.0,exact,exact,4. Equipment / facility failure or damage,Connection device,Transmission,Non-HFTD,# ignitions,exact,Yes,0,,,SDG&E,2023,4,v3.1,0,4,SDGE_2023_Q4_Tables1-15.xlsx,Table 6,85,P85,https://efiling.energysafety.ca.gov/eFiling/Getfile.aspx?fileid=53475&shareable=true
T6R-ae155574b54e4a9a,1060000076,4.d.t.2,exact,exact,4. Equipment / facility failure or damage,Connection device,Transmission,HFTD Tier 2,# ignitions,exact,Yes,0,,,SDG&E,2023,1,v3.1,0,4,SDGE_2023_Q4_Tables1-15.xlsx,Table 6,86,M86,https://efiling.energysafety.ca.gov/eFiling/Getfile.aspx?fileid=53475&shareable=true
T6R-8b858360c81a5e62,1060000076,4.d.t.2,exact,exact,4. Equipment / facility failure or damage,Connection device,Transmission,HFTD Tier 2,# ignitions,exact,Yes,0,,,SDG&E,2023,2,v3.1,0,4,SDGE_2023_Q4_Tables1-15.xlsx,Table 6,86,N86,https://efiling.energysafety.ca.gov/eFiling/Getfile.aspx?fileid=53475&shareable=true
T6R-574543fdf5db9edb,1060000076,4.d.t.2,exact,exact,4. Equipment / facility failure or damage,Connection device,Transmission,HFTD Tier 2,# ignitions,exact,Yes,0,,,SDG&E,2023,3,v3.1,0,4,SDGE_2023_Q4_Tables1-15.xlsx,Table 6,86,O86,https://efiling.energysafety.ca.gov/eFiling/Getfile.aspx?fileid=53475&shareable=true
T6R-1d872ae5b53bf053,1060000076,4.d.t.2,exact,exact,4. Equipment / facility failure or damage,Connection device,Transmission,HFTD Tier 2,# ignitions,exact,Yes,0,,,SDG&E,2023,4,v3.1,0,4,SDGE_2023_Q4_Tables1-15.xlsx,Table 6,86,P86,https://efiling.energysafety.ca.gov/eFiling/Getfile.aspx?fileid=53475&shareable=true
T6R-1ab3ab3c9c863986,1060000077,4.d.t.3,exact,exact,4. Equipment / facility failure or damage,Connection device,Transmission,HFTD Tier 3,# ignitions,exact,Yes,0,,,SDG&E,2023,1,v3.1,0,4,SDGE_2023_Q4_Tables1-15.xlsx,Table 6,87,M87,https://efiling.energysafety.ca.gov/eFiling/Getfile.aspx?fileid=53475&shareable=true
T6R-96b3bc28a0f81378,1060000077,4.d.t.3,exact,exact,4. Equipment / facility failure or damage,Connection device,Transmission,HFTD Tier 3,# ignitions,exact,Yes,0,,,SDG&E,2023,2,v3.1,0,4,SDGE_2023_Q4_Tables1-15.xlsx,Table 6,87,N87,https://efiling.energysafety.ca.gov/eFiling/Getfile.aspx?fileid=53475&shareable=true
T6R-80d78b3a1494626e,1060000077,4.d.t.3,exact,exact,4. Equipment / facility failure or damage,Connection device,Transmission,HFTD Tier 3,# ignitions,exact,Yes,0,,,SDG&E,2023,3,v3.1,0,4,SDGE_2023_Q4_Tables1-15.xlsx,Table 6,87,O87,https://efiling.energysafety.ca.gov/eFiling/Getfile.aspx?fileid=53475&shareable=true
T6R-b253b1aa462ead40,1060000077,4.d.t.3,exact,exact,4. Equipment / facility failure or damage,Connection device,Transmission,HFTD Tier 3,# ignitions,exact,Yes,0,,,SDG&E,2023,4,v3.1,0,4,SDGE_2023_Q4_Tables1-15.xlsx,Table 6,87,P87,https://efiling.energysafety.ca.gov/eFiling/Getfile.aspx?fileid=53475&shareable=true
T6R-5d858dc1e20c2107,1060000078,4.e.d.0,exact,exact,4. Equipment / facility failure or damage,Crossarm,Distribution,Non-HFTD,# ignitions,exact,Yes,0,,,SDG&E,2023,1,v3.1,0,4,SDGE_2023_Q4_Tables1-15.xlsx,Table 6,88,M88,https://efiling.energysafety.ca.gov/eFiling/Getfile.aspx?fileid=53475&shareable=true
T6R-a8cef91d61e402e5,1060000078,4.e.d.0,exact,exact,4. Equipment / facility failure or damage,Crossarm,Distribution,Non-HFTD,# ignitions,exact,Yes,0,,,SDG&E,2023,2,v3.1,0,4,SDGE_2023_Q4_Tables1-15.xlsx,Table 6,88,N88,https://efiling.energysafety.ca.gov/eFiling/Getfile.aspx?fileid=53475&shareable=true
T6R-fd7c347b8374cffa,1060000078,4.e.d.0,exact,exact,4. Equipment / facility failure or damage,Crossarm,Distribution,Non-HFTD,# ignitions,exact,Yes,0,,,SDG&E,2023,3,v3.1,0,4,SDGE_2023_Q4_Tables1-15.xlsx,Table 6,88,O88,https://efiling.energysafety.ca.gov/eFiling/Getfile.aspx?fileid=53475&shareable=true
T6R-2ff1bc91bf3c575b,1060000078,4.e.d.0,exact,exact,4. Equipment / facility failure or damage,Crossarm,Distribution,Non-HFTD,# ignitions,exact,Yes,0,,,SDG&E,2023,4,v3.1,0,4,SDGE_2023_Q4_Tables1-15.xlsx,Table 6,88,P88,https://efiling.energysafety.ca.gov/eFiling/Getfile.aspx?fileid=53475&shareable=true
T6R-d776e0260127a2f5,1060000079,4.e.d.2,exact,exact,4. Equipment / facility failure or damage,Crossarm,Distribution,HFTD Tier 2,# ignitions,exact,Yes,0,,,SDG&E,2023,1,v3.1,0,4,SDGE_2023_Q4_Tables1-15.xlsx,Table 6,89,M89,https://efiling.energysafety.ca.gov/eFiling/Getfile.aspx?fileid=53475&shareable=true
T6R-78fe67c41b4daf81,1060000079,4.e.d.2,exact,exact,4. Equipment / facility failure or damage,Crossarm,Distribution,HFTD Tier 2,# ignitions,exact,Yes,0,,,SDG&E,2023,2,v3.1,0,4,SDGE_2023_Q4_Tables1-15.xlsx,Table 6,89,N89,https://efiling.energysafety.ca.gov/eFiling/Getfile.aspx?fileid=53475&shareable=true
T6R-99d379749a184bec,1060000079,4.e.d.2,exact,exact,4. Equipment / facility failure or damage,Crossarm,Distribution,HFTD Tier 2,# ignitions,exact,Yes,0,,,SDG&E,2023,3,v3.1,0,4,SDGE_2023_Q4_Tables1-15.xlsx,Table 6,89,O89,https://efiling.energysafety.ca.gov/eFiling/Getfile.aspx?fileid=53475&shareable=true
T6R-bf39ef32efcadbf1,1060000079,4.e.d.2,exact,exact,4. Equipment / facility failure or damage,Crossarm,Distribution,HFTD Tier 2,# ignitions,exact,Yes,0,,,SDG&E,2023,4,v3.1,0,4,SDGE_2023_Q4_Tables1-15.xlsx,Table 6,89,P89,https://efiling.energysafety.ca.gov/eFiling/Getfile.aspx?fileid=53475&shareable=true
T6R-3b2ed732a17af24e,1060000080,4.e.d.3,exact,exact,4. Equipment / facility failure or damage,Crossarm,Distribution,HFTD Tier 3,# ignitions,exact,Yes,0,,,SDG&E,2023,1,v3.1,0,4,SDGE_2023_Q4_Tables1-15.xlsx,Table 6,90,M90,https://efiling.energysafety.ca.gov/eFiling/Getfile.aspx?fileid=53475&shareable=true
T6R-553d0cf9ec965d0e,1060000080,4.e.d.3,exact,exact,4. Equipment / facility failure or damage,Crossarm,Distribution,HFTD Tier 3,# ignitions,exact,Yes,0,,,SDG&E,2023,2,v3.1,0,4,SDGE_2023_Q4_Tables1-15.xlsx,Table 6,90,N90,https://efiling.energysafety.ca.gov/eFiling/Getfile.aspx?fileid=53475&shareable=true
T6R-dbb2a20e6a4c51e7,1060000080,4.e.d.3,exact,exact,4. Equipment / facility failure or damage,Crossarm,Distribution,HFTD Tier 3,# ignitions,exact,Yes,0,,,SDG&E,2023,3,v3.1,0,4,SDGE_2023_Q4_Tables1-15.xlsx,Table 6,90,O90,https://efiling.energysafety.ca.gov/eFiling/Getfile.aspx?fileid=53475&shareable=true
T6R-2ae95b78bfe044d8,1060000080,4.e.d.3,exact,exact,4. Equipment / facility failure or damage,Crossarm,Distribution,HFTD Tier 3,# ignitions,exact,Yes,0,,,SDG&E,2023,4,v3.1,0,4,SDGE_2023_Q4_Tables1-15.xlsx,Table 6,90,P90,https://efiling.energysafety.ca.gov/eFiling/Getfile.aspx?fileid=53475&shareable=true
T6R-6a24a1b19a525203,1060000081,4.e.t.0,exact,exact,4. Equipment / facility failure or damage,Crossarm,Transmission,Non-HFTD,# ignitions,exact,Yes,0,,,SDG&E,2023,1,v3.1,0,4,SDGE_2023_Q4_Tables1-15.xlsx,Table 6,91,M91,https://efiling.energysafety.ca.gov/eFiling/Getfile.aspx?fileid=53475&shareable=true
T6R-e9d42a0ea2d33d83,1060000081,4.e.t.0,exact,exact,4. Equipment / facility failure or damage,Crossarm,Transmission,Non-HFTD,# ignitions,exact,Yes,0,,,SDG&E,2023,2,v3.1,0,4,SDGE_2023_Q4_Tables1-15.xlsx,Table 6,91,N91,https://efiling.energysafety.ca.gov/eFiling/Getfile.aspx?fileid=53475&shareable=true
T6R-03aa9b36bb0d9b47,1060000081,4.e.t.0,exact,exact,4. Equipment / facility failure or damage,Crossarm,Transmission,Non-HFTD,# ignitions,exact,Yes,0,,,SDG&E,2023,3,v3.1,0,4,SDGE_2023_Q4_Tables1-15.xlsx,Table 6,91,O91,https://efiling.energysafety.ca.gov/eFiling/Getfile.aspx?fileid=53475&shareable=true
T6R-76a9cf8bf41ef95b,1060000081,4.e.t.0,exact,exact,4. Equipment / facility failure or damage,Crossarm,Transmission,Non-HFTD,# ignitions,exact,Yes,0,,,SDG&E,2023,4,v3.1,0,4,SDGE_2023_Q4_Tables1-15.xlsx,Table 6,91,P91,https://efiling.energysafety.ca.gov/eFiling/Getfile.aspx?fileid=53475&shareable=true
T6R-bdd91fd5f487c280,1060000082,4.e.t.2,exact,exact,4. Equipment / facility failure or damage,Crossarm,Transmission,HFTD Tier 2,# ignitions,exact,Yes,0,,,SDG&E,2023,1,v3.1,0,4,SDGE_2023_Q4_Tables1-15.xlsx,Table 6,92,M92,https://efiling.energysafety.ca.gov/eFiling/Getfile.aspx?fileid=53475&shareable=true
T6R-bee703f00a1a8e76,1060000082,4.e.t.2,exact,exact,4. Equipment / facility failure or damage,Crossarm,Transmission,HFTD Tier 2,# ignitions,exact,Yes,0,,,SDG&E,2023,2,v3.1,0,4,SDGE_2023_Q4_Tables1-15.xlsx,Table 6,92,N92,https://efiling.energysafety.ca.gov/eFiling/Getfile.aspx?fileid=53475&shareable=true
T6R-bb6925d71cd2552a,1060000082,4.e.t.2,exact,exact,4. Equipment / facility failure or damage,Crossarm,Transmission,HFTD Tier 2,# ignitions,exact,Yes,0,,,SDG&E,2023,3,v3.1,0,4,SDGE_2023_Q4_Tables1-15.xlsx,Table 6,92,O92,https://efiling.energysafety.ca.gov/eFiling/Getfile.aspx?fileid=53475&shareable=true
T6R-5699f74b720923ea,1060000082,4.e.t.2,exact,exact,4. Equipment / facility failure or damage,Crossarm,Transmission,HFTD Tier 2,# ignitions,exact,Yes,0,,,SDG&E,2023,4,v3.1,0,4,SDGE_2023_Q4_Tables1-15.xlsx,Table 6,92,P92,https://efiling.energysafety.ca.gov/eFiling/Getfile.aspx?fileid=53475&shareable=true
T6R-b876bcdc0d46beb1,1060000083,4.e.t.3,exact,exact,4. Equipment / facility failure or damage,Crossarm,Transmission,HFTD Tier 3,# ignitions,exact,Yes,0,,,SDG&E,2023,1,v3.1,0,4,SDGE_2023_Q4_Tables1-15.xlsx,Table 6,93,M93,https://efiling.energysafety.ca.gov/eFiling/Getfile.aspx?fileid=53475&shareable=true
T6R-ebdc1bff4b05b6ef,1060000083,4.e.t.3,exact,exact,4. Equipment / facility failure or damage,Crossarm,Transmission,HFTD Tier 3,# ignitions,exact,Yes,0,,,SDG&E,2023,2,v3.1,0,4,SDGE_2023_Q4_Tables1-15.xlsx,Table 6,93,N93,https://efiling.energysafety.ca.gov/eFiling/Getfile.aspx?fileid=53475&shareable=true
T6R-5a0de4470fdf4f85,1060000083,4.e.t.3,exact,exact,4. Equipment / facility failure or damage,Crossarm,Transmission,HFTD Tier 3,# ignitions,exact,Yes,0,,,SDG&E,2023,3,v3.1,0,4,SDGE_2023_Q4_Tables1-15.xlsx,Table 6,93,O93,https://efiling.energysafety.ca.gov/eFiling/Getfile.aspx?fileid=53475&shareable=true
T6R-a1f6b9c3274538a3,1060000083,4.e.t.3,exact,exact,4. Equipment / facility failure or damage,Crossarm,Transmission,HFTD Tier 3,# ignitions,exact,Yes,0,,,SDG&E,2023,4,v3.1,0,4,SDGE_2023_Q4_Tables1-15.xlsx,Table 6,93,P93,https://efiling.energysafety.ca.gov/eFiling/Getfile.aspx?fileid=53475&shareable=true
T6R-d40b2de08ca4b769,1060000084,4.f.d.0,exact,exact,4. Equipment / facility failure or damage,Fuse,Distribution,Non-HFTD,# ignitions,exact,Yes,0,,,SDG&E,2023,1,v3.1,0,4,SDGE_2023_Q4_Tables1-15.xlsx,Table 6,94,M94,https://efiling.energysafety.ca.gov/eFiling/Getfile.aspx?fileid=53475&shareable=true
T6R-dd6c30b5d192b1ce,1060000084,4.f.d.0,exact,exact,4. Equipment / facility failure or damage,Fuse,Distribution,Non-HFTD,# ignitions,exact,Yes,0,,,SDG&E,2023,2,v3.1,0,4,SDGE_2023_Q4_Tables1-15.xlsx,Table 6,94,N94,https://efiling.energysafety.ca.gov/eFiling/Getfile.aspx?fileid=53475&shareable=true
T6R-39aa7b2471c8f015,1060000084,4.f.d.0,exact,exact,4. Equipment / facility failure or damage,Fuse,Distribution,Non-HFTD,# ignitions,exact,Yes,0,,,SDG&E,2023,3,v3.1,0,4,SDGE_2023_Q4_Tables1-15.xlsx,Table 6,94,O94,https://efiling.energysafety.ca.gov/eFiling/Getfile.aspx?fileid=53475&shareable=true
T6R-cb868825e25f2392,1060000084,4.f.d.0,exact,exact,4. Equipment / facility failure or damage,Fuse,Distribution,Non-HFTD,# ignitions,exact,Yes,0,,,SDG&E,2023,4,v3.1,0,4,SDGE_2023_Q4_Tables1-15.xlsx,Table 6,94,P94,https://efiling.energysafety.ca.gov/eFiling/Getfile.aspx?fileid=53475&shareable=true
T6R-122d1bb34b3f2c8e,1060000085,4.f.d.2,exact,exact,4. Equipment / facility failure or damage,Fuse,Distribution,HFTD Tier 2,# ignitions,exact,Yes,0,,,SDG&E,2023,1,v3.1,0,4,SDGE_2023_Q4_Tables1-15.xlsx,Table 6,95,M95,https://efiling.energysafety.ca.gov/eFiling/Getfile.aspx?fileid=53475&shareable=true
T6R-a9de5c9ca12b3c41,1060000085,4.f.d.2,exact,exact,4. Equipment / facility failure or damage,Fuse,Distribution,HFTD Tier 2,# ignitions,exact,Yes,0,,,SDG&E,2023,2,v3.1,0,4,SDGE_2023_Q4_Tables1-15.xlsx,Table 6,95,N95,https://efiling.energysafety.ca.gov/eFiling/Getfile.aspx?fileid=53475&shareable=true
T6R-f66f94f91e98b95b,1060000085,4.f.d.2,exact,exact,4. Equipment / facility failure or damage,Fuse,Distribution,HFTD Tier 2,# ignitions,exact,Yes,0,,,SDG&E,2023,3,v3.1,0,4,SDGE_2023_Q4_Tables1-15.xlsx,Table 6,95,O95,https://efiling.energysafety.ca.gov/eFiling/Getfile.aspx?fileid=53475&shareable=true
T6R-6aca3f3f2c6e8c57,1060000085,4.f.d.2,exact,exact,4. Equipment / facility failure or damage,Fuse,Distribution,HFTD Tier 2,# ignitions,exact,Yes,0,,,SDG&E,2023,4,v3.1,0,4,SDGE_2023_Q4_Tables1-15.xlsx,Table 6,95,P95,https://efiling.energysafety.ca.gov/eFiling/Getfile.aspx?fileid=53475&shareable=true
T6R-6b24a0b9e121d974,1060000086,4.f.d.3,exact,exact,4. Equipment / facility failure or damage,Fuse,Distribution,HFTD Tier 3,# ignitions,exact,Yes,0,,,SDG&E,2023,1,v3.1,0,4,SDGE_2023_Q4_Tables1-15.xlsx,Table 6,96,M96,https://efiling.energysafety.ca.gov/eFiling/Getfile.aspx?fileid=53475&shareable=true
T6R-1a5ef84766e05290,1060000086,4.f.d.3,exact,exact,4. Equipment / facility failure or damage,Fuse,Distribution,HFTD Tier 3,# ignitions,exact,Yes,0,,,SDG&E,2023,2,v3.1,0,4,SDGE_2023_Q4_Tables1-15.xlsx,Table 6,96,N96,https://efiling.energysafety.ca.gov/eFiling/Getfile.aspx?fileid=53475&shareable=true
T6R-f84655f00b15f11f,1060000086,4.f.d.3,exact,exact,4. Equipment / facility failure or damage,Fuse,Distribution,HFTD Tier 3,# ignitions,exact,Yes,0,,,SDG&E,2023,3,v3.1,0,4,SDGE_2023_Q4_Tables1-15.xlsx,Table 6,96,O96,https://efiling.energysafety.ca.gov/eFiling/Getfile.aspx?fileid=53475&shareable=true
T6R-f34bcc8b388bf1b1,1060000086,4.f.d.3,exact,exact,4. Equipment / facility failure or damage,Fuse,Distribution,HFTD Tier 3,# ignitions,exact,Yes,0,,,SDG&E,2023,4,v3.1,0,4,SDGE_2023_Q4_Tables1-15.xlsx,Table 6,96,P96,https://efiling.energysafety.ca.gov/eFiling/Getfile.aspx?fileid=53475&shareable=true
T6R-ff659a554b28a91c,1060000087,4.f.t.0,exact,exact,4. Equipment / facility failure or damage,Fuse,Transmission,Non-HFTD,# ignitions,exact,Yes,0,,,SDG&E,2023,1,v3.1,0,4,SDGE_2023_Q4_Tables1-15.xlsx,Table 6,97,M97,https://efiling.energysafety.ca.gov/eFiling/Getfile.aspx?fileid=53475&shareable=true
T6R-06121ca407e158c0,1060000087,4.f.t.0,exact,exact,4. Equipment / facility failure or damage,Fuse,Transmission,Non-HFTD,# ignitions,exact,Yes,0,,,SDG&E,2023,2,v3.1,0,4,SDGE_2023_Q4_Tables1-15.xlsx,Table 6,97,N97,https://efiling.energysafety.ca.gov/eFiling/Getfile.aspx?fileid=53475&shareable=true
T6R-c86506bc43ce159f,1060000087,4.f.t.0,exact,exact,4. Equipment / facility failure or damage,Fuse,Transmission,Non-HFTD,# ignitions,exact,Yes,0,,,SDG&E,2023,3,v3.1,0,4,SDGE_2023_Q4_Tables1-15.xlsx,Table 6,97,O97,https://efiling.energysafety.ca.gov/eFiling/Getfile.aspx?fileid=53475&shareable=true
T6R-d4cf95b974dcc348,1060000087,4.f.t.0,exact,exact,4. Equipment / facility failure or damage,Fuse,Transmission,Non-HFTD,# ignitions,exact,Yes,0,,,SDG&E,2023,4,v3.1,0,4,SDGE_2023_Q4_Tables1-15.xlsx,Table 6,97,P97,https://efiling.energysafety.ca.gov/eFiling/Getfile.aspx?fileid=53475&shareable=true
T6R-8195fe6e02a9552b,1060000088,4.f.t.2,exact,exact,4. Equipment / facility failure or damage,Fuse,Transmission,HFTD Tier 2,# ignitions,exact,Yes,0,,,SDG&E,2023,1,v3.1,0,4,SDGE_2023_Q4_Tables1-15.xlsx,Table 6,98,M98,https://efiling.energysafety.ca.gov/eFiling/Getfile.aspx?fileid=53475&shareable=true
T6R-6aa91a4a39d44718,1060000088,4.f.t.2,exact,exact,4. Equipment / facility failure or damage,Fuse,Transmission,HFTD Tier 2,# ignitions,exact,Yes,0,,,SDG&E,2023,2,v3.1,0,4,SDGE_2023_Q4_Tables1-15.xlsx,Table 6,98,N98,https://efiling.energysafety.ca.gov/eFiling/Getfile.aspx?fileid=53475&shareable=true
T6R-b4ef3cb4d344e80f,1060000088,4.f.t.2,exact,exact,4. Equipment / facility failure or damage,Fuse,Transmission,HFTD Tier 2,# ignitions,exact,Yes,0,,,SDG&E,2023,3,v3.1,0,4,SDGE_2023_Q4_Tables1-15.xlsx,Table 6,98,O98,https://efiling.energysafety.ca.gov/eFiling/Getfile.aspx?fileid=53475&shareable=true
T6R-ec355076d63f8c15,1060000088,4.f.t.2,exact,exact,4. Equipment / facility failure or damage,Fuse,Transmission,HFTD Tier 2,# ignitions,exact,Yes,0,,,SDG&E,2023,4,v3.1,0,4,SDGE_2023_Q4_Tables1-15.xlsx,Table 6,98,P98,https://efiling.energysafety.ca.gov/eFiling/Getfile.aspx?fileid=53475&shareable=true
T6R-64e6f3341502afb3,1060000089,4.f.t.3,exact,exact,4. Equipment / facility failure or damage,Fuse,Transmission,HFTD Tier 3,# ignitions,exact,Yes,0,,,SDG&E,2023,1,v3.1,0,4,SDGE_2023_Q4_Tables1-15.xlsx,Table 6,99,M99,https://efiling.energysafety.ca.gov/eFiling/Getfile.aspx?fileid=53475&shareable=true
T6R-4082b42dc3ec81c3,1060000089,4.f.t.3,exact,exact,4. Equipment / facility failure or damage,Fuse,Transmission,HFTD Tier 3,# ignitions,exact,Yes,0,,,SDG&E,2023,2,v3.1,0,4,SDGE_2023_Q4_Tables1-15.xlsx,Table 6,99,N99,https://efiling.energysafety.ca.gov/eFiling/Getfile.aspx?fileid=53475&shareable=true
T6R-08afbb978a97b882,1060000089,4.f.t.3,exact,exact,4. Equipment / facility failure or damage,Fuse,Transmission,HFTD Tier 3,# ignitions,exact,Yes,0,,,SDG&E,2023,3,v3.1,0,4,SDGE_2023_Q4_Tables1-15.xlsx,Table 6,99,O99,https://efiling.energysafety.ca.gov/eFiling/Getfile.aspx?fileid=53475&shareable=true
T6R-f3a40209782c1587,1060000089,4.f.t.3,exact,exact,4. Equipment / facility failure or damage,Fuse,Transmission,HFTD Tier 3,# ignitions,exact,Yes,0,,,SDG&E,2023,4,v3.1,0,4,SDGE_2023_Q4_Tables1-15.xlsx,Table 6,99,P99,https://efiling.energysafety.ca.gov/eFiling/Getfile.aspx?fileid=53475&shareable=true
T6R-2b3053cefd33c1e3,1060000090,4.g.d.0,exact,exact,4. Equipment / facility failure or damage,Cutout,Distribution,Non-HFTD,# ignitions,exact,No,,,SDG&E did not track this driver historically but can implement for future ignitions,SDG&E,2023,1,v3.1,0,4,SDGE_2023_Q4_Tables1-15.xlsx,Table 6,100,M100,https://efiling.energysafety.ca.gov/eFiling/Getfile.aspx?fileid=53475&shareable=true
T6R-755b12551321e4aa,1060000090,4.g.d.0,exact,exact,4. Equipment / facility failure or damage,Cutout,Distribution,Non-HFTD,# ignitions,exact,No,,,SDG&E did not track this driver historically but can implement for future ignitions,SDG&E,2023,2,v3.1,0,4,SDGE_2023_Q4_Tables1-15.xlsx,Table 6,100,N100,https://efiling.energysafety.ca.gov/eFiling/Getfile.aspx?fileid=53475&shareable=true
T6R-ae6a6158a445b37d,1060000090,4.g.d.0,exact,exact,4. Equipment / facility failure or damage,Cutout,Distribution,Non-HFTD,# ignitions,exact,No,,,SDG&E did not track this driver historically but can implement for future ignitions,SDG&E,2023,3,v3.1,0,4,SDGE_2023_Q4_Tables1-15.xlsx,Table 6,100,O100,https://efiling.energysafety.ca.gov/eFiling/Getfile.aspx?fileid=53475&shareable=true
T6R-b6a1ea508467272c,1060000090,4.g.d.0,exact,exact,4. Equipment / facility failure or damage,Cutout,Distribution,Non-HFTD,# ignitions,exact,No,,,SDG&E did not track this driver historically but can implement for future ignitions,SDG&E,2023,4,v3.1,0,4,SDGE_2023_Q4_Tables1-15.xlsx,Table 6,100,P100,https://efiling.energysafety.ca.gov/eFiling/Getfile.aspx?fileid=53475&shareable=true
T6R-8a72fcf3a6c6f566,1060000091,4.g.d.2,exact,exact,4. Equipment / facility failure or damage,Cutout,Distribution,HFTD Tier 2,# ignitions,exact,No,,,SDG&E did not track this driver historically but can implement for future ignitions,SDG&E,2023,1,v3.1,0,4,SDGE_2023_Q4_Tables1-15.xlsx,Table 6,101,M101,https://efiling.energysafety.ca.gov/eFiling/Getfile.aspx?fileid=53475&shareable=true
T6R-d828f734c33d119b,1060000091,4.g.d.2,exact,exact,4. Equipment / facility failure or damage,Cutout,Distribution,HFTD Tier 2,# ignitions,exact,No,,,SDG&E did not track this driver historically but can implement for future ignitions,SDG&E,2023,2,v3.1,0,4,SDGE_2023_Q4_Tables1-15.xlsx,Table 6,101,N101,https://efiling.energysafety.ca.gov/eFiling/Getfile.aspx?fileid=53475&shareable=true
T6R-bae325a11ba737e9,1060000091,4.g.d.2,exact,exact,4. Equipment / facility failure or damage,Cutout,Distribution,HFTD Tier 2,# ignitions,exact,No,,,SDG&E did not track this driver historically but can implement for future ignitions,SDG&E,2023,3,v3.1,0,4,SDGE_2023_Q4_Tables1-15.xlsx,Table 6,101,O101,https://efiling.energysafety.ca.gov/eFiling/Getfile.aspx?fileid=53475&shareable=true
T6R-3f04e4f32d50755b,1060000091,4.g.d.2,exact,exact,4. Equipment / facility failure or damage,Cutout,Distribution,HFTD Tier 2,# ignitions,exact,No,,,SDG&E did not track this driver historically but can implement for future ignitions,SDG&E,2023,4,v3.1,0,4,SDGE_2023_Q4_Tables1-15.xlsx,Table 6,101,P101,https://efiling.energysafety.ca.gov/eFiling/Getfile.aspx?fileid=53475&shareable=true
T6R-15a1b94cc95022b2,1060000092,4.g.d.3,exact,exact,4. Equipment / facility failure or damage,Cutout,Distribution,HFTD Tier 3,# ignitions,exact,No,,,SDG&E did not track this driver historically but can implement for future ignitions,SDG&E,2023,1,v3.1,0,4,SDGE_2023_Q4_Tables1-15.xlsx,Table 6,102,M102,https://efiling.energysafety.ca.gov/eFiling/Getfile.aspx?fileid=53475&shareable=true
T6R-5a287b68dc5ac223,1060000092,4.g.d.3,exact,exact,4. Equipment / facility failure or damage,Cutout,Distribution,HFTD Tier 3,# ignitions,exact,No,,,SDG&E did not track this driver historically but can implement for future ignitions,SDG&E,2023,2,v3.1,0,4,SDGE_2023_Q4_Tables1-15.xlsx,Table 6,102,N102,https://efiling.energysafety.ca.gov/eFiling/Getfile.aspx?fileid=53475&shareable=true
T6R-9e2335ea1c59531b,1060000092,4.g.d.3,exact,exact,4. Equipment / facility failure or damage,Cutout,Distribution,HFTD Tier 3,# ignitions,exact,No,,,SDG&E did not track this driver historically but can implement for future ignitions,SDG&E,2023,3,v3.1,0,4,SDGE_2023_Q4_Tables1-15.xlsx,Table 6,102,O102,https://efiling.energysafety.ca.gov/eFiling/Getfile.aspx?fileid=53475&shareable=true
T6R-523043fc0e7ec0ab,1060000092,4.g.d.3,exact,exact,4. Equipment / facility failure or damage,Cutout,Distribution,HFTD Tier 3,# ignitions,exact,No,,,SDG&E did not track this driver historically but can implement for future ignitions,SDG&E,2023,4,v3.1,0,4,SDGE_2023_Q4_Tables1-15.xlsx,Table 6,102,P102,https://efiling.energysafety.ca.gov/eFiling/Getfile.aspx?fileid=53475&shareable=true
T6R-576e972a99cf2661,1060000093,4.g.t.0,exact,exact,4. Equipment / facility failure or damage,Cutout,Transmission,Non-HFTD,# ignitions,exact,No,,,SDG&E did not track this driver historically but can implement for future ignitions,SDG&E,2023,1,v3.1,0,4,SDGE_2023_Q4_Tables1-15.xlsx,Table 6,103,M103,https://efiling.energysafety.ca.gov/eFiling/Getfile.aspx?fileid=53475&shareable=true
T6R-c15ba5e5ffa51d21,1060000093,4.g.t.0,exact,exact,4. Equipment / facility failure or damage,Cutout,Transmission,Non-HFTD,# ignitions,exact,No,,,SDG&E did not track this driver historically but can implement for future ignitions,SDG&E,2023,2,v3.1,0,4,SDGE_2023_Q4_Tables1-15.xlsx,Table 6,103,N103,https://efiling.energysafety.ca.gov/eFiling/Getfile.aspx?fileid=53475&shareable=true
T6R-edab4e0d56e3b147,1060000093,4.g.t.0,exact,exact,4. Equipment / facility failure or damage,Cutout,Transmission,Non-HFTD,# ignitions,exact,No,,,SDG&E did not track this driver historically but can implement for future ignitions,SDG&E,2023,3,v3.1,0,4,SDGE_2023_Q4_Tables1-15.xlsx,Table 6,103,O103,https://efiling.energysafety.ca.gov/eFiling/Getfile.aspx?fileid=53475&shareable=true
T6R-d9e71f2521f4d020,1060000093,4.g.t.0,exact,exact,4. Equipment / facility failure or damage,Cutout,Transmission,Non-HFTD,# ignitions,exact,No,,,SDG&E did not track this driver historically but can implement for future ignitions,SDG&E,2023,4,v3.1,0,4,SDGE_2023_Q4_Tables1-15.xlsx,Table 6,103,P103,https://efiling.energysafety.ca.gov/eFiling/Getfile.aspx?fileid=53475&shareable=true
T6R-819aa34cf0bd7be6,1060000094,4.g.t.2,exact,exact,4. Equipment / facility failure or damage,Cutout,Transmission,HFTD Tier 2,# ignitions,exact,No,,,SDG&E did not track this driver historically but can implement for future ignitions,SDG&E,2023,1,v3.1,0,4,SDGE_2023_Q4_Tables1-15.xlsx,Table 6,104,M104,https://efiling.energysafety.ca.gov/eFiling/Getfile.aspx?fileid=53475&shareable=true
T6R-11aefb67922b2bcb,1060000094,4.g.t.2,exact,exact,4. Equipment / facility failure or damage,Cutout,Transmission,HFTD Tier 2,# ignitions,exact,No,,,SDG&E did not track this driver historically but can implement for future ignitions,SDG&E,2023,2,v3.1,0,4,SDGE_2023_Q4_Tables1-15.xlsx,Table 6,104,N104,https://efiling.energysafety.ca.gov/eFiling/Getfile.aspx?fileid=53475&shareable=true
T6R-8961e650c31ef5e1,1060000094,4.g.t.2,exact,exact,4. Equipment / facility failure or damage,Cutout,Transmission,HFTD Tier 2,# ignitions,exact,No,,,SDG&E did not track this driver historically but can implement for future ignitions,SDG&E,2023,3,v3.1,0,4,SDGE_2023_Q4_Tables1-15.xlsx,Table 6,104,O104,https://efiling.energysafety.ca.gov/eFiling/Getfile.aspx?fileid=53475&shareable=true
T6R-56e192fcd509a478,1060000094,4.g.t.2,exact,exact,4. Equipment / facility failure or damage,Cutout,Transmission,HFTD Tier 2,# ignitions,exact,No,,,SDG&E did not track this driver historically but can implement for future ignitions,SDG&E,2023,4,v3.1,0,4,SDGE_2023_Q4_Tables1-15.xlsx,Table 6,104,P104,https://efiling.energysafety.ca.gov/eFiling/Getfile.aspx?fileid=53475&shareable=true
T6R-03ea7b5341d3915a,1060000095,4.g.t.3,exact,exact,4. Equipment / facility failure or damage,Cutout,Transmission,HFTD Tier 3,# ignitions,exact,No,,,SDG&E did not track this driver historically but can implement for future ignitions,SDG&E,2023,1,v3.1,0,4,SDGE_2023_Q4_Tables1-15.xlsx,Table 6,105,M105,https://efiling.energysafety.ca.gov/eFiling/Getfile.aspx?fileid=53475&shareable=true
T6R-0955551a76221f67,1060000095,4.g.t.3,exact,exact,4. Equipment / facility failure or damage,Cutout,Transmission,HFTD Tier 3,# ignitions,exact,No,,,SDG&E did not track this driver historically but can implement for future ignitions,SDG&E,2023,2,v3.1,0,4,SDGE_2023_Q4_Tables1-15.xlsx,Table 6,105,N105,https://efiling.energysafety.ca.gov/eFiling/Getfile.aspx?fileid=53475&shareable=true
T6R-216e2ee41650607a,1060000095,4.g.t.3,exact,exact,4. Equipment / facility failure or damage,Cutout,Transmission,HFTD Tier 3,# ignitions,exact,No,,,SDG&E did not track this driver historically but can implement for future ignitions,SDG&E,2023,3,v3.1,0,4,SDGE_2023_Q4_Tables1-15.xlsx,Table 6,105,O105,https://efiling.energysafety.ca.gov/eFiling/Getfile.aspx?fileid=53475&shareable=true
T6R-a004033a4f88ea77,1060000095,4.g.t.3,exact,exact,4. Equipment / facility failure or damage,Cutout,Transmission,HFTD Tier 3,# ignitions,exact,No,,,SDG&E did not track this driver historically but can implement for future ignitions,SDG&E,2023,4,v3.1,0,4,SDGE_2023_Q4_Tables1-15.xlsx,Table 6,105,P105,https://efiling.energysafety.ca.gov/eFiling/Getfile.aspx?fileid=53475&shareable=true
T6R-ac1499028ca7c60a,1060000096,4.h.d.0,corrected_in_v3_2,exact,4. Equipment / facility failure or damage,Insulator and bushing,Distribution,Non-HFTD,# ignitions,exact,No,0,,,SDG&E,2023,1,v3.1,0,4,SDGE_2023_Q4_Tables1-15.xlsx,Table 6,106,M106,https://efiling.energysafety.ca.gov/eFiling/Getfile.aspx?fileid=53475&shareable=true
T6R-a7264fed0778d781,1060000096,4.h.d.0,corrected_in_v3_2,exact,4. Equipment / facility failure or damage,Insulator and bushing,Distribution,Non-HFTD,# ignitions,exact,No,0,,,SDG&E,2023,2,v3.1,0,4,SDGE_2023_Q4_Tables1-15.xlsx,Table 6,106,N106,https://efiling.energysafety.ca.gov/eFiling/Getfile.aspx?fileid=53475&shareable=true
T6R-25c29456bf6c8115,1060000096,4.h.d.0,corrected_in_v3_2,exact,4. Equipment / facility failure or damage,Insulator and bushing,Distribution,Non-HFTD,# ignitions,exact,No,0,,,SDG&E,2023,3,v3.1,0,4,SDGE_2023_Q4_Tables1-15.xlsx,Table 6,106,O106,https://efiling.energysafety.ca.gov/eFiling/Getfile.aspx?fileid=53475&shareable=true
T6R-0ac341443749c3fd,1060000096,4.h.d.0,corrected_in_v3_2,exact,4. Equipment / facility failure or damage,Insulator and bushing,Distribution,Non-HFTD,# ignitions,exact,No,0,,,SDG&E,2023,4,v3.1,0,4,SDGE_2023_Q4_Tables1-15.xlsx,Table 6,106,P106,https://efiling.energysafety.ca.gov/eFiling/Getfile.aspx?fileid=53475&shareable=true
T6R-730e81ce2e5096c6,1060000097,4.h.d.2,corrected_in_v3_2,exact,4. Equipment / facility failure or damage,Insulator and bushing,Distribution,HFTD Tier 2,# ignitions,exact,No,0,,,SDG&E,2023,1,v3.1,0,4,SDGE_2023_Q4_Tables1-15.xlsx,Table 6,107,M107,https://efiling.energysafety.ca.gov/eFiling/Getfile.aspx?fileid=53475&shareable=true
T6R-5f60a446c2a36410,1060000097,4.h.d.2,corrected_in_v3_2,exact,4. Equipment / facility failure or damage,Insulator and bushing,Distribution,HFTD Tier 2,# ignitions,exact,No,0,,,SDG&E,2023,2,v3.1,0,4,SDGE_2023_Q4_Tables1-15.xlsx,Table 6,107,N107,https://efiling.energysafety.ca.gov/eFiling/Getfile.aspx?fileid=53475&shareable=true
T6R-2a807b5aed128876,1060000097,4.h.d.2,corrected_in_v3_2,exact,4. Equipment / facility failure or damage,Insulator and bushing,Distribution,HFTD Tier 2,# ignitions,exact,No,0,,,SDG&E,2023,3,v3.1,0,4,SDGE_2023_Q4_Tables1-15.xlsx,Table 6,107,O107,https://efiling.energysafety.ca.gov/eFiling/Getfile.aspx?fileid=53475&shareable=true
T6R-fd3e2b16e5343218,1060000097,4.h.d.2,corrected_in_v3_2,exact,4. Equipment / facility failure or damage,Insulator and bushing,Distribution,HFTD Tier 2,# ignitions,exact,No,0,,,SDG&E,2023,4,v3.1,0,4,SDGE_2023_Q4_Tables1-15.xlsx,Table 6,107,P107,https://efiling.energysafety.ca.gov/eFiling/Getfile.aspx?fileid=53475&shareable=true
T6R-e32b62d3942c5c05,1060000098,4.h.d.3,corrected_in_v3_2,exact,4. Equipment / facility failure or damage,Insulator and bushing,Distribution,HFTD Tier 3,# ignitions,exact,No,0,,,SDG&E,2023,1,v3.1,0,4,SDGE_2023_Q4_Tables1-15.xlsx,Table 6,108,M108,https://efiling.energysafety.ca.gov/eFiling/Getfile.aspx?fileid=53475&shareable=true
T6R-99b274a7a9bb3d1f,1060000098,4.h.d.3,corrected_in_v3_2,exact,4. Equipment / facility failure or damage,Insulator and bushing,Distribution,HFTD Tier 3,# ignitions,exact,No,0,,,SDG&E,2023,2,v3.1,0,4,SDGE_2023_Q4_Tables1-15.xlsx,Table 6,108,N108,https://efiling.energysafety.ca.gov/eFiling/Getfile.aspx?fileid=53475&shareable=true
T6R-e0ce25be297442fb,1060000098,4.h.d.3,corrected_in_v3_2,exact,4. Equipment / facility failure or damage,Insulator and bushing,Distribution,HFTD Tier 3,# ignitions,exact,No,0,,,SDG&E,2023,3,v3.1,0,4,SDGE_2023_Q4_Tables1-15.xlsx,Table 6,108,O108,https://efiling.energysafety.ca.gov/eFiling/Getfile.aspx?fileid=53475&shareable=true
T6R-5e457ab637d0aa9a,1060000098,4.h.d.3,corrected_in_v3_2,exact,4. Equipment / facility failure or damage,Insulator and bushing,Distribution,HFTD Tier 3,# ignitions,exact,No,1,,,SDG&E,2023,4,v3.1,0,4,SDGE_2023_Q4_Tables1-15.xlsx,Table 6,108,P108,https://efiling.energysafety.ca.gov/eFiling/Getfile.aspx?fileid=53475&shareable=true
T6R-9ceab9d0a4645788,1060000099,4.h.t.0,corrected_in_v3_2,exact,4. Equipment / facility failure or damage,Insulator and bushing,Transmission,Non-HFTD,# ignitions,exact,No,0,,,SDG&E,2023,1,v3.1,0,4,SDGE_2023_Q4_Tables1-15.xlsx,Table 6,109,M109,https://efiling.energysafety.ca.gov/eFiling/Getfile.aspx?fileid=53475&shareable=true
T6R-c4dc5c62f3dd3ab4,1060000099,4.h.t.0,corrected_in_v3_2,exact,4. Equipment / facility failure or damage,Insulator and bushing,Transmission,Non-HFTD,# ignitions,exact,No,0,,,SDG&E,2023,2,v3.1,0,4,SDGE_2023_Q4_Tables1-15.xlsx,Table 6,109,N109,https://efiling.energysafety.ca.gov/eFiling/Getfile.aspx?fileid=53475&shareable=true
T6R-e9ace25a5b5514df,1060000099,4.h.t.0,corrected_in_v3_2,exact,4. Equipment / facility failure or damage,Insulator and bushing,Transmission,Non-HFTD,# ignitions,exact,No,0,,,SDG&E,2023,3,v3.1,0,4,SDGE_2023_Q4_Tables1-15.xlsx,Table 6,109,O109,https://efiling.energysafety.ca.gov/eFiling/Getfile.aspx?fileid=53475&shareable=true
T6R-9159737a44a52328,1060000099,4.h.t.0,corrected_in_v3_2,exact,4. Equipment / facility failure or damage,Insulator and bushing,Transmission,Non-HFTD,# ignitions,exact,No,0,,,SDG&E,2023,4,v3.1,0,4,SDGE_2023_Q4_Tables1-15.xlsx,Table 6,109,P109,https://efiling.energysafety.ca.gov/eFiling/Getfile.aspx?fileid=53475&shareable=true
T6R-8cc67102863b56f4,1060000100,4.h.t.2,corrected_in_v3_2,exact,4. Equipment / facility failure or damage,Insulator and bushing,Transmission,HFTD Tier 2,# ignitions,exact,No,0,,,SDG&E,2023,1,v3.1,0,4,SDGE_2023_Q4_Tables1-15.xlsx,Table 6,110,M110,https://efiling.energysafety.ca.gov/eFiling/Getfile.aspx?fileid=53475&shareable=true
T6R-a8331e641c37c4de,1060000100,4.h.t.2,corrected_in_v3_2,exact,4. Equipment / facility failure or damage,Insulator and bushing,Transmission,HFTD Tier 2,# ignitions,exact,No,0,,,SDG&E,2023,2,v3.1,0,4,SDGE_2023_Q4_Tables1-15.xlsx,Table 6,110,N110,https://efiling.energysafety.ca.gov/eFiling/Getfile.aspx?fileid=53475&shareable=true
T6R-3856faa99ad8346f,1060000100,4.h.t.2,corrected_in_v3_2,exact,4. Equipment / facility failure or damage,Insulator and bushing,Transmission,HFTD Tier 2,# ignitions,exact,No,0,,,SDG&E,2023,3,v3.1,0,4,SDGE_2023_Q4_Tables1-15.xlsx,Table 6,110,O110,https://efiling.energysafety.ca.gov/eFiling/Getfile.aspx?fileid=53475&shareable=true
T6R-78b091d9e3617f89,1060000100,4.h.t.2,corrected_in_v3_2,exact,4. Equipment / facility failure or damage,Insulator and bushing,Transmission,HFTD Tier 2,# ignitions,exact,No,0,,,SDG&E,2023,4,v3.1,0,4,SDGE_2023_Q4_Tables1-15.xlsx,Table 6,110,P110,https://efiling.energysafety.ca.gov/eFiling/Getfile.aspx?fileid=53475&shareable=true
T6R-329cd81abb413f3d,1060000101,4.h.t.3,corrected_in_v3_2,exact,4. Equipment / facility failure or damage,Insulator and bushing,Transmission,HFTD Tier 3,# ignitions,exact,No,0,,,SDG&E,2023,1,v3.1,0,4,SDGE_2023_Q4_Tables1-15.xlsx,Table 6,111,M111,https://efiling.energysafety.ca.gov/eFiling/Getfile.aspx?fileid=53475&shareable=true
T6R-5483d42f76f5beda,1060000101,4.h.t.3,corrected_in_v3_2,exact,4. Equipment / facility failure or damage,Insulator and bushing,Transmission,HFTD Tier 3,# ignitions,exact,No,0,,,SDG&E,2023,2,v3.1,0,4,SDGE_2023_Q4_Tables1-15.xlsx,Table 6,111,N111,https://efiling.energysafety.ca.gov/eFiling/Getfile.aspx?fileid=53475&shareable=true
T6R-712cb821a46adac0,1060000101,4.h.t.3,corrected_in_v3_2,exact,4. Equipment / facility failure or damage,Insulator and bushing,Transmission,HFTD Tier 3,# ignitions,exact,No,0,,,SDG&E,2023,3,v3.1,0,4,SDGE_2023_Q4_Tables1-15.xlsx,Table 6,111,O111,https://efiling.energysafety.ca.gov/eFiling/Getfile.aspx?fileid=53475&shareable=true
T6R-c7ef79841eb4762f,1060000101,4.h.t.3,corrected_in_v3_2,exact,4. Equipment / facility failure or damage,Insulator and bushing,Transmission,HFTD Tier 3,# ignitions,exact,No,0,,,SDG&E,2023,4,v3.1,0,4,SDGE_2023_Q4_Tables1-15.xlsx,Table 6,111,P111,https://efiling.energysafety.ca.gov/eFiling/Getfile.aspx?fileid=53475&shareable=true
T6R-fcbf68c59626966c,1060000102,4.i.d.0,corrected_in_v3_2,exact,4. Equipment / facility failure or damage,Lightning arrester,Distribution,Non-HFTD,# ignitions,exact,Yes,0,,,SDG&E,2023,1,v3.1,0,4,SDGE_2023_Q4_Tables1-15.xlsx,Table 6,112,M112,https://efiling.energysafety.ca.gov/eFiling/Getfile.aspx?fileid=53475&shareable=true
T6R-6e0f9c27ed56aba1,1060000102,4.i.d.0,corrected_in_v3_2,exact,4. Equipment / facility failure or damage,Lightning arrester,Distribution,Non-HFTD,# ignitions,exact,Yes,0,,,SDG&E,2023,2,v3.1,0,4,SDGE_2023_Q4_Tables1-15.xlsx,Table 6,112,N112,https://efiling.energysafety.ca.gov/eFiling/Getfile.aspx?fileid=53475&shareable=true
T6R-e57a00ce2429180b,1060000102,4.i.d.0,corrected_in_v3_2,exact,4. Equipment / facility failure or damage,Lightning arrester,Distribution,Non-HFTD,# ignitions,exact,Yes,1,,,SDG&E,2023,3,v3.1,0,4,SDGE_2023_Q4_Tables1-15.xlsx,Table 6,112,O112,https://efiling.energysafety.ca.gov/eFiling/Getfile.aspx?fileid=53475&shareable=true
T6R-9b190f01cb1dea25,1060000102,4.i.d.0,corrected_in_v3_2,exact,4. Equipment / facility failure or damage,Lightning arrester,Distribution,Non-HFTD,# ignitions,exact,Yes,0,,,SDG&E,2023,4,v3.1,0,4,SDGE_2023_Q4_Tables1-15.xlsx,Table 6,112,P112,https://efiling.energysafety.ca.gov/eFiling/Getfile.aspx?fileid=53475&shareable=true
T6R-1127bf0d4715d954,1060000103,4.i.d.2,corrected_in_v3_2,exact,4. Equipment / facility failure or damage,Lightning arrester,Distribution,HFTD Tier 2,# ignitions,exact,Yes,0,,,SDG&E,2023,1,v3.1,0,4,SDGE_2023_Q4_Tables1-15.xlsx,Table 6,113,M113,https://efiling.energysafety.ca.gov/eFiling/Getfile.aspx?fileid=53475&shareable=true
T6R-a81322ece1feaf03,1060000103,4.i.d.2,corrected_in_v3_2,exact,4. Equipment / facility failure or damage,Lightning arrester,Distribution,HFTD Tier 2,# ignitions,exact,Yes,0,,,SDG&E,2023,2,v3.1,0,4,SDGE_2023_Q4_Tables1-15.xlsx,Table 6,113,N113,https://efiling.energysafety.ca.gov/eFiling/Getfile.aspx?fileid=53475&shareable=true
T6R-fddadfc5ee8b22b4,1060000103,4.i.d.2,corrected_in_v3_2,exact,4. Equipment / facility failure or damage,Lightning arrester,Distribution,HFTD Tier 2,# ignitions,exact,Yes,0,,,SDG&E,2023,3,v3.1,0,4,SDGE_2023_Q4_Tables1-15.xlsx,Table 6,113,O113,https://efiling.energysafety.ca.gov/eFiling/Getfile.aspx?fileid=53475&shareable=true
T6R-3101e9354d559e1b,1060000103,4.i.d.2,corrected_in_v3_2,exact,4. Equipment / facility failure or damage,Lightning arrester,Distribution,HFTD Tier 2,# ignitions,exact,Yes,0,,,SDG&E,2023,4,v3.1,0,4,SDGE_2023_Q4_Tables1-15.xlsx,Table 6,113,P113,https://efiling.energysafety.ca.gov/eFiling/Getfile.aspx?fileid=53475&shareable=true
T6R-b414cfef91b0ebac,1060000104,4.i.d.3,corrected_in_v3_2,exact,4. Equipment / facility failure or damage,Lightning arrester,Distribution,HFTD Tier 3,# ignitions,exact,Yes,0,,,SDG&E,2023,1,v3.1,0,4,SDGE_2023_Q4_Tables1-15.xlsx,Table 6,114,M114,https://efiling.energysafety.ca.gov/eFiling/Getfile.aspx?fileid=53475&shareable=true
T6R-ac7bd27da5dde0c5,1060000104,4.i.d.3,corrected_in_v3_2,exact,4. Equipment / facility failure or damage,Lightning arrester,Distribution,HFTD Tier 3,# ignitions,exact,Yes,0,,,SDG&E,2023,2,v3.1,0,4,SDGE_2023_Q4_Tables1-15.xlsx,Table 6,114,N114,https://efiling.energysafety.ca.gov/eFiling/Getfile.aspx?fileid=53475&shareable=true
T6R-a6c6b89f6d132bf9,1060000104,4.i.d.3,corrected_in_v3_2,exact,4. Equipment / facility failure or damage,Lightning arrester,Distribution,HFTD Tier 3,# ignitions,exact,Yes,0,,,SDG&E,2023,3,v3.1,0,4,SDGE_2023_Q4_Tables1-15.xlsx,Table 6,114,O114,https://efiling.energysafety.ca.gov/eFiling/Getfile.aspx?fileid=53475&shareable=true
T6R-8ba3964774f18dbf,1060000104,4.i.d.3,corrected_in_v3_2,exact,4. Equipment / facility failure or damage,Lightning arrester,Distribution,HFTD Tier 3,# ignitions,exact,Yes,0,,,SDG&E,2023,4,v3.1,0,4,SDGE_2023_Q4_Tables1-15.xlsx,Table 6,114,P114,https://efiling.energysafety.ca.gov/eFiling/Getfile.aspx?fileid=53475&shareable=true
T6R-0abe2d8f1693f939,1060000105,4.i.t.0,corrected_in_v3_2,exact,4. Equipment / facility failure or damage,Lightning arrester,Transmission,Non-HFTD,# ignitions,exact,Yes,0,,,SDG&E,2023,1,v3.1,0,4,SDGE_2023_Q4_Tables1-15.xlsx,Table 6,115,M115,https://efiling.energysafety.ca.gov/eFiling/Getfile.aspx?fileid=53475&shareable=true
T6R-d28a20198ffe61ba,1060000105,4.i.t.0,corrected_in_v3_2,exact,4. Equipment / facility failure or damage,Lightning arrester,Transmission,Non-HFTD,# ignitions,exact,Yes,0,,,SDG&E,2023,2,v3.1,0,4,SDGE_2023_Q4_Tables1-15.xlsx,Table 6,115,N115,https://efiling.energysafety.ca.gov/eFiling/Getfile.aspx?fileid=53475&shareable=true
T6R-d1c17f63f86d6008,1060000105,4.i.t.0,corrected_in_v3_2,exact,4. Equipment / facility failure or damage,Lightning arrester,Transmission,Non-HFTD,# ignitions,exact,Yes,0,,,SDG&E,2023,3,v3.1,0,4,SDGE_2023_Q4_Tables1-15.xlsx,Table 6,115,O115,https://efiling.energysafety.ca.gov/eFiling/Getfile.aspx?fileid=53475&shareable=true
T6R-8e79295676133de7,1060000105,4.i.t.0,corrected_in_v3_2,exact,4. Equipment / facility failure or damage,Lightning arrester,Transmission,Non-HFTD,# ignitions,exact,Yes,0,,,SDG&E,2023,4,v3.1,0,4,SDGE_2023_Q4_Tables1-15.xlsx,Table 6,115,P115,https://efiling.energysafety.ca.gov/eFiling/Getfile.aspx?fileid=53475&shareable=true
T6R-5c21d517a0c9d45c,1060000106,4.i.t.2,corrected_in_v3_2,exact,4. Equipment / facility failure or damage,Lightning arrester,Transmission,HFTD Tier 2,# ignitions,exact,Yes,0,,,SDG&E,2023,1,v3.1,0,4,SDGE_2023_Q4_Tables1-15.xlsx,Table 6,116,M116,https://efiling.energysafety.ca.gov/eFiling/Getfile.aspx?fileid=53475&shareable=true
T6R-867155b349a59b11,1060000106,4.i.t.2,corrected_in_v3_2,exact,4. Equipment / facility failure or damage,Lightning arrester,Transmission,HFTD Tier 2,# ignitions,exact,Yes,0,,,SDG&E,2023,2,v3.1,0,4,SDGE_2023_Q4_Tables1-15.xlsx,Table 6,116,N116,https://efiling.energysafety.ca.gov/eFiling/Getfile.aspx?fileid=53475&shareable=true
T6R-5d1ccfecb22c6345,1060000106,4.i.t.2,corrected_in_v3_2,exact,4. Equipment / facility failure or damage,Lightning arrester,Transmission,HFTD Tier 2,# ignitions,exact,Yes,0,,,SDG&E,2023,3,v3.1,0,4,SDGE_2023_Q4_Tables1-15.xlsx,Table 6,116,O116,https://efiling.energysafety.ca.gov/eFiling/Getfile.aspx?fileid=53475&shareable=true
T6R-7ee76865d63a8932,1060000106,4.i.t.2,corrected_in_v3_2,exact,4. Equipment / facility failure or damage,Lightning arrester,Transmission,HFTD Tier 2,# ignitions,exact,Yes,0,,,SDG&E,2023,4,v3.1,0,4,SDGE_2023_Q4_Tables1-15.xlsx,Table 6,116,P116,https://efiling.energysafety.ca.gov/eFiling/Getfile.aspx?fileid=53475&shareable=true
T6R-8c142dd4f39350ee,1060000107,4.i.t.3,corrected_in_v3_2,exact,4. Equipment / facility failure or damage,Lightning arrester,Transmission,HFTD Tier 3,# ignitions,exact,Yes,0,,,SDG&E,2023,1,v3.1,0,4,SDGE_2023_Q4_Tables1-15.xlsx,Table 6,117,M117,https://efiling.energysafety.ca.gov/eFiling/Getfile.aspx?fileid=53475&shareable=true
T6R-5ba56a303be9ed2c,1060000107,4.i.t.3,corrected_in_v3_2,exact,4. Equipment / facility failure or damage,Lightning arrester,Transmission,HFTD Tier 3,# ignitions,exact,Yes,0,,,SDG&E,2023,2,v3.1,0,4,SDGE_2023_Q4_Tables1-15.xlsx,Table 6,117,N117,https://efiling.energysafety.ca.gov/eFiling/Getfile.aspx?fileid=53475&shareable=true
T6R-ff99154df1ebfa90,1060000107,4.i.t.3,corrected_in_v3_2,exact,4. Equipment / facility failure or damage,Lightning arrester,Transmission,HFTD Tier 3,# ignitions,exact,Yes,0,,,SDG&E,2023,3,v3.1,0,4,SDGE_2023_Q4_Tables1-15.xlsx,Table 6,117,O117,https://efiling.energysafety.ca.gov/eFiling/Getfile.aspx?fileid=53475&shareable=true
T6R-790611ab8c8ec606,1060000107,4.i.t.3,corrected_in_v3_2,exact,4. Equipment / facility failure or damage,Lightning arrester,Transmission,HFTD Tier 3,# ignitions,exact,Yes,0,,,SDG&E,2023,4,v3.1,0,4,SDGE_2023_Q4_Tables1-15.xlsx,Table 6,117,P117,https://efiling.energysafety.ca.gov/eFiling/Getfile.aspx?fileid=53475&shareable=true
T6R-d6db5f9511755060,1060000108,4.j.d.0,exact,exact,4. Equipment / facility failure or damage,Pole,Distribution,Non-HFTD,# ignitions,exact,Yes,0,,,SDG&E,2023,1,v3.1,0,4,SDGE_2023_Q4_Tables1-15.xlsx,Table 6,118,M118,https://efiling.energysafety.ca.gov/eFiling/Getfile.aspx?fileid=53475&shareable=true
T6R-0b56bcb6098462bf,1060000108,4.j.d.0,exact,exact,4. Equipment / facility failure or damage,Pole,Distribution,Non-HFTD,# ignitions,exact,Yes,0,,,SDG&E,2023,2,v3.1,0,4,SDGE_2023_Q4_Tables1-15.xlsx,Table 6,118,N118,https://efiling.energysafety.ca.gov/eFiling/Getfile.aspx?fileid=53475&shareable=true
T6R-045a7962b219dd85,1060000108,4.j.d.0,exact,exact,4. Equipment / facility failure or damage,Pole,Distribution,Non-HFTD,# ignitions,exact,Yes,0,,,SDG&E,2023,3,v3.1,0,4,SDGE_2023_Q4_Tables1-15.xlsx,Table 6,118,O118,https://efiling.energysafety.ca.gov/eFiling/Getfile.aspx?fileid=53475&shareable=true
T6R-b178f903fb988c6c,1060000108,4.j.d.0,exact,exact,4. Equipment / facility failure or damage,Pole,Distribution,Non-HFTD,# ignitions,exact,Yes,0,,,SDG&E,2023,4,v3.1,0,4,SDGE_2023_Q4_Tables1-15.xlsx,Table 6,118,P118,https://efiling.energysafety.ca.gov/eFiling/Getfile.aspx?fileid=53475&shareable=true
T6R-ff5cea4fde94522d,1060000109,4.j.d.2,exact,exact,4. Equipment / facility failure or damage,Pole,Distribution,HFTD Tier 2,# ignitions,exact,Yes,0,,,SDG&E,2023,1,v3.1,0,4,SDGE_2023_Q4_Tables1-15.xlsx,Table 6,119,M119,https://efiling.energysafety.ca.gov/eFiling/Getfile.aspx?fileid=53475&shareable=true
T6R-2dd3043951e207f1,1060000109,4.j.d.2,exact,exact,4. Equipment / facility failure or damage,Pole,Distribution,HFTD Tier 2,# ignitions,exact,Yes,0,,,SDG&E,2023,2,v3.1,0,4,SDGE_2023_Q4_Tables1-15.xlsx,Table 6,119,N119,https://efiling.energysafety.ca.gov/eFiling/Getfile.aspx?fileid=53475&shareable=true
T6R-aa66d3be08f2b853,1060000109,4.j.d.2,exact,exact,4. Equipment / facility failure or damage,Pole,Distribution,HFTD Tier 2,# ignitions,exact,Yes,0,,,SDG&E,2023,3,v3.1,0,4,SDGE_2023_Q4_Tables1-15.xlsx,Table 6,119,O119,https://efiling.energysafety.ca.gov/eFiling/Getfile.aspx?fileid=53475&shareable=true
T6R-589f2bab8d08f963,1060000109,4.j.d.2,exact,exact,4. Equipment / facility failure or damage,Pole,Distribution,HFTD Tier 2,# ignitions,exact,Yes,0,,,SDG&E,2023,4,v3.1,0,4,SDGE_2023_Q4_Tables1-15.xlsx,Table 6,119,P119,https://efiling.energysafety.ca.gov/eFiling/Getfile.aspx?fileid=53475&shareable=true
T6R-d24e82f6467fd629,1060000110,4.j.d.3,exact,exact,4. Equipment / facility failure or damage,Pole,Distribution,HFTD Tier 3,# ignitions,exact,Yes,0,,,SDG&E,2023,1,v3.1,0,4,SDGE_2023_Q4_Tables1-15.xlsx,Table 6,120,M120,https://efiling.energysafety.ca.gov/eFiling/Getfile.aspx?fileid=53475&shareable=true
T6R-b9d041fdb021f659,1060000110,4.j.d.3,exact,exact,4. Equipment / facility failure or damage,Pole,Distribution,HFTD Tier 3,# ignitions,exact,Yes,0,,,SDG&E,2023,2,v3.1,0,4,SDGE_2023_Q4_Tables1-15.xlsx,Table 6,120,N120,https://efiling.energysafety.ca.gov/eFiling/Getfile.aspx?fileid=53475&shareable=true
T6R-267a38f20b31563f,1060000110,4.j.d.3,exact,exact,4. Equipment / facility failure or damage,Pole,Distribution,HFTD Tier 3,# ignitions,exact,Yes,0,,,SDG&E,2023,3,v3.1,0,4,SDGE_2023_Q4_Tables1-15.xlsx,Table 6,120,O120,https://efiling.energysafety.ca.gov/eFiling/Getfile.aspx?fileid=53475&shareable=true
T6R-bf7474df31af6829,1060000110,4.j.d.3,exact,exact,4. Equipment / facility failure or damage,Pole,Distribution,HFTD Tier 3,# ignitions,exact,Yes,0,,,SDG&E,2023,4,v3.1,0,4,SDGE_2023_Q4_Tables1-15.xlsx,Table 6,120,P120,https://efiling.energysafety.ca.gov/eFiling/Getfile.aspx?fileid=53475&shareable=true
T6R-a2c4d483453aa972,1060000111,4.j.t.0,exact,exact,4. Equipment / facility failure or damage,Pole,Transmission,Non-HFTD,# ignitions,exact,Yes,0,,,SDG&E,2023,1,v3.1,0,4,SDGE_2023_Q4_Tables1-15.xlsx,Table 6,121,M121,https://efiling.energysafety.ca.gov/eFiling/Getfile.aspx?fileid=53475&shareable=true
T6R-fee504edbe892b41,1060000111,4.j.t.0,exact,exact,4. Equipment / facility failure or damage,Pole,Transmission,Non-HFTD,# ignitions,exact,Yes,0,,,SDG&E,2023,2,v3.1,0,4,SDGE_2023_Q4_Tables1-15.xlsx,Table 6,121,N121,https://efiling.energysafety.ca.gov/eFiling/Getfile.aspx?fileid=53475&shareable=true
T6R-952c839abb79f009,1060000111,4.j.t.0,exact,exact,4. Equipment / facility failure or damage,Pole,Transmission,Non-HFTD,# ignitions,exact,Yes,0,,,SDG&E,2023,3,v3.1,0,4,SDGE_2023_Q4_Tables1-15.xlsx,Table 6,121,O121,https://efiling.energysafety.ca.gov/eFiling/Getfile.aspx?fileid=53475&shareable=true
T6R-e1a1ccb02e1e3fe8,1060000111,4.j.t.0,exact,exact,4. Equipment / facility failure or damage,Pole,Transmission,Non-HFTD,# ignitions,exact,Yes,0,,,SDG&E,2023,4,v3.1,0,4,SDGE_2023_Q4_Tables1-15.xlsx,Table 6,121,P121,https://efiling.energysafety.ca.gov/eFiling/Getfile.aspx?fileid=53475&shareable=true
T6R-e3f4a6a6aaa27a88,1060000112,4.j.t.2,exact,exact,4. Equipment / facility failure or damage,Pole,Transmission,HFTD Tier 2,# ignitions,exact,Yes,0,,,SDG&E,2023,1,v3.1,0,4,SDGE_2023_Q4_Tables1-15.xlsx,Table 6,122,M122,https://efiling.energysafety.ca.gov/eFiling/Getfile.aspx?fileid=53475&shareable=true
T6R-051c5e194c57e688,1060000112,4.j.t.2,exact,exact,4. Equipment / facility failure or damage,Pole,Transmission,HFTD Tier 2,# ignitions,exact,Yes,0,,,SDG&E,2023,2,v3.1,0,4,SDGE_2023_Q4_Tables1-15.xlsx,Table 6,122,N122,https://efiling.energysafety.ca.gov/eFiling/Getfile.aspx?fileid=53475&shareable=true
T6R-7997665670e5e2d8,1060000112,4.j.t.2,exact,exact,4. Equipment / facility failure or damage,Pole,Transmission,HFTD Tier 2,# ignitions,exact,Yes,0,,,SDG&E,2023,3,v3.1,0,4,SDGE_2023_Q4_Tables1-15.xlsx,Table 6,122,O122,https://efiling.energysafety.ca.gov/eFiling/Getfile.aspx?fileid=53475&shareable=true
T6R-d266e34722af0555,1060000112,4.j.t.2,exact,exact,4. Equipment / facility failure or damage,Pole,Transmission,HFTD Tier 2,# ignitions,exact,Yes,0,,,SDG&E,2023,4,v3.1,0,4,SDGE_2023_Q4_Tables1-15.xlsx,Table 6,122,P122,https://efiling.energysafety.ca.gov/eFiling/Getfile.aspx?fileid=53475&shareable=true
T6R-d477ec1f1ca28584,1060000113,4.j.t.3,exact,exact,4. Equipment / facility failure or damage,Pole,Transmission,HFTD Tier 3,# ignitions,exact,Yes,0,,,SDG&E,2023,1,v3.1,0,4,SDGE_2023_Q4_Tables1-15.xlsx,Table 6,123,M123,https://efiling.energysafety.ca.gov/eFiling/Getfile.aspx?fileid=53475&shareable=true
T6R-e44ee97c1772c3fc,1060000113,4.j.t.3,exact,exact,4. Equipment / facility failure or damage,Pole,Transmission,HFTD Tier 3,# ignitions,exact,Yes,0,,,SDG&E,2023,2,v3.1,0,4,SDGE_2023_Q4_Tables1-15.xlsx,Table 6,123,N123,https://efiling.energysafety.ca.gov/eFiling/Getfile.aspx?fileid=53475&shareable=true
T6R-4559acb34035d7e7,1060000113,4.j.t.3,exact,exact,4. Equipment / facility failure or damage,Pole,Transmission,HFTD Tier 3,# ignitions,exact,Yes,0,,,SDG&E,2023,3,v3.1,0,4,SDGE_2023_Q4_Tables1-15.xlsx,Table 6,123,O123,https://efiling.energysafety.ca.gov/eFiling/Getfile.aspx?fileid=53475&shareable=true
T6R-d6b4956f14e31f57,1060000113,4.j.t.3,exact,exact,4. Equipment / facility failure or damage,Pole,Transmission,HFTD Tier 3,# ignitions,exact,Yes,0,,,SDG&E,2023,4,v3.1,0,4,SDGE_2023_Q4_Tables1-15.xlsx,Table 6,123,P123,https://efiling.energysafety.ca.gov/eFiling/Getfile.aspx?fileid=53475&shareable=true
T6R-b93e8254d14ec74d,1060000114,4.k.d.0,exact,exact,4. Equipment / facility failure or damage,Recloser,Distribution,Non-HFTD,# ignitions,exact,No,,,SDG&E does not currently track this driver,SDG&E,2023,1,v3.1,0,4,SDGE_2023_Q4_Tables1-15.xlsx,Table 6,124,M124,https://efiling.energysafety.ca.gov/eFiling/Getfile.aspx?fileid=53475&shareable=true
T6R-ad78a6ca2e60c1c7,1060000114,4.k.d.0,exact,exact,4. Equipment / facility failure or damage,Recloser,Distribution,Non-HFTD,# ignitions,exact,No,,,SDG&E does not currently track this driver,SDG&E,2023,2,v3.1,0,4,SDGE_2023_Q4_Tables1-15.xlsx,Table 6,124,N124,https://efiling.energysafety.ca.gov/eFiling/Getfile.aspx?fileid=53475&shareable=true
T6R-e1370c7b2fc3b8eb,1060000114,4.k.d.0,exact,exact,4. Equipment / facility failure or damage,Recloser,Distribution,Non-HFTD,# ignitions,exact,No,,,SDG&E does not currently track this driver,SDG&E,2023,3,v3.1,0,4,SDGE_2023_Q4_Tables1-15.xlsx,Table 6,124,O124,https://efiling.energysafety.ca.gov/eFiling/Getfile.aspx?fileid=53475&shareable=true
T6R-1b4df954d88fd0dc,1060000114,4.k.d.0,exact,exact,4. Equipment / facility failure or damage,Recloser,Distribution,Non-HFTD,# ignitions,exact,No,,,SDG&E does not currently track this driver,SDG&E,2023,4,v3.1,0,4,SDGE_2023_Q4_Tables1-15.xlsx,Table 6,124,P124,https://efiling.energysafety.ca.gov/eFiling/Getfile.aspx?fileid=53475&shareable=true
T6R-ff66f02daa569d40,1060000115,4.k.d.2,exact,exact,4. Equipment / facility failure or damage,Recloser,Distribution,HFTD Tier 2,# ignitions,exact,No,,,SDG&E does not currently track this driver,SDG&E,2023,1,v3.1,0,4,SDGE_2023_Q4_Tables1-15.xlsx,Table 6,125,M125,https://efiling.energysafety.ca.gov/eFiling/Getfile.aspx?fileid=53475&shareable=true
T6R-863da31d712bf30f,1060000115,4.k.d.2,exact,exact,4. Equipment / facility failure or damage,Recloser,Distribution,HFTD Tier 2,# ignitions,exact,No,,,SDG&E does not currently track this driver,SDG&E,2023,2,v3.1,0,4,SDGE_2023_Q4_Tables1-15.xlsx,Table 6,125,N125,https://efiling.energysafety.ca.gov/eFiling/Getfile.aspx?fileid=53475&shareable=true
T6R-f90f4e4b21673dc1,1060000115,4.k.d.2,exact,exact,4. Equipment / facility failure or damage,Recloser,Distribution,HFTD Tier 2,# ignitions,exact,No,,,SDG&E does not currently track this driver,SDG&E,2023,3,v3.1,0,4,SDGE_2023_Q4_Tables1-15.xlsx,Table 6,125,O125,https://efiling.energysafety.ca.gov/eFiling/Getfile.aspx?fileid=53475&shareable=true
T6R-ef38f4115573fc33,1060000115,4.k.d.2,exact,exact,4. Equipment / facility failure or damage,Recloser,Distribution,HFTD Tier 2,# ignitions,exact,No,,,SDG&E does not currently track this driver,SDG&E,2023,4,v3.1,0,4,SDGE_2023_Q4_Tables1-15.xlsx,Table 6,125,P125,https://efiling.energysafety.ca.gov/eFiling/Getfile.aspx?fileid=53475&shareable=true
T6R-0c82f7568c8b455d,1060000116,4.k.d.3,exact,exact,4. Equipment / facility failure or damage,Recloser,Distribution,HFTD Tier 3,# ignitions,exact,No,,,SDG&E does not currently track this driver,SDG&E,2023,1,v3.1,0,4,SDGE_2023_Q4_Tables1-15.xlsx,Table 6,126,M126,https://efiling.energysafety.ca.gov/eFiling/Getfile.aspx?fileid=53475&shareable=true
T6R-f888ba45543c0647,1060000116,4.k.d.3,exact,exact,4. Equipment / facility failure or damage,Recloser,Distribution,HFTD Tier 3,# ignitions,exact,No,,,SDG&E does not currently track this driver,SDG&E,2023,2,v3.1,0,4,SDGE_2023_Q4_Tables1-15.xlsx,Table 6,126,N126,https://efiling.energysafety.ca.gov/eFiling/Getfile.aspx?fileid=53475&shareable=true
T6R-c9d316e293146eb0,1060000116,4.k.d.3,exact,exact,4. Equipment / facility failure or damage,Recloser,Distribution,HFTD Tier 3,# ignitions,exact,No,,,SDG&E does not currently track this driver,SDG&E,2023,3,v3.1,0,4,SDGE_2023_Q4_Tables1-15.xlsx,Table 6,126,O126,https://efiling.energysafety.ca.gov/eFiling/Getfile.aspx?fileid=53475&shareable=true
T6R-7795c2b10e1dc559,1060000116,4.k.d.3,exact,exact,4. Equipment / facility failure or damage,Recloser,Distribution,HFTD Tier 3,# ignitions,exact,No,,,SDG&E does not currently track this driver,SDG&E,2023,4,v3.1,0,4,SDGE_2023_Q4_Tables1-15.xlsx,Table 6,126,P126,https://efiling.energysafety.ca.gov/eFiling/Getfile.aspx?fileid=53475&shareable=true
T6R-a3551182e12b6e52,1060000117,4.k.t.0,exact,exact,4. Equipment / facility failure or damage,Recloser,Transmission,Non-HFTD,# ignitions,exact,No,,,SDG&E does not currently track this driver,SDG&E,2023,1,v3.1,0,4,SDGE_2023_Q4_Tables1-15.xlsx,Table 6,127,M127,https://efiling.energysafety.ca.gov/eFiling/Getfile.aspx?fileid=53475&shareable=true
T6R-dfcf0c0604343482,1060000117,4.k.t.0,exact,exact,4. Equipment / facility failure or damage,Recloser,Transmission,Non-HFTD,# ignitions,exact,No,,,SDG&E does not currently track this driver,SDG&E,2023,2,v3.1,0,4,SDGE_2023_Q4_Tables1-15.xlsx,Table 6,127,N127,https://efiling.energysafety.ca.gov/eFiling/Getfile.aspx?fileid=53475&shareable=true
T6R-80e6d7569ae1a8c7,1060000117,4.k.t.0,exact,exact,4. Equipment / facility failure or damage,Recloser,Transmission,Non-HFTD,# ignitions,exact,No,,,SDG&E does not currently track this driver,SDG&E,2023,3,v3.1,0,4,SDGE_2023_Q4_Tables1-15.xlsx,Table 6,127,O127,https://efiling.energysafety.ca.gov/eFiling/Getfile.aspx?fileid=53475&shareable=true
T6R-ce65337ec139fd4f,1060000117,4.k.t.0,exact,exact,4. Equipment / facility failure or damage,Recloser,Transmission,Non-HFTD,# ignitions,exact,No,,,SDG&E does not currently track this driver,SDG&E,2023,4,v3.1,0,4,SDGE_2023_Q4_Tables1-15.xlsx,Table 6,127,P127,https://efiling.energysafety.ca.gov/eFiling/Getfile.aspx?fileid=53475&shareable=true
T6R-7023e3f6f4fe71b6,1060000118,4.k.t.2,exact,exact,4. Equipment / facility failure or damage,Recloser,Transmission,HFTD Tier 2,# ignitions,exact,No,,,SDG&E does not currently track this driver,SDG&E,2023,1,v3.1,0,4,SDGE_2023_Q4_Tables1-15.xlsx,Table 6,128,M128,https://efiling.energysafety.ca.gov/eFiling/Getfile.aspx?fileid=53475&shareable=true
T6R-fc8b95316929a724,1060000118,4.k.t.2,exact,exact,4. Equipment / facility failure or damage,Recloser,Transmission,HFTD Tier 2,# ignitions,exact,No,,,SDG&E does not currently track this driver,SDG&E,2023,2,v3.1,0,4,SDGE_2023_Q4_Tables1-15.xlsx,Table 6,128,N128,https://efiling.energysafety.ca.gov/eFiling/Getfile.aspx?fileid=53475&shareable=true
T6R-398e8a890298c572,1060000118,4.k.t.2,exact,exact,4. Equipment / facility failure or damage,Recloser,Transmission,HFTD Tier 2,# ignitions,exact,No,,,SDG&E does not currently track this driver,SDG&E,2023,3,v3.1,0,4,SDGE_2023_Q4_Tables1-15.xlsx,Table 6,128,O128,https://efiling.energysafety.ca.gov/eFiling/Getfile.aspx?fileid=53475&shareable=true
T6R-64c1d37a95c68831,1060000118,4.k.t.2,exact,exact,4. Equipment / facility failure or damage,Recloser,Transmission,HFTD Tier 2,# ignitions,exact,No,,,SDG&E does not currently track this driver,SDG&E,2023,4,v3.1,0,4,SDGE_2023_Q4_Tables1-15.xlsx,Table 6,128,P128,https://efiling.energysafety.ca.gov/eFiling/Getfile.aspx?fileid=53475&shareable=true
T6R-c12591151cd29c05,1060000119,4.k.t.3,exact,exact,4. Equipment / facility failure or damage,Recloser,Transmission,HFTD Tier 3,# ignitions,exact,No,,,SDG&E does not currently track this driver,SDG&E,2023,1,v3.1,0,4,SDGE_2023_Q4_Tables1-15.xlsx,Table 6,129,M129,https://efiling.energysafety.ca.gov/eFiling/Getfile.aspx?fileid=53475&shareable=true
T6R-a2b7327e1beca566,1060000119,4.k.t.3,exact,exact,4. Equipment / facility failure or damage,Recloser,Transmission,HFTD Tier 3,# ignitions,exact,No,,,SDG&E does not currently track this driver,SDG&E,2023,2,v3.1,0,4,SDGE_2023_Q4_Tables1-15.xlsx,Table 6,129,N129,https://efiling.energysafety.ca.gov/eFiling/Getfile.aspx?fileid=53475&shareable=true
T6R-356ad9a43d18c9aa,1060000119,4.k.t.3,exact,exact,4. Equipment / facility failure or damage,Recloser,Transmission,HFTD Tier 3,# ignitions,exact,No,,,SDG&E does not currently track this driver,SDG&E,2023,3,v3.1,0,4,SDGE_2023_Q4_Tables1-15.xlsx,Table 6,129,O129,https://efiling.energysafety.ca.gov/eFiling/Getfile.aspx?fileid=53475&shareable=true
T6R-f2e8bd7a7572f95b,1060000119,4.k.t.3,exact,exact,4. Equipment / facility failure or damage,Recloser,Transmission,HFTD Tier 3,# ignitions,exact,No,,,SDG&E does not currently track this driver,SDG&E,2023,4,v3.1,0,4,SDGE_2023_Q4_Tables1-15.xlsx,Table 6,129,P129,https://efiling.energysafety.ca.gov/eFiling/Getfile.aspx?fileid=53475&shareable=true
T6R-9c44de719af7057d,1060000120,4.l.d.0,exact,exact,4. Equipment / facility failure or damage,Relay,Distribution,Non-HFTD,# ignitions,exact,No,,,SDG&E does not currently track this driver,SDG&E,2023,1,v3.1,0,4,SDGE_2023_Q4_Tables1-15.xlsx,Table 6,130,M130,https://efiling.energysafety.ca.gov/eFiling/Getfile.aspx?fileid=53475&shareable=true
T6R-005d60d162b4d787,1060000120,4.l.d.0,exact,exact,4. Equipment / facility failure or damage,Relay,Distribution,Non-HFTD,# ignitions,exact,No,,,SDG&E does not currently track this driver,SDG&E,2023,2,v3.1,0,4,SDGE_2023_Q4_Tables1-15.xlsx,Table 6,130,N130,https://efiling.energysafety.ca.gov/eFiling/Getfile.aspx?fileid=53475&shareable=true
T6R-23fbb2927e473483,1060000120,4.l.d.0,exact,exact,4. Equipment / facility failure or damage,Relay,Distribution,Non-HFTD,# ignitions,exact,No,,,SDG&E does not currently track this driver,SDG&E,2023,3,v3.1,0,4,SDGE_2023_Q4_Tables1-15.xlsx,Table 6,130,O130,https://efiling.energysafety.ca.gov/eFiling/Getfile.aspx?fileid=53475&shareable=true
T6R-d24b68a78761a8b5,1060000120,4.l.d.0,exact,exact,4. Equipment / facility failure or damage,Relay,Distribution,Non-HFTD,# ignitions,exact,No,,,SDG&E does not currently track this driver,SDG&E,2023,4,v3.1,0,4,SDGE_2023_Q4_Tables1-15.xlsx,Table 6,130,P130,https://efiling.energysafety.ca.gov/eFiling/Getfile.aspx?fileid=53475&shareable=true
T6R-881eb1a4983c20ab,1060000121,4.l.d.2,exact,exact,4. Equipment / facility failure or damage,Relay,Distribution,HFTD Tier 2,# ignitions,exact,No,,,SDG&E does not currently track this driver,SDG&E,2023,1,v3.1,0,4,SDGE_2023_Q4_Tables1-15.xlsx,Table 6,131,M131,https://efiling.energysafety.ca.gov/eFiling/Getfile.aspx?fileid=53475&shareable=true
T6R-ff82ea8cb95064eb,1060000121,4.l.d.2,exact,exact,4. Equipment / facility failure or damage,Relay,Distribution,HFTD Tier 2,# ignitions,exact,No,,,SDG&E does not currently track this driver,SDG&E,2023,2,v3.1,0,4,SDGE_2023_Q4_Tables1-15.xlsx,Table 6,131,N131,https://efiling.energysafety.ca.gov/eFiling/Getfile.aspx?fileid=53475&shareable=true
T6R-cc76ff529fe27a25,1060000121,4.l.d.2,exact,exact,4. Equipment / facility failure or damage,Relay,Distribution,HFTD Tier 2,# ignitions,exact,No,,,SDG&E does not currently track this driver,SDG&E,2023,3,v3.1,0,4,SDGE_2023_Q4_Tables1-15.xlsx,Table 6,131,O131,https://efiling.energysafety.ca.gov/eFiling/Getfile.aspx?fileid=53475&shareable=true
T6R-9cff68e5d9203915,1060000121,4.l.d.2,exact,exact,4. Equipment / facility failure or damage,Relay,Distribution,HFTD Tier 2,# ignitions,exact,No,,,SDG&E does not currently track this driver,SDG&E,2023,4,v3.1,0,4,SDGE_2023_Q4_Tables1-15.xlsx,Table 6,131,P131,https://efiling.energysafety.ca.gov/eFiling/Getfile.aspx?fileid=53475&shareable=true
T6R-c87b46e70ba04ad9,1060000122,4.l.d.3,exact,exact,4. Equipment / facility failure or damage,Relay,Distribution,HFTD Tier 3,# ignitions,exact,No,,,SDG&E does not currently track this driver,SDG&E,2023,1,v3.1,0,4,SDGE_2023_Q4_Tables1-15.xlsx,Table 6,132,M132,https://efiling.energysafety.ca.gov/eFiling/Getfile.aspx?fileid=53475&shareable=true
T6R-c8db537ee9dd2e4c,1060000122,4.l.d.3,exact,exact,4. Equipment / facility failure or damage,Relay,Distribution,HFTD Tier 3,# ignitions,exact,No,,,SDG&E does not currently track this driver,SDG&E,2023,2,v3.1,0,4,SDGE_2023_Q4_Tables1-15.xlsx,Table 6,132,N132,https://efiling.energysafety.ca.gov/eFiling/Getfile.aspx?fileid=53475&shareable=true
T6R-691b1c4e68bb8965,1060000122,4.l.d.3,exact,exact,4. Equipment / facility failure or damage,Relay,Distribution,HFTD Tier 3,# ignitions,exact,No,,,SDG&E does not currently track this driver,SDG&E,2023,3,v3.1,0,4,SDGE_2023_Q4_Tables1-15.xlsx,Table 6,132,O132,https://efiling.energysafety.ca.gov/eFiling/Getfile.aspx?fileid=53475&shareable=true
T6R-83ece18fcc87943c,1060000122,4.l.d.3,exact,exact,4. Equipment / facility failure or damage,Relay,Distribution,HFTD Tier 3,# ignitions,exact,No,,,SDG&E does not currently track this driver,SDG&E,2023,4,v3.1,0,4,SDGE_2023_Q4_Tables1-15.xlsx,Table 6,132,P132,https://efiling.energysafety.ca.gov/eFiling/Getfile.aspx?fileid=53475&shareable=true
T6R-a6edc38270ce7f97,1060000123,4.l.t.0,exact,exact,4. Equipment / facility failure or damage,Relay,Transmission,Non-HFTD,# ignitions,exact,No,,,SDG&E does not currently track this driver,SDG&E,2023,1,v3.1,0,4,SDGE_2023_Q4_Tables1-15.xlsx,Table 6,133,M133,https://efiling.energysafety.ca.gov/eFiling/Getfile.aspx?fileid=53475&shareable=true
T6R-9138855fa7ae5dda,1060000123,4.l.t.0,exact,exact,4. Equipment / facility failure or damage,Relay,Transmission,Non-HFTD,# ignitions,exact,No,,,SDG&E does not currently track this driver,SDG&E,2023,2,v3.1,0,4,SDGE_2023_Q4_Tables1-15.xlsx,Table 6,133,N133,https://efiling.energysafety.ca.gov/eFiling/Getfile.aspx?fileid=53475&shareable=true
T6R-8f973f469febc993,1060000123,4.l.t.0,exact,exact,4. Equipment / facility failure or damage,Relay,Transmission,Non-HFTD,# ignitions,exact,No,,,SDG&E does not currently track this driver,SDG&E,2023,3,v3.1,0,4,SDGE_2023_Q4_Tables1-15.xlsx,Table 6,133,O133,https://efiling.energysafety.ca.gov/eFiling/Getfile.aspx?fileid=53475&shareable=true
T6R-cc08c88daa6971f0,1060000123,4.l.t.0,exact,exact,4. Equipment / facility failure or damage,Relay,Transmission,Non-HFTD,# ignitions,exact,No,,,SDG&E does not currently track this driver,SDG&E,2023,4,v3.1,0,4,SDGE_2023_Q4_Tables1-15.xlsx,Table 6,133,P133,https://efiling.energysafety.ca.gov/eFiling/Getfile.aspx?fileid=53475&shareable=true
T6R-8ee4cd47e069cfc3,1060000124,4.l.t.2,exact,exact,4. Equipment / facility failure or damage,Relay,Transmission,HFTD Tier 2,# ignitions,exact,No,,,SDG&E does not currently track this driver,SDG&E,2023,1,v3.1,0,4,SDGE_2023_Q4_Tables1-15.xlsx,Table 6,134,M134,https://efiling.energysafety.ca.gov/eFiling/Getfile.aspx?fileid=53475&shareable=true
T6R-c29106a6d6633d41,1060000124,4.l.t.2,exact,exact,4. Equipment / facility failure or damage,Relay,Transmission,HFTD Tier 2,# ignitions,exact,No,,,SDG&E does not currently track this driver,SDG&E,2023,2,v3.1,0,4,SDGE_2023_Q4_Tables1-15.xlsx,Table 6,134,N134,https://efiling.energysafety.ca.gov/eFiling/Getfile.aspx?fileid=53475&shareable=true
T6R-e1c361bb8a1e29d5,1060000124,4.l.t.2,exact,exact,4. Equipment / facility failure or damage,Relay,Transmission,HFTD Tier 2,# ignitions,exact,No,,,SDG&E does not currently track this driver,SDG&E,2023,3,v3.1,0,4,SDGE_2023_Q4_Tables1-15.xlsx,Table 6,134,O134,https://efiling.energysafety.ca.gov/eFiling/Getfile.aspx?fileid=53475&shareable=true
T6R-ed586b4a847148e8,1060000124,4.l.t.2,exact,exact,4. Equipment / facility failure or damage,Relay,Transmission,HFTD Tier 2,# ignitions,exact,No,,,SDG&E does not currently track this driver,SDG&E,2023,4,v3.1,0,4,SDGE_2023_Q4_Tables1-15.xlsx,Table 6,134,P134,https://efiling.energysafety.ca.gov/eFiling/Getfile.aspx?fileid=53475&shareable=true
T6R-4211e7a31034e9ff,1060000125,4.l.t.3,exact,exact,4. Equipment / facility failure or damage,Relay,Transmission,HFTD Tier 3,# ignitions,exact,No,,,SDG&E does not currently track this driver,SDG&E,2023,1,v3.1,0,4,SDGE_2023_Q4_Tables1-15.xlsx,Table 6,135,M135,https://efiling.energysafety.ca.gov/eFiling/Getfile.aspx?fileid=53475&shareable=true
T6R-8d5b20fdbf47827a,1060000125,4.l.t.3,exact,exact,4. Equipment / facility failure or damage,Relay,Transmission,HFTD Tier 3,# ignitions,exact,No,,,SDG&E does not currently track this driver,SDG&E,2023,2,v3.1,0,4,SDGE_2023_Q4_Tables1-15.xlsx,Table 6,135,N135,https://efiling.energysafety.ca.gov/eFiling/Getfile.aspx?fileid=53475&shareable=true
T6R-12c880b9c5ff8603,1060000125,4.l.t.3,exact,exact,4. Equipment / facility failure or damage,Relay,Transmission,HFTD Tier 3,# ignitions,exact,No,,,SDG&E does not currently track this driver,SDG&E,2023,3,v3.1,0,4,SDGE_2023_Q4_Tables1-15.xlsx,Table 6,135,O135,https://efiling.energysafety.ca.gov/eFiling/Getfile.aspx?fileid=53475&shareable=true
T6R-49cff0b5f62ddcd1,1060000125,4.l.t.3,exact,exact,4. Equipment / facility failure or damage,Relay,Transmission,HFTD Tier 3,# ignitions,exact,No,,,SDG&E does not currently track this driver,SDG&E,2023,4,v3.1,0,4,SDGE_2023_Q4_Tables1-15.xlsx,Table 6,135,P135,https://efiling.energysafety.ca.gov/eFiling/Getfile.aspx?fileid=53475&shareable=true
T6R-e73935cd46a54801,1060000126,4.m.d.0,exact,exact,4. Equipment / facility failure or damage,Sectionalizer,Distribution,Non-HFTD,# ignitions,exact,No,,,SDG&E does not currently track this driver,SDG&E,2023,1,v3.1,0,4,SDGE_2023_Q4_Tables1-15.xlsx,Table 6,136,M136,https://efiling.energysafety.ca.gov/eFiling/Getfile.aspx?fileid=53475&shareable=true
T6R-899788daab677fdc,1060000126,4.m.d.0,exact,exact,4. Equipment / facility failure or damage,Sectionalizer,Distribution,Non-HFTD,# ignitions,exact,No,,,SDG&E does not currently track this driver,SDG&E,2023,2,v3.1,0,4,SDGE_2023_Q4_Tables1-15.xlsx,Table 6,136,N136,https://efiling.energysafety.ca.gov/eFiling/Getfile.aspx?fileid=53475&shareable=true
T6R-1fee10c25c2d2ac8,1060000126,4.m.d.0,exact,exact,4. Equipment / facility failure or damage,Sectionalizer,Distribution,Non-HFTD,# ignitions,exact,No,,,SDG&E does not currently track this driver,SDG&E,2023,3,v3.1,0,4,SDGE_2023_Q4_Tables1-15.xlsx,Table 6,136,O136,https://efiling.energysafety.ca.gov/eFiling/Getfile.aspx?fileid=53475&shareable=true
T6R-6d5af893773bdb16,1060000126,4.m.d.0,exact,exact,4. Equipment / facility failure or damage,Sectionalizer,Distribution,Non-HFTD,# ignitions,exact,No,,,SDG&E does not currently track this driver,SDG&E,2023,4,v3.1,0,4,SDGE_2023_Q4_Tables1-15.xlsx,Table 6,136,P136,https://efiling.energysafety.ca.gov/eFiling/Getfile.aspx?fileid=53475&shareable=true
T6R-dc3a29916828ebb8,1060000127,4.m.d.2,exact,exact,4. Equipment / facility failure or damage,Sectionalizer,Distribution,HFTD Tier 2,# ignitions,exact,No,,,SDG&E does not currently track this driver,SDG&E,2023,1,v3.1,0,4,SDGE_2023_Q4_Tables1-15.xlsx,Table 6,137,M137,https://efiling.energysafety.ca.gov/eFiling/Getfile.aspx?fileid=53475&shareable=true
T6R-1c6b4c588d11feb7,1060000127,4.m.d.2,exact,exact,4. Equipment / facility failure or damage,Sectionalizer,Distribution,HFTD Tier 2,# ignitions,exact,No,,,SDG&E does not currently track this driver,SDG&E,2023,2,v3.1,0,4,SDGE_2023_Q4_Tables1-15.xlsx,Table 6,137,N137,https://efiling.energysafety.ca.gov/eFiling/Getfile.aspx?fileid=53475&shareable=true
T6R-aebd94ce23ef3f93,1060000127,4.m.d.2,exact,exact,4. Equipment / facility failure or damage,Sectionalizer,Distribution,HFTD Tier 2,# ignitions,exact,No,,,SDG&E does not currently track this driver,SDG&E,2023,3,v3.1,0,4,SDGE_2023_Q4_Tables1-15.xlsx,Table 6,137,O137,https://efiling.energysafety.ca.gov/eFiling/Getfile.aspx?fileid=53475&shareable=true
T6R-e708e2c6fc0017c1,1060000127,4.m.d.2,exact,exact,4. Equipment / facility failure or damage,Sectionalizer,Distribution,HFTD Tier 2,# ignitions,exact,No,,,SDG&E does not currently track this driver,SDG&E,2023,4,v3.1,0,4,SDGE_2023_Q4_Tables1-15.xlsx,Table 6,137,P137,https://efiling.energysafety.ca.gov/eFiling/Getfile.aspx?fileid=53475&shareable=true
T6R-422aec7e8bff1e7d,1060000128,4.m.d.3,exact,exact,4. Equipment / facility failure or damage,Sectionalizer,Distribution,HFTD Tier 3,# ignitions,exact,No,,,SDG&E does not currently track this driver,SDG&E,2023,1,v3.1,0,4,SDGE_2023_Q4_Tables1-15.xlsx,Table 6,138,M138,https://efiling.energysafety.ca.gov/eFiling/Getfile.aspx?fileid=53475&shareable=true
T6R-b2eb552d63715b1b,1060000128,4.m.d.3,exact,exact,4. Equipment / facility failure or damage,Sectionalizer,Distribution,HFTD Tier 3,# ignitions,exact,No,,,SDG&E does not currently track this driver,SDG&E,2023,2,v3.1,0,4,SDGE_2023_Q4_Tables1-15.xlsx,Table 6,138,N138,https://efiling.energysafety.ca.gov/eFiling/Getfile.aspx?fileid=53475&shareable=true
T6R-9053fd8647106fae,1060000128,4.m.d.3,exact,exact,4. Equipment / facility failure or damage,Sectionalizer,Distribution,HFTD Tier 3,# ignitions,exact,No,,,SDG&E does not currently track this driver,SDG&E,2023,3,v3.1,0,4,SDGE_2023_Q4_Tables1-15.xlsx,Table 6,138,O138,https://efiling.energysafety.ca.gov/eFiling/Getfile.aspx?fileid=53475&shareable=true
T6R-df75b26d04b2e0cc,1060000128,4.m.d.3,exact,exact,4. Equipment / facility failure or damage,Sectionalizer,Distribution,HFTD Tier 3,# ignitions,exact,No,,,SDG&E does not currently track this driver,SDG&E,2023,4,v3.1,0,4,SDGE_2023_Q4_Tables1-15.xlsx,Table 6,138,P138,https://efiling.energysafety.ca.gov/eFiling/Getfile.aspx?fileid=53475&shareable=true
T6R-f03deb197e53b418,1060000129,4.m.t.0,exact,exact,4. Equipment / facility failure or damage,Sectionalizer,Transmission,Non-HFTD,# ignitions,exact,No,,,SDG&E does not currently track this driver,SDG&E,2023,1,v3.1,0,4,SDGE_2023_Q4_Tables1-15.xlsx,Table 6,139,M139,https://efiling.energysafety.ca.gov/eFiling/Getfile.aspx?fileid=53475&shareable=true
T6R-511344dff0781418,1060000129,4.m.t.0,exact,exact,4. Equipment / facility failure or damage,Sectionalizer,Transmission,Non-HFTD,# ignitions,exact,No,,,SDG&E does not currently track this driver,SDG&E,2023,2,v3.1,0,4,SDGE_2023_Q4_Tables1-15.xlsx,Table 6,139,N139,https://efiling.energysafety.ca.gov/eFiling/Getfile.aspx?fileid=53475&shareable=true
T6R-c0a4347723f03c65,1060000129,4.m.t.0,exact,exact,4. Equipment / facility failure or damage,Sectionalizer,Transmission,Non-HFTD,# ignitions,exact,No,,,SDG&E does not currently track this driver,SDG&E,2023,3,v3.1,0,4,SDGE_2023_Q4_Tables1-15.xlsx,Table 6,139,O139,https://efiling.energysafety.ca.gov/eFiling/Getfile.aspx?fileid=53475&shareable=true
T6R-b28091fc039e7ae4,1060000129,4.m.t.0,exact,exact,4. Equipment / facility failure or damage,Sectionalizer,Transmission,Non-HFTD,# ignitions,exact,No,,,SDG&E does not currently track this driver,SDG&E,2023,4,v3.1,0,4,SDGE_2023_Q4_Tables1-15.xlsx,Table 6,139,P139,https://efiling.energysafety.ca.gov/eFiling/Getfile.aspx?fileid=53475&shareable=true
T6R-03bc9e0d1404bb8e,1060000130,4.m.t.2,exact,exact,4. Equipment / facility failure or damage,Sectionalizer,Transmission,HFTD Tier 2,# ignitions,exact,No,,,SDG&E does not currently track this driver,SDG&E,2023,1,v3.1,0,4,SDGE_2023_Q4_Tables1-15.xlsx,Table 6,140,M140,https://efiling.energysafety.ca.gov/eFiling/Getfile.aspx?fileid=53475&shareable=true
T6R-059456b8f31911d4,1060000130,4.m.t.2,exact,exact,4. Equipment / facility failure or damage,Sectionalizer,Transmission,HFTD Tier 2,# ignitions,exact,No,,,SDG&E does not currently track this driver,SDG&E,2023,2,v3.1,0,4,SDGE_2023_Q4_Tables1-15.xlsx,Table 6,140,N140,https://efiling.energysafety.ca.gov/eFiling/Getfile.aspx?fileid=53475&shareable=true
T6R-7456c29924709941,1060000130,4.m.t.2,exact,exact,4. Equipment / facility failure or damage,Sectionalizer,Transmission,HFTD Tier 2,# ignitions,exact,No,,,SDG&E does not currently track this driver,SDG&E,2023,3,v3.1,0,4,SDGE_2023_Q4_Tables1-15.xlsx,Table 6,140,O140,https://efiling.energysafety.ca.gov/eFiling/Getfile.aspx?fileid=53475&shareable=true
T6R-d2b865cd7c1895fd,1060000130,4.m.t.2,exact,exact,4. Equipment / facility failure or damage,Sectionalizer,Transmission,HFTD Tier 2,# ignitions,exact,No,,,SDG&E does not currently track this driver,SDG&E,2023,4,v3.1,0,4,SDGE_2023_Q4_Tables1-15.xlsx,Table 6,140,P140,https://efiling.energysafety.ca.gov/eFiling/Getfile.aspx?fileid=53475&shareable=true
T6R-e7c8df99ce9addc2,1060000131,4.m.t.3,exact,exact,4. Equipment / facility failure or damage,Sectionalizer,Transmission,HFTD Tier 3,# ignitions,exact,No,,,SDG&E does not currently track this driver,SDG&E,2023,1,v3.1,0,4,SDGE_2023_Q4_Tables1-15.xlsx,Table 6,141,M141,https://efiling.energysafety.ca.gov/eFiling/Getfile.aspx?fileid=53475&shareable=true
T6R-e353b5158e7e08d9,1060000131,4.m.t.3,exact,exact,4. Equipment / facility failure or damage,Sectionalizer,Transmission,HFTD Tier 3,# ignitions,exact,No,,,SDG&E does not currently track this driver,SDG&E,2023,2,v3.1,0,4,SDGE_2023_Q4_Tables1-15.xlsx,Table 6,141,N141,https://efiling.energysafety.ca.gov/eFiling/Getfile.aspx?fileid=53475&shareable=true
T6R-013844d7e4b6dc5e,1060000131,4.m.t.3,exact,exact,4. Equipment / facility failure or damage,Sectionalizer,Transmission,HFTD Tier 3,# ignitions,exact,No,,,SDG&E does not currently track this driver,SDG&E,2023,3,v3.1,0,4,SDGE_2023_Q4_Tables1-15.xlsx,Table 6,141,O141,https://efiling.energysafety.ca.gov/eFiling/Getfile.aspx?fileid=53475&shareable=true
T6R-2f47368e47e65ae8,1060000131,4.m.t.3,exact,exact,4. Equipment / facility failure or damage,Sectionalizer,Transmission,HFTD Tier 3,# ignitions,exact,No,,,SDG&E does not currently track this driver,SDG&E,2023,4,v3.1,0,4,SDGE_2023_Q4_Tables1-15.xlsx,Table 6,141,P141,https://efiling.energysafety.ca.gov/eFiling/Getfile.aspx?fileid=53475&shareable=true
T6R-33e33e01dfcce405,1060000132,4.n.d.0,exact,exact,4. Equipment / facility failure or damage,Splice,Distribution,Non-HFTD,# ignitions,exact,No,,,SDG&E tracks splice failure/damage under connection device,SDG&E,2023,1,v3.1,0,4,SDGE_2023_Q4_Tables1-15.xlsx,Table 6,142,M142,https://efiling.energysafety.ca.gov/eFiling/Getfile.aspx?fileid=53475&shareable=true
T6R-54769b8271d16bab,1060000132,4.n.d.0,exact,exact,4. Equipment / facility failure or damage,Splice,Distribution,Non-HFTD,# ignitions,exact,No,,,SDG&E tracks splice failure/damage under connection device,SDG&E,2023,2,v3.1,0,4,SDGE_2023_Q4_Tables1-15.xlsx,Table 6,142,N142,https://efiling.energysafety.ca.gov/eFiling/Getfile.aspx?fileid=53475&shareable=true
T6R-d82149c11b782ef3,1060000132,4.n.d.0,exact,exact,4. Equipment / facility failure or damage,Splice,Distribution,Non-HFTD,# ignitions,exact,No,,,SDG&E tracks splice failure/damage under connection device,SDG&E,2023,3,v3.1,0,4,SDGE_2023_Q4_Tables1-15.xlsx,Table 6,142,O142,https://efiling.energysafety.ca.gov/eFiling/Getfile.aspx?fileid=53475&shareable=true
T6R-3decda5848ac507d,1060000132,4.n.d.0,exact,exact,4. Equipment / facility failure or damage,Splice,Distribution,Non-HFTD,# ignitions,exact,No,,,SDG&E tracks splice failure/damage under connection device,SDG&E,2023,4,v3.1,0,4,SDGE_2023_Q4_Tables1-15.xlsx,Table 6,142,P142,https://efiling.energysafety.ca.gov/eFiling/Getfile.aspx?fileid=53475&shareable=true
T6R-031285477fe2ed05,1060000133,4.n.d.2,exact,exact,4. Equipment / facility failure or damage,Splice,Distribution,HFTD Tier 2,# ignitions,exact,No,,,SDG&E tracks splice failure/damage under connection device,SDG&E,2023,1,v3.1,0,4,SDGE_2023_Q4_Tables1-15.xlsx,Table 6,143,M143,https://efiling.energysafety.ca.gov/eFiling/Getfile.aspx?fileid=53475&shareable=true
T6R-1ba1dd1d9cb06b7c,1060000133,4.n.d.2,exact,exact,4. Equipment / facility failure or damage,Splice,Distribution,HFTD Tier 2,# ignitions,exact,No,,,SDG&E tracks splice failure/damage under connection device,SDG&E,2023,2,v3.1,0,4,SDGE_2023_Q4_Tables1-15.xlsx,Table 6,143,N143,https://efiling.energysafety.ca.gov/eFiling/Getfile.aspx?fileid=53475&shareable=true
T6R-24525b6619a43410,1060000133,4.n.d.2,exact,exact,4. Equipment / facility failure or damage,Splice,Distribution,HFTD Tier 2,# ignitions,exact,No,,,SDG&E tracks splice failure/damage under connection device,SDG&E,2023,3,v3.1,0,4,SDGE_2023_Q4_Tables1-15.xlsx,Table 6,143,O143,https://efiling.energysafety.ca.gov/eFiling/Getfile.aspx?fileid=53475&shareable=true
T6R-b639f7e016aaca5d,1060000133,4.n.d.2,exact,exact,4. Equipment / facility failure or damage,Splice,Distribution,HFTD Tier 2,# ignitions,exact,No,,,SDG&E tracks splice failure/damage under connection device,SDG&E,2023,4,v3.1,0,4,SDGE_2023_Q4_Tables1-15.xlsx,Table 6,143,P143,https://efiling.energysafety.ca.gov/eFiling/Getfile.aspx?fileid=53475&shareable=true
T6R-e9470e8eeaa8dc56,1060000134,4.n.d.3,exact,exact,4. Equipment / facility failure or damage,Splice,Distribution,HFTD Tier 3,# ignitions,exact,No,,,SDG&E tracks splice failure/damage under connection device,SDG&E,2023,1,v3.1,0,4,SDGE_2023_Q4_Tables1-15.xlsx,Table 6,144,M144,https://efiling.energysafety.ca.gov/eFiling/Getfile.aspx?fileid=53475&shareable=true
T6R-60068899c9f9c817,1060000134,4.n.d.3,exact,exact,4. Equipment / facility failure or damage,Splice,Distribution,HFTD Tier 3,# ignitions,exact,No,,,SDG&E tracks splice failure/damage under connection device,SDG&E,2023,2,v3.1,0,4,SDGE_2023_Q4_Tables1-15.xlsx,Table 6,144,N144,https://efiling.energysafety.ca.gov/eFiling/Getfile.aspx?fileid=53475&shareable=true
T6R-023324e7f2f2dbf8,1060000134,4.n.d.3,exact,exact,4. Equipment / facility failure or damage,Splice,Distribution,HFTD Tier 3,# ignitions,exact,No,,,SDG&E tracks splice failure/damage under connection device,SDG&E,2023,3,v3.1,0,4,SDGE_2023_Q4_Tables1-15.xlsx,Table 6,144,O144,https://efiling.energysafety.ca.gov/eFiling/Getfile.aspx?fileid=53475&shareable=true
T6R-f94077671cb4a7db,1060000134,4.n.d.3,exact,exact,4. Equipment / facility failure or damage,Splice,Distribution,HFTD Tier 3,# ignitions,exact,No,,,SDG&E tracks splice failure/damage under connection device,SDG&E,2023,4,v3.1,0,4,SDGE_2023_Q4_Tables1-15.xlsx,Table 6,144,P144,https://efiling.energysafety.ca.gov/eFiling/Getfile.aspx?fileid=53475&shareable=true
T6R-59b1f7d2d7d7cdeb,1060000135,4.n.t.0,exact,exact,4. Equipment / facility failure or damage,Splice,Transmission,Non-HFTD,# ignitions,exact,No,,,SDG&E tracks splice failure/damage under connection device,SDG&E,2023,1,v3.1,0,4,SDGE_2023_Q4_Tables1-15.xlsx,Table 6,145,M145,https://efiling.energysafety.ca.gov/eFiling/Getfile.aspx?fileid=53475&shareable=true
T6R-64566810491f6188,1060000135,4.n.t.0,exact,exact,4. Equipment / facility failure or damage,Splice,Transmission,Non-HFTD,# ignitions,exact,No,,,SDG&E tracks splice failure/damage under connection device,SDG&E,2023,2,v3.1,0,4,SDGE_2023_Q4_Tables1-15.xlsx,Table 6,145,N145,https://efiling.energysafety.ca.gov/eFiling/Getfile.aspx?fileid=53475&shareable=true
T6R-05b86a22f11b9882,1060000135,4.n.t.0,exact,exact,4. Equipment / facility failure or damage,Splice,Transmission,Non-HFTD,# ignitions,exact,No,,,SDG&E tracks splice failure/damage under connection device,SDG&E,2023,3,v3.1,0,4,SDGE_2023_Q4_Tables1-15.xlsx,Table 6,145,O145,https://efiling.energysafety.ca.gov/eFiling/Getfile.aspx?fileid=53475&shareable=true
T6R-b9c776a21dac0aae,1060000135,4.n.t.0,exact,exact,4. Equipment / facility failure or damage,Splice,Transmission,Non-HFTD,# ignitions,exact,No,,,SDG&E tracks splice failure/damage under connection device,SDG&E,2023,4,v3.1,0,4,SDGE_2023_Q4_Tables1-15.xlsx,Table 6,145,P145,https://efiling.energysafety.ca.gov/eFiling/Getfile.aspx?fileid=53475&shareable=true
T6R-fb8ca0c8c29c99cd,1060000136,4.n.t.2,exact,exact,4. Equipment / facility failure or damage,Splice,Transmission,HFTD Tier 2,# ignitions,exact,No,,,SDG&E tracks splice failure/damage under connection device,SDG&E,2023,1,v3.1,0,4,SDGE_2023_Q4_Tables1-15.xlsx,Table 6,146,M146,https://efiling.energysafety.ca.gov/eFiling/Getfile.aspx?fileid=53475&shareable=true
T6R-e57f86c6dafb0a4c,1060000136,4.n.t.2,exact,exact,4. Equipment / facility failure or damage,Splice,Transmission,HFTD Tier 2,# ignitions,exact,No,,,SDG&E tracks splice failure/damage under connection device,SDG&E,2023,2,v3.1,0,4,SDGE_2023_Q4_Tables1-15.xlsx,Table 6,146,N146,https://efiling.energysafety.ca.gov/eFiling/Getfile.aspx?fileid=53475&shareable=true
T6R-81aeb2e571edde47,1060000136,4.n.t.2,exact,exact,4. Equipment / facility failure or damage,Splice,Transmission,HFTD Tier 2,# ignitions,exact,No,,,SDG&E tracks splice failure/damage under connection device,SDG&E,2023,3,v3.1,0,4,SDGE_2023_Q4_Tables1-15.xlsx,Table 6,146,O146,https://efiling.energysafety.ca.gov/eFiling/Getfile.aspx?fileid=53475&shareable=true
T6R-efe30ca67c309f45,1060000136,4.n.t.2,exact,exact,4. Equipment / facility failure or damage,Splice,Transmission,HFTD Tier 2,# ignitions,exact,No,,,SDG&E tracks splice failure/damage under connection device,SDG&E,2023,4,v3.1,0,4,SDGE_2023_Q4_Tables1-15.xlsx,Table 6,146,P146,https://efiling.energysafety.ca.gov/eFiling/Getfile.aspx?fileid=53475&shareable=true
T6R-6f9a04dee59def8e,1060000137,4.n.t.3,exact,exact,4. Equipment / facility failure or damage,Splice,Transmission,HFTD Tier 3,# ignitions,exact,No,,,SDG&E tracks splice failure/damage under connection device,SDG&E,2023,1,v3.1,0,4,SDGE_2023_Q4_Tables1-15.xlsx,Table 6,147,M147,https://efiling.energysafety.ca.gov/eFiling/Getfile.aspx?fileid=53475&shareable=true
T6R-4094bf526ca032e6,1060000137,4.n.t.3,exact,exact,4. Equipment / facility failure or damage,Splice,Transmission,HFTD Tier 3,# ignitions,exact,No,,,SDG&E tracks splice failure/damage under connection device,SDG&E,2023,2,v3.1,0,4,SDGE_2023_Q4_Tables1-15.xlsx,Table 6,147,N147,https://efiling.energysafety.ca.gov/eFiling/Getfile.aspx?fileid=53475&shareable=true
T6R-a41fc8ebd036e68f,1060000137,4.n.t.3,exact,exact,4. Equipment / facility failure or damage,Splice,Transmission,HFTD Tier 3,# ignitions,exact,No,,,SDG&E tracks splice failure/damage under connection device,SDG&E,2023,3,v3.1,0,4,SDGE_2023_Q4_Tables1-15.xlsx,Table 6,147,O147,https://efiling.energysafety.ca.gov/eFiling/Getfile.aspx?fileid=53475&shareable=true
T6R-e8155478848df30f,1060000137,4.n.t.3,exact,exact,4. Equipment / facility failure or damage,Splice,Transmission,HFTD Tier 3,# ignitions,exact,No,,,SDG&E tracks splice failure/damage under connection device,SDG&E,2023,4,v3.1,0,4,SDGE_2023_Q4_Tables1-15.xlsx,Table 6,147,P147,https://efiling.energysafety.ca.gov/eFiling/Getfile.aspx?fileid=53475&shareable=true
T6R-2a675039783b0f74,1060000138,4.o.d.0,exact,exact,4. Equipment / facility failure or damage,Switch,Distribution,Non-HFTD,# ignitions,exact,Yes,0,,,SDG&E,2023,1,v3.1,0,4,SDGE_2023_Q4_Tables1-15.xlsx,Table 6,148,M148,https://efiling.energysafety.ca.gov/eFiling/Getfile.aspx?fileid=53475&shareable=true
T6R-bbabe3584a7f159e,1060000138,4.o.d.0,exact,exact,4. Equipment / facility failure or damage,Switch,Distribution,Non-HFTD,# ignitions,exact,Yes,0,,,SDG&E,2023,2,v3.1,0,4,SDGE_2023_Q4_Tables1-15.xlsx,Table 6,148,N148,https://efiling.energysafety.ca.gov/eFiling/Getfile.aspx?fileid=53475&shareable=true
T6R-ed9e522739689d5b,1060000138,4.o.d.0,exact,exact,4. Equipment / facility failure or damage,Switch,Distribution,Non-HFTD,# ignitions,exact,Yes,0,,,SDG&E,2023,3,v3.1,0,4,SDGE_2023_Q4_Tables1-15.xlsx,Table 6,148,O148,https://efiling.energysafety.ca.gov/eFiling/Getfile.aspx?fileid=53475&shareable=true
T6R-d2fe65492ea1a0c5,1060000138,4.o.d.0,exact,exact,4. Equipment / facility failure or damage,Switch,Distribution,Non-HFTD,# ignitions,exact,Yes,0,,,SDG&E,2023,4,v3.1,0,4,SDGE_2023_Q4_Tables1-15.xlsx,Table 6,148,P148,https://efiling.energysafety.ca.gov/eFiling/Getfile.aspx?fileid=53475&shareable=true
T6R-0c147778f5577c8e,1060000139,4.o.d.2,exact,exact,4. Equipment / facility failure or damage,Switch,Distribution,HFTD Tier 2,# ignitions,exact,Yes,0,,,SDG&E,2023,1,v3.1,0,4,SDGE_2023_Q4_Tables1-15.xlsx,Table 6,149,M149,https://efiling.energysafety.ca.gov/eFiling/Getfile.aspx?fileid=53475&shareable=true
T6R-d64e896df2fcbade,1060000139,4.o.d.2,exact,exact,4. Equipment / facility failure or damage,Switch,Distribution,HFTD Tier 2,# ignitions,exact,Yes,0,,,SDG&E,2023,2,v3.1,0,4,SDGE_2023_Q4_Tables1-15.xlsx,Table 6,149,N149,https://efiling.energysafety.ca.gov/eFiling/Getfile.aspx?fileid=53475&shareable=true
T6R-fe25f1af54d81424,1060000139,4.o.d.2,exact,exact,4. Equipment / facility failure or damage,Switch,Distribution,HFTD Tier 2,# ignitions,exact,Yes,0,,,SDG&E,2023,3,v3.1,0,4,SDGE_2023_Q4_Tables1-15.xlsx,Table 6,149,O149,https://efiling.energysafety.ca.gov/eFiling/Getfile.aspx?fileid=53475&shareable=true
T6R-877e4c1be250385c,1060000139,4.o.d.2,exact,exact,4. Equipment / facility failure or damage,Switch,Distribution,HFTD Tier 2,# ignitions,exact,Yes,0,,,SDG&E,2023,4,v3.1,0,4,SDGE_2023_Q4_Tables1-15.xlsx,Table 6,149,P149,https://efiling.energysafety.ca.gov/eFiling/Getfile.aspx?fileid=53475&shareable=true
T6R-ac44716849b974cb,1060000140,4.o.d.3,exact,exact,4. Equipment / facility failure or damage,Switch,Distribution,HFTD Tier 3,# ignitions,exact,Yes,0,,,SDG&E,2023,1,v3.1,0,4,SDGE_2023_Q4_Tables1-15.xlsx,Table 6,150,M150,https://efiling.energysafety.ca.gov/eFiling/Getfile.aspx?fileid=53475&shareable=true
T6R-97c3d95804466c25,1060000140,4.o.d.3,exact,exact,4. Equipment / facility failure or damage,Switch,Distribution,HFTD Tier 3,# ignitions,exact,Yes,0,,,SDG&E,2023,2,v3.1,0,4,SDGE_2023_Q4_Tables1-15.xlsx,Table 6,150,N150,https://efiling.energysafety.ca.gov/eFiling/Getfile.aspx?fileid=53475&shareable=true
T6R-1ae37c8e2e8cea2d,1060000140,4.o.d.3,exact,exact,4. Equipment / facility failure or damage,Switch,Distribution,HFTD Tier 3,# ignitions,exact,Yes,0,,,SDG&E,2023,3,v3.1,0,4,SDGE_2023_Q4_Tables1-15.xlsx,Table 6,150,O150,https://efiling.energysafety.ca.gov/eFiling/Getfile.aspx?fileid=53475&shareable=true
T6R-9845c7e0b2c02738,1060000140,4.o.d.3,exact,exact,4. Equipment / facility failure or damage,Switch,Distribution,HFTD Tier 3,# ignitions,exact,Yes,0,,,SDG&E,2023,4,v3.1,0,4,SDGE_2023_Q4_Tables1-15.xlsx,Table 6,150,P150,https://efiling.energysafety.ca.gov/eFiling/Getfile.aspx?fileid=53475&shareable=true
T6R-5c4db02a2eda3932,1060000141,4.o.t.0,exact,exact,4. Equipment / facility failure or damage,Switch,Transmission,Non-HFTD,# ignitions,exact,Yes,0,,,SDG&E,2023,1,v3.1,0,4,SDGE_2023_Q4_Tables1-15.xlsx,Table 6,151,M151,https://efiling.energysafety.ca.gov/eFiling/Getfile.aspx?fileid=53475&shareable=true
T6R-d2ef27697a905307,1060000141,4.o.t.0,exact,exact,4. Equipment / facility failure or damage,Switch,Transmission,Non-HFTD,# ignitions,exact,Yes,0,,,SDG&E,2023,2,v3.1,0,4,SDGE_2023_Q4_Tables1-15.xlsx,Table 6,151,N151,https://efiling.energysafety.ca.gov/eFiling/Getfile.aspx?fileid=53475&shareable=true
T6R-10fd310f7d6a7663,1060000141,4.o.t.0,exact,exact,4. Equipment / facility failure or damage,Switch,Transmission,Non-HFTD,# ignitions,exact,Yes,0,,,SDG&E,2023,3,v3.1,0,4,SDGE_2023_Q4_Tables1-15.xlsx,Table 6,151,O151,https://efiling.energysafety.ca.gov/eFiling/Getfile.aspx?fileid=53475&shareable=true
T6R-564b0c0aad47bb52,1060000141,4.o.t.0,exact,exact,4. Equipment / facility failure or damage,Switch,Transmission,Non-HFTD,# ignitions,exact,Yes,0,,,SDG&E,2023,4,v3.1,0,4,SDGE_2023_Q4_Tables1-15.xlsx,Table 6,151,P151,https://efiling.energysafety.ca.gov/eFiling/Getfile.aspx?fileid=53475&shareable=true
T6R-c85b850e9fb92828,1060000142,4.o.t.2,exact,exact,4. Equipment / facility failure or damage,Switch,Transmission,HFTD Tier 2,# ignitions,exact,Yes,0,,,SDG&E,2023,1,v3.1,0,4,SDGE_2023_Q4_Tables1-15.xlsx,Table 6,152,M152,https://efiling.energysafety.ca.gov/eFiling/Getfile.aspx?fileid=53475&shareable=true
T6R-8b287669eac4d677,1060000142,4.o.t.2,exact,exact,4. Equipment / facility failure or damage,Switch,Transmission,HFTD Tier 2,# ignitions,exact,Yes,0,,,SDG&E,2023,2,v3.1,0,4,SDGE_2023_Q4_Tables1-15.xlsx,Table 6,152,N152,https://efiling.energysafety.ca.gov/eFiling/Getfile.aspx?fileid=53475&shareable=true
T6R-06176edc51d68f60,1060000142,4.o.t.2,exact,exact,4. Equipment / facility failure or damage,Switch,Transmission,HFTD Tier 2,# ignitions,exact,Yes,0,,,SDG&E,2023,3,v3.1,0,4,SDGE_2023_Q4_Tables1-15.xlsx,Table 6,152,O152,https://efiling.energysafety.ca.gov/eFiling/Getfile.aspx?fileid=53475&shareable=true
T6R-2f2c0418eacc159e,1060000142,4.o.t.2,exact,exact,4. Equipment / facility failure or damage,Switch,Transmission,HFTD Tier 2,# ignitions,exact,Yes,0,,,SDG&E,2023,4,v3.1,0,4,SDGE_2023_Q4_Tables1-15.xlsx,Table 6,152,P152,https://efiling.energysafety.ca.gov/eFiling/Getfile.aspx?fileid=53475&shareable=true
T6R-cd45219a7936416d,1060000143,4.o.t.3,exact,exact,4. Equipment / facility failure or damage,Switch,Transmission,HFTD Tier 3,# ignitions,exact,Yes,0,,,SDG&E,2023,1,v3.1,0,4,SDGE_2023_Q4_Tables1-15.xlsx,Table 6,153,M153,https://efiling.energysafety.ca.gov/eFiling/Getfile.aspx?fileid=53475&shareable=true
T6R-dbbf80390bf7daff,1060000143,4.o.t.3,exact,exact,4. Equipment / facility failure or damage,Switch,Transmission,HFTD Tier 3,# ignitions,exact,Yes,0,,,SDG&E,2023,2,v3.1,0,4,SDGE_2023_Q4_Tables1-15.xlsx,Table 6,153,N153,https://efiling.energysafety.ca.gov/eFiling/Getfile.aspx?fileid=53475&shareable=true
T6R-e474cedc99acf977,1060000143,4.o.t.3,exact,exact,4. Equipment / facility failure or damage,Switch,Transmission,HFTD Tier 3,# ignitions,exact,Yes,0,,,SDG&E,2023,3,v3.1,0,4,SDGE_2023_Q4_Tables1-15.xlsx,Table 6,153,O153,https://efiling.energysafety.ca.gov/eFiling/Getfile.aspx?fileid=53475&shareable=true
T6R-5537b3faba525da8,1060000143,4.o.t.3,exact,exact,4. Equipment / facility failure or damage,Switch,Transmission,HFTD Tier 3,# ignitions,exact,Yes,0,,,SDG&E,2023,4,v3.1,0,4,SDGE_2023_Q4_Tables1-15.xlsx,Table 6,153,P153,https://efiling.energysafety.ca.gov/eFiling/Getfile.aspx?fileid=53475&shareable=true
T6R-79cf7b1bb4d3e6ac,1060000144,4.p.d.0,exact,exact,4. Equipment / facility failure or damage,Tap,Distribution,Non-HFTD,# ignitions,exact,No,,,SDG&E does not currently track this driver,SDG&E,2023,1,v3.1,0,4,SDGE_2023_Q4_Tables1-15.xlsx,Table 6,154,M154,https://efiling.energysafety.ca.gov/eFiling/Getfile.aspx?fileid=53475&shareable=true
T6R-c4fc6e8a881b8e7d,1060000144,4.p.d.0,exact,exact,4. Equipment / facility failure or damage,Tap,Distribution,Non-HFTD,# ignitions,exact,No,,,SDG&E does not currently track this driver,SDG&E,2023,2,v3.1,0,4,SDGE_2023_Q4_Tables1-15.xlsx,Table 6,154,N154,https://efiling.energysafety.ca.gov/eFiling/Getfile.aspx?fileid=53475&shareable=true
T6R-2eead53001c33322,1060000144,4.p.d.0,exact,exact,4. Equipment / facility failure or damage,Tap,Distribution,Non-HFTD,# ignitions,exact,No,,,SDG&E does not currently track this driver,SDG&E,2023,3,v3.1,0,4,SDGE_2023_Q4_Tables1-15.xlsx,Table 6,154,O154,https://efiling.energysafety.ca.gov/eFiling/Getfile.aspx?fileid=53475&shareable=true
T6R-597f4480a7b09680,1060000144,4.p.d.0,exact,exact,4. Equipment / facility failure or damage,Tap,Distribution,Non-HFTD,# ignitions,exact,No,,,SDG&E does not currently track this driver,SDG&E,2023,4,v3.1,0,4,SDGE_2023_Q4_Tables1-15.xlsx,Table 6,154,P154,https://efiling.energysafety.ca.gov/eFiling/Getfile.aspx?fileid=53475&shareable=true
T6R-c41b7329048594cd,1060000145,4.p.d.2,exact,exact,4. Equipment / facility failure or damage,Tap,Distribution,HFTD Tier 2,# ignitions,exact,No,,,SDG&E does not currently track this driver,SDG&E,2023,1,v3.1,0,4,SDGE_2023_Q4_Tables1-15.xlsx,Table 6,155,M155,https://efiling.energysafety.ca.gov/eFiling/Getfile.aspx?fileid=53475&shareable=true
T6R-ed444a6aec52032d,1060000145,4.p.d.2,exact,exact,4. Equipment / facility failure or damage,Tap,Distribution,HFTD Tier 2,# ignitions,exact,No,,,SDG&E does not currently track this driver,SDG&E,2023,2,v3.1,0,4,SDGE_2023_Q4_Tables1-15.xlsx,Table 6,155,N155,https://efiling.energysafety.ca.gov/eFiling/Getfile.aspx?fileid=53475&shareable=true
T6R-5b3ed4ff59c6d88a,1060000145,4.p.d.2,exact,exact,4. Equipment / facility failure or damage,Tap,Distribution,HFTD Tier 2,# ignitions,exact,No,,,SDG&E does not currently track this driver,SDG&E,2023,3,v3.1,0,4,SDGE_2023_Q4_Tables1-15.xlsx,Table 6,155,O155,https://efiling.energysafety.ca.gov/eFiling/Getfile.aspx?fileid=53475&shareable=true
T6R-d7a5050702a822ce,1060000145,4.p.d.2,exact,exact,4. Equipment / facility failure or damage,Tap,Distribution,HFTD Tier 2,# ignitions,exact,No,,,SDG&E does not currently track this driver,SDG&E,2023,4,v3.1,0,4,SDGE_2023_Q4_Tables1-15.xlsx,Table 6,155,P155,https://efiling.energysafety.ca.gov/eFiling/Getfile.aspx?fileid=53475&shareable=true
T6R-6d0328ff11af369b,1060000146,4.p.d.3,exact,exact,4. Equipment / facility failure or damage,Tap,Distribution,HFTD Tier 3,# ignitions,exact,No,,,SDG&E does not currently track this driver,SDG&E,2023,1,v3.1,0,4,SDGE_2023_Q4_Tables1-15.xlsx,Table 6,156,M156,https://efiling.energysafety.ca.gov/eFiling/Getfile.aspx?fileid=53475&shareable=true
T6R-442a8a295c3eff9d,1060000146,4.p.d.3,exact,exact,4. Equipment / facility failure or damage,Tap,Distribution,HFTD Tier 3,# ignitions,exact,No,,,SDG&E does not currently track this driver,SDG&E,2023,2,v3.1,0,4,SDGE_2023_Q4_Tables1-15.xlsx,Table 6,156,N156,https://efiling.energysafety.ca.gov/eFiling/Getfile.aspx?fileid=53475&shareable=true
T6R-e14d1b8a7a9919df,1060000146,4.p.d.3,exact,exact,4. Equipment / facility failure or damage,Tap,Distribution,HFTD Tier 3,# ignitions,exact,No,,,SDG&E does not currently track this driver,SDG&E,2023,3,v3.1,0,4,SDGE_2023_Q4_Tables1-15.xlsx,Table 6,156,O156,https://efiling.energysafety.ca.gov/eFiling/Getfile.aspx?fileid=53475&shareable=true
T6R-c4181f927195624c,1060000146,4.p.d.3,exact,exact,4. Equipment / facility failure or damage,Tap,Distribution,HFTD Tier 3,# ignitions,exact,No,,,SDG&E does not currently track this driver,SDG&E,2023,4,v3.1,0,4,SDGE_2023_Q4_Tables1-15.xlsx,Table 6,156,P156,https://efiling.energysafety.ca.gov/eFiling/Getfile.aspx?fileid=53475&shareable=true
T6R-0968035160219aa9,1060000147,4.p.t.0,exact,exact,4. Equipment / facility failure or damage,Tap,Transmission,Non-HFTD,# ignitions,exact,No,,,SDG&E does not currently track this driver,SDG&E,2023,1,v3.1,0,4,SDGE_2023_Q4_Tables1-15.xlsx,Table 6,157,M157,https://efiling.energysafety.ca.gov/eFiling/Getfile.aspx?fileid=53475&shareable=true
T6R-c3f15f832bdf633c,1060000147,4.p.t.0,exact,exact,4. Equipment / facility failure or damage,Tap,Transmission,Non-HFTD,# ignitions,exact,No,,,SDG&E does not currently track this driver,SDG&E,2023,2,v3.1,0,4,SDGE_2023_Q4_Tables1-15.xlsx,Table 6,157,N157,https://efiling.energysafety.ca.gov/eFiling/Getfile.aspx?fileid=53475&shareable=true
T6R-9c475145e2df6e12,1060000147,4.p.t.0,exact,exact,4. Equipment / facility failure or damage,Tap,Transmission,Non-HFTD,# ignitions,exact,No,,,SDG&E does not currently track this driver,SDG&E,2023,3,v3.1,0,4,SDGE_2023_Q4_Tables1-15.xlsx,Table 6,157,O157,https://efiling.energysafety.ca.gov/eFiling/Getfile.aspx?fileid=53475&shareable=true
T6R-0606f2409be76962,1060000147,4.p.t.0,exact,exact,4. Equipment / facility failure or damage,Tap,Transmission,Non-HFTD,# ignitions,exact,No,,,SDG&E does not currently track this driver,SDG&E,2023,4,v3.1,0,4,SDGE_2023_Q4_Tables1-15.xlsx,Table 6,157,P157,https://efiling.energysafety.ca.gov/eFiling/Getfile.aspx?fileid=53475&shareable=true
T6R-b79df4e938e61269,1060000148,4.p.t.2,exact,exact,4. Equipment / facility failure or damage,Tap,Transmission,HFTD Tier 2,# ignitions,exact,No,,,SDG&E does not currently track this driver,SDG&E,2023,1,v3.1,0,4,SDGE_2023_Q4_Tables1-15.xlsx,Table 6,158,M158,https://efiling.energysafety.ca.gov/eFiling/Getfile.aspx?fileid=53475&shareable=true
T6R-f0a0e00ac90072e0,1060000148,4.p.t.2,exact,exact,4. Equipment / facility failure or damage,Tap,Transmission,HFTD Tier 2,# ignitions,exact,No,,,SDG&E does not currently track this driver,SDG&E,2023,2,v3.1,0,4,SDGE_2023_Q4_Tables1-15.xlsx,Table 6,158,N158,https://efiling.energysafety.ca.gov/eFiling/Getfile.aspx?fileid=53475&shareable=true
T6R-d774ac8b3bbef5e3,1060000148,4.p.t.2,exact,exact,4. Equipment / facility failure or damage,Tap,Transmission,HFTD Tier 2,# ignitions,exact,No,,,SDG&E does not currently track this driver,SDG&E,2023,3,v3.1,0,4,SDGE_2023_Q4_Tables1-15.xlsx,Table 6,158,O158,https://efiling.energysafety.ca.gov/eFiling/Getfile.aspx?fileid=53475&shareable=true
T6R-e02d2f15297e2b80,1060000148,4.p.t.2,exact,exact,4. Equipment / facility failure or damage,Tap,Transmission,HFTD Tier 2,# ignitions,exact,No,,,SDG&E does not currently track this driver,SDG&E,2023,4,v3.1,0,4,SDGE_2023_Q4_Tables1-15.xlsx,Table 6,158,P158,https://efiling.energysafety.ca.gov/eFiling/Getfile.aspx?fileid=53475&shareable=true
T6R-471ae103514bb19f,1060000149,4.p.t.3,exact,exact,4. Equipment / facility failure or damage,Tap,Transmission,HFTD Tier 3,# ignitions,exact,No,,,SDG&E does not currently track this driver,SDG&E,2023,1,v3.1,0,4,SDGE_2023_Q4_Tables1-15.xlsx,Table 6,159,M159,https://efiling.energysafety.ca.gov/eFiling/Getfile.aspx?fileid=53475&shareable=true
T6R-3446b2d67d8bcf63,1060000149,4.p.t.3,exact,exact,4. Equipment / facility failure or damage,Tap,Transmission,HFTD Tier 3,# ignitions,exact,No,,,SDG&E does not currently track this driver,SDG&E,2023,2,v3.1,0,4,SDGE_2023_Q4_Tables1-15.xlsx,Table 6,159,N159,https://efiling.energysafety.ca.gov/eFiling/Getfile.aspx?fileid=53475&shareable=true
T6R-a1fc50c2329bb97d,1060000149,4.p.t.3,exact,exact,4. Equipment / facility failure or damage,Tap,Transmission,HFTD Tier 3,# ignitions,exact,No,,,SDG&E does not currently track this driver,SDG&E,2023,3,v3.1,0,4,SDGE_2023_Q4_Tables1-15.xlsx,Table 6,159,O159,https://efiling.energysafety.ca.gov/eFiling/Getfile.aspx?fileid=53475&shareable=true
T6R-199d6e0ecd018243,1060000149,4.p.t.3,exact,exact,4. Equipment / facility failure or damage,Tap,Transmission,HFTD Tier 3,# ignitions,exact,No,,,SDG&E does not currently track this driver,SDG&E,2023,4,v3.1,0,4,SDGE_2023_Q4_Tables1-15.xlsx,Table 6,159,P159,https://efiling.energysafety.ca.gov/eFiling/Getfile.aspx?fileid=53475&shareable=true
T6R-24c3cfdb81f0fa58,1060000150,4.q.d.0,exact,exact,4. Equipment / facility failure or damage,Tie wire,Distribution,Non-HFTD,# ignitions,exact,No,,,SDG&E does not currently track this driver,SDG&E,2023,1,v3.1,0,4,SDGE_2023_Q4_Tables1-15.xlsx,Table 6,160,M160,https://efiling.energysafety.ca.gov/eFiling/Getfile.aspx?fileid=53475&shareable=true
T6R-404cfb98d20cc61c,1060000150,4.q.d.0,exact,exact,4. Equipment / facility failure or damage,Tie wire,Distribution,Non-HFTD,# ignitions,exact,No,,,SDG&E does not currently track this driver,SDG&E,2023,2,v3.1,0,4,SDGE_2023_Q4_Tables1-15.xlsx,Table 6,160,N160,https://efiling.energysafety.ca.gov/eFiling/Getfile.aspx?fileid=53475&shareable=true
T6R-7dc053e68f9d60a0,1060000150,4.q.d.0,exact,exact,4. Equipment / facility failure or damage,Tie wire,Distribution,Non-HFTD,# ignitions,exact,No,,,SDG&E does not currently track this driver,SDG&E,2023,3,v3.1,0,4,SDGE_2023_Q4_Tables1-15.xlsx,Table 6,160,O160,https://efiling.energysafety.ca.gov/eFiling/Getfile.aspx?fileid=53475&shareable=true
T6R-f72d9146e883a785,1060000150,4.q.d.0,exact,exact,4. Equipment / facility failure or damage,Tie wire,Distribution,Non-HFTD,# ignitions,exact,No,,,SDG&E does not currently track this driver,SDG&E,2023,4,v3.1,0,4,SDGE_2023_Q4_Tables1-15.xlsx,Table 6,160,P160,https://efiling.energysafety.ca.gov/eFiling/Getfile.aspx?fileid=53475&shareable=true
T6R-d354743722d6c662,1060000151,4.q.d.2,exact,exact,4. Equipment / facility failure or damage,Tie wire,Distribution,HFTD Tier 2,# ignitions,exact,No,,,SDG&E does not currently track this driver,SDG&E,2023,1,v3.1,0,4,SDGE_2023_Q4_Tables1-15.xlsx,Table 6,161,M161,https://efiling.energysafety.ca.gov/eFiling/Getfile.aspx?fileid=53475&shareable=true
T6R-1cc687b484119c85,1060000151,4.q.d.2,exact,exact,4. Equipment / facility failure or damage,Tie wire,Distribution,HFTD Tier 2,# ignitions,exact,No,,,SDG&E does not currently track this driver,SDG&E,2023,2,v3.1,0,4,SDGE_2023_Q4_Tables1-15.xlsx,Table 6,161,N161,https://efiling.energysafety.ca.gov/eFiling/Getfile.aspx?fileid=53475&shareable=true
T6R-acfa3b3ea1f6d09a,1060000151,4.q.d.2,exact,exact,4. Equipment / facility failure or damage,Tie wire,Distribution,HFTD Tier 2,# ignitions,exact,No,,,SDG&E does not currently track this driver,SDG&E,2023,3,v3.1,0,4,SDGE_2023_Q4_Tables1-15.xlsx,Table 6,161,O161,https://efiling.energysafety.ca.gov/eFiling/Getfile.aspx?fileid=53475&shareable=true
T6R-7169d461e43b1c29,1060000151,4.q.d.2,exact,exact,4. Equipment / facility failure or damage,Tie wire,Distribution,HFTD Tier 2,# ignitions,exact,No,,,SDG&E does not currently track this driver,SDG&E,2023,4,v3.1,0,4,SDGE_2023_Q4_Tables1-15.xlsx,Table 6,161,P161,https://efiling.energysafety.ca.gov/eFiling/Getfile.aspx?fileid=53475&shareable=true
T6R-023c9b4b7956dd83,1060000152,4.q.d.3,exact,exact,4. Equipment / facility failure or damage,Tie wire,Distribution,HFTD Tier 3,# ignitions,exact,No,,,SDG&E does not currently track this driver,SDG&E,2023,1,v3.1,0,4,SDGE_2023_Q4_Tables1-15.xlsx,Table 6,162,M162,https://efiling.energysafety.ca.gov/eFiling/Getfile.aspx?fileid=53475&shareable=true
T6R-7e66230e6ca9c470,1060000152,4.q.d.3,exact,exact,4. Equipment / facility failure or damage,Tie wire,Distribution,HFTD Tier 3,# ignitions,exact,No,,,SDG&E does not currently track this driver,SDG&E,2023,2,v3.1,0,4,SDGE_2023_Q4_Tables1-15.xlsx,Table 6,162,N162,https://efiling.energysafety.ca.gov/eFiling/Getfile.aspx?fileid=53475&shareable=true
T6R-566cb2a01935133b,1060000152,4.q.d.3,exact,exact,4. Equipment / facility failure or damage,Tie wire,Distribution,HFTD Tier 3,# ignitions,exact,No,,,SDG&E does not currently track this driver,SDG&E,2023,3,v3.1,0,4,SDGE_2023_Q4_Tables1-15.xlsx,Table 6,162,O162,https://efiling.energysafety.ca.gov/eFiling/Getfile.aspx?fileid=53475&shareable=true
T6R-8b4063bf3320f334,1060000152,4.q.d.3,exact,exact,4. Equipment / facility failure or damage,Tie wire,Distribution,HFTD Tier 3,# ignitions,exact,No,,,SDG&E does not currently track this driver,SDG&E,2023,4,v3.1,0,4,SDGE_2023_Q4_Tables1-15.xlsx,Table 6,162,P162,https://efiling.energysafety.ca.gov/eFiling/Getfile.aspx?fileid=53475&shareable=true
T6R-36d19f5eb36c841d,1060000153,4.q.t.0,exact,exact,4. Equipment / facility failure or damage,Tie wire,Transmission,Non-HFTD,# ignitions,exact,No,,,SDG&E does not currently track this driver,SDG&E,2023,1,v3.1,0,4,SDGE_2023_Q4_Tables1-15.xlsx,Table 6,163,M163,https://efiling.energysafety.ca.gov/eFiling/Getfile.aspx?fileid=53475&shareable=true
T6R-695e53aa846862af,1060000153,4.q.t.0,exact,exact,4. Equipment / facility failure or damage,Tie wire,Transmission,Non-HFTD,# ignitions,exact,No,,,SDG&E does not currently track this driver,SDG&E,2023,2,v3.1,0,4,SDGE_2023_Q4_Tables1-15.xlsx,Table 6,163,N163,https://efiling.energysafety.ca.gov/eFiling/Getfile.aspx?fileid=53475&shareable=true
T6R-c48f76cf258dd276,1060000153,4.q.t.0,exact,exact,4. Equipment / facility failure or damage,Tie wire,Transmission,Non-HFTD,# ignitions,exact,No,,,SDG&E does not currently track this driver,SDG&E,2023,3,v3.1,0,4,SDGE_2023_Q4_Tables1-15.xlsx,Table 6,163,O163,https://efiling.energysafety.ca.gov/eFiling/Getfile.aspx?fileid=53475&shareable=true
T6R-2502edb0ae177437,1060000153,4.q.t.0,exact,exact,4. Equipment / facility failure or damage,Tie wire,Transmission,Non-HFTD,# ignitions,exact,No,,,SDG&E does not currently track this driver,SDG&E,2023,4,v3.1,0,4,SDGE_2023_Q4_Tables1-15.xlsx,Table 6,163,P163,https://efiling.energysafety.ca.gov/eFiling/Getfile.aspx?fileid=53475&shareable=true
T6R-80e70c83157c77df,1060000154,4.q.t.2,exact,exact,4. Equipment / facility failure or damage,Tie wire,Transmission,HFTD Tier 2,# ignitions,exact,No,,,SDG&E does not currently track this driver,SDG&E,2023,1,v3.1,0,4,SDGE_2023_Q4_Tables1-15.xlsx,Table 6,164,M164,https://efiling.energysafety.ca.gov/eFiling/Getfile.aspx?fileid=53475&shareable=true
T6R-7a45d7af712f2d76,1060000154,4.q.t.2,exact,exact,4. Equipment / facility failure or damage,Tie wire,Transmission,HFTD Tier 2,# ignitions,exact,No,,,SDG&E does not currently track this driver,SDG&E,2023,2,v3.1,0,4,SDGE_2023_Q4_Tables1-15.xlsx,Table 6,164,N164,https://efiling.energysafety.ca.gov/eFiling/Getfile.aspx?fileid=53475&shareable=true
T6R-9e100ae917e836f9,1060000154,4.q.t.2,exact,exact,4. Equipment / facility failure or damage,Tie wire,Transmission,HFTD Tier 2,# ignitions,exact,No,,,SDG&E does not currently track this driver,SDG&E,2023,3,v3.1,0,4,SDGE_2023_Q4_Tables1-15.xlsx,Table 6,164,O164,https://efiling.energysafety.ca.gov/eFiling/Getfile.aspx?fileid=53475&shareable=true
T6R-d8c51f763876eec0,1060000154,4.q.t.2,exact,exact,4. Equipment / facility failure or damage,Tie wire,Transmission,HFTD Tier 2,# ignitions,exact,No,,,SDG&E does not currently track this driver,SDG&E,2023,4,v3.1,0,4,SDGE_2023_Q4_Tables1-15.xlsx,Table 6,164,P164,https://efiling.energysafety.ca.gov/eFiling/Getfile.aspx?fileid=53475&shareable=true
T6R-c8db73b63fb1b66e,1060000155,4.q.t.3,exact,exact,4. Equipment / facility failure or damage,Tie wire,Transmission,HFTD Tier 3,# ignitions,exact,No,,,SDG&E does not currently track this driver,SDG&E,2023,1,v3.1,0,4,SDGE_2023_Q4_Tables1-15.xlsx,Table 6,165,M165,https://efiling.energysafety.ca.gov/eFiling/Getfile.aspx?fileid=53475&shareable=true
T6R-71c5c2015bb05f28,1060000155,4.q.t.3,exact,exact,4. Equipment / facility failure or damage,Tie wire,Transmission,HFTD Tier 3,# ignitions,exact,No,,,SDG&E does not currently track this driver,SDG&E,2023,2,v3.1,0,4,SDGE_2023_Q4_Tables1-15.xlsx,Table 6,165,N165,https://efiling.energysafety.ca.gov/eFiling/Getfile.aspx?fileid=53475&shareable=true
T6R-ae765e7693ce5d61,1060000155,4.q.t.3,exact,exact,4. Equipment / facility failure or damage,Tie wire,Transmission,HFTD Tier 3,# ignitions,exact,No,,,SDG&E does not currently track this driver,SDG&E,2023,3,v3.1,0,4,SDGE_2023_Q4_Tables1-15.xlsx,Table 6,165,O165,https://efiling.energysafety.ca.gov/eFiling/Getfile.aspx?fileid=53475&shareable=true
T6R-ffdfa048f553890b,1060000155,4.q.t.3,exact,exact,4. Equipment / facility failure or damage,Tie wire,Transmission,HFTD Tier 3,# ignitions,exact,No,,,SDG&E does not currently track this driver,SDG&E,2023,4,v3.1,0,4,SDGE_2023_Q4_Tables1-15.xlsx,Table 6,165,P165,https://efiling.energysafety.ca.gov/eFiling/Getfile.aspx?fileid=53475&shareable=true
T6R-c832cb98c12990ec,1060000156,4.r.d.0,exact,exact,4. Equipment / facility failure or damage,Transformer,Distribution,Non-HFTD,# ignitions,exact,Yes,0,,,SDG&E,2023,1,v3.1,0,4,SDGE_2023_Q4_Tables1-15.xlsx,Table 6,166,M166,https://efiling.energysafety.ca.gov/eFiling/Getfile.aspx?fileid=53475&shareable=true
T6R-36161cd9d4741ba2,1060000156,4.r.d.0,exact,exact,4. Equipment / facility failure or damage,Transformer,Distribution,Non-HFTD,# ignitions,exact,Yes,0,,,SDG&E,2023,2,v3.1,0,4,SDGE_2023_Q4_Tables1-15.xlsx,Table 6,166,N166,https://efiling.energysafety.ca.gov/eFiling/Getfile.aspx?fileid=53475&shareable=true
T6R-78e2b7742142bd26,1060000156,4.r.d.0,exact,exact,4. Equipment / facility failure or damage,Transformer,Distribution,Non-HFTD,# ignitions,exact,Yes,0,,,SDG&E,2023,3,v3.1,0,4,SDGE_2023_Q4_Tables1-15.xlsx,Table 6,166,O166,https://efiling.energysafety.ca.gov/eFiling/Getfile.aspx?fileid=53475&shareable=true
T6R-2aa08a4ba3324550,1060000156,4.r.d.0,exact,exact,4. Equipment / facility failure or damage,Transformer,Distribution,Non-HFTD,# ignitions,exact,Yes,0,,,SDG&E,2023,4,v3.1,0,4,SDGE_2023_Q4_Tables1-15.xlsx,Table 6,166,P166,https://efiling.energysafety.ca.gov/eFiling/Getfile.aspx?fileid=53475&shareable=true
T6R-e631d6f0a1d5fd92,1060000157,4.r.d.2,exact,exact,4. Equipment / facility failure or damage,Transformer,Distribution,HFTD Tier 2,# ignitions,exact,Yes,0,,,SDG&E,2023,1,v3.1,0,4,SDGE_2023_Q4_Tables1-15.xlsx,Table 6,167,M167,https://efiling.energysafety.ca.gov/eFiling/Getfile.aspx?fileid=53475&shareable=true
T6R-73f2bb7943bfebb4,1060000157,4.r.d.2,exact,exact,4. Equipment / facility failure or damage,Transformer,Distribution,HFTD Tier 2,# ignitions,exact,Yes,0,,,SDG&E,2023,2,v3.1,0,4,SDGE_2023_Q4_Tables1-15.xlsx,Table 6,167,N167,https://efiling.energysafety.ca.gov/eFiling/Getfile.aspx?fileid=53475&shareable=true
T6R-ab32dfa196391b8e,1060000157,4.r.d.2,exact,exact,4. Equipment / facility failure or damage,Transformer,Distribution,HFTD Tier 2,# ignitions,exact,Yes,0,,,SDG&E,2023,3,v3.1,0,4,SDGE_2023_Q4_Tables1-15.xlsx,Table 6,167,O167,https://efiling.energysafety.ca.gov/eFiling/Getfile.aspx?fileid=53475&shareable=true
T6R-bf4df2d7784407e9,1060000157,4.r.d.2,exact,exact,4. Equipment / facility failure or damage,Transformer,Distribution,HFTD Tier 2,# ignitions,exact,Yes,0,,,SDG&E,2023,4,v3.1,0,4,SDGE_2023_Q4_Tables1-15.xlsx,Table 6,167,P167,https://efiling.energysafety.ca.gov/eFiling/Getfile.aspx?fileid=53475&shareable=true
T6R-2a94015b42e26610,1060000158,4.r.d.3,exact,exact,4. Equipment / facility failure or damage,Transformer,Distribution,HFTD Tier 3,# ignitions,exact,Yes,0,,,SDG&E,2023,1,v3.1,0,4,SDGE_2023_Q4_Tables1-15.xlsx,Table 6,168,M168,https://efiling.energysafety.ca.gov/eFiling/Getfile.aspx?fileid=53475&shareable=true
T6R-3e11e6760361dcfd,1060000158,4.r.d.3,exact,exact,4. Equipment / facility failure or damage,Transformer,Distribution,HFTD Tier 3,# ignitions,exact,Yes,0,,,SDG&E,2023,2,v3.1,0,4,SDGE_2023_Q4_Tables1-15.xlsx,Table 6,168,N168,https://efiling.energysafety.ca.gov/eFiling/Getfile.aspx?fileid=53475&shareable=true
T6R-0b67ae9d63551f4a,1060000158,4.r.d.3,exact,exact,4. Equipment / facility failure or damage,Transformer,Distribution,HFTD Tier 3,# ignitions,exact,Yes,0,,,SDG&E,2023,3,v3.1,0,4,SDGE_2023_Q4_Tables1-15.xlsx,Table 6,168,O168,https://efiling.energysafety.ca.gov/eFiling/Getfile.aspx?fileid=53475&shareable=true
T6R-1400f660fb0aca93,1060000158,4.r.d.3,exact,exact,4. Equipment / facility failure or damage,Transformer,Distribution,HFTD Tier 3,# ignitions,exact,Yes,0,,,SDG&E,2023,4,v3.1,0,4,SDGE_2023_Q4_Tables1-15.xlsx,Table 6,168,P168,https://efiling.energysafety.ca.gov/eFiling/Getfile.aspx?fileid=53475&shareable=true
T6R-d458457fc5b56d24,1060000159,4.r.t.0,exact,exact,4. Equipment / facility failure or damage,Transformer,Transmission,Non-HFTD,# ignitions,exact,Yes,0,,,SDG&E,2023,1,v3.1,0,4,SDGE_2023_Q4_Tables1-15.xlsx,Table 6,169,M169,https://efiling.energysafety.ca.gov/eFiling/Getfile.aspx?fileid=53475&shareable=true
T6R-9c99c90293eb5c40,1060000159,4.r.t.0,exact,exact,4. Equipment / facility failure or damage,Transformer,Transmission,Non-HFTD,# ignitions,exact,Yes,0,,,SDG&E,2023,2,v3.1,0,4,SDGE_2023_Q4_Tables1-15.xlsx,Table 6,169,N169,https://efiling.energysafety.ca.gov/eFiling/Getfile.aspx?fileid=53475&shareable=true
T6R-c78404c27b599641,1060000159,4.r.t.0,exact,exact,4. Equipment / facility failure or damage,Transformer,Transmission,Non-HFTD,# ignitions,exact,Yes,0,,,SDG&E,2023,3,v3.1,0,4,SDGE_2023_Q4_Tables1-15.xlsx,Table 6,169,O169,https://efiling.energysafety.ca.gov/eFiling/Getfile.aspx?fileid=53475&shareable=true
T6R-6e35f29a178d4348,1060000159,4.r.t.0,exact,exact,4. Equipment / facility failure or damage,Transformer,Transmission,Non-HFTD,# ignitions,exact,Yes,0,,,SDG&E,2023,4,v3.1,0,4,SDGE_2023_Q4_Tables1-15.xlsx,Table 6,169,P169,https://efiling.energysafety.ca.gov/eFiling/Getfile.aspx?fileid=53475&shareable=true
T6R-6469264aa14fa2b1,1060000160,4.r.t.2,exact,exact,4. Equipment / facility failure or damage,Transformer,Transmission,HFTD Tier 2,# ignitions,exact,Yes,0,,,SDG&E,2023,1,v3.1,0,4,SDGE_2023_Q4_Tables1-15.xlsx,Table 6,170,M170,https://efiling.energysafety.ca.gov/eFiling/Getfile.aspx?fileid=53475&shareable=true
T6R-1332d01df8b8206e,1060000160,4.r.t.2,exact,exact,4. Equipment / facility failure or damage,Transformer,Transmission,HFTD Tier 2,# ignitions,exact,Yes,0,,,SDG&E,2023,2,v3.1,0,4,SDGE_2023_Q4_Tables1-15.xlsx,Table 6,170,N170,https://efiling.energysafety.ca.gov/eFiling/Getfile.aspx?fileid=53475&shareable=true
T6R-a307258a87227672,1060000160,4.r.t.2,exact,exact,4. Equipment / facility failure or damage,Transformer,Transmission,HFTD Tier 2,# ignitions,exact,Yes,0,,,SDG&E,2023,3,v3.1,0,4,SDGE_2023_Q4_Tables1-15.xlsx,Table 6,170,O170,https://efiling.energysafety.ca.gov/eFiling/Getfile.aspx?fileid=53475&shareable=true
T6R-25abb820f274521e,1060000160,4.r.t.2,exact,exact,4. Equipment / facility failure or damage,Transformer,Transmission,HFTD Tier 2,# ignitions,exact,Yes,0,,,SDG&E,2023,4,v3.1,0,4,SDGE_2023_Q4_Tables1-15.xlsx,Table 6,170,P170,https://efiling.energysafety.ca.gov/eFiling/Getfile.aspx?fileid=53475&shareable=true
T6R-16f4ecbdb8de2225,1060000161,4.r.t.3,exact,exact,4. Equipment / facility failure or damage,Transformer,Transmission,HFTD Tier 3,# ignitions,exact,Yes,0,,,SDG&E,2023,1,v3.1,0,4,SDGE_2023_Q4_Tables1-15.xlsx,Table 6,171,M171,https://efiling.energysafety.ca.gov/eFiling/Getfile.aspx?fileid=53475&shareable=true
T6R-1c19267ac9d16b04,1060000161,4.r.t.3,exact,exact,4. Equipment / facility failure or damage,Transformer,Transmission,HFTD Tier 3,# ignitions,exact,Yes,0,,,SDG&E,2023,2,v3.1,0,4,SDGE_2023_Q4_Tables1-15.xlsx,Table 6,171,N171,https://efiling.energysafety.ca.gov/eFiling/Getfile.aspx?fileid=53475&shareable=true
T6R-1d7f85856e42568c,1060000161,4.r.t.3,exact,exact,4. Equipment / facility failure or damage,Transformer,Transmission,HFTD Tier 3,# ignitions,exact,Yes,0,,,SDG&E,2023,3,v3.1,0,4,SDGE_2023_Q4_Tables1-15.xlsx,Table 6,171,O171,https://efiling.energysafety.ca.gov/eFiling/Getfile.aspx?fileid=53475&shareable=true
T6R-c9cea00a8d4ba909,1060000161,4.r.t.3,exact,exact,4. Equipment / facility failure or damage,Transformer,Transmission,HFTD Tier 3,# ignitions,exact,Yes,0,,,SDG&E,2023,4,v3.1,0,4,SDGE_2023_Q4_Tables1-15.xlsx,Table 6,171,P171,https://efiling.energysafety.ca.gov/eFiling/Getfile.aspx?fileid=53475&shareable=true
T6R-679eeb0d96c9f5f0,1060000162,4.s.d.0,exact,canonical_label_update,4. Equipment / facility failure or damage,Voltage regulator / booster,Distribution,Non-HFTD,# ignitions,exact,No,,,SDG&E does not currently track this driver,SDG&E,2023,1,v3.1,0,4,SDGE_2023_Q4_Tables1-15.xlsx,Table 6,172,M172,https://efiling.energysafety.ca.gov/eFiling/Getfile.aspx?fileid=53475&shareable=true
T6R-6db8aa6e9a05c26d,1060000162,4.s.d.0,exact,canonical_label_update,4. Equipment / facility failure or damage,Voltage regulator / booster,Distribution,Non-HFTD,# ignitions,exact,No,,,SDG&E does not currently track this driver,SDG&E,2023,2,v3.1,0,4,SDGE_2023_Q4_Tables1-15.xlsx,Table 6,172,N172,https://efiling.energysafety.ca.gov/eFiling/Getfile.aspx?fileid=53475&shareable=true
T6R-e14de7f1b43c1ef7,1060000162,4.s.d.0,exact,canonical_label_update,4. Equipment / facility failure or damage,Voltage regulator / booster,Distribution,Non-HFTD,# ignitions,exact,No,,,SDG&E does not currently track this driver,SDG&E,2023,3,v3.1,0,4,SDGE_2023_Q4_Tables1-15.xlsx,Table 6,172,O172,https://efiling.energysafety.ca.gov/eFiling/Getfile.aspx?fileid=53475&shareable=true
T6R-8a4070c9a138ea74,1060000162,4.s.d.0,exact,canonical_label_update,4. Equipment / facility failure or damage,Voltage regulator / booster,Distribution,Non-HFTD,# ignitions,exact,No,,,SDG&E does not currently track this driver,SDG&E,2023,4,v3.1,0,4,SDGE_2023_Q4_Tables1-15.xlsx,Table 6,172,P172,https://efiling.energysafety.ca.gov/eFiling/Getfile.aspx?fileid=53475&shareable=true
T6R-1b0b5890e56b2002,1060000163,4.s.d.2,exact,canonical_label_update,4. Equipment / facility failure or damage,Voltage regulator / booster,Distribution,HFTD Tier 2,# ignitions,exact,No,,,SDG&E does not currently track this driver,SDG&E,2023,1,v3.1,0,4,SDGE_2023_Q4_Tables1-15.xlsx,Table 6,173,M173,https://efiling.energysafety.ca.gov/eFiling/Getfile.aspx?fileid=53475&shareable=true
T6R-77dd487c68b0f508,1060000163,4.s.d.2,exact,canonical_label_update,4. Equipment / facility failure or damage,Voltage regulator / booster,Distribution,HFTD Tier 2,# ignitions,exact,No,,,SDG&E does not currently track this driver,SDG&E,2023,2,v3.1,0,4,SDGE_2023_Q4_Tables1-15.xlsx,Table 6,173,N173,https://efiling.energysafety.ca.gov/eFiling/Getfile.aspx?fileid=53475&shareable=true
T6R-e1792211833a447c,1060000163,4.s.d.2,exact,canonical_label_update,4. Equipment / facility failure or damage,Voltage regulator / booster,Distribution,HFTD Tier 2,# ignitions,exact,No,,,SDG&E does not currently track this driver,SDG&E,2023,3,v3.1,0,4,SDGE_2023_Q4_Tables1-15.xlsx,Table 6,173,O173,https://efiling.energysafety.ca.gov/eFiling/Getfile.aspx?fileid=53475&shareable=true
T6R-68966423842b20e5,1060000163,4.s.d.2,exact,canonical_label_update,4. Equipment / facility failure or damage,Voltage regulator / booster,Distribution,HFTD Tier 2,# ignitions,exact,No,,,SDG&E does not currently track this driver,SDG&E,2023,4,v3.1,0,4,SDGE_2023_Q4_Tables1-15.xlsx,Table 6,173,P173,https://efiling.energysafety.ca.gov/eFiling/Getfile.aspx?fileid=53475&shareable=true
T6R-0b9d92a9765cbfdf,1060000164,4.s.d.3,exact,canonical_label_update,4. Equipment / facility failure or damage,Voltage regulator / booster,Distribution,HFTD Tier 3,# ignitions,exact,No,,,SDG&E does not currently track this driver,SDG&E,2023,1,v3.1,0,4,SDGE_2023_Q4_Tables1-15.xlsx,Table 6,174,M174,https://efiling.energysafety.ca.gov/eFiling/Getfile.aspx?fileid=53475&shareable=true
T6R-ee5f81fc24860012,1060000164,4.s.d.3,exact,canonical_label_update,4. Equipment / facility failure or damage,Voltage regulator / booster,Distribution,HFTD Tier 3,# ignitions,exact,No,,,SDG&E does not currently track this driver,SDG&E,2023,2,v3.1,0,4,SDGE_2023_Q4_Tables1-15.xlsx,Table 6,174,N174,https://efiling.energysafety.ca.gov/eFiling/Getfile.aspx?fileid=53475&shareable=true
T6R-cbfc7a2ca7fbe0de,1060000164,4.s.d.3,exact,canonical_label_update,4. Equipment / facility failure or damage,Voltage regulator / booster,Distribution,HFTD Tier 3,# ignitions,exact,No,,,SDG&E does not currently track this driver,SDG&E,2023,3,v3.1,0,4,SDGE_2023_Q4_Tables1-15.xlsx,Table 6,174,O174,https://efiling.energysafety.ca.gov/eFiling/Getfile.aspx?fileid=53475&shareable=true
T6R-b4d2570d5aa00a83,1060000164,4.s.d.3,exact,canonical_label_update,4. Equipment / facility failure or damage,Voltage regulator / booster,Distribution,HFTD Tier 3,# ignitions,exact,No,,,SDG&E does not currently track this driver,SDG&E,2023,4,v3.1,0,4,SDGE_2023_Q4_Tables1-15.xlsx,Table 6,174,P174,https://efiling.energysafety.ca.gov/eFiling/Getfile.aspx?fileid=53475&shareable=true
T6R-a5a8e5998a5ccfc3,1060000165,4.s.t.0,exact,canonical_label_update,4. Equipment / facility failure or damage,Voltage regulator / booster,Transmission,Non-HFTD,# ignitions,exact,No,,,SDG&E does not currently track this driver,SDG&E,2023,1,v3.1,0,4,SDGE_2023_Q4_Tables1-15.xlsx,Table 6,175,M175,https://efiling.energysafety.ca.gov/eFiling/Getfile.aspx?fileid=53475&shareable=true
T6R-255cddf5b68855d3,1060000165,4.s.t.0,exact,canonical_label_update,4. Equipment / facility failure or damage,Voltage regulator / booster,Transmission,Non-HFTD,# ignitions,exact,No,,,SDG&E does not currently track this driver,SDG&E,2023,2,v3.1,0,4,SDGE_2023_Q4_Tables1-15.xlsx,Table 6,175,N175,https://efiling.energysafety.ca.gov/eFiling/Getfile.aspx?fileid=53475&shareable=true
T6R-223a2af4f032c669,1060000165,4.s.t.0,exact,canonical_label_update,4. Equipment / facility failure or damage,Voltage regulator / booster,Transmission,Non-HFTD,# ignitions,exact,No,,,SDG&E does not currently track this driver,SDG&E,2023,3,v3.1,0,4,SDGE_2023_Q4_Tables1-15.xlsx,Table 6,175,O175,https://efiling.energysafety.ca.gov/eFiling/Getfile.aspx?fileid=53475&shareable=true
T6R-39b6c4e2e21ced94,1060000165,4.s.t.0,exact,canonical_label_update,4. Equipment / facility failure or damage,Voltage regulator / booster,Transmission,Non-HFTD,# ignitions,exact,No,,,SDG&E does not currently track this driver,SDG&E,2023,4,v3.1,0,4,SDGE_2023_Q4_Tables1-15.xlsx,Table 6,175,P175,https://efiling.energysafety.ca.gov/eFiling/Getfile.aspx?fileid=53475&shareable=true
T6R-3d8ff291828925e5,1060000166,4.s.t.2,exact,canonical_label_update,4. Equipment / facility failure or damage,Voltage regulator / booster,Transmission,HFTD Tier 2,# ignitions,exact,No,,,SDG&E does not currently track this driver,SDG&E,2023,1,v3.1,0,4,SDGE_2023_Q4_Tables1-15.xlsx,Table 6,176,M176,https://efiling.energysafety.ca.gov/eFiling/Getfile.aspx?fileid=53475&shareable=true
T6R-0ca2e5ecdc0bb05c,1060000166,4.s.t.2,exact,canonical_label_update,4. Equipment / facility failure or damage,Voltage regulator / booster,Transmission,HFTD Tier 2,# ignitions,exact,No,,,SDG&E does not currently track this driver,SDG&E,2023,2,v3.1,0,4,SDGE_2023_Q4_Tables1-15.xlsx,Table 6,176,N176,https://efiling.energysafety.ca.gov/eFiling/Getfile.aspx?fileid=53475&shareable=true
T6R-d54cda0facfa710f,1060000166,4.s.t.2,exact,canonical_label_update,4. Equipment / facility failure or damage,Voltage regulator / booster,Transmission,HFTD Tier 2,# ignitions,exact,No,,,SDG&E does not currently track this driver,SDG&E,2023,3,v3.1,0,4,SDGE_2023_Q4_Tables1-15.xlsx,Table 6,176,O176,https://efiling.energysafety.ca.gov/eFiling/Getfile.aspx?fileid=53475&shareable=true
T6R-50f85a83c4770541,1060000166,4.s.t.2,exact,canonical_label_update,4. Equipment / facility failure or damage,Voltage regulator / booster,Transmission,HFTD Tier 2,# ignitions,exact,No,,,SDG&E does not currently track this driver,SDG&E,2023,4,v3.1,0,4,SDGE_2023_Q4_Tables1-15.xlsx,Table 6,176,P176,https://efiling.energysafety.ca.gov/eFiling/Getfile.aspx?fileid=53475&shareable=true
T6R-68365f7ae7e5d667,1060000167,4.s.t.3,exact,canonical_label_update,4. Equipment / facility failure or damage,Voltage regulator / booster,Transmission,HFTD Tier 3,# ignitions,exact,No,,,SDG&E does not currently track this driver,SDG&E,2023,1,v3.1,0,4,SDGE_2023_Q4_Tables1-15.xlsx,Table 6,177,M177,https://efiling.energysafety.ca.gov/eFiling/Getfile.aspx?fileid=53475&shareable=true
T6R-9d1aa25b7f0f4650,1060000167,4.s.t.3,exact,canonical_label_update,4. Equipment / facility failure or damage,Voltage regulator / booster,Transmission,HFTD Tier 3,# ignitions,exact,No,,,SDG&E does not currently track this driver,SDG&E,2023,2,v3.1,0,4,SDGE_2023_Q4_Tables1-15.xlsx,Table 6,177,N177,https://efiling.energysafety.ca.gov/eFiling/Getfile.aspx?fileid=53475&shareable=true
T6R-4edeaa8e0e711a5b,1060000167,4.s.t.3,exact,canonical_label_update,4. Equipment / facility failure or damage,Voltage regulator / booster,Transmission,HFTD Tier 3,# ignitions,exact,No,,,SDG&E does not currently track this driver,SDG&E,2023,3,v3.1,0,4,SDGE_2023_Q4_Tables1-15.xlsx,Table 6,177,O177,https://efiling.energysafety.ca.gov/eFiling/Getfile.aspx?fileid=53475&shareable=true
T6R-d7acd72bedd93460,1060000167,4.s.t.3,exact,canonical_label_update,4. Equipment / facility failure or damage,Voltage regulator / booster,Transmission,HFTD Tier 3,# ignitions,exact,No,,,SDG&E does not currently track this driver,SDG&E,2023,4,v3.1,0,4,SDGE_2023_Q4_Tables1-15.xlsx,Table 6,177,P177,https://efiling.energysafety.ca.gov/eFiling/Getfile.aspx?fileid=53475&shareable=true
T6R-1fbd3a12f4dfddc3,1060000168,4.t.d.0,exact,canonical_label_update,4. Equipment / facility failure or damage,Unknown (equipment failure),Distribution,Non-HFTD,# ignitions,exact,No,,,SDG&E does not currently track this driver,SDG&E,2023,1,v3.1,0,4,SDGE_2023_Q4_Tables1-15.xlsx,Table 6,178,M178,https://efiling.energysafety.ca.gov/eFiling/Getfile.aspx?fileid=53475&shareable=true
T6R-65f92bcfadcac47b,1060000168,4.t.d.0,exact,canonical_label_update,4. Equipment / facility failure or damage,Unknown (equipment failure),Distribution,Non-HFTD,# ignitions,exact,No,,,SDG&E does not currently track this driver,SDG&E,2023,2,v3.1,0,4,SDGE_2023_Q4_Tables1-15.xlsx,Table 6,178,N178,https://efiling.energysafety.ca.gov/eFiling/Getfile.aspx?fileid=53475&shareable=true
T6R-2615223a3829c8d2,1060000168,4.t.d.0,exact,canonical_label_update,4. Equipment / facility failure or damage,Unknown (equipment failure),Distribution,Non-HFTD,# ignitions,exact,No,,,SDG&E does not currently track this driver,SDG&E,2023,3,v3.1,0,4,SDGE_2023_Q4_Tables1-15.xlsx,Table 6,178,O178,https://efiling.energysafety.ca.gov/eFiling/Getfile.aspx?fileid=53475&shareable=true
T6R-d7a012cf4c039e8d,1060000168,4.t.d.0,exact,canonical_label_update,4. Equipment / facility failure or damage,Unknown (equipment failure),Distribution,Non-HFTD,# ignitions,exact,No,,,SDG&E does not currently track this driver,SDG&E,2023,4,v3.1,0,4,SDGE_2023_Q4_Tables1-15.xlsx,Table 6,178,P178,https://efiling.energysafety.ca.gov/eFiling/Getfile.aspx?fileid=53475&shareable=true
T6R-af0d5d6f350cba6d,1060000169,4.t.d.2,exact,canonical_label_update,4. Equipment / facility failure or damage,Unknown (equipment failure),Distribution,HFTD Tier 2,# ignitions,exact,No,,,SDG&E does not currently track this driver,SDG&E,2023,1,v3.1,0,4,SDGE_2023_Q4_Tables1-15.xlsx,Table 6,179,M179,https://efiling.energysafety.ca.gov/eFiling/Getfile.aspx?fileid=53475&shareable=true
T6R-ca71c85589b0a827,1060000169,4.t.d.2,exact,canonical_label_update,4. Equipment / facility failure or damage,Unknown (equipment failure),Distribution,HFTD Tier 2,# ignitions,exact,No,,,SDG&E does not currently track this driver,SDG&E,2023,2,v3.1,0,4,SDGE_2023_Q4_Tables1-15.xlsx,Table 6,179,N179,https://efiling.energysafety.ca.gov/eFiling/Getfile.aspx?fileid=53475&shareable=true
T6R-f9d10e5f1611f47f,1060000169,4.t.d.2,exact,canonical_label_update,4. Equipment / facility failure or damage,Unknown (equipment failure),Distribution,HFTD Tier 2,# ignitions,exact,No,,,SDG&E does not currently track this driver,SDG&E,2023,3,v3.1,0,4,SDGE_2023_Q4_Tables1-15.xlsx,Table 6,179,O179,https://efiling.energysafety.ca.gov/eFiling/Getfile.aspx?fileid=53475&shareable=true
T6R-630610e521d38b74,1060000169,4.t.d.2,exact,canonical_label_update,4. Equipment / facility failure or damage,Unknown (equipment failure),Distribution,HFTD Tier 2,# ignitions,exact,No,,,SDG&E does not currently track this driver,SDG&E,2023,4,v3.1,0,4,SDGE_2023_Q4_Tables1-15.xlsx,Table 6,179,P179,https://efiling.energysafety.ca.gov/eFiling/Getfile.aspx?fileid=53475&shareable=true
T6R-5a3ecbf320200c4b,1060000170,4.t.d.3,exact,canonical_label_update,4. Equipment / facility failure or damage,Unknown (equipment failure),Distribution,HFTD Tier 3,# ignitions,exact,No,,,SDG&E does not currently track this driver,SDG&E,2023,1,v3.1,0,4,SDGE_2023_Q4_Tables1-15.xlsx,Table 6,180,M180,https://efiling.energysafety.ca.gov/eFiling/Getfile.aspx?fileid=53475&shareable=true
T6R-068ccd8bf953bd24,1060000170,4.t.d.3,exact,canonical_label_update,4. Equipment / facility failure or damage,Unknown (equipment failure),Distribution,HFTD Tier 3,# ignitions,exact,No,,,SDG&E does not currently track this driver,SDG&E,2023,2,v3.1,0,4,SDGE_2023_Q4_Tables1-15.xlsx,Table 6,180,N180,https://efiling.energysafety.ca.gov/eFiling/Getfile.aspx?fileid=53475&shareable=true
T6R-1be9ceaa06d4cb61,1060000170,4.t.d.3,exact,canonical_label_update,4. Equipment / facility failure or damage,Unknown (equipment failure),Distribution,HFTD Tier 3,# ignitions,exact,No,,,SDG&E does not currently track this driver,SDG&E,2023,3,v3.1,0,4,SDGE_2023_Q4_Tables1-15.xlsx,Table 6,180,O180,https://efiling.energysafety.ca.gov/eFiling/Getfile.aspx?fileid=53475&shareable=true
T6R-fa1d0936fddb7826,1060000170,4.t.d.3,exact,canonical_label_update,4. Equipment / facility failure or damage,Unknown (equipment failure),Distribution,HFTD Tier 3,# ignitions,exact,No,,,SDG&E does not currently track this driver,SDG&E,2023,4,v3.1,0,4,SDGE_2023_Q4_Tables1-15.xlsx,Table 6,180,P180,https://efiling.energysafety.ca.gov/eFiling/Getfile.aspx?fileid=53475&shareable=true
T6R-b2fa591885b5c619,1060000171,4.t.t.0,exact,canonical_label_update,4. Equipment / facility failure or damage,Unknown (equipment failure),Transmission,Non-HFTD,# ignitions,exact,No,,,SDG&E does not currently track this driver,SDG&E,2023,1,v3.1,0,4,SDGE_2023_Q4_Tables1-15.xlsx,Table 6,181,M181,https://efiling.energysafety.ca.gov/eFiling/Getfile.aspx?fileid=53475&shareable=true
T6R-dc71fa3eebaff260,1060000171,4.t.t.0,exact,canonical_label_update,4. Equipment / facility failure or damage,Unknown (equipment failure),Transmission,Non-HFTD,# ignitions,exact,No,,,SDG&E does not currently track this driver,SDG&E,2023,2,v3.1,0,4,SDGE_2023_Q4_Tables1-15.xlsx,Table 6,181,N181,https://efiling.energysafety.ca.gov/eFiling/Getfile.aspx?fileid=53475&shareable=true
T6R-bb03f9519015f3b5,1060000171,4.t.t.0,exact,canonical_label_update,4. Equipment / facility failure or damage,Unknown (equipment failure),Transmission,Non-HFTD,# ignitions,exact,No,,,SDG&E does not currently track this driver,SDG&E,2023,3,v3.1,0,4,SDGE_2023_Q4_Tables1-15.xlsx,Table 6,181,O181,https://efiling.energysafety.ca.gov/eFiling/Getfile.aspx?fileid=53475&shareable=true
T6R-c3a103611a9e3c41,1060000171,4.t.t.0,exact,canonical_label_update,4. Equipment / facility failure or damage,Unknown (equipment failure),Transmission,Non-HFTD,# ignitions,exact,No,,,SDG&E does not currently track this driver,SDG&E,2023,4,v3.1,0,4,SDGE_2023_Q4_Tables1-15.xlsx,Table 6,181,P181,https://efiling.energysafety.ca.gov/eFiling/Getfile.aspx?fileid=53475&shareable=true
T6R-269cda29ac3194f1,1060000172,4.t.t.2,exact,canonical_label_update,4. Equipment / facility failure or damage,Unknown (equipment failure),Transmission,HFTD Tier 2,# ignitions,exact,No,,,SDG&E does not currently track this driver,SDG&E,2023,1,v3.1,0,4,SDGE_2023_Q4_Tables1-15.xlsx,Table 6,182,M182,https://efiling.energysafety.ca.gov/eFiling/Getfile.aspx?fileid=53475&shareable=true
T6R-7bb442029179ed29,1060000172,4.t.t.2,exact,canonical_label_update,4. Equipment / facility failure or damage,Unknown (equipment failure),Transmission,HFTD Tier 2,# ignitions,exact,No,,,SDG&E does not currently track this driver,SDG&E,2023,2,v3.1,0,4,SDGE_2023_Q4_Tables1-15.xlsx,Table 6,182,N182,https://efiling.energysafety.ca.gov/eFiling/Getfile.aspx?fileid=53475&shareable=true
T6R-67ea7be6e064634b,1060000172,4.t.t.2,exact,canonical_label_update,4. Equipment / facility failure or damage,Unknown (equipment failure),Transmission,HFTD Tier 2,# ignitions,exact,No,,,SDG&E does not currently track this driver,SDG&E,2023,3,v3.1,0,4,SDGE_2023_Q4_Tables1-15.xlsx,Table 6,182,O182,https://efiling.energysafety.ca.gov/eFiling/Getfile.aspx?fileid=53475&shareable=true
T6R-ffb21e6f0777f885,1060000172,4.t.t.2,exact,canonical_label_update,4. Equipment / facility failure or damage,Unknown (equipment failure),Transmission,HFTD Tier 2,# ignitions,exact,No,,,SDG&E does not currently track this driver,SDG&E,2023,4,v3.1,0,4,SDGE_2023_Q4_Tables1-15.xlsx,Table 6,182,P182,https://efiling.energysafety.ca.gov/eFiling/Getfile.aspx?fileid=53475&shareable=true
T6R-6e40dd39af70fc59,1060000173,4.t.t.3,exact,canonical_label_update,4. Equipment / facility failure or damage,Unknown (equipment failure),Transmission,HFTD Tier 3,# ignitions,exact,No,,,SDG&E does not currently track this driver,SDG&E,2023,1,v3.1,0,4,SDGE_2023_Q4_Tables1-15.xlsx,Table 6,183,M183,https://efiling.energysafety.ca.gov/eFiling/Getfile.aspx?fileid=53475&shareable=true
T6R-e913e0c02d7eaa41,1060000173,4.t.t.3,exact,canonical_label_update,4. Equipment / facility failure or damage,Unknown (equipment failure),Transmission,HFTD Tier 3,# ignitions,exact,No,,,SDG&E does not currently track this driver,SDG&E,2023,2,v3.1,0,4,SDGE_2023_Q4_Tables1-15.xlsx,Table 6,183,N183,https://efiling.energysafety.ca.gov/eFiling/Getfile.aspx?fileid=53475&shareable=true
T6R-ff121c16f81d4ac0,1060000173,4.t.t.3,exact,canonical_label_update,4. Equipment / facility failure or damage,Unknown (equipment failure),Transmission,HFTD Tier 3,# ignitions,exact,No,,,SDG&E does not currently track this driver,SDG&E,2023,3,v3.1,0,4,SDGE_2023_Q4_Tables1-15.xlsx,Table 6,183,O183,https://efiling.energysafety.ca.gov/eFiling/Getfile.aspx?fileid=53475&shareable=true
T6R-5d128f82e9ea952e,1060000173,4.t.t.3,exact,canonical_label_update,4. Equipment / facility failure or damage,Unknown (equipment failure),Transmission,HFTD Tier 3,# ignitions,exact,No,,,SDG&E does not currently track this driver,SDG&E,2023,4,v3.1,0,4,SDGE_2023_Q4_Tables1-15.xlsx,Table 6,183,P183,https://efiling.energysafety.ca.gov/eFiling/Getfile.aspx?fileid=53475&shareable=true
T6R-29700d0a009d1400,1060000174,4.u.d.0,exact,canonical_label_update,4. Equipment / facility failure or damage,Other (equipment failure),Distribution,Non-HFTD,# ignitions,exact,Yes,0,,,SDG&E,2023,1,v3.1,0,4,SDGE_2023_Q4_Tables1-15.xlsx,Table 6,184,M184,https://efiling.energysafety.ca.gov/eFiling/Getfile.aspx?fileid=53475&shareable=true
T6R-40be04921f15a149,1060000174,4.u.d.0,exact,canonical_label_update,4. Equipment / facility failure or damage,Other (equipment failure),Distribution,Non-HFTD,# ignitions,exact,Yes,0,,,SDG&E,2023,2,v3.1,0,4,SDGE_2023_Q4_Tables1-15.xlsx,Table 6,184,N184,https://efiling.energysafety.ca.gov/eFiling/Getfile.aspx?fileid=53475&shareable=true
T6R-a8a5ec160dc1d191,1060000174,4.u.d.0,exact,canonical_label_update,4. Equipment / facility failure or damage,Other (equipment failure),Distribution,Non-HFTD,# ignitions,exact,Yes,0,,,SDG&E,2023,3,v3.1,0,4,SDGE_2023_Q4_Tables1-15.xlsx,Table 6,184,O184,https://efiling.energysafety.ca.gov/eFiling/Getfile.aspx?fileid=53475&shareable=true
T6R-3e0849e40b3fa733,1060000174,4.u.d.0,exact,canonical_label_update,4. Equipment / facility failure or damage,Other (equipment failure),Distribution,Non-HFTD,# ignitions,exact,Yes,0,,,SDG&E,2023,4,v3.1,0,4,SDGE_2023_Q4_Tables1-15.xlsx,Table 6,184,P184,https://efiling.energysafety.ca.gov/eFiling/Getfile.aspx?fileid=53475&shareable=true
T6R-f058f5675ce68853,1060000175,4.u.d.2,exact,canonical_label_update,4. Equipment / facility failure or damage,Other (equipment failure),Distribution,HFTD Tier 2,# ignitions,exact,Yes,0,,,SDG&E,2023,1,v3.1,0,4,SDGE_2023_Q4_Tables1-15.xlsx,Table 6,185,M185,https://efiling.energysafety.ca.gov/eFiling/Getfile.aspx?fileid=53475&shareable=true
T6R-6a9c31d1d7c82e5d,1060000175,4.u.d.2,exact,canonical_label_update,4. Equipment / facility failure or damage,Other (equipment failure),Distribution,HFTD Tier 2,# ignitions,exact,Yes,0,,,SDG&E,2023,2,v3.1,0,4,SDGE_2023_Q4_Tables1-15.xlsx,Table 6,185,N185,https://efiling.energysafety.ca.gov/eFiling/Getfile.aspx?fileid=53475&shareable=true
T6R-830eb6646adafca9,1060000175,4.u.d.2,exact,canonical_label_update,4. Equipment / facility failure or damage,Other (equipment failure),Distribution,HFTD Tier 2,# ignitions,exact,Yes,0,,,SDG&E,2023,3,v3.1,0,4,SDGE_2023_Q4_Tables1-15.xlsx,Table 6,185,O185,https://efiling.energysafety.ca.gov/eFiling/Getfile.aspx?fileid=53475&shareable=true
T6R-ad6a8bf73eaed289,1060000175,4.u.d.2,exact,canonical_label_update,4. Equipment / facility failure or damage,Other (equipment failure),Distribution,HFTD Tier 2,# ignitions,exact,Yes,0,,,SDG&E,2023,4,v3.1,0,4,SDGE_2023_Q4_Tables1-15.xlsx,Table 6,185,P185,https://efiling.energysafety.ca.gov/eFiling/Getfile.aspx?fileid=53475&shareable=true
T6R-3449e9553fac3c59,1060000176,4.u.d.3,exact,canonical_label_update,4. Equipment / facility failure or damage,Other (equipment failure),Distribution,HFTD Tier 3,# ignitions,exact,Yes,0,,,SDG&E,2023,1,v3.1,0,4,SDGE_2023_Q4_Tables1-15.xlsx,Table 6,186,M186,https://efiling.energysafety.ca.gov/eFiling/Getfile.aspx?fileid=53475&shareable=true
T6R-8a7641667e67ed63,1060000176,4.u.d.3,exact,canonical_label_update,4. Equipment / facility failure or damage,Other (equipment failure),Distribution,HFTD Tier 3,# ignitions,exact,Yes,0,,,SDG&E,2023,2,v3.1,0,4,SDGE_2023_Q4_Tables1-15.xlsx,Table 6,186,N186,https://efiling.energysafety.ca.gov/eFiling/Getfile.aspx?fileid=53475&shareable=true
T6R-8a2397abf85563f6,1060000176,4.u.d.3,exact,canonical_label_update,4. Equipment / facility failure or damage,Other (equipment failure),Distribution,HFTD Tier 3,# ignitions,exact,Yes,0,,,SDG&E,2023,3,v3.1,0,4,SDGE_2023_Q4_Tables1-15.xlsx,Table 6,186,O186,https://efiling.energysafety.ca.gov/eFiling/Getfile.aspx?fileid=53475&shareable=true
T6R-365a5fce56716b8c,1060000176,4.u.d.3,exact,canonical_label_update,4. Equipment / facility failure or damage,Other (equipment failure),Distribution,HFTD Tier 3,# ignitions,exact,Yes,0,,,SDG&E,2023,4,v3.1,0,4,SDGE_2023_Q4_Tables1-15.xlsx,Table 6,186,P186,https://efiling.energysafety.ca.gov/eFiling/Getfile.aspx?fileid=53475&shareable=true
T6R-69935f79f8f947f6,1060000177,4.u.t.0,exact,canonical_label_update,4. Equipment / facility failure or damage,Other (equipment failure),Transmission,Non-HFTD,# ignitions,exact,Yes,0,,,SDG&E,2023,1,v3.1,0,4,SDGE_2023_Q4_Tables1-15.xlsx,Table 6,187,M187,https://efiling.energysafety.ca.gov/eFiling/Getfile.aspx?fileid=53475&shareable=true
T6R-fd5492fef0ce3e57,1060000177,4.u.t.0,exact,canonical_label_update,4. Equipment / facility failure or damage,Other (equipment failure),Transmission,Non-HFTD,# ignitions,exact,Yes,0,,,SDG&E,2023,2,v3.1,0,4,SDGE_2023_Q4_Tables1-15.xlsx,Table 6,187,N187,https://efiling.energysafety.ca.gov/eFiling/Getfile.aspx?fileid=53475&shareable=true
T6R-2540d879d50ddfb4,1060000177,4.u.t.0,exact,canonical_label_update,4. Equipment / facility failure or damage,Other (equipment failure),Transmission,Non-HFTD,# ignitions,exact,Yes,0,,,SDG&E,2023,3,v3.1,0,4,SDGE_2023_Q4_Tables1-15.xlsx,Table 6,187,O187,https://efiling.energysafety.ca.gov/eFiling/Getfile.aspx?fileid=53475&shareable=true
T6R-be730a0c712b8a55,1060000177,4.u.t.0,exact,canonical_label_update,4. Equipment / facility failure or damage,Other (equipment failure),Transmission,Non-HFTD,# ignitions,exact,Yes,0,,,SDG&E,2023,4,v3.1,0,4,SDGE_2023_Q4_Tables1-15.xlsx,Table 6,187,P187,https://efiling.energysafety.ca.gov/eFiling/Getfile.aspx?fileid=53475&shareable=true
T6R-e3486dc6c67a9eb9,1060000178,4.u.t.2,exact,canonical_label_update,4. Equipment / facility failure or damage,Other (equipment failure),Transmission,HFTD Tier 2,# ignitions,exact,Yes,0,,,SDG&E,2023,1,v3.1,0,4,SDGE_2023_Q4_Tables1-15.xlsx,Table 6,188,M188,https://efiling.energysafety.ca.gov/eFiling/Getfile.aspx?fileid=53475&shareable=true
T6R-989dbf76b0cf1497,1060000178,4.u.t.2,exact,canonical_label_update,4. Equipment / facility failure or damage,Other (equipment failure),Transmission,HFTD Tier 2,# ignitions,exact,Yes,0,,,SDG&E,2023,2,v3.1,0,4,SDGE_2023_Q4_Tables1-15.xlsx,Table 6,188,N188,https://efiling.energysafety.ca.gov/eFiling/Getfile.aspx?fileid=53475&shareable=true
T6R-32f362f2b06c241e,1060000178,4.u.t.2,exact,canonical_label_update,4. Equipment / facility failure or damage,Other (equipment failure),Transmission,HFTD Tier 2,# ignitions,exact,Yes,0,,,SDG&E,2023,3,v3.1,0,4,SDGE_2023_Q4_Tables1-15.xlsx,Table 6,188,O188,https://efiling.energysafety.ca.gov/eFiling/Getfile.aspx?fileid=53475&shareable=true
T6R-ce53ccb74c4181dc,1060000178,4.u.t.2,exact,canonical_label_update,4. Equipment / facility failure or damage,Other (equipment failure),Transmission,HFTD Tier 2,# ignitions,exact,Yes,0,,,SDG&E,2023,4,v3.1,0,4,SDGE_2023_Q4_Tables1-15.xlsx,Table 6,188,P188,https://efiling.energysafety.ca.gov/eFiling/Getfile.aspx?fileid=53475&shareable=true
T6R-0abc80267167b2cc,1060000179,4.u.t.3,exact,canonical_label_update,4. Equipment / facility failure or damage,Other (equipment failure),Transmission,HFTD Tier 3,# ignitions,exact,Yes,0,,,SDG&E,2023,1,v3.1,0,4,SDGE_2023_Q4_Tables1-15.xlsx,Table 6,189,M189,https://efiling.energysafety.ca.gov/eFiling/Getfile.aspx?fileid=53475&shareable=true
T6R-84e8b16d24be1c9b,1060000179,4.u.t.3,exact,canonical_label_update,4. Equipment / facility failure or damage,Other (equipment failure),Transmission,HFTD Tier 3,# ignitions,exact,Yes,0,,,SDG&E,2023,2,v3.1,0,4,SDGE_2023_Q4_Tables1-15.xlsx,Table 6,189,N189,https://efiling.energysafety.ca.gov/eFiling/Getfile.aspx?fileid=53475&shareable=true
T6R-0b09885781132924,1060000179,4.u.t.3,exact,canonical_label_update,4. Equipment / facility failure or damage,Other (equipment failure),Transmission,HFTD Tier 3,# ignitions,exact,Yes,0,,,SDG&E,2023,3,v3.1,0,4,SDGE_2023_Q4_Tables1-15.xlsx,Table 6,189,O189,https://efiling.energysafety.ca.gov/eFiling/Getfile.aspx?fileid=53475&shareable=true
T6R-d9f915dd67e8fc1a,1060000179,4.u.t.3,exact,canonical_label_update,4. Equipment / facility failure or damage,Other (equipment failure),Transmission,HFTD Tier 3,# ignitions,exact,Yes,0,,,SDG&E,2023,4,v3.1,0,4,SDGE_2023_Q4_Tables1-15.xlsx,Table 6,189,P189,https://efiling.energysafety.ca.gov/eFiling/Getfile.aspx?fileid=53475&shareable=true
T6R-de02cf3f07e83de8,1060000180,5.a.d.0,exact,exact,5. Wire-to-wire contact,Wire-to-wire contact,Distribution,Non-HFTD,# ignitions,exact,Yes,0,,,SDG&E,2023,1,v3.1,0,4,SDGE_2023_Q4_Tables1-15.xlsx,Table 6,190,M190,https://efiling.energysafety.ca.gov/eFiling/Getfile.aspx?fileid=53475&shareable=true
T6R-08130e2aac0675db,1060000180,5.a.d.0,exact,exact,5. Wire-to-wire contact,Wire-to-wire contact,Distribution,Non-HFTD,# ignitions,exact,Yes,0,,,SDG&E,2023,2,v3.1,0,4,SDGE_2023_Q4_Tables1-15.xlsx,Table 6,190,N190,https://efiling.energysafety.ca.gov/eFiling/Getfile.aspx?fileid=53475&shareable=true
T6R-ebd9376c0fdd15a5,1060000180,5.a.d.0,exact,exact,5. Wire-to-wire contact,Wire-to-wire contact,Distribution,Non-HFTD,# ignitions,exact,Yes,0,,,SDG&E,2023,3,v3.1,0,4,SDGE_2023_Q4_Tables1-15.xlsx,Table 6,190,O190,https://efiling.energysafety.ca.gov/eFiling/Getfile.aspx?fileid=53475&shareable=true
T6R-c489ffd2ad33ef0a,1060000180,5.a.d.0,exact,exact,5. Wire-to-wire contact,Wire-to-wire contact,Distribution,Non-HFTD,# ignitions,exact,Yes,0,,,SDG&E,2023,4,v3.1,0,4,SDGE_2023_Q4_Tables1-15.xlsx,Table 6,190,P190,https://efiling.energysafety.ca.gov/eFiling/Getfile.aspx?fileid=53475&shareable=true
T6R-2ff285070e8d8568,1060000181,5.a.d.2,exact,exact,5. Wire-to-wire contact,Wire-to-wire contact,Distribution,HFTD Tier 2,# ignitions,exact,Yes,0,,,SDG&E,2023,1,v3.1,0,4,SDGE_2023_Q4_Tables1-15.xlsx,Table 6,191,M191,https://efiling.energysafety.ca.gov/eFiling/Getfile.aspx?fileid=53475&shareable=true
T6R-d15059a4c3ecd0c1,1060000181,5.a.d.2,exact,exact,5. Wire-to-wire contact,Wire-to-wire contact,Distribution,HFTD Tier 2,# ignitions,exact,Yes,0,,,SDG&E,2023,2,v3.1,0,4,SDGE_2023_Q4_Tables1-15.xlsx,Table 6,191,N191,https://efiling.energysafety.ca.gov/eFiling/Getfile.aspx?fileid=53475&shareable=true
T6R-375ea829e4139aaf,1060000181,5.a.d.2,exact,exact,5. Wire-to-wire contact,Wire-to-wire contact,Distribution,HFTD Tier 2,# ignitions,exact,Yes,0,,,SDG&E,2023,3,v3.1,0,4,SDGE_2023_Q4_Tables1-15.xlsx,Table 6,191,O191,https://efiling.energysafety.ca.gov/eFiling/Getfile.aspx?fileid=53475&shareable=true
T6R-7e87f98714886b1f,1060000181,5.a.d.2,exact,exact,5. Wire-to-wire contact,Wire-to-wire contact,Distribution,HFTD Tier 2,# ignitions,exact,Yes,0,,,SDG&E,2023,4,v3.1,0,4,SDGE_2023_Q4_Tables1-15.xlsx,Table 6,191,P191,https://efiling.energysafety.ca.gov/eFiling/Getfile.aspx?fileid=53475&shareable=true
T6R-46c23f92c2794364,1060000182,5.a.d.3,exact,exact,5. Wire-to-wire contact,Wire-to-wire contact,Distribution,HFTD Tier 3,# ignitions,exact,Yes,0,,,SDG&E,2023,1,v3.1,0,4,SDGE_2023_Q4_Tables1-15.xlsx,Table 6,192,M192,https://efiling.energysafety.ca.gov/eFiling/Getfile.aspx?fileid=53475&shareable=true
T6R-efafab618a50fc55,1060000182,5.a.d.3,exact,exact,5. Wire-to-wire contact,Wire-to-wire contact,Distribution,HFTD Tier 3,# ignitions,exact,Yes,0,,,SDG&E,2023,2,v3.1,0,4,SDGE_2023_Q4_Tables1-15.xlsx,Table 6,192,N192,https://efiling.energysafety.ca.gov/eFiling/Getfile.aspx?fileid=53475&shareable=true
T6R-03206bffc79016c6,1060000182,5.a.d.3,exact,exact,5. Wire-to-wire contact,Wire-to-wire contact,Distribution,HFTD Tier 3,# ignitions,exact,Yes,0,,,SDG&E,2023,3,v3.1,0,4,SDGE_2023_Q4_Tables1-15.xlsx,Table 6,192,O192,https://efiling.energysafety.ca.gov/eFiling/Getfile.aspx?fileid=53475&shareable=true
T6R-335e3a050c58f1d7,1060000182,5.a.d.3,exact,exact,5. Wire-to-wire contact,Wire-to-wire contact,Distribution,HFTD Tier 3,# ignitions,exact,Yes,0,,,SDG&E,2023,4,v3.1,0,4,SDGE_2023_Q4_Tables1-15.xlsx,Table 6,192,P192,https://efiling.energysafety.ca.gov/eFiling/Getfile.aspx?fileid=53475&shareable=true
T6R-c4e91dc4dbdefb21,1060000183,5.a.t.0,exact,exact,5. Wire-to-wire contact,Wire-to-wire contact,Transmission,Non-HFTD,# ignitions,exact,Yes,0,,,SDG&E,2023,1,v3.1,0,4,SDGE_2023_Q4_Tables1-15.xlsx,Table 6,193,M193,https://efiling.energysafety.ca.gov/eFiling/Getfile.aspx?fileid=53475&shareable=true
T6R-37d91e98a46412ec,1060000183,5.a.t.0,exact,exact,5. Wire-to-wire contact,Wire-to-wire contact,Transmission,Non-HFTD,# ignitions,exact,Yes,0,,,SDG&E,2023,2,v3.1,0,4,SDGE_2023_Q4_Tables1-15.xlsx,Table 6,193,N193,https://efiling.energysafety.ca.gov/eFiling/Getfile.aspx?fileid=53475&shareable=true
T6R-39cb88dd6e48132e,1060000183,5.a.t.0,exact,exact,5. Wire-to-wire contact,Wire-to-wire contact,Transmission,Non-HFTD,# ignitions,exact,Yes,0,,,SDG&E,2023,3,v3.1,0,4,SDGE_2023_Q4_Tables1-15.xlsx,Table 6,193,O193,https://efiling.energysafety.ca.gov/eFiling/Getfile.aspx?fileid=53475&shareable=true
T6R-2d568b16c51b03ae,1060000183,5.a.t.0,exact,exact,5. Wire-to-wire contact,Wire-to-wire contact,Transmission,Non-HFTD,# ignitions,exact,Yes,0,,,SDG&E,2023,4,v3.1,0,4,SDGE_2023_Q4_Tables1-15.xlsx,Table 6,193,P193,https://efiling.energysafety.ca.gov/eFiling/Getfile.aspx?fileid=53475&shareable=true
T6R-4eb9dcf935bfb037,1060000184,5.a.t.2,exact,exact,5. Wire-to-wire contact,Wire-to-wire contact,Transmission,HFTD Tier 2,# ignitions,exact,Yes,0,,,SDG&E,2023,1,v3.1,0,4,SDGE_2023_Q4_Tables1-15.xlsx,Table 6,194,M194,https://efiling.energysafety.ca.gov/eFiling/Getfile.aspx?fileid=53475&shareable=true
T6R-13596f3f6d8ea2d0,1060000184,5.a.t.2,exact,exact,5. Wire-to-wire contact,Wire-to-wire contact,Transmission,HFTD Tier 2,# ignitions,exact,Yes,0,,,SDG&E,2023,2,v3.1,0,4,SDGE_2023_Q4_Tables1-15.xlsx,Table 6,194,N194,https://efiling.energysafety.ca.gov/eFiling/Getfile.aspx?fileid=53475&shareable=true
T6R-8c2f718f5bdfb29c,1060000184,5.a.t.2,exact,exact,5. Wire-to-wire contact,Wire-to-wire contact,Transmission,HFTD Tier 2,# ignitions,exact,Yes,0,,,SDG&E,2023,3,v3.1,0,4,SDGE_2023_Q4_Tables1-15.xlsx,Table 6,194,O194,https://efiling.energysafety.ca.gov/eFiling/Getfile.aspx?fileid=53475&shareable=true
T6R-b5bf3a80ad29a95a,1060000184,5.a.t.2,exact,exact,5. Wire-to-wire contact,Wire-to-wire contact,Transmission,HFTD Tier 2,# ignitions,exact,Yes,0,,,SDG&E,2023,4,v3.1,0,4,SDGE_2023_Q4_Tables1-15.xlsx,Table 6,194,P194,https://efiling.energysafety.ca.gov/eFiling/Getfile.aspx?fileid=53475&shareable=true
T6R-a5ac33ff640b6b99,1060000185,5.a.t.3,exact,exact,5. Wire-to-wire contact,Wire-to-wire contact,Transmission,HFTD Tier 3,# ignitions,exact,Yes,0,,,SDG&E,2023,1,v3.1,0,4,SDGE_2023_Q4_Tables1-15.xlsx,Table 6,195,M195,https://efiling.energysafety.ca.gov/eFiling/Getfile.aspx?fileid=53475&shareable=true
T6R-cbd8410041903874,1060000185,5.a.t.3,exact,exact,5. Wire-to-wire contact,Wire-to-wire contact,Transmission,HFTD Tier 3,# ignitions,exact,Yes,0,,,SDG&E,2023,2,v3.1,0,4,SDGE_2023_Q4_Tables1-15.xlsx,Table 6,195,N195,https://efiling.energysafety.ca.gov/eFiling/Getfile.aspx?fileid=53475&shareable=true
T6R-6e0a326924d61cd3,1060000185,5.a.t.3,exact,exact,5. Wire-to-wire contact,Wire-to-wire contact,Transmission,HFTD Tier 3,# ignitions,exact,Yes,0,,,SDG&E,2023,3,v3.1,0,4,SDGE_2023_Q4_Tables1-15.xlsx,Table 6,195,O195,https://efiling.energysafety.ca.gov/eFiling/Getfile.aspx?fileid=53475&shareable=true
T6R-8ca6113658875a3b,1060000185,5.a.t.3,exact,exact,5. Wire-to-wire contact,Wire-to-wire contact,Transmission,HFTD Tier 3,# ignitions,exact,Yes,0,,,SDG&E,2023,4,v3.1,0,4,SDGE_2023_Q4_Tables1-15.xlsx,Table 6,195,P195,https://efiling.energysafety.ca.gov/eFiling/Getfile.aspx?fileid=53475&shareable=true
T6R-37ae9e139dd9809b,1060000186,6.a.d.0,exact,exact,6. Contamination,Contamination,Distribution,Non-HFTD,# ignitions,exact,No,,,SDG&E does not currently track this driver,SDG&E,2023,1,v3.1,0,4,SDGE_2023_Q4_Tables1-15.xlsx,Table 6,196,M196,https://efiling.energysafety.ca.gov/eFiling/Getfile.aspx?fileid=53475&shareable=true
T6R-5edc49d6bd3eede2,1060000186,6.a.d.0,exact,exact,6. Contamination,Contamination,Distribution,Non-HFTD,# ignitions,exact,No,,,SDG&E does not currently track this driver,SDG&E,2023,2,v3.1,0,4,SDGE_2023_Q4_Tables1-15.xlsx,Table 6,196,N196,https://efiling.energysafety.ca.gov/eFiling/Getfile.aspx?fileid=53475&shareable=true
T6R-71b5bb73b36f9271,1060000186,6.a.d.0,exact,exact,6. Contamination,Contamination,Distribution,Non-HFTD,# ignitions,exact,No,,,SDG&E does not currently track this driver,SDG&E,2023,3,v3.1,0,4,SDGE_2023_Q4_Tables1-15.xlsx,Table 6,196,O196,https://efiling.energysafety.ca.gov/eFiling/Getfile.aspx?fileid=53475&shareable=true
T6R-91afb68245aaa27f,1060000186,6.a.d.0,exact,exact,6. Contamination,Contamination,Distribution,Non-HFTD,# ignitions,exact,No,,,SDG&E does not currently track this driver,SDG&E,2023,4,v3.1,0,4,SDGE_2023_Q4_Tables1-15.xlsx,Table 6,196,P196,https://efiling.energysafety.ca.gov/eFiling/Getfile.aspx?fileid=53475&shareable=true
T6R-0915dcd80dbb0a20,1060000187,6.a.d.2,exact,exact,6. Contamination,Contamination,Distribution,HFTD Tier 2,# ignitions,exact,No,,,SDG&E does not currently track this driver,SDG&E,2023,1,v3.1,0,4,SDGE_2023_Q4_Tables1-15.xlsx,Table 6,197,M197,https://efiling.energysafety.ca.gov/eFiling/Getfile.aspx?fileid=53475&shareable=true
T6R-dd2186a403cfab39,1060000187,6.a.d.2,exact,exact,6. Contamination,Contamination,Distribution,HFTD Tier 2,# ignitions,exact,No,,,SDG&E does not currently track this driver,SDG&E,2023,2,v3.1,0,4,SDGE_2023_Q4_Tables1-15.xlsx,Table 6,197,N197,https://efiling.energysafety.ca.gov/eFiling/Getfile.aspx?fileid=53475&shareable=true
T6R-f01b342c80406076,1060000187,6.a.d.2,exact,exact,6. Contamination,Contamination,Distribution,HFTD Tier 2,# ignitions,exact,No,,,SDG&E does not currently track this driver,SDG&E,2023,3,v3.1,0,4,SDGE_2023_Q4_Tables1-15.xlsx,Table 6,197,O197,https://efiling.energysafety.ca.gov/eFiling/Getfile.aspx?fileid=53475&shareable=true
T6R-63d6a47410096336,1060000187,6.a.d.2,exact,exact,6. Contamination,Contamination,Distribution,HFTD Tier 2,# ignitions,exact,No,,,SDG&E does not currently track this driver,SDG&E,2023,4,v3.1,0,4,SDGE_2023_Q4_Tables1-15.xlsx,Table 6,197,P197,https://efiling.energysafety.ca.gov/eFiling/Getfile.aspx?fileid=53475&shareable=true
T6R-538afa7c6b40e66a,1060000188,6.a.d.3,exact,exact,6. Contamination,Contamination,Distribution,HFTD Tier 3,# ignitions,exact,No,,,SDG&E does not currently track this driver,SDG&E,2023,1,v3.1,0,4,SDGE_2023_Q4_Tables1-15.xlsx,Table 6,198,M198,https://efiling.energysafety.ca.gov/eFiling/Getfile.aspx?fileid=53475&shareable=true
T6R-2f19dc037f2ebc68,1060000188,6.a.d.3,exact,exact,6. Contamination,Contamination,Distribution,HFTD Tier 3,# ignitions,exact,No,,,SDG&E does not currently track this driver,SDG&E,2023,2,v3.1,0,4,SDGE_2023_Q4_Tables1-15.xlsx,Table 6,198,N198,https://efiling.energysafety.ca.gov/eFiling/Getfile.aspx?fileid=53475&shareable=true
T6R-756c10be4534f2d8,1060000188,6.a.d.3,exact,exact,6. Contamination,Contamination,Distribution,HFTD Tier 3,# ignitions,exact,No,,,SDG&E does not currently track this driver,SDG&E,2023,3,v3.1,0,4,SDGE_2023_Q4_Tables1-15.xlsx,Table 6,198,O198,https://efiling.energysafety.ca.gov/eFiling/Getfile.aspx?fileid=53475&shareable=true
T6R-bb9acc2ecb0e7f85,1060000188,6.a.d.3,exact,exact,6. Contamination,Contamination,Distribution,HFTD Tier 3,# ignitions,exact,No,,,SDG&E does not currently track this driver,SDG&E,2023,4,v3.1,0,4,SDGE_2023_Q4_Tables1-15.xlsx,Table 6,198,P198,https://efiling.energysafety.ca.gov/eFiling/Getfile.aspx?fileid=53475&shareable=true
T6R-e7ca7b59fd2ddeaf,1060000189,6.a.t.0,exact,exact,6. Contamination,Contamination,Transmission,Non-HFTD,# ignitions,exact,No,,,SDG&E does not currently track this driver,SDG&E,2023,1,v3.1,0,4,SDGE_2023_Q4_Tables1-15.xlsx,Table 6,199,M199,https://efiling.energysafety.ca.gov/eFiling/Getfile.aspx?fileid=53475&shareable=true
T6R-22eeef19c52b9eb0,1060000189,6.a.t.0,exact,exact,6. Contamination,Contamination,Transmission,Non-HFTD,# ignitions,exact,No,,,SDG&E does not currently track this driver,SDG&E,2023,2,v3.1,0,4,SDGE_2023_Q4_Tables1-15.xlsx,Table 6,199,N199,https://efiling.energysafety.ca.gov/eFiling/Getfile.aspx?fileid=53475&shareable=true
T6R-9d98db9c7607609f,1060000189,6.a.t.0,exact,exact,6. Contamination,Contamination,Transmission,Non-HFTD,# ignitions,exact,No,,,SDG&E does not currently track this driver,SDG&E,2023,3,v3.1,0,4,SDGE_2023_Q4_Tables1-15.xlsx,Table 6,199,O199,https://efiling.energysafety.ca.gov/eFiling/Getfile.aspx?fileid=53475&shareable=true
T6R-03b044e5c6ec6d52,1060000189,6.a.t.0,exact,exact,6. Contamination,Contamination,Transmission,Non-HFTD,# ignitions,exact,No,,,SDG&E does not currently track this driver,SDG&E,2023,4,v3.1,0,4,SDGE_2023_Q4_Tables1-15.xlsx,Table 6,199,P199,https://efiling.energysafety.ca.gov/eFiling/Getfile.aspx?fileid=53475&shareable=true
T6R-bed3b6a7e93a7d57,1060000190,6.a.t.2,exact,exact,6. Contamination,Contamination,Transmission,HFTD Tier 2,# ignitions,exact,No,,,SDG&E does not currently track this driver,SDG&E,2023,1,v3.1,0,4,SDGE_2023_Q4_Tables1-15.xlsx,Table 6,200,M200,https://efiling.energysafety.ca.gov/eFiling/Getfile.aspx?fileid=53475&shareable=true
T6R-9e2e2372cec5796f,1060000190,6.a.t.2,exact,exact,6. Contamination,Contamination,Transmission,HFTD Tier 2,# ignitions,exact,No,,,SDG&E does not currently track this driver,SDG&E,2023,2,v3.1,0,4,SDGE_2023_Q4_Tables1-15.xlsx,Table 6,200,N200,https://efiling.energysafety.ca.gov/eFiling/Getfile.aspx?fileid=53475&shareable=true
T6R-bbe70512ad5289c8,1060000190,6.a.t.2,exact,exact,6. Contamination,Contamination,Transmission,HFTD Tier 2,# ignitions,exact,No,,,SDG&E does not currently track this driver,SDG&E,2023,3,v3.1,0,4,SDGE_2023_Q4_Tables1-15.xlsx,Table 6,200,O200,https://efiling.energysafety.ca.gov/eFiling/Getfile.aspx?fileid=53475&shareable=true
T6R-98378788a7cb6edc,1060000190,6.a.t.2,exact,exact,6. Contamination,Contamination,Transmission,HFTD Tier 2,# ignitions,exact,No,,,SDG&E does not currently track this driver,SDG&E,2023,4,v3.1,0,4,SDGE_2023_Q4_Tables1-15.xlsx,Table 6,200,P200,https://efiling.energysafety.ca.gov/eFiling/Getfile.aspx?fileid=53475&shareable=true
T6R-3a79120335bcfc44,1060000191,6.a.t.3,exact,exact,6. Contamination,Contamination,Transmission,HFTD Tier 3,# ignitions,exact,No,,,SDG&E does not currently track this driver,SDG&E,2023,1,v3.1,0,4,SDGE_2023_Q4_Tables1-15.xlsx,Table 6,201,M201,https://efiling.energysafety.ca.gov/eFiling/Getfile.aspx?fileid=53475&shareable=true
T6R-5ac790ad4c11834f,1060000191,6.a.t.3,exact,exact,6. Contamination,Contamination,Transmission,HFTD Tier 3,# ignitions,exact,No,,,SDG&E does not currently track this driver,SDG&E,2023,2,v3.1,0,4,SDGE_2023_Q4_Tables1-15.xlsx,Table 6,201,N201,https://efiling.energysafety.ca.gov/eFiling/Getfile.aspx?fileid=53475&shareable=true
T6R-60878d95dbf10eb5,1060000191,6.a.t.3,exact,exact,6. Contamination,Contamination,Transmission,HFTD Tier 3,# ignitions,exact,No,,,SDG&E does not currently track this driver,SDG&E,2023,3,v3.1,0,4,SDGE_2023_Q4_Tables1-15.xlsx,Table 6,201,O201,https://efiling.energysafety.ca.gov/eFiling/Getfile.aspx?fileid=53475&shareable=true
T6R-7b3af98493aed5f3,1060000191,6.a.t.3,exact,exact,6. Contamination,Contamination,Transmission,HFTD Tier 3,# ignitions,exact,No,,,SDG&E does not currently track this driver,SDG&E,2023,4,v3.1,0,4,SDGE_2023_Q4_Tables1-15.xlsx,Table 6,201,P201,https://efiling.energysafety.ca.gov/eFiling/Getfile.aspx?fileid=53475&shareable=true
T6R-fe8d46b2a7c8d1ae,1060000192,7.a.d.0,exact,exact,7. Protective device operation,Protective device operation,Distribution,Non-HFTD,# ignitions,exact,No,,,SDG&E does not currently track this driver,SDG&E,2023,1,v3.1,0,4,SDGE_2023_Q4_Tables1-15.xlsx,Table 6,202,M202,https://efiling.energysafety.ca.gov/eFiling/Getfile.aspx?fileid=53475&shareable=true
T6R-b1ce7ac0a60b6492,1060000192,7.a.d.0,exact,exact,7. Protective device operation,Protective device operation,Distribution,Non-HFTD,# ignitions,exact,No,,,SDG&E does not currently track this driver,SDG&E,2023,2,v3.1,0,4,SDGE_2023_Q4_Tables1-15.xlsx,Table 6,202,N202,https://efiling.energysafety.ca.gov/eFiling/Getfile.aspx?fileid=53475&shareable=true
T6R-f8b806496ec19246,1060000192,7.a.d.0,exact,exact,7. Protective device operation,Protective device operation,Distribution,Non-HFTD,# ignitions,exact,No,,,SDG&E does not currently track this driver,SDG&E,2023,3,v3.1,0,4,SDGE_2023_Q4_Tables1-15.xlsx,Table 6,202,O202,https://efiling.energysafety.ca.gov/eFiling/Getfile.aspx?fileid=53475&shareable=true
T6R-0ac19e8fbc5d2503,1060000192,7.a.d.0,exact,exact,7. Protective device operation,Protective device operation,Distribution,Non-HFTD,# ignitions,exact,No,,,SDG&E does not currently track this driver,SDG&E,2023,4,v3.1,0,4,SDGE_2023_Q4_Tables1-15.xlsx,Table 6,202,P202,https://efiling.energysafety.ca.gov/eFiling/Getfile.aspx?fileid=53475&shareable=true
T6R-58008d4d3de8ad45,1060000193,7.a.d.2,exact,exact,7. Protective device operation,Protective device operation,Distribution,HFTD Tier 2,# ignitions,exact,No,,,SDG&E does not currently track this driver,SDG&E,2023,1,v3.1,0,4,SDGE_2023_Q4_Tables1-15.xlsx,Table 6,203,M203,https://efiling.energysafety.ca.gov/eFiling/Getfile.aspx?fileid=53475&shareable=true
T6R-cc875ab28268dd7b,1060000193,7.a.d.2,exact,exact,7. Protective device operation,Protective device operation,Distribution,HFTD Tier 2,# ignitions,exact,No,,,SDG&E does not currently track this driver,SDG&E,2023,2,v3.1,0,4,SDGE_2023_Q4_Tables1-15.xlsx,Table 6,203,N203,https://efiling.energysafety.ca.gov/eFiling/Getfile.aspx?fileid=53475&shareable=true
T6R-2197ebe05d068f78,1060000193,7.a.d.2,exact,exact,7. Protective device operation,Protective device operation,Distribution,HFTD Tier 2,# ignitions,exact,No,,,SDG&E does not currently track this driver,SDG&E,2023,3,v3.1,0,4,SDGE_2023_Q4_Tables1-15.xlsx,Table 6,203,O203,https://efiling.energysafety.ca.gov/eFiling/Getfile.aspx?fileid=53475&shareable=true
T6R-3ceea586abffb601,1060000193,7.a.d.2,exact,exact,7. Protective device operation,Protective device operation,Distribution,HFTD Tier 2,# ignitions,exact,No,,,SDG&E does not currently track this driver,SDG&E,2023,4,v3.1,0,4,SDGE_2023_Q4_Tables1-15.xlsx,Table 6,203,P203,https://efiling.energysafety.ca.gov/eFiling/Getfile.aspx?fileid=53475&shareable=true
T6R-2ffe286236ded243,1060000194,7.a.d.3,exact,exact,7. Protective device operation,Protective device operation,Distribution,HFTD Tier 3,# ignitions,exact,No,,,SDG&E does not currently track this driver,SDG&E,2023,1,v3.1,0,4,SDGE_2023_Q4_Tables1-15.xlsx,Table 6,204,M204,https://efiling.energysafety.ca.gov/eFiling/Getfile.aspx?fileid=53475&shareable=true
T6R-953d4afb78e41bd4,1060000194,7.a.d.3,exact,exact,7. Protective device operation,Protective device operation,Distribution,HFTD Tier 3,# ignitions,exact,No,,,SDG&E does not currently track this driver,SDG&E,2023,2,v3.1,0,4,SDGE_2023_Q4_Tables1-15.xlsx,Table 6,204,N204,https://efiling.energysafety.ca.gov/eFiling/Getfile.aspx?fileid=53475&shareable=true
T6R-7908bd78ae267c83,1060000194,7.a.d.3,exact,exact,7. Protective device operation,Protective device operation,Distribution,HFTD Tier 3,# ignitions,exact,No,,,SDG&E does not currently track this driver,SDG&E,2023,3,v3.1,0,4,SDGE_2023_Q4_Tables1-15.xlsx,Table 6,204,O204,https://efiling.energysafety.ca.gov/eFiling/Getfile.aspx?fileid=53475&shareable=true
T6R-99d6d28764f2542a,1060000194,7.a.d.3,exact,exact,7. Protective device operation,Protective device operation,Distribution,HFTD Tier 3,# ignitions,exact,No,,,SDG&E does not currently track this driver,SDG&E,2023,4,v3.1,0,4,SDGE_2023_Q4_Tables1-15.xlsx,Table 6,204,P204,https://efiling.energysafety.ca.gov/eFiling/Getfile.aspx?fileid=53475&shareable=true
T6R-7cbc7a961f2d726d,1060000195,7.a.t.0,exact,exact,7. Protective device operation,Protective device operation,Transmission,Non-HFTD,# ignitions,exact,No,,,SDG&E does not currently track this driver,SDG&E,2023,1,v3.1,0,4,SDGE_2023_Q4_Tables1-15.xlsx,Table 6,205,M205,https://efiling.energysafety.ca.gov/eFiling/Getfile.aspx?fileid=53475&shareable=true
T6R-5898f9c73ba5bd83,1060000195,7.a.t.0,exact,exact,7. Protective device operation,Protective device operation,Transmission,Non-HFTD,# ignitions,exact,No,,,SDG&E does not currently track this driver,SDG&E,2023,2,v3.1,0,4,SDGE_2023_Q4_Tables1-15.xlsx,Table 6,205,N205,https://efiling.energysafety.ca.gov/eFiling/Getfile.aspx?fileid=53475&shareable=true
T6R-d57e3a0eaa5143aa,1060000195,7.a.t.0,exact,exact,7. Protective device operation,Protective device operation,Transmission,Non-HFTD,# ignitions,exact,No,,,SDG&E does not currently track this driver,SDG&E,2023,3,v3.1,0,4,SDGE_2023_Q4_Tables1-15.xlsx,Table 6,205,O205,https://efiling.energysafety.ca.gov/eFiling/Getfile.aspx?fileid=53475&shareable=true
T6R-79d97de7023914c2,1060000195,7.a.t.0,exact,exact,7. Protective device operation,Protective device operation,Transmission,Non-HFTD,# ignitions,exact,No,,,SDG&E does not currently track this driver,SDG&E,2023,4,v3.1,0,4,SDGE_2023_Q4_Tables1-15.xlsx,Table 6,205,P205,https://efiling.energysafety.ca.gov/eFiling/Getfile.aspx?fileid=53475&shareable=true
T6R-be41c6d9b91b0c03,1060000196,7.a.t.2,exact,exact,7. Protective device operation,Protective device operation,Transmission,HFTD Tier 2,# ignitions,exact,No,,,SDG&E does not currently track this driver,SDG&E,2023,1,v3.1,0,4,SDGE_2023_Q4_Tables1-15.xlsx,Table 6,206,M206,https://efiling.energysafety.ca.gov/eFiling/Getfile.aspx?fileid=53475&shareable=true
T6R-75e0013e2eb7b86f,1060000196,7.a.t.2,exact,exact,7. Protective device operation,Protective device operation,Transmission,HFTD Tier 2,# ignitions,exact,No,,,SDG&E does not currently track this driver,SDG&E,2023,2,v3.1,0,4,SDGE_2023_Q4_Tables1-15.xlsx,Table 6,206,N206,https://efiling.energysafety.ca.gov/eFiling/Getfile.aspx?fileid=53475&shareable=true
T6R-29593721ff048439,1060000196,7.a.t.2,exact,exact,7. Protective device operation,Protective device operation,Transmission,HFTD Tier 2,# ignitions,exact,No,,,SDG&E does not currently track this driver,SDG&E,2023,3,v3.1,0,4,SDGE_2023_Q4_Tables1-15.xlsx,Table 6,206,O206,https://efiling.energysafety.ca.gov/eFiling/Getfile.aspx?fileid=53475&shareable=true
T6R-5c2a60c8a1f69252,1060000196,7.a.t.2,exact,exact,7. Protective device operation,Protective device operation,Transmission,HFTD Tier 2,# ignitions,exact,No,,,SDG&E does not currently track this driver,SDG&E,2023,4,v3.1,0,4,SDGE_2023_Q4_Tables1-15.xlsx,Table 6,206,P206,https://efiling.energysafety.ca.gov/eFiling/Getfile.aspx?fileid=53475&shareable=true
T6R-5b7edfe0a06871e2,1060000197,7.a.t.3,exact,exact,7. Protective device operation,Protective device operation,Transmission,HFTD Tier 3,# ignitions,exact,No,,,SDG&E does not currently track this driver,SDG&E,2023,1,v3.1,0,4,SDGE_2023_Q4_Tables1-15.xlsx,Table 6,207,M207,https://efiling.energysafety.ca.gov/eFiling/Getfile.aspx?fileid=53475&shareable=true
T6R-b5adc1c9f39ec64d,1060000197,7.a.t.3,exact,exact,7. Protective device operation,Protective device operation,Transmission,HFTD Tier 3,# ignitions,exact,No,,,SDG&E does not currently track this driver,SDG&E,2023,2,v3.1,0,4,SDGE_2023_Q4_Tables1-15.xlsx,Table 6,207,N207,https://efiling.energysafety.ca.gov/eFiling/Getfile.aspx?fileid=53475&shareable=true
T6R-923c77c38af957ad,1060000197,7.a.t.3,exact,exact,7. Protective device operation,Protective device operation,Transmission,HFTD Tier 3,# ignitions,exact,No,,,SDG&E does not currently track this driver,SDG&E,2023,3,v3.1,0,4,SDGE_2023_Q4_Tables1-15.xlsx,Table 6,207,O207,https://efiling.energysafety.ca.gov/eFiling/Getfile.aspx?fileid=53475&shareable=true
T6R-19d6a2f051a0a0c6,1060000197,7.a.t.3,exact,exact,7. Protective device operation,Protective device operation,Transmission,HFTD Tier 3,# ignitions,exact,No,,,SDG&E does not currently track this driver,SDG&E,2023,4,v3.1,0,4,SDGE_2023_Q4_Tables1-15.xlsx,Table 6,207,P207,https://efiling.energysafety.ca.gov/eFiling/Getfile.aspx?fileid=53475&shareable=true
T6R-c7ebe3a78605d167,1060000198,8.a.d.0,exact,canonical_label_update,8. Vandalism / theft,Vandalism / theft,Distribution,Non-HFTD,# ignitions,exact,Yes,0,,,SDG&E,2023,1,v3.1,0,4,SDGE_2023_Q4_Tables1-15.xlsx,Table 6,208,M208,https://efiling.energysafety.ca.gov/eFiling/Getfile.aspx?fileid=53475&shareable=true
T6R-2004339384840313,1060000198,8.a.d.0,exact,canonical_label_update,8. Vandalism / theft,Vandalism / theft,Distribution,Non-HFTD,# ignitions,exact,Yes,0,,,SDG&E,2023,2,v3.1,0,4,SDGE_2023_Q4_Tables1-15.xlsx,Table 6,208,N208,https://efiling.energysafety.ca.gov/eFiling/Getfile.aspx?fileid=53475&shareable=true
T6R-0a82e3d3205a450f,1060000198,8.a.d.0,exact,canonical_label_update,8. Vandalism / theft,Vandalism / theft,Distribution,Non-HFTD,# ignitions,exact,Yes,0,,,SDG&E,2023,3,v3.1,0,4,SDGE_2023_Q4_Tables1-15.xlsx,Table 6,208,O208,https://efiling.energysafety.ca.gov/eFiling/Getfile.aspx?fileid=53475&shareable=true
T6R-92face6c96f84149,1060000198,8.a.d.0,exact,canonical_label_update,8. Vandalism / theft,Vandalism / theft,Distribution,Non-HFTD,# ignitions,exact,Yes,0,,,SDG&E,2023,4,v3.1,0,4,SDGE_2023_Q4_Tables1-15.xlsx,Table 6,208,P208,https://efiling.energysafety.ca.gov/eFiling/Getfile.aspx?fileid=53475&shareable=true
T6R-6b9e151c83518467,1060000199,8.a.d.2,exact,canonical_label_update,8. Vandalism / theft,Vandalism / theft,Distribution,HFTD Tier 2,# ignitions,exact,Yes,0,,,SDG&E,2023,1,v3.1,0,4,SDGE_2023_Q4_Tables1-15.xlsx,Table 6,209,M209,https://efiling.energysafety.ca.gov/eFiling/Getfile.aspx?fileid=53475&shareable=true
T6R-b66203f38b4b4b4d,1060000199,8.a.d.2,exact,canonical_label_update,8. Vandalism / theft,Vandalism / theft,Distribution,HFTD Tier 2,# ignitions,exact,Yes,0,,,SDG&E,2023,2,v3.1,0,4,SDGE_2023_Q4_Tables1-15.xlsx,Table 6,209,N209,https://efiling.energysafety.ca.gov/eFiling/Getfile.aspx?fileid=53475&shareable=true
T6R-a9d18c24186185e1,1060000199,8.a.d.2,exact,canonical_label_update,8. Vandalism / theft,Vandalism / theft,Distribution,HFTD Tier 2,# ignitions,exact,Yes,0,,,SDG&E,2023,3,v3.1,0,4,SDGE_2023_Q4_Tables1-15.xlsx,Table 6,209,O209,https://efiling.energysafety.ca.gov/eFiling/Getfile.aspx?fileid=53475&shareable=true
T6R-ff251f12748b7440,1060000199,8.a.d.2,exact,canonical_label_update,8. Vandalism / theft,Vandalism / theft,Distribution,HFTD Tier 2,# ignitions,exact,Yes,0,,,SDG&E,2023,4,v3.1,0,4,SDGE_2023_Q4_Tables1-15.xlsx,Table 6,209,P209,https://efiling.energysafety.ca.gov/eFiling/Getfile.aspx?fileid=53475&shareable=true
T6R-4e7359692735b550,1060000200,8.a.d.3,exact,canonical_label_update,8. Vandalism / theft,Vandalism / theft,Distribution,HFTD Tier 3,# ignitions,exact,Yes,0,,,SDG&E,2023,1,v3.1,0,4,SDGE_2023_Q4_Tables1-15.xlsx,Table 6,210,M210,https://efiling.energysafety.ca.gov/eFiling/Getfile.aspx?fileid=53475&shareable=true
T6R-68806f475c636386,1060000200,8.a.d.3,exact,canonical_label_update,8. Vandalism / theft,Vandalism / theft,Distribution,HFTD Tier 3,# ignitions,exact,Yes,0,,,SDG&E,2023,2,v3.1,0,4,SDGE_2023_Q4_Tables1-15.xlsx,Table 6,210,N210,https://efiling.energysafety.ca.gov/eFiling/Getfile.aspx?fileid=53475&shareable=true
T6R-b7637f48185192d7,1060000200,8.a.d.3,exact,canonical_label_update,8. Vandalism / theft,Vandalism / theft,Distribution,HFTD Tier 3,# ignitions,exact,Yes,0,,,SDG&E,2023,3,v3.1,0,4,SDGE_2023_Q4_Tables1-15.xlsx,Table 6,210,O210,https://efiling.energysafety.ca.gov/eFiling/Getfile.aspx?fileid=53475&shareable=true
T6R-860fe98122accbbc,1060000200,8.a.d.3,exact,canonical_label_update,8. Vandalism / theft,Vandalism / theft,Distribution,HFTD Tier 3,# ignitions,exact,Yes,0,,,SDG&E,2023,4,v3.1,0,4,SDGE_2023_Q4_Tables1-15.xlsx,Table 6,210,P210,https://efiling.energysafety.ca.gov/eFiling/Getfile.aspx?fileid=53475&shareable=true
T6R-6a5fa17fe7479e74,1060000201,8.a.t.0,exact,canonical_label_update,8. Vandalism / theft,Vandalism / theft,Transmission,Non-HFTD,# ignitions,exact,Yes,0,,,SDG&E,2023,1,v3.1,0,4,SDGE_2023_Q4_Tables1-15.xlsx,Table 6,211,M211,https://efiling.energysafety.ca.gov/eFiling/Getfile.aspx?fileid=53475&shareable=true
T6R-400c5830bf81c084,1060000201,8.a.t.0,exact,canonical_label_update,8. Vandalism / theft,Vandalism / theft,Transmission,Non-HFTD,# ignitions,exact,Yes,0,,,SDG&E,2023,2,v3.1,0,4,SDGE_2023_Q4_Tables1-15.xlsx,Table 6,211,N211,https://efiling.energysafety.ca.gov/eFiling/Getfile.aspx?fileid=53475&shareable=true
T6R-2d5437317ce07950,1060000201,8.a.t.0,exact,canonical_label_update,8. Vandalism / theft,Vandalism / theft,Transmission,Non-HFTD,# ignitions,exact,Yes,0,,,SDG&E,2023,3,v3.1,0,4,SDGE_2023_Q4_Tables1-15.xlsx,Table 6,211,O211,https://efiling.energysafety.ca.gov/eFiling/Getfile.aspx?fileid=53475&shareable=true
T6R-af4d5e50bf4d4232,1060000201,8.a.t.0,exact,canonical_label_update,8. Vandalism / theft,Vandalism / theft,Transmission,Non-HFTD,# ignitions,exact,Yes,0,,,SDG&E,2023,4,v3.1,0,4,SDGE_2023_Q4_Tables1-15.xlsx,Table 6,211,P211,https://efiling.energysafety.ca.gov/eFiling/Getfile.aspx?fileid=53475&shareable=true
T6R-7e15fefbbc15d2da,1060000202,8.a.t.2,exact,canonical_label_update,8. Vandalism / theft,Vandalism / theft,Transmission,HFTD Tier 2,# ignitions,exact,Yes,0,,,SDG&E,2023,1,v3.1,0,4,SDGE_2023_Q4_Tables1-15.xlsx,Table 6,212,M212,https://efiling.energysafety.ca.gov/eFiling/Getfile.aspx?fileid=53475&shareable=true
T6R-6535693e063252e2,1060000202,8.a.t.2,exact,canonical_label_update,8. Vandalism / theft,Vandalism / theft,Transmission,HFTD Tier 2,# ignitions,exact,Yes,0,,,SDG&E,2023,2,v3.1,0,4,SDGE_2023_Q4_Tables1-15.xlsx,Table 6,212,N212,https://efiling.energysafety.ca.gov/eFiling/Getfile.aspx?fileid=53475&shareable=true
T6R-8e2b10beadbdabc2,1060000202,8.a.t.2,exact,canonical_label_update,8. Vandalism / theft,Vandalism / theft,Transmission,HFTD Tier 2,# ignitions,exact,Yes,0,,,SDG&E,2023,3,v3.1,0,4,SDGE_2023_Q4_Tables1-15.xlsx,Table 6,212,O212,https://efiling.energysafety.ca.gov/eFiling/Getfile.aspx?fileid=53475&shareable=true
T6R-32b454dec99e5d5e,1060000202,8.a.t.2,exact,canonical_label_update,8. Vandalism / theft,Vandalism / theft,Transmission,HFTD Tier 2,# ignitions,exact,Yes,0,,,SDG&E,2023,4,v3.1,0,4,SDGE_2023_Q4_Tables1-15.xlsx,Table 6,212,P212,https://efiling.energysafety.ca.gov/eFiling/Getfile.aspx?fileid=53475&shareable=true
T6R-cb241d26ed427987,1060000203,8.a.t.3,exact,canonical_label_update,8. Vandalism / theft,Vandalism / theft,Transmission,HFTD Tier 3,# ignitions,exact,Yes,0,,,SDG&E,2023,1,v3.1,0,4,SDGE_2023_Q4_Tables1-15.xlsx,Table 6,213,M213,https://efiling.energysafety.ca.gov/eFiling/Getfile.aspx?fileid=53475&shareable=true
T6R-cfb6ea995cf40cf6,1060000203,8.a.t.3,exact,canonical_label_update,8. Vandalism / theft,Vandalism / theft,Transmission,HFTD Tier 3,# ignitions,exact,Yes,0,,,SDG&E,2023,2,v3.1,0,4,SDGE_2023_Q4_Tables1-15.xlsx,Table 6,213,N213,https://efiling.energysafety.ca.gov/eFiling/Getfile.aspx?fileid=53475&shareable=true
T6R-7afd932c3a6578af,1060000203,8.a.t.3,exact,canonical_label_update,8. Vandalism / theft,Vandalism / theft,Transmission,HFTD Tier 3,# ignitions,exact,Yes,0,,,SDG&E,2023,3,v3.1,0,4,SDGE_2023_Q4_Tables1-15.xlsx,Table 6,213,O213,https://efiling.energysafety.ca.gov/eFiling/Getfile.aspx?fileid=53475&shareable=true
T6R-49c1c355f0021c58,1060000203,8.a.t.3,exact,canonical_label_update,8. Vandalism / theft,Vandalism / theft,Transmission,HFTD Tier 3,# ignitions,exact,Yes,0,,,SDG&E,2023,4,v3.1,0,4,SDGE_2023_Q4_Tables1-15.xlsx,Table 6,213,P213,https://efiling.energysafety.ca.gov/eFiling/Getfile.aspx?fileid=53475&shareable=true
T6R-d1280f2fa4704a39,1060000204,9.a.d.0,exact,exact,9. Lightning,Lightning,Distribution,Non-HFTD,# ignitions,exact,No,,,SDG&E did not track this driver historically but can implement for future ignitions,SDG&E,2023,1,v3.1,0,4,SDGE_2023_Q4_Tables1-15.xlsx,Table 6,214,M214,https://efiling.energysafety.ca.gov/eFiling/Getfile.aspx?fileid=53475&shareable=true
T6R-6dd7fab554780f40,1060000204,9.a.d.0,exact,exact,9. Lightning,Lightning,Distribution,Non-HFTD,# ignitions,exact,No,,,SDG&E did not track this driver historically but can implement for future ignitions,SDG&E,2023,2,v3.1,0,4,SDGE_2023_Q4_Tables1-15.xlsx,Table 6,214,N214,https://efiling.energysafety.ca.gov/eFiling/Getfile.aspx?fileid=53475&shareable=true
T6R-26a2cdd204e91329,1060000204,9.a.d.0,exact,exact,9. Lightning,Lightning,Distribution,Non-HFTD,# ignitions,exact,No,,,SDG&E did not track this driver historically but can implement for future ignitions,SDG&E,2023,3,v3.1,0,4,SDGE_2023_Q4_Tables1-15.xlsx,Table 6,214,O214,https://efiling.energysafety.ca.gov/eFiling/Getfile.aspx?fileid=53475&shareable=true
T6R-668b4b634b498587,1060000204,9.a.d.0,exact,exact,9. Lightning,Lightning,Distribution,Non-HFTD,# ignitions,exact,No,,,SDG&E did not track this driver historically but can implement for future ignitions,SDG&E,2023,4,v3.1,0,4,SDGE_2023_Q4_Tables1-15.xlsx,Table 6,214,P214,https://efiling.energysafety.ca.gov/eFiling/Getfile.aspx?fileid=53475&shareable=true
T6R-9f8a69c4cac0d1f6,1060000205,9.a.d.2,exact,exact,9. Lightning,Lightning,Distribution,HFTD Tier 2,# ignitions,exact,No,,,SDG&E did not track this driver historically but can implement for future ignitions,SDG&E,2023,1,v3.1,0,4,SDGE_2023_Q4_Tables1-15.xlsx,Table 6,215,M215,https://efiling.energysafety.ca.gov/eFiling/Getfile.aspx?fileid=53475&shareable=true
T6R-031db0d657891154,1060000205,9.a.d.2,exact,exact,9. Lightning,Lightning,Distribution,HFTD Tier 2,# ignitions,exact,No,,,SDG&E did not track this driver historically but can implement for future ignitions,SDG&E,2023,2,v3.1,0,4,SDGE_2023_Q4_Tables1-15.xlsx,Table 6,215,N215,https://efiling.energysafety.ca.gov/eFiling/Getfile.aspx?fileid=53475&shareable=true
T6R-2c184e33eab42566,1060000205,9.a.d.2,exact,exact,9. Lightning,Lightning,Distribution,HFTD Tier 2,# ignitions,exact,No,,,SDG&E did not track this driver historically but can implement for future ignitions,SDG&E,2023,3,v3.1,0,4,SDGE_2023_Q4_Tables1-15.xlsx,Table 6,215,O215,https://efiling.energysafety.ca.gov/eFiling/Getfile.aspx?fileid=53475&shareable=true
T6R-3c6a8af1d675fa64,1060000205,9.a.d.2,exact,exact,9. Lightning,Lightning,Distribution,HFTD Tier 2,# ignitions,exact,No,,,SDG&E did not track this driver historically but can implement for future ignitions,SDG&E,2023,4,v3.1,0,4,SDGE_2023_Q4_Tables1-15.xlsx,Table 6,215,P215,https://efiling.energysafety.ca.gov/eFiling/Getfile.aspx?fileid=53475&shareable=true
T6R-6901e2003ed9da67,1060000206,9.a.d.3,exact,exact,9. Lightning,Lightning,Distribution,HFTD Tier 3,# ignitions,exact,No,,,SDG&E did not track this driver historically but can implement for future ignitions,SDG&E,2023,1,v3.1,0,4,SDGE_2023_Q4_Tables1-15.xlsx,Table 6,216,M216,https://efiling.energysafety.ca.gov/eFiling/Getfile.aspx?fileid=53475&shareable=true
T6R-33501b062691365d,1060000206,9.a.d.3,exact,exact,9. Lightning,Lightning,Distribution,HFTD Tier 3,# ignitions,exact,No,,,SDG&E did not track this driver historically but can implement for future ignitions,SDG&E,2023,2,v3.1,0,4,SDGE_2023_Q4_Tables1-15.xlsx,Table 6,216,N216,https://efiling.energysafety.ca.gov/eFiling/Getfile.aspx?fileid=53475&shareable=true
T6R-dadf1dde774ce4ea,1060000206,9.a.d.3,exact,exact,9. Lightning,Lightning,Distribution,HFTD Tier 3,# ignitions,exact,No,,,SDG&E did not track this driver historically but can implement for future ignitions,SDG&E,2023,3,v3.1,0,4,SDGE_2023_Q4_Tables1-15.xlsx,Table 6,216,O216,https://efiling.energysafety.ca.gov/eFiling/Getfile.aspx?fileid=53475&shareable=true
T6R-7c9d31637f74ad36,1060000206,9.a.d.3,exact,exact,9. Lightning,Lightning,Distribution,HFTD Tier 3,# ignitions,exact,No,,,SDG&E did not track this driver historically but can implement for future ignitions,SDG&E,2023,4,v3.1,0,4,SDGE_2023_Q4_Tables1-15.xlsx,Table 6,216,P216,https://efiling.energysafety.ca.gov/eFiling/Getfile.aspx?fileid=53475&shareable=true
T6R-95e7b28ae7f0f0df,1060000207,9.a.t.0,exact,exact,9. Lightning,Lightning,Transmission,Non-HFTD,# ignitions,exact,No,,,SDG&E did not track this driver historically but can implement for future ignitions,SDG&E,2023,1,v3.1,0,4,SDGE_2023_Q4_Tables1-15.xlsx,Table 6,217,M217,https://efiling.energysafety.ca.gov/eFiling/Getfile.aspx?fileid=53475&shareable=true
T6R-91fac203a06500d3,1060000207,9.a.t.0,exact,exact,9. Lightning,Lightning,Transmission,Non-HFTD,# ignitions,exact,No,,,SDG&E did not track this driver historically but can implement for future ignitions,SDG&E,2023,2,v3.1,0,4,SDGE_2023_Q4_Tables1-15.xlsx,Table 6,217,N217,https://efiling.energysafety.ca.gov/eFiling/Getfile.aspx?fileid=53475&shareable=true
T6R-eadd247f17969c84,1060000207,9.a.t.0,exact,exact,9. Lightning,Lightning,Transmission,Non-HFTD,# ignitions,exact,No,,,SDG&E did not track this driver historically but can implement for future ignitions,SDG&E,2023,3,v3.1,0,4,SDGE_2023_Q4_Tables1-15.xlsx,Table 6,217,O217,https://efiling.energysafety.ca.gov/eFiling/Getfile.aspx?fileid=53475&shareable=true
T6R-cc21dea5d018a0c3,1060000207,9.a.t.0,exact,exact,9. Lightning,Lightning,Transmission,Non-HFTD,# ignitions,exact,No,,,SDG&E did not track this driver historically but can implement for future ignitions,SDG&E,2023,4,v3.1,0,4,SDGE_2023_Q4_Tables1-15.xlsx,Table 6,217,P217,https://efiling.energysafety.ca.gov/eFiling/Getfile.aspx?fileid=53475&shareable=true
T6R-f6de97a45bc3b660,1060000208,9.a.t.2,exact,exact,9. Lightning,Lightning,Transmission,HFTD Tier 2,# ignitions,exact,No,,,SDG&E did not track this driver historically but can implement for future ignitions,SDG&E,2023,1,v3.1,0,4,SDGE_2023_Q4_Tables1-15.xlsx,Table 6,218,M218,https://efiling.energysafety.ca.gov/eFiling/Getfile.aspx?fileid=53475&shareable=true
T6R-e260f7592eeb8885,1060000208,9.a.t.2,exact,exact,9. Lightning,Lightning,Transmission,HFTD Tier 2,# ignitions,exact,No,,,SDG&E did not track this driver historically but can implement for future ignitions,SDG&E,2023,2,v3.1,0,4,SDGE_2023_Q4_Tables1-15.xlsx,Table 6,218,N218,https://efiling.energysafety.ca.gov/eFiling/Getfile.aspx?fileid=53475&shareable=true
T6R-c6f2831c29466bdc,1060000208,9.a.t.2,exact,exact,9. Lightning,Lightning,Transmission,HFTD Tier 2,# ignitions,exact,No,,,SDG&E did not track this driver historically but can implement for future ignitions,SDG&E,2023,3,v3.1,0,4,SDGE_2023_Q4_Tables1-15.xlsx,Table 6,218,O218,https://efiling.energysafety.ca.gov/eFiling/Getfile.aspx?fileid=53475&shareable=true
T6R-28fb3b180f48e152,1060000208,9.a.t.2,exact,exact,9. Lightning,Lightning,Transmission,HFTD Tier 2,# ignitions,exact,No,,,SDG&E did not track this driver historically but can implement for future ignitions,SDG&E,2023,4,v3.1,0,4,SDGE_2023_Q4_Tables1-15.xlsx,Table 6,218,P218,https://efiling.energysafety.ca.gov/eFiling/Getfile.aspx?fileid=53475&shareable=true
T6R-343ed4478d0752f7,1060000209,9.a.t.3,exact,exact,9. Lightning,Lightning,Transmission,HFTD Tier 3,# ignitions,exact,No,,,SDG&E did not track this driver historically but can implement for future ignitions,SDG&E,2023,1,v3.1,0,4,SDGE_2023_Q4_Tables1-15.xlsx,Table 6,219,M219,https://efiling.energysafety.ca.gov/eFiling/Getfile.aspx?fileid=53475&shareable=true
T6R-a7299773cc6a69ec,1060000209,9.a.t.3,exact,exact,9. Lightning,Lightning,Transmission,HFTD Tier 3,# ignitions,exact,No,,,SDG&E did not track this driver historically but can implement for future ignitions,SDG&E,2023,2,v3.1,0,4,SDGE_2023_Q4_Tables1-15.xlsx,Table 6,219,N219,https://efiling.energysafety.ca.gov/eFiling/Getfile.aspx?fileid=53475&shareable=true
T6R-92952cedaf2d1aa0,1060000209,9.a.t.3,exact,exact,9. Lightning,Lightning,Transmission,HFTD Tier 3,# ignitions,exact,No,,,SDG&E did not track this driver historically but can implement for future ignitions,SDG&E,2023,3,v3.1,0,4,SDGE_2023_Q4_Tables1-15.xlsx,Table 6,219,O219,https://efiling.energysafety.ca.gov/eFiling/Getfile.aspx?fileid=53475&shareable=true
T6R-275bd91db17904bd,1060000209,9.a.t.3,exact,exact,9. Lightning,Lightning,Transmission,HFTD Tier 3,# ignitions,exact,No,,,SDG&E did not track this driver historically but can implement for future ignitions,SDG&E,2023,4,v3.1,0,4,SDGE_2023_Q4_Tables1-15.xlsx,Table 6,219,P219,https://efiling.energysafety.ca.gov/eFiling/Getfile.aspx?fileid=53475&shareable=true
T6R-e4bb5b5c4829a340,1060000210,10.a.d.0,exact,canonical_label_update,10. Unknown,Unknown (unknown),Distribution,Non-HFTD,# ignitions,exact,Yes,0,,,SDG&E,2023,1,v3.1,0,4,SDGE_2023_Q4_Tables1-15.xlsx,Table 6,220,M220,https://efiling.energysafety.ca.gov/eFiling/Getfile.aspx?fileid=53475&shareable=true
T6R-c6364ec0be486c7d,1060000210,10.a.d.0,exact,canonical_label_update,10. Unknown,Unknown (unknown),Distribution,Non-HFTD,# ignitions,exact,Yes,0,,,SDG&E,2023,2,v3.1,0,4,SDGE_2023_Q4_Tables1-15.xlsx,Table 6,220,N220,https://efiling.energysafety.ca.gov/eFiling/Getfile.aspx?fileid=53475&shareable=true
T6R-757acf54fabb4302,1060000210,10.a.d.0,exact,canonical_label_update,10. Unknown,Unknown (unknown),Distribution,Non-HFTD,# ignitions,exact,Yes,0,,,SDG&E,2023,3,v3.1,0,4,SDGE_2023_Q4_Tables1-15.xlsx,Table 6,220,O220,https://efiling.energysafety.ca.gov/eFiling/Getfile.aspx?fileid=53475&shareable=true
T6R-e5ac9cb060a56f1a,1060000210,10.a.d.0,exact,canonical_label_update,10. Unknown,Unknown (unknown),Distribution,Non-HFTD,# ignitions,exact,Yes,0,,,SDG&E,2023,4,v3.1,0,4,SDGE_2023_Q4_Tables1-15.xlsx,Table 6,220,P220,https://efiling.energysafety.ca.gov/eFiling/Getfile.aspx?fileid=53475&shareable=true
T6R-d8c2694ba9de2738,1060000211,10.a.d.2,exact,canonical_label_update,10. Unknown,Unknown (unknown),Distribution,HFTD Tier 2,# ignitions,exact,Yes,0,,,SDG&E,2023,1,v3.1,0,4,SDGE_2023_Q4_Tables1-15.xlsx,Table 6,221,M221,https://efiling.energysafety.ca.gov/eFiling/Getfile.aspx?fileid=53475&shareable=true
T6R-1c1adf90c915aef4,1060000211,10.a.d.2,exact,canonical_label_update,10. Unknown,Unknown (unknown),Distribution,HFTD Tier 2,# ignitions,exact,Yes,0,,,SDG&E,2023,2,v3.1,0,4,SDGE_2023_Q4_Tables1-15.xlsx,Table 6,221,N221,https://efiling.energysafety.ca.gov/eFiling/Getfile.aspx?fileid=53475&shareable=true
T6R-2b4ee0b75ebd568d,1060000211,10.a.d.2,exact,canonical_label_update,10. Unknown,Unknown (unknown),Distribution,HFTD Tier 2,# ignitions,exact,Yes,0,,,SDG&E,2023,3,v3.1,0,4,SDGE_2023_Q4_Tables1-15.xlsx,Table 6,221,O221,https://efiling.energysafety.ca.gov/eFiling/Getfile.aspx?fileid=53475&shareable=true
T6R-9ae9f3997c36d041,1060000211,10.a.d.2,exact,canonical_label_update,10. Unknown,Unknown (unknown),Distribution,HFTD Tier 2,# ignitions,exact,Yes,0,,,SDG&E,2023,4,v3.1,0,4,SDGE_2023_Q4_Tables1-15.xlsx,Table 6,221,P221,https://efiling.energysafety.ca.gov/eFiling/Getfile.aspx?fileid=53475&shareable=true
T6R-0256fabac0d73112,1060000212,10.a.d.3,exact,canonical_label_update,10. Unknown,Unknown (unknown),Distribution,HFTD Tier 3,# ignitions,exact,Yes,0,,,SDG&E,2023,1,v3.1,0,4,SDGE_2023_Q4_Tables1-15.xlsx,Table 6,222,M222,https://efiling.energysafety.ca.gov/eFiling/Getfile.aspx?fileid=53475&shareable=true
T6R-e14d7d7a64fda413,1060000212,10.a.d.3,exact,canonical_label_update,10. Unknown,Unknown (unknown),Distribution,HFTD Tier 3,# ignitions,exact,Yes,0,,,SDG&E,2023,2,v3.1,0,4,SDGE_2023_Q4_Tables1-15.xlsx,Table 6,222,N222,https://efiling.energysafety.ca.gov/eFiling/Getfile.aspx?fileid=53475&shareable=true
T6R-3086f5ec5e9a416e,1060000212,10.a.d.3,exact,canonical_label_update,10. Unknown,Unknown (unknown),Distribution,HFTD Tier 3,# ignitions,exact,Yes,0,,,SDG&E,2023,3,v3.1,0,4,SDGE_2023_Q4_Tables1-15.xlsx,Table 6,222,O222,https://efiling.energysafety.ca.gov/eFiling/Getfile.aspx?fileid=53475&shareable=true
T6R-a34f88346d40fe67,1060000212,10.a.d.3,exact,canonical_label_update,10. Unknown,Unknown (unknown),Distribution,HFTD Tier 3,# ignitions,exact,Yes,0,,,SDG&E,2023,4,v3.1,0,4,SDGE_2023_Q4_Tables1-15.xlsx,Table 6,222,P222,https://efiling.energysafety.ca.gov/eFiling/Getfile.aspx?fileid=53475&shareable=true
T6R-3b07b83775f9dc76,1060000213,10.a.t.0,exact,canonical_label_update,10. Unknown,Unknown (unknown),Transmission,Non-HFTD,# ignitions,exact,Yes,0,,,SDG&E,2023,1,v3.1,0,4,SDGE_2023_Q4_Tables1-15.xlsx,Table 6,223,M223,https://efiling.energysafety.ca.gov/eFiling/Getfile.aspx?fileid=53475&shareable=true
T6R-1ea10a6261f729e5,1060000213,10.a.t.0,exact,canonical_label_update,10. Unknown,Unknown (unknown),Transmission,Non-HFTD,# ignitions,exact,Yes,0,,,SDG&E,2023,2,v3.1,0,4,SDGE_2023_Q4_Tables1-15.xlsx,Table 6,223,N223,https://efiling.energysafety.ca.gov/eFiling/Getfile.aspx?fileid=53475&shareable=true
T6R-67e63919d7281e67,1060000213,10.a.t.0,exact,canonical_label_update,10. Unknown,Unknown (unknown),Transmission,Non-HFTD,# ignitions,exact,Yes,0,,,SDG&E,2023,3,v3.1,0,4,SDGE_2023_Q4_Tables1-15.xlsx,Table 6,223,O223,https://efiling.energysafety.ca.gov/eFiling/Getfile.aspx?fileid=53475&shareable=true
T6R-b62a2669183b666c,1060000213,10.a.t.0,exact,canonical_label_update,10. Unknown,Unknown (unknown),Transmission,Non-HFTD,# ignitions,exact,Yes,0,,,SDG&E,2023,4,v3.1,0,4,SDGE_2023_Q4_Tables1-15.xlsx,Table 6,223,P223,https://efiling.energysafety.ca.gov/eFiling/Getfile.aspx?fileid=53475&shareable=true
T6R-6686dc55fcb19387,1060000214,10.a.t.2,exact,canonical_label_update,10. Unknown,Unknown (unknown),Transmission,HFTD Tier 2,# ignitions,exact,Yes,0,,,SDG&E,2023,1,v3.1,0,4,SDGE_2023_Q4_Tables1-15.xlsx,Table 6,224,M224,https://efiling.energysafety.ca.gov/eFiling/Getfile.aspx?fileid=53475&shareable=true
T6R-6d6cc2745e9b2fca,1060000214,10.a.t.2,exact,canonical_label_update,10. Unknown,Unknown (unknown),Transmission,HFTD Tier 2,# ignitions,exact,Yes,0,,,SDG&E,2023,2,v3.1,0,4,SDGE_2023_Q4_Tables1-15.xlsx,Table 6,224,N224,https://efiling.energysafety.ca.gov/eFiling/Getfile.aspx?fileid=53475&shareable=true
T6R-e53f858b5bb76d22,1060000214,10.a.t.2,exact,canonical_label_update,10. Unknown,Unknown (unknown),Transmission,HFTD Tier 2,# ignitions,exact,Yes,0,,,SDG&E,2023,3,v3.1,0,4,SDGE_2023_Q4_Tables1-15.xlsx,Table 6,224,O224,https://efiling.energysafety.ca.gov/eFiling/Getfile.aspx?fileid=53475&shareable=true
T6R-d0cab6b1979e74fb,1060000214,10.a.t.2,exact,canonical_label_update,10. Unknown,Unknown (unknown),Transmission,HFTD Tier 2,# ignitions,exact,Yes,0,,,SDG&E,2023,4,v3.1,0,4,SDGE_2023_Q4_Tables1-15.xlsx,Table 6,224,P224,https://efiling.energysafety.ca.gov/eFiling/Getfile.aspx?fileid=53475&shareable=true
T6R-632bdbdd1e1b9b1b,1060000215,10.a.t.3,exact,canonical_label_update,10. Unknown,Unknown (unknown),Transmission,HFTD Tier 3,# ignitions,exact,Yes,0,,,SDG&E,2023,1,v3.1,0,4,SDGE_2023_Q4_Tables1-15.xlsx,Table 6,225,M225,https://efiling.energysafety.ca.gov/eFiling/Getfile.aspx?fileid=53475&shareable=true
T6R-dfd0b79e08002433,1060000215,10.a.t.3,exact,canonical_label_update,10. Unknown,Unknown (unknown),Transmission,HFTD Tier 3,# ignitions,exact,Yes,0,,,SDG&E,2023,2,v3.1,0,4,SDGE_2023_Q4_Tables1-15.xlsx,Table 6,225,N225,https://efiling.energysafety.ca.gov/eFiling/Getfile.aspx?fileid=53475&shareable=true
T6R-0d5d16a80e58786a,1060000215,10.a.t.3,exact,canonical_label_update,10. Unknown,Unknown (unknown),Transmission,HFTD Tier 3,# ignitions,exact,Yes,0,,,SDG&E,2023,3,v3.1,0,4,SDGE_2023_Q4_Tables1-15.xlsx,Table 6,225,O225,https://efiling.energysafety.ca.gov/eFiling/Getfile.aspx?fileid=53475&shareable=true
T6R-2d14067f841968b7,1060000215,10.a.t.3,exact,canonical_label_update,10. Unknown,Unknown (unknown),Transmission,HFTD Tier 3,# ignitions,exact,Yes,0,,,SDG&E,2023,4,v3.1,0,4,SDGE_2023_Q4_Tables1-15.xlsx,Table 6,225,P225,https://efiling.energysafety.ca.gov/eFiling/Getfile.aspx?fileid=53475&shareable=true
T6R-fc9c334c5295eeb4,1060000216,11.a.d.0,exact,canonical_label_update,11. Other,Other (other),Distribution,Non-HFTD,# ignitions,exact,Yes,0,,,SDG&E,2023,1,v3.1,0,4,SDGE_2023_Q4_Tables1-15.xlsx,Table 6,226,M226,https://efiling.energysafety.ca.gov/eFiling/Getfile.aspx?fileid=53475&shareable=true
T6R-9f016312131169b8,1060000216,11.a.d.0,exact,canonical_label_update,11. Other,Other (other),Distribution,Non-HFTD,# ignitions,exact,Yes,0,,,SDG&E,2023,2,v3.1,0,4,SDGE_2023_Q4_Tables1-15.xlsx,Table 6,226,N226,https://efiling.energysafety.ca.gov/eFiling/Getfile.aspx?fileid=53475&shareable=true
T6R-8d55d1149f40d650,1060000216,11.a.d.0,exact,canonical_label_update,11. Other,Other (other),Distribution,Non-HFTD,# ignitions,exact,Yes,0,,,SDG&E,2023,3,v3.1,0,4,SDGE_2023_Q4_Tables1-15.xlsx,Table 6,226,O226,https://efiling.energysafety.ca.gov/eFiling/Getfile.aspx?fileid=53475&shareable=true
T6R-f71ab4bd4ee1408e,1060000216,11.a.d.0,exact,canonical_label_update,11. Other,Other (other),Distribution,Non-HFTD,# ignitions,exact,Yes,0,,,SDG&E,2023,4,v3.1,0,4,SDGE_2023_Q4_Tables1-15.xlsx,Table 6,226,P226,https://efiling.energysafety.ca.gov/eFiling/Getfile.aspx?fileid=53475&shareable=true
T6R-44122e77b5ad490b,1060000217,11.a.d.2,exact,canonical_label_update,11. Other,Other (other),Distribution,HFTD Tier 2,# ignitions,exact,Yes,0,,,SDG&E,2023,1,v3.1,0,4,SDGE_2023_Q4_Tables1-15.xlsx,Table 6,227,M227,https://efiling.energysafety.ca.gov/eFiling/Getfile.aspx?fileid=53475&shareable=true
T6R-554381bacd12f59d,1060000217,11.a.d.2,exact,canonical_label_update,11. Other,Other (other),Distribution,HFTD Tier 2,# ignitions,exact,Yes,1,,,SDG&E,2023,2,v3.1,0,4,SDGE_2023_Q4_Tables1-15.xlsx,Table 6,227,N227,https://efiling.energysafety.ca.gov/eFiling/Getfile.aspx?fileid=53475&shareable=true
T6R-e04aa7b9af1c70bd,1060000217,11.a.d.2,exact,canonical_label_update,11. Other,Other (other),Distribution,HFTD Tier 2,# ignitions,exact,Yes,0,,,SDG&E,2023,3,v3.1,0,4,SDGE_2023_Q4_Tables1-15.xlsx,Table 6,227,O227,https://efiling.energysafety.ca.gov/eFiling/Getfile.aspx?fileid=53475&shareable=true
T6R-08a1f13c5d46f26d,1060000217,11.a.d.2,exact,canonical_label_update,11. Other,Other (other),Distribution,HFTD Tier 2,# ignitions,exact,Yes,0,,,SDG&E,2023,4,v3.1,0,4,SDGE_2023_Q4_Tables1-15.xlsx,Table 6,227,P227,https://efiling.energysafety.ca.gov/eFiling/Getfile.aspx?fileid=53475&shareable=true
T6R-c8e77f4c611e4b56,1060000218,11.a.d.3,exact,canonical_label_update,11. Other,Other (other),Distribution,HFTD Tier 3,# ignitions,exact,Yes,0,,,SDG&E,2023,1,v3.1,0,4,SDGE_2023_Q4_Tables1-15.xlsx,Table 6,228,M228,https://efiling.energysafety.ca.gov/eFiling/Getfile.aspx?fileid=53475&shareable=true
T6R-bc49c0cfa4289f28,1060000218,11.a.d.3,exact,canonical_label_update,11. Other,Other (other),Distribution,HFTD Tier 3,# ignitions,exact,Yes,0,,,SDG&E,2023,2,v3.1,0,4,SDGE_2023_Q4_Tables1-15.xlsx,Table 6,228,N228,https://efiling.energysafety.ca.gov/eFiling/Getfile.aspx?fileid=53475&shareable=true
T6R-bcd9dab97ad47b3a,1060000218,11.a.d.3,exact,canonical_label_update,11. Other,Other (other),Distribution,HFTD Tier 3,# ignitions,exact,Yes,0,,,SDG&E,2023,3,v3.1,0,4,SDGE_2023_Q4_Tables1-15.xlsx,Table 6,228,O228,https://efiling.energysafety.ca.gov/eFiling/Getfile.aspx?fileid=53475&shareable=true
T6R-0933d71b1da2d782,1060000218,11.a.d.3,exact,canonical_label_update,11. Other,Other (other),Distribution,HFTD Tier 3,# ignitions,exact,Yes,0,,,SDG&E,2023,4,v3.1,0,4,SDGE_2023_Q4_Tables1-15.xlsx,Table 6,228,P228,https://efiling.energysafety.ca.gov/eFiling/Getfile.aspx?fileid=53475&shareable=true
T6R-89e2313996f91033,1060000219,11.a.t.0,exact,canonical_label_update,11. Other,Other (other),Transmission,Non-HFTD,# ignitions,exact,Yes,0,,,SDG&E,2023,1,v3.1,0,4,SDGE_2023_Q4_Tables1-15.xlsx,Table 6,229,M229,https://efiling.energysafety.ca.gov/eFiling/Getfile.aspx?fileid=53475&shareable=true
T6R-7358b96aab3592b0,1060000219,11.a.t.0,exact,canonical_label_update,11. Other,Other (other),Transmission,Non-HFTD,# ignitions,exact,Yes,0,,,SDG&E,2023,2,v3.1,0,4,SDGE_2023_Q4_Tables1-15.xlsx,Table 6,229,N229,https://efiling.energysafety.ca.gov/eFiling/Getfile.aspx?fileid=53475&shareable=true
T6R-1ecc3a64862eed52,1060000219,11.a.t.0,exact,canonical_label_update,11. Other,Other (other),Transmission,Non-HFTD,# ignitions,exact,Yes,0,,,SDG&E,2023,3,v3.1,0,4,SDGE_2023_Q4_Tables1-15.xlsx,Table 6,229,O229,https://efiling.energysafety.ca.gov/eFiling/Getfile.aspx?fileid=53475&shareable=true
T6R-f71223383f2366d7,1060000219,11.a.t.0,exact,canonical_label_update,11. Other,Other (other),Transmission,Non-HFTD,# ignitions,exact,Yes,0,,,SDG&E,2023,4,v3.1,0,4,SDGE_2023_Q4_Tables1-15.xlsx,Table 6,229,P229,https://efiling.energysafety.ca.gov/eFiling/Getfile.aspx?fileid=53475&shareable=true
T6R-ec3bfa655e8fa235,1060000220,11.a.t.2,exact,canonical_label_update,11. Other,Other (other),Transmission,HFTD Tier 2,# ignitions,exact,Yes,0,,,SDG&E,2023,1,v3.1,0,4,SDGE_2023_Q4_Tables1-15.xlsx,Table 6,230,M230,https://efiling.energysafety.ca.gov/eFiling/Getfile.aspx?fileid=53475&shareable=true
T6R-7065e0192877e185,1060000220,11.a.t.2,exact,canonical_label_update,11. Other,Other (other),Transmission,HFTD Tier 2,# ignitions,exact,Yes,0,,,SDG&E,2023,2,v3.1,0,4,SDGE_2023_Q4_Tables1-15.xlsx,Table 6,230,N230,https://efiling.energysafety.ca.gov/eFiling/Getfile.aspx?fileid=53475&shareable=true
T6R-e042ccc003c41f0a,1060000220,11.a.t.2,exact,canonical_label_update,11. Other,Other (other),Transmission,HFTD Tier 2,# ignitions,exact,Yes,0,,,SDG&E,2023,3,v3.1,0,4,SDGE_2023_Q4_Tables1-15.xlsx,Table 6,230,O230,https://efiling.energysafety.ca.gov/eFiling/Getfile.aspx?fileid=53475&shareable=true
T6R-6374e46217fbc68d,1060000220,11.a.t.2,exact,canonical_label_update,11. Other,Other (other),Transmission,HFTD Tier 2,# ignitions,exact,Yes,0,,,SDG&E,2023,4,v3.1,0,4,SDGE_2023_Q4_Tables1-15.xlsx,Table 6,230,P230,https://efiling.energysafety.ca.gov/eFiling/Getfile.aspx?fileid=53475&shareable=true
T6R-00f2be0c278a0522,1060000221,11.a.t.3,exact,canonical_label_update,11. Other,Other (other),Transmission,HFTD Tier 3,# ignitions,exact,Yes,0,,,SDG&E,2023,1,v3.1,0,4,SDGE_2023_Q4_Tables1-15.xlsx,Table 6,231,M231,https://efiling.energysafety.ca.gov/eFiling/Getfile.aspx?fileid=53475&shareable=true
T6R-6df97de1735cecae,1060000221,11.a.t.3,exact,canonical_label_update,11. Other,Other (other),Transmission,HFTD Tier 3,# ignitions,exact,Yes,0,,,SDG&E,2023,2,v3.1,0,4,SDGE_2023_Q4_Tables1-15.xlsx,Table 6,231,N231,https://efiling.energysafety.ca.gov/eFiling/Getfile.aspx?fileid=53475&shareable=true
T6R-30df5b4392cb564a,1060000221,11.a.t.3,exact,canonical_label_update,11. Other,Other (other),Transmission,HFTD Tier 3,# ignitions,exact,Yes,0,,,SDG&E,2023,3,v3.1,0,4,SDGE_2023_Q4_Tables1-15.xlsx,Table 6,231,O231,https://efiling.energysafety.ca.gov/eFiling/Getfile.aspx?fileid=53475&shareable=true
T6R-14fe86ab69229774,1060000221,11.a.t.3,exact,canonical_label_update,11. Other,Other (other),Transmission,HFTD Tier 3,# ignitions,exact,Yes,0,,,SDG&E,2023,4,v3.1,0,4,SDGE_2023_Q4_Tables1-15.xlsx,Table 6,231,P231,https://efiling.energysafety.ca.gov/eFiling/Getfile.aspx?fileid=53475&shareable=true
T6R-05d44d2fad77e245,1060000000,1.a.d.0,exact,exact,1. Dig-in,Dig-in,Distribution,Non-HFTD,# ignitions,exact,,,2023 Projection will remain the same as submitted in the 2023 Base WMP,SDG&E does not consider this driver as a risk event - see comments in QDR cover letter,SDG&E,2024,1,v3.2,2,1,SDGE_2024_Q1_Tables1-15_R2.xlsx,Table 6,10,I10,https://efiling.energysafety.ca.gov/eFiling/Getfile.aspx?fileid=56226&shareable=true
T6R-eec04bcc598e6ec0,1060000001,1.a.d.2,exact,exact,1. Dig-in,Dig-in,Distribution,HFTD Tier 2,# ignitions,exact,,,,SDG&E does not consider this driver as a risk event - see comments in QDR cover letter,SDG&E,2024,1,v3.2,2,1,SDGE_2024_Q1_Tables1-15_R2.xlsx,Table 6,11,I11,https://efiling.energysafety.ca.gov/eFiling/Getfile.aspx?fileid=56226&shareable=true
T6R-4f9e842f30a285fb,1060000002,1.a.d.3,exact,exact,1. Dig-in,Dig-in,Distribution,HFTD Tier 3,# ignitions,exact,,,,SDG&E does not consider this driver as a risk event - see comments in QDR cover letter,SDG&E,2024,1,v3.2,2,1,SDGE_2024_Q1_Tables1-15_R2.xlsx,Table 6,12,I12,https://efiling.energysafety.ca.gov/eFiling/Getfile.aspx?fileid=56226&shareable=true
T6R-482895e1a9c7a5ff,1060000003,1.a.t.0,exact,exact,1. Dig-in,Dig-in,Transmission,Non-HFTD,# ignitions,exact,,,,SDG&E does not consider this driver as a risk event - see comments in QDR cover letter,SDG&E,2024,1,v3.2,2,1,SDGE_2024_Q1_Tables1-15_R2.xlsx,Table 6,13,I13,https://efiling.energysafety.ca.gov/eFiling/Getfile.aspx?fileid=56226&shareable=true
T6R-1eace3f0769957dc,1060000004,1.a.t.2,exact,exact,1. Dig-in,Dig-in,Transmission,HFTD Tier 2,# ignitions,exact,,,,SDG&E does not consider this driver as a risk event - see comments in QDR cover letter,SDG&E,2024,1,v3.2,2,1,SDGE_2024_Q1_Tables1-15_R2.xlsx,Table 6,14,I14,https://efiling.energysafety.ca.gov/eFiling/Getfile.aspx?fileid=56226&shareable=true
T6R-1b1d3d7d05a4d327,1060000005,1.a.t.3,exact,exact,1. Dig-in,Dig-in,Transmission,HFTD Tier 3,# ignitions,exact,,,,SDG&E does not consider this driver as a risk event - see comments in QDR cover letter,SDG&E,2024,1,v3.2,2,1,SDGE_2024_Q1_Tables1-15_R2.xlsx,Table 6,15,I15,https://efiling.energysafety.ca.gov/eFiling/Getfile.aspx?fileid=56226&shareable=true
T6R-8a9c535b3e48684e,1060000006,2.a.d.0,exact,exact,2. Contact from object,Animal contact,Distribution,Non-HFTD,# ignitions,exact,,0,,,SDG&E,2024,1,v3.2,2,1,SDGE_2024_Q1_Tables1-15_R2.xlsx,Table 6,16,I16,https://efiling.energysafety.ca.gov/eFiling/Getfile.aspx?fileid=56226&shareable=true
T6R-ae2343cd9ca2b8e3,1060000007,2.a.d.2,exact,exact,2. Contact from object,Animal contact,Distribution,HFTD Tier 2,# ignitions,exact,,1,,,SDG&E,2024,1,v3.2,2,1,SDGE_2024_Q1_Tables1-15_R2.xlsx,Table 6,17,I17,https://efiling.energysafety.ca.gov/eFiling/Getfile.aspx?fileid=56226&shareable=true
T6R-44f89b42119e08a0,1060000008,2.a.d.3,exact,exact,2. Contact from object,Animal contact,Distribution,HFTD Tier 3,# ignitions,exact,,0,,,SDG&E,2024,1,v3.2,2,1,SDGE_2024_Q1_Tables1-15_R2.xlsx,Table 6,18,I18,https://efiling.energysafety.ca.gov/eFiling/Getfile.aspx?fileid=56226&shareable=true
T6R-df0ff6167718380b,1060000009,2.a.t.0,exact,exact,2. Contact from object,Animal contact,Transmission,Non-HFTD,# ignitions,exact,,0,,,SDG&E,2024,1,v3.2,2,1,SDGE_2024_Q1_Tables1-15_R2.xlsx,Table 6,19,I19,https://efiling.energysafety.ca.gov/eFiling/Getfile.aspx?fileid=56226&shareable=true
T6R-ba80267cb4d648b3,1060000010,2.a.t.2,exact,exact,2. Contact from object,Animal contact,Transmission,HFTD Tier 2,# ignitions,exact,,0,,,SDG&E,2024,1,v3.2,2,1,SDGE_2024_Q1_Tables1-15_R2.xlsx,Table 6,20,I20,https://efiling.energysafety.ca.gov/eFiling/Getfile.aspx?fileid=56226&shareable=true
T6R-557e44af8581f944,1060000011,2.a.t.3,exact,exact,2. Contact from object,Animal contact,Transmission,HFTD Tier 3,# ignitions,exact,,0,,,SDG&E,2024,1,v3.2,2,1,SDGE_2024_Q1_Tables1-15_R2.xlsx,Table 6,21,I21,https://efiling.energysafety.ca.gov/eFiling/Getfile.aspx?fileid=56226&shareable=true
T6R-f71b55a47a5f4e6b,1060000012,2.b.d.0,exact,exact,2. Contact from object,Balloon contact,Distribution,Non-HFTD,# ignitions,exact,,0,,,SDG&E,2024,1,v3.2,2,1,SDGE_2024_Q1_Tables1-15_R2.xlsx,Table 6,22,I22,https://efiling.energysafety.ca.gov/eFiling/Getfile.aspx?fileid=56226&shareable=true
T6R-d071603597daddc8,1060000013,2.b.d.2,exact,exact,2. Contact from object,Balloon contact,Distribution,HFTD Tier 2,# ignitions,exact,,0,,,SDG&E,2024,1,v3.2,2,1,SDGE_2024_Q1_Tables1-15_R2.xlsx,Table 6,23,I23,https://efiling.energysafety.ca.gov/eFiling/Getfile.aspx?fileid=56226&shareable=true
T6R-21a2faa02b0eca7d,1060000014,2.b.d.3,exact,exact,2. Contact from object,Balloon contact,Distribution,HFTD Tier 3,# ignitions,exact,,0,,,SDG&E,2024,1,v3.2,2,1,SDGE_2024_Q1_Tables1-15_R2.xlsx,Table 6,24,I24,https://efiling.energysafety.ca.gov/eFiling/Getfile.aspx?fileid=56226&shareable=true
T6R-18591a3e8e7c0dfa,1060000015,2.b.t.0,exact,exact,2. Contact from object,Balloon contact,Transmission,Non-HFTD,# ignitions,exact,,0,,,SDG&E,2024,1,v3.2,2,1,SDGE_2024_Q1_Tables1-15_R2.xlsx,Table 6,25,I25,https://efiling.energysafety.ca.gov/eFiling/Getfile.aspx?fileid=56226&shareable=true
T6R-0ce30ea2c0845b48,1060000016,2.b.t.2,exact,exact,2. Contact from object,Balloon contact,Transmission,HFTD Tier 2,# ignitions,exact,,0,,,SDG&E,2024,1,v3.2,2,1,SDGE_2024_Q1_Tables1-15_R2.xlsx,Table 6,26,I26,https://efiling.energysafety.ca.gov/eFiling/Getfile.aspx?fileid=56226&shareable=true
T6R-96bbcc07f3f1a6c6,1060000017,2.b.t.3,exact,exact,2. Contact from object,Balloon contact,Transmission,HFTD Tier 3,# ignitions,exact,,0,,,SDG&E,2024,1,v3.2,2,1,SDGE_2024_Q1_Tables1-15_R2.xlsx,Table 6,27,I27,https://efiling.energysafety.ca.gov/eFiling/Getfile.aspx?fileid=56226&shareable=true
T6R-41ea2df8ba738f90,1060000018,2.c.d.0,exact,exact,2. Contact from object,Land vehicle contact,Distribution,Non-HFTD,# ignitions,exact,,0,,,SDG&E,2024,1,v3.2,2,1,SDGE_2024_Q1_Tables1-15_R2.xlsx,Table 6,28,I28,https://efiling.energysafety.ca.gov/eFiling/Getfile.aspx?fileid=56226&shareable=true
T6R-e56626953aa47c1d,1060000019,2.c.d.2,exact,exact,2. Contact from object,Land vehicle contact,Distribution,HFTD Tier 2,# ignitions,exact,,0,,,SDG&E,2024,1,v3.2,2,1,SDGE_2024_Q1_Tables1-15_R2.xlsx,Table 6,29,I29,https://efiling.energysafety.ca.gov/eFiling/Getfile.aspx?fileid=56226&shareable=true
T6R-c4a57ba33619b385,1060000020,2.c.d.3,exact,exact,2. Contact from object,Land vehicle contact,Distribution,HFTD Tier 3,# ignitions,exact,,0,,,SDG&E,2024,1,v3.2,2,1,SDGE_2024_Q1_Tables1-15_R2.xlsx,Table 6,30,I30,https://efiling.energysafety.ca.gov/eFiling/Getfile.aspx?fileid=56226&shareable=true
T6R-1b2b4c4403cf975a,1060000021,2.c.t.0,exact,exact,2. Contact from object,Land vehicle contact,Transmission,Non-HFTD,# ignitions,exact,,0,,,SDG&E,2024,1,v3.2,2,1,SDGE_2024_Q1_Tables1-15_R2.xlsx,Table 6,31,I31,https://efiling.energysafety.ca.gov/eFiling/Getfile.aspx?fileid=56226&shareable=true
T6R-11c267698797d21d,1060000022,2.c.t.2,exact,exact,2. Contact from object,Land vehicle contact,Transmission,HFTD Tier 2,# ignitions,exact,,0,,,SDG&E,2024,1,v3.2,2,1,SDGE_2024_Q1_Tables1-15_R2.xlsx,Table 6,32,I32,https://efiling.energysafety.ca.gov/eFiling/Getfile.aspx?fileid=56226&shareable=true
T6R-c854b22744758487,1060000023,2.c.t.3,exact,exact,2. Contact from object,Land vehicle contact,Transmission,HFTD Tier 3,# ignitions,exact,,0,,,SDG&E,2024,1,v3.2,2,1,SDGE_2024_Q1_Tables1-15_R2.xlsx,Table 6,33,I33,https://efiling.energysafety.ca.gov/eFiling/Getfile.aspx?fileid=56226&shareable=true
T6R-375bc9ef05bb7555,1060000024,2.d.d.0,exact,exact,2. Contact from object,Aircraft vehicle contact,Distribution,Non-HFTD,# ignitions,exact,,,,SDG&E did not track this driver historically but can implement for future ignitions,SDG&E,2024,1,v3.2,2,1,SDGE_2024_Q1_Tables1-15_R2.xlsx,Table 6,34,I34,https://efiling.energysafety.ca.gov/eFiling/Getfile.aspx?fileid=56226&shareable=true
T6R-a371bb8933f8929c,1060000025,2.d.d.2,exact,exact,2. Contact from object,Aircraft vehicle contact,Distribution,HFTD Tier 2,# ignitions,exact,,,,SDG&E did not track this driver historically but can implement for future ignitions,SDG&E,2024,1,v3.2,2,1,SDGE_2024_Q1_Tables1-15_R2.xlsx,Table 6,35,I35,https://efiling.energysafety.ca.gov/eFiling/Getfile.aspx?fileid=56226&shareable=true
T6R-224025941c78710e,1060000026,2.d.d.3,exact,exact,2. Contact from object,Aircraft vehicle contact,Distribution,HFTD Tier 3,# ignitions,exact,,,,SDG&E did not track this driver historically but can implement for future ignitions,SDG&E,2024,1,v3.2,2,1,SDGE_2024_Q1_Tables1-15_R2.xlsx,Table 6,36,I36,https://efiling.energysafety.ca.gov/eFiling/Getfile.aspx?fileid=56226&shareable=true
T6R-4ba3c8877d80e75d,1060000027,2.d.t.0,exact,exact,2. Contact from object,Aircraft vehicle contact,Transmission,Non-HFTD,# ignitions,exact,,,,SDG&E did not track this driver historically but can implement for future ignitions,SDG&E,2024,1,v3.2,2,1,SDGE_2024_Q1_Tables1-15_R2.xlsx,Table 6,37,I37,https://efiling.energysafety.ca.gov/eFiling/Getfile.aspx?fileid=56226&shareable=true
T6R-14e35e8012450930,1060000028,2.d.t.2,exact,exact,2. Contact from object,Aircraft vehicle contact,Transmission,HFTD Tier 2,# ignitions,exact,,,,SDG&E did not track this driver historically but can implement for future ignitions,SDG&E,2024,1,v3.2,2,1,SDGE_2024_Q1_Tables1-15_R2.xlsx,Table 6,38,I38,https://efiling.energysafety.ca.gov/eFiling/Getfile.aspx?fileid=56226&shareable=true
T6R-c70bd08c2fd24d9e,1060000029,2.d.t.3,exact,exact,2. Contact from object,Aircraft vehicle contact,Transmission,HFTD Tier 3,# ignitions,exact,,,,SDG&E did not track this driver historically but can implement for future ignitions,SDG&E,2024,1,v3.2,2,1,SDGE_2024_Q1_Tables1-15_R2.xlsx,Table 6,39,I39,https://efiling.energysafety.ca.gov/eFiling/Getfile.aspx?fileid=56226&shareable=true
T6R-6077462ca5005b29,1060000030,2.e.d.0,exact,exact,2. Contact from object,3rd party facility,Distribution,Non-HFTD,# ignitions,exact,,,,"SDGE includes this metric in #11 ""Other""",SDG&E,2024,1,v3.2,2,1,SDGE_2024_Q1_Tables1-15_R2.xlsx,Table 6,40,I40,https://efiling.energysafety.ca.gov/eFiling/Getfile.aspx?fileid=56226&shareable=true
T6R-743d48e8f94d7536,1060000031,2.e.d.2,exact,exact,2. Contact from object,3rd party facility,Distribution,HFTD Tier 2,# ignitions,exact,,,,"SDGE includes this metric in #11 ""Other""",SDG&E,2024,1,v3.2,2,1,SDGE_2024_Q1_Tables1-15_R2.xlsx,Table 6,41,I41,https://efiling.energysafety.ca.gov/eFiling/Getfile.aspx?fileid=56226&shareable=true
T6R-2605a1c995964e64,1060000032,2.e.d.3,exact,exact,2. Contact from object,3rd party facility,Distribution,HFTD Tier 3,# ignitions,exact,,,,"SDGE includes this metric in #11 ""Other""",SDG&E,2024,1,v3.2,2,1,SDGE_2024_Q1_Tables1-15_R2.xlsx,Table 6,42,I42,https://efiling.energysafety.ca.gov/eFiling/Getfile.aspx?fileid=56226&shareable=true
T6R-5f59366ae8212a76,1060000033,2.e.t.0,exact,exact,2. Contact from object,3rd party facility,Transmission,Non-HFTD,# ignitions,exact,,,,"SDGE includes this metric in #11 ""Other""",SDG&E,2024,1,v3.2,2,1,SDGE_2024_Q1_Tables1-15_R2.xlsx,Table 6,43,I43,https://efiling.energysafety.ca.gov/eFiling/Getfile.aspx?fileid=56226&shareable=true
T6R-a23a15614291aa0a,1060000034,2.e.t.2,exact,exact,2. Contact from object,3rd party facility,Transmission,HFTD Tier 2,# ignitions,exact,,,,"SDGE includes this metric in #11 ""Other""",SDG&E,2024,1,v3.2,2,1,SDGE_2024_Q1_Tables1-15_R2.xlsx,Table 6,44,I44,https://efiling.energysafety.ca.gov/eFiling/Getfile.aspx?fileid=56226&shareable=true
T6R-e6ff90306a61e5b6,1060000035,2.e.t.3,exact,exact,2. Contact from object,3rd party facility,Transmission,HFTD Tier 3,# ignitions,exact,,,,"SDGE includes this metric in #11 ""Other""",SDG&E,2024,1,v3.2,2,1,SDGE_2024_Q1_Tables1-15_R2.xlsx,Table 6,45,I45,https://efiling.energysafety.ca.gov/eFiling/Getfile.aspx?fileid=56226&shareable=true
T6R-99a1bbb0da5c3c34,1060000036,2.f.d.0,exact,canonical_label_update,2. Contact from object,Unknown (contact from object),Distribution,Non-HFTD,# ignitions,exact,,,,SDG&E does not currently track this driver,SDG&E,2024,1,v3.2,2,1,SDGE_2024_Q1_Tables1-15_R2.xlsx,Table 6,46,I46,https://efiling.energysafety.ca.gov/eFiling/Getfile.aspx?fileid=56226&shareable=true
T6R-b58ed5e7d417a1f2,1060000037,2.f.d.2,exact,canonical_label_update,2. Contact from object,Unknown (contact from object),Distribution,HFTD Tier 2,# ignitions,exact,,,,SDG&E does not currently track this driver,SDG&E,2024,1,v3.2,2,1,SDGE_2024_Q1_Tables1-15_R2.xlsx,Table 6,47,I47,https://efiling.energysafety.ca.gov/eFiling/Getfile.aspx?fileid=56226&shareable=true
T6R-ac6165c3fa7d2c64,1060000038,2.f.d.3,exact,canonical_label_update,2. Contact from object,Unknown (contact from object),Distribution,HFTD Tier 3,# ignitions,exact,,,,SDG&E does not currently track this driver,SDG&E,2024,1,v3.2,2,1,SDGE_2024_Q1_Tables1-15_R2.xlsx,Table 6,48,I48,https://efiling.energysafety.ca.gov/eFiling/Getfile.aspx?fileid=56226&shareable=true
T6R-a2658a8499a663e8,1060000039,2.f.t.0,exact,canonical_label_update,2. Contact from object,Unknown (contact from object),Transmission,Non-HFTD,# ignitions,exact,,,,SDG&E does not currently track this driver,SDG&E,2024,1,v3.2,2,1,SDGE_2024_Q1_Tables1-15_R2.xlsx,Table 6,49,I49,https://efiling.energysafety.ca.gov/eFiling/Getfile.aspx?fileid=56226&shareable=true
T6R-6ee33390f16d1510,1060000040,2.f.t.2,exact,canonical_label_update,2. Contact from object,Unknown (contact from object),Transmission,HFTD Tier 2,# ignitions,exact,,,,SDG&E does not currently track this driver,SDG&E,2024,1,v3.2,2,1,SDGE_2024_Q1_Tables1-15_R2.xlsx,Table 6,50,I50,https://efiling.energysafety.ca.gov/eFiling/Getfile.aspx?fileid=56226&shareable=true
T6R-ef2eaea58aa4ba48,1060000041,2.f.t.3,exact,canonical_label_update,2. Contact from object,Unknown (contact from object),Transmission,HFTD Tier 3,# ignitions,exact,,,,SDG&E does not currently track this driver,SDG&E,2024,1,v3.2,2,1,SDGE_2024_Q1_Tables1-15_R2.xlsx,Table 6,51,I51,https://efiling.energysafety.ca.gov/eFiling/Getfile.aspx?fileid=56226&shareable=true
T6R-cd8cf375434bb44d,1060000042,2.g.d.0,exact,canonical_label_update,2. Contact from object,Other (contact from object),Distribution,Non-HFTD,# ignitions,exact,,0,,,SDG&E,2024,1,v3.2,2,1,SDGE_2024_Q1_Tables1-15_R2.xlsx,Table 6,52,I52,https://efiling.energysafety.ca.gov/eFiling/Getfile.aspx?fileid=56226&shareable=true
T6R-4f56fefb89fe8cd4,1060000043,2.g.d.2,exact,canonical_label_update,2. Contact from object,Other (contact from object),Distribution,HFTD Tier 2,# ignitions,exact,,0,,,SDG&E,2024,1,v3.2,2,1,SDGE_2024_Q1_Tables1-15_R2.xlsx,Table 6,53,I53,https://efiling.energysafety.ca.gov/eFiling/Getfile.aspx?fileid=56226&shareable=true
T6R-d749be3280371a67,1060000044,2.g.d.3,exact,canonical_label_update,2. Contact from object,Other (contact from object),Distribution,HFTD Tier 3,# ignitions,exact,,0,,,SDG&E,2024,1,v3.2,2,1,SDGE_2024_Q1_Tables1-15_R2.xlsx,Table 6,54,I54,https://efiling.energysafety.ca.gov/eFiling/Getfile.aspx?fileid=56226&shareable=true
T6R-0358ad6cb2c95f2c,1060000045,2.g.t.0,exact,canonical_label_update,2. Contact from object,Other (contact from object),Transmission,Non-HFTD,# ignitions,exact,,0,,,SDG&E,2024,1,v3.2,2,1,SDGE_2024_Q1_Tables1-15_R2.xlsx,Table 6,55,I55,https://efiling.energysafety.ca.gov/eFiling/Getfile.aspx?fileid=56226&shareable=true
T6R-7d714b76e6c55830,1060000046,2.g.t.2,exact,canonical_label_update,2. Contact from object,Other (contact from object),Transmission,HFTD Tier 2,# ignitions,exact,,0,,,SDG&E,2024,1,v3.2,2,1,SDGE_2024_Q1_Tables1-15_R2.xlsx,Table 6,56,I56,https://efiling.energysafety.ca.gov/eFiling/Getfile.aspx?fileid=56226&shareable=true
T6R-9609685364e057cc,1060000047,2.g.t.3,exact,canonical_label_update,2. Contact from object,Other (contact from object),Transmission,HFTD Tier 3,# ignitions,exact,,0,,,SDG&E,2024,1,v3.2,2,1,SDGE_2024_Q1_Tables1-15_R2.xlsx,Table 6,57,I57,https://efiling.energysafety.ca.gov/eFiling/Getfile.aspx?fileid=56226&shareable=true
T6R-8c46662f3a381561,1060000048,3.a.d.0,exact,exact,3. Vegetation contact,Vegetation contact,Distribution,Non-HFTD,# ignitions,exact,,0,,,SDG&E,2024,1,v3.2,2,1,SDGE_2024_Q1_Tables1-15_R2.xlsx,Table 6,58,I58,https://efiling.energysafety.ca.gov/eFiling/Getfile.aspx?fileid=56226&shareable=true
T6R-8b219700abfdc58c,1060000049,3.a.d.2,exact,exact,3. Vegetation contact,Vegetation contact,Distribution,HFTD Tier 2,# ignitions,exact,,0,,,SDG&E,2024,1,v3.2,2,1,SDGE_2024_Q1_Tables1-15_R2.xlsx,Table 6,59,I59,https://efiling.energysafety.ca.gov/eFiling/Getfile.aspx?fileid=56226&shareable=true
T6R-a037ae98467ac523,1060000050,3.a.d.3,exact,exact,3. Vegetation contact,Vegetation contact,Distribution,HFTD Tier 3,# ignitions,exact,,0,,,SDG&E,2024,1,v3.2,2,1,SDGE_2024_Q1_Tables1-15_R2.xlsx,Table 6,60,I60,https://efiling.energysafety.ca.gov/eFiling/Getfile.aspx?fileid=56226&shareable=true
T6R-9a6541c00e571a78,1060000051,3.a.t.0,exact,exact,3. Vegetation contact,Vegetation contact,Transmission,Non-HFTD,# ignitions,exact,,0,,,SDG&E,2024,1,v3.2,2,1,SDGE_2024_Q1_Tables1-15_R2.xlsx,Table 6,61,I61,https://efiling.energysafety.ca.gov/eFiling/Getfile.aspx?fileid=56226&shareable=true
T6R-1431c4155300c6bd,1060000052,3.a.t.2,exact,exact,3. Vegetation contact,Vegetation contact,Transmission,HFTD Tier 2,# ignitions,exact,,0,,,SDG&E,2024,1,v3.2,2,1,SDGE_2024_Q1_Tables1-15_R2.xlsx,Table 6,62,I62,https://efiling.energysafety.ca.gov/eFiling/Getfile.aspx?fileid=56226&shareable=true
T6R-8a3d78026a03ab39,1060000053,3.a.t.3,exact,exact,3. Vegetation contact,Vegetation contact,Transmission,HFTD Tier 3,# ignitions,exact,,0,,,SDG&E,2024,1,v3.2,2,1,SDGE_2024_Q1_Tables1-15_R2.xlsx,Table 6,63,I63,https://efiling.energysafety.ca.gov/eFiling/Getfile.aspx?fileid=56226&shareable=true
T6R-185e89af0dea986c,1060000054,4.a.d.0,corrected_in_v3_2,canonical_label_update,4. Equipment / facility failure or damage,Anchor / guy,Distribution,Non-HFTD,# ignitions,exact,,0,,,SDG&E,2024,1,v3.2,2,1,SDGE_2024_Q1_Tables1-15_R2.xlsx,Table 6,64,I64,https://efiling.energysafety.ca.gov/eFiling/Getfile.aspx?fileid=56226&shareable=true
T6R-117db1bff30ecd53,1060000055,4.a.d.2,exact,canonical_label_update,4. Equipment / facility failure or damage,Anchor / guy,Distribution,HFTD Tier 2,# ignitions,exact,,0,,,SDG&E,2024,1,v3.2,2,1,SDGE_2024_Q1_Tables1-15_R2.xlsx,Table 6,65,I65,https://efiling.energysafety.ca.gov/eFiling/Getfile.aspx?fileid=56226&shareable=true
T6R-92b4a9a95098ce15,1060000056,4.a.d.3,exact,canonical_label_update,4. Equipment / facility failure or damage,Anchor / guy,Distribution,HFTD Tier 3,# ignitions,exact,,0,,,SDG&E,2024,1,v3.2,2,1,SDGE_2024_Q1_Tables1-15_R2.xlsx,Table 6,66,I66,https://efiling.energysafety.ca.gov/eFiling/Getfile.aspx?fileid=56226&shareable=true
T6R-c069ac20b74b9ac2,1060000057,4.a.t.0,exact,canonical_label_update,4. Equipment / facility failure or damage,Anchor / guy,Transmission,Non-HFTD,# ignitions,exact,,0,,,SDG&E,2024,1,v3.2,2,1,SDGE_2024_Q1_Tables1-15_R2.xlsx,Table 6,67,I67,https://efiling.energysafety.ca.gov/eFiling/Getfile.aspx?fileid=56226&shareable=true
T6R-b5550a33caff01cf,1060000058,4.a.t.2,exact,canonical_label_update,4. Equipment / facility failure or damage,Anchor / guy,Transmission,HFTD Tier 2,# ignitions,exact,,0,,,SDG&E,2024,1,v3.2,2,1,SDGE_2024_Q1_Tables1-15_R2.xlsx,Table 6,68,I68,https://efiling.energysafety.ca.gov/eFiling/Getfile.aspx?fileid=56226&shareable=true
T6R-10dc5e33ad911999,1060000059,4.a.t.3,exact,canonical_label_update,4. Equipment / facility failure or damage,Anchor / guy,Transmission,HFTD Tier 3,# ignitions,exact,,0,,,SDG&E,2024,1,v3.2,2,1,SDGE_2024_Q1_Tables1-15_R2.xlsx,Table 6,69,I69,https://efiling.energysafety.ca.gov/eFiling/Getfile.aspx?fileid=56226&shareable=true
T6R-25b78585196c606c,1060000060,4.b.d.0,exact,exact,4. Equipment / facility failure or damage,Capacitor bank,Distribution,Non-HFTD,# ignitions,exact,,0,,,SDG&E,2024,1,v3.2,2,1,SDGE_2024_Q1_Tables1-15_R2.xlsx,Table 6,70,I70,https://efiling.energysafety.ca.gov/eFiling/Getfile.aspx?fileid=56226&shareable=true
T6R-45246b35724c4afe,1060000061,4.b.d.2,exact,exact,4. Equipment / facility failure or damage,Capacitor bank,Distribution,HFTD Tier 2,# ignitions,exact,,0,,,SDG&E,2024,1,v3.2,2,1,SDGE_2024_Q1_Tables1-15_R2.xlsx,Table 6,71,I71,https://efiling.energysafety.ca.gov/eFiling/Getfile.aspx?fileid=56226&shareable=true
T6R-354c978039bae8ca,1060000062,4.b.d.3,exact,exact,4. Equipment / facility failure or damage,Capacitor bank,Distribution,HFTD Tier 3,# ignitions,exact,,0,,,SDG&E,2024,1,v3.2,2,1,SDGE_2024_Q1_Tables1-15_R2.xlsx,Table 6,72,I72,https://efiling.energysafety.ca.gov/eFiling/Getfile.aspx?fileid=56226&shareable=true
T6R-50d369892b3aa920,1060000063,4.b.t.0,exact,exact,4. Equipment / facility failure or damage,Capacitor bank,Transmission,Non-HFTD,# ignitions,exact,,0,,,SDG&E,2024,1,v3.2,2,1,SDGE_2024_Q1_Tables1-15_R2.xlsx,Table 6,73,I73,https://efiling.energysafety.ca.gov/eFiling/Getfile.aspx?fileid=56226&shareable=true
T6R-f1b4e3e9cd1e1ed7,1060000064,4.b.t.2,exact,exact,4. Equipment / facility failure or damage,Capacitor bank,Transmission,HFTD Tier 2,# ignitions,exact,,0,,,SDG&E,2024,1,v3.2,2,1,SDGE_2024_Q1_Tables1-15_R2.xlsx,Table 6,74,I74,https://efiling.energysafety.ca.gov/eFiling/Getfile.aspx?fileid=56226&shareable=true
T6R-bb936d8da5608154,1060000065,4.b.t.3,exact,exact,4. Equipment / facility failure or damage,Capacitor bank,Transmission,HFTD Tier 3,# ignitions,exact,,0,,,SDG&E,2024,1,v3.2,2,1,SDGE_2024_Q1_Tables1-15_R2.xlsx,Table 6,75,I75,https://efiling.energysafety.ca.gov/eFiling/Getfile.aspx?fileid=56226&shareable=true
T6R-7a6083149da7b295,1060000066,4.c.d.0,exact,exact,4. Equipment / facility failure or damage,Conductor,Distribution,Non-HFTD,# ignitions,exact,,0,,,SDG&E,2024,1,v3.2,2,1,SDGE_2024_Q1_Tables1-15_R2.xlsx,Table 6,76,I76,https://efiling.energysafety.ca.gov/eFiling/Getfile.aspx?fileid=56226&shareable=true
T6R-4996575b7ff6bdf5,1060000067,4.c.d.2,exact,exact,4. Equipment / facility failure or damage,Conductor,Distribution,HFTD Tier 2,# ignitions,exact,,0,,,SDG&E,2024,1,v3.2,2,1,SDGE_2024_Q1_Tables1-15_R2.xlsx,Table 6,77,I77,https://efiling.energysafety.ca.gov/eFiling/Getfile.aspx?fileid=56226&shareable=true
T6R-3c78e136b8b16e7c,1060000068,4.c.d.3,exact,exact,4. Equipment / facility failure or damage,Conductor,Distribution,HFTD Tier 3,# ignitions,exact,,0,,,SDG&E,2024,1,v3.2,2,1,SDGE_2024_Q1_Tables1-15_R2.xlsx,Table 6,78,I78,https://efiling.energysafety.ca.gov/eFiling/Getfile.aspx?fileid=56226&shareable=true
T6R-f7d55ae7724d86ac,1060000069,4.c.t.0,exact,exact,4. Equipment / facility failure or damage,Conductor,Transmission,Non-HFTD,# ignitions,exact,,0,,,SDG&E,2024,1,v3.2,2,1,SDGE_2024_Q1_Tables1-15_R2.xlsx,Table 6,79,I79,https://efiling.energysafety.ca.gov/eFiling/Getfile.aspx?fileid=56226&shareable=true
T6R-a1d25742e1617452,1060000070,4.c.t.2,exact,exact,4. Equipment / facility failure or damage,Conductor,Transmission,HFTD Tier 2,# ignitions,exact,,0,,,SDG&E,2024,1,v3.2,2,1,SDGE_2024_Q1_Tables1-15_R2.xlsx,Table 6,80,I80,https://efiling.energysafety.ca.gov/eFiling/Getfile.aspx?fileid=56226&shareable=true
T6R-772a1cd25d09094b,1060000071,4.c.t.3,exact,exact,4. Equipment / facility failure or damage,Conductor,Transmission,HFTD Tier 3,# ignitions,exact,,0,,,SDG&E,2024,1,v3.2,2,1,SDGE_2024_Q1_Tables1-15_R2.xlsx,Table 6,81,I81,https://efiling.energysafety.ca.gov/eFiling/Getfile.aspx?fileid=56226&shareable=true
T6R-7fcfaaf279a33601,1060000072,4.d.d.0,exact,exact,4. Equipment / facility failure or damage,Connection device,Distribution,Non-HFTD,# ignitions,exact,,0,,,SDG&E,2024,1,v3.2,2,1,SDGE_2024_Q1_Tables1-15_R2.xlsx,Table 6,82,I82,https://efiling.energysafety.ca.gov/eFiling/Getfile.aspx?fileid=56226&shareable=true
T6R-7bb0e03978b1858e,1060000073,4.d.d.2,exact,exact,4. Equipment / facility failure or damage,Connection device,Distribution,HFTD Tier 2,# ignitions,exact,,0,,,SDG&E,2024,1,v3.2,2,1,SDGE_2024_Q1_Tables1-15_R2.xlsx,Table 6,83,I83,https://efiling.energysafety.ca.gov/eFiling/Getfile.aspx?fileid=56226&shareable=true
T6R-8e65cb78c4d13121,1060000074,4.d.d.3,exact,exact,4. Equipment / facility failure or damage,Connection device,Distribution,HFTD Tier 3,# ignitions,exact,,0,,,SDG&E,2024,1,v3.2,2,1,SDGE_2024_Q1_Tables1-15_R2.xlsx,Table 6,84,I84,https://efiling.energysafety.ca.gov/eFiling/Getfile.aspx?fileid=56226&shareable=true
T6R-1d37331fff81639c,1060000075,4.d.t.0,exact,exact,4. Equipment / facility failure or damage,Connection device,Transmission,Non-HFTD,# ignitions,exact,,0,,,SDG&E,2024,1,v3.2,2,1,SDGE_2024_Q1_Tables1-15_R2.xlsx,Table 6,85,I85,https://efiling.energysafety.ca.gov/eFiling/Getfile.aspx?fileid=56226&shareable=true
T6R-d6bb4891055009e2,1060000076,4.d.t.2,exact,exact,4. Equipment / facility failure or damage,Connection device,Transmission,HFTD Tier 2,# ignitions,exact,,0,,,SDG&E,2024,1,v3.2,2,1,SDGE_2024_Q1_Tables1-15_R2.xlsx,Table 6,86,I86,https://efiling.energysafety.ca.gov/eFiling/Getfile.aspx?fileid=56226&shareable=true
T6R-3fc5d0eda56f4adb,1060000077,4.d.t.3,exact,exact,4. Equipment / facility failure or damage,Connection device,Transmission,HFTD Tier 3,# ignitions,exact,,0,,,SDG&E,2024,1,v3.2,2,1,SDGE_2024_Q1_Tables1-15_R2.xlsx,Table 6,87,I87,https://efiling.energysafety.ca.gov/eFiling/Getfile.aspx?fileid=56226&shareable=true
T6R-6b528d35ac276d8e,1060000078,4.e.d.0,exact,exact,4. Equipment / facility failure or damage,Crossarm,Distribution,Non-HFTD,# ignitions,exact,,0,,,SDG&E,2024,1,v3.2,2,1,SDGE_2024_Q1_Tables1-15_R2.xlsx,Table 6,88,I88,https://efiling.energysafety.ca.gov/eFiling/Getfile.aspx?fileid=56226&shareable=true
T6R-a2a63931c210a541,1060000079,4.e.d.2,exact,exact,4. Equipment / facility failure or damage,Crossarm,Distribution,HFTD Tier 2,# ignitions,exact,,0,,,SDG&E,2024,1,v3.2,2,1,SDGE_2024_Q1_Tables1-15_R2.xlsx,Table 6,89,I89,https://efiling.energysafety.ca.gov/eFiling/Getfile.aspx?fileid=56226&shareable=true
T6R-ba9ae584c432e522,1060000080,4.e.d.3,exact,exact,4. Equipment / facility failure or damage,Crossarm,Distribution,HFTD Tier 3,# ignitions,exact,,0,,,SDG&E,2024,1,v3.2,2,1,SDGE_2024_Q1_Tables1-15_R2.xlsx,Table 6,90,I90,https://efiling.energysafety.ca.gov/eFiling/Getfile.aspx?fileid=56226&shareable=true
T6R-254e9e6d8c1e6a6f,1060000081,4.e.t.0,exact,exact,4. Equipment / facility failure or damage,Crossarm,Transmission,Non-HFTD,# ignitions,exact,,0,,,SDG&E,2024,1,v3.2,2,1,SDGE_2024_Q1_Tables1-15_R2.xlsx,Table 6,91,I91,https://efiling.energysafety.ca.gov/eFiling/Getfile.aspx?fileid=56226&shareable=true
T6R-d94260eefc3a9613,1060000082,4.e.t.2,exact,exact,4. Equipment / facility failure or damage,Crossarm,Transmission,HFTD Tier 2,# ignitions,exact,,0,,,SDG&E,2024,1,v3.2,2,1,SDGE_2024_Q1_Tables1-15_R2.xlsx,Table 6,92,I92,https://efiling.energysafety.ca.gov/eFiling/Getfile.aspx?fileid=56226&shareable=true
T6R-8b11dcf73ff3130d,1060000083,4.e.t.3,exact,exact,4. Equipment / facility failure or damage,Crossarm,Transmission,HFTD Tier 3,# ignitions,exact,,0,,,SDG&E,2024,1,v3.2,2,1,SDGE_2024_Q1_Tables1-15_R2.xlsx,Table 6,93,I93,https://efiling.energysafety.ca.gov/eFiling/Getfile.aspx?fileid=56226&shareable=true
T6R-941a6f9126e2e85f,1060000084,4.f.d.0,exact,exact,4. Equipment / facility failure or damage,Fuse,Distribution,Non-HFTD,# ignitions,exact,,0,,,SDG&E,2024,1,v3.2,2,1,SDGE_2024_Q1_Tables1-15_R2.xlsx,Table 6,94,I94,https://efiling.energysafety.ca.gov/eFiling/Getfile.aspx?fileid=56226&shareable=true
T6R-c21238230a9e36a0,1060000085,4.f.d.2,exact,exact,4. Equipment / facility failure or damage,Fuse,Distribution,HFTD Tier 2,# ignitions,exact,,0,,,SDG&E,2024,1,v3.2,2,1,SDGE_2024_Q1_Tables1-15_R2.xlsx,Table 6,95,I95,https://efiling.energysafety.ca.gov/eFiling/Getfile.aspx?fileid=56226&shareable=true
T6R-9447f2ce6703abb3,1060000086,4.f.d.3,exact,exact,4. Equipment / facility failure or damage,Fuse,Distribution,HFTD Tier 3,# ignitions,exact,,0,,,SDG&E,2024,1,v3.2,2,1,SDGE_2024_Q1_Tables1-15_R2.xlsx,Table 6,96,I96,https://efiling.energysafety.ca.gov/eFiling/Getfile.aspx?fileid=56226&shareable=true
T6R-53052f20023a5fc0,1060000087,4.f.t.0,exact,exact,4. Equipment / facility failure or damage,Fuse,Transmission,Non-HFTD,# ignitions,exact,,0,,,SDG&E,2024,1,v3.2,2,1,SDGE_2024_Q1_Tables1-15_R2.xlsx,Table 6,97,I97,https://efiling.energysafety.ca.gov/eFiling/Getfile.aspx?fileid=56226&shareable=true
T6R-109e5ecb3c40dfad,1060000088,4.f.t.2,exact,exact,4. Equipment / facility failure or damage,Fuse,Transmission,HFTD Tier 2,# ignitions,exact,,0,,,SDG&E,2024,1,v3.2,2,1,SDGE_2024_Q1_Tables1-15_R2.xlsx,Table 6,98,I98,https://efiling.energysafety.ca.gov/eFiling/Getfile.aspx?fileid=56226&shareable=true
T6R-0760a5dfef5fc07e,1060000089,4.f.t.3,exact,exact,4. Equipment / facility failure or damage,Fuse,Transmission,HFTD Tier 3,# ignitions,exact,,0,,,SDG&E,2024,1,v3.2,2,1,SDGE_2024_Q1_Tables1-15_R2.xlsx,Table 6,99,I99,https://efiling.energysafety.ca.gov/eFiling/Getfile.aspx?fileid=56226&shareable=true
T6R-e01d4ca6d409bb6f,1060000090,4.g.d.0,exact,exact,4. Equipment / facility failure or damage,Cutout,Distribution,Non-HFTD,# ignitions,exact,,,,SDG&E did not track this driver historically but can implement for future ignitions,SDG&E,2024,1,v3.2,2,1,SDGE_2024_Q1_Tables1-15_R2.xlsx,Table 6,100,I100,https://efiling.energysafety.ca.gov/eFiling/Getfile.aspx?fileid=56226&shareable=true
T6R-665ef3d69a195354,1060000091,4.g.d.2,exact,exact,4. Equipment / facility failure or damage,Cutout,Distribution,HFTD Tier 2,# ignitions,exact,,,,SDG&E did not track this driver historically but can implement for future ignitions,SDG&E,2024,1,v3.2,2,1,SDGE_2024_Q1_Tables1-15_R2.xlsx,Table 6,101,I101,https://efiling.energysafety.ca.gov/eFiling/Getfile.aspx?fileid=56226&shareable=true
T6R-de33101c7fca1c6a,1060000092,4.g.d.3,exact,exact,4. Equipment / facility failure or damage,Cutout,Distribution,HFTD Tier 3,# ignitions,exact,,,,SDG&E did not track this driver historically but can implement for future ignitions,SDG&E,2024,1,v3.2,2,1,SDGE_2024_Q1_Tables1-15_R2.xlsx,Table 6,102,I102,https://efiling.energysafety.ca.gov/eFiling/Getfile.aspx?fileid=56226&shareable=true
T6R-d9cc4df31c2a4a4a,1060000093,4.g.t.0,exact,exact,4. Equipment / facility failure or damage,Cutout,Transmission,Non-HFTD,# ignitions,exact,,,,SDG&E did not track this driver historically but can implement for future ignitions,SDG&E,2024,1,v3.2,2,1,SDGE_2024_Q1_Tables1-15_R2.xlsx,Table 6,103,I103,https://efiling.energysafety.ca.gov/eFiling/Getfile.aspx?fileid=56226&shareable=true
T6R-a97ece5d3748a4cf,1060000094,4.g.t.2,exact,exact,4. Equipment / facility failure or damage,Cutout,Transmission,HFTD Tier 2,# ignitions,exact,,,,SDG&E did not track this driver historically but can implement for future ignitions,SDG&E,2024,1,v3.2,2,1,SDGE_2024_Q1_Tables1-15_R2.xlsx,Table 6,104,I104,https://efiling.energysafety.ca.gov/eFiling/Getfile.aspx?fileid=56226&shareable=true
T6R-96863128b3649c6d,1060000095,4.g.t.3,exact,exact,4. Equipment / facility failure or damage,Cutout,Transmission,HFTD Tier 3,# ignitions,exact,,,,SDG&E did not track this driver historically but can implement for future ignitions,SDG&E,2024,1,v3.2,2,1,SDGE_2024_Q1_Tables1-15_R2.xlsx,Table 6,105,I105,https://efiling.energysafety.ca.gov/eFiling/Getfile.aspx?fileid=56226&shareable=true
T6R-1002fe6fdd62b1a6,1060000096,4.h.d.0,corrected_in_v3_2,exact,4. Equipment / facility failure or damage,Insulator and bushing,Distribution,Non-HFTD,# ignitions,exact,,0,,,SDG&E,2024,1,v3.2,2,1,SDGE_2024_Q1_Tables1-15_R2.xlsx,Table 6,106,I106,https://efiling.energysafety.ca.gov/eFiling/Getfile.aspx?fileid=56226&shareable=true
T6R-ea8664669431e8a4,1060000097,4.h.d.2,corrected_in_v3_2,exact,4. Equipment / facility failure or damage,Insulator and bushing,Distribution,HFTD Tier 2,# ignitions,exact,,0,,,SDG&E,2024,1,v3.2,2,1,SDGE_2024_Q1_Tables1-15_R2.xlsx,Table 6,107,I107,https://efiling.energysafety.ca.gov/eFiling/Getfile.aspx?fileid=56226&shareable=true
T6R-6f2ca537530a2a6f,1060000098,4.h.d.3,corrected_in_v3_2,exact,4. Equipment / facility failure or damage,Insulator and bushing,Distribution,HFTD Tier 3,# ignitions,exact,,0,,,SDG&E,2024,1,v3.2,2,1,SDGE_2024_Q1_Tables1-15_R2.xlsx,Table 6,108,I108,https://efiling.energysafety.ca.gov/eFiling/Getfile.aspx?fileid=56226&shareable=true
T6R-88d0280d64a46d0a,1060000099,4.h.t.0,corrected_in_v3_2,exact,4. Equipment / facility failure or damage,Insulator and bushing,Transmission,Non-HFTD,# ignitions,exact,,0,,,SDG&E,2024,1,v3.2,2,1,SDGE_2024_Q1_Tables1-15_R2.xlsx,Table 6,109,I109,https://efiling.energysafety.ca.gov/eFiling/Getfile.aspx?fileid=56226&shareable=true
T6R-e11f86817cc5dd7d,1060000100,4.h.t.2,corrected_in_v3_2,exact,4. Equipment / facility failure or damage,Insulator and bushing,Transmission,HFTD Tier 2,# ignitions,exact,,0,,,SDG&E,2024,1,v3.2,2,1,SDGE_2024_Q1_Tables1-15_R2.xlsx,Table 6,110,I110,https://efiling.energysafety.ca.gov/eFiling/Getfile.aspx?fileid=56226&shareable=true
T6R-a36d996c77a4bab4,1060000101,4.h.t.3,corrected_in_v3_2,exact,4. Equipment / facility failure or damage,Insulator and bushing,Transmission,HFTD Tier 3,# ignitions,exact,,0,,,SDG&E,2024,1,v3.2,2,1,SDGE_2024_Q1_Tables1-15_R2.xlsx,Table 6,111,I111,https://efiling.energysafety.ca.gov/eFiling/Getfile.aspx?fileid=56226&shareable=true
T6R-f8c2cf95dc473294,1060000102,4.i.d.0,corrected_in_v3_2,exact,4. Equipment / facility failure or damage,Lightning arrester,Distribution,Non-HFTD,# ignitions,exact,,0,,,SDG&E,2024,1,v3.2,2,1,SDGE_2024_Q1_Tables1-15_R2.xlsx,Table 6,112,I112,https://efiling.energysafety.ca.gov/eFiling/Getfile.aspx?fileid=56226&shareable=true
T6R-1b22f2c3c7861076,1060000103,4.i.d.2,corrected_in_v3_2,exact,4. Equipment / facility failure or damage,Lightning arrester,Distribution,HFTD Tier 2,# ignitions,exact,,0,,,SDG&E,2024,1,v3.2,2,1,SDGE_2024_Q1_Tables1-15_R2.xlsx,Table 6,113,I113,https://efiling.energysafety.ca.gov/eFiling/Getfile.aspx?fileid=56226&shareable=true
T6R-c598003ca2d10d7d,1060000104,4.i.d.3,corrected_in_v3_2,exact,4. Equipment / facility failure or damage,Lightning arrester,Distribution,HFTD Tier 3,# ignitions,exact,,0,,,SDG&E,2024,1,v3.2,2,1,SDGE_2024_Q1_Tables1-15_R2.xlsx,Table 6,114,I114,https://efiling.energysafety.ca.gov/eFiling/Getfile.aspx?fileid=56226&shareable=true
T6R-f7ef6b991081fc61,1060000105,4.i.t.0,corrected_in_v3_2,exact,4. Equipment / facility failure or damage,Lightning arrester,Transmission,Non-HFTD,# ignitions,exact,,0,,,SDG&E,2024,1,v3.2,2,1,SDGE_2024_Q1_Tables1-15_R2.xlsx,Table 6,115,I115,https://efiling.energysafety.ca.gov/eFiling/Getfile.aspx?fileid=56226&shareable=true
T6R-98f8f138d7954120,1060000106,4.i.t.2,corrected_in_v3_2,exact,4. Equipment / facility failure or damage,Lightning arrester,Transmission,HFTD Tier 2,# ignitions,exact,,0,,,SDG&E,2024,1,v3.2,2,1,SDGE_2024_Q1_Tables1-15_R2.xlsx,Table 6,116,I116,https://efiling.energysafety.ca.gov/eFiling/Getfile.aspx?fileid=56226&shareable=true
T6R-2b061f10c374f624,1060000107,4.i.t.3,corrected_in_v3_2,exact,4. Equipment / facility failure or damage,Lightning arrester,Transmission,HFTD Tier 3,# ignitions,exact,,0,,,SDG&E,2024,1,v3.2,2,1,SDGE_2024_Q1_Tables1-15_R2.xlsx,Table 6,117,I117,https://efiling.energysafety.ca.gov/eFiling/Getfile.aspx?fileid=56226&shareable=true
T6R-64e80105b5f6659a,1060000108,4.j.d.0,exact,exact,4. Equipment / facility failure or damage,Pole,Distribution,Non-HFTD,# ignitions,exact,,0,,,SDG&E,2024,1,v3.2,2,1,SDGE_2024_Q1_Tables1-15_R2.xlsx,Table 6,118,I118,https://efiling.energysafety.ca.gov/eFiling/Getfile.aspx?fileid=56226&shareable=true
T6R-5e542e33db7a5406,1060000109,4.j.d.2,exact,exact,4. Equipment / facility failure or damage,Pole,Distribution,HFTD Tier 2,# ignitions,exact,,0,,,SDG&E,2024,1,v3.2,2,1,SDGE_2024_Q1_Tables1-15_R2.xlsx,Table 6,119,I119,https://efiling.energysafety.ca.gov/eFiling/Getfile.aspx?fileid=56226&shareable=true
T6R-b9e43b22fa34a5ba,1060000110,4.j.d.3,exact,exact,4. Equipment / facility failure or damage,Pole,Distribution,HFTD Tier 3,# ignitions,exact,,0,,,SDG&E,2024,1,v3.2,2,1,SDGE_2024_Q1_Tables1-15_R2.xlsx,Table 6,120,I120,https://efiling.energysafety.ca.gov/eFiling/Getfile.aspx?fileid=56226&shareable=true
T6R-7a12d6795d6118c3,1060000111,4.j.t.0,exact,exact,4. Equipment / facility failure or damage,Pole,Transmission,Non-HFTD,# ignitions,exact,,0,,,SDG&E,2024,1,v3.2,2,1,SDGE_2024_Q1_Tables1-15_R2.xlsx,Table 6,121,I121,https://efiling.energysafety.ca.gov/eFiling/Getfile.aspx?fileid=56226&shareable=true
T6R-25183e27a2fcf716,1060000112,4.j.t.2,exact,exact,4. Equipment / facility failure or damage,Pole,Transmission,HFTD Tier 2,# ignitions,exact,,0,,,SDG&E,2024,1,v3.2,2,1,SDGE_2024_Q1_Tables1-15_R2.xlsx,Table 6,122,I122,https://efiling.energysafety.ca.gov/eFiling/Getfile.aspx?fileid=56226&shareable=true
T6R-e1b2e0e6ce816385,1060000113,4.j.t.3,exact,exact,4. Equipment / facility failure or damage,Pole,Transmission,HFTD Tier 3,# ignitions,exact,,0,,,SDG&E,2024,1,v3.2,2,1,SDGE_2024_Q1_Tables1-15_R2.xlsx,Table 6,123,I123,https://efiling.energysafety.ca.gov/eFiling/Getfile.aspx?fileid=56226&shareable=true
T6R-f989121f7c7e5359,1060000114,4.k.d.0,exact,exact,4. Equipment / facility failure or damage,Recloser,Distribution,Non-HFTD,# ignitions,exact,,,,SDG&E does not currently track this driver,SDG&E,2024,1,v3.2,2,1,SDGE_2024_Q1_Tables1-15_R2.xlsx,Table 6,124,I124,https://efiling.energysafety.ca.gov/eFiling/Getfile.aspx?fileid=56226&shareable=true
T6R-e51736c2f3842622,1060000115,4.k.d.2,exact,exact,4. Equipment / facility failure or damage,Recloser,Distribution,HFTD Tier 2,# ignitions,exact,,,,SDG&E does not currently track this driver,SDG&E,2024,1,v3.2,2,1,SDGE_2024_Q1_Tables1-15_R2.xlsx,Table 6,125,I125,https://efiling.energysafety.ca.gov/eFiling/Getfile.aspx?fileid=56226&shareable=true
T6R-11ea265c23963316,1060000116,4.k.d.3,exact,exact,4. Equipment / facility failure or damage,Recloser,Distribution,HFTD Tier 3,# ignitions,exact,,,,SDG&E does not currently track this driver,SDG&E,2024,1,v3.2,2,1,SDGE_2024_Q1_Tables1-15_R2.xlsx,Table 6,126,I126,https://efiling.energysafety.ca.gov/eFiling/Getfile.aspx?fileid=56226&shareable=true
T6R-f5221ddf24290469,1060000117,4.k.t.0,exact,exact,4. Equipment / facility failure or damage,Recloser,Transmission,Non-HFTD,# ignitions,exact,,,,SDG&E does not currently track this driver,SDG&E,2024,1,v3.2,2,1,SDGE_2024_Q1_Tables1-15_R2.xlsx,Table 6,127,I127,https://efiling.energysafety.ca.gov/eFiling/Getfile.aspx?fileid=56226&shareable=true
T6R-9f3bf141cd683d05,1060000118,4.k.t.2,exact,exact,4. Equipment / facility failure or damage,Recloser,Transmission,HFTD Tier 2,# ignitions,exact,,,,SDG&E does not currently track this driver,SDG&E,2024,1,v3.2,2,1,SDGE_2024_Q1_Tables1-15_R2.xlsx,Table 6,128,I128,https://efiling.energysafety.ca.gov/eFiling/Getfile.aspx?fileid=56226&shareable=true
T6R-e2ebd6a73e38e6fa,1060000119,4.k.t.3,exact,exact,4. Equipment / facility failure or damage,Recloser,Transmission,HFTD Tier 3,# ignitions,exact,,,,SDG&E does not currently track this driver,SDG&E,2024,1,v3.2,2,1,SDGE_2024_Q1_Tables1-15_R2.xlsx,Table 6,129,I129,https://efiling.energysafety.ca.gov/eFiling/Getfile.aspx?fileid=56226&shareable=true
T6R-cd01ac7f05d75b8d,1060000120,4.l.d.0,exact,exact,4. Equipment / facility failure or damage,Relay,Distribution,Non-HFTD,# ignitions,exact,,,,SDG&E does not currently track this driver,SDG&E,2024,1,v3.2,2,1,SDGE_2024_Q1_Tables1-15_R2.xlsx,Table 6,130,I130,https://efiling.energysafety.ca.gov/eFiling/Getfile.aspx?fileid=56226&shareable=true
T6R-1e3cf327c920c2d8,1060000121,4.l.d.2,exact,exact,4. Equipment / facility failure or damage,Relay,Distribution,HFTD Tier 2,# ignitions,exact,,,,SDG&E does not currently track this driver,SDG&E,2024,1,v3.2,2,1,SDGE_2024_Q1_Tables1-15_R2.xlsx,Table 6,131,I131,https://efiling.energysafety.ca.gov/eFiling/Getfile.aspx?fileid=56226&shareable=true
T6R-bfff48dfc7aaa3fa,1060000122,4.l.d.3,exact,exact,4. Equipment / facility failure or damage,Relay,Distribution,HFTD Tier 3,# ignitions,exact,,,,SDG&E does not currently track this driver,SDG&E,2024,1,v3.2,2,1,SDGE_2024_Q1_Tables1-15_R2.xlsx,Table 6,132,I132,https://efiling.energysafety.ca.gov/eFiling/Getfile.aspx?fileid=56226&shareable=true
T6R-86621a6a3f01fab9,1060000123,4.l.t.0,exact,exact,4. Equipment / facility failure or damage,Relay,Transmission,Non-HFTD,# ignitions,exact,,,,SDG&E does not currently track this driver,SDG&E,2024,1,v3.2,2,1,SDGE_2024_Q1_Tables1-15_R2.xlsx,Table 6,133,I133,https://efiling.energysafety.ca.gov/eFiling/Getfile.aspx?fileid=56226&shareable=true
T6R-20aa6584682c6ea7,1060000124,4.l.t.2,exact,exact,4. Equipment / facility failure or damage,Relay,Transmission,HFTD Tier 2,# ignitions,exact,,,,SDG&E does not currently track this driver,SDG&E,2024,1,v3.2,2,1,SDGE_2024_Q1_Tables1-15_R2.xlsx,Table 6,134,I134,https://efiling.energysafety.ca.gov/eFiling/Getfile.aspx?fileid=56226&shareable=true
T6R-1a1ded20abf0b869,1060000125,4.l.t.3,exact,exact,4. Equipment / facility failure or damage,Relay,Transmission,HFTD Tier 3,# ignitions,exact,,,,SDG&E does not currently track this driver,SDG&E,2024,1,v3.2,2,1,SDGE_2024_Q1_Tables1-15_R2.xlsx,Table 6,135,I135,https://efiling.energysafety.ca.gov/eFiling/Getfile.aspx?fileid=56226&shareable=true
T6R-b01726ef00033c47,1060000126,4.m.d.0,exact,exact,4. Equipment / facility failure or damage,Sectionalizer,Distribution,Non-HFTD,# ignitions,exact,,,,SDG&E does not currently track this driver,SDG&E,2024,1,v3.2,2,1,SDGE_2024_Q1_Tables1-15_R2.xlsx,Table 6,136,I136,https://efiling.energysafety.ca.gov/eFiling/Getfile.aspx?fileid=56226&shareable=true
T6R-2175526c3f573787,1060000127,4.m.d.2,exact,exact,4. Equipment / facility failure or damage,Sectionalizer,Distribution,HFTD Tier 2,# ignitions,exact,,,,SDG&E does not currently track this driver,SDG&E,2024,1,v3.2,2,1,SDGE_2024_Q1_Tables1-15_R2.xlsx,Table 6,137,I137,https://efiling.energysafety.ca.gov/eFiling/Getfile.aspx?fileid=56226&shareable=true
T6R-b6c31b2e08763bea,1060000128,4.m.d.3,exact,exact,4. Equipment / facility failure or damage,Sectionalizer,Distribution,HFTD Tier 3,# ignitions,exact,,,,SDG&E does not currently track this driver,SDG&E,2024,1,v3.2,2,1,SDGE_2024_Q1_Tables1-15_R2.xlsx,Table 6,138,I138,https://efiling.energysafety.ca.gov/eFiling/Getfile.aspx?fileid=56226&shareable=true
T6R-740a07692fc6ba76,1060000129,4.m.t.0,exact,exact,4. Equipment / facility failure or damage,Sectionalizer,Transmission,Non-HFTD,# ignitions,exact,,,,SDG&E does not currently track this driver,SDG&E,2024,1,v3.2,2,1,SDGE_2024_Q1_Tables1-15_R2.xlsx,Table 6,139,I139,https://efiling.energysafety.ca.gov/eFiling/Getfile.aspx?fileid=56226&shareable=true
T6R-d78c4ff78ffc8459,1060000130,4.m.t.2,exact,exact,4. Equipment / facility failure or damage,Sectionalizer,Transmission,HFTD Tier 2,# ignitions,exact,,,,SDG&E does not currently track this driver,SDG&E,2024,1,v3.2,2,1,SDGE_2024_Q1_Tables1-15_R2.xlsx,Table 6,140,I140,https://efiling.energysafety.ca.gov/eFiling/Getfile.aspx?fileid=56226&shareable=true
T6R-b587a77b8cdeb74e,1060000131,4.m.t.3,exact,exact,4. Equipment / facility failure or damage,Sectionalizer,Transmission,HFTD Tier 3,# ignitions,exact,,,,SDG&E does not currently track this driver,SDG&E,2024,1,v3.2,2,1,SDGE_2024_Q1_Tables1-15_R2.xlsx,Table 6,141,I141,https://efiling.energysafety.ca.gov/eFiling/Getfile.aspx?fileid=56226&shareable=true
T6R-568dad7990639077,1060000132,4.n.d.0,exact,exact,4. Equipment / facility failure or damage,Splice,Distribution,Non-HFTD,# ignitions,exact,,,,SDG&E tracks splice failure/damage under connection device,SDG&E,2024,1,v3.2,2,1,SDGE_2024_Q1_Tables1-15_R2.xlsx,Table 6,142,I142,https://efiling.energysafety.ca.gov/eFiling/Getfile.aspx?fileid=56226&shareable=true
T6R-f4feab36e7c0e750,1060000133,4.n.d.2,exact,exact,4. Equipment / facility failure or damage,Splice,Distribution,HFTD Tier 2,# ignitions,exact,,,,SDG&E tracks splice failure/damage under connection device,SDG&E,2024,1,v3.2,2,1,SDGE_2024_Q1_Tables1-15_R2.xlsx,Table 6,143,I143,https://efiling.energysafety.ca.gov/eFiling/Getfile.aspx?fileid=56226&shareable=true
T6R-dcd4feab2ecd8fd0,1060000134,4.n.d.3,exact,exact,4. Equipment / facility failure or damage,Splice,Distribution,HFTD Tier 3,# ignitions,exact,,,,SDG&E tracks splice failure/damage under connection device,SDG&E,2024,1,v3.2,2,1,SDGE_2024_Q1_Tables1-15_R2.xlsx,Table 6,144,I144,https://efiling.energysafety.ca.gov/eFiling/Getfile.aspx?fileid=56226&shareable=true
T6R-5947aa8db8e3181e,1060000135,4.n.t.0,exact,exact,4. Equipment / facility failure or damage,Splice,Transmission,Non-HFTD,# ignitions,exact,,,,SDG&E tracks splice failure/damage under connection device,SDG&E,2024,1,v3.2,2,1,SDGE_2024_Q1_Tables1-15_R2.xlsx,Table 6,145,I145,https://efiling.energysafety.ca.gov/eFiling/Getfile.aspx?fileid=56226&shareable=true
T6R-b6689c9a26d6ad55,1060000136,4.n.t.2,exact,exact,4. Equipment / facility failure or damage,Splice,Transmission,HFTD Tier 2,# ignitions,exact,,,,SDG&E tracks splice failure/damage under connection device,SDG&E,2024,1,v3.2,2,1,SDGE_2024_Q1_Tables1-15_R2.xlsx,Table 6,146,I146,https://efiling.energysafety.ca.gov/eFiling/Getfile.aspx?fileid=56226&shareable=true
T6R-202ef3e804672172,1060000137,4.n.t.3,exact,exact,4. Equipment / facility failure or damage,Splice,Transmission,HFTD Tier 3,# ignitions,exact,,,,SDG&E tracks splice failure/damage under connection device,SDG&E,2024,1,v3.2,2,1,SDGE_2024_Q1_Tables1-15_R2.xlsx,Table 6,147,I147,https://efiling.energysafety.ca.gov/eFiling/Getfile.aspx?fileid=56226&shareable=true
T6R-3d90eb1420eba113,1060000138,4.o.d.0,exact,exact,4. Equipment / facility failure or damage,Switch,Distribution,Non-HFTD,# ignitions,exact,,0,,,SDG&E,2024,1,v3.2,2,1,SDGE_2024_Q1_Tables1-15_R2.xlsx,Table 6,148,I148,https://efiling.energysafety.ca.gov/eFiling/Getfile.aspx?fileid=56226&shareable=true
T6R-1bff5e1d14560ece,1060000139,4.o.d.2,exact,exact,4. Equipment / facility failure or damage,Switch,Distribution,HFTD Tier 2,# ignitions,exact,,0,,,SDG&E,2024,1,v3.2,2,1,SDGE_2024_Q1_Tables1-15_R2.xlsx,Table 6,149,I149,https://efiling.energysafety.ca.gov/eFiling/Getfile.aspx?fileid=56226&shareable=true
T6R-bc641367329ad19b,1060000140,4.o.d.3,exact,exact,4. Equipment / facility failure or damage,Switch,Distribution,HFTD Tier 3,# ignitions,exact,,0,,,SDG&E,2024,1,v3.2,2,1,SDGE_2024_Q1_Tables1-15_R2.xlsx,Table 6,150,I150,https://efiling.energysafety.ca.gov/eFiling/Getfile.aspx?fileid=56226&shareable=true
T6R-cfe4358ea24820fd,1060000141,4.o.t.0,exact,exact,4. Equipment / facility failure or damage,Switch,Transmission,Non-HFTD,# ignitions,exact,,0,,,SDG&E,2024,1,v3.2,2,1,SDGE_2024_Q1_Tables1-15_R2.xlsx,Table 6,151,I151,https://efiling.energysafety.ca.gov/eFiling/Getfile.aspx?fileid=56226&shareable=true
T6R-fb57beff30baae2c,1060000142,4.o.t.2,exact,exact,4. Equipment / facility failure or damage,Switch,Transmission,HFTD Tier 2,# ignitions,exact,,0,,,SDG&E,2024,1,v3.2,2,1,SDGE_2024_Q1_Tables1-15_R2.xlsx,Table 6,152,I152,https://efiling.energysafety.ca.gov/eFiling/Getfile.aspx?fileid=56226&shareable=true
T6R-0a138e631bce4b6c,1060000143,4.o.t.3,exact,exact,4. Equipment / facility failure or damage,Switch,Transmission,HFTD Tier 3,# ignitions,exact,,0,,,SDG&E,2024,1,v3.2,2,1,SDGE_2024_Q1_Tables1-15_R2.xlsx,Table 6,153,I153,https://efiling.energysafety.ca.gov/eFiling/Getfile.aspx?fileid=56226&shareable=true
T6R-057da7281debe6c1,1060000144,4.p.d.0,exact,exact,4. Equipment / facility failure or damage,Tap,Distribution,Non-HFTD,# ignitions,exact,,,,SDG&E does not currently track this driver,SDG&E,2024,1,v3.2,2,1,SDGE_2024_Q1_Tables1-15_R2.xlsx,Table 6,154,I154,https://efiling.energysafety.ca.gov/eFiling/Getfile.aspx?fileid=56226&shareable=true
T6R-f432912962a870cf,1060000145,4.p.d.2,exact,exact,4. Equipment / facility failure or damage,Tap,Distribution,HFTD Tier 2,# ignitions,exact,,,,SDG&E does not currently track this driver,SDG&E,2024,1,v3.2,2,1,SDGE_2024_Q1_Tables1-15_R2.xlsx,Table 6,155,I155,https://efiling.energysafety.ca.gov/eFiling/Getfile.aspx?fileid=56226&shareable=true
T6R-584eaa18989e50ed,1060000146,4.p.d.3,exact,exact,4. Equipment / facility failure or damage,Tap,Distribution,HFTD Tier 3,# ignitions,exact,,,,SDG&E does not currently track this driver,SDG&E,2024,1,v3.2,2,1,SDGE_2024_Q1_Tables1-15_R2.xlsx,Table 6,156,I156,https://efiling.energysafety.ca.gov/eFiling/Getfile.aspx?fileid=56226&shareable=true
T6R-102c55a16c83ce2b,1060000147,4.p.t.0,exact,exact,4. Equipment / facility failure or damage,Tap,Transmission,Non-HFTD,# ignitions,exact,,,,SDG&E does not currently track this driver,SDG&E,2024,1,v3.2,2,1,SDGE_2024_Q1_Tables1-15_R2.xlsx,Table 6,157,I157,https://efiling.energysafety.ca.gov/eFiling/Getfile.aspx?fileid=56226&shareable=true
T6R-53d20615aeb79d1e,1060000148,4.p.t.2,exact,exact,4. Equipment / facility failure or damage,Tap,Transmission,HFTD Tier 2,# ignitions,exact,,,,SDG&E does not currently track this driver,SDG&E,2024,1,v3.2,2,1,SDGE_2024_Q1_Tables1-15_R2.xlsx,Table 6,158,I158,https://efiling.energysafety.ca.gov/eFiling/Getfile.aspx?fileid=56226&shareable=true
T6R-c6c76d1ea2543422,1060000149,4.p.t.3,exact,exact,4. Equipment / facility failure or damage,Tap,Transmission,HFTD Tier 3,# ignitions,exact,,,,SDG&E does not currently track this driver,SDG&E,2024,1,v3.2,2,1,SDGE_2024_Q1_Tables1-15_R2.xlsx,Table 6,159,I159,https://efiling.energysafety.ca.gov/eFiling/Getfile.aspx?fileid=56226&shareable=true
T6R-6eae7555cb225db2,1060000150,4.q.d.0,exact,exact,4. Equipment / facility failure or damage,Tie wire,Distribution,Non-HFTD,# ignitions,exact,,,,SDG&E does not currently track this driver,SDG&E,2024,1,v3.2,2,1,SDGE_2024_Q1_Tables1-15_R2.xlsx,Table 6,160,I160,https://efiling.energysafety.ca.gov/eFiling/Getfile.aspx?fileid=56226&shareable=true
T6R-f885740b3bb1fac6,1060000151,4.q.d.2,exact,exact,4. Equipment / facility failure or damage,Tie wire,Distribution,HFTD Tier 2,# ignitions,exact,,,,SDG&E does not currently track this driver,SDG&E,2024,1,v3.2,2,1,SDGE_2024_Q1_Tables1-15_R2.xlsx,Table 6,161,I161,https://efiling.energysafety.ca.gov/eFiling/Getfile.aspx?fileid=56226&shareable=true
T6R-ed41f379ae21c5a3,1060000152,4.q.d.3,exact,exact,4. Equipment / facility failure or damage,Tie wire,Distribution,HFTD Tier 3,# ignitions,exact,,,,SDG&E does not currently track this driver,SDG&E,2024,1,v3.2,2,1,SDGE_2024_Q1_Tables1-15_R2.xlsx,Table 6,162,I162,https://efiling.energysafety.ca.gov/eFiling/Getfile.aspx?fileid=56226&shareable=true
T6R-2106a48c9aaeb81f,1060000153,4.q.t.0,exact,exact,4. Equipment / facility failure or damage,Tie wire,Transmission,Non-HFTD,# ignitions,exact,,,,SDG&E does not currently track this driver,SDG&E,2024,1,v3.2,2,1,SDGE_2024_Q1_Tables1-15_R2.xlsx,Table 6,163,I163,https://efiling.energysafety.ca.gov/eFiling/Getfile.aspx?fileid=56226&shareable=true
T6R-5d6d42314774e45d,1060000154,4.q.t.2,exact,exact,4. Equipment / facility failure or damage,Tie wire,Transmission,HFTD Tier 2,# ignitions,exact,,,,SDG&E does not currently track this driver,SDG&E,2024,1,v3.2,2,1,SDGE_2024_Q1_Tables1-15_R2.xlsx,Table 6,164,I164,https://efiling.energysafety.ca.gov/eFiling/Getfile.aspx?fileid=56226&shareable=true
T6R-c0194cceb94baf83,1060000155,4.q.t.3,exact,exact,4. Equipment / facility failure or damage,Tie wire,Transmission,HFTD Tier 3,# ignitions,exact,,,,SDG&E does not currently track this driver,SDG&E,2024,1,v3.2,2,1,SDGE_2024_Q1_Tables1-15_R2.xlsx,Table 6,165,I165,https://efiling.energysafety.ca.gov/eFiling/Getfile.aspx?fileid=56226&shareable=true
T6R-731bbb9975b24a30,1060000156,4.r.d.0,exact,exact,4. Equipment / facility failure or damage,Transformer,Distribution,Non-HFTD,# ignitions,exact,,0,,,SDG&E,2024,1,v3.2,2,1,SDGE_2024_Q1_Tables1-15_R2.xlsx,Table 6,166,I166,https://efiling.energysafety.ca.gov/eFiling/Getfile.aspx?fileid=56226&shareable=true
T6R-76493af63db05e07,1060000157,4.r.d.2,exact,exact,4. Equipment / facility failure or damage,Transformer,Distribution,HFTD Tier 2,# ignitions,exact,,0,,,SDG&E,2024,1,v3.2,2,1,SDGE_2024_Q1_Tables1-15_R2.xlsx,Table 6,167,I167,https://efiling.energysafety.ca.gov/eFiling/Getfile.aspx?fileid=56226&shareable=true
T6R-9d2b6cdfc014fcd9,1060000158,4.r.d.3,exact,exact,4. Equipment / facility failure or damage,Transformer,Distribution,HFTD Tier 3,# ignitions,exact,,0,,,SDG&E,2024,1,v3.2,2,1,SDGE_2024_Q1_Tables1-15_R2.xlsx,Table 6,168,I168,https://efiling.energysafety.ca.gov/eFiling/Getfile.aspx?fileid=56226&shareable=true
T6R-eb395240391c7651,1060000159,4.r.t.0,exact,exact,4. Equipment / facility failure or damage,Transformer,Transmission,Non-HFTD,# ignitions,exact,,0,,,SDG&E,2024,1,v3.2,2,1,SDGE_2024_Q1_Tables1-15_R2.xlsx,Table 6,169,I169,https://efiling.energysafety.ca.gov/eFiling/Getfile.aspx?fileid=56226&shareable=true
T6R-3eb95204d465e78b,1060000160,4.r.t.2,exact,exact,4. Equipment / facility failure or damage,Transformer,Transmission,HFTD Tier 2,# ignitions,exact,,0,,,SDG&E,2024,1,v3.2,2,1,SDGE_2024_Q1_Tables1-15_R2.xlsx,Table 6,170,I170,https://efiling.energysafety.ca.gov/eFiling/Getfile.aspx?fileid=56226&shareable=true
T6R-e458e0ecdab57e2d,1060000161,4.r.t.3,exact,exact,4. Equipment / facility failure or damage,Transformer,Transmission,HFTD Tier 3,# ignitions,exact,,0,,,SDG&E,2024,1,v3.2,2,1,SDGE_2024_Q1_Tables1-15_R2.xlsx,Table 6,171,I171,https://efiling.energysafety.ca.gov/eFiling/Getfile.aspx?fileid=56226&shareable=true
T6R-1d67e8b088adaf1c,1060000162,4.s.d.0,exact,canonical_label_update,4. Equipment / facility failure or damage,Voltage regulator / booster,Distribution,Non-HFTD,# ignitions,exact,,,,SDG&E does not currently track this driver,SDG&E,2024,1,v3.2,2,1,SDGE_2024_Q1_Tables1-15_R2.xlsx,Table 6,172,I172,https://efiling.energysafety.ca.gov/eFiling/Getfile.aspx?fileid=56226&shareable=true
T6R-363468249065a678,1060000163,4.s.d.2,exact,canonical_label_update,4. Equipment / facility failure or damage,Voltage regulator / booster,Distribution,HFTD Tier 2,# ignitions,exact,,,,SDG&E does not currently track this driver,SDG&E,2024,1,v3.2,2,1,SDGE_2024_Q1_Tables1-15_R2.xlsx,Table 6,173,I173,https://efiling.energysafety.ca.gov/eFiling/Getfile.aspx?fileid=56226&shareable=true
T6R-8969b88204966c41,1060000164,4.s.d.3,exact,canonical_label_update,4. Equipment / facility failure or damage,Voltage regulator / booster,Distribution,HFTD Tier 3,# ignitions,exact,,,,SDG&E does not currently track this driver,SDG&E,2024,1,v3.2,2,1,SDGE_2024_Q1_Tables1-15_R2.xlsx,Table 6,174,I174,https://efiling.energysafety.ca.gov/eFiling/Getfile.aspx?fileid=56226&shareable=true
T6R-2a249053e8afd802,1060000165,4.s.t.0,exact,canonical_label_update,4. Equipment / facility failure or damage,Voltage regulator / booster,Transmission,Non-HFTD,# ignitions,exact,,,,SDG&E does not currently track this driver,SDG&E,2024,1,v3.2,2,1,SDGE_2024_Q1_Tables1-15_R2.xlsx,Table 6,175,I175,https://efiling.energysafety.ca.gov/eFiling/Getfile.aspx?fileid=56226&shareable=true
T6R-63bd13c202ff2afb,1060000166,4.s.t.2,exact,canonical_label_update,4. Equipment / facility failure or damage,Voltage regulator / booster,Transmission,HFTD Tier 2,# ignitions,exact,,,,SDG&E does not currently track this driver,SDG&E,2024,1,v3.2,2,1,SDGE_2024_Q1_Tables1-15_R2.xlsx,Table 6,176,I176,https://efiling.energysafety.ca.gov/eFiling/Getfile.aspx?fileid=56226&shareable=true
T6R-96ffc1a5404b90b8,1060000167,4.s.t.3,exact,canonical_label_update,4. Equipment / facility failure or damage,Voltage regulator / booster,Transmission,HFTD Tier 3,# ignitions,exact,,,,SDG&E does not currently track this driver,SDG&E,2024,1,v3.2,2,1,SDGE_2024_Q1_Tables1-15_R2.xlsx,Table 6,177,I177,https://efiling.energysafety.ca.gov/eFiling/Getfile.aspx?fileid=56226&shareable=true
T6R-1fb6896bd0b1664b,1060000168,4.t.d.0,exact,canonical_label_update,4. Equipment / facility failure or damage,Unknown (equipment failure),Distribution,Non-HFTD,# ignitions,exact,,,,SDG&E does not currently track this driver,SDG&E,2024,1,v3.2,2,1,SDGE_2024_Q1_Tables1-15_R2.xlsx,Table 6,178,I178,https://efiling.energysafety.ca.gov/eFiling/Getfile.aspx?fileid=56226&shareable=true
T6R-89e50d1011b14da0,1060000169,4.t.d.2,exact,canonical_label_update,4. Equipment / facility failure or damage,Unknown (equipment failure),Distribution,HFTD Tier 2,# ignitions,exact,,,,SDG&E does not currently track this driver,SDG&E,2024,1,v3.2,2,1,SDGE_2024_Q1_Tables1-15_R2.xlsx,Table 6,179,I179,https://efiling.energysafety.ca.gov/eFiling/Getfile.aspx?fileid=56226&shareable=true
T6R-a6aca84b5e76b969,1060000170,4.t.d.3,exact,canonical_label_update,4. Equipment / facility failure or damage,Unknown (equipment failure),Distribution,HFTD Tier 3,# ignitions,exact,,,,SDG&E does not currently track this driver,SDG&E,2024,1,v3.2,2,1,SDGE_2024_Q1_Tables1-15_R2.xlsx,Table 6,180,I180,https://efiling.energysafety.ca.gov/eFiling/Getfile.aspx?fileid=56226&shareable=true
T6R-2da0572a0f68745b,1060000171,4.t.t.0,exact,canonical_label_update,4. Equipment / facility failure or damage,Unknown (equipment failure),Transmission,Non-HFTD,# ignitions,exact,,,,SDG&E does not currently track this driver,SDG&E,2024,1,v3.2,2,1,SDGE_2024_Q1_Tables1-15_R2.xlsx,Table 6,181,I181,https://efiling.energysafety.ca.gov/eFiling/Getfile.aspx?fileid=56226&shareable=true
T6R-a2c72925c8b8e1ca,1060000172,4.t.t.2,exact,canonical_label_update,4. Equipment / facility failure or damage,Unknown (equipment failure),Transmission,HFTD Tier 2,# ignitions,exact,,,,SDG&E does not currently track this driver,SDG&E,2024,1,v3.2,2,1,SDGE_2024_Q1_Tables1-15_R2.xlsx,Table 6,182,I182,https://efiling.energysafety.ca.gov/eFiling/Getfile.aspx?fileid=56226&shareable=true
T6R-29b480cade8a8b35,1060000173,4.t.t.3,exact,canonical_label_update,4. Equipment / facility failure or damage,Unknown (equipment failure),Transmission,HFTD Tier 3,# ignitions,exact,,,,SDG&E does not currently track this driver,SDG&E,2024,1,v3.2,2,1,SDGE_2024_Q1_Tables1-15_R2.xlsx,Table 6,183,I183,https://efiling.energysafety.ca.gov/eFiling/Getfile.aspx?fileid=56226&shareable=true
T6R-4b5e0fbd00daa964,1060000174,4.u.d.0,exact,canonical_label_update,4. Equipment / facility failure or damage,Other (equipment failure),Distribution,Non-HFTD,# ignitions,exact,,0,,,SDG&E,2024,1,v3.2,2,1,SDGE_2024_Q1_Tables1-15_R2.xlsx,Table 6,184,I184,https://efiling.energysafety.ca.gov/eFiling/Getfile.aspx?fileid=56226&shareable=true
T6R-46229bcbd4d85d4d,1060000175,4.u.d.2,exact,canonical_label_update,4. Equipment / facility failure or damage,Other (equipment failure),Distribution,HFTD Tier 2,# ignitions,exact,,0,,,SDG&E,2024,1,v3.2,2,1,SDGE_2024_Q1_Tables1-15_R2.xlsx,Table 6,185,I185,https://efiling.energysafety.ca.gov/eFiling/Getfile.aspx?fileid=56226&shareable=true
T6R-09dab941a9daaf2a,1060000176,4.u.d.3,exact,canonical_label_update,4. Equipment / facility failure or damage,Other (equipment failure),Distribution,HFTD Tier 3,# ignitions,exact,,0,,,SDG&E,2024,1,v3.2,2,1,SDGE_2024_Q1_Tables1-15_R2.xlsx,Table 6,186,I186,https://efiling.energysafety.ca.gov/eFiling/Getfile.aspx?fileid=56226&shareable=true
T6R-b8e585d1cd0d9807,1060000177,4.u.t.0,exact,canonical_label_update,4. Equipment / facility failure or damage,Other (equipment failure),Transmission,Non-HFTD,# ignitions,exact,,0,,,SDG&E,2024,1,v3.2,2,1,SDGE_2024_Q1_Tables1-15_R2.xlsx,Table 6,187,I187,https://efiling.energysafety.ca.gov/eFiling/Getfile.aspx?fileid=56226&shareable=true
T6R-193b7ad5a820fc17,1060000178,4.u.t.2,exact,canonical_label_update,4. Equipment / facility failure or damage,Other (equipment failure),Transmission,HFTD Tier 2,# ignitions,exact,,0,,,SDG&E,2024,1,v3.2,2,1,SDGE_2024_Q1_Tables1-15_R2.xlsx,Table 6,188,I188,https://efiling.energysafety.ca.gov/eFiling/Getfile.aspx?fileid=56226&shareable=true
T6R-b0cea2a7cfc9da56,1060000179,4.u.t.3,exact,canonical_label_update,4. Equipment / facility failure or damage,Other (equipment failure),Transmission,HFTD Tier 3,# ignitions,exact,,0,,,SDG&E,2024,1,v3.2,2,1,SDGE_2024_Q1_Tables1-15_R2.xlsx,Table 6,189,I189,https://efiling.energysafety.ca.gov/eFiling/Getfile.aspx?fileid=56226&shareable=true
T6R-d4d295b85189988d,1060000180,5.a.d.0,exact,exact,5. Wire-to-wire contact,Wire-to-wire contact,Distribution,Non-HFTD,# ignitions,exact,,0,,,SDG&E,2024,1,v3.2,2,1,SDGE_2024_Q1_Tables1-15_R2.xlsx,Table 6,190,I190,https://efiling.energysafety.ca.gov/eFiling/Getfile.aspx?fileid=56226&shareable=true
T6R-07cd649a5f9ca72b,1060000181,5.a.d.2,exact,exact,5. Wire-to-wire contact,Wire-to-wire contact,Distribution,HFTD Tier 2,# ignitions,exact,,0,,,SDG&E,2024,1,v3.2,2,1,SDGE_2024_Q1_Tables1-15_R2.xlsx,Table 6,191,I191,https://efiling.energysafety.ca.gov/eFiling/Getfile.aspx?fileid=56226&shareable=true
T6R-ff3e4ba795af8d94,1060000182,5.a.d.3,exact,exact,5. Wire-to-wire contact,Wire-to-wire contact,Distribution,HFTD Tier 3,# ignitions,exact,,0,,,SDG&E,2024,1,v3.2,2,1,SDGE_2024_Q1_Tables1-15_R2.xlsx,Table 6,192,I192,https://efiling.energysafety.ca.gov/eFiling/Getfile.aspx?fileid=56226&shareable=true
T6R-a5ad747e1e247a55,1060000183,5.a.t.0,exact,exact,5. Wire-to-wire contact,Wire-to-wire contact,Transmission,Non-HFTD,# ignitions,exact,,0,,,SDG&E,2024,1,v3.2,2,1,SDGE_2024_Q1_Tables1-15_R2.xlsx,Table 6,193,I193,https://efiling.energysafety.ca.gov/eFiling/Getfile.aspx?fileid=56226&shareable=true
T6R-1ca417af962632cd,1060000184,5.a.t.2,exact,exact,5. Wire-to-wire contact,Wire-to-wire contact,Transmission,HFTD Tier 2,# ignitions,exact,,0,,,SDG&E,2024,1,v3.2,2,1,SDGE_2024_Q1_Tables1-15_R2.xlsx,Table 6,194,I194,https://efiling.energysafety.ca.gov/eFiling/Getfile.aspx?fileid=56226&shareable=true
T6R-52905b061283f2fb,1060000185,5.a.t.3,exact,exact,5. Wire-to-wire contact,Wire-to-wire contact,Transmission,HFTD Tier 3,# ignitions,exact,,0,,,SDG&E,2024,1,v3.2,2,1,SDGE_2024_Q1_Tables1-15_R2.xlsx,Table 6,195,I195,https://efiling.energysafety.ca.gov/eFiling/Getfile.aspx?fileid=56226&shareable=true
T6R-2f6e2ce10e590010,1060000186,6.a.d.0,exact,exact,6. Contamination,Contamination,Distribution,Non-HFTD,# ignitions,exact,,,,SDG&E does not currently track this driver,SDG&E,2024,1,v3.2,2,1,SDGE_2024_Q1_Tables1-15_R2.xlsx,Table 6,196,I196,https://efiling.energysafety.ca.gov/eFiling/Getfile.aspx?fileid=56226&shareable=true
T6R-a3c1936a662c9d20,1060000187,6.a.d.2,exact,exact,6. Contamination,Contamination,Distribution,HFTD Tier 2,# ignitions,exact,,,,SDG&E does not currently track this driver,SDG&E,2024,1,v3.2,2,1,SDGE_2024_Q1_Tables1-15_R2.xlsx,Table 6,197,I197,https://efiling.energysafety.ca.gov/eFiling/Getfile.aspx?fileid=56226&shareable=true
T6R-17e264a300359e1e,1060000188,6.a.d.3,exact,exact,6. Contamination,Contamination,Distribution,HFTD Tier 3,# ignitions,exact,,,,SDG&E does not currently track this driver,SDG&E,2024,1,v3.2,2,1,SDGE_2024_Q1_Tables1-15_R2.xlsx,Table 6,198,I198,https://efiling.energysafety.ca.gov/eFiling/Getfile.aspx?fileid=56226&shareable=true
T6R-eadcf6a8ca3e5178,1060000189,6.a.t.0,exact,exact,6. Contamination,Contamination,Transmission,Non-HFTD,# ignitions,exact,,,,SDG&E does not currently track this driver,SDG&E,2024,1,v3.2,2,1,SDGE_2024_Q1_Tables1-15_R2.xlsx,Table 6,199,I199,https://efiling.energysafety.ca.gov/eFiling/Getfile.aspx?fileid=56226&shareable=true
T6R-913b5317d9463912,1060000190,6.a.t.2,exact,exact,6. Contamination,Contamination,Transmission,HFTD Tier 2,# ignitions,exact,,,,SDG&E does not currently track this driver,SDG&E,2024,1,v3.2,2,1,SDGE_2024_Q1_Tables1-15_R2.xlsx,Table 6,200,I200,https://efiling.energysafety.ca.gov/eFiling/Getfile.aspx?fileid=56226&shareable=true
T6R-a0a36fd7f05b1166,1060000191,6.a.t.3,exact,exact,6. Contamination,Contamination,Transmission,HFTD Tier 3,# ignitions,exact,,,,SDG&E does not currently track this driver,SDG&E,2024,1,v3.2,2,1,SDGE_2024_Q1_Tables1-15_R2.xlsx,Table 6,201,I201,https://efiling.energysafety.ca.gov/eFiling/Getfile.aspx?fileid=56226&shareable=true
T6R-5ca0f71c820c89f2,1060000192,7.a.d.0,exact,exact,7. Protective device operation,Protective device operation,Distribution,Non-HFTD,# ignitions,exact,,,,SDG&E does not currently track this driver,SDG&E,2024,1,v3.2,2,1,SDGE_2024_Q1_Tables1-15_R2.xlsx,Table 6,202,I202,https://efiling.energysafety.ca.gov/eFiling/Getfile.aspx?fileid=56226&shareable=true
T6R-ad0a4e6995fc705b,1060000193,7.a.d.2,exact,exact,7. Protective device operation,Protective device operation,Distribution,HFTD Tier 2,# ignitions,exact,,,,SDG&E does not currently track this driver,SDG&E,2024,1,v3.2,2,1,SDGE_2024_Q1_Tables1-15_R2.xlsx,Table 6,203,I203,https://efiling.energysafety.ca.gov/eFiling/Getfile.aspx?fileid=56226&shareable=true
T6R-8a8b9be5b9083f88,1060000194,7.a.d.3,exact,exact,7. Protective device operation,Protective device operation,Distribution,HFTD Tier 3,# ignitions,exact,,,,SDG&E does not currently track this driver,SDG&E,2024,1,v3.2,2,1,SDGE_2024_Q1_Tables1-15_R2.xlsx,Table 6,204,I204,https://efiling.energysafety.ca.gov/eFiling/Getfile.aspx?fileid=56226&shareable=true
T6R-bab14a0c5ceb2acf,1060000195,7.a.t.0,exact,exact,7. Protective device operation,Protective device operation,Transmission,Non-HFTD,# ignitions,exact,,,,SDG&E does not currently track this driver,SDG&E,2024,1,v3.2,2,1,SDGE_2024_Q1_Tables1-15_R2.xlsx,Table 6,205,I205,https://efiling.energysafety.ca.gov/eFiling/Getfile.aspx?fileid=56226&shareable=true
T6R-f377a0fe3cbba164,1060000196,7.a.t.2,exact,exact,7. Protective device operation,Protective device operation,Transmission,HFTD Tier 2,# ignitions,exact,,,,SDG&E does not currently track this driver,SDG&E,2024,1,v3.2,2,1,SDGE_2024_Q1_Tables1-15_R2.xlsx,Table 6,206,I206,https://efiling.energysafety.ca.gov/eFiling/Getfile.aspx?fileid=56226&shareable=true
T6R-b21c49dee1f44208,1060000197,7.a.t.3,exact,exact,7. Protective device operation,Protective device operation,Transmission,HFTD Tier 3,# ignitions,exact,,,,SDG&E does not currently track this driver,SDG&E,2024,1,v3.2,2,1,SDGE_2024_Q1_Tables1-15_R2.xlsx,Table 6,207,I207,https://efiling.energysafety.ca.gov/eFiling/Getfile.aspx?fileid=56226&shareable=true
T6R-b8b03dc6b73f87ac,1060000198,8.a.d.0,exact,canonical_label_update,8. Vandalism / theft,Vandalism / theft,Distribution,Non-HFTD,# ignitions,exact,,0,,,SDG&E,2024,1,v3.2,2,1,SDGE_2024_Q1_Tables1-15_R2.xlsx,Table 6,208,I208,https://efiling.energysafety.ca.gov/eFiling/Getfile.aspx?fileid=56226&shareable=true
T6R-ee01794633c72a29,1060000199,8.a.d.2,exact,canonical_label_update,8. Vandalism / theft,Vandalism / theft,Distribution,HFTD Tier 2,# ignitions,exact,,0,,,SDG&E,2024,1,v3.2,2,1,SDGE_2024_Q1_Tables1-15_R2.xlsx,Table 6,209,I209,https://efiling.energysafety.ca.gov/eFiling/Getfile.aspx?fileid=56226&shareable=true
T6R-2a1c73affcf512b8,1060000200,8.a.d.3,exact,canonical_label_update,8. Vandalism / theft,Vandalism / theft,Distribution,HFTD Tier 3,# ignitions,exact,,0,,,SDG&E,2024,1,v3.2,2,1,SDGE_2024_Q1_Tables1-15_R2.xlsx,Table 6,210,I210,https://efiling.energysafety.ca.gov/eFiling/Getfile.aspx?fileid=56226&shareable=true
T6R-d16de8de154c8f87,1060000201,8.a.t.0,exact,canonical_label_update,8. Vandalism / theft,Vandalism / theft,Transmission,Non-HFTD,# ignitions,exact,,0,,,SDG&E,2024,1,v3.2,2,1,SDGE_2024_Q1_Tables1-15_R2.xlsx,Table 6,211,I211,https://efiling.energysafety.ca.gov/eFiling/Getfile.aspx?fileid=56226&shareable=true
T6R-9330f7ce972cf8d1,1060000202,8.a.t.2,exact,canonical_label_update,8. Vandalism / theft,Vandalism / theft,Transmission,HFTD Tier 2,# ignitions,exact,,0,,,SDG&E,2024,1,v3.2,2,1,SDGE_2024_Q1_Tables1-15_R2.xlsx,Table 6,212,I212,https://efiling.energysafety.ca.gov/eFiling/Getfile.aspx?fileid=56226&shareable=true
T6R-3597de7a1a480534,1060000203,8.a.t.3,exact,canonical_label_update,8. Vandalism / theft,Vandalism / theft,Transmission,HFTD Tier 3,# ignitions,exact,,0,,,SDG&E,2024,1,v3.2,2,1,SDGE_2024_Q1_Tables1-15_R2.xlsx,Table 6,213,I213,https://efiling.energysafety.ca.gov/eFiling/Getfile.aspx?fileid=56226&shareable=true
T6R-a301b7f8832a1cd7,1060000204,9.a.d.0,exact,exact,9. Lightning,Lightning,Distribution,Non-HFTD,# ignitions,exact,,,,SDG&E did not track this driver historically but can implement for future ignitions,SDG&E,2024,1,v3.2,2,1,SDGE_2024_Q1_Tables1-15_R2.xlsx,Table 6,214,I214,https://efiling.energysafety.ca.gov/eFiling/Getfile.aspx?fileid=56226&shareable=true
T6R-3b8cc0d54a9edaaa,1060000205,9.a.d.2,exact,exact,9. Lightning,Lightning,Distribution,HFTD Tier 2,# ignitions,exact,,,,SDG&E did not track this driver historically but can implement for future ignitions,SDG&E,2024,1,v3.2,2,1,SDGE_2024_Q1_Tables1-15_R2.xlsx,Table 6,215,I215,https://efiling.energysafety.ca.gov/eFiling/Getfile.aspx?fileid=56226&shareable=true
T6R-5bc85f577535d318,1060000206,9.a.d.3,exact,exact,9. Lightning,Lightning,Distribution,HFTD Tier 3,# ignitions,exact,,,,SDG&E did not track this driver historically but can implement for future ignitions,SDG&E,2024,1,v3.2,2,1,SDGE_2024_Q1_Tables1-15_R2.xlsx,Table 6,216,I216,https://efiling.energysafety.ca.gov/eFiling/Getfile.aspx?fileid=56226&shareable=true
T6R-7dcc04c4f9cc1ec7,1060000207,9.a.t.0,exact,exact,9. Lightning,Lightning,Transmission,Non-HFTD,# ignitions,exact,,,,SDG&E did not track this driver historically but can implement for future ignitions,SDG&E,2024,1,v3.2,2,1,SDGE_2024_Q1_Tables1-15_R2.xlsx,Table 6,217,I217,https://efiling.energysafety.ca.gov/eFiling/Getfile.aspx?fileid=56226&shareable=true
T6R-7abd5b4c9bf592c5,1060000208,9.a.t.2,exact,exact,9. Lightning,Lightning,Transmission,HFTD Tier 2,# ignitions,exact,,,,SDG&E did not track this driver historically but can implement for future ignitions,SDG&E,2024,1,v3.2,2,1,SDGE_2024_Q1_Tables1-15_R2.xlsx,Table 6,218,I218,https://efiling.energysafety.ca.gov/eFiling/Getfile.aspx?fileid=56226&shareable=true
T6R-698e445e8b9c9eb3,1060000209,9.a.t.3,exact,exact,9. Lightning,Lightning,Transmission,HFTD Tier 3,# ignitions,exact,,,,SDG&E did not track this driver historically but can implement for future ignitions,SDG&E,2024,1,v3.2,2,1,SDGE_2024_Q1_Tables1-15_R2.xlsx,Table 6,219,I219,https://efiling.energysafety.ca.gov/eFiling/Getfile.aspx?fileid=56226&shareable=true
T6R-73da727858dea405,1060000210,10.a.d.0,exact,canonical_label_update,10. Unknown,Unknown (unknown),Distribution,Non-HFTD,# ignitions,exact,,0,,,SDG&E,2024,1,v3.2,2,1,SDGE_2024_Q1_Tables1-15_R2.xlsx,Table 6,220,I220,https://efiling.energysafety.ca.gov/eFiling/Getfile.aspx?fileid=56226&shareable=true
T6R-6cbdda048ee7945d,1060000211,10.a.d.2,exact,canonical_label_update,10. Unknown,Unknown (unknown),Distribution,HFTD Tier 2,# ignitions,exact,,0,,,SDG&E,2024,1,v3.2,2,1,SDGE_2024_Q1_Tables1-15_R2.xlsx,Table 6,221,I221,https://efiling.energysafety.ca.gov/eFiling/Getfile.aspx?fileid=56226&shareable=true
T6R-5f9298d958c3cf7e,1060000212,10.a.d.3,exact,canonical_label_update,10. Unknown,Unknown (unknown),Distribution,HFTD Tier 3,# ignitions,exact,,0,,,SDG&E,2024,1,v3.2,2,1,SDGE_2024_Q1_Tables1-15_R2.xlsx,Table 6,222,I222,https://efiling.energysafety.ca.gov/eFiling/Getfile.aspx?fileid=56226&shareable=true
T6R-64afd40ff1aa313d,1060000213,10.a.t.0,exact,canonical_label_update,10. Unknown,Unknown (unknown),Transmission,Non-HFTD,# ignitions,exact,,0,,,SDG&E,2024,1,v3.2,2,1,SDGE_2024_Q1_Tables1-15_R2.xlsx,Table 6,223,I223,https://efiling.energysafety.ca.gov/eFiling/Getfile.aspx?fileid=56226&shareable=true
T6R-9f6334eb8cc09fc2,1060000214,10.a.t.2,exact,canonical_label_update,10. Unknown,Unknown (unknown),Transmission,HFTD Tier 2,# ignitions,exact,,0,,,SDG&E,2024,1,v3.2,2,1,SDGE_2024_Q1_Tables1-15_R2.xlsx,Table 6,224,I224,https://efiling.energysafety.ca.gov/eFiling/Getfile.aspx?fileid=56226&shareable=true
T6R-534c7efffd21c527,1060000215,10.a.t.3,exact,canonical_label_update,10. Unknown,Unknown (unknown),Transmission,HFTD Tier 3,# ignitions,exact,,0,,,SDG&E,2024,1,v3.2,2,1,SDGE_2024_Q1_Tables1-15_R2.xlsx,Table 6,225,I225,https://efiling.energysafety.ca.gov/eFiling/Getfile.aspx?fileid=56226&shareable=true
T6R-44e2066bf3bbee9b,1060000216,11.a.d.0,exact,canonical_label_update,11. Other,Other (other),Distribution,Non-HFTD,# ignitions,exact,,0,,,SDG&E,2024,1,v3.2,2,1,SDGE_2024_Q1_Tables1-15_R2.xlsx,Table 6,226,I226,https://efiling.energysafety.ca.gov/eFiling/Getfile.aspx?fileid=56226&shareable=true
T6R-eb3ae01f3d26641a,1060000217,11.a.d.2,exact,canonical_label_update,11. Other,Other (other),Distribution,HFTD Tier 2,# ignitions,exact,,0,,,SDG&E,2024,1,v3.2,2,1,SDGE_2024_Q1_Tables1-15_R2.xlsx,Table 6,227,I227,https://efiling.energysafety.ca.gov/eFiling/Getfile.aspx?fileid=56226&shareable=true
T6R-ef339c3aa0a817f8,1060000218,11.a.d.3,exact,canonical_label_update,11. Other,Other (other),Distribution,HFTD Tier 3,# ignitions,exact,,0,,,SDG&E,2024,1,v3.2,2,1,SDGE_2024_Q1_Tables1-15_R2.xlsx,Table 6,228,I228,https://efiling.energysafety.ca.gov/eFiling/Getfile.aspx?fileid=56226&shareable=true
T6R-c6f13dc4d7d8caaa,1060000219,11.a.t.0,exact,canonical_label_update,11. Other,Other (other),Transmission,Non-HFTD,# ignitions,exact,,0,,,SDG&E,2024,1,v3.2,2,1,SDGE_2024_Q1_Tables1-15_R2.xlsx,Table 6,229,I229,https://efiling.energysafety.ca.gov/eFiling/Getfile.aspx?fileid=56226&shareable=true
T6R-0d34bcd10d263841,1060000220,11.a.t.2,exact,canonical_label_update,11. Other,Other (other),Transmission,HFTD Tier 2,# ignitions,exact,,0,,,SDG&E,2024,1,v3.2,2,1,SDGE_2024_Q1_Tables1-15_R2.xlsx,Table 6,230,I230,https://efiling.energysafety.ca.gov/eFiling/Getfile.aspx?fileid=56226&shareable=true
T6R-6337e930ca2defec,1060000221,11.a.t.3,exact,canonical_label_update,11. Other,Other (other),Transmission,HFTD Tier 3,# ignitions,exact,,0,,,SDG&E,2024,1,v3.2,2,1,SDGE_2024_Q1_Tables1-15_R2.xlsx,Table 6,231,I231,https://efiling.energysafety.ca.gov/eFiling/Getfile.aspx?fileid=56226&shareable=true
T6R-a8fce0a4708bfb19,1060000000,1.a.d.0,exact,exact,1. Dig-in,Dig-in,Distribution,Non-HFTD,# ignitions,exact,,,2023 Projection will remain the same as submitted in the 2023 Base WMP,SDG&E does not consider this driver as a risk event - see comments in QDR cover letter,SDG&E,2024,2,v3.2,1,2,SDGE_2024_Q2_Tables1-15_R1.xlsx,Table 6,10,I10,https://efiling.energysafety.ca.gov/eFiling/Getfile.aspx?fileid=56226&shareable=true
T6R-3818a457677b35fb,1060000001,1.a.d.2,exact,exact,1. Dig-in,Dig-in,Distribution,HFTD Tier 2,# ignitions,exact,,,,SDG&E does not consider this driver as a risk event - see comments in QDR cover letter,SDG&E,2024,2,v3.2,1,2,SDGE_2024_Q2_Tables1-15_R1.xlsx,Table 6,11,I11,https://efiling.energysafety.ca.gov/eFiling/Getfile.aspx?fileid=56226&shareable=true
T6R-a029a7e72fcd6941,1060000002,1.a.d.3,exact,exact,1. Dig-in,Dig-in,Distribution,HFTD Tier 3,# ignitions,exact,,,,SDG&E does not consider this driver as a risk event - see comments in QDR cover letter,SDG&E,2024,2,v3.2,1,2,SDGE_2024_Q2_Tables1-15_R1.xlsx,Table 6,12,I12,https://efiling.energysafety.ca.gov/eFiling/Getfile.aspx?fileid=56226&shareable=true
T6R-225155daa1281589,1060000003,1.a.t.0,exact,exact,1. Dig-in,Dig-in,Transmission,Non-HFTD,# ignitions,exact,,,,SDG&E does not consider this driver as a risk event - see comments in QDR cover letter,SDG&E,2024,2,v3.2,1,2,SDGE_2024_Q2_Tables1-15_R1.xlsx,Table 6,13,I13,https://efiling.energysafety.ca.gov/eFiling/Getfile.aspx?fileid=56226&shareable=true
T6R-9a91832fe8fc9694,1060000004,1.a.t.2,exact,exact,1. Dig-in,Dig-in,Transmission,HFTD Tier 2,# ignitions,exact,,,,SDG&E does not consider this driver as a risk event - see comments in QDR cover letter,SDG&E,2024,2,v3.2,1,2,SDGE_2024_Q2_Tables1-15_R1.xlsx,Table 6,14,I14,https://efiling.energysafety.ca.gov/eFiling/Getfile.aspx?fileid=56226&shareable=true
T6R-f6d19ea6fa21705c,1060000005,1.a.t.3,exact,exact,1. Dig-in,Dig-in,Transmission,HFTD Tier 3,# ignitions,exact,,,,SDG&E does not consider this driver as a risk event - see comments in QDR cover letter,SDG&E,2024,2,v3.2,1,2,SDGE_2024_Q2_Tables1-15_R1.xlsx,Table 6,15,I15,https://efiling.energysafety.ca.gov/eFiling/Getfile.aspx?fileid=56226&shareable=true
T6R-e0207bef3cb5efed,1060000006,2.a.d.0,exact,exact,2. Contact from object,Animal contact,Distribution,Non-HFTD,# ignitions,exact,,0,,,SDG&E,2024,2,v3.2,1,2,SDGE_2024_Q2_Tables1-15_R1.xlsx,Table 6,16,I16,https://efiling.energysafety.ca.gov/eFiling/Getfile.aspx?fileid=56226&shareable=true
T6R-74fc16d2ccae25c0,1060000007,2.a.d.2,exact,exact,2. Contact from object,Animal contact,Distribution,HFTD Tier 2,# ignitions,exact,,0,,,SDG&E,2024,2,v3.2,1,2,SDGE_2024_Q2_Tables1-15_R1.xlsx,Table 6,17,I17,https://efiling.energysafety.ca.gov/eFiling/Getfile.aspx?fileid=56226&shareable=true
T6R-df6254f62ecca78a,1060000008,2.a.d.3,exact,exact,2. Contact from object,Animal contact,Distribution,HFTD Tier 3,# ignitions,exact,,0,,,SDG&E,2024,2,v3.2,1,2,SDGE_2024_Q2_Tables1-15_R1.xlsx,Table 6,18,I18,https://efiling.energysafety.ca.gov/eFiling/Getfile.aspx?fileid=56226&shareable=true
T6R-27f553e6292cd555,1060000009,2.a.t.0,exact,exact,2. Contact from object,Animal contact,Transmission,Non-HFTD,# ignitions,exact,,0,,,SDG&E,2024,2,v3.2,1,2,SDGE_2024_Q2_Tables1-15_R1.xlsx,Table 6,19,I19,https://efiling.energysafety.ca.gov/eFiling/Getfile.aspx?fileid=56226&shareable=true
T6R-77057b638782884e,1060000010,2.a.t.2,exact,exact,2. Contact from object,Animal contact,Transmission,HFTD Tier 2,# ignitions,exact,,1,,,SDG&E,2024,2,v3.2,1,2,SDGE_2024_Q2_Tables1-15_R1.xlsx,Table 6,20,I20,https://efiling.energysafety.ca.gov/eFiling/Getfile.aspx?fileid=56226&shareable=true
T6R-4290615079548eca,1060000011,2.a.t.3,exact,exact,2. Contact from object,Animal contact,Transmission,HFTD Tier 3,# ignitions,exact,,0,,,SDG&E,2024,2,v3.2,1,2,SDGE_2024_Q2_Tables1-15_R1.xlsx,Table 6,21,I21,https://efiling.energysafety.ca.gov/eFiling/Getfile.aspx?fileid=56226&shareable=true
T6R-f082ea49f7c829be,1060000012,2.b.d.0,exact,exact,2. Contact from object,Balloon contact,Distribution,Non-HFTD,# ignitions,exact,,1,,,SDG&E,2024,2,v3.2,1,2,SDGE_2024_Q2_Tables1-15_R1.xlsx,Table 6,22,I22,https://efiling.energysafety.ca.gov/eFiling/Getfile.aspx?fileid=56226&shareable=true
T6R-380d3ce5234186ac,1060000013,2.b.d.2,exact,exact,2. Contact from object,Balloon contact,Distribution,HFTD Tier 2,# ignitions,exact,,0,,,SDG&E,2024,2,v3.2,1,2,SDGE_2024_Q2_Tables1-15_R1.xlsx,Table 6,23,I23,https://efiling.energysafety.ca.gov/eFiling/Getfile.aspx?fileid=56226&shareable=true
T6R-7747ff806a600124,1060000014,2.b.d.3,exact,exact,2. Contact from object,Balloon contact,Distribution,HFTD Tier 3,# ignitions,exact,,0,,,SDG&E,2024,2,v3.2,1,2,SDGE_2024_Q2_Tables1-15_R1.xlsx,Table 6,24,I24,https://efiling.energysafety.ca.gov/eFiling/Getfile.aspx?fileid=56226&shareable=true
T6R-2ea90c9c95059887,1060000015,2.b.t.0,exact,exact,2. Contact from object,Balloon contact,Transmission,Non-HFTD,# ignitions,exact,,0,,,SDG&E,2024,2,v3.2,1,2,SDGE_2024_Q2_Tables1-15_R1.xlsx,Table 6,25,I25,https://efiling.energysafety.ca.gov/eFiling/Getfile.aspx?fileid=56226&shareable=true
T6R-970b7277e8336380,1060000016,2.b.t.2,exact,exact,2. Contact from object,Balloon contact,Transmission,HFTD Tier 2,# ignitions,exact,,0,,,SDG&E,2024,2,v3.2,1,2,SDGE_2024_Q2_Tables1-15_R1.xlsx,Table 6,26,I26,https://efiling.energysafety.ca.gov/eFiling/Getfile.aspx?fileid=56226&shareable=true
T6R-c2934e3c2742df84,1060000017,2.b.t.3,exact,exact,2. Contact from object,Balloon contact,Transmission,HFTD Tier 3,# ignitions,exact,,0,,,SDG&E,2024,2,v3.2,1,2,SDGE_2024_Q2_Tables1-15_R1.xlsx,Table 6,27,I27,https://efiling.energysafety.ca.gov/eFiling/Getfile.aspx?fileid=56226&shareable=true
T6R-712452a366bfb162,1060000018,2.c.d.0,exact,exact,2. Contact from object,Land vehicle contact,Distribution,Non-HFTD,# ignitions,exact,,2,,,SDG&E,2024,2,v3.2,1,2,SDGE_2024_Q2_Tables1-15_R1.xlsx,Table 6,28,I28,https://efiling.energysafety.ca.gov/eFiling/Getfile.aspx?fileid=56226&shareable=true
T6R-481672c611733842,1060000019,2.c.d.2,exact,exact,2. Contact from object,Land vehicle contact,Distribution,HFTD Tier 2,# ignitions,exact,,0,,,SDG&E,2024,2,v3.2,1,2,SDGE_2024_Q2_Tables1-15_R1.xlsx,Table 6,29,I29,https://efiling.energysafety.ca.gov/eFiling/Getfile.aspx?fileid=56226&shareable=true
T6R-7b90e1d9807eb6b2,1060000020,2.c.d.3,exact,exact,2. Contact from object,Land vehicle contact,Distribution,HFTD Tier 3,# ignitions,exact,,0,,,SDG&E,2024,2,v3.2,1,2,SDGE_2024_Q2_Tables1-15_R1.xlsx,Table 6,30,I30,https://efiling.energysafety.ca.gov/eFiling/Getfile.aspx?fileid=56226&shareable=true
T6R-6b48b93ca3cbb0af,1060000021,2.c.t.0,exact,exact,2. Contact from object,Land vehicle contact,Transmission,Non-HFTD,# ignitions,exact,,0,,,SDG&E,2024,2,v3.2,1,2,SDGE_2024_Q2_Tables1-15_R1.xlsx,Table 6,31,I31,https://efiling.energysafety.ca.gov/eFiling/Getfile.aspx?fileid=56226&shareable=true
T6R-d9b6fa605a3e1e98,1060000022,2.c.t.2,exact,exact,2. Contact from object,Land vehicle contact,Transmission,HFTD Tier 2,# ignitions,exact,,0,,,SDG&E,2024,2,v3.2,1,2,SDGE_2024_Q2_Tables1-15_R1.xlsx,Table 6,32,I32,https://efiling.energysafety.ca.gov/eFiling/Getfile.aspx?fileid=56226&shareable=true
T6R-e7d21ba83267df87,1060000023,2.c.t.3,exact,exact,2. Contact from object,Land vehicle contact,Transmission,HFTD Tier 3,# ignitions,exact,,0,,,SDG&E,2024,2,v3.2,1,2,SDGE_2024_Q2_Tables1-15_R1.xlsx,Table 6,33,I33,https://efiling.energysafety.ca.gov/eFiling/Getfile.aspx?fileid=56226&shareable=true
T6R-0b911d92b1a2d740,1060000024,2.d.d.0,exact,exact,2. Contact from object,Aircraft vehicle contact,Distribution,Non-HFTD,# ignitions,exact,,,,SDG&E did not track this driver historically but can implement for future ignitions,SDG&E,2024,2,v3.2,1,2,SDGE_2024_Q2_Tables1-15_R1.xlsx,Table 6,34,I34,https://efiling.energysafety.ca.gov/eFiling/Getfile.aspx?fileid=56226&shareable=true
T6R-1e2e4310582ac743,1060000025,2.d.d.2,exact,exact,2. Contact from object,Aircraft vehicle contact,Distribution,HFTD Tier 2,# ignitions,exact,,,,SDG&E did not track this driver historically but can implement for future ignitions,SDG&E,2024,2,v3.2,1,2,SDGE_2024_Q2_Tables1-15_R1.xlsx,Table 6,35,I35,https://efiling.energysafety.ca.gov/eFiling/Getfile.aspx?fileid=56226&shareable=true
T6R-2b8208925bfd8c8e,1060000026,2.d.d.3,exact,exact,2. Contact from object,Aircraft vehicle contact,Distribution,HFTD Tier 3,# ignitions,exact,,,,SDG&E did not track this driver historically but can implement for future ignitions,SDG&E,2024,2,v3.2,1,2,SDGE_2024_Q2_Tables1-15_R1.xlsx,Table 6,36,I36,https://efiling.energysafety.ca.gov/eFiling/Getfile.aspx?fileid=56226&shareable=true
T6R-057a6faff0474b87,1060000027,2.d.t.0,exact,exact,2. Contact from object,Aircraft vehicle contact,Transmission,Non-HFTD,# ignitions,exact,,,,SDG&E did not track this driver historically but can implement for future ignitions,SDG&E,2024,2,v3.2,1,2,SDGE_2024_Q2_Tables1-15_R1.xlsx,Table 6,37,I37,https://efiling.energysafety.ca.gov/eFiling/Getfile.aspx?fileid=56226&shareable=true
T6R-aa2f9a774a77d68d,1060000028,2.d.t.2,exact,exact,2. Contact from object,Aircraft vehicle contact,Transmission,HFTD Tier 2,# ignitions,exact,,,,SDG&E did not track this driver historically but can implement for future ignitions,SDG&E,2024,2,v3.2,1,2,SDGE_2024_Q2_Tables1-15_R1.xlsx,Table 6,38,I38,https://efiling.energysafety.ca.gov/eFiling/Getfile.aspx?fileid=56226&shareable=true
T6R-6ac1450b618319d1,1060000029,2.d.t.3,exact,exact,2. Contact from object,Aircraft vehicle contact,Transmission,HFTD Tier 3,# ignitions,exact,,,,SDG&E did not track this driver historically but can implement for future ignitions,SDG&E,2024,2,v3.2,1,2,SDGE_2024_Q2_Tables1-15_R1.xlsx,Table 6,39,I39,https://efiling.energysafety.ca.gov/eFiling/Getfile.aspx?fileid=56226&shareable=true
T6R-352dad955afe76af,1060000030,2.e.d.0,exact,exact,2. Contact from object,3rd party facility,Distribution,Non-HFTD,# ignitions,exact,,,,"SDGE includes this metric in #11 ""Other""",SDG&E,2024,2,v3.2,1,2,SDGE_2024_Q2_Tables1-15_R1.xlsx,Table 6,40,I40,https://efiling.energysafety.ca.gov/eFiling/Getfile.aspx?fileid=56226&shareable=true
T6R-8b9a7f2c712888de,1060000031,2.e.d.2,exact,exact,2. Contact from object,3rd party facility,Distribution,HFTD Tier 2,# ignitions,exact,,,,"SDGE includes this metric in #11 ""Other""",SDG&E,2024,2,v3.2,1,2,SDGE_2024_Q2_Tables1-15_R1.xlsx,Table 6,41,I41,https://efiling.energysafety.ca.gov/eFiling/Getfile.aspx?fileid=56226&shareable=true
T6R-59c80bc8b73be835,1060000032,2.e.d.3,exact,exact,2. Contact from object,3rd party facility,Distribution,HFTD Tier 3,# ignitions,exact,,,,"SDGE includes this metric in #11 ""Other""",SDG&E,2024,2,v3.2,1,2,SDGE_2024_Q2_Tables1-15_R1.xlsx,Table 6,42,I42,https://efiling.energysafety.ca.gov/eFiling/Getfile.aspx?fileid=56226&shareable=true
T6R-9da4d160fe434dc2,1060000033,2.e.t.0,exact,exact,2. Contact from object,3rd party facility,Transmission,Non-HFTD,# ignitions,exact,,,,"SDGE includes this metric in #11 ""Other""",SDG&E,2024,2,v3.2,1,2,SDGE_2024_Q2_Tables1-15_R1.xlsx,Table 6,43,I43,https://efiling.energysafety.ca.gov/eFiling/Getfile.aspx?fileid=56226&shareable=true
T6R-52386a2196964a86,1060000034,2.e.t.2,exact,exact,2. Contact from object,3rd party facility,Transmission,HFTD Tier 2,# ignitions,exact,,,,"SDGE includes this metric in #11 ""Other""",SDG&E,2024,2,v3.2,1,2,SDGE_2024_Q2_Tables1-15_R1.xlsx,Table 6,44,I44,https://efiling.energysafety.ca.gov/eFiling/Getfile.aspx?fileid=56226&shareable=true
T6R-0872e4eff9d47469,1060000035,2.e.t.3,exact,exact,2. Contact from object,3rd party facility,Transmission,HFTD Tier 3,# ignitions,exact,,,,"SDGE includes this metric in #11 ""Other""",SDG&E,2024,2,v3.2,1,2,SDGE_2024_Q2_Tables1-15_R1.xlsx,Table 6,45,I45,https://efiling.energysafety.ca.gov/eFiling/Getfile.aspx?fileid=56226&shareable=true
T6R-e7d47766bb3c8d9c,1060000036,2.f.d.0,exact,canonical_label_update,2. Contact from object,Unknown (contact from object),Distribution,Non-HFTD,# ignitions,exact,,,,SDG&E does not currently track this driver,SDG&E,2024,2,v3.2,1,2,SDGE_2024_Q2_Tables1-15_R1.xlsx,Table 6,46,I46,https://efiling.energysafety.ca.gov/eFiling/Getfile.aspx?fileid=56226&shareable=true
T6R-73d7b2a9f3c446ad,1060000037,2.f.d.2,exact,canonical_label_update,2. Contact from object,Unknown (contact from object),Distribution,HFTD Tier 2,# ignitions,exact,,,,SDG&E does not currently track this driver,SDG&E,2024,2,v3.2,1,2,SDGE_2024_Q2_Tables1-15_R1.xlsx,Table 6,47,I47,https://efiling.energysafety.ca.gov/eFiling/Getfile.aspx?fileid=56226&shareable=true
T6R-bc987b1049e1be29,1060000038,2.f.d.3,exact,canonical_label_update,2. Contact from object,Unknown (contact from object),Distribution,HFTD Tier 3,# ignitions,exact,,,,SDG&E does not currently track this driver,SDG&E,2024,2,v3.2,1,2,SDGE_2024_Q2_Tables1-15_R1.xlsx,Table 6,48,I48,https://efiling.energysafety.ca.gov/eFiling/Getfile.aspx?fileid=56226&shareable=true
T6R-2ef9b202f861112d,1060000039,2.f.t.0,exact,canonical_label_update,2. Contact from object,Unknown (contact from object),Transmission,Non-HFTD,# ignitions,exact,,,,SDG&E does not currently track this driver,SDG&E,2024,2,v3.2,1,2,SDGE_2024_Q2_Tables1-15_R1.xlsx,Table 6,49,I49,https://efiling.energysafety.ca.gov/eFiling/Getfile.aspx?fileid=56226&shareable=true
T6R-8179011330d9c7e4,1060000040,2.f.t.2,exact,canonical_label_update,2. Contact from object,Unknown (contact from object),Transmission,HFTD Tier 2,# ignitions,exact,,,,SDG&E does not currently track this driver,SDG&E,2024,2,v3.2,1,2,SDGE_2024_Q2_Tables1-15_R1.xlsx,Table 6,50,I50,https://efiling.energysafety.ca.gov/eFiling/Getfile.aspx?fileid=56226&shareable=true
T6R-77d852debe8f9261,1060000041,2.f.t.3,exact,canonical_label_update,2. Contact from object,Unknown (contact from object),Transmission,HFTD Tier 3,# ignitions,exact,,,,SDG&E does not currently track this driver,SDG&E,2024,2,v3.2,1,2,SDGE_2024_Q2_Tables1-15_R1.xlsx,Table 6,51,I51,https://efiling.energysafety.ca.gov/eFiling/Getfile.aspx?fileid=56226&shareable=true
T6R-9e01af13e51b741e,1060000042,2.g.d.0,exact,canonical_label_update,2. Contact from object,Other (contact from object),Distribution,Non-HFTD,# ignitions,exact,,0,,,SDG&E,2024,2,v3.2,1,2,SDGE_2024_Q2_Tables1-15_R1.xlsx,Table 6,52,I52,https://efiling.energysafety.ca.gov/eFiling/Getfile.aspx?fileid=56226&shareable=true
T6R-74d41b1cd28509ca,1060000043,2.g.d.2,exact,canonical_label_update,2. Contact from object,Other (contact from object),Distribution,HFTD Tier 2,# ignitions,exact,,0,,,SDG&E,2024,2,v3.2,1,2,SDGE_2024_Q2_Tables1-15_R1.xlsx,Table 6,53,I53,https://efiling.energysafety.ca.gov/eFiling/Getfile.aspx?fileid=56226&shareable=true
T6R-99fcbaa4d52cefa8,1060000044,2.g.d.3,exact,canonical_label_update,2. Contact from object,Other (contact from object),Distribution,HFTD Tier 3,# ignitions,exact,,0,,,SDG&E,2024,2,v3.2,1,2,SDGE_2024_Q2_Tables1-15_R1.xlsx,Table 6,54,I54,https://efiling.energysafety.ca.gov/eFiling/Getfile.aspx?fileid=56226&shareable=true
T6R-280ca151a7426754,1060000045,2.g.t.0,exact,canonical_label_update,2. Contact from object,Other (contact from object),Transmission,Non-HFTD,# ignitions,exact,,0,,,SDG&E,2024,2,v3.2,1,2,SDGE_2024_Q2_Tables1-15_R1.xlsx,Table 6,55,I55,https://efiling.energysafety.ca.gov/eFiling/Getfile.aspx?fileid=56226&shareable=true
T6R-4882d76db2ef3e46,1060000046,2.g.t.2,exact,canonical_label_update,2. Contact from object,Other (contact from object),Transmission,HFTD Tier 2,# ignitions,exact,,0,,,SDG&E,2024,2,v3.2,1,2,SDGE_2024_Q2_Tables1-15_R1.xlsx,Table 6,56,I56,https://efiling.energysafety.ca.gov/eFiling/Getfile.aspx?fileid=56226&shareable=true
T6R-fc84fb734e3c0d78,1060000047,2.g.t.3,exact,canonical_label_update,2. Contact from object,Other (contact from object),Transmission,HFTD Tier 3,# ignitions,exact,,0,,,SDG&E,2024,2,v3.2,1,2,SDGE_2024_Q2_Tables1-15_R1.xlsx,Table 6,57,I57,https://efiling.energysafety.ca.gov/eFiling/Getfile.aspx?fileid=56226&shareable=true
T6R-ecf14b676a18c244,1060000048,3.a.d.0,exact,exact,3. Vegetation contact,Vegetation contact,Distribution,Non-HFTD,# ignitions,exact,,0,,,SDG&E,2024,2,v3.2,1,2,SDGE_2024_Q2_Tables1-15_R1.xlsx,Table 6,58,I58,https://efiling.energysafety.ca.gov/eFiling/Getfile.aspx?fileid=56226&shareable=true
T6R-3ac3bde87a925092,1060000049,3.a.d.2,exact,exact,3. Vegetation contact,Vegetation contact,Distribution,HFTD Tier 2,# ignitions,exact,,0,,,SDG&E,2024,2,v3.2,1,2,SDGE_2024_Q2_Tables1-15_R1.xlsx,Table 6,59,I59,https://efiling.energysafety.ca.gov/eFiling/Getfile.aspx?fileid=56226&shareable=true
T6R-320a3bc57071c16c,1060000050,3.a.d.3,exact,exact,3. Vegetation contact,Vegetation contact,Distribution,HFTD Tier 3,# ignitions,exact,,0,,,SDG&E,2024,2,v3.2,1,2,SDGE_2024_Q2_Tables1-15_R1.xlsx,Table 6,60,I60,https://efiling.energysafety.ca.gov/eFiling/Getfile.aspx?fileid=56226&shareable=true
T6R-f7141b34d144ccf0,1060000051,3.a.t.0,exact,exact,3. Vegetation contact,Vegetation contact,Transmission,Non-HFTD,# ignitions,exact,,0,,,SDG&E,2024,2,v3.2,1,2,SDGE_2024_Q2_Tables1-15_R1.xlsx,Table 6,61,I61,https://efiling.energysafety.ca.gov/eFiling/Getfile.aspx?fileid=56226&shareable=true
T6R-46d06cecc1d7c751,1060000052,3.a.t.2,exact,exact,3. Vegetation contact,Vegetation contact,Transmission,HFTD Tier 2,# ignitions,exact,,0,,,SDG&E,2024,2,v3.2,1,2,SDGE_2024_Q2_Tables1-15_R1.xlsx,Table 6,62,I62,https://efiling.energysafety.ca.gov/eFiling/Getfile.aspx?fileid=56226&shareable=true
T6R-28f0e368c765aa38,1060000053,3.a.t.3,exact,exact,3. Vegetation contact,Vegetation contact,Transmission,HFTD Tier 3,# ignitions,exact,,0,,,SDG&E,2024,2,v3.2,1,2,SDGE_2024_Q2_Tables1-15_R1.xlsx,Table 6,63,I63,https://efiling.energysafety.ca.gov/eFiling/Getfile.aspx?fileid=56226&shareable=true
T6R-affd9815385e930e,1060000054,4.a.d.0,corrected_in_v3_2,canonical_label_update,4. Equipment / facility failure or damage,Anchor / guy,Distribution,Non-HFTD,# ignitions,exact,,0,,,SDG&E,2024,2,v3.2,1,2,SDGE_2024_Q2_Tables1-15_R1.xlsx,Table 6,64,I64,https://efiling.energysafety.ca.gov/eFiling/Getfile.aspx?fileid=56226&shareable=true
T6R-d2e35948c7f8cc07,1060000055,4.a.d.2,exact,canonical_label_update,4. Equipment / facility failure or damage,Anchor / guy,Distribution,HFTD Tier 2,# ignitions,exact,,0,,,SDG&E,2024,2,v3.2,1,2,SDGE_2024_Q2_Tables1-15_R1.xlsx,Table 6,65,I65,https://efiling.energysafety.ca.gov/eFiling/Getfile.aspx?fileid=56226&shareable=true
T6R-fe7e76175f2e5494,1060000056,4.a.d.3,exact,canonical_label_update,4. Equipment / facility failure or damage,Anchor / guy,Distribution,HFTD Tier 3,# ignitions,exact,,0,,,SDG&E,2024,2,v3.2,1,2,SDGE_2024_Q2_Tables1-15_R1.xlsx,Table 6,66,I66,https://efiling.energysafety.ca.gov/eFiling/Getfile.aspx?fileid=56226&shareable=true
T6R-0817a997780429ec,1060000057,4.a.t.0,exact,canonical_label_update,4. Equipment / facility failure or damage,Anchor / guy,Transmission,Non-HFTD,# ignitions,exact,,0,,,SDG&E,2024,2,v3.2,1,2,SDGE_2024_Q2_Tables1-15_R1.xlsx,Table 6,67,I67,https://efiling.energysafety.ca.gov/eFiling/Getfile.aspx?fileid=56226&shareable=true
T6R-9f393446d8d8bce1,1060000058,4.a.t.2,exact,canonical_label_update,4. Equipment / facility failure or damage,Anchor / guy,Transmission,HFTD Tier 2,# ignitions,exact,,0,,,SDG&E,2024,2,v3.2,1,2,SDGE_2024_Q2_Tables1-15_R1.xlsx,Table 6,68,I68,https://efiling.energysafety.ca.gov/eFiling/Getfile.aspx?fileid=56226&shareable=true
T6R-347c4fb6b5c3828f,1060000059,4.a.t.3,exact,canonical_label_update,4. Equipment / facility failure or damage,Anchor / guy,Transmission,HFTD Tier 3,# ignitions,exact,,0,,,SDG&E,2024,2,v3.2,1,2,SDGE_2024_Q2_Tables1-15_R1.xlsx,Table 6,69,I69,https://efiling.energysafety.ca.gov/eFiling/Getfile.aspx?fileid=56226&shareable=true
T6R-3171d96fdefcf230,1060000060,4.b.d.0,exact,exact,4. Equipment / facility failure or damage,Capacitor bank,Distribution,Non-HFTD,# ignitions,exact,,0,,,SDG&E,2024,2,v3.2,1,2,SDGE_2024_Q2_Tables1-15_R1.xlsx,Table 6,70,I70,https://efiling.energysafety.ca.gov/eFiling/Getfile.aspx?fileid=56226&shareable=true
T6R-6a5dd84194f42f36,1060000061,4.b.d.2,exact,exact,4. Equipment / facility failure or damage,Capacitor bank,Distribution,HFTD Tier 2,# ignitions,exact,,0,,,SDG&E,2024,2,v3.2,1,2,SDGE_2024_Q2_Tables1-15_R1.xlsx,Table 6,71,I71,https://efiling.energysafety.ca.gov/eFiling/Getfile.aspx?fileid=56226&shareable=true
T6R-259fb5be31345941,1060000062,4.b.d.3,exact,exact,4. Equipment / facility failure or damage,Capacitor bank,Distribution,HFTD Tier 3,# ignitions,exact,,0,,,SDG&E,2024,2,v3.2,1,2,SDGE_2024_Q2_Tables1-15_R1.xlsx,Table 6,72,I72,https://efiling.energysafety.ca.gov/eFiling/Getfile.aspx?fileid=56226&shareable=true
T6R-08fa155ff87fb49e,1060000063,4.b.t.0,exact,exact,4. Equipment / facility failure or damage,Capacitor bank,Transmission,Non-HFTD,# ignitions,exact,,0,,,SDG&E,2024,2,v3.2,1,2,SDGE_2024_Q2_Tables1-15_R1.xlsx,Table 6,73,I73,https://efiling.energysafety.ca.gov/eFiling/Getfile.aspx?fileid=56226&shareable=true
T6R-17f67e9103449c77,1060000064,4.b.t.2,exact,exact,4. Equipment / facility failure or damage,Capacitor bank,Transmission,HFTD Tier 2,# ignitions,exact,,0,,,SDG&E,2024,2,v3.2,1,2,SDGE_2024_Q2_Tables1-15_R1.xlsx,Table 6,74,I74,https://efiling.energysafety.ca.gov/eFiling/Getfile.aspx?fileid=56226&shareable=true
T6R-1eba31dffe5411c6,1060000065,4.b.t.3,exact,exact,4. Equipment / facility failure or damage,Capacitor bank,Transmission,HFTD Tier 3,# ignitions,exact,,0,,,SDG&E,2024,2,v3.2,1,2,SDGE_2024_Q2_Tables1-15_R1.xlsx,Table 6,75,I75,https://efiling.energysafety.ca.gov/eFiling/Getfile.aspx?fileid=56226&shareable=true
T6R-3b30b26d1db798fa,1060000066,4.c.d.0,exact,exact,4. Equipment / facility failure or damage,Conductor,Distribution,Non-HFTD,# ignitions,exact,,0,,,SDG&E,2024,2,v3.2,1,2,SDGE_2024_Q2_Tables1-15_R1.xlsx,Table 6,76,I76,https://efiling.energysafety.ca.gov/eFiling/Getfile.aspx?fileid=56226&shareable=true
T6R-607e70565aea61fb,1060000067,4.c.d.2,exact,exact,4. Equipment / facility failure or damage,Conductor,Distribution,HFTD Tier 2,# ignitions,exact,,0,,,SDG&E,2024,2,v3.2,1,2,SDGE_2024_Q2_Tables1-15_R1.xlsx,Table 6,77,I77,https://efiling.energysafety.ca.gov/eFiling/Getfile.aspx?fileid=56226&shareable=true
T6R-e554522810dec4fd,1060000068,4.c.d.3,exact,exact,4. Equipment / facility failure or damage,Conductor,Distribution,HFTD Tier 3,# ignitions,exact,,0,,,SDG&E,2024,2,v3.2,1,2,SDGE_2024_Q2_Tables1-15_R1.xlsx,Table 6,78,I78,https://efiling.energysafety.ca.gov/eFiling/Getfile.aspx?fileid=56226&shareable=true
T6R-c942afe7b72cbcdf,1060000069,4.c.t.0,exact,exact,4. Equipment / facility failure or damage,Conductor,Transmission,Non-HFTD,# ignitions,exact,,0,,,SDG&E,2024,2,v3.2,1,2,SDGE_2024_Q2_Tables1-15_R1.xlsx,Table 6,79,I79,https://efiling.energysafety.ca.gov/eFiling/Getfile.aspx?fileid=56226&shareable=true
T6R-5c9e0171290b26b4,1060000070,4.c.t.2,exact,exact,4. Equipment / facility failure or damage,Conductor,Transmission,HFTD Tier 2,# ignitions,exact,,0,,,SDG&E,2024,2,v3.2,1,2,SDGE_2024_Q2_Tables1-15_R1.xlsx,Table 6,80,I80,https://efiling.energysafety.ca.gov/eFiling/Getfile.aspx?fileid=56226&shareable=true
T6R-cb0926a9fa93a661,1060000071,4.c.t.3,exact,exact,4. Equipment / facility failure or damage,Conductor,Transmission,HFTD Tier 3,# ignitions,exact,,0,,,SDG&E,2024,2,v3.2,1,2,SDGE_2024_Q2_Tables1-15_R1.xlsx,Table 6,81,I81,https://efiling.energysafety.ca.gov/eFiling/Getfile.aspx?fileid=56226&shareable=true
T6R-19a2ea964e4d61ab,1060000072,4.d.d.0,exact,exact,4. Equipment / facility failure or damage,Connection device,Distribution,Non-HFTD,# ignitions,exact,,0,,,SDG&E,2024,2,v3.2,1,2,SDGE_2024_Q2_Tables1-15_R1.xlsx,Table 6,82,I82,https://efiling.energysafety.ca.gov/eFiling/Getfile.aspx?fileid=56226&shareable=true
T6R-16935966d28e5d94,1060000073,4.d.d.2,exact,exact,4. Equipment / facility failure or damage,Connection device,Distribution,HFTD Tier 2,# ignitions,exact,,0,,,SDG&E,2024,2,v3.2,1,2,SDGE_2024_Q2_Tables1-15_R1.xlsx,Table 6,83,I83,https://efiling.energysafety.ca.gov/eFiling/Getfile.aspx?fileid=56226&shareable=true
T6R-01dd36c996cd1061,1060000074,4.d.d.3,exact,exact,4. Equipment / facility failure or damage,Connection device,Distribution,HFTD Tier 3,# ignitions,exact,,0,,,SDG&E,2024,2,v3.2,1,2,SDGE_2024_Q2_Tables1-15_R1.xlsx,Table 6,84,I84,https://efiling.energysafety.ca.gov/eFiling/Getfile.aspx?fileid=56226&shareable=true
T6R-6b6c5919171eeb7c,1060000075,4.d.t.0,exact,exact,4. Equipment / facility failure or damage,Connection device,Transmission,Non-HFTD,# ignitions,exact,,0,,,SDG&E,2024,2,v3.2,1,2,SDGE_2024_Q2_Tables1-15_R1.xlsx,Table 6,85,I85,https://efiling.energysafety.ca.gov/eFiling/Getfile.aspx?fileid=56226&shareable=true
T6R-a6ccffa12c35ea47,1060000076,4.d.t.2,exact,exact,4. Equipment / facility failure or damage,Connection device,Transmission,HFTD Tier 2,# ignitions,exact,,0,,,SDG&E,2024,2,v3.2,1,2,SDGE_2024_Q2_Tables1-15_R1.xlsx,Table 6,86,I86,https://efiling.energysafety.ca.gov/eFiling/Getfile.aspx?fileid=56226&shareable=true
T6R-a8553e9602e36cc2,1060000077,4.d.t.3,exact,exact,4. Equipment / facility failure or damage,Connection device,Transmission,HFTD Tier 3,# ignitions,exact,,0,,,SDG&E,2024,2,v3.2,1,2,SDGE_2024_Q2_Tables1-15_R1.xlsx,Table 6,87,I87,https://efiling.energysafety.ca.gov/eFiling/Getfile.aspx?fileid=56226&shareable=true
T6R-4c9dfd652efcdaff,1060000078,4.e.d.0,exact,exact,4. Equipment / facility failure or damage,Crossarm,Distribution,Non-HFTD,# ignitions,exact,,0,,,SDG&E,2024,2,v3.2,1,2,SDGE_2024_Q2_Tables1-15_R1.xlsx,Table 6,88,I88,https://efiling.energysafety.ca.gov/eFiling/Getfile.aspx?fileid=56226&shareable=true
T6R-e95dcb401e9c8983,1060000079,4.e.d.2,exact,exact,4. Equipment / facility failure or damage,Crossarm,Distribution,HFTD Tier 2,# ignitions,exact,,0,,,SDG&E,2024,2,v3.2,1,2,SDGE_2024_Q2_Tables1-15_R1.xlsx,Table 6,89,I89,https://efiling.energysafety.ca.gov/eFiling/Getfile.aspx?fileid=56226&shareable=true
T6R-41bbad2f016c0003,1060000080,4.e.d.3,exact,exact,4. Equipment / facility failure or damage,Crossarm,Distribution,HFTD Tier 3,# ignitions,exact,,0,,,SDG&E,2024,2,v3.2,1,2,SDGE_2024_Q2_Tables1-15_R1.xlsx,Table 6,90,I90,https://efiling.energysafety.ca.gov/eFiling/Getfile.aspx?fileid=56226&shareable=true
T6R-6de6f02d0c16ed5a,1060000081,4.e.t.0,exact,exact,4. Equipment / facility failure or damage,Crossarm,Transmission,Non-HFTD,# ignitions,exact,,0,,,SDG&E,2024,2,v3.2,1,2,SDGE_2024_Q2_Tables1-15_R1.xlsx,Table 6,91,I91,https://efiling.energysafety.ca.gov/eFiling/Getfile.aspx?fileid=56226&shareable=true
T6R-5222a46547462709,1060000082,4.e.t.2,exact,exact,4. Equipment / facility failure or damage,Crossarm,Transmission,HFTD Tier 2,# ignitions,exact,,0,,,SDG&E,2024,2,v3.2,1,2,SDGE_2024_Q2_Tables1-15_R1.xlsx,Table 6,92,I92,https://efiling.energysafety.ca.gov/eFiling/Getfile.aspx?fileid=56226&shareable=true
T6R-3b760963634eb8f5,1060000083,4.e.t.3,exact,exact,4. Equipment / facility failure or damage,Crossarm,Transmission,HFTD Tier 3,# ignitions,exact,,0,,,SDG&E,2024,2,v3.2,1,2,SDGE_2024_Q2_Tables1-15_R1.xlsx,Table 6,93,I93,https://efiling.energysafety.ca.gov/eFiling/Getfile.aspx?fileid=56226&shareable=true
T6R-09058a329f38a356,1060000084,4.f.d.0,exact,exact,4. Equipment / facility failure or damage,Fuse,Distribution,Non-HFTD,# ignitions,exact,,0,,,SDG&E,2024,2,v3.2,1,2,SDGE_2024_Q2_Tables1-15_R1.xlsx,Table 6,94,I94,https://efiling.energysafety.ca.gov/eFiling/Getfile.aspx?fileid=56226&shareable=true
T6R-f4d2d39bafbc707c,1060000085,4.f.d.2,exact,exact,4. Equipment / facility failure or damage,Fuse,Distribution,HFTD Tier 2,# ignitions,exact,,0,,,SDG&E,2024,2,v3.2,1,2,SDGE_2024_Q2_Tables1-15_R1.xlsx,Table 6,95,I95,https://efiling.energysafety.ca.gov/eFiling/Getfile.aspx?fileid=56226&shareable=true
T6R-af38b41a971efb0c,1060000086,4.f.d.3,exact,exact,4. Equipment / facility failure or damage,Fuse,Distribution,HFTD Tier 3,# ignitions,exact,,0,,,SDG&E,2024,2,v3.2,1,2,SDGE_2024_Q2_Tables1-15_R1.xlsx,Table 6,96,I96,https://efiling.energysafety.ca.gov/eFiling/Getfile.aspx?fileid=56226&shareable=true
T6R-391685902b6114e5,1060000087,4.f.t.0,exact,exact,4. Equipment / facility failure or damage,Fuse,Transmission,Non-HFTD,# ignitions,exact,,0,,,SDG&E,2024,2,v3.2,1,2,SDGE_2024_Q2_Tables1-15_R1.xlsx,Table 6,97,I97,https://efiling.energysafety.ca.gov/eFiling/Getfile.aspx?fileid=56226&shareable=true
T6R-f41cc7bcd77291fb,1060000088,4.f.t.2,exact,exact,4. Equipment / facility failure or damage,Fuse,Transmission,HFTD Tier 2,# ignitions,exact,,0,,,SDG&E,2024,2,v3.2,1,2,SDGE_2024_Q2_Tables1-15_R1.xlsx,Table 6,98,I98,https://efiling.energysafety.ca.gov/eFiling/Getfile.aspx?fileid=56226&shareable=true
T6R-41247a728264f14f,1060000089,4.f.t.3,exact,exact,4. Equipment / facility failure or damage,Fuse,Transmission,HFTD Tier 3,# ignitions,exact,,0,,,SDG&E,2024,2,v3.2,1,2,SDGE_2024_Q2_Tables1-15_R1.xlsx,Table 6,99,I99,https://efiling.energysafety.ca.gov/eFiling/Getfile.aspx?fileid=56226&shareable=true
T6R-8d5f9cae6f53f892,1060000090,4.g.d.0,exact,exact,4. Equipment / facility failure or damage,Cutout,Distribution,Non-HFTD,# ignitions,exact,,,,SDG&E did not track this driver historically but can implement for future ignitions,SDG&E,2024,2,v3.2,1,2,SDGE_2024_Q2_Tables1-15_R1.xlsx,Table 6,100,I100,https://efiling.energysafety.ca.gov/eFiling/Getfile.aspx?fileid=56226&shareable=true
T6R-2fb7c7e53e41e3f0,1060000091,4.g.d.2,exact,exact,4. Equipment / facility failure or damage,Cutout,Distribution,HFTD Tier 2,# ignitions,exact,,,,SDG&E did not track this driver historically but can implement for future ignitions,SDG&E,2024,2,v3.2,1,2,SDGE_2024_Q2_Tables1-15_R1.xlsx,Table 6,101,I101,https://efiling.energysafety.ca.gov/eFiling/Getfile.aspx?fileid=56226&shareable=true
T6R-ac7542de2ad82237,1060000092,4.g.d.3,exact,exact,4. Equipment / facility failure or damage,Cutout,Distribution,HFTD Tier 3,# ignitions,exact,,,,SDG&E did not track this driver historically but can implement for future ignitions,SDG&E,2024,2,v3.2,1,2,SDGE_2024_Q2_Tables1-15_R1.xlsx,Table 6,102,I102,https://efiling.energysafety.ca.gov/eFiling/Getfile.aspx?fileid=56226&shareable=true
T6R-5762061249dcc04d,1060000093,4.g.t.0,exact,exact,4. Equipment / facility failure or damage,Cutout,Transmission,Non-HFTD,# ignitions,exact,,,,SDG&E did not track this driver historically but can implement for future ignitions,SDG&E,2024,2,v3.2,1,2,SDGE_2024_Q2_Tables1-15_R1.xlsx,Table 6,103,I103,https://efiling.energysafety.ca.gov/eFiling/Getfile.aspx?fileid=56226&shareable=true
T6R-9a1275bac2c6363d,1060000094,4.g.t.2,exact,exact,4. Equipment / facility failure or damage,Cutout,Transmission,HFTD Tier 2,# ignitions,exact,,,,SDG&E did not track this driver historically but can implement for future ignitions,SDG&E,2024,2,v3.2,1,2,SDGE_2024_Q2_Tables1-15_R1.xlsx,Table 6,104,I104,https://efiling.energysafety.ca.gov/eFiling/Getfile.aspx?fileid=56226&shareable=true
T6R-e7cfdf00c0c0e604,1060000095,4.g.t.3,exact,exact,4. Equipment / facility failure or damage,Cutout,Transmission,HFTD Tier 3,# ignitions,exact,,,,SDG&E did not track this driver historically but can implement for future ignitions,SDG&E,2024,2,v3.2,1,2,SDGE_2024_Q2_Tables1-15_R1.xlsx,Table 6,105,I105,https://efiling.energysafety.ca.gov/eFiling/Getfile.aspx?fileid=56226&shareable=true
T6R-7321c6a39a40c27f,1060000096,4.h.d.0,corrected_in_v3_2,exact,4. Equipment / facility failure or damage,Insulator and bushing,Distribution,Non-HFTD,# ignitions,exact,,0,,,SDG&E,2024,2,v3.2,1,2,SDGE_2024_Q2_Tables1-15_R1.xlsx,Table 6,106,I106,https://efiling.energysafety.ca.gov/eFiling/Getfile.aspx?fileid=56226&shareable=true
T6R-a8fcc147850d9b1a,1060000097,4.h.d.2,corrected_in_v3_2,exact,4. Equipment / facility failure or damage,Insulator and bushing,Distribution,HFTD Tier 2,# ignitions,exact,,0,,,SDG&E,2024,2,v3.2,1,2,SDGE_2024_Q2_Tables1-15_R1.xlsx,Table 6,107,I107,https://efiling.energysafety.ca.gov/eFiling/Getfile.aspx?fileid=56226&shareable=true
T6R-682dc979cf8fd247,1060000098,4.h.d.3,corrected_in_v3_2,exact,4. Equipment / facility failure or damage,Insulator and bushing,Distribution,HFTD Tier 3,# ignitions,exact,,0,,,SDG&E,2024,2,v3.2,1,2,SDGE_2024_Q2_Tables1-15_R1.xlsx,Table 6,108,I108,https://efiling.energysafety.ca.gov/eFiling/Getfile.aspx?fileid=56226&shareable=true
T6R-d0f16e69ab0d043c,1060000099,4.h.t.0,corrected_in_v3_2,exact,4. Equipment / facility failure or damage,Insulator and bushing,Transmission,Non-HFTD,# ignitions,exact,,0,,,SDG&E,2024,2,v3.2,1,2,SDGE_2024_Q2_Tables1-15_R1.xlsx,Table 6,109,I109,https://efiling.energysafety.ca.gov/eFiling/Getfile.aspx?fileid=56226&shareable=true
T6R-4654a9a9b127833b,1060000100,4.h.t.2,corrected_in_v3_2,exact,4. Equipment / facility failure or damage,Insulator and bushing,Transmission,HFTD Tier 2,# ignitions,exact,,0,,,SDG&E,2024,2,v3.2,1,2,SDGE_2024_Q2_Tables1-15_R1.xlsx,Table 6,110,I110,https://efiling.energysafety.ca.gov/eFiling/Getfile.aspx?fileid=56226&shareable=true
T6R-d3ffceb80ed006b2,1060000101,4.h.t.3,corrected_in_v3_2,exact,4. Equipment / facility failure or damage,Insulator and bushing,Transmission,HFTD Tier 3,# ignitions,exact,,0,,,SDG&E,2024,2,v3.2,1,2,SDGE_2024_Q2_Tables1-15_R1.xlsx,Table 6,111,I111,https://efiling.energysafety.ca.gov/eFiling/Getfile.aspx?fileid=56226&shareable=true
T6R-66e8b62cd9fcb7f2,1060000102,4.i.d.0,corrected_in_v3_2,exact,4. Equipment / facility failure or damage,Lightning arrester,Distribution,Non-HFTD,# ignitions,exact,,0,,,SDG&E,2024,2,v3.2,1,2,SDGE_2024_Q2_Tables1-15_R1.xlsx,Table 6,112,I112,https://efiling.energysafety.ca.gov/eFiling/Getfile.aspx?fileid=56226&shareable=true
T6R-19701c79288cae92,1060000103,4.i.d.2,corrected_in_v3_2,exact,4. Equipment / facility failure or damage,Lightning arrester,Distribution,HFTD Tier 2,# ignitions,exact,,0,,,SDG&E,2024,2,v3.2,1,2,SDGE_2024_Q2_Tables1-15_R1.xlsx,Table 6,113,I113,https://efiling.energysafety.ca.gov/eFiling/Getfile.aspx?fileid=56226&shareable=true
T6R-e5e9c9cff7690bd8,1060000104,4.i.d.3,corrected_in_v3_2,exact,4. Equipment / facility failure or damage,Lightning arrester,Distribution,HFTD Tier 3,# ignitions,exact,,0,,,SDG&E,2024,2,v3.2,1,2,SDGE_2024_Q2_Tables1-15_R1.xlsx,Table 6,114,I114,https://efiling.energysafety.ca.gov/eFiling/Getfile.aspx?fileid=56226&shareable=true
T6R-8434a3861a45c761,1060000105,4.i.t.0,corrected_in_v3_2,exact,4. Equipment / facility failure or damage,Lightning arrester,Transmission,Non-HFTD,# ignitions,exact,,0,,,SDG&E,2024,2,v3.2,1,2,SDGE_2024_Q2_Tables1-15_R1.xlsx,Table 6,115,I115,https://efiling.energysafety.ca.gov/eFiling/Getfile.aspx?fileid=56226&shareable=true
T6R-f30dce025f7b93de,1060000106,4.i.t.2,corrected_in_v3_2,exact,4. Equipment / facility failure or damage,Lightning arrester,Transmission,HFTD Tier 2,# ignitions,exact,,0,,,SDG&E,2024,2,v3.2,1,2,SDGE_2024_Q2_Tables1-15_R1.xlsx,Table 6,116,I116,https://efiling.energysafety.ca.gov/eFiling/Getfile.aspx?fileid=56226&shareable=true
T6R-e319ce6f74455606,1060000107,4.i.t.3,corrected_in_v3_2,exact,4. Equipment / facility failure or damage,Lightning arrester,Transmission,HFTD Tier 3,# ignitions,exact,,0,,,SDG&E,2024,2,v3.2,1,2,SDGE_2024_Q2_Tables1-15_R1.xlsx,Table 6,117,I117,https://efiling.energysafety.ca.gov/eFiling/Getfile.aspx?fileid=56226&shareable=true
T6R-e9924c6f362dc26b,1060000108,4.j.d.0,exact,exact,4. Equipment / facility failure or damage,Pole,Distribution,Non-HFTD,# ignitions,exact,,0,,,SDG&E,2024,2,v3.2,1,2,SDGE_2024_Q2_Tables1-15_R1.xlsx,Table 6,118,I118,https://efiling.energysafety.ca.gov/eFiling/Getfile.aspx?fileid=56226&shareable=true
T6R-5c7ba5a1b87a6c63,1060000109,4.j.d.2,exact,exact,4. Equipment / facility failure or damage,Pole,Distribution,HFTD Tier 2,# ignitions,exact,,0,,,SDG&E,2024,2,v3.2,1,2,SDGE_2024_Q2_Tables1-15_R1.xlsx,Table 6,119,I119,https://efiling.energysafety.ca.gov/eFiling/Getfile.aspx?fileid=56226&shareable=true
T6R-d83dbdc290c5ea04,1060000110,4.j.d.3,exact,exact,4. Equipment / facility failure or damage,Pole,Distribution,HFTD Tier 3,# ignitions,exact,,0,,,SDG&E,2024,2,v3.2,1,2,SDGE_2024_Q2_Tables1-15_R1.xlsx,Table 6,120,I120,https://efiling.energysafety.ca.gov/eFiling/Getfile.aspx?fileid=56226&shareable=true
T6R-6f209b8c8eec0f39,1060000111,4.j.t.0,exact,exact,4. Equipment / facility failure or damage,Pole,Transmission,Non-HFTD,# ignitions,exact,,0,,,SDG&E,2024,2,v3.2,1,2,SDGE_2024_Q2_Tables1-15_R1.xlsx,Table 6,121,I121,https://efiling.energysafety.ca.gov/eFiling/Getfile.aspx?fileid=56226&shareable=true
T6R-45b2514aba53f36f,1060000112,4.j.t.2,exact,exact,4. Equipment / facility failure or damage,Pole,Transmission,HFTD Tier 2,# ignitions,exact,,0,,,SDG&E,2024,2,v3.2,1,2,SDGE_2024_Q2_Tables1-15_R1.xlsx,Table 6,122,I122,https://efiling.energysafety.ca.gov/eFiling/Getfile.aspx?fileid=56226&shareable=true
T6R-7280b67f6e3855d4,1060000113,4.j.t.3,exact,exact,4. Equipment / facility failure or damage,Pole,Transmission,HFTD Tier 3,# ignitions,exact,,0,,,SDG&E,2024,2,v3.2,1,2,SDGE_2024_Q2_Tables1-15_R1.xlsx,Table 6,123,I123,https://efiling.energysafety.ca.gov/eFiling/Getfile.aspx?fileid=56226&shareable=true
T6R-7b895b7e8aa58edf,1060000114,4.k.d.0,exact,exact,4. Equipment / facility failure or damage,Recloser,Distribution,Non-HFTD,# ignitions,exact,,,,SDG&E does not currently track this driver,SDG&E,2024,2,v3.2,1,2,SDGE_2024_Q2_Tables1-15_R1.xlsx,Table 6,124,I124,https://efiling.energysafety.ca.gov/eFiling/Getfile.aspx?fileid=56226&shareable=true
T6R-70fa166e6a116304,1060000115,4.k.d.2,exact,exact,4. Equipment / facility failure or damage,Recloser,Distribution,HFTD Tier 2,# ignitions,exact,,,,SDG&E does not currently track this driver,SDG&E,2024,2,v3.2,1,2,SDGE_2024_Q2_Tables1-15_R1.xlsx,Table 6,125,I125,https://efiling.energysafety.ca.gov/eFiling/Getfile.aspx?fileid=56226&shareable=true
T6R-419f2c81a52748eb,1060000116,4.k.d.3,exact,exact,4. Equipment / facility failure or damage,Recloser,Distribution,HFTD Tier 3,# ignitions,exact,,,,SDG&E does not currently track this driver,SDG&E,2024,2,v3.2,1,2,SDGE_2024_Q2_Tables1-15_R1.xlsx,Table 6,126,I126,https://efiling.energysafety.ca.gov/eFiling/Getfile.aspx?fileid=56226&shareable=true
T6R-a4d59ab50830ba88,1060000117,4.k.t.0,exact,exact,4. Equipment / facility failure or damage,Recloser,Transmission,Non-HFTD,# ignitions,exact,,,,SDG&E does not currently track this driver,SDG&E,2024,2,v3.2,1,2,SDGE_2024_Q2_Tables1-15_R1.xlsx,Table 6,127,I127,https://efiling.energysafety.ca.gov/eFiling/Getfile.aspx?fileid=56226&shareable=true
T6R-b37fd2dedd5941cb,1060000118,4.k.t.2,exact,exact,4. Equipment / facility failure or damage,Recloser,Transmission,HFTD Tier 2,# ignitions,exact,,,,SDG&E does not currently track this driver,SDG&E,2024,2,v3.2,1,2,SDGE_2024_Q2_Tables1-15_R1.xlsx,Table 6,128,I128,https://efiling.energysafety.ca.gov/eFiling/Getfile.aspx?fileid=56226&shareable=true
T6R-e1403ac2a4542397,1060000119,4.k.t.3,exact,exact,4. Equipment / facility failure or damage,Recloser,Transmission,HFTD Tier 3,# ignitions,exact,,,,SDG&E does not currently track this driver,SDG&E,2024,2,v3.2,1,2,SDGE_2024_Q2_Tables1-15_R1.xlsx,Table 6,129,I129,https://efiling.energysafety.ca.gov/eFiling/Getfile.aspx?fileid=56226&shareable=true
T6R-2e9ad4cfdc9ed394,1060000120,4.l.d.0,exact,exact,4. Equipment / facility failure or damage,Relay,Distribution,Non-HFTD,# ignitions,exact,,,,SDG&E does not currently track this driver,SDG&E,2024,2,v3.2,1,2,SDGE_2024_Q2_Tables1-15_R1.xlsx,Table 6,130,I130,https://efiling.energysafety.ca.gov/eFiling/Getfile.aspx?fileid=56226&shareable=true
T6R-5224d6a19737f4e3,1060000121,4.l.d.2,exact,exact,4. Equipment / facility failure or damage,Relay,Distribution,HFTD Tier 2,# ignitions,exact,,,,SDG&E does not currently track this driver,SDG&E,2024,2,v3.2,1,2,SDGE_2024_Q2_Tables1-15_R1.xlsx,Table 6,131,I131,https://efiling.energysafety.ca.gov/eFiling/Getfile.aspx?fileid=56226&shareable=true
T6R-0c3a7420f903a8d4,1060000122,4.l.d.3,exact,exact,4. Equipment / facility failure or damage,Relay,Distribution,HFTD Tier 3,# ignitions,exact,,,,SDG&E does not currently track this driver,SDG&E,2024,2,v3.2,1,2,SDGE_2024_Q2_Tables1-15_R1.xlsx,Table 6,132,I132,https://efiling.energysafety.ca.gov/eFiling/Getfile.aspx?fileid=56226&shareable=true
T6R-ee6745e3975f6511,1060000123,4.l.t.0,exact,exact,4. Equipment / facility failure or damage,Relay,Transmission,Non-HFTD,# ignitions,exact,,,,SDG&E does not currently track this driver,SDG&E,2024,2,v3.2,1,2,SDGE_2024_Q2_Tables1-15_R1.xlsx,Table 6,133,I133,https://efiling.energysafety.ca.gov/eFiling/Getfile.aspx?fileid=56226&shareable=true
T6R-59f9e644d42b9523,1060000124,4.l.t.2,exact,exact,4. Equipment / facility failure or damage,Relay,Transmission,HFTD Tier 2,# ignitions,exact,,,,SDG&E does not currently track this driver,SDG&E,2024,2,v3.2,1,2,SDGE_2024_Q2_Tables1-15_R1.xlsx,Table 6,134,I134,https://efiling.energysafety.ca.gov/eFiling/Getfile.aspx?fileid=56226&shareable=true
T6R-a05d680054c86433,1060000125,4.l.t.3,exact,exact,4. Equipment / facility failure or damage,Relay,Transmission,HFTD Tier 3,# ignitions,exact,,,,SDG&E does not currently track this driver,SDG&E,2024,2,v3.2,1,2,SDGE_2024_Q2_Tables1-15_R1.xlsx,Table 6,135,I135,https://efiling.energysafety.ca.gov/eFiling/Getfile.aspx?fileid=56226&shareable=true
T6R-1403cc4d02b1afb8,1060000126,4.m.d.0,exact,exact,4. Equipment / facility failure or damage,Sectionalizer,Distribution,Non-HFTD,# ignitions,exact,,,,SDG&E does not currently track this driver,SDG&E,2024,2,v3.2,1,2,SDGE_2024_Q2_Tables1-15_R1.xlsx,Table 6,136,I136,https://efiling.energysafety.ca.gov/eFiling/Getfile.aspx?fileid=56226&shareable=true
T6R-e0151364843c9595,1060000127,4.m.d.2,exact,exact,4. Equipment / facility failure or damage,Sectionalizer,Distribution,HFTD Tier 2,# ignitions,exact,,,,SDG&E does not currently track this driver,SDG&E,2024,2,v3.2,1,2,SDGE_2024_Q2_Tables1-15_R1.xlsx,Table 6,137,I137,https://efiling.energysafety.ca.gov/eFiling/Getfile.aspx?fileid=56226&shareable=true
T6R-48367b0b1cb1c326,1060000128,4.m.d.3,exact,exact,4. Equipment / facility failure or damage,Sectionalizer,Distribution,HFTD Tier 3,# ignitions,exact,,,,SDG&E does not currently track this driver,SDG&E,2024,2,v3.2,1,2,SDGE_2024_Q2_Tables1-15_R1.xlsx,Table 6,138,I138,https://efiling.energysafety.ca.gov/eFiling/Getfile.aspx?fileid=56226&shareable=true
T6R-87a7a55d4caecc59,1060000129,4.m.t.0,exact,exact,4. Equipment / facility failure or damage,Sectionalizer,Transmission,Non-HFTD,# ignitions,exact,,,,SDG&E does not currently track this driver,SDG&E,2024,2,v3.2,1,2,SDGE_2024_Q2_Tables1-15_R1.xlsx,Table 6,139,I139,https://efiling.energysafety.ca.gov/eFiling/Getfile.aspx?fileid=56226&shareable=true
T6R-378af1528b93c0ab,1060000130,4.m.t.2,exact,exact,4. Equipment / facility failure or damage,Sectionalizer,Transmission,HFTD Tier 2,# ignitions,exact,,,,SDG&E does not currently track this driver,SDG&E,2024,2,v3.2,1,2,SDGE_2024_Q2_Tables1-15_R1.xlsx,Table 6,140,I140,https://efiling.energysafety.ca.gov/eFiling/Getfile.aspx?fileid=56226&shareable=true
T6R-787d4f5f0686911e,1060000131,4.m.t.3,exact,exact,4. Equipment / facility failure or damage,Sectionalizer,Transmission,HFTD Tier 3,# ignitions,exact,,,,SDG&E does not currently track this driver,SDG&E,2024,2,v3.2,1,2,SDGE_2024_Q2_Tables1-15_R1.xlsx,Table 6,141,I141,https://efiling.energysafety.ca.gov/eFiling/Getfile.aspx?fileid=56226&shareable=true
T6R-10f30aa49a9f35ed,1060000132,4.n.d.0,exact,exact,4. Equipment / facility failure or damage,Splice,Distribution,Non-HFTD,# ignitions,exact,,,,SDG&E tracks splice failure/damage under connection device,SDG&E,2024,2,v3.2,1,2,SDGE_2024_Q2_Tables1-15_R1.xlsx,Table 6,142,I142,https://efiling.energysafety.ca.gov/eFiling/Getfile.aspx?fileid=56226&shareable=true
T6R-d6630ed2ce6cdfe9,1060000133,4.n.d.2,exact,exact,4. Equipment / facility failure or damage,Splice,Distribution,HFTD Tier 2,# ignitions,exact,,,,SDG&E tracks splice failure/damage under connection device,SDG&E,2024,2,v3.2,1,2,SDGE_2024_Q2_Tables1-15_R1.xlsx,Table 6,143,I143,https://efiling.energysafety.ca.gov/eFiling/Getfile.aspx?fileid=56226&shareable=true
T6R-08b714b7a448a7a4,1060000134,4.n.d.3,exact,exact,4. Equipment / facility failure or damage,Splice,Distribution,HFTD Tier 3,# ignitions,exact,,,,SDG&E tracks splice failure/damage under connection device,SDG&E,2024,2,v3.2,1,2,SDGE_2024_Q2_Tables1-15_R1.xlsx,Table 6,144,I144,https://efiling.energysafety.ca.gov/eFiling/Getfile.aspx?fileid=56226&shareable=true
T6R-17727c0d30a4852f,1060000135,4.n.t.0,exact,exact,4. Equipment / facility failure or damage,Splice,Transmission,Non-HFTD,# ignitions,exact,,,,SDG&E tracks splice failure/damage under connection device,SDG&E,2024,2,v3.2,1,2,SDGE_2024_Q2_Tables1-15_R1.xlsx,Table 6,145,I145,https://efiling.energysafety.ca.gov/eFiling/Getfile.aspx?fileid=56226&shareable=true
T6R-acae4ab8704122d1,1060000136,4.n.t.2,exact,exact,4. Equipment / facility failure or damage,Splice,Transmission,HFTD Tier 2,# ignitions,exact,,,,SDG&E tracks splice failure/damage under connection device,SDG&E,2024,2,v3.2,1,2,SDGE_2024_Q2_Tables1-15_R1.xlsx,Table 6,146,I146,https://efiling.energysafety.ca.gov/eFiling/Getfile.aspx?fileid=56226&shareable=true
T6R-3541f454ab85b094,1060000137,4.n.t.3,exact,exact,4. Equipment / facility failure or damage,Splice,Transmission,HFTD Tier 3,# ignitions,exact,,,,SDG&E tracks splice failure/damage under connection device,SDG&E,2024,2,v3.2,1,2,SDGE_2024_Q2_Tables1-15_R1.xlsx,Table 6,147,I147,https://efiling.energysafety.ca.gov/eFiling/Getfile.aspx?fileid=56226&shareable=true
T6R-e81373541974b906,1060000138,4.o.d.0,exact,exact,4. Equipment / facility failure or damage,Switch,Distribution,Non-HFTD,# ignitions,exact,,0,,,SDG&E,2024,2,v3.2,1,2,SDGE_2024_Q2_Tables1-15_R1.xlsx,Table 6,148,I148,https://efiling.energysafety.ca.gov/eFiling/Getfile.aspx?fileid=56226&shareable=true
T6R-fcb70ee2958873d8,1060000139,4.o.d.2,exact,exact,4. Equipment / facility failure or damage,Switch,Distribution,HFTD Tier 2,# ignitions,exact,,1,,,SDG&E,2024,2,v3.2,1,2,SDGE_2024_Q2_Tables1-15_R1.xlsx,Table 6,149,I149,https://efiling.energysafety.ca.gov/eFiling/Getfile.aspx?fileid=56226&shareable=true
T6R-ccd3777abdf547f5,1060000140,4.o.d.3,exact,exact,4. Equipment / facility failure or damage,Switch,Distribution,HFTD Tier 3,# ignitions,exact,,0,,,SDG&E,2024,2,v3.2,1,2,SDGE_2024_Q2_Tables1-15_R1.xlsx,Table 6,150,I150,https://efiling.energysafety.ca.gov/eFiling/Getfile.aspx?fileid=56226&shareable=true
T6R-181a048e4e7ef201,1060000141,4.o.t.0,exact,exact,4. Equipment / facility failure or damage,Switch,Transmission,Non-HFTD,# ignitions,exact,,0,,,SDG&E,2024,2,v3.2,1,2,SDGE_2024_Q2_Tables1-15_R1.xlsx,Table 6,151,I151,https://efiling.energysafety.ca.gov/eFiling/Getfile.aspx?fileid=56226&shareable=true
T6R-7d17f8285f7d18fb,1060000142,4.o.t.2,exact,exact,4. Equipment / facility failure or damage,Switch,Transmission,HFTD Tier 2,# ignitions,exact,,0,,,SDG&E,2024,2,v3.2,1,2,SDGE_2024_Q2_Tables1-15_R1.xlsx,Table 6,152,I152,https://efiling.energysafety.ca.gov/eFiling/Getfile.aspx?fileid=56226&shareable=true
T6R-07bb998dcd6337ef,1060000143,4.o.t.3,exact,exact,4. Equipment / facility failure or damage,Switch,Transmission,HFTD Tier 3,# ignitions,exact,,0,,,SDG&E,2024,2,v3.2,1,2,SDGE_2024_Q2_Tables1-15_R1.xlsx,Table 6,153,I153,https://efiling.energysafety.ca.gov/eFiling/Getfile.aspx?fileid=56226&shareable=true
T6R-3c81000a1579bb45,1060000144,4.p.d.0,exact,exact,4. Equipment / facility failure or damage,Tap,Distribution,Non-HFTD,# ignitions,exact,,,,SDG&E does not currently track this driver,SDG&E,2024,2,v3.2,1,2,SDGE_2024_Q2_Tables1-15_R1.xlsx,Table 6,154,I154,https://efiling.energysafety.ca.gov/eFiling/Getfile.aspx?fileid=56226&shareable=true
T6R-e186e749394c3827,1060000145,4.p.d.2,exact,exact,4. Equipment / facility failure or damage,Tap,Distribution,HFTD Tier 2,# ignitions,exact,,,,SDG&E does not currently track this driver,SDG&E,2024,2,v3.2,1,2,SDGE_2024_Q2_Tables1-15_R1.xlsx,Table 6,155,I155,https://efiling.energysafety.ca.gov/eFiling/Getfile.aspx?fileid=56226&shareable=true
T6R-589a0bb320ea29f9,1060000146,4.p.d.3,exact,exact,4. Equipment / facility failure or damage,Tap,Distribution,HFTD Tier 3,# ignitions,exact,,,,SDG&E does not currently track this driver,SDG&E,2024,2,v3.2,1,2,SDGE_2024_Q2_Tables1-15_R1.xlsx,Table 6,156,I156,https://efiling.energysafety.ca.gov/eFiling/Getfile.aspx?fileid=56226&shareable=true
T6R-8925de6c034b7e8d,1060000147,4.p.t.0,exact,exact,4. Equipment / facility failure or damage,Tap,Transmission,Non-HFTD,# ignitions,exact,,,,SDG&E does not currently track this driver,SDG&E,2024,2,v3.2,1,2,SDGE_2024_Q2_Tables1-15_R1.xlsx,Table 6,157,I157,https://efiling.energysafety.ca.gov/eFiling/Getfile.aspx?fileid=56226&shareable=true
T6R-cf2cfbfcbcbed1ce,1060000148,4.p.t.2,exact,exact,4. Equipment / facility failure or damage,Tap,Transmission,HFTD Tier 2,# ignitions,exact,,,,SDG&E does not currently track this driver,SDG&E,2024,2,v3.2,1,2,SDGE_2024_Q2_Tables1-15_R1.xlsx,Table 6,158,I158,https://efiling.energysafety.ca.gov/eFiling/Getfile.aspx?fileid=56226&shareable=true
T6R-c5f7d425ca854c6b,1060000149,4.p.t.3,exact,exact,4. Equipment / facility failure or damage,Tap,Transmission,HFTD Tier 3,# ignitions,exact,,,,SDG&E does not currently track this driver,SDG&E,2024,2,v3.2,1,2,SDGE_2024_Q2_Tables1-15_R1.xlsx,Table 6,159,I159,https://efiling.energysafety.ca.gov/eFiling/Getfile.aspx?fileid=56226&shareable=true
T6R-b9646181270b873e,1060000150,4.q.d.0,exact,exact,4. Equipment / facility failure or damage,Tie wire,Distribution,Non-HFTD,# ignitions,exact,,,,SDG&E does not currently track this driver,SDG&E,2024,2,v3.2,1,2,SDGE_2024_Q2_Tables1-15_R1.xlsx,Table 6,160,I160,https://efiling.energysafety.ca.gov/eFiling/Getfile.aspx?fileid=56226&shareable=true
T6R-16a89d09077cc172,1060000151,4.q.d.2,exact,exact,4. Equipment / facility failure or damage,Tie wire,Distribution,HFTD Tier 2,# ignitions,exact,,,,SDG&E does not currently track this driver,SDG&E,2024,2,v3.2,1,2,SDGE_2024_Q2_Tables1-15_R1.xlsx,Table 6,161,I161,https://efiling.energysafety.ca.gov/eFiling/Getfile.aspx?fileid=56226&shareable=true
T6R-deed8e3a453379e4,1060000152,4.q.d.3,exact,exact,4. Equipment / facility failure or damage,Tie wire,Distribution,HFTD Tier 3,# ignitions,exact,,,,SDG&E does not currently track this driver,SDG&E,2024,2,v3.2,1,2,SDGE_2024_Q2_Tables1-15_R1.xlsx,Table 6,162,I162,https://efiling.energysafety.ca.gov/eFiling/Getfile.aspx?fileid=56226&shareable=true
T6R-5195e8efe9e52b3b,1060000153,4.q.t.0,exact,exact,4. Equipment / facility failure or damage,Tie wire,Transmission,Non-HFTD,# ignitions,exact,,,,SDG&E does not currently track this driver,SDG&E,2024,2,v3.2,1,2,SDGE_2024_Q2_Tables1-15_R1.xlsx,Table 6,163,I163,https://efiling.energysafety.ca.gov/eFiling/Getfile.aspx?fileid=56226&shareable=true
T6R-9e9151c43a564315,1060000154,4.q.t.2,exact,exact,4. Equipment / facility failure or damage,Tie wire,Transmission,HFTD Tier 2,# ignitions,exact,,,,SDG&E does not currently track this driver,SDG&E,2024,2,v3.2,1,2,SDGE_2024_Q2_Tables1-15_R1.xlsx,Table 6,164,I164,https://efiling.energysafety.ca.gov/eFiling/Getfile.aspx?fileid=56226&shareable=true
T6R-67d72bd6cc011289,1060000155,4.q.t.3,exact,exact,4. Equipment / facility failure or damage,Tie wire,Transmission,HFTD Tier 3,# ignitions,exact,,,,SDG&E does not currently track this driver,SDG&E,2024,2,v3.2,1,2,SDGE_2024_Q2_Tables1-15_R1.xlsx,Table 6,165,I165,https://efiling.energysafety.ca.gov/eFiling/Getfile.aspx?fileid=56226&shareable=true
T6R-58e77cee9134340d,1060000156,4.r.d.0,exact,exact,4. Equipment / facility failure or damage,Transformer,Distribution,Non-HFTD,# ignitions,exact,,0,,,SDG&E,2024,2,v3.2,1,2,SDGE_2024_Q2_Tables1-15_R1.xlsx,Table 6,166,I166,https://efiling.energysafety.ca.gov/eFiling/Getfile.aspx?fileid=56226&shareable=true
T6R-61133882dd8424da,1060000157,4.r.d.2,exact,exact,4. Equipment / facility failure or damage,Transformer,Distribution,HFTD Tier 2,# ignitions,exact,,0,,,SDG&E,2024,2,v3.2,1,2,SDGE_2024_Q2_Tables1-15_R1.xlsx,Table 6,167,I167,https://efiling.energysafety.ca.gov/eFiling/Getfile.aspx?fileid=56226&shareable=true
T6R-ec419b935d48d532,1060000158,4.r.d.3,exact,exact,4. Equipment / facility failure or damage,Transformer,Distribution,HFTD Tier 3,# ignitions,exact,,0,,,SDG&E,2024,2,v3.2,1,2,SDGE_2024_Q2_Tables1-15_R1.xlsx,Table 6,168,I168,https://efiling.energysafety.ca.gov/eFiling/Getfile.aspx?fileid=56226&shareable=true
T6R-16aaed2a77e3d624,1060000159,4.r.t.0,exact,exact,4. Equipment / facility failure or damage,Transformer,Transmission,Non-HFTD,# ignitions,exact,,0,,,SDG&E,2024,2,v3.2,1,2,SDGE_2024_Q2_Tables1-15_R1.xlsx,Table 6,169,I169,https://efiling.energysafety.ca.gov/eFiling/Getfile.aspx?fileid=56226&shareable=true
T6R-2a57622422a8297d,1060000160,4.r.t.2,exact,exact,4. Equipment / facility failure or damage,Transformer,Transmission,HFTD Tier 2,# ignitions,exact,,0,,,SDG&E,2024,2,v3.2,1,2,SDGE_2024_Q2_Tables1-15_R1.xlsx,Table 6,170,I170,https://efiling.energysafety.ca.gov/eFiling/Getfile.aspx?fileid=56226&shareable=true
T6R-4bcf79c53cbe77cb,1060000161,4.r.t.3,exact,exact,4. Equipment / facility failure or damage,Transformer,Transmission,HFTD Tier 3,# ignitions,exact,,0,,,SDG&E,2024,2,v3.2,1,2,SDGE_2024_Q2_Tables1-15_R1.xlsx,Table 6,171,I171,https://efiling.energysafety.ca.gov/eFiling/Getfile.aspx?fileid=56226&shareable=true
T6R-b845792daf75b709,1060000162,4.s.d.0,exact,canonical_label_update,4. Equipment / facility failure or damage,Voltage regulator / booster,Distribution,Non-HFTD,# ignitions,exact,,,,SDG&E does not currently track this driver,SDG&E,2024,2,v3.2,1,2,SDGE_2024_Q2_Tables1-15_R1.xlsx,Table 6,172,I172,https://efiling.energysafety.ca.gov/eFiling/Getfile.aspx?fileid=56226&shareable=true
T6R-b415a7f5df336c7e,1060000163,4.s.d.2,exact,canonical_label_update,4. Equipment / facility failure or damage,Voltage regulator / booster,Distribution,HFTD Tier 2,# ignitions,exact,,,,SDG&E does not currently track this driver,SDG&E,2024,2,v3.2,1,2,SDGE_2024_Q2_Tables1-15_R1.xlsx,Table 6,173,I173,https://efiling.energysafety.ca.gov/eFiling/Getfile.aspx?fileid=56226&shareable=true
T6R-335577574154a998,1060000164,4.s.d.3,exact,canonical_label_update,4. Equipment / facility failure or damage,Voltage regulator / booster,Distribution,HFTD Tier 3,# ignitions,exact,,,,SDG&E does not currently track this driver,SDG&E,2024,2,v3.2,1,2,SDGE_2024_Q2_Tables1-15_R1.xlsx,Table 6,174,I174,https://efiling.energysafety.ca.gov/eFiling/Getfile.aspx?fileid=56226&shareable=true
T6R-d1b94c217d81fc3c,1060000165,4.s.t.0,exact,canonical_label_update,4. Equipment / facility failure or damage,Voltage regulator / booster,Transmission,Non-HFTD,# ignitions,exact,,,,SDG&E does not currently track this driver,SDG&E,2024,2,v3.2,1,2,SDGE_2024_Q2_Tables1-15_R1.xlsx,Table 6,175,I175,https://efiling.energysafety.ca.gov/eFiling/Getfile.aspx?fileid=56226&shareable=true
T6R-203926103c4eee9c,1060000166,4.s.t.2,exact,canonical_label_update,4. Equipment / facility failure or damage,Voltage regulator / booster,Transmission,HFTD Tier 2,# ignitions,exact,,,,SDG&E does not currently track this driver,SDG&E,2024,2,v3.2,1,2,SDGE_2024_Q2_Tables1-15_R1.xlsx,Table 6,176,I176,https://efiling.energysafety.ca.gov/eFiling/Getfile.aspx?fileid=56226&shareable=true
T6R-7e60cf54058929d5,1060000167,4.s.t.3,exact,canonical_label_update,4. Equipment / facility failure or damage,Voltage regulator / booster,Transmission,HFTD Tier 3,# ignitions,exact,,,,SDG&E does not currently track this driver,SDG&E,2024,2,v3.2,1,2,SDGE_2024_Q2_Tables1-15_R1.xlsx,Table 6,177,I177,https://efiling.energysafety.ca.gov/eFiling/Getfile.aspx?fileid=56226&shareable=true
T6R-f32732050c8a65ac,1060000168,4.t.d.0,exact,canonical_label_update,4. Equipment / facility failure or damage,Unknown (equipment failure),Distribution,Non-HFTD,# ignitions,exact,,,,SDG&E does not currently track this driver,SDG&E,2024,2,v3.2,1,2,SDGE_2024_Q2_Tables1-15_R1.xlsx,Table 6,178,I178,https://efiling.energysafety.ca.gov/eFiling/Getfile.aspx?fileid=56226&shareable=true
T6R-63a3fa58e184e437,1060000169,4.t.d.2,exact,canonical_label_update,4. Equipment / facility failure or damage,Unknown (equipment failure),Distribution,HFTD Tier 2,# ignitions,exact,,,,SDG&E does not currently track this driver,SDG&E,2024,2,v3.2,1,2,SDGE_2024_Q2_Tables1-15_R1.xlsx,Table 6,179,I179,https://efiling.energysafety.ca.gov/eFiling/Getfile.aspx?fileid=56226&shareable=true
T6R-d76cdb6ecd0e38d2,1060000170,4.t.d.3,exact,canonical_label_update,4. Equipment / facility failure or damage,Unknown (equipment failure),Distribution,HFTD Tier 3,# ignitions,exact,,,,SDG&E does not currently track this driver,SDG&E,2024,2,v3.2,1,2,SDGE_2024_Q2_Tables1-15_R1.xlsx,Table 6,180,I180,https://efiling.energysafety.ca.gov/eFiling/Getfile.aspx?fileid=56226&shareable=true
T6R-723597d2a1fcfd1f,1060000171,4.t.t.0,exact,canonical_label_update,4. Equipment / facility failure or damage,Unknown (equipment failure),Transmission,Non-HFTD,# ignitions,exact,,,,SDG&E does not currently track this driver,SDG&E,2024,2,v3.2,1,2,SDGE_2024_Q2_Tables1-15_R1.xlsx,Table 6,181,I181,https://efiling.energysafety.ca.gov/eFiling/Getfile.aspx?fileid=56226&shareable=true
T6R-86fd7b822f071edd,1060000172,4.t.t.2,exact,canonical_label_update,4. Equipment / facility failure or damage,Unknown (equipment failure),Transmission,HFTD Tier 2,# ignitions,exact,,,,SDG&E does not currently track this driver,SDG&E,2024,2,v3.2,1,2,SDGE_2024_Q2_Tables1-15_R1.xlsx,Table 6,182,I182,https://efiling.energysafety.ca.gov/eFiling/Getfile.aspx?fileid=56226&shareable=true
T6R-de7442ae903677bf,1060000173,4.t.t.3,exact,canonical_label_update,4. Equipment / facility failure or damage,Unknown (equipment failure),Transmission,HFTD Tier 3,# ignitions,exact,,,,SDG&E does not currently track this driver,SDG&E,2024,2,v3.2,1,2,SDGE_2024_Q2_Tables1-15_R1.xlsx,Table 6,183,I183,https://efiling.energysafety.ca.gov/eFiling/Getfile.aspx?fileid=56226&shareable=true
T6R-9686030780597a0a,1060000174,4.u.d.0,exact,canonical_label_update,4. Equipment / facility failure or damage,Other (equipment failure),Distribution,Non-HFTD,# ignitions,exact,,0,,,SDG&E,2024,2,v3.2,1,2,SDGE_2024_Q2_Tables1-15_R1.xlsx,Table 6,184,I184,https://efiling.energysafety.ca.gov/eFiling/Getfile.aspx?fileid=56226&shareable=true
T6R-9e2cefabc8c1aee7,1060000175,4.u.d.2,exact,canonical_label_update,4. Equipment / facility failure or damage,Other (equipment failure),Distribution,HFTD Tier 2,# ignitions,exact,,0,,,SDG&E,2024,2,v3.2,1,2,SDGE_2024_Q2_Tables1-15_R1.xlsx,Table 6,185,I185,https://efiling.energysafety.ca.gov/eFiling/Getfile.aspx?fileid=56226&shareable=true
T6R-5833579e4195e5c7,1060000176,4.u.d.3,exact,canonical_label_update,4. Equipment / facility failure or damage,Other (equipment failure),Distribution,HFTD Tier 3,# ignitions,exact,,0,,,SDG&E,2024,2,v3.2,1,2,SDGE_2024_Q2_Tables1-15_R1.xlsx,Table 6,186,I186,https://efiling.energysafety.ca.gov/eFiling/Getfile.aspx?fileid=56226&shareable=true
T6R-b366949f0e335987,1060000177,4.u.t.0,exact,canonical_label_update,4. Equipment / facility failure or damage,Other (equipment failure),Transmission,Non-HFTD,# ignitions,exact,,0,,,SDG&E,2024,2,v3.2,1,2,SDGE_2024_Q2_Tables1-15_R1.xlsx,Table 6,187,I187,https://efiling.energysafety.ca.gov/eFiling/Getfile.aspx?fileid=56226&shareable=true
T6R-a8fb9ba02cbd4f4b,1060000178,4.u.t.2,exact,canonical_label_update,4. Equipment / facility failure or damage,Other (equipment failure),Transmission,HFTD Tier 2,# ignitions,exact,,1,,,SDG&E,2024,2,v3.2,1,2,SDGE_2024_Q2_Tables1-15_R1.xlsx,Table 6,188,I188,https://efiling.energysafety.ca.gov/eFiling/Getfile.aspx?fileid=56226&shareable=true
T6R-1d6477b577ed9758,1060000179,4.u.t.3,exact,canonical_label_update,4. Equipment / facility failure or damage,Other (equipment failure),Transmission,HFTD Tier 3,# ignitions,exact,,0,,,SDG&E,2024,2,v3.2,1,2,SDGE_2024_Q2_Tables1-15_R1.xlsx,Table 6,189,I189,https://efiling.energysafety.ca.gov/eFiling/Getfile.aspx?fileid=56226&shareable=true
T6R-a07c4ef352c709a4,1060000180,5.a.d.0,exact,exact,5. Wire-to-wire contact,Wire-to-wire contact,Distribution,Non-HFTD,# ignitions,exact,,0,,,SDG&E,2024,2,v3.2,1,2,SDGE_2024_Q2_Tables1-15_R1.xlsx,Table 6,190,I190,https://efiling.energysafety.ca.gov/eFiling/Getfile.aspx?fileid=56226&shareable=true
T6R-3ddc1b2f7fa72f37,1060000181,5.a.d.2,exact,exact,5. Wire-to-wire contact,Wire-to-wire contact,Distribution,HFTD Tier 2,# ignitions,exact,,0,,,SDG&E,2024,2,v3.2,1,2,SDGE_2024_Q2_Tables1-15_R1.xlsx,Table 6,191,I191,https://efiling.energysafety.ca.gov/eFiling/Getfile.aspx?fileid=56226&shareable=true
T6R-5b2eefbb29c5d56d,1060000182,5.a.d.3,exact,exact,5. Wire-to-wire contact,Wire-to-wire contact,Distribution,HFTD Tier 3,# ignitions,exact,,0,,,SDG&E,2024,2,v3.2,1,2,SDGE_2024_Q2_Tables1-15_R1.xlsx,Table 6,192,I192,https://efiling.energysafety.ca.gov/eFiling/Getfile.aspx?fileid=56226&shareable=true
T6R-39d39c274869d855,1060000183,5.a.t.0,exact,exact,5. Wire-to-wire contact,Wire-to-wire contact,Transmission,Non-HFTD,# ignitions,exact,,0,,,SDG&E,2024,2,v3.2,1,2,SDGE_2024_Q2_Tables1-15_R1.xlsx,Table 6,193,I193,https://efiling.energysafety.ca.gov/eFiling/Getfile.aspx?fileid=56226&shareable=true
T6R-826135f1cb3abc21,1060000184,5.a.t.2,exact,exact,5. Wire-to-wire contact,Wire-to-wire contact,Transmission,HFTD Tier 2,# ignitions,exact,,0,,,SDG&E,2024,2,v3.2,1,2,SDGE_2024_Q2_Tables1-15_R1.xlsx,Table 6,194,I194,https://efiling.energysafety.ca.gov/eFiling/Getfile.aspx?fileid=56226&shareable=true
T6R-d74934bc738ac50b,1060000185,5.a.t.3,exact,exact,5. Wire-to-wire contact,Wire-to-wire contact,Transmission,HFTD Tier 3,# ignitions,exact,,0,,,SDG&E,2024,2,v3.2,1,2,SDGE_2024_Q2_Tables1-15_R1.xlsx,Table 6,195,I195,https://efiling.energysafety.ca.gov/eFiling/Getfile.aspx?fileid=56226&shareable=true
T6R-a2897eafbae673e0,1060000186,6.a.d.0,exact,exact,6. Contamination,Contamination,Distribution,Non-HFTD,# ignitions,exact,,,,SDG&E does not currently track this driver,SDG&E,2024,2,v3.2,1,2,SDGE_2024_Q2_Tables1-15_R1.xlsx,Table 6,196,I196,https://efiling.energysafety.ca.gov/eFiling/Getfile.aspx?fileid=56226&shareable=true
T6R-443b7bc19e8bba8a,1060000187,6.a.d.2,exact,exact,6. Contamination,Contamination,Distribution,HFTD Tier 2,# ignitions,exact,,,,SDG&E does not currently track this driver,SDG&E,2024,2,v3.2,1,2,SDGE_2024_Q2_Tables1-15_R1.xlsx,Table 6,197,I197,https://efiling.energysafety.ca.gov/eFiling/Getfile.aspx?fileid=56226&shareable=true
T6R-71a60a7c74452e7e,1060000188,6.a.d.3,exact,exact,6. Contamination,Contamination,Distribution,HFTD Tier 3,# ignitions,exact,,,,SDG&E does not currently track this driver,SDG&E,2024,2,v3.2,1,2,SDGE_2024_Q2_Tables1-15_R1.xlsx,Table 6,198,I198,https://efiling.energysafety.ca.gov/eFiling/Getfile.aspx?fileid=56226&shareable=true
T6R-64095e52394f53fe,1060000189,6.a.t.0,exact,exact,6. Contamination,Contamination,Transmission,Non-HFTD,# ignitions,exact,,,,SDG&E does not currently track this driver,SDG&E,2024,2,v3.2,1,2,SDGE_2024_Q2_Tables1-15_R1.xlsx,Table 6,199,I199,https://efiling.energysafety.ca.gov/eFiling/Getfile.aspx?fileid=56226&shareable=true
T6R-651a66252cce32c7,1060000190,6.a.t.2,exact,exact,6. Contamination,Contamination,Transmission,HFTD Tier 2,# ignitions,exact,,,,SDG&E does not currently track this driver,SDG&E,2024,2,v3.2,1,2,SDGE_2024_Q2_Tables1-15_R1.xlsx,Table 6,200,I200,https://efiling.energysafety.ca.gov/eFiling/Getfile.aspx?fileid=56226&shareable=true
T6R-f1710eeb4489cfc9,1060000191,6.a.t.3,exact,exact,6. Contamination,Contamination,Transmission,HFTD Tier 3,# ignitions,exact,,,,SDG&E does not currently track this driver,SDG&E,2024,2,v3.2,1,2,SDGE_2024_Q2_Tables1-15_R1.xlsx,Table 6,201,I201,https://efiling.energysafety.ca.gov/eFiling/Getfile.aspx?fileid=56226&shareable=true
T6R-4647e86fc04c9981,1060000192,7.a.d.0,exact,exact,7. Protective device operation,Protective device operation,Distribution,Non-HFTD,# ignitions,exact,,,,SDG&E does not currently track this driver,SDG&E,2024,2,v3.2,1,2,SDGE_2024_Q2_Tables1-15_R1.xlsx,Table 6,202,I202,https://efiling.energysafety.ca.gov/eFiling/Getfile.aspx?fileid=56226&shareable=true
T6R-ecd32a3483d33d95,1060000193,7.a.d.2,exact,exact,7. Protective device operation,Protective device operation,Distribution,HFTD Tier 2,# ignitions,exact,,,,SDG&E does not currently track this driver,SDG&E,2024,2,v3.2,1,2,SDGE_2024_Q2_Tables1-15_R1.xlsx,Table 6,203,I203,https://efiling.energysafety.ca.gov/eFiling/Getfile.aspx?fileid=56226&shareable=true
T6R-e9b89f343754b018,1060000194,7.a.d.3,exact,exact,7. Protective device operation,Protective device operation,Distribution,HFTD Tier 3,# ignitions,exact,,,,SDG&E does not currently track this driver,SDG&E,2024,2,v3.2,1,2,SDGE_2024_Q2_Tables1-15_R1.xlsx,Table 6,204,I204,https://efiling.energysafety.ca.gov/eFiling/Getfile.aspx?fileid=56226&shareable=true
T6R-be48940ab96c97c1,1060000195,7.a.t.0,exact,exact,7. Protective device operation,Protective device operation,Transmission,Non-HFTD,# ignitions,exact,,,,SDG&E does not currently track this driver,SDG&E,2024,2,v3.2,1,2,SDGE_2024_Q2_Tables1-15_R1.xlsx,Table 6,205,I205,https://efiling.energysafety.ca.gov/eFiling/Getfile.aspx?fileid=56226&shareable=true
T6R-b612d576ece0021a,1060000196,7.a.t.2,exact,exact,7. Protective device operation,Protective device operation,Transmission,HFTD Tier 2,# ignitions,exact,,,,SDG&E does not currently track this driver,SDG&E,2024,2,v3.2,1,2,SDGE_2024_Q2_Tables1-15_R1.xlsx,Table 6,206,I206,https://efiling.energysafety.ca.gov/eFiling/Getfile.aspx?fileid=56226&shareable=true
T6R-501fe095d4e3878b,1060000197,7.a.t.3,exact,exact,7. Protective device operation,Protective device operation,Transmission,HFTD Tier 3,# ignitions,exact,,,,SDG&E does not currently track this driver,SDG&E,2024,2,v3.2,1,2,SDGE_2024_Q2_Tables1-15_R1.xlsx,Table 6,207,I207,https://efiling.energysafety.ca.gov/eFiling/Getfile.aspx?fileid=56226&shareable=true
T6R-d55099ae4acabe02,1060000198,8.a.d.0,exact,canonical_label_update,8. Vandalism / theft,Vandalism / theft,Distribution,Non-HFTD,# ignitions,exact,,0,,,SDG&E,2024,2,v3.2,1,2,SDGE_2024_Q2_Tables1-15_R1.xlsx,Table 6,208,I208,https://efiling.energysafety.ca.gov/eFiling/Getfile.aspx?fileid=56226&shareable=true
T6R-e11fdcfe9da5b5ae,1060000199,8.a.d.2,exact,canonical_label_update,8. Vandalism / theft,Vandalism / theft,Distribution,HFTD Tier 2,# ignitions,exact,,0,,,SDG&E,2024,2,v3.2,1,2,SDGE_2024_Q2_Tables1-15_R1.xlsx,Table 6,209,I209,https://efiling.energysafety.ca.gov/eFiling/Getfile.aspx?fileid=56226&shareable=true
T6R-0115c113348b3c2f,1060000200,8.a.d.3,exact,canonical_label_update,8. Vandalism / theft,Vandalism / theft,Distribution,HFTD Tier 3,# ignitions,exact,,0,,,SDG&E,2024,2,v3.2,1,2,SDGE_2024_Q2_Tables1-15_R1.xlsx,Table 6,210,I210,https://efiling.energysafety.ca.gov/eFiling/Getfile.aspx?fileid=56226&shareable=true
T6R-79028a48785360d0,1060000201,8.a.t.0,exact,canonical_label_update,8. Vandalism / theft,Vandalism / theft,Transmission,Non-HFTD,# ignitions,exact,,0,,,SDG&E,2024,2,v3.2,1,2,SDGE_2024_Q2_Tables1-15_R1.xlsx,Table 6,211,I211,https://efiling.energysafety.ca.gov/eFiling/Getfile.aspx?fileid=56226&shareable=true
T6R-8e553917e6bd2a62,1060000202,8.a.t.2,exact,canonical_label_update,8. Vandalism / theft,Vandalism / theft,Transmission,HFTD Tier 2,# ignitions,exact,,0,,,SDG&E,2024,2,v3.2,1,2,SDGE_2024_Q2_Tables1-15_R1.xlsx,Table 6,212,I212,https://efiling.energysafety.ca.gov/eFiling/Getfile.aspx?fileid=56226&shareable=true
T6R-72ad828d5f911b02,1060000203,8.a.t.3,exact,canonical_label_update,8. Vandalism / theft,Vandalism / theft,Transmission,HFTD Tier 3,# ignitions,exact,,0,,,SDG&E,2024,2,v3.2,1,2,SDGE_2024_Q2_Tables1-15_R1.xlsx,Table 6,213,I213,https://efiling.energysafety.ca.gov/eFiling/Getfile.aspx?fileid=56226&shareable=true
T6R-68c95a09fde58020,1060000204,9.a.d.0,exact,exact,9. Lightning,Lightning,Distribution,Non-HFTD,# ignitions,exact,,,,SDG&E did not track this driver historically but can implement for future ignitions,SDG&E,2024,2,v3.2,1,2,SDGE_2024_Q2_Tables1-15_R1.xlsx,Table 6,214,I214,https://efiling.energysafety.ca.gov/eFiling/Getfile.aspx?fileid=56226&shareable=true
T6R-a0acde280995de45,1060000205,9.a.d.2,exact,exact,9. Lightning,Lightning,Distribution,HFTD Tier 2,# ignitions,exact,,,,SDG&E did not track this driver historically but can implement for future ignitions,SDG&E,2024,2,v3.2,1,2,SDGE_2024_Q2_Tables1-15_R1.xlsx,Table 6,215,I215,https://efiling.energysafety.ca.gov/eFiling/Getfile.aspx?fileid=56226&shareable=true
T6R-546b396babb9aad0,1060000206,9.a.d.3,exact,exact,9. Lightning,Lightning,Distribution,HFTD Tier 3,# ignitions,exact,,,,SDG&E did not track this driver historically but can implement for future ignitions,SDG&E,2024,2,v3.2,1,2,SDGE_2024_Q2_Tables1-15_R1.xlsx,Table 6,216,I216,https://efiling.energysafety.ca.gov/eFiling/Getfile.aspx?fileid=56226&shareable=true
T6R-372fd65f7c70b832,1060000207,9.a.t.0,exact,exact,9. Lightning,Lightning,Transmission,Non-HFTD,# ignitions,exact,,,,SDG&E did not track this driver historically but can implement for future ignitions,SDG&E,2024,2,v3.2,1,2,SDGE_2024_Q2_Tables1-15_R1.xlsx,Table 6,217,I217,https://efiling.energysafety.ca.gov/eFiling/Getfile.aspx?fileid=56226&shareable=true
T6R-9e78911dc33d493a,1060000208,9.a.t.2,exact,exact,9. Lightning,Lightning,Transmission,HFTD Tier 2,# ignitions,exact,,,,SDG&E did not track this driver historically but can implement for future ignitions,SDG&E,2024,2,v3.2,1,2,SDGE_2024_Q2_Tables1-15_R1.xlsx,Table 6,218,I218,https://efiling.energysafety.ca.gov/eFiling/Getfile.aspx?fileid=56226&shareable=true
T6R-f1ce0d32cbb07b14,1060000209,9.a.t.3,exact,exact,9. Lightning,Lightning,Transmission,HFTD Tier 3,# ignitions,exact,,,,SDG&E did not track this driver historically but can implement for future ignitions,SDG&E,2024,2,v3.2,1,2,SDGE_2024_Q2_Tables1-15_R1.xlsx,Table 6,219,I219,https://efiling.energysafety.ca.gov/eFiling/Getfile.aspx?fileid=56226&shareable=true
T6R-5bbe4a58889bb97e,1060000210,10.a.d.0,exact,canonical_label_update,10. Unknown,Unknown (unknown),Distribution,Non-HFTD,# ignitions,exact,,0,,,SDG&E,2024,2,v3.2,1,2,SDGE_2024_Q2_Tables1-15_R1.xlsx,Table 6,220,I220,https://efiling.energysafety.ca.gov/eFiling/Getfile.aspx?fileid=56226&shareable=true
T6R-87a6f7c88e86deac,1060000211,10.a.d.2,exact,canonical_label_update,10. Unknown,Unknown (unknown),Distribution,HFTD Tier 2,# ignitions,exact,,0,,,SDG&E,2024,2,v3.2,1,2,SDGE_2024_Q2_Tables1-15_R1.xlsx,Table 6,221,I221,https://efiling.energysafety.ca.gov/eFiling/Getfile.aspx?fileid=56226&shareable=true
T6R-54be15c3ef79ef05,1060000212,10.a.d.3,exact,canonical_label_update,10. Unknown,Unknown (unknown),Distribution,HFTD Tier 3,# ignitions,exact,,0,,,SDG&E,2024,2,v3.2,1,2,SDGE_2024_Q2_Tables1-15_R1.xlsx,Table 6,222,I222,https://efiling.energysafety.ca.gov/eFiling/Getfile.aspx?fileid=56226&shareable=true
T6R-aea6226b4f928f6e,1060000213,10.a.t.0,exact,canonical_label_update,10. Unknown,Unknown (unknown),Transmission,Non-HFTD,# ignitions,exact,,0,,,SDG&E,2024,2,v3.2,1,2,SDGE_2024_Q2_Tables1-15_R1.xlsx,Table 6,223,I223,https://efiling.energysafety.ca.gov/eFiling/Getfile.aspx?fileid=56226&shareable=true
T6R-bce1b3203ac84cd4,1060000214,10.a.t.2,exact,canonical_label_update,10. Unknown,Unknown (unknown),Transmission,HFTD Tier 2,# ignitions,exact,,0,,,SDG&E,2024,2,v3.2,1,2,SDGE_2024_Q2_Tables1-15_R1.xlsx,Table 6,224,I224,https://efiling.energysafety.ca.gov/eFiling/Getfile.aspx?fileid=56226&shareable=true
T6R-74b6fc0bf475aad8,1060000215,10.a.t.3,exact,canonical_label_update,10. Unknown,Unknown (unknown),Transmission,HFTD Tier 3,# ignitions,exact,,0,,,SDG&E,2024,2,v3.2,1,2,SDGE_2024_Q2_Tables1-15_R1.xlsx,Table 6,225,I225,https://efiling.energysafety.ca.gov/eFiling/Getfile.aspx?fileid=56226&shareable=true
T6R-7b533e5c8fe74c43,1060000216,11.a.d.0,exact,canonical_label_update,11. Other,Other (other),Distribution,Non-HFTD,# ignitions,exact,,0,,,SDG&E,2024,2,v3.2,1,2,SDGE_2024_Q2_Tables1-15_R1.xlsx,Table 6,226,I226,https://efiling.energysafety.ca.gov/eFiling/Getfile.aspx?fileid=56226&shareable=true
T6R-b122665fcbfc4c9a,1060000217,11.a.d.2,exact,canonical_label_update,11. Other,Other (other),Distribution,HFTD Tier 2,# ignitions,exact,,0,,,SDG&E,2024,2,v3.2,1,2,SDGE_2024_Q2_Tables1-15_R1.xlsx,Table 6,227,I227,https://efiling.energysafety.ca.gov/eFiling/Getfile.aspx?fileid=56226&shareable=true
T6R-7f5c955d04359d19,1060000218,11.a.d.3,exact,canonical_label_update,11. Other,Other (other),Distribution,HFTD Tier 3,# ignitions,exact,,0,,,SDG&E,2024,2,v3.2,1,2,SDGE_2024_Q2_Tables1-15_R1.xlsx,Table 6,228,I228,https://efiling.energysafety.ca.gov/eFiling/Getfile.aspx?fileid=56226&shareable=true
T6R-27e51af9f81fa29d,1060000219,11.a.t.0,exact,canonical_label_update,11. Other,Other (other),Transmission,Non-HFTD,# ignitions,exact,,0,,,SDG&E,2024,2,v3.2,1,2,SDGE_2024_Q2_Tables1-15_R1.xlsx,Table 6,229,I229,https://efiling.energysafety.ca.gov/eFiling/Getfile.aspx?fileid=56226&shareable=true
T6R-1b1e5d1818179fb9,1060000220,11.a.t.2,exact,canonical_label_update,11. Other,Other (other),Transmission,HFTD Tier 2,# ignitions,exact,,0,,,SDG&E,2024,2,v3.2,1,2,SDGE_2024_Q2_Tables1-15_R1.xlsx,Table 6,230,I230,https://efiling.energysafety.ca.gov/eFiling/Getfile.aspx?fileid=56226&shareable=true
T6R-1cc606389b83f33c,1060000221,11.a.t.3,exact,canonical_label_update,11. Other,Other (other),Transmission,HFTD Tier 3,# ignitions,exact,,0,,,SDG&E,2024,2,v3.2,1,2,SDGE_2024_Q2_Tables1-15_R1.xlsx,Table 6,231,I231,https://efiling.energysafety.ca.gov/eFiling/Getfile.aspx?fileid=56226&shareable=true
T6R-b438f1d0df9dd6ea,1060000000,1.a.d.0,exact,exact,1. Dig-in,Dig-in,Distribution,Non-HFTD,# ignitions,exact,,,2023 Projection will remain the same as submitted in the 2023 Base WMP,SDG&E does not consider this driver as a risk event - see comments in QDR cover letter,SDG&E,2024,3,v3.2,1,3,SDGE_2024_Q3_Tables1-15_Rev1.xlsx,Table 6,10,I10,https://efiling.energysafety.ca.gov/eFiling/Getfile.aspx?fileid=56226&shareable=true
T6R-40680a64d5245326,1060000001,1.a.d.2,exact,exact,1. Dig-in,Dig-in,Distribution,HFTD Tier 2,# ignitions,exact,,,,SDG&E does not consider this driver as a risk event - see comments in QDR cover letter,SDG&E,2024,3,v3.2,1,3,SDGE_2024_Q3_Tables1-15_Rev1.xlsx,Table 6,11,I11,https://efiling.energysafety.ca.gov/eFiling/Getfile.aspx?fileid=56226&shareable=true
T6R-0a21de1e69778f46,1060000002,1.a.d.3,exact,exact,1. Dig-in,Dig-in,Distribution,HFTD Tier 3,# ignitions,exact,,,,SDG&E does not consider this driver as a risk event - see comments in QDR cover letter,SDG&E,2024,3,v3.2,1,3,SDGE_2024_Q3_Tables1-15_Rev1.xlsx,Table 6,12,I12,https://efiling.energysafety.ca.gov/eFiling/Getfile.aspx?fileid=56226&shareable=true
T6R-36f294b7627d062a,1060000003,1.a.t.0,exact,exact,1. Dig-in,Dig-in,Transmission,Non-HFTD,# ignitions,exact,,,,SDG&E does not consider this driver as a risk event - see comments in QDR cover letter,SDG&E,2024,3,v3.2,1,3,SDGE_2024_Q3_Tables1-15_Rev1.xlsx,Table 6,13,I13,https://efiling.energysafety.ca.gov/eFiling/Getfile.aspx?fileid=56226&shareable=true
T6R-dc7d83329c249f94,1060000004,1.a.t.2,exact,exact,1. Dig-in,Dig-in,Transmission,HFTD Tier 2,# ignitions,exact,,,,SDG&E does not consider this driver as a risk event - see comments in QDR cover letter,SDG&E,2024,3,v3.2,1,3,SDGE_2024_Q3_Tables1-15_Rev1.xlsx,Table 6,14,I14,https://efiling.energysafety.ca.gov/eFiling/Getfile.aspx?fileid=56226&shareable=true
T6R-a6b84a67c4e2538a,1060000005,1.a.t.3,exact,exact,1. Dig-in,Dig-in,Transmission,HFTD Tier 3,# ignitions,exact,,,,SDG&E does not consider this driver as a risk event - see comments in QDR cover letter,SDG&E,2024,3,v3.2,1,3,SDGE_2024_Q3_Tables1-15_Rev1.xlsx,Table 6,15,I15,https://efiling.energysafety.ca.gov/eFiling/Getfile.aspx?fileid=56226&shareable=true
T6R-5697c06da24fd7b8,1060000006,2.a.d.0,exact,exact,2. Contact from object,Animal contact,Distribution,Non-HFTD,# ignitions,exact,,0,,,SDG&E,2024,3,v3.2,1,3,SDGE_2024_Q3_Tables1-15_Rev1.xlsx,Table 6,16,I16,https://efiling.energysafety.ca.gov/eFiling/Getfile.aspx?fileid=56226&shareable=true
T6R-def03a74b19e74e9,1060000007,2.a.d.2,exact,exact,2. Contact from object,Animal contact,Distribution,HFTD Tier 2,# ignitions,exact,,2,,,SDG&E,2024,3,v3.2,1,3,SDGE_2024_Q3_Tables1-15_Rev1.xlsx,Table 6,17,I17,https://efiling.energysafety.ca.gov/eFiling/Getfile.aspx?fileid=56226&shareable=true
T6R-457ad035b1ce5c6a,1060000008,2.a.d.3,exact,exact,2. Contact from object,Animal contact,Distribution,HFTD Tier 3,# ignitions,exact,,2,,,SDG&E,2024,3,v3.2,1,3,SDGE_2024_Q3_Tables1-15_Rev1.xlsx,Table 6,18,I18,https://efiling.energysafety.ca.gov/eFiling/Getfile.aspx?fileid=56226&shareable=true
T6R-157744a7f46f9ed0,1060000009,2.a.t.0,exact,exact,2. Contact from object,Animal contact,Transmission,Non-HFTD,# ignitions,exact,,0,,,SDG&E,2024,3,v3.2,1,3,SDGE_2024_Q3_Tables1-15_Rev1.xlsx,Table 6,19,I19,https://efiling.energysafety.ca.gov/eFiling/Getfile.aspx?fileid=56226&shareable=true
T6R-eae717b93b3ded3f,1060000010,2.a.t.2,exact,exact,2. Contact from object,Animal contact,Transmission,HFTD Tier 2,# ignitions,exact,,1,,,SDG&E,2024,3,v3.2,1,3,SDGE_2024_Q3_Tables1-15_Rev1.xlsx,Table 6,20,I20,https://efiling.energysafety.ca.gov/eFiling/Getfile.aspx?fileid=56226&shareable=true
T6R-9948c3b8984638a7,1060000011,2.a.t.3,exact,exact,2. Contact from object,Animal contact,Transmission,HFTD Tier 3,# ignitions,exact,,0,,,SDG&E,2024,3,v3.2,1,3,SDGE_2024_Q3_Tables1-15_Rev1.xlsx,Table 6,21,I21,https://efiling.energysafety.ca.gov/eFiling/Getfile.aspx?fileid=56226&shareable=true
T6R-0d63ac5e6ef2414a,1060000012,2.b.d.0,exact,exact,2. Contact from object,Balloon contact,Distribution,Non-HFTD,# ignitions,exact,,0,,,SDG&E,2024,3,v3.2,1,3,SDGE_2024_Q3_Tables1-15_Rev1.xlsx,Table 6,22,I22,https://efiling.energysafety.ca.gov/eFiling/Getfile.aspx?fileid=56226&shareable=true
T6R-5ea55315ed13d461,1060000013,2.b.d.2,exact,exact,2. Contact from object,Balloon contact,Distribution,HFTD Tier 2,# ignitions,exact,,0,,,SDG&E,2024,3,v3.2,1,3,SDGE_2024_Q3_Tables1-15_Rev1.xlsx,Table 6,23,I23,https://efiling.energysafety.ca.gov/eFiling/Getfile.aspx?fileid=56226&shareable=true
T6R-30f55629ff09891f,1060000014,2.b.d.3,exact,exact,2. Contact from object,Balloon contact,Distribution,HFTD Tier 3,# ignitions,exact,,0,,,SDG&E,2024,3,v3.2,1,3,SDGE_2024_Q3_Tables1-15_Rev1.xlsx,Table 6,24,I24,https://efiling.energysafety.ca.gov/eFiling/Getfile.aspx?fileid=56226&shareable=true
T6R-dbd87e11d9642fc2,1060000015,2.b.t.0,exact,exact,2. Contact from object,Balloon contact,Transmission,Non-HFTD,# ignitions,exact,,0,,,SDG&E,2024,3,v3.2,1,3,SDGE_2024_Q3_Tables1-15_Rev1.xlsx,Table 6,25,I25,https://efiling.energysafety.ca.gov/eFiling/Getfile.aspx?fileid=56226&shareable=true
T6R-d7df6c82fcbb0637,1060000016,2.b.t.2,exact,exact,2. Contact from object,Balloon contact,Transmission,HFTD Tier 2,# ignitions,exact,,0,,,SDG&E,2024,3,v3.2,1,3,SDGE_2024_Q3_Tables1-15_Rev1.xlsx,Table 6,26,I26,https://efiling.energysafety.ca.gov/eFiling/Getfile.aspx?fileid=56226&shareable=true
T6R-9504ec19d5c80abc,1060000017,2.b.t.3,exact,exact,2. Contact from object,Balloon contact,Transmission,HFTD Tier 3,# ignitions,exact,,0,,,SDG&E,2024,3,v3.2,1,3,SDGE_2024_Q3_Tables1-15_Rev1.xlsx,Table 6,27,I27,https://efiling.energysafety.ca.gov/eFiling/Getfile.aspx?fileid=56226&shareable=true
T6R-d5156a58f4d447b0,1060000018,2.c.d.0,exact,exact,2. Contact from object,Land vehicle contact,Distribution,Non-HFTD,# ignitions,exact,,0,,,SDG&E,2024,3,v3.2,1,3,SDGE_2024_Q3_Tables1-15_Rev1.xlsx,Table 6,28,I28,https://efiling.energysafety.ca.gov/eFiling/Getfile.aspx?fileid=56226&shareable=true
T6R-7b8ec83c4c7904b9,1060000019,2.c.d.2,exact,exact,2. Contact from object,Land vehicle contact,Distribution,HFTD Tier 2,# ignitions,exact,,1,,,SDG&E,2024,3,v3.2,1,3,SDGE_2024_Q3_Tables1-15_Rev1.xlsx,Table 6,29,I29,https://efiling.energysafety.ca.gov/eFiling/Getfile.aspx?fileid=56226&shareable=true
T6R-ce2611c46683d04b,1060000020,2.c.d.3,exact,exact,2. Contact from object,Land vehicle contact,Distribution,HFTD Tier 3,# ignitions,exact,,1,,,SDG&E,2024,3,v3.2,1,3,SDGE_2024_Q3_Tables1-15_Rev1.xlsx,Table 6,30,I30,https://efiling.energysafety.ca.gov/eFiling/Getfile.aspx?fileid=56226&shareable=true
T6R-810ef283057495bd,1060000021,2.c.t.0,exact,exact,2. Contact from object,Land vehicle contact,Transmission,Non-HFTD,# ignitions,exact,,0,,,SDG&E,2024,3,v3.2,1,3,SDGE_2024_Q3_Tables1-15_Rev1.xlsx,Table 6,31,I31,https://efiling.energysafety.ca.gov/eFiling/Getfile.aspx?fileid=56226&shareable=true
T6R-484ea3decc731222,1060000022,2.c.t.2,exact,exact,2. Contact from object,Land vehicle contact,Transmission,HFTD Tier 2,# ignitions,exact,,0,,,SDG&E,2024,3,v3.2,1,3,SDGE_2024_Q3_Tables1-15_Rev1.xlsx,Table 6,32,I32,https://efiling.energysafety.ca.gov/eFiling/Getfile.aspx?fileid=56226&shareable=true
T6R-39a562afebac4ea1,1060000023,2.c.t.3,exact,exact,2. Contact from object,Land vehicle contact,Transmission,HFTD Tier 3,# ignitions,exact,,0,,,SDG&E,2024,3,v3.2,1,3,SDGE_2024_Q3_Tables1-15_Rev1.xlsx,Table 6,33,I33,https://efiling.energysafety.ca.gov/eFiling/Getfile.aspx?fileid=56226&shareable=true
T6R-7db4746cad1af1ac,1060000024,2.d.d.0,exact,exact,2. Contact from object,Aircraft vehicle contact,Distribution,Non-HFTD,# ignitions,exact,,,,SDG&E did not track this driver historically but can implement for future ignitions,SDG&E,2024,3,v3.2,1,3,SDGE_2024_Q3_Tables1-15_Rev1.xlsx,Table 6,34,I34,https://efiling.energysafety.ca.gov/eFiling/Getfile.aspx?fileid=56226&shareable=true
T6R-03d9e1a6f62f42ea,1060000025,2.d.d.2,exact,exact,2. Contact from object,Aircraft vehicle contact,Distribution,HFTD Tier 2,# ignitions,exact,,,,SDG&E did not track this driver historically but can implement for future ignitions,SDG&E,2024,3,v3.2,1,3,SDGE_2024_Q3_Tables1-15_Rev1.xlsx,Table 6,35,I35,https://efiling.energysafety.ca.gov/eFiling/Getfile.aspx?fileid=56226&shareable=true
T6R-d5a98a76640cc198,1060000026,2.d.d.3,exact,exact,2. Contact from object,Aircraft vehicle contact,Distribution,HFTD Tier 3,# ignitions,exact,,,,SDG&E did not track this driver historically but can implement for future ignitions,SDG&E,2024,3,v3.2,1,3,SDGE_2024_Q3_Tables1-15_Rev1.xlsx,Table 6,36,I36,https://efiling.energysafety.ca.gov/eFiling/Getfile.aspx?fileid=56226&shareable=true
T6R-d40f2a0420643cb2,1060000027,2.d.t.0,exact,exact,2. Contact from object,Aircraft vehicle contact,Transmission,Non-HFTD,# ignitions,exact,,,,SDG&E did not track this driver historically but can implement for future ignitions,SDG&E,2024,3,v3.2,1,3,SDGE_2024_Q3_Tables1-15_Rev1.xlsx,Table 6,37,I37,https://efiling.energysafety.ca.gov/eFiling/Getfile.aspx?fileid=56226&shareable=true
T6R-1b671a6e2afbb36c,1060000028,2.d.t.2,exact,exact,2. Contact from object,Aircraft vehicle contact,Transmission,HFTD Tier 2,# ignitions,exact,,,,SDG&E did not track this driver historically but can implement for future ignitions,SDG&E,2024,3,v3.2,1,3,SDGE_2024_Q3_Tables1-15_Rev1.xlsx,Table 6,38,I38,https://efiling.energysafety.ca.gov/eFiling/Getfile.aspx?fileid=56226&shareable=true
T6R-e2e18b837f0b9e53,1060000029,2.d.t.3,exact,exact,2. Contact from object,Aircraft vehicle contact,Transmission,HFTD Tier 3,# ignitions,exact,,,,SDG&E did not track this driver historically but can implement for future ignitions,SDG&E,2024,3,v3.2,1,3,SDGE_2024_Q3_Tables1-15_Rev1.xlsx,Table 6,39,I39,https://efiling.energysafety.ca.gov/eFiling/Getfile.aspx?fileid=56226&shareable=true
T6R-83176fad6c1ef330,1060000030,2.e.d.0,exact,exact,2. Contact from object,3rd party facility,Distribution,Non-HFTD,# ignitions,exact,,,,"SDGE includes this metric in #11 ""Other""",SDG&E,2024,3,v3.2,1,3,SDGE_2024_Q3_Tables1-15_Rev1.xlsx,Table 6,40,I40,https://efiling.energysafety.ca.gov/eFiling/Getfile.aspx?fileid=56226&shareable=true
T6R-8e9b2c44cb208da7,1060000031,2.e.d.2,exact,exact,2. Contact from object,3rd party facility,Distribution,HFTD Tier 2,# ignitions,exact,,,,"SDGE includes this metric in #11 ""Other""",SDG&E,2024,3,v3.2,1,3,SDGE_2024_Q3_Tables1-15_Rev1.xlsx,Table 6,41,I41,https://efiling.energysafety.ca.gov/eFiling/Getfile.aspx?fileid=56226&shareable=true
T6R-0388e845110770dc,1060000032,2.e.d.3,exact,exact,2. Contact from object,3rd party facility,Distribution,HFTD Tier 3,# ignitions,exact,,,,"SDGE includes this metric in #11 ""Other""",SDG&E,2024,3,v3.2,1,3,SDGE_2024_Q3_Tables1-15_Rev1.xlsx,Table 6,42,I42,https://efiling.energysafety.ca.gov/eFiling/Getfile.aspx?fileid=56226&shareable=true
T6R-ffc050a243d70399,1060000033,2.e.t.0,exact,exact,2. Contact from object,3rd party facility,Transmission,Non-HFTD,# ignitions,exact,,,,"SDGE includes this metric in #11 ""Other""",SDG&E,2024,3,v3.2,1,3,SDGE_2024_Q3_Tables1-15_Rev1.xlsx,Table 6,43,I43,https://efiling.energysafety.ca.gov/eFiling/Getfile.aspx?fileid=56226&shareable=true
T6R-ae8645400329eeff,1060000034,2.e.t.2,exact,exact,2. Contact from object,3rd party facility,Transmission,HFTD Tier 2,# ignitions,exact,,,,"SDGE includes this metric in #11 ""Other""",SDG&E,2024,3,v3.2,1,3,SDGE_2024_Q3_Tables1-15_Rev1.xlsx,Table 6,44,I44,https://efiling.energysafety.ca.gov/eFiling/Getfile.aspx?fileid=56226&shareable=true
T6R-437a169d1e50f8d8,1060000035,2.e.t.3,exact,exact,2. Contact from object,3rd party facility,Transmission,HFTD Tier 3,# ignitions,exact,,,,"SDGE includes this metric in #11 ""Other""",SDG&E,2024,3,v3.2,1,3,SDGE_2024_Q3_Tables1-15_Rev1.xlsx,Table 6,45,I45,https://efiling.energysafety.ca.gov/eFiling/Getfile.aspx?fileid=56226&shareable=true
T6R-5bbba6aa5284103c,1060000036,2.f.d.0,exact,canonical_label_update,2. Contact from object,Unknown (contact from object),Distribution,Non-HFTD,# ignitions,exact,,,,SDG&E does not currently track this driver,SDG&E,2024,3,v3.2,1,3,SDGE_2024_Q3_Tables1-15_Rev1.xlsx,Table 6,46,I46,https://efiling.energysafety.ca.gov/eFiling/Getfile.aspx?fileid=56226&shareable=true
T6R-e09b02c7a75b59a4,1060000037,2.f.d.2,exact,canonical_label_update,2. Contact from object,Unknown (contact from object),Distribution,HFTD Tier 2,# ignitions,exact,,,,SDG&E does not currently track this driver,SDG&E,2024,3,v3.2,1,3,SDGE_2024_Q3_Tables1-15_Rev1.xlsx,Table 6,47,I47,https://efiling.energysafety.ca.gov/eFiling/Getfile.aspx?fileid=56226&shareable=true
T6R-f348bfc18325564a,1060000038,2.f.d.3,exact,canonical_label_update,2. Contact from object,Unknown (contact from object),Distribution,HFTD Tier 3,# ignitions,exact,,,,SDG&E does not currently track this driver,SDG&E,2024,3,v3.2,1,3,SDGE_2024_Q3_Tables1-15_Rev1.xlsx,Table 6,48,I48,https://efiling.energysafety.ca.gov/eFiling/Getfile.aspx?fileid=56226&shareable=true
T6R-550f2f61fec9aa5d,1060000039,2.f.t.0,exact,canonical_label_update,2. Contact from object,Unknown (contact from object),Transmission,Non-HFTD,# ignitions,exact,,,,SDG&E does not currently track this driver,SDG&E,2024,3,v3.2,1,3,SDGE_2024_Q3_Tables1-15_Rev1.xlsx,Table 6,49,I49,https://efiling.energysafety.ca.gov/eFiling/Getfile.aspx?fileid=56226&shareable=true
T6R-90046070487fadab,1060000040,2.f.t.2,exact,canonical_label_update,2. Contact from object,Unknown (contact from object),Transmission,HFTD Tier 2,# ignitions,exact,,,,SDG&E does not currently track this driver,SDG&E,2024,3,v3.2,1,3,SDGE_2024_Q3_Tables1-15_Rev1.xlsx,Table 6,50,I50,https://efiling.energysafety.ca.gov/eFiling/Getfile.aspx?fileid=56226&shareable=true
T6R-8e134108183b55c8,1060000041,2.f.t.3,exact,canonical_label_update,2. Contact from object,Unknown (contact from object),Transmission,HFTD Tier 3,# ignitions,exact,,,,SDG&E does not currently track this driver,SDG&E,2024,3,v3.2,1,3,SDGE_2024_Q3_Tables1-15_Rev1.xlsx,Table 6,51,I51,https://efiling.energysafety.ca.gov/eFiling/Getfile.aspx?fileid=56226&shareable=true
T6R-4ea0144f3990734e,1060000042,2.g.d.0,exact,canonical_label_update,2. Contact from object,Other (contact from object),Distribution,Non-HFTD,# ignitions,exact,,0,,,SDG&E,2024,3,v3.2,1,3,SDGE_2024_Q3_Tables1-15_Rev1.xlsx,Table 6,52,I52,https://efiling.energysafety.ca.gov/eFiling/Getfile.aspx?fileid=56226&shareable=true
T6R-eff54875fdeae4a5,1060000043,2.g.d.2,exact,canonical_label_update,2. Contact from object,Other (contact from object),Distribution,HFTD Tier 2,# ignitions,exact,,0,,,SDG&E,2024,3,v3.2,1,3,SDGE_2024_Q3_Tables1-15_Rev1.xlsx,Table 6,53,I53,https://efiling.energysafety.ca.gov/eFiling/Getfile.aspx?fileid=56226&shareable=true
T6R-e0578527785fd652,1060000044,2.g.d.3,exact,canonical_label_update,2. Contact from object,Other (contact from object),Distribution,HFTD Tier 3,# ignitions,exact,,0,,,SDG&E,2024,3,v3.2,1,3,SDGE_2024_Q3_Tables1-15_Rev1.xlsx,Table 6,54,I54,https://efiling.energysafety.ca.gov/eFiling/Getfile.aspx?fileid=56226&shareable=true
T6R-ecf54f88f16e1d1e,1060000045,2.g.t.0,exact,canonical_label_update,2. Contact from object,Other (contact from object),Transmission,Non-HFTD,# ignitions,exact,,0,,,SDG&E,2024,3,v3.2,1,3,SDGE_2024_Q3_Tables1-15_Rev1.xlsx,Table 6,55,I55,https://efiling.energysafety.ca.gov/eFiling/Getfile.aspx?fileid=56226&shareable=true
T6R-12c16ba81bbdb568,1060000046,2.g.t.2,exact,canonical_label_update,2. Contact from object,Other (contact from object),Transmission,HFTD Tier 2,# ignitions,exact,,0,,,SDG&E,2024,3,v3.2,1,3,SDGE_2024_Q3_Tables1-15_Rev1.xlsx,Table 6,56,I56,https://efiling.energysafety.ca.gov/eFiling/Getfile.aspx?fileid=56226&shareable=true
T6R-bd9e1bd46e109991,1060000047,2.g.t.3,exact,canonical_label_update,2. Contact from object,Other (contact from object),Transmission,HFTD Tier 3,# ignitions,exact,,0,,,SDG&E,2024,3,v3.2,1,3,SDGE_2024_Q3_Tables1-15_Rev1.xlsx,Table 6,57,I57,https://efiling.energysafety.ca.gov/eFiling/Getfile.aspx?fileid=56226&shareable=true
T6R-16fcc2cd4636991c,1060000048,3.a.d.0,exact,exact,3. Vegetation contact,Vegetation contact,Distribution,Non-HFTD,# ignitions,exact,,0,,,SDG&E,2024,3,v3.2,1,3,SDGE_2024_Q3_Tables1-15_Rev1.xlsx,Table 6,58,I58,https://efiling.energysafety.ca.gov/eFiling/Getfile.aspx?fileid=56226&shareable=true
T6R-e517c73a2f903447,1060000049,3.a.d.2,exact,exact,3. Vegetation contact,Vegetation contact,Distribution,HFTD Tier 2,# ignitions,exact,,0,,,SDG&E,2024,3,v3.2,1,3,SDGE_2024_Q3_Tables1-15_Rev1.xlsx,Table 6,59,I59,https://efiling.energysafety.ca.gov/eFiling/Getfile.aspx?fileid=56226&shareable=true
T6R-d862849c3639cea1,1060000050,3.a.d.3,exact,exact,3. Vegetation contact,Vegetation contact,Distribution,HFTD Tier 3,# ignitions,exact,,1,,,SDG&E,2024,3,v3.2,1,3,SDGE_2024_Q3_Tables1-15_Rev1.xlsx,Table 6,60,I60,https://efiling.energysafety.ca.gov/eFiling/Getfile.aspx?fileid=56226&shareable=true
T6R-202d44c030e73acb,1060000051,3.a.t.0,exact,exact,3. Vegetation contact,Vegetation contact,Transmission,Non-HFTD,# ignitions,exact,,0,,,SDG&E,2024,3,v3.2,1,3,SDGE_2024_Q3_Tables1-15_Rev1.xlsx,Table 6,61,I61,https://efiling.energysafety.ca.gov/eFiling/Getfile.aspx?fileid=56226&shareable=true
T6R-03769db18b23ad51,1060000052,3.a.t.2,exact,exact,3. Vegetation contact,Vegetation contact,Transmission,HFTD Tier 2,# ignitions,exact,,0,,,SDG&E,2024,3,v3.2,1,3,SDGE_2024_Q3_Tables1-15_Rev1.xlsx,Table 6,62,I62,https://efiling.energysafety.ca.gov/eFiling/Getfile.aspx?fileid=56226&shareable=true
T6R-6ae885e34d117bbe,1060000053,3.a.t.3,exact,exact,3. Vegetation contact,Vegetation contact,Transmission,HFTD Tier 3,# ignitions,exact,,0,,,SDG&E,2024,3,v3.2,1,3,SDGE_2024_Q3_Tables1-15_Rev1.xlsx,Table 6,63,I63,https://efiling.energysafety.ca.gov/eFiling/Getfile.aspx?fileid=56226&shareable=true
T6R-6e8fb6027eea60bf,1060000054,4.a.d.0,corrected_in_v3_2,canonical_label_update,4. Equipment / facility failure or damage,Anchor / guy,Distribution,Non-HFTD,# ignitions,exact,,0,,,SDG&E,2024,3,v3.2,1,3,SDGE_2024_Q3_Tables1-15_Rev1.xlsx,Table 6,64,I64,https://efiling.energysafety.ca.gov/eFiling/Getfile.aspx?fileid=56226&shareable=true
T6R-890b8c2f19709533,1060000055,4.a.d.2,exact,canonical_label_update,4. Equipment / facility failure or damage,Anchor / guy,Distribution,HFTD Tier 2,# ignitions,exact,,0,,,SDG&E,2024,3,v3.2,1,3,SDGE_2024_Q3_Tables1-15_Rev1.xlsx,Table 6,65,I65,https://efiling.energysafety.ca.gov/eFiling/Getfile.aspx?fileid=56226&shareable=true
T6R-4873dc2810c14a4c,1060000056,4.a.d.3,exact,canonical_label_update,4. Equipment / facility failure or damage,Anchor / guy,Distribution,HFTD Tier 3,# ignitions,exact,,0,,,SDG&E,2024,3,v3.2,1,3,SDGE_2024_Q3_Tables1-15_Rev1.xlsx,Table 6,66,I66,https://efiling.energysafety.ca.gov/eFiling/Getfile.aspx?fileid=56226&shareable=true
T6R-a46bb4bbf7f19fdd,1060000057,4.a.t.0,exact,canonical_label_update,4. Equipment / facility failure or damage,Anchor / guy,Transmission,Non-HFTD,# ignitions,exact,,0,,,SDG&E,2024,3,v3.2,1,3,SDGE_2024_Q3_Tables1-15_Rev1.xlsx,Table 6,67,I67,https://efiling.energysafety.ca.gov/eFiling/Getfile.aspx?fileid=56226&shareable=true
T6R-1e195f9b13a082a5,1060000058,4.a.t.2,exact,canonical_label_update,4. Equipment / facility failure or damage,Anchor / guy,Transmission,HFTD Tier 2,# ignitions,exact,,0,,,SDG&E,2024,3,v3.2,1,3,SDGE_2024_Q3_Tables1-15_Rev1.xlsx,Table 6,68,I68,https://efiling.energysafety.ca.gov/eFiling/Getfile.aspx?fileid=56226&shareable=true
T6R-f10ab54661731de9,1060000059,4.a.t.3,exact,canonical_label_update,4. Equipment / facility failure or damage,Anchor / guy,Transmission,HFTD Tier 3,# ignitions,exact,,0,,,SDG&E,2024,3,v3.2,1,3,SDGE_2024_Q3_Tables1-15_Rev1.xlsx,Table 6,69,I69,https://efiling.energysafety.ca.gov/eFiling/Getfile.aspx?fileid=56226&shareable=true
T6R-5659ec87d901e415,1060000060,4.b.d.0,exact,exact,4. Equipment / facility failure or damage,Capacitor bank,Distribution,Non-HFTD,# ignitions,exact,,0,,,SDG&E,2024,3,v3.2,1,3,SDGE_2024_Q3_Tables1-15_Rev1.xlsx,Table 6,70,I70,https://efiling.energysafety.ca.gov/eFiling/Getfile.aspx?fileid=56226&shareable=true
T6R-389a77f85ad28b21,1060000061,4.b.d.2,exact,exact,4. Equipment / facility failure or damage,Capacitor bank,Distribution,HFTD Tier 2,# ignitions,exact,,0,,,SDG&E,2024,3,v3.2,1,3,SDGE_2024_Q3_Tables1-15_Rev1.xlsx,Table 6,71,I71,https://efiling.energysafety.ca.gov/eFiling/Getfile.aspx?fileid=56226&shareable=true
T6R-e8fe467493d5b8f7,1060000062,4.b.d.3,exact,exact,4. Equipment / facility failure or damage,Capacitor bank,Distribution,HFTD Tier 3,# ignitions,exact,,0,,,SDG&E,2024,3,v3.2,1,3,SDGE_2024_Q3_Tables1-15_Rev1.xlsx,Table 6,72,I72,https://efiling.energysafety.ca.gov/eFiling/Getfile.aspx?fileid=56226&shareable=true
T6R-0dfed8f874a0b09c,1060000063,4.b.t.0,exact,exact,4. Equipment / facility failure or damage,Capacitor bank,Transmission,Non-HFTD,# ignitions,exact,,0,,,SDG&E,2024,3,v3.2,1,3,SDGE_2024_Q3_Tables1-15_Rev1.xlsx,Table 6,73,I73,https://efiling.energysafety.ca.gov/eFiling/Getfile.aspx?fileid=56226&shareable=true
T6R-6024d7fbeb44ab1f,1060000064,4.b.t.2,exact,exact,4. Equipment / facility failure or damage,Capacitor bank,Transmission,HFTD Tier 2,# ignitions,exact,,0,,,SDG&E,2024,3,v3.2,1,3,SDGE_2024_Q3_Tables1-15_Rev1.xlsx,Table 6,74,I74,https://efiling.energysafety.ca.gov/eFiling/Getfile.aspx?fileid=56226&shareable=true
T6R-2578db40acb0932f,1060000065,4.b.t.3,exact,exact,4. Equipment / facility failure or damage,Capacitor bank,Transmission,HFTD Tier 3,# ignitions,exact,,0,,,SDG&E,2024,3,v3.2,1,3,SDGE_2024_Q3_Tables1-15_Rev1.xlsx,Table 6,75,I75,https://efiling.energysafety.ca.gov/eFiling/Getfile.aspx?fileid=56226&shareable=true
T6R-0197c77dc66be7c4,1060000066,4.c.d.0,exact,exact,4. Equipment / facility failure or damage,Conductor,Distribution,Non-HFTD,# ignitions,exact,,0,,,SDG&E,2024,3,v3.2,1,3,SDGE_2024_Q3_Tables1-15_Rev1.xlsx,Table 6,76,I76,https://efiling.energysafety.ca.gov/eFiling/Getfile.aspx?fileid=56226&shareable=true
T6R-05e6a5cc36271777,1060000067,4.c.d.2,exact,exact,4. Equipment / facility failure or damage,Conductor,Distribution,HFTD Tier 2,# ignitions,exact,,3,,,SDG&E,2024,3,v3.2,1,3,SDGE_2024_Q3_Tables1-15_Rev1.xlsx,Table 6,77,I77,https://efiling.energysafety.ca.gov/eFiling/Getfile.aspx?fileid=56226&shareable=true
T6R-64aa1dd0e8e3efcf,1060000068,4.c.d.3,exact,exact,4. Equipment / facility failure or damage,Conductor,Distribution,HFTD Tier 3,# ignitions,exact,,0,,,SDG&E,2024,3,v3.2,1,3,SDGE_2024_Q3_Tables1-15_Rev1.xlsx,Table 6,78,I78,https://efiling.energysafety.ca.gov/eFiling/Getfile.aspx?fileid=56226&shareable=true
T6R-e448a4e4bb1a0a97,1060000069,4.c.t.0,exact,exact,4. Equipment / facility failure or damage,Conductor,Transmission,Non-HFTD,# ignitions,exact,,0,,,SDG&E,2024,3,v3.2,1,3,SDGE_2024_Q3_Tables1-15_Rev1.xlsx,Table 6,79,I79,https://efiling.energysafety.ca.gov/eFiling/Getfile.aspx?fileid=56226&shareable=true
T6R-942b5d6d95c72832,1060000070,4.c.t.2,exact,exact,4. Equipment / facility failure or damage,Conductor,Transmission,HFTD Tier 2,# ignitions,exact,,0,,,SDG&E,2024,3,v3.2,1,3,SDGE_2024_Q3_Tables1-15_Rev1.xlsx,Table 6,80,I80,https://efiling.energysafety.ca.gov/eFiling/Getfile.aspx?fileid=56226&shareable=true
T6R-93fca1ab8519f8b6,1060000071,4.c.t.3,exact,exact,4. Equipment / facility failure or damage,Conductor,Transmission,HFTD Tier 3,# ignitions,exact,,0,,,SDG&E,2024,3,v3.2,1,3,SDGE_2024_Q3_Tables1-15_Rev1.xlsx,Table 6,81,I81,https://efiling.energysafety.ca.gov/eFiling/Getfile.aspx?fileid=56226&shareable=true
T6R-96bd6955b419febd,1060000072,4.d.d.0,exact,exact,4. Equipment / facility failure or damage,Connection device,Distribution,Non-HFTD,# ignitions,exact,,0,,,SDG&E,2024,3,v3.2,1,3,SDGE_2024_Q3_Tables1-15_Rev1.xlsx,Table 6,82,I82,https://efiling.energysafety.ca.gov/eFiling/Getfile.aspx?fileid=56226&shareable=true
T6R-7ff085c7fd5f28fb,1060000073,4.d.d.2,exact,exact,4. Equipment / facility failure or damage,Connection device,Distribution,HFTD Tier 2,# ignitions,exact,,0,,,SDG&E,2024,3,v3.2,1,3,SDGE_2024_Q3_Tables1-15_Rev1.xlsx,Table 6,83,I83,https://efiling.energysafety.ca.gov/eFiling/Getfile.aspx?fileid=56226&shareable=true
T6R-642b29e6ec9e8dc8,1060000074,4.d.d.3,exact,exact,4. Equipment / facility failure or damage,Connection device,Distribution,HFTD Tier 3,# ignitions,exact,,0,,,SDG&E,2024,3,v3.2,1,3,SDGE_2024_Q3_Tables1-15_Rev1.xlsx,Table 6,84,I84,https://efiling.energysafety.ca.gov/eFiling/Getfile.aspx?fileid=56226&shareable=true
T6R-255bade5514797b8,1060000075,4.d.t.0,exact,exact,4. Equipment / facility failure or damage,Connection device,Transmission,Non-HFTD,# ignitions,exact,,0,,,SDG&E,2024,3,v3.2,1,3,SDGE_2024_Q3_Tables1-15_Rev1.xlsx,Table 6,85,I85,https://efiling.energysafety.ca.gov/eFiling/Getfile.aspx?fileid=56226&shareable=true
T6R-5e08aa7f5783ad19,1060000076,4.d.t.2,exact,exact,4. Equipment / facility failure or damage,Connection device,Transmission,HFTD Tier 2,# ignitions,exact,,0,,,SDG&E,2024,3,v3.2,1,3,SDGE_2024_Q3_Tables1-15_Rev1.xlsx,Table 6,86,I86,https://efiling.energysafety.ca.gov/eFiling/Getfile.aspx?fileid=56226&shareable=true
T6R-ee8424f247d1adf4,1060000077,4.d.t.3,exact,exact,4. Equipment / facility failure or damage,Connection device,Transmission,HFTD Tier 3,# ignitions,exact,,0,,,SDG&E,2024,3,v3.2,1,3,SDGE_2024_Q3_Tables1-15_Rev1.xlsx,Table 6,87,I87,https://efiling.energysafety.ca.gov/eFiling/Getfile.aspx?fileid=56226&shareable=true
T6R-189a96f6c39b869b,1060000078,4.e.d.0,exact,exact,4. Equipment / facility failure or damage,Crossarm,Distribution,Non-HFTD,# ignitions,exact,,0,,,SDG&E,2024,3,v3.2,1,3,SDGE_2024_Q3_Tables1-15_Rev1.xlsx,Table 6,88,I88,https://efiling.energysafety.ca.gov/eFiling/Getfile.aspx?fileid=56226&shareable=true
T6R-a5dbe5de1a96e142,1060000079,4.e.d.2,exact,exact,4. Equipment / facility failure or damage,Crossarm,Distribution,HFTD Tier 2,# ignitions,exact,,0,,,SDG&E,2024,3,v3.2,1,3,SDGE_2024_Q3_Tables1-15_Rev1.xlsx,Table 6,89,I89,https://efiling.energysafety.ca.gov/eFiling/Getfile.aspx?fileid=56226&shareable=true
T6R-208b31371307d060,1060000080,4.e.d.3,exact,exact,4. Equipment / facility failure or damage,Crossarm,Distribution,HFTD Tier 3,# ignitions,exact,,0,,,SDG&E,2024,3,v3.2,1,3,SDGE_2024_Q3_Tables1-15_Rev1.xlsx,Table 6,90,I90,https://efiling.energysafety.ca.gov/eFiling/Getfile.aspx?fileid=56226&shareable=true
T6R-138d9320af8aafff,1060000081,4.e.t.0,exact,exact,4. Equipment / facility failure or damage,Crossarm,Transmission,Non-HFTD,# ignitions,exact,,0,,,SDG&E,2024,3,v3.2,1,3,SDGE_2024_Q3_Tables1-15_Rev1.xlsx,Table 6,91,I91,https://efiling.energysafety.ca.gov/eFiling/Getfile.aspx?fileid=56226&shareable=true
T6R-0ddd5995afa4fa7c,1060000082,4.e.t.2,exact,exact,4. Equipment / facility failure or damage,Crossarm,Transmission,HFTD Tier 2,# ignitions,exact,,0,,,SDG&E,2024,3,v3.2,1,3,SDGE_2024_Q3_Tables1-15_Rev1.xlsx,Table 6,92,I92,https://efiling.energysafety.ca.gov/eFiling/Getfile.aspx?fileid=56226&shareable=true
T6R-d4df84b0f7995d81,1060000083,4.e.t.3,exact,exact,4. Equipment / facility failure or damage,Crossarm,Transmission,HFTD Tier 3,# ignitions,exact,,0,,,SDG&E,2024,3,v3.2,1,3,SDGE_2024_Q3_Tables1-15_Rev1.xlsx,Table 6,93,I93,https://efiling.energysafety.ca.gov/eFiling/Getfile.aspx?fileid=56226&shareable=true
T6R-9ea9ae368e9b87a9,1060000084,4.f.d.0,exact,exact,4. Equipment / facility failure or damage,Fuse,Distribution,Non-HFTD,# ignitions,exact,,0,,,SDG&E,2024,3,v3.2,1,3,SDGE_2024_Q3_Tables1-15_Rev1.xlsx,Table 6,94,I94,https://efiling.energysafety.ca.gov/eFiling/Getfile.aspx?fileid=56226&shareable=true
T6R-c029a39753e0457a,1060000085,4.f.d.2,exact,exact,4. Equipment / facility failure or damage,Fuse,Distribution,HFTD Tier 2,# ignitions,exact,,0,,,SDG&E,2024,3,v3.2,1,3,SDGE_2024_Q3_Tables1-15_Rev1.xlsx,Table 6,95,I95,https://efiling.energysafety.ca.gov/eFiling/Getfile.aspx?fileid=56226&shareable=true
T6R-26be6f886f99c58f,1060000086,4.f.d.3,exact,exact,4. Equipment / facility failure or damage,Fuse,Distribution,HFTD Tier 3,# ignitions,exact,,0,,,SDG&E,2024,3,v3.2,1,3,SDGE_2024_Q3_Tables1-15_Rev1.xlsx,Table 6,96,I96,https://efiling.energysafety.ca.gov/eFiling/Getfile.aspx?fileid=56226&shareable=true
T6R-f3b8dc5c2565d2fa,1060000087,4.f.t.0,exact,exact,4. Equipment / facility failure or damage,Fuse,Transmission,Non-HFTD,# ignitions,exact,,0,,,SDG&E,2024,3,v3.2,1,3,SDGE_2024_Q3_Tables1-15_Rev1.xlsx,Table 6,97,I97,https://efiling.energysafety.ca.gov/eFiling/Getfile.aspx?fileid=56226&shareable=true
T6R-f7d1c54d8fe0e5d7,1060000088,4.f.t.2,exact,exact,4. Equipment / facility failure or damage,Fuse,Transmission,HFTD Tier 2,# ignitions,exact,,0,,,SDG&E,2024,3,v3.2,1,3,SDGE_2024_Q3_Tables1-15_Rev1.xlsx,Table 6,98,I98,https://efiling.energysafety.ca.gov/eFiling/Getfile.aspx?fileid=56226&shareable=true
T6R-a78dc380db0d4c59,1060000089,4.f.t.3,exact,exact,4. Equipment / facility failure or damage,Fuse,Transmission,HFTD Tier 3,# ignitions,exact,,0,,,SDG&E,2024,3,v3.2,1,3,SDGE_2024_Q3_Tables1-15_Rev1.xlsx,Table 6,99,I99,https://efiling.energysafety.ca.gov/eFiling/Getfile.aspx?fileid=56226&shareable=true
T6R-65f61247b5a984d2,1060000090,4.g.d.0,exact,exact,4. Equipment / facility failure or damage,Cutout,Distribution,Non-HFTD,# ignitions,exact,,,,SDG&E did not track this driver historically but can implement for future ignitions,SDG&E,2024,3,v3.2,1,3,SDGE_2024_Q3_Tables1-15_Rev1.xlsx,Table 6,100,I100,https://efiling.energysafety.ca.gov/eFiling/Getfile.aspx?fileid=56226&shareable=true
T6R-93d9c3d3a1a23d62,1060000091,4.g.d.2,exact,exact,4. Equipment / facility failure or damage,Cutout,Distribution,HFTD Tier 2,# ignitions,exact,,,,SDG&E did not track this driver historically but can implement for future ignitions,SDG&E,2024,3,v3.2,1,3,SDGE_2024_Q3_Tables1-15_Rev1.xlsx,Table 6,101,I101,https://efiling.energysafety.ca.gov/eFiling/Getfile.aspx?fileid=56226&shareable=true
T6R-b6e14236820a5ab4,1060000092,4.g.d.3,exact,exact,4. Equipment / facility failure or damage,Cutout,Distribution,HFTD Tier 3,# ignitions,exact,,,,SDG&E did not track this driver historically but can implement for future ignitions,SDG&E,2024,3,v3.2,1,3,SDGE_2024_Q3_Tables1-15_Rev1.xlsx,Table 6,102,I102,https://efiling.energysafety.ca.gov/eFiling/Getfile.aspx?fileid=56226&shareable=true
T6R-f323c87c14cee9d2,1060000093,4.g.t.0,exact,exact,4. Equipment / facility failure or damage,Cutout,Transmission,Non-HFTD,# ignitions,exact,,,,SDG&E did not track this driver historically but can implement for future ignitions,SDG&E,2024,3,v3.2,1,3,SDGE_2024_Q3_Tables1-15_Rev1.xlsx,Table 6,103,I103,https://efiling.energysafety.ca.gov/eFiling/Getfile.aspx?fileid=56226&shareable=true
T6R-fc4b5b9827cfc508,1060000094,4.g.t.2,exact,exact,4. Equipment / facility failure or damage,Cutout,Transmission,HFTD Tier 2,# ignitions,exact,,,,SDG&E did not track this driver historically but can implement for future ignitions,SDG&E,2024,3,v3.2,1,3,SDGE_2024_Q3_Tables1-15_Rev1.xlsx,Table 6,104,I104,https://efiling.energysafety.ca.gov/eFiling/Getfile.aspx?fileid=56226&shareable=true
T6R-3ee231c16bba3e46,1060000095,4.g.t.3,exact,exact,4. Equipment / facility failure or damage,Cutout,Transmission,HFTD Tier 3,# ignitions,exact,,,,SDG&E did not track this driver historically but can implement for future ignitions,SDG&E,2024,3,v3.2,1,3,SDGE_2024_Q3_Tables1-15_Rev1.xlsx,Table 6,105,I105,https://efiling.energysafety.ca.gov/eFiling/Getfile.aspx?fileid=56226&shareable=true
T6R-bb5d3cd9f4d1f76d,1060000096,4.h.d.0,corrected_in_v3_2,exact,4. Equipment / facility failure or damage,Insulator and bushing,Distribution,Non-HFTD,# ignitions,exact,,0,,,SDG&E,2024,3,v3.2,1,3,SDGE_2024_Q3_Tables1-15_Rev1.xlsx,Table 6,106,I106,https://efiling.energysafety.ca.gov/eFiling/Getfile.aspx?fileid=56226&shareable=true
T6R-1cfeae316a22822e,1060000097,4.h.d.2,corrected_in_v3_2,exact,4. Equipment / facility failure or damage,Insulator and bushing,Distribution,HFTD Tier 2,# ignitions,exact,,0,,,SDG&E,2024,3,v3.2,1,3,SDGE_2024_Q3_Tables1-15_Rev1.xlsx,Table 6,107,I107,https://efiling.energysafety.ca.gov/eFiling/Getfile.aspx?fileid=56226&shareable=true
T6R-9c0248b6b899f31f,1060000098,4.h.d.3,corrected_in_v3_2,exact,4. Equipment / facility failure or damage,Insulator and bushing,Distribution,HFTD Tier 3,# ignitions,exact,,0,,,SDG&E,2024,3,v3.2,1,3,SDGE_2024_Q3_Tables1-15_Rev1.xlsx,Table 6,108,I108,https://efiling.energysafety.ca.gov/eFiling/Getfile.aspx?fileid=56226&shareable=true
T6R-12a39c64c452f994,1060000099,4.h.t.0,corrected_in_v3_2,exact,4. Equipment / facility failure or damage,Insulator and bushing,Transmission,Non-HFTD,# ignitions,exact,,0,,,SDG&E,2024,3,v3.2,1,3,SDGE_2024_Q3_Tables1-15_Rev1.xlsx,Table 6,109,I109,https://efiling.energysafety.ca.gov/eFiling/Getfile.aspx?fileid=56226&shareable=true
T6R-1d63609d3693c77a,1060000100,4.h.t.2,corrected_in_v3_2,exact,4. Equipment / facility failure or damage,Insulator and bushing,Transmission,HFTD Tier 2,# ignitions,exact,,0,,,SDG&E,2024,3,v3.2,1,3,SDGE_2024_Q3_Tables1-15_Rev1.xlsx,Table 6,110,I110,https://efiling.energysafety.ca.gov/eFiling/Getfile.aspx?fileid=56226&shareable=true
T6R-bbb4b7fbde2e324a,1060000101,4.h.t.3,corrected_in_v3_2,exact,4. Equipment / facility failure or damage,Insulator and bushing,Transmission,HFTD Tier 3,# ignitions,exact,,0,,,SDG&E,2024,3,v3.2,1,3,SDGE_2024_Q3_Tables1-15_Rev1.xlsx,Table 6,111,I111,https://efiling.energysafety.ca.gov/eFiling/Getfile.aspx?fileid=56226&shareable=true
T6R-91f52a7776d3d800,1060000102,4.i.d.0,corrected_in_v3_2,exact,4. Equipment / facility failure or damage,Lightning arrester,Distribution,Non-HFTD,# ignitions,exact,,0,,,SDG&E,2024,3,v3.2,1,3,SDGE_2024_Q3_Tables1-15_Rev1.xlsx,Table 6,112,I112,https://efiling.energysafety.ca.gov/eFiling/Getfile.aspx?fileid=56226&shareable=true
T6R-d47625ac6dc80c4d,1060000103,4.i.d.2,corrected_in_v3_2,exact,4. Equipment / facility failure or damage,Lightning arrester,Distribution,HFTD Tier 2,# ignitions,exact,,0,,,SDG&E,2024,3,v3.2,1,3,SDGE_2024_Q3_Tables1-15_Rev1.xlsx,Table 6,113,I113,https://efiling.energysafety.ca.gov/eFiling/Getfile.aspx?fileid=56226&shareable=true
T6R-7fff260ad44fca6a,1060000104,4.i.d.3,corrected_in_v3_2,exact,4. Equipment / facility failure or damage,Lightning arrester,Distribution,HFTD Tier 3,# ignitions,exact,,0,,,SDG&E,2024,3,v3.2,1,3,SDGE_2024_Q3_Tables1-15_Rev1.xlsx,Table 6,114,I114,https://efiling.energysafety.ca.gov/eFiling/Getfile.aspx?fileid=56226&shareable=true
T6R-4b1fbce1a3f7842a,1060000105,4.i.t.0,corrected_in_v3_2,exact,4. Equipment / facility failure or damage,Lightning arrester,Transmission,Non-HFTD,# ignitions,exact,,0,,,SDG&E,2024,3,v3.2,1,3,SDGE_2024_Q3_Tables1-15_Rev1.xlsx,Table 6,115,I115,https://efiling.energysafety.ca.gov/eFiling/Getfile.aspx?fileid=56226&shareable=true
T6R-57d2e965ae20b094,1060000106,4.i.t.2,corrected_in_v3_2,exact,4. Equipment / facility failure or damage,Lightning arrester,Transmission,HFTD Tier 2,# ignitions,exact,,0,,,SDG&E,2024,3,v3.2,1,3,SDGE_2024_Q3_Tables1-15_Rev1.xlsx,Table 6,116,I116,https://efiling.energysafety.ca.gov/eFiling/Getfile.aspx?fileid=56226&shareable=true
T6R-9de890de2ab34579,1060000107,4.i.t.3,corrected_in_v3_2,exact,4. Equipment / facility failure or damage,Lightning arrester,Transmission,HFTD Tier 3,# ignitions,exact,,0,,,SDG&E,2024,3,v3.2,1,3,SDGE_2024_Q3_Tables1-15_Rev1.xlsx,Table 6,117,I117,https://efiling.energysafety.ca.gov/eFiling/Getfile.aspx?fileid=56226&shareable=true
T6R-a46b561af8e29552,1060000108,4.j.d.0,exact,exact,4. Equipment / facility failure or damage,Pole,Distribution,Non-HFTD,# ignitions,exact,,0,,,SDG&E,2024,3,v3.2,1,3,SDGE_2024_Q3_Tables1-15_Rev1.xlsx,Table 6,118,I118,https://efiling.energysafety.ca.gov/eFiling/Getfile.aspx?fileid=56226&shareable=true
T6R-e1e53c0c1bf2efaf,1060000109,4.j.d.2,exact,exact,4. Equipment / facility failure or damage,Pole,Distribution,HFTD Tier 2,# ignitions,exact,,0,,,SDG&E,2024,3,v3.2,1,3,SDGE_2024_Q3_Tables1-15_Rev1.xlsx,Table 6,119,I119,https://efiling.energysafety.ca.gov/eFiling/Getfile.aspx?fileid=56226&shareable=true
T6R-2e7ee3eee08ac5ac,1060000110,4.j.d.3,exact,exact,4. Equipment / facility failure or damage,Pole,Distribution,HFTD Tier 3,# ignitions,exact,,0,,,SDG&E,2024,3,v3.2,1,3,SDGE_2024_Q3_Tables1-15_Rev1.xlsx,Table 6,120,I120,https://efiling.energysafety.ca.gov/eFiling/Getfile.aspx?fileid=56226&shareable=true
T6R-532577118d02628a,1060000111,4.j.t.0,exact,exact,4. Equipment / facility failure or damage,Pole,Transmission,Non-HFTD,# ignitions,exact,,0,,,SDG&E,2024,3,v3.2,1,3,SDGE_2024_Q3_Tables1-15_Rev1.xlsx,Table 6,121,I121,https://efiling.energysafety.ca.gov/eFiling/Getfile.aspx?fileid=56226&shareable=true
T6R-3027a643f2e0796c,1060000112,4.j.t.2,exact,exact,4. Equipment / facility failure or damage,Pole,Transmission,HFTD Tier 2,# ignitions,exact,,0,,,SDG&E,2024,3,v3.2,1,3,SDGE_2024_Q3_Tables1-15_Rev1.xlsx,Table 6,122,I122,https://efiling.energysafety.ca.gov/eFiling/Getfile.aspx?fileid=56226&shareable=true
T6R-5804361686ee0710,1060000113,4.j.t.3,exact,exact,4. Equipment / facility failure or damage,Pole,Transmission,HFTD Tier 3,# ignitions,exact,,0,,,SDG&E,2024,3,v3.2,1,3,SDGE_2024_Q3_Tables1-15_Rev1.xlsx,Table 6,123,I123,https://efiling.energysafety.ca.gov/eFiling/Getfile.aspx?fileid=56226&shareable=true
T6R-87b3df187c5033cb,1060000114,4.k.d.0,exact,exact,4. Equipment / facility failure or damage,Recloser,Distribution,Non-HFTD,# ignitions,exact,,,,SDG&E does not currently track this driver,SDG&E,2024,3,v3.2,1,3,SDGE_2024_Q3_Tables1-15_Rev1.xlsx,Table 6,124,I124,https://efiling.energysafety.ca.gov/eFiling/Getfile.aspx?fileid=56226&shareable=true
T6R-8aa9e8f81a5f28bf,1060000115,4.k.d.2,exact,exact,4. Equipment / facility failure or damage,Recloser,Distribution,HFTD Tier 2,# ignitions,exact,,,,SDG&E does not currently track this driver,SDG&E,2024,3,v3.2,1,3,SDGE_2024_Q3_Tables1-15_Rev1.xlsx,Table 6,125,I125,https://efiling.energysafety.ca.gov/eFiling/Getfile.aspx?fileid=56226&shareable=true
T6R-06577935ba38e773,1060000116,4.k.d.3,exact,exact,4. Equipment / facility failure or damage,Recloser,Distribution,HFTD Tier 3,# ignitions,exact,,,,SDG&E does not currently track this driver,SDG&E,2024,3,v3.2,1,3,SDGE_2024_Q3_Tables1-15_Rev1.xlsx,Table 6,126,I126,https://efiling.energysafety.ca.gov/eFiling/Getfile.aspx?fileid=56226&shareable=true
T6R-c86c0ff8ae57fa53,1060000117,4.k.t.0,exact,exact,4. Equipment / facility failure or damage,Recloser,Transmission,Non-HFTD,# ignitions,exact,,,,SDG&E does not currently track this driver,SDG&E,2024,3,v3.2,1,3,SDGE_2024_Q3_Tables1-15_Rev1.xlsx,Table 6,127,I127,https://efiling.energysafety.ca.gov/eFiling/Getfile.aspx?fileid=56226&shareable=true
T6R-1d4168e59c03f90e,1060000118,4.k.t.2,exact,exact,4. Equipment / facility failure or damage,Recloser,Transmission,HFTD Tier 2,# ignitions,exact,,,,SDG&E does not currently track this driver,SDG&E,2024,3,v3.2,1,3,SDGE_2024_Q3_Tables1-15_Rev1.xlsx,Table 6,128,I128,https://efiling.energysafety.ca.gov/eFiling/Getfile.aspx?fileid=56226&shareable=true
T6R-5e16efc9a32353d2,1060000119,4.k.t.3,exact,exact,4. Equipment / facility failure or damage,Recloser,Transmission,HFTD Tier 3,# ignitions,exact,,,,SDG&E does not currently track this driver,SDG&E,2024,3,v3.2,1,3,SDGE_2024_Q3_Tables1-15_Rev1.xlsx,Table 6,129,I129,https://efiling.energysafety.ca.gov/eFiling/Getfile.aspx?fileid=56226&shareable=true
T6R-2945f9d1087f2c61,1060000120,4.l.d.0,exact,exact,4. Equipment / facility failure or damage,Relay,Distribution,Non-HFTD,# ignitions,exact,,,,SDG&E does not currently track this driver,SDG&E,2024,3,v3.2,1,3,SDGE_2024_Q3_Tables1-15_Rev1.xlsx,Table 6,130,I130,https://efiling.energysafety.ca.gov/eFiling/Getfile.aspx?fileid=56226&shareable=true
T6R-5b76a242cbd2aa27,1060000121,4.l.d.2,exact,exact,4. Equipment / facility failure or damage,Relay,Distribution,HFTD Tier 2,# ignitions,exact,,,,SDG&E does not currently track this driver,SDG&E,2024,3,v3.2,1,3,SDGE_2024_Q3_Tables1-15_Rev1.xlsx,Table 6,131,I131,https://efiling.energysafety.ca.gov/eFiling/Getfile.aspx?fileid=56226&shareable=true
T6R-8e6c226ceb3daeda,1060000122,4.l.d.3,exact,exact,4. Equipment / facility failure or damage,Relay,Distribution,HFTD Tier 3,# ignitions,exact,,,,SDG&E does not currently track this driver,SDG&E,2024,3,v3.2,1,3,SDGE_2024_Q3_Tables1-15_Rev1.xlsx,Table 6,132,I132,https://efiling.energysafety.ca.gov/eFiling/Getfile.aspx?fileid=56226&shareable=true
T6R-97aa15e40b13740f,1060000123,4.l.t.0,exact,exact,4. Equipment / facility failure or damage,Relay,Transmission,Non-HFTD,# ignitions,exact,,,,SDG&E does not currently track this driver,SDG&E,2024,3,v3.2,1,3,SDGE_2024_Q3_Tables1-15_Rev1.xlsx,Table 6,133,I133,https://efiling.energysafety.ca.gov/eFiling/Getfile.aspx?fileid=56226&shareable=true
T6R-f347f9c55676cc90,1060000124,4.l.t.2,exact,exact,4. Equipment / facility failure or damage,Relay,Transmission,HFTD Tier 2,# ignitions,exact,,,,SDG&E does not currently track this driver,SDG&E,2024,3,v3.2,1,3,SDGE_2024_Q3_Tables1-15_Rev1.xlsx,Table 6,134,I134,https://efiling.energysafety.ca.gov/eFiling/Getfile.aspx?fileid=56226&shareable=true
T6R-aac4b9a29a03b22b,1060000125,4.l.t.3,exact,exact,4. Equipment / facility failure or damage,Relay,Transmission,HFTD Tier 3,# ignitions,exact,,,,SDG&E does not currently track this driver,SDG&E,2024,3,v3.2,1,3,SDGE_2024_Q3_Tables1-15_Rev1.xlsx,Table 6,135,I135,https://efiling.energysafety.ca.gov/eFiling/Getfile.aspx?fileid=56226&shareable=true
T6R-6d74c5c742969fdd,1060000126,4.m.d.0,exact,exact,4. Equipment / facility failure or damage,Sectionalizer,Distribution,Non-HFTD,# ignitions,exact,,,,SDG&E does not currently track this driver,SDG&E,2024,3,v3.2,1,3,SDGE_2024_Q3_Tables1-15_Rev1.xlsx,Table 6,136,I136,https://efiling.energysafety.ca.gov/eFiling/Getfile.aspx?fileid=56226&shareable=true
T6R-c8e9500f3567dfc3,1060000127,4.m.d.2,exact,exact,4. Equipment / facility failure or damage,Sectionalizer,Distribution,HFTD Tier 2,# ignitions,exact,,,,SDG&E does not currently track this driver,SDG&E,2024,3,v3.2,1,3,SDGE_2024_Q3_Tables1-15_Rev1.xlsx,Table 6,137,I137,https://efiling.energysafety.ca.gov/eFiling/Getfile.aspx?fileid=56226&shareable=true
T6R-e9c6bdc8087865ec,1060000128,4.m.d.3,exact,exact,4. Equipment / facility failure or damage,Sectionalizer,Distribution,HFTD Tier 3,# ignitions,exact,,,,SDG&E does not currently track this driver,SDG&E,2024,3,v3.2,1,3,SDGE_2024_Q3_Tables1-15_Rev1.xlsx,Table 6,138,I138,https://efiling.energysafety.ca.gov/eFiling/Getfile.aspx?fileid=56226&shareable=true
T6R-16090b8d16acc3c5,1060000129,4.m.t.0,exact,exact,4. Equipment / facility failure or damage,Sectionalizer,Transmission,Non-HFTD,# ignitions,exact,,,,SDG&E does not currently track this driver,SDG&E,2024,3,v3.2,1,3,SDGE_2024_Q3_Tables1-15_Rev1.xlsx,Table 6,139,I139,https://efiling.energysafety.ca.gov/eFiling/Getfile.aspx?fileid=56226&shareable=true
T6R-97b9d865f6723e87,1060000130,4.m.t.2,exact,exact,4. Equipment / facility failure or damage,Sectionalizer,Transmission,HFTD Tier 2,# ignitions,exact,,,,SDG&E does not currently track this driver,SDG&E,2024,3,v3.2,1,3,SDGE_2024_Q3_Tables1-15_Rev1.xlsx,Table 6,140,I140,https://efiling.energysafety.ca.gov/eFiling/Getfile.aspx?fileid=56226&shareable=true
T6R-eafccd1cf10d1c69,1060000131,4.m.t.3,exact,exact,4. Equipment / facility failure or damage,Sectionalizer,Transmission,HFTD Tier 3,# ignitions,exact,,,,SDG&E does not currently track this driver,SDG&E,2024,3,v3.2,1,3,SDGE_2024_Q3_Tables1-15_Rev1.xlsx,Table 6,141,I141,https://efiling.energysafety.ca.gov/eFiling/Getfile.aspx?fileid=56226&shareable=true
T6R-888c63163512a299,1060000132,4.n.d.0,exact,exact,4. Equipment / facility failure or damage,Splice,Distribution,Non-HFTD,# ignitions,exact,,,,SDG&E tracks splice failure/damage under connection device,SDG&E,2024,3,v3.2,1,3,SDGE_2024_Q3_Tables1-15_Rev1.xlsx,Table 6,142,I142,https://efiling.energysafety.ca.gov/eFiling/Getfile.aspx?fileid=56226&shareable=true
T6R-db2e6f3f4ba42081,1060000133,4.n.d.2,exact,exact,4. Equipment / facility failure or damage,Splice,Distribution,HFTD Tier 2,# ignitions,exact,,,,SDG&E tracks splice failure/damage under connection device,SDG&E,2024,3,v3.2,1,3,SDGE_2024_Q3_Tables1-15_Rev1.xlsx,Table 6,143,I143,https://efiling.energysafety.ca.gov/eFiling/Getfile.aspx?fileid=56226&shareable=true
T6R-a5f46e1a28555220,1060000134,4.n.d.3,exact,exact,4. Equipment / facility failure or damage,Splice,Distribution,HFTD Tier 3,# ignitions,exact,,,,SDG&E tracks splice failure/damage under connection device,SDG&E,2024,3,v3.2,1,3,SDGE_2024_Q3_Tables1-15_Rev1.xlsx,Table 6,144,I144,https://efiling.energysafety.ca.gov/eFiling/Getfile.aspx?fileid=56226&shareable=true
T6R-848ef1e08f654c6e,1060000135,4.n.t.0,exact,exact,4. Equipment / facility failure or damage,Splice,Transmission,Non-HFTD,# ignitions,exact,,,,SDG&E tracks splice failure/damage under connection device,SDG&E,2024,3,v3.2,1,3,SDGE_2024_Q3_Tables1-15_Rev1.xlsx,Table 6,145,I145,https://efiling.energysafety.ca.gov/eFiling/Getfile.aspx?fileid=56226&shareable=true
T6R-d9c402d61bc8b083,1060000136,4.n.t.2,exact,exact,4. Equipment / facility failure or damage,Splice,Transmission,HFTD Tier 2,# ignitions,exact,,,,SDG&E tracks splice failure/damage under connection device,SDG&E,2024,3,v3.2,1,3,SDGE_2024_Q3_Tables1-15_Rev1.xlsx,Table 6,146,I146,https://efiling.energysafety.ca.gov/eFiling/Getfile.aspx?fileid=56226&shareable=true
T6R-ae462fbcbe601e73,1060000137,4.n.t.3,exact,exact,4. Equipment / facility failure or damage,Splice,Transmission,HFTD Tier 3,# ignitions,exact,,,,SDG&E tracks splice failure/damage under connection device,SDG&E,2024,3,v3.2,1,3,SDGE_2024_Q3_Tables1-15_Rev1.xlsx,Table 6,147,I147,https://efiling.energysafety.ca.gov/eFiling/Getfile.aspx?fileid=56226&shareable=true
T6R-bd1253a58ea75c60,1060000138,4.o.d.0,exact,exact,4. Equipment / facility failure or damage,Switch,Distribution,Non-HFTD,# ignitions,exact,,0,,,SDG&E,2024,3,v3.2,1,3,SDGE_2024_Q3_Tables1-15_Rev1.xlsx,Table 6,148,I148,https://efiling.energysafety.ca.gov/eFiling/Getfile.aspx?fileid=56226&shareable=true
T6R-8fd4b227fbb9dc6d,1060000139,4.o.d.2,exact,exact,4. Equipment / facility failure or damage,Switch,Distribution,HFTD Tier 2,# ignitions,exact,,0,,,SDG&E,2024,3,v3.2,1,3,SDGE_2024_Q3_Tables1-15_Rev1.xlsx,Table 6,149,I149,https://efiling.energysafety.ca.gov/eFiling/Getfile.aspx?fileid=56226&shareable=true
T6R-dd79b69609b56cc2,1060000140,4.o.d.3,exact,exact,4. Equipment / facility failure or damage,Switch,Distribution,HFTD Tier 3,# ignitions,exact,,0,,,SDG&E,2024,3,v3.2,1,3,SDGE_2024_Q3_Tables1-15_Rev1.xlsx,Table 6,150,I150,https://efiling.energysafety.ca.gov/eFiling/Getfile.aspx?fileid=56226&shareable=true
T6R-5dc6dd3b1dc8e289,1060000141,4.o.t.0,exact,exact,4. Equipment / facility failure or damage,Switch,Transmission,Non-HFTD,# ignitions,exact,,0,,,SDG&E,2024,3,v3.2,1,3,SDGE_2024_Q3_Tables1-15_Rev1.xlsx,Table 6,151,I151,https://efiling.energysafety.ca.gov/eFiling/Getfile.aspx?fileid=56226&shareable=true
T6R-8e46c89c8f01033d,1060000142,4.o.t.2,exact,exact,4. Equipment / facility failure or damage,Switch,Transmission,HFTD Tier 2,# ignitions,exact,,0,,,SDG&E,2024,3,v3.2,1,3,SDGE_2024_Q3_Tables1-15_Rev1.xlsx,Table 6,152,I152,https://efiling.energysafety.ca.gov/eFiling/Getfile.aspx?fileid=56226&shareable=true
T6R-4216dfa06c3d0bf1,1060000143,4.o.t.3,exact,exact,4. Equipment / facility failure or damage,Switch,Transmission,HFTD Tier 3,# ignitions,exact,,0,,,SDG&E,2024,3,v3.2,1,3,SDGE_2024_Q3_Tables1-15_Rev1.xlsx,Table 6,153,I153,https://efiling.energysafety.ca.gov/eFiling/Getfile.aspx?fileid=56226&shareable=true
T6R-79a7c5fa6a1563eb,1060000144,4.p.d.0,exact,exact,4. Equipment / facility failure or damage,Tap,Distribution,Non-HFTD,# ignitions,exact,,,,SDG&E does not currently track this driver,SDG&E,2024,3,v3.2,1,3,SDGE_2024_Q3_Tables1-15_Rev1.xlsx,Table 6,154,I154,https://efiling.energysafety.ca.gov/eFiling/Getfile.aspx?fileid=56226&shareable=true
T6R-55c76be054444ef8,1060000145,4.p.d.2,exact,exact,4. Equipment / facility failure or damage,Tap,Distribution,HFTD Tier 2,# ignitions,exact,,,,SDG&E does not currently track this driver,SDG&E,2024,3,v3.2,1,3,SDGE_2024_Q3_Tables1-15_Rev1.xlsx,Table 6,155,I155,https://efiling.energysafety.ca.gov/eFiling/Getfile.aspx?fileid=56226&shareable=true
T6R-77fdfe4fc06eeb84,1060000146,4.p.d.3,exact,exact,4. Equipment / facility failure or damage,Tap,Distribution,HFTD Tier 3,# ignitions,exact,,,,SDG&E does not currently track this driver,SDG&E,2024,3,v3.2,1,3,SDGE_2024_Q3_Tables1-15_Rev1.xlsx,Table 6,156,I156,https://efiling.energysafety.ca.gov/eFiling/Getfile.aspx?fileid=56226&shareable=true
T6R-bd7a263c28df980f,1060000147,4.p.t.0,exact,exact,4. Equipment / facility failure or damage,Tap,Transmission,Non-HFTD,# ignitions,exact,,,,SDG&E does not currently track this driver,SDG&E,2024,3,v3.2,1,3,SDGE_2024_Q3_Tables1-15_Rev1.xlsx,Table 6,157,I157,https://efiling.energysafety.ca.gov/eFiling/Getfile.aspx?fileid=56226&shareable=true
T6R-9ac6f140d03a953d,1060000148,4.p.t.2,exact,exact,4. Equipment / facility failure or damage,Tap,Transmission,HFTD Tier 2,# ignitions,exact,,,,SDG&E does not currently track this driver,SDG&E,2024,3,v3.2,1,3,SDGE_2024_Q3_Tables1-15_Rev1.xlsx,Table 6,158,I158,https://efiling.energysafety.ca.gov/eFiling/Getfile.aspx?fileid=56226&shareable=true
T6R-ae83bf0089d84c75,1060000149,4.p.t.3,exact,exact,4. Equipment / facility failure or damage,Tap,Transmission,HFTD Tier 3,# ignitions,exact,,,,SDG&E does not currently track this driver,SDG&E,2024,3,v3.2,1,3,SDGE_2024_Q3_Tables1-15_Rev1.xlsx,Table 6,159,I159,https://efiling.energysafety.ca.gov/eFiling/Getfile.aspx?fileid=56226&shareable=true
T6R-19f19b36f51499e2,1060000150,4.q.d.0,exact,exact,4. Equipment / facility failure or damage,Tie wire,Distribution,Non-HFTD,# ignitions,exact,,,,SDG&E does not currently track this driver,SDG&E,2024,3,v3.2,1,3,SDGE_2024_Q3_Tables1-15_Rev1.xlsx,Table 6,160,I160,https://efiling.energysafety.ca.gov/eFiling/Getfile.aspx?fileid=56226&shareable=true
T6R-c218d4845ab9b8c5,1060000151,4.q.d.2,exact,exact,4. Equipment / facility failure or damage,Tie wire,Distribution,HFTD Tier 2,# ignitions,exact,,,,SDG&E does not currently track this driver,SDG&E,2024,3,v3.2,1,3,SDGE_2024_Q3_Tables1-15_Rev1.xlsx,Table 6,161,I161,https://efiling.energysafety.ca.gov/eFiling/Getfile.aspx?fileid=56226&shareable=true
T6R-bb67b0edb209013c,1060000152,4.q.d.3,exact,exact,4. Equipment / facility failure or damage,Tie wire,Distribution,HFTD Tier 3,# ignitions,exact,,,,SDG&E does not currently track this driver,SDG&E,2024,3,v3.2,1,3,SDGE_2024_Q3_Tables1-15_Rev1.xlsx,Table 6,162,I162,https://efiling.energysafety.ca.gov/eFiling/Getfile.aspx?fileid=56226&shareable=true
T6R-d84c4593a34d97ca,1060000153,4.q.t.0,exact,exact,4. Equipment / facility failure or damage,Tie wire,Transmission,Non-HFTD,# ignitions,exact,,,,SDG&E does not currently track this driver,SDG&E,2024,3,v3.2,1,3,SDGE_2024_Q3_Tables1-15_Rev1.xlsx,Table 6,163,I163,https://efiling.energysafety.ca.gov/eFiling/Getfile.aspx?fileid=56226&shareable=true
T6R-b2ec877a2daf1a16,1060000154,4.q.t.2,exact,exact,4. Equipment / facility failure or damage,Tie wire,Transmission,HFTD Tier 2,# ignitions,exact,,,,SDG&E does not currently track this driver,SDG&E,2024,3,v3.2,1,3,SDGE_2024_Q3_Tables1-15_Rev1.xlsx,Table 6,164,I164,https://efiling.energysafety.ca.gov/eFiling/Getfile.aspx?fileid=56226&shareable=true
T6R-ca2bcd1a812fe7b4,1060000155,4.q.t.3,exact,exact,4. Equipment / facility failure or damage,Tie wire,Transmission,HFTD Tier 3,# ignitions,exact,,,,SDG&E does not currently track this driver,SDG&E,2024,3,v3.2,1,3,SDGE_2024_Q3_Tables1-15_Rev1.xlsx,Table 6,165,I165,https://efiling.energysafety.ca.gov/eFiling/Getfile.aspx?fileid=56226&shareable=true
T6R-cd20ed51b6335c2e,1060000156,4.r.d.0,exact,exact,4. Equipment / facility failure or damage,Transformer,Distribution,Non-HFTD,# ignitions,exact,,1,,,SDG&E,2024,3,v3.2,1,3,SDGE_2024_Q3_Tables1-15_Rev1.xlsx,Table 6,166,I166,https://efiling.energysafety.ca.gov/eFiling/Getfile.aspx?fileid=56226&shareable=true
T6R-b43d9b4e8e0de67d,1060000157,4.r.d.2,exact,exact,4. Equipment / facility failure or damage,Transformer,Distribution,HFTD Tier 2,# ignitions,exact,,0,,,SDG&E,2024,3,v3.2,1,3,SDGE_2024_Q3_Tables1-15_Rev1.xlsx,Table 6,167,I167,https://efiling.energysafety.ca.gov/eFiling/Getfile.aspx?fileid=56226&shareable=true
T6R-da6fa01b2fa79bd2,1060000158,4.r.d.3,exact,exact,4. Equipment / facility failure or damage,Transformer,Distribution,HFTD Tier 3,# ignitions,exact,,0,,,SDG&E,2024,3,v3.2,1,3,SDGE_2024_Q3_Tables1-15_Rev1.xlsx,Table 6,168,I168,https://efiling.energysafety.ca.gov/eFiling/Getfile.aspx?fileid=56226&shareable=true
T6R-d1c457b06af78ebf,1060000159,4.r.t.0,exact,exact,4. Equipment / facility failure or damage,Transformer,Transmission,Non-HFTD,# ignitions,exact,,0,,,SDG&E,2024,3,v3.2,1,3,SDGE_2024_Q3_Tables1-15_Rev1.xlsx,Table 6,169,I169,https://efiling.energysafety.ca.gov/eFiling/Getfile.aspx?fileid=56226&shareable=true
T6R-cec1ad11f4388758,1060000160,4.r.t.2,exact,exact,4. Equipment / facility failure or damage,Transformer,Transmission,HFTD Tier 2,# ignitions,exact,,0,,,SDG&E,2024,3,v3.2,1,3,SDGE_2024_Q3_Tables1-15_Rev1.xlsx,Table 6,170,I170,https://efiling.energysafety.ca.gov/eFiling/Getfile.aspx?fileid=56226&shareable=true
T6R-f69466179088f6a2,1060000161,4.r.t.3,exact,exact,4. Equipment / facility failure or damage,Transformer,Transmission,HFTD Tier 3,# ignitions,exact,,0,,,SDG&E,2024,3,v3.2,1,3,SDGE_2024_Q3_Tables1-15_Rev1.xlsx,Table 6,171,I171,https://efiling.energysafety.ca.gov/eFiling/Getfile.aspx?fileid=56226&shareable=true
T6R-88bb129252b04dd1,1060000162,4.s.d.0,exact,canonical_label_update,4. Equipment / facility failure or damage,Voltage regulator / booster,Distribution,Non-HFTD,# ignitions,exact,,,,SDG&E does not currently track this driver,SDG&E,2024,3,v3.2,1,3,SDGE_2024_Q3_Tables1-15_Rev1.xlsx,Table 6,172,I172,https://efiling.energysafety.ca.gov/eFiling/Getfile.aspx?fileid=56226&shareable=true
T6R-b6553b0c6b637ecd,1060000163,4.s.d.2,exact,canonical_label_update,4. Equipment / facility failure or damage,Voltage regulator / booster,Distribution,HFTD Tier 2,# ignitions,exact,,,,SDG&E does not currently track this driver,SDG&E,2024,3,v3.2,1,3,SDGE_2024_Q3_Tables1-15_Rev1.xlsx,Table 6,173,I173,https://efiling.energysafety.ca.gov/eFiling/Getfile.aspx?fileid=56226&shareable=true
T6R-c0f9cca379791acc,1060000164,4.s.d.3,exact,canonical_label_update,4. Equipment / facility failure or damage,Voltage regulator / booster,Distribution,HFTD Tier 3,# ignitions,exact,,,,SDG&E does not currently track this driver,SDG&E,2024,3,v3.2,1,3,SDGE_2024_Q3_Tables1-15_Rev1.xlsx,Table 6,174,I174,https://efiling.energysafety.ca.gov/eFiling/Getfile.aspx?fileid=56226&shareable=true
T6R-8b290ce877b26588,1060000165,4.s.t.0,exact,canonical_label_update,4. Equipment / facility failure or damage,Voltage regulator / booster,Transmission,Non-HFTD,# ignitions,exact,,,,SDG&E does not currently track this driver,SDG&E,2024,3,v3.2,1,3,SDGE_2024_Q3_Tables1-15_Rev1.xlsx,Table 6,175,I175,https://efiling.energysafety.ca.gov/eFiling/Getfile.aspx?fileid=56226&shareable=true
T6R-b99c78f95df0611e,1060000166,4.s.t.2,exact,canonical_label_update,4. Equipment / facility failure or damage,Voltage regulator / booster,Transmission,HFTD Tier 2,# ignitions,exact,,,,SDG&E does not currently track this driver,SDG&E,2024,3,v3.2,1,3,SDGE_2024_Q3_Tables1-15_Rev1.xlsx,Table 6,176,I176,https://efiling.energysafety.ca.gov/eFiling/Getfile.aspx?fileid=56226&shareable=true
T6R-ac35e2fd3385f04d,1060000167,4.s.t.3,exact,canonical_label_update,4. Equipment / facility failure or damage,Voltage regulator / booster,Transmission,HFTD Tier 3,# ignitions,exact,,,,SDG&E does not currently track this driver,SDG&E,2024,3,v3.2,1,3,SDGE_2024_Q3_Tables1-15_Rev1.xlsx,Table 6,177,I177,https://efiling.energysafety.ca.gov/eFiling/Getfile.aspx?fileid=56226&shareable=true
T6R-1b69607730c6b8e0,1060000168,4.t.d.0,exact,canonical_label_update,4. Equipment / facility failure or damage,Unknown (equipment failure),Distribution,Non-HFTD,# ignitions,exact,,,,SDG&E does not currently track this driver,SDG&E,2024,3,v3.2,1,3,SDGE_2024_Q3_Tables1-15_Rev1.xlsx,Table 6,178,I178,https://efiling.energysafety.ca.gov/eFiling/Getfile.aspx?fileid=56226&shareable=true
T6R-9df9d7bc8f63a63b,1060000169,4.t.d.2,exact,canonical_label_update,4. Equipment / facility failure or damage,Unknown (equipment failure),Distribution,HFTD Tier 2,# ignitions,exact,,,,SDG&E does not currently track this driver,SDG&E,2024,3,v3.2,1,3,SDGE_2024_Q3_Tables1-15_Rev1.xlsx,Table 6,179,I179,https://efiling.energysafety.ca.gov/eFiling/Getfile.aspx?fileid=56226&shareable=true
T6R-c26d6a98b71b555b,1060000170,4.t.d.3,exact,canonical_label_update,4. Equipment / facility failure or damage,Unknown (equipment failure),Distribution,HFTD Tier 3,# ignitions,exact,,,,SDG&E does not currently track this driver,SDG&E,2024,3,v3.2,1,3,SDGE_2024_Q3_Tables1-15_Rev1.xlsx,Table 6,180,I180,https://efiling.energysafety.ca.gov/eFiling/Getfile.aspx?fileid=56226&shareable=true
T6R-b03237cce825d9f7,1060000171,4.t.t.0,exact,canonical_label_update,4. Equipment / facility failure or damage,Unknown (equipment failure),Transmission,Non-HFTD,# ignitions,exact,,,,SDG&E does not currently track this driver,SDG&E,2024,3,v3.2,1,3,SDGE_2024_Q3_Tables1-15_Rev1.xlsx,Table 6,181,I181,https://efiling.energysafety.ca.gov/eFiling/Getfile.aspx?fileid=56226&shareable=true
T6R-bb62b164373b8d7b,1060000172,4.t.t.2,exact,canonical_label_update,4. Equipment / facility failure or damage,Unknown (equipment failure),Transmission,HFTD Tier 2,# ignitions,exact,,,,SDG&E does not currently track this driver,SDG&E,2024,3,v3.2,1,3,SDGE_2024_Q3_Tables1-15_Rev1.xlsx,Table 6,182,I182,https://efiling.energysafety.ca.gov/eFiling/Getfile.aspx?fileid=56226&shareable=true
T6R-1b2b2bd3e79db0d4,1060000173,4.t.t.3,exact,canonical_label_update,4. Equipment / facility failure or damage,Unknown (equipment failure),Transmission,HFTD Tier 3,# ignitions,exact,,,,SDG&E does not currently track this driver,SDG&E,2024,3,v3.2,1,3,SDGE_2024_Q3_Tables1-15_Rev1.xlsx,Table 6,183,I183,https://efiling.energysafety.ca.gov/eFiling/Getfile.aspx?fileid=56226&shareable=true
T6R-cf1b0552153a486b,1060000174,4.u.d.0,exact,canonical_label_update,4. Equipment / facility failure or damage,Other (equipment failure),Distribution,Non-HFTD,# ignitions,exact,,1,,,SDG&E,2024,3,v3.2,1,3,SDGE_2024_Q3_Tables1-15_Rev1.xlsx,Table 6,184,I184,https://efiling.energysafety.ca.gov/eFiling/Getfile.aspx?fileid=56226&shareable=true
T6R-554ec230d19019b4,1060000175,4.u.d.2,exact,canonical_label_update,4. Equipment / facility failure or damage,Other (equipment failure),Distribution,HFTD Tier 2,# ignitions,exact,,0,,,SDG&E,2024,3,v3.2,1,3,SDGE_2024_Q3_Tables1-15_Rev1.xlsx,Table 6,185,I185,https://efiling.energysafety.ca.gov/eFiling/Getfile.aspx?fileid=56226&shareable=true
T6R-c950e658478d9335,1060000176,4.u.d.3,exact,canonical_label_update,4. Equipment / facility failure or damage,Other (equipment failure),Distribution,HFTD Tier 3,# ignitions,exact,,0,,,SDG&E,2024,3,v3.2,1,3,SDGE_2024_Q3_Tables1-15_Rev1.xlsx,Table 6,186,I186,https://efiling.energysafety.ca.gov/eFiling/Getfile.aspx?fileid=56226&shareable=true
T6R-ff0ade9886a34822,1060000177,4.u.t.0,exact,canonical_label_update,4. Equipment / facility failure or damage,Other (equipment failure),Transmission,Non-HFTD,# ignitions,exact,,0,,,SDG&E,2024,3,v3.2,1,3,SDGE_2024_Q3_Tables1-15_Rev1.xlsx,Table 6,187,I187,https://efiling.energysafety.ca.gov/eFiling/Getfile.aspx?fileid=56226&shareable=true
T6R-6043e59af9a3047d,1060000178,4.u.t.2,exact,canonical_label_update,4. Equipment / facility failure or damage,Other (equipment failure),Transmission,HFTD Tier 2,# ignitions,exact,,0,,,SDG&E,2024,3,v3.2,1,3,SDGE_2024_Q3_Tables1-15_Rev1.xlsx,Table 6,188,I188,https://efiling.energysafety.ca.gov/eFiling/Getfile.aspx?fileid=56226&shareable=true
T6R-f118ae56fa6a065c,1060000179,4.u.t.3,exact,canonical_label_update,4. Equipment / facility failure or damage,Other (equipment failure),Transmission,HFTD Tier 3,# ignitions,exact,,0,,,SDG&E,2024,3,v3.2,1,3,SDGE_2024_Q3_Tables1-15_Rev1.xlsx,Table 6,189,I189,https://efiling.energysafety.ca.gov/eFiling/Getfile.aspx?fileid=56226&shareable=true
T6R-6fad45d2e34ac255,1060000180,5.a.d.0,exact,exact,5. Wire-to-wire contact,Wire-to-wire contact,Distribution,Non-HFTD,# ignitions,exact,,0,,,SDG&E,2024,3,v3.2,1,3,SDGE_2024_Q3_Tables1-15_Rev1.xlsx,Table 6,190,I190,https://efiling.energysafety.ca.gov/eFiling/Getfile.aspx?fileid=56226&shareable=true
T6R-d3de581c12969547,1060000181,5.a.d.2,exact,exact,5. Wire-to-wire contact,Wire-to-wire contact,Distribution,HFTD Tier 2,# ignitions,exact,,0,,,SDG&E,2024,3,v3.2,1,3,SDGE_2024_Q3_Tables1-15_Rev1.xlsx,Table 6,191,I191,https://efiling.energysafety.ca.gov/eFiling/Getfile.aspx?fileid=56226&shareable=true
T6R-87d4d7342e003aa8,1060000182,5.a.d.3,exact,exact,5. Wire-to-wire contact,Wire-to-wire contact,Distribution,HFTD Tier 3,# ignitions,exact,,0,,,SDG&E,2024,3,v3.2,1,3,SDGE_2024_Q3_Tables1-15_Rev1.xlsx,Table 6,192,I192,https://efiling.energysafety.ca.gov/eFiling/Getfile.aspx?fileid=56226&shareable=true
T6R-7800797f9069ee3e,1060000183,5.a.t.0,exact,exact,5. Wire-to-wire contact,Wire-to-wire contact,Transmission,Non-HFTD,# ignitions,exact,,0,,,SDG&E,2024,3,v3.2,1,3,SDGE_2024_Q3_Tables1-15_Rev1.xlsx,Table 6,193,I193,https://efiling.energysafety.ca.gov/eFiling/Getfile.aspx?fileid=56226&shareable=true
T6R-735bb6a29c33b012,1060000184,5.a.t.2,exact,exact,5. Wire-to-wire contact,Wire-to-wire contact,Transmission,HFTD Tier 2,# ignitions,exact,,0,,,SDG&E,2024,3,v3.2,1,3,SDGE_2024_Q3_Tables1-15_Rev1.xlsx,Table 6,194,I194,https://efiling.energysafety.ca.gov/eFiling/Getfile.aspx?fileid=56226&shareable=true
T6R-52e4a8e692008c6f,1060000185,5.a.t.3,exact,exact,5. Wire-to-wire contact,Wire-to-wire contact,Transmission,HFTD Tier 3,# ignitions,exact,,0,,,SDG&E,2024,3,v3.2,1,3,SDGE_2024_Q3_Tables1-15_Rev1.xlsx,Table 6,195,I195,https://efiling.energysafety.ca.gov/eFiling/Getfile.aspx?fileid=56226&shareable=true
T6R-4b4e3d3afa780d06,1060000186,6.a.d.0,exact,exact,6. Contamination,Contamination,Distribution,Non-HFTD,# ignitions,exact,,,,SDG&E does not currently track this driver,SDG&E,2024,3,v3.2,1,3,SDGE_2024_Q3_Tables1-15_Rev1.xlsx,Table 6,196,I196,https://efiling.energysafety.ca.gov/eFiling/Getfile.aspx?fileid=56226&shareable=true
T6R-972a8707d710db89,1060000187,6.a.d.2,exact,exact,6. Contamination,Contamination,Distribution,HFTD Tier 2,# ignitions,exact,,,,SDG&E does not currently track this driver,SDG&E,2024,3,v3.2,1,3,SDGE_2024_Q3_Tables1-15_Rev1.xlsx,Table 6,197,I197,https://efiling.energysafety.ca.gov/eFiling/Getfile.aspx?fileid=56226&shareable=true
T6R-fccaadc118e533e3,1060000188,6.a.d.3,exact,exact,6. Contamination,Contamination,Distribution,HFTD Tier 3,# ignitions,exact,,,,SDG&E does not currently track this driver,SDG&E,2024,3,v3.2,1,3,SDGE_2024_Q3_Tables1-15_Rev1.xlsx,Table 6,198,I198,https://efiling.energysafety.ca.gov/eFiling/Getfile.aspx?fileid=56226&shareable=true
T6R-f046fadb8c40c418,1060000189,6.a.t.0,exact,exact,6. Contamination,Contamination,Transmission,Non-HFTD,# ignitions,exact,,,,SDG&E does not currently track this driver,SDG&E,2024,3,v3.2,1,3,SDGE_2024_Q3_Tables1-15_Rev1.xlsx,Table 6,199,I199,https://efiling.energysafety.ca.gov/eFiling/Getfile.aspx?fileid=56226&shareable=true
T6R-fb1a23c71fe894b5,1060000190,6.a.t.2,exact,exact,6. Contamination,Contamination,Transmission,HFTD Tier 2,# ignitions,exact,,,,SDG&E does not currently track this driver,SDG&E,2024,3,v3.2,1,3,SDGE_2024_Q3_Tables1-15_Rev1.xlsx,Table 6,200,I200,https://efiling.energysafety.ca.gov/eFiling/Getfile.aspx?fileid=56226&shareable=true
T6R-217fd4b6f41fc444,1060000191,6.a.t.3,exact,exact,6. Contamination,Contamination,Transmission,HFTD Tier 3,# ignitions,exact,,,,SDG&E does not currently track this driver,SDG&E,2024,3,v3.2,1,3,SDGE_2024_Q3_Tables1-15_Rev1.xlsx,Table 6,201,I201,https://efiling.energysafety.ca.gov/eFiling/Getfile.aspx?fileid=56226&shareable=true
T6R-4ce42a71d8b7c9c3,1060000192,7.a.d.0,exact,exact,7. Protective device operation,Protective device operation,Distribution,Non-HFTD,# ignitions,exact,,,,SDG&E does not currently track this driver,SDG&E,2024,3,v3.2,1,3,SDGE_2024_Q3_Tables1-15_Rev1.xlsx,Table 6,202,I202,https://efiling.energysafety.ca.gov/eFiling/Getfile.aspx?fileid=56226&shareable=true
T6R-79af4af980c70052,1060000193,7.a.d.2,exact,exact,7. Protective device operation,Protective device operation,Distribution,HFTD Tier 2,# ignitions,exact,,,,SDG&E does not currently track this driver,SDG&E,2024,3,v3.2,1,3,SDGE_2024_Q3_Tables1-15_Rev1.xlsx,Table 6,203,I203,https://efiling.energysafety.ca.gov/eFiling/Getfile.aspx?fileid=56226&shareable=true
T6R-6c0f3c43c72f0fd9,1060000194,7.a.d.3,exact,exact,7. Protective device operation,Protective device operation,Distribution,HFTD Tier 3,# ignitions,exact,,,,SDG&E does not currently track this driver,SDG&E,2024,3,v3.2,1,3,SDGE_2024_Q3_Tables1-15_Rev1.xlsx,Table 6,204,I204,https://efiling.energysafety.ca.gov/eFiling/Getfile.aspx?fileid=56226&shareable=true
T6R-25d3ec23932dafaf,1060000195,7.a.t.0,exact,exact,7. Protective device operation,Protective device operation,Transmission,Non-HFTD,# ignitions,exact,,,,SDG&E does not currently track this driver,SDG&E,2024,3,v3.2,1,3,SDGE_2024_Q3_Tables1-15_Rev1.xlsx,Table 6,205,I205,https://efiling.energysafety.ca.gov/eFiling/Getfile.aspx?fileid=56226&shareable=true
T6R-2b87ef37edefb128,1060000196,7.a.t.2,exact,exact,7. Protective device operation,Protective device operation,Transmission,HFTD Tier 2,# ignitions,exact,,,,SDG&E does not currently track this driver,SDG&E,2024,3,v3.2,1,3,SDGE_2024_Q3_Tables1-15_Rev1.xlsx,Table 6,206,I206,https://efiling.energysafety.ca.gov/eFiling/Getfile.aspx?fileid=56226&shareable=true
T6R-16d9564129cc3905,1060000197,7.a.t.3,exact,exact,7. Protective device operation,Protective device operation,Transmission,HFTD Tier 3,# ignitions,exact,,,,SDG&E does not currently track this driver,SDG&E,2024,3,v3.2,1,3,SDGE_2024_Q3_Tables1-15_Rev1.xlsx,Table 6,207,I207,https://efiling.energysafety.ca.gov/eFiling/Getfile.aspx?fileid=56226&shareable=true
T6R-db21d22274efef1a,1060000198,8.a.d.0,exact,canonical_label_update,8. Vandalism / theft,Vandalism / theft,Distribution,Non-HFTD,# ignitions,exact,,0,,,SDG&E,2024,3,v3.2,1,3,SDGE_2024_Q3_Tables1-15_Rev1.xlsx,Table 6,208,I208,https://efiling.energysafety.ca.gov/eFiling/Getfile.aspx?fileid=56226&shareable=true
T6R-0e99c5c61b980a3a,1060000199,8.a.d.2,exact,canonical_label_update,8. Vandalism / theft,Vandalism / theft,Distribution,HFTD Tier 2,# ignitions,exact,,0,,,SDG&E,2024,3,v3.2,1,3,SDGE_2024_Q3_Tables1-15_Rev1.xlsx,Table 6,209,I209,https://efiling.energysafety.ca.gov/eFiling/Getfile.aspx?fileid=56226&shareable=true
T6R-314fcc1dd44dbcce,1060000200,8.a.d.3,exact,canonical_label_update,8. Vandalism / theft,Vandalism / theft,Distribution,HFTD Tier 3,# ignitions,exact,,0,,,SDG&E,2024,3,v3.2,1,3,SDGE_2024_Q3_Tables1-15_Rev1.xlsx,Table 6,210,I210,https://efiling.energysafety.ca.gov/eFiling/Getfile.aspx?fileid=56226&shareable=true
T6R-9f7f610507f3a329,1060000201,8.a.t.0,exact,canonical_label_update,8. Vandalism / theft,Vandalism / theft,Transmission,Non-HFTD,# ignitions,exact,,0,,,SDG&E,2024,3,v3.2,1,3,SDGE_2024_Q3_Tables1-15_Rev1.xlsx,Table 6,211,I211,https://efiling.energysafety.ca.gov/eFiling/Getfile.aspx?fileid=56226&shareable=true
T6R-79a308baad84fbb1,1060000202,8.a.t.2,exact,canonical_label_update,8. Vandalism / theft,Vandalism / theft,Transmission,HFTD Tier 2,# ignitions,exact,,0,,,SDG&E,2024,3,v3.2,1,3,SDGE_2024_Q3_Tables1-15_Rev1.xlsx,Table 6,212,I212,https://efiling.energysafety.ca.gov/eFiling/Getfile.aspx?fileid=56226&shareable=true
T6R-fa56babdfea88ed8,1060000203,8.a.t.3,exact,canonical_label_update,8. Vandalism / theft,Vandalism / theft,Transmission,HFTD Tier 3,# ignitions,exact,,0,,,SDG&E,2024,3,v3.2,1,3,SDGE_2024_Q3_Tables1-15_Rev1.xlsx,Table 6,213,I213,https://efiling.energysafety.ca.gov/eFiling/Getfile.aspx?fileid=56226&shareable=true
T6R-b081120d4a659b14,1060000204,9.a.d.0,exact,exact,9. Lightning,Lightning,Distribution,Non-HFTD,# ignitions,exact,,,,SDG&E did not track this driver historically but can implement for future ignitions,SDG&E,2024,3,v3.2,1,3,SDGE_2024_Q3_Tables1-15_Rev1.xlsx,Table 6,214,I214,https://efiling.energysafety.ca.gov/eFiling/Getfile.aspx?fileid=56226&shareable=true
T6R-0140e0f5faff0f1d,1060000205,9.a.d.2,exact,exact,9. Lightning,Lightning,Distribution,HFTD Tier 2,# ignitions,exact,,,,SDG&E did not track this driver historically but can implement for future ignitions,SDG&E,2024,3,v3.2,1,3,SDGE_2024_Q3_Tables1-15_Rev1.xlsx,Table 6,215,I215,https://efiling.energysafety.ca.gov/eFiling/Getfile.aspx?fileid=56226&shareable=true
T6R-3ccad072d1a32ad7,1060000206,9.a.d.3,exact,exact,9. Lightning,Lightning,Distribution,HFTD Tier 3,# ignitions,exact,,,,SDG&E did not track this driver historically but can implement for future ignitions,SDG&E,2024,3,v3.2,1,3,SDGE_2024_Q3_Tables1-15_Rev1.xlsx,Table 6,216,I216,https://efiling.energysafety.ca.gov/eFiling/Getfile.aspx?fileid=56226&shareable=true
T6R-17e2ae967f93c962,1060000207,9.a.t.0,exact,exact,9. Lightning,Lightning,Transmission,Non-HFTD,# ignitions,exact,,,,SDG&E did not track this driver historically but can implement for future ignitions,SDG&E,2024,3,v3.2,1,3,SDGE_2024_Q3_Tables1-15_Rev1.xlsx,Table 6,217,I217,https://efiling.energysafety.ca.gov/eFiling/Getfile.aspx?fileid=56226&shareable=true
T6R-aa40475c94c5626b,1060000208,9.a.t.2,exact,exact,9. Lightning,Lightning,Transmission,HFTD Tier 2,# ignitions,exact,,,,SDG&E did not track this driver historically but can implement for future ignitions,SDG&E,2024,3,v3.2,1,3,SDGE_2024_Q3_Tables1-15_Rev1.xlsx,Table 6,218,I218,https://efiling.energysafety.ca.gov/eFiling/Getfile.aspx?fileid=56226&shareable=true
T6R-2aa3c97b964be872,1060000209,9.a.t.3,exact,exact,9. Lightning,Lightning,Transmission,HFTD Tier 3,# ignitions,exact,,,,SDG&E did not track this driver historically but can implement for future ignitions,SDG&E,2024,3,v3.2,1,3,SDGE_2024_Q3_Tables1-15_Rev1.xlsx,Table 6,219,I219,https://efiling.energysafety.ca.gov/eFiling/Getfile.aspx?fileid=56226&shareable=true
T6R-ec535a0b05766d3e,1060000210,10.a.d.0,exact,canonical_label_update,10. Unknown,Unknown (unknown),Distribution,Non-HFTD,# ignitions,exact,,0,,,SDG&E,2024,3,v3.2,1,3,SDGE_2024_Q3_Tables1-15_Rev1.xlsx,Table 6,220,I220,https://efiling.energysafety.ca.gov/eFiling/Getfile.aspx?fileid=56226&shareable=true
T6R-07219b6689643af1,1060000211,10.a.d.2,exact,canonical_label_update,10. Unknown,Unknown (unknown),Distribution,HFTD Tier 2,# ignitions,exact,,0,,,SDG&E,2024,3,v3.2,1,3,SDGE_2024_Q3_Tables1-15_Rev1.xlsx,Table 6,221,I221,https://efiling.energysafety.ca.gov/eFiling/Getfile.aspx?fileid=56226&shareable=true
T6R-06dbe9059fc1de0f,1060000212,10.a.d.3,exact,canonical_label_update,10. Unknown,Unknown (unknown),Distribution,HFTD Tier 3,# ignitions,exact,,0,,,SDG&E,2024,3,v3.2,1,3,SDGE_2024_Q3_Tables1-15_Rev1.xlsx,Table 6,222,I222,https://efiling.energysafety.ca.gov/eFiling/Getfile.aspx?fileid=56226&shareable=true
T6R-f276530cd789e8dc,1060000213,10.a.t.0,exact,canonical_label_update,10. Unknown,Unknown (unknown),Transmission,Non-HFTD,# ignitions,exact,,0,,,SDG&E,2024,3,v3.2,1,3,SDGE_2024_Q3_Tables1-15_Rev1.xlsx,Table 6,223,I223,https://efiling.energysafety.ca.gov/eFiling/Getfile.aspx?fileid=56226&shareable=true
T6R-5380fa51a3a4c50e,1060000214,10.a.t.2,exact,canonical_label_update,10. Unknown,Unknown (unknown),Transmission,HFTD Tier 2,# ignitions,exact,,0,,,SDG&E,2024,3,v3.2,1,3,SDGE_2024_Q3_Tables1-15_Rev1.xlsx,Table 6,224,I224,https://efiling.energysafety.ca.gov/eFiling/Getfile.aspx?fileid=56226&shareable=true
T6R-6bd05754aa8a0929,1060000215,10.a.t.3,exact,canonical_label_update,10. Unknown,Unknown (unknown),Transmission,HFTD Tier 3,# ignitions,exact,,0,,,SDG&E,2024,3,v3.2,1,3,SDGE_2024_Q3_Tables1-15_Rev1.xlsx,Table 6,225,I225,https://efiling.energysafety.ca.gov/eFiling/Getfile.aspx?fileid=56226&shareable=true
T6R-bad5ecad6a77d05a,1060000216,11.a.d.0,exact,canonical_label_update,11. Other,Other (other),Distribution,Non-HFTD,# ignitions,exact,,0,,,SDG&E,2024,3,v3.2,1,3,SDGE_2024_Q3_Tables1-15_Rev1.xlsx,Table 6,226,I226,https://efiling.energysafety.ca.gov/eFiling/Getfile.aspx?fileid=56226&shareable=true
T6R-12c3002a396261f0,1060000217,11.a.d.2,exact,canonical_label_update,11. Other,Other (other),Distribution,HFTD Tier 2,# ignitions,exact,,0,,,SDG&E,2024,3,v3.2,1,3,SDGE_2024_Q3_Tables1-15_Rev1.xlsx,Table 6,227,I227,https://efiling.energysafety.ca.gov/eFiling/Getfile.aspx?fileid=56226&shareable=true
T6R-9623c3df886959ff,1060000218,11.a.d.3,exact,canonical_label_update,11. Other,Other (other),Distribution,HFTD Tier 3,# ignitions,exact,,0,,,SDG&E,2024,3,v3.2,1,3,SDGE_2024_Q3_Tables1-15_Rev1.xlsx,Table 6,228,I228,https://efiling.energysafety.ca.gov/eFiling/Getfile.aspx?fileid=56226&shareable=true
T6R-f0bf62d257ac81ba,1060000219,11.a.t.0,exact,canonical_label_update,11. Other,Other (other),Transmission,Non-HFTD,# ignitions,exact,,0,,,SDG&E,2024,3,v3.2,1,3,SDGE_2024_Q3_Tables1-15_Rev1.xlsx,Table 6,229,I229,https://efiling.energysafety.ca.gov/eFiling/Getfile.aspx?fileid=56226&shareable=true
T6R-238cf60751649deb,1060000220,11.a.t.2,exact,canonical_label_update,11. Other,Other (other),Transmission,HFTD Tier 2,# ignitions,exact,,0,,,SDG&E,2024,3,v3.2,1,3,SDGE_2024_Q3_Tables1-15_Rev1.xlsx,Table 6,230,I230,https://efiling.energysafety.ca.gov/eFiling/Getfile.aspx?fileid=56226&shareable=true
T6R-49249c7911f70cab,1060000221,11.a.t.3,exact,canonical_label_update,11. Other,Other (other),Transmission,HFTD Tier 3,# ignitions,exact,,0,,,SDG&E,2024,3,v3.2,1,3,SDGE_2024_Q3_Tables1-15_Rev1.xlsx,Table 6,231,I231,https://efiling.energysafety.ca.gov/eFiling/Getfile.aspx?fileid=56226&shareable=true
T6R-9cbc00572a768a31,1060000000,1.a.d.0,exact,exact,1. Dig-in,Dig-in,Distribution,Non-HFTD,# ignitions,exact,,,2023 Projection will remain the same as submitted in the 2023 Base WMP,SDG&E does not consider this driver as a risk event - see comments in QDR cover letter,SDG&E,2024,4,v3.2,1,4,SDGE_2024_Q4_Tables1-15_R1.xlsx,Table 6,10,I10,https://efiling.energysafety.ca.gov/eFiling/Getfile.aspx?fileid=56226&shareable=true
T6R-7861b3efa0fb9e20,1060000001,1.a.d.2,exact,exact,1. Dig-in,Dig-in,Distribution,HFTD Tier 2,# ignitions,exact,,,,SDG&E does not consider this driver as a risk event - see comments in QDR cover letter,SDG&E,2024,4,v3.2,1,4,SDGE_2024_Q4_Tables1-15_R1.xlsx,Table 6,11,I11,https://efiling.energysafety.ca.gov/eFiling/Getfile.aspx?fileid=56226&shareable=true
T6R-6601b57237c1db23,1060000002,1.a.d.3,exact,exact,1. Dig-in,Dig-in,Distribution,HFTD Tier 3,# ignitions,exact,,,,SDG&E does not consider this driver as a risk event - see comments in QDR cover letter,SDG&E,2024,4,v3.2,1,4,SDGE_2024_Q4_Tables1-15_R1.xlsx,Table 6,12,I12,https://efiling.energysafety.ca.gov/eFiling/Getfile.aspx?fileid=56226&shareable=true
T6R-9a084b7f2cc762dd,1060000003,1.a.t.0,exact,exact,1. Dig-in,Dig-in,Transmission,Non-HFTD,# ignitions,exact,,,,SDG&E does not consider this driver as a risk event - see comments in QDR cover letter,SDG&E,2024,4,v3.2,1,4,SDGE_2024_Q4_Tables1-15_R1.xlsx,Table 6,13,I13,https://efiling.energysafety.ca.gov/eFiling/Getfile.aspx?fileid=56226&shareable=true
T6R-1bfcd10113ee8466,1060000004,1.a.t.2,exact,exact,1. Dig-in,Dig-in,Transmission,HFTD Tier 2,# ignitions,exact,,,,SDG&E does not consider this driver as a risk event - see comments in QDR cover letter,SDG&E,2024,4,v3.2,1,4,SDGE_2024_Q4_Tables1-15_R1.xlsx,Table 6,14,I14,https://efiling.energysafety.ca.gov/eFiling/Getfile.aspx?fileid=56226&shareable=true
T6R-5deccd24b80dd80a,1060000005,1.a.t.3,exact,exact,1. Dig-in,Dig-in,Transmission,HFTD Tier 3,# ignitions,exact,,,,SDG&E does not consider this driver as a risk event - see comments in QDR cover letter,SDG&E,2024,4,v3.2,1,4,SDGE_2024_Q4_Tables1-15_R1.xlsx,Table 6,15,I15,https://efiling.energysafety.ca.gov/eFiling/Getfile.aspx?fileid=56226&shareable=true
T6R-b19043151ff69fe7,1060000006,2.a.d.0,exact,exact,2. Contact from object,Animal contact,Distribution,Non-HFTD,# ignitions,exact,,1,,,SDG&E,2024,4,v3.2,1,4,SDGE_2024_Q4_Tables1-15_R1.xlsx,Table 6,16,I16,https://efiling.energysafety.ca.gov/eFiling/Getfile.aspx?fileid=56226&shareable=true
T6R-5cef6853b096e6b2,1060000007,2.a.d.2,exact,exact,2. Contact from object,Animal contact,Distribution,HFTD Tier 2,# ignitions,exact,,0,,,SDG&E,2024,4,v3.2,1,4,SDGE_2024_Q4_Tables1-15_R1.xlsx,Table 6,17,I17,https://efiling.energysafety.ca.gov/eFiling/Getfile.aspx?fileid=56226&shareable=true
T6R-a35fcc72299f8c55,1060000008,2.a.d.3,exact,exact,2. Contact from object,Animal contact,Distribution,HFTD Tier 3,# ignitions,exact,,0,,,SDG&E,2024,4,v3.2,1,4,SDGE_2024_Q4_Tables1-15_R1.xlsx,Table 6,18,I18,https://efiling.energysafety.ca.gov/eFiling/Getfile.aspx?fileid=56226&shareable=true
T6R-0d2668daea6f574f,1060000009,2.a.t.0,exact,exact,2. Contact from object,Animal contact,Transmission,Non-HFTD,# ignitions,exact,,0,,,SDG&E,2024,4,v3.2,1,4,SDGE_2024_Q4_Tables1-15_R1.xlsx,Table 6,19,I19,https://efiling.energysafety.ca.gov/eFiling/Getfile.aspx?fileid=56226&shareable=true
T6R-4eca215b703d89f1,1060000010,2.a.t.2,exact,exact,2. Contact from object,Animal contact,Transmission,HFTD Tier 2,# ignitions,exact,,0,,,SDG&E,2024,4,v3.2,1,4,SDGE_2024_Q4_Tables1-15_R1.xlsx,Table 6,20,I20,https://efiling.energysafety.ca.gov/eFiling/Getfile.aspx?fileid=56226&shareable=true
T6R-3be9d0a95d501f20,1060000011,2.a.t.3,exact,exact,2. Contact from object,Animal contact,Transmission,HFTD Tier 3,# ignitions,exact,,0,,,SDG&E,2024,4,v3.2,1,4,SDGE_2024_Q4_Tables1-15_R1.xlsx,Table 6,21,I21,https://efiling.energysafety.ca.gov/eFiling/Getfile.aspx?fileid=56226&shareable=true
T6R-053ca280cce8ed35,1060000012,2.b.d.0,exact,exact,2. Contact from object,Balloon contact,Distribution,Non-HFTD,# ignitions,exact,,0,,,SDG&E,2024,4,v3.2,1,4,SDGE_2024_Q4_Tables1-15_R1.xlsx,Table 6,22,I22,https://efiling.energysafety.ca.gov/eFiling/Getfile.aspx?fileid=56226&shareable=true
T6R-f70a50e20ad0e9ba,1060000013,2.b.d.2,exact,exact,2. Contact from object,Balloon contact,Distribution,HFTD Tier 2,# ignitions,exact,,0,,,SDG&E,2024,4,v3.2,1,4,SDGE_2024_Q4_Tables1-15_R1.xlsx,Table 6,23,I23,https://efiling.energysafety.ca.gov/eFiling/Getfile.aspx?fileid=56226&shareable=true
T6R-a6340035786faebc,1060000014,2.b.d.3,exact,exact,2. Contact from object,Balloon contact,Distribution,HFTD Tier 3,# ignitions,exact,,0,,,SDG&E,2024,4,v3.2,1,4,SDGE_2024_Q4_Tables1-15_R1.xlsx,Table 6,24,I24,https://efiling.energysafety.ca.gov/eFiling/Getfile.aspx?fileid=56226&shareable=true
T6R-0e75d40f92cca0d2,1060000015,2.b.t.0,exact,exact,2. Contact from object,Balloon contact,Transmission,Non-HFTD,# ignitions,exact,,0,,,SDG&E,2024,4,v3.2,1,4,SDGE_2024_Q4_Tables1-15_R1.xlsx,Table 6,25,I25,https://efiling.energysafety.ca.gov/eFiling/Getfile.aspx?fileid=56226&shareable=true
T6R-8c984d8188fa4afd,1060000016,2.b.t.2,exact,exact,2. Contact from object,Balloon contact,Transmission,HFTD Tier 2,# ignitions,exact,,0,,,SDG&E,2024,4,v3.2,1,4,SDGE_2024_Q4_Tables1-15_R1.xlsx,Table 6,26,I26,https://efiling.energysafety.ca.gov/eFiling/Getfile.aspx?fileid=56226&shareable=true
T6R-b03ca848e546361f,1060000017,2.b.t.3,exact,exact,2. Contact from object,Balloon contact,Transmission,HFTD Tier 3,# ignitions,exact,,0,,,SDG&E,2024,4,v3.2,1,4,SDGE_2024_Q4_Tables1-15_R1.xlsx,Table 6,27,I27,https://efiling.energysafety.ca.gov/eFiling/Getfile.aspx?fileid=56226&shareable=true
T6R-5651e7ee60db7556,1060000018,2.c.d.0,exact,exact,2. Contact from object,Land vehicle contact,Distribution,Non-HFTD,# ignitions,exact,,0,,,SDG&E,2024,4,v3.2,1,4,SDGE_2024_Q4_Tables1-15_R1.xlsx,Table 6,28,I28,https://efiling.energysafety.ca.gov/eFiling/Getfile.aspx?fileid=56226&shareable=true
T6R-7c9bad27a8f406c8,1060000019,2.c.d.2,exact,exact,2. Contact from object,Land vehicle contact,Distribution,HFTD Tier 2,# ignitions,exact,,0,,,SDG&E,2024,4,v3.2,1,4,SDGE_2024_Q4_Tables1-15_R1.xlsx,Table 6,29,I29,https://efiling.energysafety.ca.gov/eFiling/Getfile.aspx?fileid=56226&shareable=true
T6R-da049d3061370694,1060000020,2.c.d.3,exact,exact,2. Contact from object,Land vehicle contact,Distribution,HFTD Tier 3,# ignitions,exact,,0,,,SDG&E,2024,4,v3.2,1,4,SDGE_2024_Q4_Tables1-15_R1.xlsx,Table 6,30,I30,https://efiling.energysafety.ca.gov/eFiling/Getfile.aspx?fileid=56226&shareable=true
T6R-6ddfd72b73fbf3d2,1060000021,2.c.t.0,exact,exact,2. Contact from object,Land vehicle contact,Transmission,Non-HFTD,# ignitions,exact,,0,,,SDG&E,2024,4,v3.2,1,4,SDGE_2024_Q4_Tables1-15_R1.xlsx,Table 6,31,I31,https://efiling.energysafety.ca.gov/eFiling/Getfile.aspx?fileid=56226&shareable=true
T6R-787ea9b5f4636671,1060000022,2.c.t.2,exact,exact,2. Contact from object,Land vehicle contact,Transmission,HFTD Tier 2,# ignitions,exact,,0,,,SDG&E,2024,4,v3.2,1,4,SDGE_2024_Q4_Tables1-15_R1.xlsx,Table 6,32,I32,https://efiling.energysafety.ca.gov/eFiling/Getfile.aspx?fileid=56226&shareable=true
T6R-6cb9ff2712a2ce60,1060000023,2.c.t.3,exact,exact,2. Contact from object,Land vehicle contact,Transmission,HFTD Tier 3,# ignitions,exact,,0,,,SDG&E,2024,4,v3.2,1,4,SDGE_2024_Q4_Tables1-15_R1.xlsx,Table 6,33,I33,https://efiling.energysafety.ca.gov/eFiling/Getfile.aspx?fileid=56226&shareable=true
T6R-652d8f6f27a5df0c,1060000024,2.d.d.0,exact,exact,2. Contact from object,Aircraft vehicle contact,Distribution,Non-HFTD,# ignitions,exact,,,,SDG&E did not track this driver historically but can implement for future ignitions,SDG&E,2024,4,v3.2,1,4,SDGE_2024_Q4_Tables1-15_R1.xlsx,Table 6,34,I34,https://efiling.energysafety.ca.gov/eFiling/Getfile.aspx?fileid=56226&shareable=true
T6R-10b42744e1036fce,1060000025,2.d.d.2,exact,exact,2. Contact from object,Aircraft vehicle contact,Distribution,HFTD Tier 2,# ignitions,exact,,,,SDG&E did not track this driver historically but can implement for future ignitions,SDG&E,2024,4,v3.2,1,4,SDGE_2024_Q4_Tables1-15_R1.xlsx,Table 6,35,I35,https://efiling.energysafety.ca.gov/eFiling/Getfile.aspx?fileid=56226&shareable=true
T6R-71f0fd0b59547fe2,1060000026,2.d.d.3,exact,exact,2. Contact from object,Aircraft vehicle contact,Distribution,HFTD Tier 3,# ignitions,exact,,,,SDG&E did not track this driver historically but can implement for future ignitions,SDG&E,2024,4,v3.2,1,4,SDGE_2024_Q4_Tables1-15_R1.xlsx,Table 6,36,I36,https://efiling.energysafety.ca.gov/eFiling/Getfile.aspx?fileid=56226&shareable=true
T6R-4d0d0b022a57c6c5,1060000027,2.d.t.0,exact,exact,2. Contact from object,Aircraft vehicle contact,Transmission,Non-HFTD,# ignitions,exact,,,,SDG&E did not track this driver historically but can implement for future ignitions,SDG&E,2024,4,v3.2,1,4,SDGE_2024_Q4_Tables1-15_R1.xlsx,Table 6,37,I37,https://efiling.energysafety.ca.gov/eFiling/Getfile.aspx?fileid=56226&shareable=true
T6R-d0b1b5233c8b0a9e,1060000028,2.d.t.2,exact,exact,2. Contact from object,Aircraft vehicle contact,Transmission,HFTD Tier 2,# ignitions,exact,,,,SDG&E did not track this driver historically but can implement for future ignitions,SDG&E,2024,4,v3.2,1,4,SDGE_2024_Q4_Tables1-15_R1.xlsx,Table 6,38,I38,https://efiling.energysafety.ca.gov/eFiling/Getfile.aspx?fileid=56226&shareable=true
T6R-a7eed35b9ece18e3,1060000029,2.d.t.3,exact,exact,2. Contact from object,Aircraft vehicle contact,Transmission,HFTD Tier 3,# ignitions,exact,,,,SDG&E did not track this driver historically but can implement for future ignitions,SDG&E,2024,4,v3.2,1,4,SDGE_2024_Q4_Tables1-15_R1.xlsx,Table 6,39,I39,https://efiling.energysafety.ca.gov/eFiling/Getfile.aspx?fileid=56226&shareable=true
T6R-28a4bd7710e61d42,1060000030,2.e.d.0,exact,exact,2. Contact from object,3rd party facility,Distribution,Non-HFTD,# ignitions,exact,,,,"SDGE includes this metric in #11 ""Other""",SDG&E,2024,4,v3.2,1,4,SDGE_2024_Q4_Tables1-15_R1.xlsx,Table 6,40,I40,https://efiling.energysafety.ca.gov/eFiling/Getfile.aspx?fileid=56226&shareable=true
T6R-741fe8bf27d83940,1060000031,2.e.d.2,exact,exact,2. Contact from object,3rd party facility,Distribution,HFTD Tier 2,# ignitions,exact,,,,"SDGE includes this metric in #11 ""Other""",SDG&E,2024,4,v3.2,1,4,SDGE_2024_Q4_Tables1-15_R1.xlsx,Table 6,41,I41,https://efiling.energysafety.ca.gov/eFiling/Getfile.aspx?fileid=56226&shareable=true
T6R-dc01627403e73a2e,1060000032,2.e.d.3,exact,exact,2. Contact from object,3rd party facility,Distribution,HFTD Tier 3,# ignitions,exact,,,,"SDGE includes this metric in #11 ""Other""",SDG&E,2024,4,v3.2,1,4,SDGE_2024_Q4_Tables1-15_R1.xlsx,Table 6,42,I42,https://efiling.energysafety.ca.gov/eFiling/Getfile.aspx?fileid=56226&shareable=true
T6R-4493a004dea2d73a,1060000033,2.e.t.0,exact,exact,2. Contact from object,3rd party facility,Transmission,Non-HFTD,# ignitions,exact,,,,"SDGE includes this metric in #11 ""Other""",SDG&E,2024,4,v3.2,1,4,SDGE_2024_Q4_Tables1-15_R1.xlsx,Table 6,43,I43,https://efiling.energysafety.ca.gov/eFiling/Getfile.aspx?fileid=56226&shareable=true
T6R-f43bb2acd4f51ac6,1060000034,2.e.t.2,exact,exact,2. Contact from object,3rd party facility,Transmission,HFTD Tier 2,# ignitions,exact,,,,"SDGE includes this metric in #11 ""Other""",SDG&E,2024,4,v3.2,1,4,SDGE_2024_Q4_Tables1-15_R1.xlsx,Table 6,44,I44,https://efiling.energysafety.ca.gov/eFiling/Getfile.aspx?fileid=56226&shareable=true
T6R-6682e0296c10cc85,1060000035,2.e.t.3,exact,exact,2. Contact from object,3rd party facility,Transmission,HFTD Tier 3,# ignitions,exact,,,,"SDGE includes this metric in #11 ""Other""",SDG&E,2024,4,v3.2,1,4,SDGE_2024_Q4_Tables1-15_R1.xlsx,Table 6,45,I45,https://efiling.energysafety.ca.gov/eFiling/Getfile.aspx?fileid=56226&shareable=true
T6R-ad35adc6c54fb13d,1060000036,2.f.d.0,exact,canonical_label_update,2. Contact from object,Unknown (contact from object),Distribution,Non-HFTD,# ignitions,exact,,,,SDG&E does not currently track this driver,SDG&E,2024,4,v3.2,1,4,SDGE_2024_Q4_Tables1-15_R1.xlsx,Table 6,46,I46,https://efiling.energysafety.ca.gov/eFiling/Getfile.aspx?fileid=56226&shareable=true
T6R-0e16150e774592b9,1060000037,2.f.d.2,exact,canonical_label_update,2. Contact from object,Unknown (contact from object),Distribution,HFTD Tier 2,# ignitions,exact,,,,SDG&E does not currently track this driver,SDG&E,2024,4,v3.2,1,4,SDGE_2024_Q4_Tables1-15_R1.xlsx,Table 6,47,I47,https://efiling.energysafety.ca.gov/eFiling/Getfile.aspx?fileid=56226&shareable=true
T6R-80d2a919cc072a70,1060000038,2.f.d.3,exact,canonical_label_update,2. Contact from object,Unknown (contact from object),Distribution,HFTD Tier 3,# ignitions,exact,,,,SDG&E does not currently track this driver,SDG&E,2024,4,v3.2,1,4,SDGE_2024_Q4_Tables1-15_R1.xlsx,Table 6,48,I48,https://efiling.energysafety.ca.gov/eFiling/Getfile.aspx?fileid=56226&shareable=true
T6R-7c84056360d0d7ab,1060000039,2.f.t.0,exact,canonical_label_update,2. Contact from object,Unknown (contact from object),Transmission,Non-HFTD,# ignitions,exact,,,,SDG&E does not currently track this driver,SDG&E,2024,4,v3.2,1,4,SDGE_2024_Q4_Tables1-15_R1.xlsx,Table 6,49,I49,https://efiling.energysafety.ca.gov/eFiling/Getfile.aspx?fileid=56226&shareable=true
T6R-624ae1c5d151f5f8,1060000040,2.f.t.2,exact,canonical_label_update,2. Contact from object,Unknown (contact from object),Transmission,HFTD Tier 2,# ignitions,exact,,,,SDG&E does not currently track this driver,SDG&E,2024,4,v3.2,1,4,SDGE_2024_Q4_Tables1-15_R1.xlsx,Table 6,50,I50,https://efiling.energysafety.ca.gov/eFiling/Getfile.aspx?fileid=56226&shareable=true
T6R-4bcb38c7bf199304,1060000041,2.f.t.3,exact,canonical_label_update,2. Contact from object,Unknown (contact from object),Transmission,HFTD Tier 3,# ignitions,exact,,,,SDG&E does not currently track this driver,SDG&E,2024,4,v3.2,1,4,SDGE_2024_Q4_Tables1-15_R1.xlsx,Table 6,51,I51,https://efiling.energysafety.ca.gov/eFiling/Getfile.aspx?fileid=56226&shareable=true
T6R-9b5717a4622a1c9f,1060000042,2.g.d.0,exact,canonical_label_update,2. Contact from object,Other (contact from object),Distribution,Non-HFTD,# ignitions,exact,,0,,,SDG&E,2024,4,v3.2,1,4,SDGE_2024_Q4_Tables1-15_R1.xlsx,Table 6,52,I52,https://efiling.energysafety.ca.gov/eFiling/Getfile.aspx?fileid=56226&shareable=true
T6R-8350458a2ecc8cbc,1060000043,2.g.d.2,exact,canonical_label_update,2. Contact from object,Other (contact from object),Distribution,HFTD Tier 2,# ignitions,exact,,1,,,SDG&E,2024,4,v3.2,1,4,SDGE_2024_Q4_Tables1-15_R1.xlsx,Table 6,53,I53,https://efiling.energysafety.ca.gov/eFiling/Getfile.aspx?fileid=56226&shareable=true
T6R-30c0c698c2443bc9,1060000044,2.g.d.3,exact,canonical_label_update,2. Contact from object,Other (contact from object),Distribution,HFTD Tier 3,# ignitions,exact,,0,,,SDG&E,2024,4,v3.2,1,4,SDGE_2024_Q4_Tables1-15_R1.xlsx,Table 6,54,I54,https://efiling.energysafety.ca.gov/eFiling/Getfile.aspx?fileid=56226&shareable=true
T6R-2afb0001659161fa,1060000045,2.g.t.0,exact,canonical_label_update,2. Contact from object,Other (contact from object),Transmission,Non-HFTD,# ignitions,exact,,0,,,SDG&E,2024,4,v3.2,1,4,SDGE_2024_Q4_Tables1-15_R1.xlsx,Table 6,55,I55,https://efiling.energysafety.ca.gov/eFiling/Getfile.aspx?fileid=56226&shareable=true
T6R-effedb304c1a6789,1060000046,2.g.t.2,exact,canonical_label_update,2. Contact from object,Other (contact from object),Transmission,HFTD Tier 2,# ignitions,exact,,0,,,SDG&E,2024,4,v3.2,1,4,SDGE_2024_Q4_Tables1-15_R1.xlsx,Table 6,56,I56,https://efiling.energysafety.ca.gov/eFiling/Getfile.aspx?fileid=56226&shareable=true
T6R-af862acd22581604,1060000047,2.g.t.3,exact,canonical_label_update,2. Contact from object,Other (contact from object),Transmission,HFTD Tier 3,# ignitions,exact,,0,,,SDG&E,2024,4,v3.2,1,4,SDGE_2024_Q4_Tables1-15_R1.xlsx,Table 6,57,I57,https://efiling.energysafety.ca.gov/eFiling/Getfile.aspx?fileid=56226&shareable=true
T6R-994c12d2207a281e,1060000048,3.a.d.0,exact,exact,3. Vegetation contact,Vegetation contact,Distribution,Non-HFTD,# ignitions,exact,,0,,,SDG&E,2024,4,v3.2,1,4,SDGE_2024_Q4_Tables1-15_R1.xlsx,Table 6,58,I58,https://efiling.energysafety.ca.gov/eFiling/Getfile.aspx?fileid=56226&shareable=true
T6R-eaebfdee542d9eec,1060000049,3.a.d.2,exact,exact,3. Vegetation contact,Vegetation contact,Distribution,HFTD Tier 2,# ignitions,exact,,0,,,SDG&E,2024,4,v3.2,1,4,SDGE_2024_Q4_Tables1-15_R1.xlsx,Table 6,59,I59,https://efiling.energysafety.ca.gov/eFiling/Getfile.aspx?fileid=56226&shareable=true
T6R-e56c7b268fe2e62b,1060000050,3.a.d.3,exact,exact,3. Vegetation contact,Vegetation contact,Distribution,HFTD Tier 3,# ignitions,exact,,0,,,SDG&E,2024,4,v3.2,1,4,SDGE_2024_Q4_Tables1-15_R1.xlsx,Table 6,60,I60,https://efiling.energysafety.ca.gov/eFiling/Getfile.aspx?fileid=56226&shareable=true
T6R-5d29fdaa288556f5,1060000051,3.a.t.0,exact,exact,3. Vegetation contact,Vegetation contact,Transmission,Non-HFTD,# ignitions,exact,,0,,,SDG&E,2024,4,v3.2,1,4,SDGE_2024_Q4_Tables1-15_R1.xlsx,Table 6,61,I61,https://efiling.energysafety.ca.gov/eFiling/Getfile.aspx?fileid=56226&shareable=true
T6R-6c0a00a8ae51b873,1060000052,3.a.t.2,exact,exact,3. Vegetation contact,Vegetation contact,Transmission,HFTD Tier 2,# ignitions,exact,,0,,,SDG&E,2024,4,v3.2,1,4,SDGE_2024_Q4_Tables1-15_R1.xlsx,Table 6,62,I62,https://efiling.energysafety.ca.gov/eFiling/Getfile.aspx?fileid=56226&shareable=true
T6R-d19e54ff3cddc5a1,1060000053,3.a.t.3,exact,exact,3. Vegetation contact,Vegetation contact,Transmission,HFTD Tier 3,# ignitions,exact,,0,,,SDG&E,2024,4,v3.2,1,4,SDGE_2024_Q4_Tables1-15_R1.xlsx,Table 6,63,I63,https://efiling.energysafety.ca.gov/eFiling/Getfile.aspx?fileid=56226&shareable=true
T6R-9c7953aaf6ce51f0,1060000054,4.a.d.0,corrected_in_v3_2,canonical_label_update,4. Equipment / facility failure or damage,Anchor / guy,Distribution,Non-HFTD,# ignitions,exact,,0,,,SDG&E,2024,4,v3.2,1,4,SDGE_2024_Q4_Tables1-15_R1.xlsx,Table 6,64,I64,https://efiling.energysafety.ca.gov/eFiling/Getfile.aspx?fileid=56226&shareable=true
T6R-21b41a65f09e5017,1060000055,4.a.d.2,exact,canonical_label_update,4. Equipment / facility failure or damage,Anchor / guy,Distribution,HFTD Tier 2,# ignitions,exact,,0,,,SDG&E,2024,4,v3.2,1,4,SDGE_2024_Q4_Tables1-15_R1.xlsx,Table 6,65,I65,https://efiling.energysafety.ca.gov/eFiling/Getfile.aspx?fileid=56226&shareable=true
T6R-4707275db5ccd340,1060000056,4.a.d.3,exact,canonical_label_update,4. Equipment / facility failure or damage,Anchor / guy,Distribution,HFTD Tier 3,# ignitions,exact,,0,,,SDG&E,2024,4,v3.2,1,4,SDGE_2024_Q4_Tables1-15_R1.xlsx,Table 6,66,I66,https://efiling.energysafety.ca.gov/eFiling/Getfile.aspx?fileid=56226&shareable=true
T6R-3a41c39eb80178be,1060000057,4.a.t.0,exact,canonical_label_update,4. Equipment / facility failure or damage,Anchor / guy,Transmission,Non-HFTD,# ignitions,exact,,0,,,SDG&E,2024,4,v3.2,1,4,SDGE_2024_Q4_Tables1-15_R1.xlsx,Table 6,67,I67,https://efiling.energysafety.ca.gov/eFiling/Getfile.aspx?fileid=56226&shareable=true
T6R-90f6f8943a4b7b37,1060000058,4.a.t.2,exact,canonical_label_update,4. Equipment / facility failure or damage,Anchor / guy,Transmission,HFTD Tier 2,# ignitions,exact,,0,,,SDG&E,2024,4,v3.2,1,4,SDGE_2024_Q4_Tables1-15_R1.xlsx,Table 6,68,I68,https://efiling.energysafety.ca.gov/eFiling/Getfile.aspx?fileid=56226&shareable=true
T6R-c016738594b88b1d,1060000059,4.a.t.3,exact,canonical_label_update,4. Equipment / facility failure or damage,Anchor / guy,Transmission,HFTD Tier 3,# ignitions,exact,,0,,,SDG&E,2024,4,v3.2,1,4,SDGE_2024_Q4_Tables1-15_R1.xlsx,Table 6,69,I69,https://efiling.energysafety.ca.gov/eFiling/Getfile.aspx?fileid=56226&shareable=true
T6R-72a435a407d9e5fc,1060000060,4.b.d.0,exact,exact,4. Equipment / facility failure or damage,Capacitor bank,Distribution,Non-HFTD,# ignitions,exact,,0,,,SDG&E,2024,4,v3.2,1,4,SDGE_2024_Q4_Tables1-15_R1.xlsx,Table 6,70,I70,https://efiling.energysafety.ca.gov/eFiling/Getfile.aspx?fileid=56226&shareable=true
T6R-d74e6698de92cc05,1060000061,4.b.d.2,exact,exact,4. Equipment / facility failure or damage,Capacitor bank,Distribution,HFTD Tier 2,# ignitions,exact,,0,,,SDG&E,2024,4,v3.2,1,4,SDGE_2024_Q4_Tables1-15_R1.xlsx,Table 6,71,I71,https://efiling.energysafety.ca.gov/eFiling/Getfile.aspx?fileid=56226&shareable=true
T6R-417b263cf7669e43,1060000062,4.b.d.3,exact,exact,4. Equipment / facility failure or damage,Capacitor bank,Distribution,HFTD Tier 3,# ignitions,exact,,0,,,SDG&E,2024,4,v3.2,1,4,SDGE_2024_Q4_Tables1-15_R1.xlsx,Table 6,72,I72,https://efiling.energysafety.ca.gov/eFiling/Getfile.aspx?fileid=56226&shareable=true
T6R-11e15713826868ef,1060000063,4.b.t.0,exact,exact,4. Equipment / facility failure or damage,Capacitor bank,Transmission,Non-HFTD,# ignitions,exact,,0,,,SDG&E,2024,4,v3.2,1,4,SDGE_2024_Q4_Tables1-15_R1.xlsx,Table 6,73,I73,https://efiling.energysafety.ca.gov/eFiling/Getfile.aspx?fileid=56226&shareable=true
T6R-b2d8aa9a729759ee,1060000064,4.b.t.2,exact,exact,4. Equipment / facility failure or damage,Capacitor bank,Transmission,HFTD Tier 2,# ignitions,exact,,0,,,SDG&E,2024,4,v3.2,1,4,SDGE_2024_Q4_Tables1-15_R1.xlsx,Table 6,74,I74,https://efiling.energysafety.ca.gov/eFiling/Getfile.aspx?fileid=56226&shareable=true
T6R-411aa96ae72be943,1060000065,4.b.t.3,exact,exact,4. Equipment / facility failure or damage,Capacitor bank,Transmission,HFTD Tier 3,# ignitions,exact,,0,,,SDG&E,2024,4,v3.2,1,4,SDGE_2024_Q4_Tables1-15_R1.xlsx,Table 6,75,I75,https://efiling.energysafety.ca.gov/eFiling/Getfile.aspx?fileid=56226&shareable=true
T6R-e4dd074086d83767,1060000066,4.c.d.0,exact,exact,4. Equipment / facility failure or damage,Conductor,Distribution,Non-HFTD,# ignitions,exact,,0,,,SDG&E,2024,4,v3.2,1,4,SDGE_2024_Q4_Tables1-15_R1.xlsx,Table 6,76,I76,https://efiling.energysafety.ca.gov/eFiling/Getfile.aspx?fileid=56226&shareable=true
T6R-5e7623643dd48c8b,1060000067,4.c.d.2,exact,exact,4. Equipment / facility failure or damage,Conductor,Distribution,HFTD Tier 2,# ignitions,exact,,0,,,SDG&E,2024,4,v3.2,1,4,SDGE_2024_Q4_Tables1-15_R1.xlsx,Table 6,77,I77,https://efiling.energysafety.ca.gov/eFiling/Getfile.aspx?fileid=56226&shareable=true
T6R-b50de072b9b9700e,1060000068,4.c.d.3,exact,exact,4. Equipment / facility failure or damage,Conductor,Distribution,HFTD Tier 3,# ignitions,exact,,0,,,SDG&E,2024,4,v3.2,1,4,SDGE_2024_Q4_Tables1-15_R1.xlsx,Table 6,78,I78,https://efiling.energysafety.ca.gov/eFiling/Getfile.aspx?fileid=56226&shareable=true
T6R-b29ec1a511166216,1060000069,4.c.t.0,exact,exact,4. Equipment / facility failure or damage,Conductor,Transmission,Non-HFTD,# ignitions,exact,,0,,,SDG&E,2024,4,v3.2,1,4,SDGE_2024_Q4_Tables1-15_R1.xlsx,Table 6,79,I79,https://efiling.energysafety.ca.gov/eFiling/Getfile.aspx?fileid=56226&shareable=true
T6R-31835af7655a57ad,1060000070,4.c.t.2,exact,exact,4. Equipment / facility failure or damage,Conductor,Transmission,HFTD Tier 2,# ignitions,exact,,0,,,SDG&E,2024,4,v3.2,1,4,SDGE_2024_Q4_Tables1-15_R1.xlsx,Table 6,80,I80,https://efiling.energysafety.ca.gov/eFiling/Getfile.aspx?fileid=56226&shareable=true
T6R-b84582e7df3c9635,1060000071,4.c.t.3,exact,exact,4. Equipment / facility failure or damage,Conductor,Transmission,HFTD Tier 3,# ignitions,exact,,0,,,SDG&E,2024,4,v3.2,1,4,SDGE_2024_Q4_Tables1-15_R1.xlsx,Table 6,81,I81,https://efiling.energysafety.ca.gov/eFiling/Getfile.aspx?fileid=56226&shareable=true
T6R-462c0dc3677f996d,1060000072,4.d.d.0,exact,exact,4. Equipment / facility failure or damage,Connection device,Distribution,Non-HFTD,# ignitions,exact,,0,,,SDG&E,2024,4,v3.2,1,4,SDGE_2024_Q4_Tables1-15_R1.xlsx,Table 6,82,I82,https://efiling.energysafety.ca.gov/eFiling/Getfile.aspx?fileid=56226&shareable=true
T6R-de5d65c0d678b5c9,1060000073,4.d.d.2,exact,exact,4. Equipment / facility failure or damage,Connection device,Distribution,HFTD Tier 2,# ignitions,exact,,0,,,SDG&E,2024,4,v3.2,1,4,SDGE_2024_Q4_Tables1-15_R1.xlsx,Table 6,83,I83,https://efiling.energysafety.ca.gov/eFiling/Getfile.aspx?fileid=56226&shareable=true
T6R-0abb40fafbbebef3,1060000074,4.d.d.3,exact,exact,4. Equipment / facility failure or damage,Connection device,Distribution,HFTD Tier 3,# ignitions,exact,,0,,,SDG&E,2024,4,v3.2,1,4,SDGE_2024_Q4_Tables1-15_R1.xlsx,Table 6,84,I84,https://efiling.energysafety.ca.gov/eFiling/Getfile.aspx?fileid=56226&shareable=true
T6R-ecdc88cfe4653c22,1060000075,4.d.t.0,exact,exact,4. Equipment / facility failure or damage,Connection device,Transmission,Non-HFTD,# ignitions,exact,,0,,,SDG&E,2024,4,v3.2,1,4,SDGE_2024_Q4_Tables1-15_R1.xlsx,Table 6,85,I85,https://efiling.energysafety.ca.gov/eFiling/Getfile.aspx?fileid=56226&shareable=true
T6R-7693de5f68744d7a,1060000076,4.d.t.2,exact,exact,4. Equipment / facility failure or damage,Connection device,Transmission,HFTD Tier 2,# ignitions,exact,,0,,,SDG&E,2024,4,v3.2,1,4,SDGE_2024_Q4_Tables1-15_R1.xlsx,Table 6,86,I86,https://efiling.energysafety.ca.gov/eFiling/Getfile.aspx?fileid=56226&shareable=true
T6R-e70108c54cb35468,1060000077,4.d.t.3,exact,exact,4. Equipment / facility failure or damage,Connection device,Transmission,HFTD Tier 3,# ignitions,exact,,0,,,SDG&E,2024,4,v3.2,1,4,SDGE_2024_Q4_Tables1-15_R1.xlsx,Table 6,87,I87,https://efiling.energysafety.ca.gov/eFiling/Getfile.aspx?fileid=56226&shareable=true
T6R-3c1361d9a6b1f6fa,1060000078,4.e.d.0,exact,exact,4. Equipment / facility failure or damage,Crossarm,Distribution,Non-HFTD,# ignitions,exact,,0,,,SDG&E,2024,4,v3.2,1,4,SDGE_2024_Q4_Tables1-15_R1.xlsx,Table 6,88,I88,https://efiling.energysafety.ca.gov/eFiling/Getfile.aspx?fileid=56226&shareable=true
T6R-96aa5637abb5001c,1060000079,4.e.d.2,exact,exact,4. Equipment / facility failure or damage,Crossarm,Distribution,HFTD Tier 2,# ignitions,exact,,0,,,SDG&E,2024,4,v3.2,1,4,SDGE_2024_Q4_Tables1-15_R1.xlsx,Table 6,89,I89,https://efiling.energysafety.ca.gov/eFiling/Getfile.aspx?fileid=56226&shareable=true
T6R-b436059e728ba7de,1060000080,4.e.d.3,exact,exact,4. Equipment / facility failure or damage,Crossarm,Distribution,HFTD Tier 3,# ignitions,exact,,0,,,SDG&E,2024,4,v3.2,1,4,SDGE_2024_Q4_Tables1-15_R1.xlsx,Table 6,90,I90,https://efiling.energysafety.ca.gov/eFiling/Getfile.aspx?fileid=56226&shareable=true
T6R-cf43ac23bce19380,1060000081,4.e.t.0,exact,exact,4. Equipment / facility failure or damage,Crossarm,Transmission,Non-HFTD,# ignitions,exact,,0,,,SDG&E,2024,4,v3.2,1,4,SDGE_2024_Q4_Tables1-15_R1.xlsx,Table 6,91,I91,https://efiling.energysafety.ca.gov/eFiling/Getfile.aspx?fileid=56226&shareable=true
T6R-5a9acee1c9944985,1060000082,4.e.t.2,exact,exact,4. Equipment / facility failure or damage,Crossarm,Transmission,HFTD Tier 2,# ignitions,exact,,0,,,SDG&E,2024,4,v3.2,1,4,SDGE_2024_Q4_Tables1-15_R1.xlsx,Table 6,92,I92,https://efiling.energysafety.ca.gov/eFiling/Getfile.aspx?fileid=56226&shareable=true
T6R-76be43be512071c5,1060000083,4.e.t.3,exact,exact,4. Equipment / facility failure or damage,Crossarm,Transmission,HFTD Tier 3,# ignitions,exact,,0,,,SDG&E,2024,4,v3.2,1,4,SDGE_2024_Q4_Tables1-15_R1.xlsx,Table 6,93,I93,https://efiling.energysafety.ca.gov/eFiling/Getfile.aspx?fileid=56226&shareable=true
T6R-2b7d39bd8befd8cd,1060000084,4.f.d.0,exact,exact,4. Equipment / facility failure or damage,Fuse,Distribution,Non-HFTD,# ignitions,exact,,0,,,SDG&E,2024,4,v3.2,1,4,SDGE_2024_Q4_Tables1-15_R1.xlsx,Table 6,94,I94,https://efiling.energysafety.ca.gov/eFiling/Getfile.aspx?fileid=56226&shareable=true
T6R-557b40087bdbd3de,1060000085,4.f.d.2,exact,exact,4. Equipment / facility failure or damage,Fuse,Distribution,HFTD Tier 2,# ignitions,exact,,0,,,SDG&E,2024,4,v3.2,1,4,SDGE_2024_Q4_Tables1-15_R1.xlsx,Table 6,95,I95,https://efiling.energysafety.ca.gov/eFiling/Getfile.aspx?fileid=56226&shareable=true
T6R-3b970e64802cf16a,1060000086,4.f.d.3,exact,exact,4. Equipment / facility failure or damage,Fuse,Distribution,HFTD Tier 3,# ignitions,exact,,1,,,SDG&E,2024,4,v3.2,1,4,SDGE_2024_Q4_Tables1-15_R1.xlsx,Table 6,96,I96,https://efiling.energysafety.ca.gov/eFiling/Getfile.aspx?fileid=56226&shareable=true
T6R-b6d13fcb0d09b590,1060000087,4.f.t.0,exact,exact,4. Equipment / facility failure or damage,Fuse,Transmission,Non-HFTD,# ignitions,exact,,0,,,SDG&E,2024,4,v3.2,1,4,SDGE_2024_Q4_Tables1-15_R1.xlsx,Table 6,97,I97,https://efiling.energysafety.ca.gov/eFiling/Getfile.aspx?fileid=56226&shareable=true
T6R-56146be1005b2163,1060000088,4.f.t.2,exact,exact,4. Equipment / facility failure or damage,Fuse,Transmission,HFTD Tier 2,# ignitions,exact,,0,,,SDG&E,2024,4,v3.2,1,4,SDGE_2024_Q4_Tables1-15_R1.xlsx,Table 6,98,I98,https://efiling.energysafety.ca.gov/eFiling/Getfile.aspx?fileid=56226&shareable=true
T6R-13f7306274a7c697,1060000089,4.f.t.3,exact,exact,4. Equipment / facility failure or damage,Fuse,Transmission,HFTD Tier 3,# ignitions,exact,,0,,,SDG&E,2024,4,v3.2,1,4,SDGE_2024_Q4_Tables1-15_R1.xlsx,Table 6,99,I99,https://efiling.energysafety.ca.gov/eFiling/Getfile.aspx?fileid=56226&shareable=true
T6R-05dd0ceab0625ee5,1060000090,4.g.d.0,exact,exact,4. Equipment / facility failure or damage,Cutout,Distribution,Non-HFTD,# ignitions,exact,,,,SDG&E did not track this driver historically but can implement for future ignitions,SDG&E,2024,4,v3.2,1,4,SDGE_2024_Q4_Tables1-15_R1.xlsx,Table 6,100,I100,https://efiling.energysafety.ca.gov/eFiling/Getfile.aspx?fileid=56226&shareable=true
T6R-2ad4cd0d72055237,1060000091,4.g.d.2,exact,exact,4. Equipment / facility failure or damage,Cutout,Distribution,HFTD Tier 2,# ignitions,exact,,,,SDG&E did not track this driver historically but can implement for future ignitions,SDG&E,2024,4,v3.2,1,4,SDGE_2024_Q4_Tables1-15_R1.xlsx,Table 6,101,I101,https://efiling.energysafety.ca.gov/eFiling/Getfile.aspx?fileid=56226&shareable=true
T6R-c5066ee866ef8aef,1060000092,4.g.d.3,exact,exact,4. Equipment / facility failure or damage,Cutout,Distribution,HFTD Tier 3,# ignitions,exact,,,,SDG&E did not track this driver historically but can implement for future ignitions,SDG&E,2024,4,v3.2,1,4,SDGE_2024_Q4_Tables1-15_R1.xlsx,Table 6,102,I102,https://efiling.energysafety.ca.gov/eFiling/Getfile.aspx?fileid=56226&shareable=true
T6R-2bb68114f702a7f5,1060000093,4.g.t.0,exact,exact,4. Equipment / facility failure or damage,Cutout,Transmission,Non-HFTD,# ignitions,exact,,,,SDG&E did not track this driver historically but can implement for future ignitions,SDG&E,2024,4,v3.2,1,4,SDGE_2024_Q4_Tables1-15_R1.xlsx,Table 6,103,I103,https://efiling.energysafety.ca.gov/eFiling/Getfile.aspx?fileid=56226&shareable=true
T6R-adc8e9ec91467fdd,1060000094,4.g.t.2,exact,exact,4. Equipment / facility failure or damage,Cutout,Transmission,HFTD Tier 2,# ignitions,exact,,,,SDG&E did not track this driver historically but can implement for future ignitions,SDG&E,2024,4,v3.2,1,4,SDGE_2024_Q4_Tables1-15_R1.xlsx,Table 6,104,I104,https://efiling.energysafety.ca.gov/eFiling/Getfile.aspx?fileid=56226&shareable=true
T6R-25636eb315c73668,1060000095,4.g.t.3,exact,exact,4. Equipment / facility failure or damage,Cutout,Transmission,HFTD Tier 3,# ignitions,exact,,,,SDG&E did not track this driver historically but can implement for future ignitions,SDG&E,2024,4,v3.2,1,4,SDGE_2024_Q4_Tables1-15_R1.xlsx,Table 6,105,I105,https://efiling.energysafety.ca.gov/eFiling/Getfile.aspx?fileid=56226&shareable=true
T6R-1483ad7877bdd868,1060000096,4.h.d.0,corrected_in_v3_2,exact,4. Equipment / facility failure or damage,Insulator and bushing,Distribution,Non-HFTD,# ignitions,exact,,0,,,SDG&E,2024,4,v3.2,1,4,SDGE_2024_Q4_Tables1-15_R1.xlsx,Table 6,106,I106,https://efiling.energysafety.ca.gov/eFiling/Getfile.aspx?fileid=56226&shareable=true
T6R-c13b9f1d2be6d51b,1060000097,4.h.d.2,corrected_in_v3_2,exact,4. Equipment / facility failure or damage,Insulator and bushing,Distribution,HFTD Tier 2,# ignitions,exact,,0,,,SDG&E,2024,4,v3.2,1,4,SDGE_2024_Q4_Tables1-15_R1.xlsx,Table 6,107,I107,https://efiling.energysafety.ca.gov/eFiling/Getfile.aspx?fileid=56226&shareable=true
T6R-6d09798731c61a7f,1060000098,4.h.d.3,corrected_in_v3_2,exact,4. Equipment / facility failure or damage,Insulator and bushing,Distribution,HFTD Tier 3,# ignitions,exact,,0,,,SDG&E,2024,4,v3.2,1,4,SDGE_2024_Q4_Tables1-15_R1.xlsx,Table 6,108,I108,https://efiling.energysafety.ca.gov/eFiling/Getfile.aspx?fileid=56226&shareable=true
T6R-2d55fa75403c35c2,1060000099,4.h.t.0,corrected_in_v3_2,exact,4. Equipment / facility failure or damage,Insulator and bushing,Transmission,Non-HFTD,# ignitions,exact,,0,,,SDG&E,2024,4,v3.2,1,4,SDGE_2024_Q4_Tables1-15_R1.xlsx,Table 6,109,I109,https://efiling.energysafety.ca.gov/eFiling/Getfile.aspx?fileid=56226&shareable=true
T6R-2beb84ba038aff55,1060000100,4.h.t.2,corrected_in_v3_2,exact,4. Equipment / facility failure or damage,Insulator and bushing,Transmission,HFTD Tier 2,# ignitions,exact,,0,,,SDG&E,2024,4,v3.2,1,4,SDGE_2024_Q4_Tables1-15_R1.xlsx,Table 6,110,I110,https://efiling.energysafety.ca.gov/eFiling/Getfile.aspx?fileid=56226&shareable=true
T6R-f5cc0bdb186343f0,1060000101,4.h.t.3,corrected_in_v3_2,exact,4. Equipment / facility failure or damage,Insulator and bushing,Transmission,HFTD Tier 3,# ignitions,exact,,0,,,SDG&E,2024,4,v3.2,1,4,SDGE_2024_Q4_Tables1-15_R1.xlsx,Table 6,111,I111,https://efiling.energysafety.ca.gov/eFiling/Getfile.aspx?fileid=56226&shareable=true
T6R-ce52452ec59f796c,1060000102,4.i.d.0,corrected_in_v3_2,exact,4. Equipment / facility failure or damage,Lightning arrester,Distribution,Non-HFTD,# ignitions,exact,,0,,,SDG&E,2024,4,v3.2,1,4,SDGE_2024_Q4_Tables1-15_R1.xlsx,Table 6,112,I112,https://efiling.energysafety.ca.gov/eFiling/Getfile.aspx?fileid=56226&shareable=true
T6R-08fe49ae18c399df,1060000103,4.i.d.2,corrected_in_v3_2,exact,4. Equipment / facility failure or damage,Lightning arrester,Distribution,HFTD Tier 2,# ignitions,exact,,0,,,SDG&E,2024,4,v3.2,1,4,SDGE_2024_Q4_Tables1-15_R1.xlsx,Table 6,113,I113,https://efiling.energysafety.ca.gov/eFiling/Getfile.aspx?fileid=56226&shareable=true
T6R-6bdcb59d785b1dfa,1060000104,4.i.d.3,corrected_in_v3_2,exact,4. Equipment / facility failure or damage,Lightning arrester,Distribution,HFTD Tier 3,# ignitions,exact,,0,,,SDG&E,2024,4,v3.2,1,4,SDGE_2024_Q4_Tables1-15_R1.xlsx,Table 6,114,I114,https://efiling.energysafety.ca.gov/eFiling/Getfile.aspx?fileid=56226&shareable=true
T6R-1fb02c897bd1eadb,1060000105,4.i.t.0,corrected_in_v3_2,exact,4. Equipment / facility failure or damage,Lightning arrester,Transmission,Non-HFTD,# ignitions,exact,,0,,,SDG&E,2024,4,v3.2,1,4,SDGE_2024_Q4_Tables1-15_R1.xlsx,Table 6,115,I115,https://efiling.energysafety.ca.gov/eFiling/Getfile.aspx?fileid=56226&shareable=true
T6R-4e47ca82e11ff4ef,1060000106,4.i.t.2,corrected_in_v3_2,exact,4. Equipment / facility failure or damage,Lightning arrester,Transmission,HFTD Tier 2,# ignitions,exact,,0,,,SDG&E,2024,4,v3.2,1,4,SDGE_2024_Q4_Tables1-15_R1.xlsx,Table 6,116,I116,https://efiling.energysafety.ca.gov/eFiling/Getfile.aspx?fileid=56226&shareable=true
T6R-85c18bebb12d4d8f,1060000107,4.i.t.3,corrected_in_v3_2,exact,4. Equipment / facility failure or damage,Lightning arrester,Transmission,HFTD Tier 3,# ignitions,exact,,0,,,SDG&E,2024,4,v3.2,1,4,SDGE_2024_Q4_Tables1-15_R1.xlsx,Table 6,117,I117,https://efiling.energysafety.ca.gov/eFiling/Getfile.aspx?fileid=56226&shareable=true
T6R-8d0ab1f42b290d4b,1060000108,4.j.d.0,exact,exact,4. Equipment / facility failure or damage,Pole,Distribution,Non-HFTD,# ignitions,exact,,0,,,SDG&E,2024,4,v3.2,1,4,SDGE_2024_Q4_Tables1-15_R1.xlsx,Table 6,118,I118,https://efiling.energysafety.ca.gov/eFiling/Getfile.aspx?fileid=56226&shareable=true
T6R-4a0ec61a128c653d,1060000109,4.j.d.2,exact,exact,4. Equipment / facility failure or damage,Pole,Distribution,HFTD Tier 2,# ignitions,exact,,0,,,SDG&E,2024,4,v3.2,1,4,SDGE_2024_Q4_Tables1-15_R1.xlsx,Table 6,119,I119,https://efiling.energysafety.ca.gov/eFiling/Getfile.aspx?fileid=56226&shareable=true
T6R-fa084f2ec2767a45,1060000110,4.j.d.3,exact,exact,4. Equipment / facility failure or damage,Pole,Distribution,HFTD Tier 3,# ignitions,exact,,0,,,SDG&E,2024,4,v3.2,1,4,SDGE_2024_Q4_Tables1-15_R1.xlsx,Table 6,120,I120,https://efiling.energysafety.ca.gov/eFiling/Getfile.aspx?fileid=56226&shareable=true
T6R-cb4fecf9634ded50,1060000111,4.j.t.0,exact,exact,4. Equipment / facility failure or damage,Pole,Transmission,Non-HFTD,# ignitions,exact,,0,,,SDG&E,2024,4,v3.2,1,4,SDGE_2024_Q4_Tables1-15_R1.xlsx,Table 6,121,I121,https://efiling.energysafety.ca.gov/eFiling/Getfile.aspx?fileid=56226&shareable=true
T6R-82a9e0907992ca04,1060000112,4.j.t.2,exact,exact,4. Equipment / facility failure or damage,Pole,Transmission,HFTD Tier 2,# ignitions,exact,,0,,,SDG&E,2024,4,v3.2,1,4,SDGE_2024_Q4_Tables1-15_R1.xlsx,Table 6,122,I122,https://efiling.energysafety.ca.gov/eFiling/Getfile.aspx?fileid=56226&shareable=true
T6R-4a0caf1e708925dd,1060000113,4.j.t.3,exact,exact,4. Equipment / facility failure or damage,Pole,Transmission,HFTD Tier 3,# ignitions,exact,,0,,,SDG&E,2024,4,v3.2,1,4,SDGE_2024_Q4_Tables1-15_R1.xlsx,Table 6,123,I123,https://efiling.energysafety.ca.gov/eFiling/Getfile.aspx?fileid=56226&shareable=true
T6R-c08bd7e1e1cd4c76,1060000114,4.k.d.0,exact,exact,4. Equipment / facility failure or damage,Recloser,Distribution,Non-HFTD,# ignitions,exact,,,,SDG&E does not currently track this driver,SDG&E,2024,4,v3.2,1,4,SDGE_2024_Q4_Tables1-15_R1.xlsx,Table 6,124,I124,https://efiling.energysafety.ca.gov/eFiling/Getfile.aspx?fileid=56226&shareable=true
T6R-16a484305eab17ef,1060000115,4.k.d.2,exact,exact,4. Equipment / facility failure or damage,Recloser,Distribution,HFTD Tier 2,# ignitions,exact,,,,SDG&E does not currently track this driver,SDG&E,2024,4,v3.2,1,4,SDGE_2024_Q4_Tables1-15_R1.xlsx,Table 6,125,I125,https://efiling.energysafety.ca.gov/eFiling/Getfile.aspx?fileid=56226&shareable=true
T6R-3107c3c09ad87b0d,1060000116,4.k.d.3,exact,exact,4. Equipment / facility failure or damage,Recloser,Distribution,HFTD Tier 3,# ignitions,exact,,,,SDG&E does not currently track this driver,SDG&E,2024,4,v3.2,1,4,SDGE_2024_Q4_Tables1-15_R1.xlsx,Table 6,126,I126,https://efiling.energysafety.ca.gov/eFiling/Getfile.aspx?fileid=56226&shareable=true
T6R-7e8b94ca592e97a2,1060000117,4.k.t.0,exact,exact,4. Equipment / facility failure or damage,Recloser,Transmission,Non-HFTD,# ignitions,exact,,,,SDG&E does not currently track this driver,SDG&E,2024,4,v3.2,1,4,SDGE_2024_Q4_Tables1-15_R1.xlsx,Table 6,127,I127,https://efiling.energysafety.ca.gov/eFiling/Getfile.aspx?fileid=56226&shareable=true
T6R-d69ac36a78268faf,1060000118,4.k.t.2,exact,exact,4. Equipment / facility failure or damage,Recloser,Transmission,HFTD Tier 2,# ignitions,exact,,,,SDG&E does not currently track this driver,SDG&E,2024,4,v3.2,1,4,SDGE_2024_Q4_Tables1-15_R1.xlsx,Table 6,128,I128,https://efiling.energysafety.ca.gov/eFiling/Getfile.aspx?fileid=56226&shareable=true
T6R-f10fd8e26293c0bb,1060000119,4.k.t.3,exact,exact,4. Equipment / facility failure or damage,Recloser,Transmission,HFTD Tier 3,# ignitions,exact,,,,SDG&E does not currently track this driver,SDG&E,2024,4,v3.2,1,4,SDGE_2024_Q4_Tables1-15_R1.xlsx,Table 6,129,I129,https://efiling.energysafety.ca.gov/eFiling/Getfile.aspx?fileid=56226&shareable=true
T6R-cf66217712ffe515,1060000120,4.l.d.0,exact,exact,4. Equipment / facility failure or damage,Relay,Distribution,Non-HFTD,# ignitions,exact,,,,SDG&E does not currently track this driver,SDG&E,2024,4,v3.2,1,4,SDGE_2024_Q4_Tables1-15_R1.xlsx,Table 6,130,I130,https://efiling.energysafety.ca.gov/eFiling/Getfile.aspx?fileid=56226&shareable=true
T6R-23e3fe9aa45e6a19,1060000121,4.l.d.2,exact,exact,4. Equipment / facility failure or damage,Relay,Distribution,HFTD Tier 2,# ignitions,exact,,,,SDG&E does not currently track this driver,SDG&E,2024,4,v3.2,1,4,SDGE_2024_Q4_Tables1-15_R1.xlsx,Table 6,131,I131,https://efiling.energysafety.ca.gov/eFiling/Getfile.aspx?fileid=56226&shareable=true
T6R-5863245be975728c,1060000122,4.l.d.3,exact,exact,4. Equipment / facility failure or damage,Relay,Distribution,HFTD Tier 3,# ignitions,exact,,,,SDG&E does not currently track this driver,SDG&E,2024,4,v3.2,1,4,SDGE_2024_Q4_Tables1-15_R1.xlsx,Table 6,132,I132,https://efiling.energysafety.ca.gov/eFiling/Getfile.aspx?fileid=56226&shareable=true
T6R-e660b10998c889ad,1060000123,4.l.t.0,exact,exact,4. Equipment / facility failure or damage,Relay,Transmission,Non-HFTD,# ignitions,exact,,,,SDG&E does not currently track this driver,SDG&E,2024,4,v3.2,1,4,SDGE_2024_Q4_Tables1-15_R1.xlsx,Table 6,133,I133,https://efiling.energysafety.ca.gov/eFiling/Getfile.aspx?fileid=56226&shareable=true
T6R-c534bd4eacbc625a,1060000124,4.l.t.2,exact,exact,4. Equipment / facility failure or damage,Relay,Transmission,HFTD Tier 2,# ignitions,exact,,,,SDG&E does not currently track this driver,SDG&E,2024,4,v3.2,1,4,SDGE_2024_Q4_Tables1-15_R1.xlsx,Table 6,134,I134,https://efiling.energysafety.ca.gov/eFiling/Getfile.aspx?fileid=56226&shareable=true
T6R-9366eef96e402b72,1060000125,4.l.t.3,exact,exact,4. Equipment / facility failure or damage,Relay,Transmission,HFTD Tier 3,# ignitions,exact,,,,SDG&E does not currently track this driver,SDG&E,2024,4,v3.2,1,4,SDGE_2024_Q4_Tables1-15_R1.xlsx,Table 6,135,I135,https://efiling.energysafety.ca.gov/eFiling/Getfile.aspx?fileid=56226&shareable=true
T6R-22b57f5fd2a60762,1060000126,4.m.d.0,exact,exact,4. Equipment / facility failure or damage,Sectionalizer,Distribution,Non-HFTD,# ignitions,exact,,,,SDG&E does not currently track this driver,SDG&E,2024,4,v3.2,1,4,SDGE_2024_Q4_Tables1-15_R1.xlsx,Table 6,136,I136,https://efiling.energysafety.ca.gov/eFiling/Getfile.aspx?fileid=56226&shareable=true
T6R-61f2fb56b5bdfa7a,1060000127,4.m.d.2,exact,exact,4. Equipment / facility failure or damage,Sectionalizer,Distribution,HFTD Tier 2,# ignitions,exact,,,,SDG&E does not currently track this driver,SDG&E,2024,4,v3.2,1,4,SDGE_2024_Q4_Tables1-15_R1.xlsx,Table 6,137,I137,https://efiling.energysafety.ca.gov/eFiling/Getfile.aspx?fileid=56226&shareable=true
T6R-e9cc8cd74d48d04a,1060000128,4.m.d.3,exact,exact,4. Equipment / facility failure or damage,Sectionalizer,Distribution,HFTD Tier 3,# ignitions,exact,,,,SDG&E does not currently track this driver,SDG&E,2024,4,v3.2,1,4,SDGE_2024_Q4_Tables1-15_R1.xlsx,Table 6,138,I138,https://efiling.energysafety.ca.gov/eFiling/Getfile.aspx?fileid=56226&shareable=true
T6R-59b6903e8f100236,1060000129,4.m.t.0,exact,exact,4. Equipment / facility failure or damage,Sectionalizer,Transmission,Non-HFTD,# ignitions,exact,,,,SDG&E does not currently track this driver,SDG&E,2024,4,v3.2,1,4,SDGE_2024_Q4_Tables1-15_R1.xlsx,Table 6,139,I139,https://efiling.energysafety.ca.gov/eFiling/Getfile.aspx?fileid=56226&shareable=true
T6R-f242cf2eb5aba128,1060000130,4.m.t.2,exact,exact,4. Equipment / facility failure or damage,Sectionalizer,Transmission,HFTD Tier 2,# ignitions,exact,,,,SDG&E does not currently track this driver,SDG&E,2024,4,v3.2,1,4,SDGE_2024_Q4_Tables1-15_R1.xlsx,Table 6,140,I140,https://efiling.energysafety.ca.gov/eFiling/Getfile.aspx?fileid=56226&shareable=true
T6R-4f214dc0b59fd624,1060000131,4.m.t.3,exact,exact,4. Equipment / facility failure or damage,Sectionalizer,Transmission,HFTD Tier 3,# ignitions,exact,,,,SDG&E does not currently track this driver,SDG&E,2024,4,v3.2,1,4,SDGE_2024_Q4_Tables1-15_R1.xlsx,Table 6,141,I141,https://efiling.energysafety.ca.gov/eFiling/Getfile.aspx?fileid=56226&shareable=true
T6R-cba2198579a7d11a,1060000132,4.n.d.0,exact,exact,4. Equipment / facility failure or damage,Splice,Distribution,Non-HFTD,# ignitions,exact,,,,SDG&E tracks splice failure/damage under connection device,SDG&E,2024,4,v3.2,1,4,SDGE_2024_Q4_Tables1-15_R1.xlsx,Table 6,142,I142,https://efiling.energysafety.ca.gov/eFiling/Getfile.aspx?fileid=56226&shareable=true
T6R-e717414e2e64b808,1060000133,4.n.d.2,exact,exact,4. Equipment / facility failure or damage,Splice,Distribution,HFTD Tier 2,# ignitions,exact,,,,SDG&E tracks splice failure/damage under connection device,SDG&E,2024,4,v3.2,1,4,SDGE_2024_Q4_Tables1-15_R1.xlsx,Table 6,143,I143,https://efiling.energysafety.ca.gov/eFiling/Getfile.aspx?fileid=56226&shareable=true
T6R-b36d95edd7905955,1060000134,4.n.d.3,exact,exact,4. Equipment / facility failure or damage,Splice,Distribution,HFTD Tier 3,# ignitions,exact,,,,SDG&E tracks splice failure/damage under connection device,SDG&E,2024,4,v3.2,1,4,SDGE_2024_Q4_Tables1-15_R1.xlsx,Table 6,144,I144,https://efiling.energysafety.ca.gov/eFiling/Getfile.aspx?fileid=56226&shareable=true
T6R-3b700305ee19cdcc,1060000135,4.n.t.0,exact,exact,4. Equipment / facility failure or damage,Splice,Transmission,Non-HFTD,# ignitions,exact,,,,SDG&E tracks splice failure/damage under connection device,SDG&E,2024,4,v3.2,1,4,SDGE_2024_Q4_Tables1-15_R1.xlsx,Table 6,145,I145,https://efiling.energysafety.ca.gov/eFiling/Getfile.aspx?fileid=56226&shareable=true
T6R-b7fcc1da59d99c97,1060000136,4.n.t.2,exact,exact,4. Equipment / facility failure or damage,Splice,Transmission,HFTD Tier 2,# ignitions,exact,,,,SDG&E tracks splice failure/damage under connection device,SDG&E,2024,4,v3.2,1,4,SDGE_2024_Q4_Tables1-15_R1.xlsx,Table 6,146,I146,https://efiling.energysafety.ca.gov/eFiling/Getfile.aspx?fileid=56226&shareable=true
T6R-3d009e23cf39f821,1060000137,4.n.t.3,exact,exact,4. Equipment / facility failure or damage,Splice,Transmission,HFTD Tier 3,# ignitions,exact,,,,SDG&E tracks splice failure/damage under connection device,SDG&E,2024,4,v3.2,1,4,SDGE_2024_Q4_Tables1-15_R1.xlsx,Table 6,147,I147,https://efiling.energysafety.ca.gov/eFiling/Getfile.aspx?fileid=56226&shareable=true
T6R-0354a29ed3773dab,1060000138,4.o.d.0,exact,exact,4. Equipment / facility failure or damage,Switch,Distribution,Non-HFTD,# ignitions,exact,,0,,,SDG&E,2024,4,v3.2,1,4,SDGE_2024_Q4_Tables1-15_R1.xlsx,Table 6,148,I148,https://efiling.energysafety.ca.gov/eFiling/Getfile.aspx?fileid=56226&shareable=true
T6R-a572d30681bd4a97,1060000139,4.o.d.2,exact,exact,4. Equipment / facility failure or damage,Switch,Distribution,HFTD Tier 2,# ignitions,exact,,0,,,SDG&E,2024,4,v3.2,1,4,SDGE_2024_Q4_Tables1-15_R1.xlsx,Table 6,149,I149,https://efiling.energysafety.ca.gov/eFiling/Getfile.aspx?fileid=56226&shareable=true
T6R-1786d350de7eb5ce,1060000140,4.o.d.3,exact,exact,4. Equipment / facility failure or damage,Switch,Distribution,HFTD Tier 3,# ignitions,exact,,0,,,SDG&E,2024,4,v3.2,1,4,SDGE_2024_Q4_Tables1-15_R1.xlsx,Table 6,150,I150,https://efiling.energysafety.ca.gov/eFiling/Getfile.aspx?fileid=56226&shareable=true
T6R-58175ace4948e537,1060000141,4.o.t.0,exact,exact,4. Equipment / facility failure or damage,Switch,Transmission,Non-HFTD,# ignitions,exact,,0,,,SDG&E,2024,4,v3.2,1,4,SDGE_2024_Q4_Tables1-15_R1.xlsx,Table 6,151,I151,https://efiling.energysafety.ca.gov/eFiling/Getfile.aspx?fileid=56226&shareable=true
T6R-091b30a582215b45,1060000142,4.o.t.2,exact,exact,4. Equipment / facility failure or damage,Switch,Transmission,HFTD Tier 2,# ignitions,exact,,0,,,SDG&E,2024,4,v3.2,1,4,SDGE_2024_Q4_Tables1-15_R1.xlsx,Table 6,152,I152,https://efiling.energysafety.ca.gov/eFiling/Getfile.aspx?fileid=56226&shareable=true
T6R-04aecc2ff4d3a0d0,1060000143,4.o.t.3,exact,exact,4. Equipment / facility failure or damage,Switch,Transmission,HFTD Tier 3,# ignitions,exact,,0,,,SDG&E,2024,4,v3.2,1,4,SDGE_2024_Q4_Tables1-15_R1.xlsx,Table 6,153,I153,https://efiling.energysafety.ca.gov/eFiling/Getfile.aspx?fileid=56226&shareable=true
T6R-5343656f611568dd,1060000144,4.p.d.0,exact,exact,4. Equipment / facility failure or damage,Tap,Distribution,Non-HFTD,# ignitions,exact,,,,SDG&E does not currently track this driver,SDG&E,2024,4,v3.2,1,4,SDGE_2024_Q4_Tables1-15_R1.xlsx,Table 6,154,I154,https://efiling.energysafety.ca.gov/eFiling/Getfile.aspx?fileid=56226&shareable=true
T6R-772a53e3b4e281da,1060000145,4.p.d.2,exact,exact,4. Equipment / facility failure or damage,Tap,Distribution,HFTD Tier 2,# ignitions,exact,,,,SDG&E does not currently track this driver,SDG&E,2024,4,v3.2,1,4,SDGE_2024_Q4_Tables1-15_R1.xlsx,Table 6,155,I155,https://efiling.energysafety.ca.gov/eFiling/Getfile.aspx?fileid=56226&shareable=true
T6R-e275fa8db1d4e0b3,1060000146,4.p.d.3,exact,exact,4. Equipment / facility failure or damage,Tap,Distribution,HFTD Tier 3,# ignitions,exact,,,,SDG&E does not currently track this driver,SDG&E,2024,4,v3.2,1,4,SDGE_2024_Q4_Tables1-15_R1.xlsx,Table 6,156,I156,https://efiling.energysafety.ca.gov/eFiling/Getfile.aspx?fileid=56226&shareable=true
T6R-1fd1e07c893df1f1,1060000147,4.p.t.0,exact,exact,4. Equipment / facility failure or damage,Tap,Transmission,Non-HFTD,# ignitions,exact,,,,SDG&E does not currently track this driver,SDG&E,2024,4,v3.2,1,4,SDGE_2024_Q4_Tables1-15_R1.xlsx,Table 6,157,I157,https://efiling.energysafety.ca.gov/eFiling/Getfile.aspx?fileid=56226&shareable=true
T6R-0c0e54ab6b1f451b,1060000148,4.p.t.2,exact,exact,4. Equipment / facility failure or damage,Tap,Transmission,HFTD Tier 2,# ignitions,exact,,,,SDG&E does not currently track this driver,SDG&E,2024,4,v3.2,1,4,SDGE_2024_Q4_Tables1-15_R1.xlsx,Table 6,158,I158,https://efiling.energysafety.ca.gov/eFiling/Getfile.aspx?fileid=56226&shareable=true
T6R-548aba6700750102,1060000149,4.p.t.3,exact,exact,4. Equipment / facility failure or damage,Tap,Transmission,HFTD Tier 3,# ignitions,exact,,,,SDG&E does not currently track this driver,SDG&E,2024,4,v3.2,1,4,SDGE_2024_Q4_Tables1-15_R1.xlsx,Table 6,159,I159,https://efiling.energysafety.ca.gov/eFiling/Getfile.aspx?fileid=56226&shareable=true
T6R-cc8932d1be4a4066,1060000150,4.q.d.0,exact,exact,4. Equipment / facility failure or damage,Tie wire,Distribution,Non-HFTD,# ignitions,exact,,,,SDG&E does not currently track this driver,SDG&E,2024,4,v3.2,1,4,SDGE_2024_Q4_Tables1-15_R1.xlsx,Table 6,160,I160,https://efiling.energysafety.ca.gov/eFiling/Getfile.aspx?fileid=56226&shareable=true
T6R-93f68f9b01fb556b,1060000151,4.q.d.2,exact,exact,4. Equipment / facility failure or damage,Tie wire,Distribution,HFTD Tier 2,# ignitions,exact,,,,SDG&E does not currently track this driver,SDG&E,2024,4,v3.2,1,4,SDGE_2024_Q4_Tables1-15_R1.xlsx,Table 6,161,I161,https://efiling.energysafety.ca.gov/eFiling/Getfile.aspx?fileid=56226&shareable=true
T6R-486cd59e0084bda7,1060000152,4.q.d.3,exact,exact,4. Equipment / facility failure or damage,Tie wire,Distribution,HFTD Tier 3,# ignitions,exact,,,,SDG&E does not currently track this driver,SDG&E,2024,4,v3.2,1,4,SDGE_2024_Q4_Tables1-15_R1.xlsx,Table 6,162,I162,https://efiling.energysafety.ca.gov/eFiling/Getfile.aspx?fileid=56226&shareable=true
T6R-8f78cced008c8a87,1060000153,4.q.t.0,exact,exact,4. Equipment / facility failure or damage,Tie wire,Transmission,Non-HFTD,# ignitions,exact,,,,SDG&E does not currently track this driver,SDG&E,2024,4,v3.2,1,4,SDGE_2024_Q4_Tables1-15_R1.xlsx,Table 6,163,I163,https://efiling.energysafety.ca.gov/eFiling/Getfile.aspx?fileid=56226&shareable=true
T6R-61e777b7b042b9a0,1060000154,4.q.t.2,exact,exact,4. Equipment / facility failure or damage,Tie wire,Transmission,HFTD Tier 2,# ignitions,exact,,,,SDG&E does not currently track this driver,SDG&E,2024,4,v3.2,1,4,SDGE_2024_Q4_Tables1-15_R1.xlsx,Table 6,164,I164,https://efiling.energysafety.ca.gov/eFiling/Getfile.aspx?fileid=56226&shareable=true
T6R-4c7f6592369a1231,1060000155,4.q.t.3,exact,exact,4. Equipment / facility failure or damage,Tie wire,Transmission,HFTD Tier 3,# ignitions,exact,,,,SDG&E does not currently track this driver,SDG&E,2024,4,v3.2,1,4,SDGE_2024_Q4_Tables1-15_R1.xlsx,Table 6,165,I165,https://efiling.energysafety.ca.gov/eFiling/Getfile.aspx?fileid=56226&shareable=true
T6R-1c9a750046482b1e,1060000156,4.r.d.0,exact,exact,4. Equipment / facility failure or damage,Transformer,Distribution,Non-HFTD,# ignitions,exact,,0,,,SDG&E,2024,4,v3.2,1,4,SDGE_2024_Q4_Tables1-15_R1.xlsx,Table 6,166,I166,https://efiling.energysafety.ca.gov/eFiling/Getfile.aspx?fileid=56226&shareable=true
T6R-3738b542981135aa,1060000157,4.r.d.2,exact,exact,4. Equipment / facility failure or damage,Transformer,Distribution,HFTD Tier 2,# ignitions,exact,,1,,,SDG&E,2024,4,v3.2,1,4,SDGE_2024_Q4_Tables1-15_R1.xlsx,Table 6,167,I167,https://efiling.energysafety.ca.gov/eFiling/Getfile.aspx?fileid=56226&shareable=true
T6R-377fffdc31a51ffc,1060000158,4.r.d.3,exact,exact,4. Equipment / facility failure or damage,Transformer,Distribution,HFTD Tier 3,# ignitions,exact,,0,,,SDG&E,2024,4,v3.2,1,4,SDGE_2024_Q4_Tables1-15_R1.xlsx,Table 6,168,I168,https://efiling.energysafety.ca.gov/eFiling/Getfile.aspx?fileid=56226&shareable=true
T6R-e83830f6405b626d,1060000159,4.r.t.0,exact,exact,4. Equipment / facility failure or damage,Transformer,Transmission,Non-HFTD,# ignitions,exact,,0,,,SDG&E,2024,4,v3.2,1,4,SDGE_2024_Q4_Tables1-15_R1.xlsx,Table 6,169,I169,https://efiling.energysafety.ca.gov/eFiling/Getfile.aspx?fileid=56226&shareable=true
T6R-3958816b5d7a7801,1060000160,4.r.t.2,exact,exact,4. Equipment / facility failure or damage,Transformer,Transmission,HFTD Tier 2,# ignitions,exact,,0,,,SDG&E,2024,4,v3.2,1,4,SDGE_2024_Q4_Tables1-15_R1.xlsx,Table 6,170,I170,https://efiling.energysafety.ca.gov/eFiling/Getfile.aspx?fileid=56226&shareable=true
T6R-10db7b974d7264d1,1060000161,4.r.t.3,exact,exact,4. Equipment / facility failure or damage,Transformer,Transmission,HFTD Tier 3,# ignitions,exact,,0,,,SDG&E,2024,4,v3.2,1,4,SDGE_2024_Q4_Tables1-15_R1.xlsx,Table 6,171,I171,https://efiling.energysafety.ca.gov/eFiling/Getfile.aspx?fileid=56226&shareable=true
T6R-cbbd8f3e6c602aa3,1060000162,4.s.d.0,exact,canonical_label_update,4. Equipment / facility failure or damage,Voltage regulator / booster,Distribution,Non-HFTD,# ignitions,exact,,,,SDG&E does not currently track this driver,SDG&E,2024,4,v3.2,1,4,SDGE_2024_Q4_Tables1-15_R1.xlsx,Table 6,172,I172,https://efiling.energysafety.ca.gov/eFiling/Getfile.aspx?fileid=56226&shareable=true
T6R-37f6b72274b4edd8,1060000163,4.s.d.2,exact,canonical_label_update,4. Equipment / facility failure or damage,Voltage regulator / booster,Distribution,HFTD Tier 2,# ignitions,exact,,,,SDG&E does not currently track this driver,SDG&E,2024,4,v3.2,1,4,SDGE_2024_Q4_Tables1-15_R1.xlsx,Table 6,173,I173,https://efiling.energysafety.ca.gov/eFiling/Getfile.aspx?fileid=56226&shareable=true
T6R-144686855506ebe9,1060000164,4.s.d.3,exact,canonical_label_update,4. Equipment / facility failure or damage,Voltage regulator / booster,Distribution,HFTD Tier 3,# ignitions,exact,,,,SDG&E does not currently track this driver,SDG&E,2024,4,v3.2,1,4,SDGE_2024_Q4_Tables1-15_R1.xlsx,Table 6,174,I174,https://efiling.energysafety.ca.gov/eFiling/Getfile.aspx?fileid=56226&shareable=true
T6R-76561fbe937125de,1060000165,4.s.t.0,exact,canonical_label_update,4. Equipment / facility failure or damage,Voltage regulator / booster,Transmission,Non-HFTD,# ignitions,exact,,,,SDG&E does not currently track this driver,SDG&E,2024,4,v3.2,1,4,SDGE_2024_Q4_Tables1-15_R1.xlsx,Table 6,175,I175,https://efiling.energysafety.ca.gov/eFiling/Getfile.aspx?fileid=56226&shareable=true
T6R-2ba4713ef389ee0a,1060000166,4.s.t.2,exact,canonical_label_update,4. Equipment / facility failure or damage,Voltage regulator / booster,Transmission,HFTD Tier 2,# ignitions,exact,,,,SDG&E does not currently track this driver,SDG&E,2024,4,v3.2,1,4,SDGE_2024_Q4_Tables1-15_R1.xlsx,Table 6,176,I176,https://efiling.energysafety.ca.gov/eFiling/Getfile.aspx?fileid=56226&shareable=true
T6R-0ff8bdbebbe7d85a,1060000167,4.s.t.3,exact,canonical_label_update,4. Equipment / facility failure or damage,Voltage regulator / booster,Transmission,HFTD Tier 3,# ignitions,exact,,,,SDG&E does not currently track this driver,SDG&E,2024,4,v3.2,1,4,SDGE_2024_Q4_Tables1-15_R1.xlsx,Table 6,177,I177,https://efiling.energysafety.ca.gov/eFiling/Getfile.aspx?fileid=56226&shareable=true
T6R-aa38b615c3301610,1060000168,4.t.d.0,exact,canonical_label_update,4. Equipment / facility failure or damage,Unknown (equipment failure),Distribution,Non-HFTD,# ignitions,exact,,0,,SDG&E does not currently track this driver,SDG&E,2024,4,v3.2,1,4,SDGE_2024_Q4_Tables1-15_R1.xlsx,Table 6,178,I178,https://efiling.energysafety.ca.gov/eFiling/Getfile.aspx?fileid=56226&shareable=true
T6R-321c0d0f8e0333a3,1060000169,4.t.d.2,exact,canonical_label_update,4. Equipment / facility failure or damage,Unknown (equipment failure),Distribution,HFTD Tier 2,# ignitions,exact,,0,,SDG&E does not currently track this driver,SDG&E,2024,4,v3.2,1,4,SDGE_2024_Q4_Tables1-15_R1.xlsx,Table 6,179,I179,https://efiling.energysafety.ca.gov/eFiling/Getfile.aspx?fileid=56226&shareable=true
T6R-64e9427b6d8d3093,1060000170,4.t.d.3,exact,canonical_label_update,4. Equipment / facility failure or damage,Unknown (equipment failure),Distribution,HFTD Tier 3,# ignitions,exact,,1,,SDG&E does not currently track this driver,SDG&E,2024,4,v3.2,1,4,SDGE_2024_Q4_Tables1-15_R1.xlsx,Table 6,180,I180,https://efiling.energysafety.ca.gov/eFiling/Getfile.aspx?fileid=56226&shareable=true
T6R-b3b0d09736ab8e15,1060000171,4.t.t.0,exact,canonical_label_update,4. Equipment / facility failure or damage,Unknown (equipment failure),Transmission,Non-HFTD,# ignitions,exact,,0,,SDG&E does not currently track this driver,SDG&E,2024,4,v3.2,1,4,SDGE_2024_Q4_Tables1-15_R1.xlsx,Table 6,181,I181,https://efiling.energysafety.ca.gov/eFiling/Getfile.aspx?fileid=56226&shareable=true
T6R-f33cdc868ae25fa2,1060000172,4.t.t.2,exact,canonical_label_update,4. Equipment / facility failure or damage,Unknown (equipment failure),Transmission,HFTD Tier 2,# ignitions,exact,,0,,SDG&E does not currently track this driver,SDG&E,2024,4,v3.2,1,4,SDGE_2024_Q4_Tables1-15_R1.xlsx,Table 6,182,I182,https://efiling.energysafety.ca.gov/eFiling/Getfile.aspx?fileid=56226&shareable=true
T6R-95e118af7e6fa962,1060000173,4.t.t.3,exact,canonical_label_update,4. Equipment / facility failure or damage,Unknown (equipment failure),Transmission,HFTD Tier 3,# ignitions,exact,,0,,SDG&E does not currently track this driver,SDG&E,2024,4,v3.2,1,4,SDGE_2024_Q4_Tables1-15_R1.xlsx,Table 6,183,I183,https://efiling.energysafety.ca.gov/eFiling/Getfile.aspx?fileid=56226&shareable=true
T6R-dc4876a2fb5ad5fe,1060000174,4.u.d.0,exact,canonical_label_update,4. Equipment / facility failure or damage,Other (equipment failure),Distribution,Non-HFTD,# ignitions,exact,,1,,,SDG&E,2024,4,v3.2,1,4,SDGE_2024_Q4_Tables1-15_R1.xlsx,Table 6,184,I184,https://efiling.energysafety.ca.gov/eFiling/Getfile.aspx?fileid=56226&shareable=true
T6R-da3170de6fc883ee,1060000175,4.u.d.2,exact,canonical_label_update,4. Equipment / facility failure or damage,Other (equipment failure),Distribution,HFTD Tier 2,# ignitions,exact,,0,,,SDG&E,2024,4,v3.2,1,4,SDGE_2024_Q4_Tables1-15_R1.xlsx,Table 6,185,I185,https://efiling.energysafety.ca.gov/eFiling/Getfile.aspx?fileid=56226&shareable=true
T6R-f6c554d7179a47db,1060000176,4.u.d.3,exact,canonical_label_update,4. Equipment / facility failure or damage,Other (equipment failure),Distribution,HFTD Tier 3,# ignitions,exact,,0,,,SDG&E,2024,4,v3.2,1,4,SDGE_2024_Q4_Tables1-15_R1.xlsx,Table 6,186,I186,https://efiling.energysafety.ca.gov/eFiling/Getfile.aspx?fileid=56226&shareable=true
T6R-6c4ed5d7a4d1b140,1060000177,4.u.t.0,exact,canonical_label_update,4. Equipment / facility failure or damage,Other (equipment failure),Transmission,Non-HFTD,# ignitions,exact,,0,,,SDG&E,2024,4,v3.2,1,4,SDGE_2024_Q4_Tables1-15_R1.xlsx,Table 6,187,I187,https://efiling.energysafety.ca.gov/eFiling/Getfile.aspx?fileid=56226&shareable=true
T6R-bcf00c543b9f33c7,1060000178,4.u.t.2,exact,canonical_label_update,4. Equipment / facility failure or damage,Other (equipment failure),Transmission,HFTD Tier 2,# ignitions,exact,,0,,,SDG&E,2024,4,v3.2,1,4,SDGE_2024_Q4_Tables1-15_R1.xlsx,Table 6,188,I188,https://efiling.energysafety.ca.gov/eFiling/Getfile.aspx?fileid=56226&shareable=true
T6R-a884277322c59be9,1060000179,4.u.t.3,exact,canonical_label_update,4. Equipment / facility failure or damage,Other (equipment failure),Transmission,HFTD Tier 3,# ignitions,exact,,0,,,SDG&E,2024,4,v3.2,1,4,SDGE_2024_Q4_Tables1-15_R1.xlsx,Table 6,189,I189,https://efiling.energysafety.ca.gov/eFiling/Getfile.aspx?fileid=56226&shareable=true
T6R-f1c246cdf3dd3624,1060000180,5.a.d.0,exact,exact,5. Wire-to-wire contact,Wire-to-wire contact,Distribution,Non-HFTD,# ignitions,exact,,0,,,SDG&E,2024,4,v3.2,1,4,SDGE_2024_Q4_Tables1-15_R1.xlsx,Table 6,190,I190,https://efiling.energysafety.ca.gov/eFiling/Getfile.aspx?fileid=56226&shareable=true
T6R-92a0f617dc0ccdba,1060000181,5.a.d.2,exact,exact,5. Wire-to-wire contact,Wire-to-wire contact,Distribution,HFTD Tier 2,# ignitions,exact,,0,,,SDG&E,2024,4,v3.2,1,4,SDGE_2024_Q4_Tables1-15_R1.xlsx,Table 6,191,I191,https://efiling.energysafety.ca.gov/eFiling/Getfile.aspx?fileid=56226&shareable=true
T6R-26b70951203a4ad2,1060000182,5.a.d.3,exact,exact,5. Wire-to-wire contact,Wire-to-wire contact,Distribution,HFTD Tier 3,# ignitions,exact,,0,,,SDG&E,2024,4,v3.2,1,4,SDGE_2024_Q4_Tables1-15_R1.xlsx,Table 6,192,I192,https://efiling.energysafety.ca.gov/eFiling/Getfile.aspx?fileid=56226&shareable=true
T6R-390208d802af10fd,1060000183,5.a.t.0,exact,exact,5. Wire-to-wire contact,Wire-to-wire contact,Transmission,Non-HFTD,# ignitions,exact,,0,,,SDG&E,2024,4,v3.2,1,4,SDGE_2024_Q4_Tables1-15_R1.xlsx,Table 6,193,I193,https://efiling.energysafety.ca.gov/eFiling/Getfile.aspx?fileid=56226&shareable=true
T6R-4832af9e1fcb39c8,1060000184,5.a.t.2,exact,exact,5. Wire-to-wire contact,Wire-to-wire contact,Transmission,HFTD Tier 2,# ignitions,exact,,0,,,SDG&E,2024,4,v3.2,1,4,SDGE_2024_Q4_Tables1-15_R1.xlsx,Table 6,194,I194,https://efiling.energysafety.ca.gov/eFiling/Getfile.aspx?fileid=56226&shareable=true
T6R-3e627ccf0e902553,1060000185,5.a.t.3,exact,exact,5. Wire-to-wire contact,Wire-to-wire contact,Transmission,HFTD Tier 3,# ignitions,exact,,0,,,SDG&E,2024,4,v3.2,1,4,SDGE_2024_Q4_Tables1-15_R1.xlsx,Table 6,195,I195,https://efiling.energysafety.ca.gov/eFiling/Getfile.aspx?fileid=56226&shareable=true
T6R-cedc9da3eed77c01,1060000186,6.a.d.0,exact,exact,6. Contamination,Contamination,Distribution,Non-HFTD,# ignitions,exact,,,,SDG&E does not currently track this driver,SDG&E,2024,4,v3.2,1,4,SDGE_2024_Q4_Tables1-15_R1.xlsx,Table 6,196,I196,https://efiling.energysafety.ca.gov/eFiling/Getfile.aspx?fileid=56226&shareable=true
T6R-ed26cc07a2ab2c48,1060000187,6.a.d.2,exact,exact,6. Contamination,Contamination,Distribution,HFTD Tier 2,# ignitions,exact,,,,SDG&E does not currently track this driver,SDG&E,2024,4,v3.2,1,4,SDGE_2024_Q4_Tables1-15_R1.xlsx,Table 6,197,I197,https://efiling.energysafety.ca.gov/eFiling/Getfile.aspx?fileid=56226&shareable=true
T6R-5a3f72ff82c7ff27,1060000188,6.a.d.3,exact,exact,6. Contamination,Contamination,Distribution,HFTD Tier 3,# ignitions,exact,,,,SDG&E does not currently track this driver,SDG&E,2024,4,v3.2,1,4,SDGE_2024_Q4_Tables1-15_R1.xlsx,Table 6,198,I198,https://efiling.energysafety.ca.gov/eFiling/Getfile.aspx?fileid=56226&shareable=true
T6R-23350f75dff16eda,1060000189,6.a.t.0,exact,exact,6. Contamination,Contamination,Transmission,Non-HFTD,# ignitions,exact,,,,SDG&E does not currently track this driver,SDG&E,2024,4,v3.2,1,4,SDGE_2024_Q4_Tables1-15_R1.xlsx,Table 6,199,I199,https://efiling.energysafety.ca.gov/eFiling/Getfile.aspx?fileid=56226&shareable=true
T6R-d5e4daea6c88f7f5,1060000190,6.a.t.2,exact,exact,6. Contamination,Contamination,Transmission,HFTD Tier 2,# ignitions,exact,,,,SDG&E does not currently track this driver,SDG&E,2024,4,v3.2,1,4,SDGE_2024_Q4_Tables1-15_R1.xlsx,Table 6,200,I200,https://efiling.energysafety.ca.gov/eFiling/Getfile.aspx?fileid=56226&shareable=true
T6R-7927ecf73c0550df,1060000191,6.a.t.3,exact,exact,6. Contamination,Contamination,Transmission,HFTD Tier 3,# ignitions,exact,,,,SDG&E does not currently track this driver,SDG&E,2024,4,v3.2,1,4,SDGE_2024_Q4_Tables1-15_R1.xlsx,Table 6,201,I201,https://efiling.energysafety.ca.gov/eFiling/Getfile.aspx?fileid=56226&shareable=true
T6R-afcfb4a4dc57297d,1060000192,7.a.d.0,exact,exact,7. Protective device operation,Protective device operation,Distribution,Non-HFTD,# ignitions,exact,,,,SDG&E does not currently track this driver,SDG&E,2024,4,v3.2,1,4,SDGE_2024_Q4_Tables1-15_R1.xlsx,Table 6,202,I202,https://efiling.energysafety.ca.gov/eFiling/Getfile.aspx?fileid=56226&shareable=true
T6R-30b100be89dfc1ec,1060000193,7.a.d.2,exact,exact,7. Protective device operation,Protective device operation,Distribution,HFTD Tier 2,# ignitions,exact,,,,SDG&E does not currently track this driver,SDG&E,2024,4,v3.2,1,4,SDGE_2024_Q4_Tables1-15_R1.xlsx,Table 6,203,I203,https://efiling.energysafety.ca.gov/eFiling/Getfile.aspx?fileid=56226&shareable=true
T6R-374c6d237dea5079,1060000194,7.a.d.3,exact,exact,7. Protective device operation,Protective device operation,Distribution,HFTD Tier 3,# ignitions,exact,,,,SDG&E does not currently track this driver,SDG&E,2024,4,v3.2,1,4,SDGE_2024_Q4_Tables1-15_R1.xlsx,Table 6,204,I204,https://efiling.energysafety.ca.gov/eFiling/Getfile.aspx?fileid=56226&shareable=true
T6R-1ca3a868875140b7,1060000195,7.a.t.0,exact,exact,7. Protective device operation,Protective device operation,Transmission,Non-HFTD,# ignitions,exact,,,,SDG&E does not currently track this driver,SDG&E,2024,4,v3.2,1,4,SDGE_2024_Q4_Tables1-15_R1.xlsx,Table 6,205,I205,https://efiling.energysafety.ca.gov/eFiling/Getfile.aspx?fileid=56226&shareable=true
T6R-5297365c60fe33dd,1060000196,7.a.t.2,exact,exact,7. Protective device operation,Protective device operation,Transmission,HFTD Tier 2,# ignitions,exact,,,,SDG&E does not currently track this driver,SDG&E,2024,4,v3.2,1,4,SDGE_2024_Q4_Tables1-15_R1.xlsx,Table 6,206,I206,https://efiling.energysafety.ca.gov/eFiling/Getfile.aspx?fileid=56226&shareable=true
T6R-90bc7999493bfb0c,1060000197,7.a.t.3,exact,exact,7. Protective device operation,Protective device operation,Transmission,HFTD Tier 3,# ignitions,exact,,,,SDG&E does not currently track this driver,SDG&E,2024,4,v3.2,1,4,SDGE_2024_Q4_Tables1-15_R1.xlsx,Table 6,207,I207,https://efiling.energysafety.ca.gov/eFiling/Getfile.aspx?fileid=56226&shareable=true
T6R-814b60e34a05e4f6,1060000198,8.a.d.0,exact,canonical_label_update,8. Vandalism / theft,Vandalism / theft,Distribution,Non-HFTD,# ignitions,exact,,0,,,SDG&E,2024,4,v3.2,1,4,SDGE_2024_Q4_Tables1-15_R1.xlsx,Table 6,208,I208,https://efiling.energysafety.ca.gov/eFiling/Getfile.aspx?fileid=56226&shareable=true
T6R-4cb335c346ae6b2c,1060000199,8.a.d.2,exact,canonical_label_update,8. Vandalism / theft,Vandalism / theft,Distribution,HFTD Tier 2,# ignitions,exact,,0,,,SDG&E,2024,4,v3.2,1,4,SDGE_2024_Q4_Tables1-15_R1.xlsx,Table 6,209,I209,https://efiling.energysafety.ca.gov/eFiling/Getfile.aspx?fileid=56226&shareable=true
T6R-7d92ba2329e9e488,1060000200,8.a.d.3,exact,canonical_label_update,8. Vandalism / theft,Vandalism / theft,Distribution,HFTD Tier 3,# ignitions,exact,,0,,,SDG&E,2024,4,v3.2,1,4,SDGE_2024_Q4_Tables1-15_R1.xlsx,Table 6,210,I210,https://efiling.energysafety.ca.gov/eFiling/Getfile.aspx?fileid=56226&shareable=true
T6R-eff66657b83b6653,1060000201,8.a.t.0,exact,canonical_label_update,8. Vandalism / theft,Vandalism / theft,Transmission,Non-HFTD,# ignitions,exact,,0,,,SDG&E,2024,4,v3.2,1,4,SDGE_2024_Q4_Tables1-15_R1.xlsx,Table 6,211,I211,https://efiling.energysafety.ca.gov/eFiling/Getfile.aspx?fileid=56226&shareable=true
T6R-656ae7d7b313b0b6,1060000202,8.a.t.2,exact,canonical_label_update,8. Vandalism / theft,Vandalism / theft,Transmission,HFTD Tier 2,# ignitions,exact,,0,,,SDG&E,2024,4,v3.2,1,4,SDGE_2024_Q4_Tables1-15_R1.xlsx,Table 6,212,I212,https://efiling.energysafety.ca.gov/eFiling/Getfile.aspx?fileid=56226&shareable=true
T6R-2ae504f327fa431b,1060000203,8.a.t.3,exact,canonical_label_update,8. Vandalism / theft,Vandalism / theft,Transmission,HFTD Tier 3,# ignitions,exact,,0,,,SDG&E,2024,4,v3.2,1,4,SDGE_2024_Q4_Tables1-15_R1.xlsx,Table 6,213,I213,https://efiling.energysafety.ca.gov/eFiling/Getfile.aspx?fileid=56226&shareable=true
T6R-ae7ba892f3f64b05,1060000204,9.a.d.0,exact,exact,9. Lightning,Lightning,Distribution,Non-HFTD,# ignitions,exact,,,,SDG&E did not track this driver historically but can implement for future ignitions,SDG&E,2024,4,v3.2,1,4,SDGE_2024_Q4_Tables1-15_R1.xlsx,Table 6,214,I214,https://efiling.energysafety.ca.gov/eFiling/Getfile.aspx?fileid=56226&shareable=true
T6R-4c9d0ab855ea142c,1060000205,9.a.d.2,exact,exact,9. Lightning,Lightning,Distribution,HFTD Tier 2,# ignitions,exact,,,,SDG&E did not track this driver historically but can implement for future ignitions,SDG&E,2024,4,v3.2,1,4,SDGE_2024_Q4_Tables1-15_R1.xlsx,Table 6,215,I215,https://efiling.energysafety.ca.gov/eFiling/Getfile.aspx?fileid=56226&shareable=true
T6R-f85326c63ec3061e,1060000206,9.a.d.3,exact,exact,9. Lightning,Lightning,Distribution,HFTD Tier 3,# ignitions,exact,,,,SDG&E did not track this driver historically but can implement for future ignitions,SDG&E,2024,4,v3.2,1,4,SDGE_2024_Q4_Tables1-15_R1.xlsx,Table 6,216,I216,https://efiling.energysafety.ca.gov/eFiling/Getfile.aspx?fileid=56226&shareable=true
T6R-d29fd82c19e84c8e,1060000207,9.a.t.0,exact,exact,9. Lightning,Lightning,Transmission,Non-HFTD,# ignitions,exact,,,,SDG&E did not track this driver historically but can implement for future ignitions,SDG&E,2024,4,v3.2,1,4,SDGE_2024_Q4_Tables1-15_R1.xlsx,Table 6,217,I217,https://efiling.energysafety.ca.gov/eFiling/Getfile.aspx?fileid=56226&shareable=true
T6R-06450f6d50bb5f1d,1060000208,9.a.t.2,exact,exact,9. Lightning,Lightning,Transmission,HFTD Tier 2,# ignitions,exact,,,,SDG&E did not track this driver historically but can implement for future ignitions,SDG&E,2024,4,v3.2,1,4,SDGE_2024_Q4_Tables1-15_R1.xlsx,Table 6,218,I218,https://efiling.energysafety.ca.gov/eFiling/Getfile.aspx?fileid=56226&shareable=true
T6R-b2b0e1648842d16f,1060000209,9.a.t.3,exact,exact,9. Lightning,Lightning,Transmission,HFTD Tier 3,# ignitions,exact,,,,SDG&E did not track this driver historically but can implement for future ignitions,SDG&E,2024,4,v3.2,1,4,SDGE_2024_Q4_Tables1-15_R1.xlsx,Table 6,219,I219,https://efiling.energysafety.ca.gov/eFiling/Getfile.aspx?fileid=56226&shareable=true
T6R-73003332fe5b1458,1060000210,10.a.d.0,exact,canonical_label_update,10. Unknown,Unknown (unknown),Distribution,Non-HFTD,# ignitions,exact,,0,,,SDG&E,2024,4,v3.2,1,4,SDGE_2024_Q4_Tables1-15_R1.xlsx,Table 6,220,I220,https://efiling.energysafety.ca.gov/eFiling/Getfile.aspx?fileid=56226&shareable=true
T6R-9be369bd9b666935,1060000211,10.a.d.2,exact,canonical_label_update,10. Unknown,Unknown (unknown),Distribution,HFTD Tier 2,# ignitions,exact,,0,,,SDG&E,2024,4,v3.2,1,4,SDGE_2024_Q4_Tables1-15_R1.xlsx,Table 6,221,I221,https://efiling.energysafety.ca.gov/eFiling/Getfile.aspx?fileid=56226&shareable=true
T6R-0e58b33cb150eda3,1060000212,10.a.d.3,exact,canonical_label_update,10. Unknown,Unknown (unknown),Distribution,HFTD Tier 3,# ignitions,exact,,0,,,SDG&E,2024,4,v3.2,1,4,SDGE_2024_Q4_Tables1-15_R1.xlsx,Table 6,222,I222,https://efiling.energysafety.ca.gov/eFiling/Getfile.aspx?fileid=56226&shareable=true
T6R-6e1d0007e113f1b0,1060000213,10.a.t.0,exact,canonical_label_update,10. Unknown,Unknown (unknown),Transmission,Non-HFTD,# ignitions,exact,,1,,,SDG&E,2024,4,v3.2,1,4,SDGE_2024_Q4_Tables1-15_R1.xlsx,Table 6,223,I223,https://efiling.energysafety.ca.gov/eFiling/Getfile.aspx?fileid=56226&shareable=true
T6R-251a6bfb8a70c9aa,1060000214,10.a.t.2,exact,canonical_label_update,10. Unknown,Unknown (unknown),Transmission,HFTD Tier 2,# ignitions,exact,,0,,,SDG&E,2024,4,v3.2,1,4,SDGE_2024_Q4_Tables1-15_R1.xlsx,Table 6,224,I224,https://efiling.energysafety.ca.gov/eFiling/Getfile.aspx?fileid=56226&shareable=true
T6R-f1f8aa80ce16c620,1060000215,10.a.t.3,exact,canonical_label_update,10. Unknown,Unknown (unknown),Transmission,HFTD Tier 3,# ignitions,exact,,0,,,SDG&E,2024,4,v3.2,1,4,SDGE_2024_Q4_Tables1-15_R1.xlsx,Table 6,225,I225,https://efiling.energysafety.ca.gov/eFiling/Getfile.aspx?fileid=56226&shareable=true
T6R-2f544ab05b9b81ae,1060000216,11.a.d.0,exact,canonical_label_update,11. Other,Other (other),Distribution,Non-HFTD,# ignitions,exact,,0,,,SDG&E,2024,4,v3.2,1,4,SDGE_2024_Q4_Tables1-15_R1.xlsx,Table 6,226,I226,https://efiling.energysafety.ca.gov/eFiling/Getfile.aspx?fileid=56226&shareable=true
T6R-5a05d5ead29cdc90,1060000217,11.a.d.2,exact,canonical_label_update,11. Other,Other (other),Distribution,HFTD Tier 2,# ignitions,exact,,0,,,SDG&E,2024,4,v3.2,1,4,SDGE_2024_Q4_Tables1-15_R1.xlsx,Table 6,227,I227,https://efiling.energysafety.ca.gov/eFiling/Getfile.aspx?fileid=56226&shareable=true
T6R-61be3ca19288b56d,1060000218,11.a.d.3,exact,canonical_label_update,11. Other,Other (other),Distribution,HFTD Tier 3,# ignitions,exact,,0,,,SDG&E,2024,4,v3.2,1,4,SDGE_2024_Q4_Tables1-15_R1.xlsx,Table 6,228,I228,https://efiling.energysafety.ca.gov/eFiling/Getfile.aspx?fileid=56226&shareable=true
T6R-87527e39388c7be0,1060000219,11.a.t.0,exact,canonical_label_update,11. Other,Other (other),Transmission,Non-HFTD,# ignitions,exact,,0,,,SDG&E,2024,4,v3.2,1,4,SDGE_2024_Q4_Tables1-15_R1.xlsx,Table 6,229,I229,https://efiling.energysafety.ca.gov/eFiling/Getfile.aspx?fileid=56226&shareable=true
T6R-41c94397b40f6477,1060000220,11.a.t.2,exact,canonical_label_update,11. Other,Other (other),Transmission,HFTD Tier 2,# ignitions,exact,,0,,,SDG&E,2024,4,v3.2,1,4,SDGE_2024_Q4_Tables1-15_R1.xlsx,Table 6,230,I230,https://efiling.energysafety.ca.gov/eFiling/Getfile.aspx?fileid=56226&shareable=true
T6R-6faa464cac770335,1060000221,11.a.t.3,exact,canonical_label_update,11. Other,Other (other),Transmission,HFTD Tier 3,# ignitions,exact,,0,,,SDG&E,2024,4,v3.2,1,4,SDGE_2024_Q4_Tables1-15_R1.xlsx,Table 6,231,I231,https://efiling.energysafety.ca.gov/eFiling/Getfile.aspx?fileid=56226&shareable=true
T6R-d474d37b94f76cbf,1060000000,1.a.d.0,exact,exact,1. Dig-in,Dig-in,Distribution,Non-HFTD,# ignitions,v4_native,No,,SDG&E does not consider this driver as a risk event,not applicable,SDG&E,2025,1,v4.01,6,1,SDGE_2025_Q1_R6.xlsx,Table 6,2,M2,https://efiling.energysafety.ca.gov/eFiling/Getfile.aspx?fileid=58132&shareable=true
T6R-d6fdbd190c2c4a8a,1060000001,1.a.d.2,exact,exact,1. Dig-in,Dig-in,Distribution,HFTD Tier 2,# ignitions,v4_native,No,,SDG&E does not consider this driver as a risk event,not applicable,SDG&E,2025,1,v4.01,6,1,SDGE_2025_Q1_R6.xlsx,Table 6,3,M3,https://efiling.energysafety.ca.gov/eFiling/Getfile.aspx?fileid=58132&shareable=true
T6R-7fdeaa9c53e02afb,1060000002,1.a.d.3,exact,exact,1. Dig-in,Dig-in,Distribution,HFTD Tier 3,# ignitions,v4_native,No,,SDG&E does not consider this driver as a risk event,not applicable,SDG&E,2025,1,v4.01,6,1,SDGE_2025_Q1_R6.xlsx,Table 6,4,M4,https://efiling.energysafety.ca.gov/eFiling/Getfile.aspx?fileid=58132&shareable=true
T6R-b82064ceedea427e,1060000003,1.a.t.0,exact,exact,1. Dig-in,Dig-in,Transmission,Non-HFTD,# ignitions,v4_native,No,,SDG&E does not consider this driver as a risk event,not applicable,SDG&E,2025,1,v4.01,6,1,SDGE_2025_Q1_R6.xlsx,Table 6,5,M5,https://efiling.energysafety.ca.gov/eFiling/Getfile.aspx?fileid=58132&shareable=true
T6R-5d1dec925f743997,1060000004,1.a.t.2,exact,exact,1. Dig-in,Dig-in,Transmission,HFTD Tier 2,# ignitions,v4_native,No,,SDG&E does not consider this driver as a risk event,not applicable,SDG&E,2025,1,v4.01,6,1,SDGE_2025_Q1_R6.xlsx,Table 6,6,M6,https://efiling.energysafety.ca.gov/eFiling/Getfile.aspx?fileid=58132&shareable=true
T6R-83cc34a040855564,1060000005,1.a.t.3,exact,exact,1. Dig-in,Dig-in,Transmission,HFTD Tier 3,# ignitions,v4_native,No,,SDG&E does not consider this driver as a risk event,not applicable,SDG&E,2025,1,v4.01,6,1,SDGE_2025_Q1_R6.xlsx,Table 6,7,M7,https://efiling.energysafety.ca.gov/eFiling/Getfile.aspx?fileid=58132&shareable=true
T6R-c7a751100608dfe3,1060000006,2.a.d.0,exact,exact,2. Contact from object,Animal contact,Distribution,Non-HFTD,# ignitions,v4_native,Yes,0,,,SDG&E,2025,1,v4.01,6,1,SDGE_2025_Q1_R6.xlsx,Table 6,8,M8,https://efiling.energysafety.ca.gov/eFiling/Getfile.aspx?fileid=58132&shareable=true
T6R-9dcfd517ccb0caa0,1060000007,2.a.d.2,exact,exact,2. Contact from object,Animal contact,Distribution,HFTD Tier 2,# ignitions,v4_native,Yes,0,,,SDG&E,2025,1,v4.01,6,1,SDGE_2025_Q1_R6.xlsx,Table 6,9,M9,https://efiling.energysafety.ca.gov/eFiling/Getfile.aspx?fileid=58132&shareable=true
T6R-6b3c77269b1fc69c,1060000008,2.a.d.3,exact,exact,2. Contact from object,Animal contact,Distribution,HFTD Tier 3,# ignitions,v4_native,Yes,0,,,SDG&E,2025,1,v4.01,6,1,SDGE_2025_Q1_R6.xlsx,Table 6,10,M10,https://efiling.energysafety.ca.gov/eFiling/Getfile.aspx?fileid=58132&shareable=true
T6R-e1b58119391a71c7,1060000009,2.a.t.0,exact,exact,2. Contact from object,Animal contact,Transmission,Non-HFTD,# ignitions,v4_native,Yes,0,,,SDG&E,2025,1,v4.01,6,1,SDGE_2025_Q1_R6.xlsx,Table 6,11,M11,https://efiling.energysafety.ca.gov/eFiling/Getfile.aspx?fileid=58132&shareable=true
T6R-d2f1a91588e79051,1060000010,2.a.t.2,exact,exact,2. Contact from object,Animal contact,Transmission,HFTD Tier 2,# ignitions,v4_native,Yes,0,,,SDG&E,2025,1,v4.01,6,1,SDGE_2025_Q1_R6.xlsx,Table 6,12,M12,https://efiling.energysafety.ca.gov/eFiling/Getfile.aspx?fileid=58132&shareable=true
T6R-c5e84588a041247d,1060000011,2.a.t.3,exact,exact,2. Contact from object,Animal contact,Transmission,HFTD Tier 3,# ignitions,v4_native,Yes,0,,,SDG&E,2025,1,v4.01,6,1,SDGE_2025_Q1_R6.xlsx,Table 6,13,M13,https://efiling.energysafety.ca.gov/eFiling/Getfile.aspx?fileid=58132&shareable=true
T6R-f0c494432fcf82e7,1060000012,2.b.d.0,exact,exact,2. Contact from object,Balloon contact,Distribution,Non-HFTD,# ignitions,v4_native,Yes,0,,,SDG&E,2025,1,v4.01,6,1,SDGE_2025_Q1_R6.xlsx,Table 6,14,M14,https://efiling.energysafety.ca.gov/eFiling/Getfile.aspx?fileid=58132&shareable=true
T6R-911ddba5d5f55585,1060000013,2.b.d.2,exact,exact,2. Contact from object,Balloon contact,Distribution,HFTD Tier 2,# ignitions,v4_native,Yes,0,,,SDG&E,2025,1,v4.01,6,1,SDGE_2025_Q1_R6.xlsx,Table 6,15,M15,https://efiling.energysafety.ca.gov/eFiling/Getfile.aspx?fileid=58132&shareable=true
T6R-1a70a50fdd064fce,1060000014,2.b.d.3,exact,exact,2. Contact from object,Balloon contact,Distribution,HFTD Tier 3,# ignitions,v4_native,Yes,0,,,SDG&E,2025,1,v4.01,6,1,SDGE_2025_Q1_R6.xlsx,Table 6,16,M16,https://efiling.energysafety.ca.gov/eFiling/Getfile.aspx?fileid=58132&shareable=true
T6R-bf381591bd0387f3,1060000015,2.b.t.0,exact,exact,2. Contact from object,Balloon contact,Transmission,Non-HFTD,# ignitions,v4_native,Yes,0,,,SDG&E,2025,1,v4.01,6,1,SDGE_2025_Q1_R6.xlsx,Table 6,17,M17,https://efiling.energysafety.ca.gov/eFiling/Getfile.aspx?fileid=58132&shareable=true
T6R-ba04166b6b6cbea9,1060000016,2.b.t.2,exact,exact,2. Contact from object,Balloon contact,Transmission,HFTD Tier 2,# ignitions,v4_native,Yes,0,,,SDG&E,2025,1,v4.01,6,1,SDGE_2025_Q1_R6.xlsx,Table 6,18,M18,https://efiling.energysafety.ca.gov/eFiling/Getfile.aspx?fileid=58132&shareable=true
T6R-c09efa3be268e907,1060000017,2.b.t.3,exact,exact,2. Contact from object,Balloon contact,Transmission,HFTD Tier 3,# ignitions,v4_native,Yes,0,,,SDG&E,2025,1,v4.01,6,1,SDGE_2025_Q1_R6.xlsx,Table 6,19,M19,https://efiling.energysafety.ca.gov/eFiling/Getfile.aspx?fileid=58132&shareable=true
T6R-f41bd4c454470228,1060000018,2.c.d.0,exact,exact,2. Contact from object,Land vehicle contact,Distribution,Non-HFTD,# ignitions,v4_native,Yes,0,,,SDG&E,2025,1,v4.01,6,1,SDGE_2025_Q1_R6.xlsx,Table 6,20,M20,https://efiling.energysafety.ca.gov/eFiling/Getfile.aspx?fileid=58132&shareable=true
T6R-e5b1e016fa94702d,1060000019,2.c.d.2,exact,exact,2. Contact from object,Land vehicle contact,Distribution,HFTD Tier 2,# ignitions,v4_native,Yes,0,,,SDG&E,2025,1,v4.01,6,1,SDGE_2025_Q1_R6.xlsx,Table 6,21,M21,https://efiling.energysafety.ca.gov/eFiling/Getfile.aspx?fileid=58132&shareable=true
T6R-7c01874415d68d3e,1060000020,2.c.d.3,exact,exact,2. Contact from object,Land vehicle contact,Distribution,HFTD Tier 3,# ignitions,v4_native,Yes,0,,,SDG&E,2025,1,v4.01,6,1,SDGE_2025_Q1_R6.xlsx,Table 6,22,M22,https://efiling.energysafety.ca.gov/eFiling/Getfile.aspx?fileid=58132&shareable=true
T6R-e33e770d2fdaeb39,1060000021,2.c.t.0,exact,exact,2. Contact from object,Land vehicle contact,Transmission,Non-HFTD,# ignitions,v4_native,Yes,0,,,SDG&E,2025,1,v4.01,6,1,SDGE_2025_Q1_R6.xlsx,Table 6,23,M23,https://efiling.energysafety.ca.gov/eFiling/Getfile.aspx?fileid=58132&shareable=true
T6R-b20ff030b2e399f5,1060000022,2.c.t.2,exact,exact,2. Contact from object,Land vehicle contact,Transmission,HFTD Tier 2,# ignitions,v4_native,Yes,0,,,SDG&E,2025,1,v4.01,6,1,SDGE_2025_Q1_R6.xlsx,Table 6,24,M24,https://efiling.energysafety.ca.gov/eFiling/Getfile.aspx?fileid=58132&shareable=true
T6R-2257fcfb7a3cdedd,1060000023,2.c.t.3,exact,exact,2. Contact from object,Land vehicle contact,Transmission,HFTD Tier 3,# ignitions,v4_native,Yes,0,,,SDG&E,2025,1,v4.01,6,1,SDGE_2025_Q1_R6.xlsx,Table 6,25,M25,https://efiling.energysafety.ca.gov/eFiling/Getfile.aspx?fileid=58132&shareable=true
T6R-c80d1e55b0072e4f,1060000024,2.d.d.0,exact,exact,2. Contact from object,Aircraft vehicle contact,Distribution,Non-HFTD,# ignitions,v4_native,No,,SDG&E did not track this driver historically but can implement for future ignitions,not applicable,SDG&E,2025,1,v4.01,6,1,SDGE_2025_Q1_R6.xlsx,Table 6,26,M26,https://efiling.energysafety.ca.gov/eFiling/Getfile.aspx?fileid=58132&shareable=true
T6R-eb1abfc7cf17da54,1060000025,2.d.d.2,exact,exact,2. Contact from object,Aircraft vehicle contact,Distribution,HFTD Tier 2,# ignitions,v4_native,No,,SDG&E did not track this driver historically but can implement for future ignitions,not applicable,SDG&E,2025,1,v4.01,6,1,SDGE_2025_Q1_R6.xlsx,Table 6,27,M27,https://efiling.energysafety.ca.gov/eFiling/Getfile.aspx?fileid=58132&shareable=true
T6R-5e06a13fe14cb366,1060000026,2.d.d.3,exact,exact,2. Contact from object,Aircraft vehicle contact,Distribution,HFTD Tier 3,# ignitions,v4_native,No,,SDG&E did not track this driver historically but can implement for future ignitions,not applicable,SDG&E,2025,1,v4.01,6,1,SDGE_2025_Q1_R6.xlsx,Table 6,28,M28,https://efiling.energysafety.ca.gov/eFiling/Getfile.aspx?fileid=58132&shareable=true
T6R-8fc7be1de9db36af,1060000027,2.d.t.0,exact,exact,2. Contact from object,Aircraft vehicle contact,Transmission,Non-HFTD,# ignitions,v4_native,No,,SDG&E did not track this driver historically but can implement for future ignitions,not applicable,SDG&E,2025,1,v4.01,6,1,SDGE_2025_Q1_R6.xlsx,Table 6,29,M29,https://efiling.energysafety.ca.gov/eFiling/Getfile.aspx?fileid=58132&shareable=true
T6R-be92aff04b9422b6,1060000028,2.d.t.2,exact,exact,2. Contact from object,Aircraft vehicle contact,Transmission,HFTD Tier 2,# ignitions,v4_native,No,,SDG&E did not track this driver historically but can implement for future ignitions,not applicable,SDG&E,2025,1,v4.01,6,1,SDGE_2025_Q1_R6.xlsx,Table 6,30,M30,https://efiling.energysafety.ca.gov/eFiling/Getfile.aspx?fileid=58132&shareable=true
T6R-6f5206021dc498eb,1060000029,2.d.t.3,exact,exact,2. Contact from object,Aircraft vehicle contact,Transmission,HFTD Tier 3,# ignitions,v4_native,No,,SDG&E did not track this driver historically but can implement for future ignitions,not applicable,SDG&E,2025,1,v4.01,6,1,SDGE_2025_Q1_R6.xlsx,Table 6,31,M31,https://efiling.energysafety.ca.gov/eFiling/Getfile.aspx?fileid=58132&shareable=true
T6R-6b806d3366cfc91e,1060000030,2.e.d.0,exact,exact,2. Contact from object,3rd party facility,Distribution,Non-HFTD,# ignitions,v4_native,No,,"SDGE includes this metric in #11 ""Other""",not applicable,SDG&E,2025,1,v4.01,6,1,SDGE_2025_Q1_R6.xlsx,Table 6,32,M32,https://efiling.energysafety.ca.gov/eFiling/Getfile.aspx?fileid=58132&shareable=true
T6R-50367932a2c3eafc,1060000031,2.e.d.2,exact,exact,2. Contact from object,3rd party facility,Distribution,HFTD Tier 2,# ignitions,v4_native,No,,"SDGE includes this metric in #11 ""Other""",not applicable,SDG&E,2025,1,v4.01,6,1,SDGE_2025_Q1_R6.xlsx,Table 6,33,M33,https://efiling.energysafety.ca.gov/eFiling/Getfile.aspx?fileid=58132&shareable=true
T6R-0d75d7ce35315d04,1060000032,2.e.d.3,exact,exact,2. Contact from object,3rd party facility,Distribution,HFTD Tier 3,# ignitions,v4_native,No,,"SDGE includes this metric in #11 ""Other""",not applicable,SDG&E,2025,1,v4.01,6,1,SDGE_2025_Q1_R6.xlsx,Table 6,34,M34,https://efiling.energysafety.ca.gov/eFiling/Getfile.aspx?fileid=58132&shareable=true
T6R-ba0f0237526fcfe4,1060000033,2.e.t.0,exact,exact,2. Contact from object,3rd party facility,Transmission,Non-HFTD,# ignitions,v4_native,No,,"SDGE includes this metric in #11 ""Other""",not applicable,SDG&E,2025,1,v4.01,6,1,SDGE_2025_Q1_R6.xlsx,Table 6,35,M35,https://efiling.energysafety.ca.gov/eFiling/Getfile.aspx?fileid=58132&shareable=true
T6R-df68469a49567d25,1060000034,2.e.t.2,exact,exact,2. Contact from object,3rd party facility,Transmission,HFTD Tier 2,# ignitions,v4_native,No,,"SDGE includes this metric in #11 ""Other""",not applicable,SDG&E,2025,1,v4.01,6,1,SDGE_2025_Q1_R6.xlsx,Table 6,36,M36,https://efiling.energysafety.ca.gov/eFiling/Getfile.aspx?fileid=58132&shareable=true
T6R-21b87de29371357d,1060000035,2.e.t.3,exact,exact,2. Contact from object,3rd party facility,Transmission,HFTD Tier 3,# ignitions,v4_native,No,,"SDGE includes this metric in #11 ""Other""",not applicable,SDG&E,2025,1,v4.01,6,1,SDGE_2025_Q1_R6.xlsx,Table 6,37,M37,https://efiling.energysafety.ca.gov/eFiling/Getfile.aspx?fileid=58132&shareable=true
T6R-904a0698a8560b85,1060000036,2.f.d.0,exact,canonical_label_update,2. Contact from object,Unknown (contact from object),Distribution,Non-HFTD,# ignitions,v4_native,No,,SDG&E does not currently track this driver,not applicable,SDG&E,2025,1,v4.01,6,1,SDGE_2025_Q1_R6.xlsx,Table 6,38,M38,https://efiling.energysafety.ca.gov/eFiling/Getfile.aspx?fileid=58132&shareable=true
T6R-73fd85edbda9df68,1060000037,2.f.d.2,exact,canonical_label_update,2. Contact from object,Unknown (contact from object),Distribution,HFTD Tier 2,# ignitions,v4_native,No,,SDG&E does not currently track this driver,not applicable,SDG&E,2025,1,v4.01,6,1,SDGE_2025_Q1_R6.xlsx,Table 6,39,M39,https://efiling.energysafety.ca.gov/eFiling/Getfile.aspx?fileid=58132&shareable=true
T6R-78c95b6a7fcfe955,1060000038,2.f.d.3,exact,canonical_label_update,2. Contact from object,Unknown (contact from object),Distribution,HFTD Tier 3,# ignitions,v4_native,No,,SDG&E does not currently track this driver,not applicable,SDG&E,2025,1,v4.01,6,1,SDGE_2025_Q1_R6.xlsx,Table 6,40,M40,https://efiling.energysafety.ca.gov/eFiling/Getfile.aspx?fileid=58132&shareable=true
T6R-97fd50df7738d153,1060000039,2.f.t.0,exact,canonical_label_update,2. Contact from object,Unknown (contact from object),Transmission,Non-HFTD,# ignitions,v4_native,No,,SDG&E does not currently track this driver,not applicable,SDG&E,2025,1,v4.01,6,1,SDGE_2025_Q1_R6.xlsx,Table 6,41,M41,https://efiling.energysafety.ca.gov/eFiling/Getfile.aspx?fileid=58132&shareable=true
T6R-914f184051a5462a,1060000040,2.f.t.2,exact,canonical_label_update,2. Contact from object,Unknown (contact from object),Transmission,HFTD Tier 2,# ignitions,v4_native,No,,SDG&E does not currently track this driver,not applicable,SDG&E,2025,1,v4.01,6,1,SDGE_2025_Q1_R6.xlsx,Table 6,42,M42,https://efiling.energysafety.ca.gov/eFiling/Getfile.aspx?fileid=58132&shareable=true
T6R-c3f4bdfd991254e5,1060000041,2.f.t.3,exact,canonical_label_update,2. Contact from object,Unknown (contact from object),Transmission,HFTD Tier 3,# ignitions,v4_native,No,,SDG&E does not currently track this driver,not applicable,SDG&E,2025,1,v4.01,6,1,SDGE_2025_Q1_R6.xlsx,Table 6,43,M43,https://efiling.energysafety.ca.gov/eFiling/Getfile.aspx?fileid=58132&shareable=true
T6R-142595b6b8022569,1060000042,2.g.d.0,exact,canonical_label_update,2. Contact from object,Other (contact from object),Distribution,Non-HFTD,# ignitions,v4_native,Yes,0,,,SDG&E,2025,1,v4.01,6,1,SDGE_2025_Q1_R6.xlsx,Table 6,44,M44,https://efiling.energysafety.ca.gov/eFiling/Getfile.aspx?fileid=58132&shareable=true
T6R-1b9445786fb43a68,1060000043,2.g.d.2,exact,canonical_label_update,2. Contact from object,Other (contact from object),Distribution,HFTD Tier 2,# ignitions,v4_native,Yes,0,,,SDG&E,2025,1,v4.01,6,1,SDGE_2025_Q1_R6.xlsx,Table 6,45,M45,https://efiling.energysafety.ca.gov/eFiling/Getfile.aspx?fileid=58132&shareable=true
T6R-aa407af7234ad47a,1060000044,2.g.d.3,exact,canonical_label_update,2. Contact from object,Other (contact from object),Distribution,HFTD Tier 3,# ignitions,v4_native,Yes,0,,,SDG&E,2025,1,v4.01,6,1,SDGE_2025_Q1_R6.xlsx,Table 6,46,M46,https://efiling.energysafety.ca.gov/eFiling/Getfile.aspx?fileid=58132&shareable=true
T6R-48d1590e0af96c35,1060000045,2.g.t.0,exact,canonical_label_update,2. Contact from object,Other (contact from object),Transmission,Non-HFTD,# ignitions,v4_native,Yes,0,,,SDG&E,2025,1,v4.01,6,1,SDGE_2025_Q1_R6.xlsx,Table 6,47,M47,https://efiling.energysafety.ca.gov/eFiling/Getfile.aspx?fileid=58132&shareable=true
T6R-0029eb5f17cae9f5,1060000046,2.g.t.2,exact,canonical_label_update,2. Contact from object,Other (contact from object),Transmission,HFTD Tier 2,# ignitions,v4_native,Yes,0,,,SDG&E,2025,1,v4.01,6,1,SDGE_2025_Q1_R6.xlsx,Table 6,48,M48,https://efiling.energysafety.ca.gov/eFiling/Getfile.aspx?fileid=58132&shareable=true
T6R-c3d40d7483693aa3,1060000047,2.g.t.3,exact,canonical_label_update,2. Contact from object,Other (contact from object),Transmission,HFTD Tier 3,# ignitions,v4_native,Yes,0,,,SDG&E,2025,1,v4.01,6,1,SDGE_2025_Q1_R6.xlsx,Table 6,49,M49,https://efiling.energysafety.ca.gov/eFiling/Getfile.aspx?fileid=58132&shareable=true
T6R-6c9e34aaac4f8ba2,1060000048,3.a.d.0,exact,exact,3. Vegetation contact,Vegetation contact,Distribution,Non-HFTD,# ignitions,v4_native,Yes,0,,,SDG&E,2025,1,v4.01,6,1,SDGE_2025_Q1_R6.xlsx,Table 6,50,M50,https://efiling.energysafety.ca.gov/eFiling/Getfile.aspx?fileid=58132&shareable=true
T6R-491d1afb23751d55,1060000049,3.a.d.2,exact,exact,3. Vegetation contact,Vegetation contact,Distribution,HFTD Tier 2,# ignitions,v4_native,Yes,0,,,SDG&E,2025,1,v4.01,6,1,SDGE_2025_Q1_R6.xlsx,Table 6,51,M51,https://efiling.energysafety.ca.gov/eFiling/Getfile.aspx?fileid=58132&shareable=true
T6R-14e9a9abcef21f3e,1060000050,3.a.d.3,exact,exact,3. Vegetation contact,Vegetation contact,Distribution,HFTD Tier 3,# ignitions,v4_native,Yes,0,,,SDG&E,2025,1,v4.01,6,1,SDGE_2025_Q1_R6.xlsx,Table 6,52,M52,https://efiling.energysafety.ca.gov/eFiling/Getfile.aspx?fileid=58132&shareable=true
T6R-689fe658aa121b27,1060000051,3.a.t.0,exact,exact,3. Vegetation contact,Vegetation contact,Transmission,Non-HFTD,# ignitions,v4_native,Yes,0,,,SDG&E,2025,1,v4.01,6,1,SDGE_2025_Q1_R6.xlsx,Table 6,53,M53,https://efiling.energysafety.ca.gov/eFiling/Getfile.aspx?fileid=58132&shareable=true
T6R-7283d10f46eefdb1,1060000052,3.a.t.2,exact,exact,3. Vegetation contact,Vegetation contact,Transmission,HFTD Tier 2,# ignitions,v4_native,Yes,0,,,SDG&E,2025,1,v4.01,6,1,SDGE_2025_Q1_R6.xlsx,Table 6,54,M54,https://efiling.energysafety.ca.gov/eFiling/Getfile.aspx?fileid=58132&shareable=true
T6R-b7adb7f49c31979a,1060000053,3.a.t.3,exact,exact,3. Vegetation contact,Vegetation contact,Transmission,HFTD Tier 3,# ignitions,v4_native,Yes,0,,,SDG&E,2025,1,v4.01,6,1,SDGE_2025_Q1_R6.xlsx,Table 6,55,M55,https://efiling.energysafety.ca.gov/eFiling/Getfile.aspx?fileid=58132&shareable=true
T6R-08dc746ab063c8e4,1060000054,4.a.d.0,corrected_in_v3_2,canonical_label_update,4. Equipment / facility failure or damage,Anchor / guy,Distribution,Non-HFTD,# ignitions,v4_native,Yes,0,,,SDG&E,2025,1,v4.01,6,1,SDGE_2025_Q1_R6.xlsx,Table 6,56,M56,https://efiling.energysafety.ca.gov/eFiling/Getfile.aspx?fileid=58132&shareable=true
T6R-c80b95e5f28820e3,1060000055,4.a.d.2,exact,canonical_label_update,4. Equipment / facility failure or damage,Anchor / guy,Distribution,HFTD Tier 2,# ignitions,v4_native,Yes,0,,,SDG&E,2025,1,v4.01,6,1,SDGE_2025_Q1_R6.xlsx,Table 6,57,M57,https://efiling.energysafety.ca.gov/eFiling/Getfile.aspx?fileid=58132&shareable=true
T6R-2ebfec5a662f9fbb,1060000056,4.a.d.3,exact,canonical_label_update,4. Equipment / facility failure or damage,Anchor / guy,Distribution,HFTD Tier 3,# ignitions,v4_native,Yes,0,,,SDG&E,2025,1,v4.01,6,1,SDGE_2025_Q1_R6.xlsx,Table 6,58,M58,https://efiling.energysafety.ca.gov/eFiling/Getfile.aspx?fileid=58132&shareable=true
T6R-96f509713aa260c1,1060000057,4.a.t.0,exact,canonical_label_update,4. Equipment / facility failure or damage,Anchor / guy,Transmission,Non-HFTD,# ignitions,v4_native,Yes,0,,,SDG&E,2025,1,v4.01,6,1,SDGE_2025_Q1_R6.xlsx,Table 6,59,M59,https://efiling.energysafety.ca.gov/eFiling/Getfile.aspx?fileid=58132&shareable=true
T6R-edc8a30dff765044,1060000058,4.a.t.2,exact,canonical_label_update,4. Equipment / facility failure or damage,Anchor / guy,Transmission,HFTD Tier 2,# ignitions,v4_native,Yes,0,,,SDG&E,2025,1,v4.01,6,1,SDGE_2025_Q1_R6.xlsx,Table 6,60,M60,https://efiling.energysafety.ca.gov/eFiling/Getfile.aspx?fileid=58132&shareable=true
T6R-aa168a5062644480,1060000059,4.a.t.3,exact,canonical_label_update,4. Equipment / facility failure or damage,Anchor / guy,Transmission,HFTD Tier 3,# ignitions,v4_native,Yes,0,,,SDG&E,2025,1,v4.01,6,1,SDGE_2025_Q1_R6.xlsx,Table 6,61,M61,https://efiling.energysafety.ca.gov/eFiling/Getfile.aspx?fileid=58132&shareable=true
T6R-bcb357e17cc2a906,1060000060,4.b.d.0,exact,exact,4. Equipment / facility failure or damage,Capacitor bank,Distribution,Non-HFTD,# ignitions,v4_native,Yes,1,,,SDG&E,2025,1,v4.01,6,1,SDGE_2025_Q1_R6.xlsx,Table 6,62,M62,https://efiling.energysafety.ca.gov/eFiling/Getfile.aspx?fileid=58132&shareable=true
T6R-d1713df2be441f98,1060000061,4.b.d.2,exact,exact,4. Equipment / facility failure or damage,Capacitor bank,Distribution,HFTD Tier 2,# ignitions,v4_native,Yes,0,,,SDG&E,2025,1,v4.01,6,1,SDGE_2025_Q1_R6.xlsx,Table 6,63,M63,https://efiling.energysafety.ca.gov/eFiling/Getfile.aspx?fileid=58132&shareable=true
T6R-431bd0292f8a01bb,1060000062,4.b.d.3,exact,exact,4. Equipment / facility failure or damage,Capacitor bank,Distribution,HFTD Tier 3,# ignitions,v4_native,Yes,0,,,SDG&E,2025,1,v4.01,6,1,SDGE_2025_Q1_R6.xlsx,Table 6,64,M64,https://efiling.energysafety.ca.gov/eFiling/Getfile.aspx?fileid=58132&shareable=true
T6R-6f57f8b876606319,1060000063,4.b.t.0,exact,exact,4. Equipment / facility failure or damage,Capacitor bank,Transmission,Non-HFTD,# ignitions,v4_native,Yes,0,,,SDG&E,2025,1,v4.01,6,1,SDGE_2025_Q1_R6.xlsx,Table 6,65,M65,https://efiling.energysafety.ca.gov/eFiling/Getfile.aspx?fileid=58132&shareable=true
T6R-7646857986aa2519,1060000064,4.b.t.2,exact,exact,4. Equipment / facility failure or damage,Capacitor bank,Transmission,HFTD Tier 2,# ignitions,v4_native,Yes,0,,,SDG&E,2025,1,v4.01,6,1,SDGE_2025_Q1_R6.xlsx,Table 6,66,M66,https://efiling.energysafety.ca.gov/eFiling/Getfile.aspx?fileid=58132&shareable=true
T6R-6f7d0f09ac637273,1060000065,4.b.t.3,exact,exact,4. Equipment / facility failure or damage,Capacitor bank,Transmission,HFTD Tier 3,# ignitions,v4_native,Yes,0,,,SDG&E,2025,1,v4.01,6,1,SDGE_2025_Q1_R6.xlsx,Table 6,67,M67,https://efiling.energysafety.ca.gov/eFiling/Getfile.aspx?fileid=58132&shareable=true
T6R-e9493d8b56e7e499,1060000066,4.c.d.0,exact,exact,4. Equipment / facility failure or damage,Conductor,Distribution,Non-HFTD,# ignitions,v4_native,Yes,0,,,SDG&E,2025,1,v4.01,6,1,SDGE_2025_Q1_R6.xlsx,Table 6,68,M68,https://efiling.energysafety.ca.gov/eFiling/Getfile.aspx?fileid=58132&shareable=true
T6R-36758132b3468467,1060000067,4.c.d.2,exact,exact,4. Equipment / facility failure or damage,Conductor,Distribution,HFTD Tier 2,# ignitions,v4_native,Yes,0,,,SDG&E,2025,1,v4.01,6,1,SDGE_2025_Q1_R6.xlsx,Table 6,69,M69,https://efiling.energysafety.ca.gov/eFiling/Getfile.aspx?fileid=58132&shareable=true
T6R-c351a7cfdfc342cb,1060000068,4.c.d.3,exact,exact,4. Equipment / facility failure or damage,Conductor,Distribution,HFTD Tier 3,# ignitions,v4_native,Yes,0,,,SDG&E,2025,1,v4.01,6,1,SDGE_2025_Q1_R6.xlsx,Table 6,70,M70,https://efiling.energysafety.ca.gov/eFiling/Getfile.aspx?fileid=58132&shareable=true
T6R-399326041f6fcf18,1060000069,4.c.t.0,exact,exact,4. Equipment / facility failure or damage,Conductor,Transmission,Non-HFTD,# ignitions,v4_native,Yes,0,,,SDG&E,2025,1,v4.01,6,1,SDGE_2025_Q1_R6.xlsx,Table 6,71,M71,https://efiling.energysafety.ca.gov/eFiling/Getfile.aspx?fileid=58132&shareable=true
T6R-342fd224e8dc84c9,1060000070,4.c.t.2,exact,exact,4. Equipment / facility failure or damage,Conductor,Transmission,HFTD Tier 2,# ignitions,v4_native,Yes,0,,,SDG&E,2025,1,v4.01,6,1,SDGE_2025_Q1_R6.xlsx,Table 6,72,M72,https://efiling.energysafety.ca.gov/eFiling/Getfile.aspx?fileid=58132&shareable=true
T6R-f124afa8736e804b,1060000071,4.c.t.3,exact,exact,4. Equipment / facility failure or damage,Conductor,Transmission,HFTD Tier 3,# ignitions,v4_native,Yes,0,,,SDG&E,2025,1,v4.01,6,1,SDGE_2025_Q1_R6.xlsx,Table 6,73,M73,https://efiling.energysafety.ca.gov/eFiling/Getfile.aspx?fileid=58132&shareable=true
T6R-95e83ae3c3e5f961,1060000072,4.d.d.0,exact,exact,4. Equipment / facility failure or damage,Connection device,Distribution,Non-HFTD,# ignitions,v4_native,Yes,0,,,SDG&E,2025,1,v4.01,6,1,SDGE_2025_Q1_R6.xlsx,Table 6,74,M74,https://efiling.energysafety.ca.gov/eFiling/Getfile.aspx?fileid=58132&shareable=true
T6R-6354f7c8d9dc30a2,1060000073,4.d.d.2,exact,exact,4. Equipment / facility failure or damage,Connection device,Distribution,HFTD Tier 2,# ignitions,v4_native,Yes,0,,,SDG&E,2025,1,v4.01,6,1,SDGE_2025_Q1_R6.xlsx,Table 6,75,M75,https://efiling.energysafety.ca.gov/eFiling/Getfile.aspx?fileid=58132&shareable=true
T6R-3912866901c53fc8,1060000074,4.d.d.3,exact,exact,4. Equipment / facility failure or damage,Connection device,Distribution,HFTD Tier 3,# ignitions,v4_native,Yes,0,,,SDG&E,2025,1,v4.01,6,1,SDGE_2025_Q1_R6.xlsx,Table 6,76,M76,https://efiling.energysafety.ca.gov/eFiling/Getfile.aspx?fileid=58132&shareable=true
T6R-994d74556401fed9,1060000075,4.d.t.0,exact,exact,4. Equipment / facility failure or damage,Connection device,Transmission,Non-HFTD,# ignitions,v4_native,Yes,0,,,SDG&E,2025,1,v4.01,6,1,SDGE_2025_Q1_R6.xlsx,Table 6,77,M77,https://efiling.energysafety.ca.gov/eFiling/Getfile.aspx?fileid=58132&shareable=true
T6R-dc920833f752afb0,1060000076,4.d.t.2,exact,exact,4. Equipment / facility failure or damage,Connection device,Transmission,HFTD Tier 2,# ignitions,v4_native,Yes,0,,,SDG&E,2025,1,v4.01,6,1,SDGE_2025_Q1_R6.xlsx,Table 6,78,M78,https://efiling.energysafety.ca.gov/eFiling/Getfile.aspx?fileid=58132&shareable=true
T6R-50c472c9526bfb8b,1060000077,4.d.t.3,exact,exact,4. Equipment / facility failure or damage,Connection device,Transmission,HFTD Tier 3,# ignitions,v4_native,Yes,0,,,SDG&E,2025,1,v4.01,6,1,SDGE_2025_Q1_R6.xlsx,Table 6,79,M79,https://efiling.energysafety.ca.gov/eFiling/Getfile.aspx?fileid=58132&shareable=true
T6R-b98b9d47c12d48ff,1060000078,4.e.d.0,exact,exact,4. Equipment / facility failure or damage,Crossarm,Distribution,Non-HFTD,# ignitions,v4_native,Yes,0,,,SDG&E,2025,1,v4.01,6,1,SDGE_2025_Q1_R6.xlsx,Table 6,80,M80,https://efiling.energysafety.ca.gov/eFiling/Getfile.aspx?fileid=58132&shareable=true
T6R-4c704110226376e0,1060000079,4.e.d.2,exact,exact,4. Equipment / facility failure or damage,Crossarm,Distribution,HFTD Tier 2,# ignitions,v4_native,Yes,0,,,SDG&E,2025,1,v4.01,6,1,SDGE_2025_Q1_R6.xlsx,Table 6,81,M81,https://efiling.energysafety.ca.gov/eFiling/Getfile.aspx?fileid=58132&shareable=true
T6R-1733e9f979de6ae7,1060000080,4.e.d.3,exact,exact,4. Equipment / facility failure or damage,Crossarm,Distribution,HFTD Tier 3,# ignitions,v4_native,Yes,0,,,SDG&E,2025,1,v4.01,6,1,SDGE_2025_Q1_R6.xlsx,Table 6,82,M82,https://efiling.energysafety.ca.gov/eFiling/Getfile.aspx?fileid=58132&shareable=true
T6R-0fa1591d6ad39185,1060000081,4.e.t.0,exact,exact,4. Equipment / facility failure or damage,Crossarm,Transmission,Non-HFTD,# ignitions,v4_native,Yes,0,,,SDG&E,2025,1,v4.01,6,1,SDGE_2025_Q1_R6.xlsx,Table 6,83,M83,https://efiling.energysafety.ca.gov/eFiling/Getfile.aspx?fileid=58132&shareable=true
T6R-69f5b350ac59907a,1060000082,4.e.t.2,exact,exact,4. Equipment / facility failure or damage,Crossarm,Transmission,HFTD Tier 2,# ignitions,v4_native,Yes,0,,,SDG&E,2025,1,v4.01,6,1,SDGE_2025_Q1_R6.xlsx,Table 6,84,M84,https://efiling.energysafety.ca.gov/eFiling/Getfile.aspx?fileid=58132&shareable=true
T6R-5213c97d826eeb65,1060000083,4.e.t.3,exact,exact,4. Equipment / facility failure or damage,Crossarm,Transmission,HFTD Tier 3,# ignitions,v4_native,Yes,0,,,SDG&E,2025,1,v4.01,6,1,SDGE_2025_Q1_R6.xlsx,Table 6,85,M85,https://efiling.energysafety.ca.gov/eFiling/Getfile.aspx?fileid=58132&shareable=true
T6R-8793b10ab85aa11d,1060000084,4.f.d.0,exact,exact,4. Equipment / facility failure or damage,Fuse,Distribution,Non-HFTD,# ignitions,v4_native,Yes,0,,,SDG&E,2025,1,v4.01,6,1,SDGE_2025_Q1_R6.xlsx,Table 6,86,M86,https://efiling.energysafety.ca.gov/eFiling/Getfile.aspx?fileid=58132&shareable=true
T6R-6cbcae4e1af50217,1060000085,4.f.d.2,exact,exact,4. Equipment / facility failure or damage,Fuse,Distribution,HFTD Tier 2,# ignitions,v4_native,Yes,0,,,SDG&E,2025,1,v4.01,6,1,SDGE_2025_Q1_R6.xlsx,Table 6,87,M87,https://efiling.energysafety.ca.gov/eFiling/Getfile.aspx?fileid=58132&shareable=true
T6R-bad8ad73530ad554,1060000086,4.f.d.3,exact,exact,4. Equipment / facility failure or damage,Fuse,Distribution,HFTD Tier 3,# ignitions,v4_native,Yes,0,,,SDG&E,2025,1,v4.01,6,1,SDGE_2025_Q1_R6.xlsx,Table 6,88,M88,https://efiling.energysafety.ca.gov/eFiling/Getfile.aspx?fileid=58132&shareable=true
T6R-33f615a2fa87883e,1060000087,4.f.t.0,exact,exact,4. Equipment / facility failure or damage,Fuse,Transmission,Non-HFTD,# ignitions,v4_native,Yes,0,,,SDG&E,2025,1,v4.01,6,1,SDGE_2025_Q1_R6.xlsx,Table 6,89,M89,https://efiling.energysafety.ca.gov/eFiling/Getfile.aspx?fileid=58132&shareable=true
T6R-82ae0ebbf889740b,1060000088,4.f.t.2,exact,exact,4. Equipment / facility failure or damage,Fuse,Transmission,HFTD Tier 2,# ignitions,v4_native,Yes,0,,,SDG&E,2025,1,v4.01,6,1,SDGE_2025_Q1_R6.xlsx,Table 6,90,M90,https://efiling.energysafety.ca.gov/eFiling/Getfile.aspx?fileid=58132&shareable=true
T6R-02449c151fc1bb75,1060000089,4.f.t.3,exact,exact,4. Equipment / facility failure or damage,Fuse,Transmission,HFTD Tier 3,# ignitions,v4_native,Yes,0,,,SDG&E,2025,1,v4.01,6,1,SDGE_2025_Q1_R6.xlsx,Table 6,91,M91,https://efiling.energysafety.ca.gov/eFiling/Getfile.aspx?fileid=58132&shareable=true
T6R-7cbcf90f67ea0911,1060000090,4.g.d.0,exact,exact,4. Equipment / facility failure or damage,Cutout,Distribution,Non-HFTD,# ignitions,v4_native,No,,SDG&E did not track this driver historically but can implement for future ignitions,not applicable,SDG&E,2025,1,v4.01,6,1,SDGE_2025_Q1_R6.xlsx,Table 6,92,M92,https://efiling.energysafety.ca.gov/eFiling/Getfile.aspx?fileid=58132&shareable=true
T6R-91eb081079952c13,1060000091,4.g.d.2,exact,exact,4. Equipment / facility failure or damage,Cutout,Distribution,HFTD Tier 2,# ignitions,v4_native,No,,SDG&E did not track this driver historically but can implement for future ignitions,not applicable,SDG&E,2025,1,v4.01,6,1,SDGE_2025_Q1_R6.xlsx,Table 6,93,M93,https://efiling.energysafety.ca.gov/eFiling/Getfile.aspx?fileid=58132&shareable=true
T6R-2bc560382813b7ab,1060000092,4.g.d.3,exact,exact,4. Equipment / facility failure or damage,Cutout,Distribution,HFTD Tier 3,# ignitions,v4_native,No,,SDG&E did not track this driver historically but can implement for future ignitions,not applicable,SDG&E,2025,1,v4.01,6,1,SDGE_2025_Q1_R6.xlsx,Table 6,94,M94,https://efiling.energysafety.ca.gov/eFiling/Getfile.aspx?fileid=58132&shareable=true
T6R-bec69f3afa290662,1060000093,4.g.t.0,exact,exact,4. Equipment / facility failure or damage,Cutout,Transmission,Non-HFTD,# ignitions,v4_native,No,,SDG&E did not track this driver historically but can implement for future ignitions,not applicable,SDG&E,2025,1,v4.01,6,1,SDGE_2025_Q1_R6.xlsx,Table 6,95,M95,https://efiling.energysafety.ca.gov/eFiling/Getfile.aspx?fileid=58132&shareable=true
T6R-015347cad33ad00c,1060000094,4.g.t.2,exact,exact,4. Equipment / facility failure or damage,Cutout,Transmission,HFTD Tier 2,# ignitions,v4_native,No,,SDG&E did not track this driver historically but can implement for future ignitions,not applicable,SDG&E,2025,1,v4.01,6,1,SDGE_2025_Q1_R6.xlsx,Table 6,96,M96,https://efiling.energysafety.ca.gov/eFiling/Getfile.aspx?fileid=58132&shareable=true
T6R-fb7b2b61fab80d06,1060000095,4.g.t.3,exact,exact,4. Equipment / facility failure or damage,Cutout,Transmission,HFTD Tier 3,# ignitions,v4_native,No,,SDG&E did not track this driver historically but can implement for future ignitions,not applicable,SDG&E,2025,1,v4.01,6,1,SDGE_2025_Q1_R6.xlsx,Table 6,97,M97,https://efiling.energysafety.ca.gov/eFiling/Getfile.aspx?fileid=58132&shareable=true
T6R-da2fb3349839366a,1060000096,4.h.d.0,corrected_in_v3_2,exact,4. Equipment / facility failure or damage,Insulator and bushing,Distribution,Non-HFTD,# ignitions,v4_native,Yes,0,,,SDG&E,2025,1,v4.01,6,1,SDGE_2025_Q1_R6.xlsx,Table 6,98,M98,https://efiling.energysafety.ca.gov/eFiling/Getfile.aspx?fileid=58132&shareable=true
T6R-8466a849046c73f2,1060000097,4.h.d.2,corrected_in_v3_2,exact,4. Equipment / facility failure or damage,Insulator and bushing,Distribution,HFTD Tier 2,# ignitions,v4_native,Yes,0,,,SDG&E,2025,1,v4.01,6,1,SDGE_2025_Q1_R6.xlsx,Table 6,99,M99,https://efiling.energysafety.ca.gov/eFiling/Getfile.aspx?fileid=58132&shareable=true
T6R-207c323fd904a19a,1060000098,4.h.d.3,corrected_in_v3_2,exact,4. Equipment / facility failure or damage,Insulator and bushing,Distribution,HFTD Tier 3,# ignitions,v4_native,Yes,0,,,SDG&E,2025,1,v4.01,6,1,SDGE_2025_Q1_R6.xlsx,Table 6,100,M100,https://efiling.energysafety.ca.gov/eFiling/Getfile.aspx?fileid=58132&shareable=true
T6R-99a963b8b2e638f4,1060000099,4.h.t.0,corrected_in_v3_2,exact,4. Equipment / facility failure or damage,Insulator and bushing,Transmission,Non-HFTD,# ignitions,v4_native,Yes,0,,,SDG&E,2025,1,v4.01,6,1,SDGE_2025_Q1_R6.xlsx,Table 6,101,M101,https://efiling.energysafety.ca.gov/eFiling/Getfile.aspx?fileid=58132&shareable=true
T6R-e2d7a0c34393a618,1060000100,4.h.t.2,corrected_in_v3_2,exact,4. Equipment / facility failure or damage,Insulator and bushing,Transmission,HFTD Tier 2,# ignitions,v4_native,Yes,0,,,SDG&E,2025,1,v4.01,6,1,SDGE_2025_Q1_R6.xlsx,Table 6,102,M102,https://efiling.energysafety.ca.gov/eFiling/Getfile.aspx?fileid=58132&shareable=true
T6R-9e98993809130f6a,1060000101,4.h.t.3,corrected_in_v3_2,exact,4. Equipment / facility failure or damage,Insulator and bushing,Transmission,HFTD Tier 3,# ignitions,v4_native,Yes,0,,,SDG&E,2025,1,v4.01,6,1,SDGE_2025_Q1_R6.xlsx,Table 6,103,M103,https://efiling.energysafety.ca.gov/eFiling/Getfile.aspx?fileid=58132&shareable=true
T6R-c310b994b051ddda,1060000102,4.i.d.0,corrected_in_v3_2,exact,4. Equipment / facility failure or damage,Lightning arrester,Distribution,Non-HFTD,# ignitions,v4_native,Yes,0,,,SDG&E,2025,1,v4.01,6,1,SDGE_2025_Q1_R6.xlsx,Table 6,104,M104,https://efiling.energysafety.ca.gov/eFiling/Getfile.aspx?fileid=58132&shareable=true
T6R-80c85ad1b97673e3,1060000103,4.i.d.2,corrected_in_v3_2,exact,4. Equipment / facility failure or damage,Lightning arrester,Distribution,HFTD Tier 2,# ignitions,v4_native,Yes,0,,,SDG&E,2025,1,v4.01,6,1,SDGE_2025_Q1_R6.xlsx,Table 6,105,M105,https://efiling.energysafety.ca.gov/eFiling/Getfile.aspx?fileid=58132&shareable=true
T6R-253cfb94caba771d,1060000104,4.i.d.3,corrected_in_v3_2,exact,4. Equipment / facility failure or damage,Lightning arrester,Distribution,HFTD Tier 3,# ignitions,v4_native,Yes,0,,,SDG&E,2025,1,v4.01,6,1,SDGE_2025_Q1_R6.xlsx,Table 6,106,M106,https://efiling.energysafety.ca.gov/eFiling/Getfile.aspx?fileid=58132&shareable=true
T6R-329d9bd91478fc8b,1060000105,4.i.t.0,corrected_in_v3_2,exact,4. Equipment / facility failure or damage,Lightning arrester,Transmission,Non-HFTD,# ignitions,v4_native,Yes,0,,,SDG&E,2025,1,v4.01,6,1,SDGE_2025_Q1_R6.xlsx,Table 6,107,M107,https://efiling.energysafety.ca.gov/eFiling/Getfile.aspx?fileid=58132&shareable=true
T6R-cc7853f705f3d8e9,1060000106,4.i.t.2,corrected_in_v3_2,exact,4. Equipment / facility failure or damage,Lightning arrester,Transmission,HFTD Tier 2,# ignitions,v4_native,Yes,0,,,SDG&E,2025,1,v4.01,6,1,SDGE_2025_Q1_R6.xlsx,Table 6,108,M108,https://efiling.energysafety.ca.gov/eFiling/Getfile.aspx?fileid=58132&shareable=true
T6R-3fd0badef6f61639,1060000107,4.i.t.3,corrected_in_v3_2,exact,4. Equipment / facility failure or damage,Lightning arrester,Transmission,HFTD Tier 3,# ignitions,v4_native,Yes,0,,,SDG&E,2025,1,v4.01,6,1,SDGE_2025_Q1_R6.xlsx,Table 6,109,M109,https://efiling.energysafety.ca.gov/eFiling/Getfile.aspx?fileid=58132&shareable=true
T6R-30658b217c75777d,1060000108,4.j.d.0,exact,exact,4. Equipment / facility failure or damage,Pole,Distribution,Non-HFTD,# ignitions,v4_native,Yes,0,,,SDG&E,2025,1,v4.01,6,1,SDGE_2025_Q1_R6.xlsx,Table 6,110,M110,https://efiling.energysafety.ca.gov/eFiling/Getfile.aspx?fileid=58132&shareable=true
T6R-f25df497b0def49d,1060000109,4.j.d.2,exact,exact,4. Equipment / facility failure or damage,Pole,Distribution,HFTD Tier 2,# ignitions,v4_native,Yes,0,,,SDG&E,2025,1,v4.01,6,1,SDGE_2025_Q1_R6.xlsx,Table 6,111,M111,https://efiling.energysafety.ca.gov/eFiling/Getfile.aspx?fileid=58132&shareable=true
T6R-96975962dd34899a,1060000110,4.j.d.3,exact,exact,4. Equipment / facility failure or damage,Pole,Distribution,HFTD Tier 3,# ignitions,v4_native,Yes,0,,,SDG&E,2025,1,v4.01,6,1,SDGE_2025_Q1_R6.xlsx,Table 6,112,M112,https://efiling.energysafety.ca.gov/eFiling/Getfile.aspx?fileid=58132&shareable=true
T6R-17a660910ac42ba7,1060000111,4.j.t.0,exact,exact,4. Equipment / facility failure or damage,Pole,Transmission,Non-HFTD,# ignitions,v4_native,Yes,0,,,SDG&E,2025,1,v4.01,6,1,SDGE_2025_Q1_R6.xlsx,Table 6,113,M113,https://efiling.energysafety.ca.gov/eFiling/Getfile.aspx?fileid=58132&shareable=true
T6R-b466956515a1db3f,1060000112,4.j.t.2,exact,exact,4. Equipment / facility failure or damage,Pole,Transmission,HFTD Tier 2,# ignitions,v4_native,Yes,0,,,SDG&E,2025,1,v4.01,6,1,SDGE_2025_Q1_R6.xlsx,Table 6,114,M114,https://efiling.energysafety.ca.gov/eFiling/Getfile.aspx?fileid=58132&shareable=true
T6R-1769053de0b1d041,1060000113,4.j.t.3,exact,exact,4. Equipment / facility failure or damage,Pole,Transmission,HFTD Tier 3,# ignitions,v4_native,Yes,0,,,SDG&E,2025,1,v4.01,6,1,SDGE_2025_Q1_R6.xlsx,Table 6,115,M115,https://efiling.energysafety.ca.gov/eFiling/Getfile.aspx?fileid=58132&shareable=true
T6R-881ae462ec5f5ee3,1060000114,4.k.d.0,exact,exact,4. Equipment / facility failure or damage,Recloser,Distribution,Non-HFTD,# ignitions,v4_native,No,,SDG&E does not currently track this driver,not applicable,SDG&E,2025,1,v4.01,6,1,SDGE_2025_Q1_R6.xlsx,Table 6,116,M116,https://efiling.energysafety.ca.gov/eFiling/Getfile.aspx?fileid=58132&shareable=true
T6R-76ccc1e98ef49acf,1060000115,4.k.d.2,exact,exact,4. Equipment / facility failure or damage,Recloser,Distribution,HFTD Tier 2,# ignitions,v4_native,No,,SDG&E does not currently track this driver,not applicable,SDG&E,2025,1,v4.01,6,1,SDGE_2025_Q1_R6.xlsx,Table 6,117,M117,https://efiling.energysafety.ca.gov/eFiling/Getfile.aspx?fileid=58132&shareable=true
T6R-ef00f2264083e848,1060000116,4.k.d.3,exact,exact,4. Equipment / facility failure or damage,Recloser,Distribution,HFTD Tier 3,# ignitions,v4_native,No,,SDG&E does not currently track this driver,not applicable,SDG&E,2025,1,v4.01,6,1,SDGE_2025_Q1_R6.xlsx,Table 6,118,M118,https://efiling.energysafety.ca.gov/eFiling/Getfile.aspx?fileid=58132&shareable=true
T6R-dd9d169d6339f6cb,1060000117,4.k.t.0,exact,exact,4. Equipment / facility failure or damage,Recloser,Transmission,Non-HFTD,# ignitions,v4_native,No,,SDG&E does not currently track this driver,not applicable,SDG&E,2025,1,v4.01,6,1,SDGE_2025_Q1_R6.xlsx,Table 6,119,M119,https://efiling.energysafety.ca.gov/eFiling/Getfile.aspx?fileid=58132&shareable=true
T6R-d8bc1e0e98580abd,1060000118,4.k.t.2,exact,exact,4. Equipment / facility failure or damage,Recloser,Transmission,HFTD Tier 2,# ignitions,v4_native,No,,SDG&E does not currently track this driver,not applicable,SDG&E,2025,1,v4.01,6,1,SDGE_2025_Q1_R6.xlsx,Table 6,120,M120,https://efiling.energysafety.ca.gov/eFiling/Getfile.aspx?fileid=58132&shareable=true
T6R-5afcb56307300fc2,1060000119,4.k.t.3,exact,exact,4. Equipment / facility failure or damage,Recloser,Transmission,HFTD Tier 3,# ignitions,v4_native,No,,SDG&E does not currently track this driver,not applicable,SDG&E,2025,1,v4.01,6,1,SDGE_2025_Q1_R6.xlsx,Table 6,121,M121,https://efiling.energysafety.ca.gov/eFiling/Getfile.aspx?fileid=58132&shareable=true
T6R-ebdb5fc92d13e383,1060000120,4.l.d.0,exact,exact,4. Equipment / facility failure or damage,Relay,Distribution,Non-HFTD,# ignitions,v4_native,No,,SDG&E does not currently track this driver,not applicable,SDG&E,2025,1,v4.01,6,1,SDGE_2025_Q1_R6.xlsx,Table 6,122,M122,https://efiling.energysafety.ca.gov/eFiling/Getfile.aspx?fileid=58132&shareable=true
T6R-a7864f88eda0854c,1060000121,4.l.d.2,exact,exact,4. Equipment / facility failure or damage,Relay,Distribution,HFTD Tier 2,# ignitions,v4_native,No,,SDG&E does not currently track this driver,not applicable,SDG&E,2025,1,v4.01,6,1,SDGE_2025_Q1_R6.xlsx,Table 6,123,M123,https://efiling.energysafety.ca.gov/eFiling/Getfile.aspx?fileid=58132&shareable=true
T6R-7538cf79154e74aa,1060000122,4.l.d.3,exact,exact,4. Equipment / facility failure or damage,Relay,Distribution,HFTD Tier 3,# ignitions,v4_native,No,,SDG&E does not currently track this driver,not applicable,SDG&E,2025,1,v4.01,6,1,SDGE_2025_Q1_R6.xlsx,Table 6,124,M124,https://efiling.energysafety.ca.gov/eFiling/Getfile.aspx?fileid=58132&shareable=true
T6R-6e7c8f213c8e039d,1060000123,4.l.t.0,exact,exact,4. Equipment / facility failure or damage,Relay,Transmission,Non-HFTD,# ignitions,v4_native,No,,SDG&E does not currently track this driver,not applicable,SDG&E,2025,1,v4.01,6,1,SDGE_2025_Q1_R6.xlsx,Table 6,125,M125,https://efiling.energysafety.ca.gov/eFiling/Getfile.aspx?fileid=58132&shareable=true
T6R-3a7dfa45fb7aa861,1060000124,4.l.t.2,exact,exact,4. Equipment / facility failure or damage,Relay,Transmission,HFTD Tier 2,# ignitions,v4_native,No,,SDG&E does not currently track this driver,not applicable,SDG&E,2025,1,v4.01,6,1,SDGE_2025_Q1_R6.xlsx,Table 6,126,M126,https://efiling.energysafety.ca.gov/eFiling/Getfile.aspx?fileid=58132&shareable=true
T6R-485a692af5220177,1060000125,4.l.t.3,exact,exact,4. Equipment / facility failure or damage,Relay,Transmission,HFTD Tier 3,# ignitions,v4_native,No,,SDG&E does not currently track this driver,not applicable,SDG&E,2025,1,v4.01,6,1,SDGE_2025_Q1_R6.xlsx,Table 6,127,M127,https://efiling.energysafety.ca.gov/eFiling/Getfile.aspx?fileid=58132&shareable=true
T6R-5edd91ff473b9fad,1060000126,4.m.d.0,exact,exact,4. Equipment / facility failure or damage,Sectionalizer,Distribution,Non-HFTD,# ignitions,v4_native,No,,SDG&E does not currently track this driver,not applicable,SDG&E,2025,1,v4.01,6,1,SDGE_2025_Q1_R6.xlsx,Table 6,128,M128,https://efiling.energysafety.ca.gov/eFiling/Getfile.aspx?fileid=58132&shareable=true
T6R-d3c74d0734df39da,1060000127,4.m.d.2,exact,exact,4. Equipment / facility failure or damage,Sectionalizer,Distribution,HFTD Tier 2,# ignitions,v4_native,No,,SDG&E does not currently track this driver,not applicable,SDG&E,2025,1,v4.01,6,1,SDGE_2025_Q1_R6.xlsx,Table 6,129,M129,https://efiling.energysafety.ca.gov/eFiling/Getfile.aspx?fileid=58132&shareable=true
T6R-f8fa8a6e73254ec1,1060000128,4.m.d.3,exact,exact,4. Equipment / facility failure or damage,Sectionalizer,Distribution,HFTD Tier 3,# ignitions,v4_native,No,,SDG&E does not currently track this driver,not applicable,SDG&E,2025,1,v4.01,6,1,SDGE_2025_Q1_R6.xlsx,Table 6,130,M130,https://efiling.energysafety.ca.gov/eFiling/Getfile.aspx?fileid=58132&shareable=true
T6R-35f57873f782924e,1060000129,4.m.t.0,exact,exact,4. Equipment / facility failure or damage,Sectionalizer,Transmission,Non-HFTD,# ignitions,v4_native,No,,SDG&E does not currently track this driver,not applicable,SDG&E,2025,1,v4.01,6,1,SDGE_2025_Q1_R6.xlsx,Table 6,131,M131,https://efiling.energysafety.ca.gov/eFiling/Getfile.aspx?fileid=58132&shareable=true
T6R-eca9495aa270eb6a,1060000130,4.m.t.2,exact,exact,4. Equipment / facility failure or damage,Sectionalizer,Transmission,HFTD Tier 2,# ignitions,v4_native,No,,SDG&E does not currently track this driver,not applicable,SDG&E,2025,1,v4.01,6,1,SDGE_2025_Q1_R6.xlsx,Table 6,132,M132,https://efiling.energysafety.ca.gov/eFiling/Getfile.aspx?fileid=58132&shareable=true
T6R-082c84f6c40a3af6,1060000131,4.m.t.3,exact,exact,4. Equipment / facility failure or damage,Sectionalizer,Transmission,HFTD Tier 3,# ignitions,v4_native,No,,SDG&E does not currently track this driver,not applicable,SDG&E,2025,1,v4.01,6,1,SDGE_2025_Q1_R6.xlsx,Table 6,133,M133,https://efiling.energysafety.ca.gov/eFiling/Getfile.aspx?fileid=58132&shareable=true
T6R-fc2fdcef1a110b90,1060000132,4.n.d.0,exact,exact,4. Equipment / facility failure or damage,Splice,Distribution,Non-HFTD,# ignitions,v4_native,No,,SDG&E tracks splice failure/damage under connection device,not applicable,SDG&E,2025,1,v4.01,6,1,SDGE_2025_Q1_R6.xlsx,Table 6,134,M134,https://efiling.energysafety.ca.gov/eFiling/Getfile.aspx?fileid=58132&shareable=true
T6R-0b7ad6c563c11668,1060000133,4.n.d.2,exact,exact,4. Equipment / facility failure or damage,Splice,Distribution,HFTD Tier 2,# ignitions,v4_native,No,,SDG&E tracks splice failure/damage under connection device,not applicable,SDG&E,2025,1,v4.01,6,1,SDGE_2025_Q1_R6.xlsx,Table 6,135,M135,https://efiling.energysafety.ca.gov/eFiling/Getfile.aspx?fileid=58132&shareable=true
T6R-a8a5431fa807fb8a,1060000134,4.n.d.3,exact,exact,4. Equipment / facility failure or damage,Splice,Distribution,HFTD Tier 3,# ignitions,v4_native,No,,SDG&E tracks splice failure/damage under connection device,not applicable,SDG&E,2025,1,v4.01,6,1,SDGE_2025_Q1_R6.xlsx,Table 6,136,M136,https://efiling.energysafety.ca.gov/eFiling/Getfile.aspx?fileid=58132&shareable=true
T6R-30fb4cabd9459479,1060000135,4.n.t.0,exact,exact,4. Equipment / facility failure or damage,Splice,Transmission,Non-HFTD,# ignitions,v4_native,No,,SDG&E tracks splice failure/damage under connection device,not applicable,SDG&E,2025,1,v4.01,6,1,SDGE_2025_Q1_R6.xlsx,Table 6,137,M137,https://efiling.energysafety.ca.gov/eFiling/Getfile.aspx?fileid=58132&shareable=true
T6R-d0a17643643c652e,1060000136,4.n.t.2,exact,exact,4. Equipment / facility failure or damage,Splice,Transmission,HFTD Tier 2,# ignitions,v4_native,No,,SDG&E tracks splice failure/damage under connection device,not applicable,SDG&E,2025,1,v4.01,6,1,SDGE_2025_Q1_R6.xlsx,Table 6,138,M138,https://efiling.energysafety.ca.gov/eFiling/Getfile.aspx?fileid=58132&shareable=true
T6R-0a65c446de74f065,1060000137,4.n.t.3,exact,exact,4. Equipment / facility failure or damage,Splice,Transmission,HFTD Tier 3,# ignitions,v4_native,No,,SDG&E tracks splice failure/damage under connection device,not applicable,SDG&E,2025,1,v4.01,6,1,SDGE_2025_Q1_R6.xlsx,Table 6,139,M139,https://efiling.energysafety.ca.gov/eFiling/Getfile.aspx?fileid=58132&shareable=true
T6R-a1b52b365c153d7e,1060000138,4.o.d.0,exact,exact,4. Equipment / facility failure or damage,Switch,Distribution,Non-HFTD,# ignitions,v4_native,Yes,0,,,SDG&E,2025,1,v4.01,6,1,SDGE_2025_Q1_R6.xlsx,Table 6,140,M140,https://efiling.energysafety.ca.gov/eFiling/Getfile.aspx?fileid=58132&shareable=true
T6R-b3622946ff71cc2c,1060000139,4.o.d.2,exact,exact,4. Equipment / facility failure or damage,Switch,Distribution,HFTD Tier 2,# ignitions,v4_native,Yes,0,,,SDG&E,2025,1,v4.01,6,1,SDGE_2025_Q1_R6.xlsx,Table 6,141,M141,https://efiling.energysafety.ca.gov/eFiling/Getfile.aspx?fileid=58132&shareable=true
T6R-e034b71f4207b870,1060000140,4.o.d.3,exact,exact,4. Equipment / facility failure or damage,Switch,Distribution,HFTD Tier 3,# ignitions,v4_native,Yes,0,,,SDG&E,2025,1,v4.01,6,1,SDGE_2025_Q1_R6.xlsx,Table 6,142,M142,https://efiling.energysafety.ca.gov/eFiling/Getfile.aspx?fileid=58132&shareable=true
T6R-6f8d44e674fcbd45,1060000141,4.o.t.0,exact,exact,4. Equipment / facility failure or damage,Switch,Transmission,Non-HFTD,# ignitions,v4_native,Yes,0,,,SDG&E,2025,1,v4.01,6,1,SDGE_2025_Q1_R6.xlsx,Table 6,143,M143,https://efiling.energysafety.ca.gov/eFiling/Getfile.aspx?fileid=58132&shareable=true
T6R-cd02256aff3c2c4a,1060000142,4.o.t.2,exact,exact,4. Equipment / facility failure or damage,Switch,Transmission,HFTD Tier 2,# ignitions,v4_native,Yes,0,,,SDG&E,2025,1,v4.01,6,1,SDGE_2025_Q1_R6.xlsx,Table 6,144,M144,https://efiling.energysafety.ca.gov/eFiling/Getfile.aspx?fileid=58132&shareable=true
T6R-0357c1d98052a9b8,1060000143,4.o.t.3,exact,exact,4. Equipment / facility failure or damage,Switch,Transmission,HFTD Tier 3,# ignitions,v4_native,Yes,0,,,SDG&E,2025,1,v4.01,6,1,SDGE_2025_Q1_R6.xlsx,Table 6,145,M145,https://efiling.energysafety.ca.gov/eFiling/Getfile.aspx?fileid=58132&shareable=true
T6R-fa3c598ddb35b73a,1060000144,4.p.d.0,exact,exact,4. Equipment / facility failure or damage,Tap,Distribution,Non-HFTD,# ignitions,v4_native,No,,SDG&E does not currently track this driver,not applicable,SDG&E,2025,1,v4.01,6,1,SDGE_2025_Q1_R6.xlsx,Table 6,146,M146,https://efiling.energysafety.ca.gov/eFiling/Getfile.aspx?fileid=58132&shareable=true
T6R-5b273923c377e445,1060000145,4.p.d.2,exact,exact,4. Equipment / facility failure or damage,Tap,Distribution,HFTD Tier 2,# ignitions,v4_native,No,,SDG&E does not currently track this driver,not applicable,SDG&E,2025,1,v4.01,6,1,SDGE_2025_Q1_R6.xlsx,Table 6,147,M147,https://efiling.energysafety.ca.gov/eFiling/Getfile.aspx?fileid=58132&shareable=true
T6R-9402917bf39151be,1060000146,4.p.d.3,exact,exact,4. Equipment / facility failure or damage,Tap,Distribution,HFTD Tier 3,# ignitions,v4_native,No,,SDG&E does not currently track this driver,not applicable,SDG&E,2025,1,v4.01,6,1,SDGE_2025_Q1_R6.xlsx,Table 6,148,M148,https://efiling.energysafety.ca.gov/eFiling/Getfile.aspx?fileid=58132&shareable=true
T6R-29515daeb26eb841,1060000147,4.p.t.0,exact,exact,4. Equipment / facility failure or damage,Tap,Transmission,Non-HFTD,# ignitions,v4_native,No,,SDG&E does not currently track this driver,not applicable,SDG&E,2025,1,v4.01,6,1,SDGE_2025_Q1_R6.xlsx,Table 6,149,M149,https://efiling.energysafety.ca.gov/eFiling/Getfile.aspx?fileid=58132&shareable=true
T6R-7c0f0abf27e809c0,1060000148,4.p.t.2,exact,exact,4. Equipment / facility failure or damage,Tap,Transmission,HFTD Tier 2,# ignitions,v4_native,No,,SDG&E does not currently track this driver,not applicable,SDG&E,2025,1,v4.01,6,1,SDGE_2025_Q1_R6.xlsx,Table 6,150,M150,https://efiling.energysafety.ca.gov/eFiling/Getfile.aspx?fileid=58132&shareable=true
T6R-555062bb201fe1c5,1060000149,4.p.t.3,exact,exact,4. Equipment / facility failure or damage,Tap,Transmission,HFTD Tier 3,# ignitions,v4_native,No,,SDG&E does not currently track this driver,not applicable,SDG&E,2025,1,v4.01,6,1,SDGE_2025_Q1_R6.xlsx,Table 6,151,M151,https://efiling.energysafety.ca.gov/eFiling/Getfile.aspx?fileid=58132&shareable=true
T6R-9bb46c910d2da21e,1060000150,4.q.d.0,exact,exact,4. Equipment / facility failure or damage,Tie wire,Distribution,Non-HFTD,# ignitions,v4_native,No,,SDG&E does not currently track this driver,not applicable,SDG&E,2025,1,v4.01,6,1,SDGE_2025_Q1_R6.xlsx,Table 6,152,M152,https://efiling.energysafety.ca.gov/eFiling/Getfile.aspx?fileid=58132&shareable=true
T6R-7e23934009f2dede,1060000151,4.q.d.2,exact,exact,4. Equipment / facility failure or damage,Tie wire,Distribution,HFTD Tier 2,# ignitions,v4_native,No,,SDG&E does not currently track this driver,not applicable,SDG&E,2025,1,v4.01,6,1,SDGE_2025_Q1_R6.xlsx,Table 6,153,M153,https://efiling.energysafety.ca.gov/eFiling/Getfile.aspx?fileid=58132&shareable=true
T6R-82257c264f3e05f0,1060000152,4.q.d.3,exact,exact,4. Equipment / facility failure or damage,Tie wire,Distribution,HFTD Tier 3,# ignitions,v4_native,No,,SDG&E does not currently track this driver,not applicable,SDG&E,2025,1,v4.01,6,1,SDGE_2025_Q1_R6.xlsx,Table 6,154,M154,https://efiling.energysafety.ca.gov/eFiling/Getfile.aspx?fileid=58132&shareable=true
T6R-8894d298d711fe76,1060000153,4.q.t.0,exact,exact,4. Equipment / facility failure or damage,Tie wire,Transmission,Non-HFTD,# ignitions,v4_native,No,,SDG&E does not currently track this driver,not applicable,SDG&E,2025,1,v4.01,6,1,SDGE_2025_Q1_R6.xlsx,Table 6,155,M155,https://efiling.energysafety.ca.gov/eFiling/Getfile.aspx?fileid=58132&shareable=true
T6R-c20686104e300684,1060000154,4.q.t.2,exact,exact,4. Equipment / facility failure or damage,Tie wire,Transmission,HFTD Tier 2,# ignitions,v4_native,No,,SDG&E does not currently track this driver,not applicable,SDG&E,2025,1,v4.01,6,1,SDGE_2025_Q1_R6.xlsx,Table 6,156,M156,https://efiling.energysafety.ca.gov/eFiling/Getfile.aspx?fileid=58132&shareable=true
T6R-bf2950013e88fc4f,1060000155,4.q.t.3,exact,exact,4. Equipment / facility failure or damage,Tie wire,Transmission,HFTD Tier 3,# ignitions,v4_native,No,,SDG&E does not currently track this driver,not applicable,SDG&E,2025,1,v4.01,6,1,SDGE_2025_Q1_R6.xlsx,Table 6,157,M157,https://efiling.energysafety.ca.gov/eFiling/Getfile.aspx?fileid=58132&shareable=true
T6R-62c57fa1c5c32e4e,1060000156,4.r.d.0,exact,exact,4. Equipment / facility failure or damage,Transformer,Distribution,Non-HFTD,# ignitions,v4_native,Yes,1,,,SDG&E,2025,1,v4.01,6,1,SDGE_2025_Q1_R6.xlsx,Table 6,158,M158,https://efiling.energysafety.ca.gov/eFiling/Getfile.aspx?fileid=58132&shareable=true
T6R-d57507f2baecc3ea,1060000157,4.r.d.2,exact,exact,4. Equipment / facility failure or damage,Transformer,Distribution,HFTD Tier 2,# ignitions,v4_native,Yes,0,,,SDG&E,2025,1,v4.01,6,1,SDGE_2025_Q1_R6.xlsx,Table 6,159,M159,https://efiling.energysafety.ca.gov/eFiling/Getfile.aspx?fileid=58132&shareable=true
T6R-9f2ea7b1fac474bd,1060000158,4.r.d.3,exact,exact,4. Equipment / facility failure or damage,Transformer,Distribution,HFTD Tier 3,# ignitions,v4_native,Yes,0,,,SDG&E,2025,1,v4.01,6,1,SDGE_2025_Q1_R6.xlsx,Table 6,160,M160,https://efiling.energysafety.ca.gov/eFiling/Getfile.aspx?fileid=58132&shareable=true
T6R-301a3817231abda9,1060000159,4.r.t.0,exact,exact,4. Equipment / facility failure or damage,Transformer,Transmission,Non-HFTD,# ignitions,v4_native,Yes,0,,,SDG&E,2025,1,v4.01,6,1,SDGE_2025_Q1_R6.xlsx,Table 6,161,M161,https://efiling.energysafety.ca.gov/eFiling/Getfile.aspx?fileid=58132&shareable=true
T6R-dfe6cb8e56e34922,1060000160,4.r.t.2,exact,exact,4. Equipment / facility failure or damage,Transformer,Transmission,HFTD Tier 2,# ignitions,v4_native,Yes,0,,,SDG&E,2025,1,v4.01,6,1,SDGE_2025_Q1_R6.xlsx,Table 6,162,M162,https://efiling.energysafety.ca.gov/eFiling/Getfile.aspx?fileid=58132&shareable=true
T6R-095c5c591609199d,1060000161,4.r.t.3,exact,exact,4. Equipment / facility failure or damage,Transformer,Transmission,HFTD Tier 3,# ignitions,v4_native,Yes,0,,,SDG&E,2025,1,v4.01,6,1,SDGE_2025_Q1_R6.xlsx,Table 6,163,M163,https://efiling.energysafety.ca.gov/eFiling/Getfile.aspx?fileid=58132&shareable=true
T6R-6f080e52414f38c4,1060000162,4.s.d.0,exact,canonical_label_update,4. Equipment / facility failure or damage,Voltage regulator / booster,Distribution,Non-HFTD,# ignitions,v4_native,No,,SDG&E does not currently track this driver,not applicable,SDG&E,2025,1,v4.01,6,1,SDGE_2025_Q1_R6.xlsx,Table 6,164,M164,https://efiling.energysafety.ca.gov/eFiling/Getfile.aspx?fileid=58132&shareable=true
T6R-a566a0e63ca138c2,1060000163,4.s.d.2,exact,canonical_label_update,4. Equipment / facility failure or damage,Voltage regulator / booster,Distribution,HFTD Tier 2,# ignitions,v4_native,No,,SDG&E does not currently track this driver,not applicable,SDG&E,2025,1,v4.01,6,1,SDGE_2025_Q1_R6.xlsx,Table 6,165,M165,https://efiling.energysafety.ca.gov/eFiling/Getfile.aspx?fileid=58132&shareable=true
T6R-35b489b782a2ce6d,1060000164,4.s.d.3,exact,canonical_label_update,4. Equipment / facility failure or damage,Voltage regulator / booster,Distribution,HFTD Tier 3,# ignitions,v4_native,No,,SDG&E does not currently track this driver,not applicable,SDG&E,2025,1,v4.01,6,1,SDGE_2025_Q1_R6.xlsx,Table 6,166,M166,https://efiling.energysafety.ca.gov/eFiling/Getfile.aspx?fileid=58132&shareable=true
T6R-1b25d2c687e8c6c7,1060000165,4.s.t.0,exact,canonical_label_update,4. Equipment / facility failure or damage,Voltage regulator / booster,Transmission,Non-HFTD,# ignitions,v4_native,No,,SDG&E does not currently track this driver,not applicable,SDG&E,2025,1,v4.01,6,1,SDGE_2025_Q1_R6.xlsx,Table 6,167,M167,https://efiling.energysafety.ca.gov/eFiling/Getfile.aspx?fileid=58132&shareable=true
T6R-8611f0383929bd01,1060000166,4.s.t.2,exact,canonical_label_update,4. Equipment / facility failure or damage,Voltage regulator / booster,Transmission,HFTD Tier 2,# ignitions,v4_native,No,,SDG&E does not currently track this driver,not applicable,SDG&E,2025,1,v4.01,6,1,SDGE_2025_Q1_R6.xlsx,Table 6,168,M168,https://efiling.energysafety.ca.gov/eFiling/Getfile.aspx?fileid=58132&shareable=true
T6R-0100d455383a6ea1,1060000167,4.s.t.3,exact,canonical_label_update,4. Equipment / facility failure or damage,Voltage regulator / booster,Transmission,HFTD Tier 3,# ignitions,v4_native,No,,SDG&E does not currently track this driver,not applicable,SDG&E,2025,1,v4.01,6,1,SDGE_2025_Q1_R6.xlsx,Table 6,169,M169,https://efiling.energysafety.ca.gov/eFiling/Getfile.aspx?fileid=58132&shareable=true
T6R-30ce6a708558ea4b,1060000168,4.t.d.0,exact,canonical_label_update,4. Equipment / facility failure or damage,Unknown (equipment failure),Distribution,Non-HFTD,# ignitions,v4_native,No,,SDG&E does not currently track this driver,not applicable,SDG&E,2025,1,v4.01,6,1,SDGE_2025_Q1_R6.xlsx,Table 6,170,M170,https://efiling.energysafety.ca.gov/eFiling/Getfile.aspx?fileid=58132&shareable=true
T6R-585e13f7fdfadd7a,1060000169,4.t.d.2,exact,canonical_label_update,4. Equipment / facility failure or damage,Unknown (equipment failure),Distribution,HFTD Tier 2,# ignitions,v4_native,No,,SDG&E does not currently track this driver,not applicable,SDG&E,2025,1,v4.01,6,1,SDGE_2025_Q1_R6.xlsx,Table 6,171,M171,https://efiling.energysafety.ca.gov/eFiling/Getfile.aspx?fileid=58132&shareable=true
T6R-bdb1cdf47dafd786,1060000170,4.t.d.3,exact,canonical_label_update,4. Equipment / facility failure or damage,Unknown (equipment failure),Distribution,HFTD Tier 3,# ignitions,v4_native,No,,SDG&E does not currently track this driver,not applicable,SDG&E,2025,1,v4.01,6,1,SDGE_2025_Q1_R6.xlsx,Table 6,172,M172,https://efiling.energysafety.ca.gov/eFiling/Getfile.aspx?fileid=58132&shareable=true
T6R-2371fa5466d7bbc0,1060000171,4.t.t.0,exact,canonical_label_update,4. Equipment / facility failure or damage,Unknown (equipment failure),Transmission,Non-HFTD,# ignitions,v4_native,No,,SDG&E does not currently track this driver,not applicable,SDG&E,2025,1,v4.01,6,1,SDGE_2025_Q1_R6.xlsx,Table 6,173,M173,https://efiling.energysafety.ca.gov/eFiling/Getfile.aspx?fileid=58132&shareable=true
T6R-90f71a080bb9f8f1,1060000172,4.t.t.2,exact,canonical_label_update,4. Equipment / facility failure or damage,Unknown (equipment failure),Transmission,HFTD Tier 2,# ignitions,v4_native,No,,SDG&E does not currently track this driver,not applicable,SDG&E,2025,1,v4.01,6,1,SDGE_2025_Q1_R6.xlsx,Table 6,174,M174,https://efiling.energysafety.ca.gov/eFiling/Getfile.aspx?fileid=58132&shareable=true
T6R-4810fca66bd4f00a,1060000173,4.t.t.3,exact,canonical_label_update,4. Equipment / facility failure or damage,Unknown (equipment failure),Transmission,HFTD Tier 3,# ignitions,v4_native,No,,SDG&E does not currently track this driver,not applicable,SDG&E,2025,1,v4.01,6,1,SDGE_2025_Q1_R6.xlsx,Table 6,175,M175,https://efiling.energysafety.ca.gov/eFiling/Getfile.aspx?fileid=58132&shareable=true
T6R-bb1f807692a4ac9a,1060000174,4.u.d.0,exact,canonical_label_update,4. Equipment / facility failure or damage,Other (equipment failure),Distribution,Non-HFTD,# ignitions,v4_native,Yes,1,,,SDG&E,2025,1,v4.01,6,1,SDGE_2025_Q1_R6.xlsx,Table 6,176,M176,https://efiling.energysafety.ca.gov/eFiling/Getfile.aspx?fileid=58132&shareable=true
T6R-de8003b2a817e5b7,1060000175,4.u.d.2,exact,canonical_label_update,4. Equipment / facility failure or damage,Other (equipment failure),Distribution,HFTD Tier 2,# ignitions,v4_native,Yes,0,,,SDG&E,2025,1,v4.01,6,1,SDGE_2025_Q1_R6.xlsx,Table 6,177,M177,https://efiling.energysafety.ca.gov/eFiling/Getfile.aspx?fileid=58132&shareable=true
T6R-4b321357613b24bf,1060000176,4.u.d.3,exact,canonical_label_update,4. Equipment / facility failure or damage,Other (equipment failure),Distribution,HFTD Tier 3,# ignitions,v4_native,Yes,0,,,SDG&E,2025,1,v4.01,6,1,SDGE_2025_Q1_R6.xlsx,Table 6,178,M178,https://efiling.energysafety.ca.gov/eFiling/Getfile.aspx?fileid=58132&shareable=true
T6R-c9b6375436c5e33a,1060000177,4.u.t.0,exact,canonical_label_update,4. Equipment / facility failure or damage,Other (equipment failure),Transmission,Non-HFTD,# ignitions,v4_native,Yes,0,,,SDG&E,2025,1,v4.01,6,1,SDGE_2025_Q1_R6.xlsx,Table 6,179,M179,https://efiling.energysafety.ca.gov/eFiling/Getfile.aspx?fileid=58132&shareable=true
T6R-627cbc065265f8e3,1060000178,4.u.t.2,exact,canonical_label_update,4. Equipment / facility failure or damage,Other (equipment failure),Transmission,HFTD Tier 2,# ignitions,v4_native,Yes,0,,,SDG&E,2025,1,v4.01,6,1,SDGE_2025_Q1_R6.xlsx,Table 6,180,M180,https://efiling.energysafety.ca.gov/eFiling/Getfile.aspx?fileid=58132&shareable=true
T6R-94c9891493c94dd2,1060000179,4.u.t.3,exact,canonical_label_update,4. Equipment / facility failure or damage,Other (equipment failure),Transmission,HFTD Tier 3,# ignitions,v4_native,Yes,0,,,SDG&E,2025,1,v4.01,6,1,SDGE_2025_Q1_R6.xlsx,Table 6,181,M181,https://efiling.energysafety.ca.gov/eFiling/Getfile.aspx?fileid=58132&shareable=true
T6R-5e55f09688d682d3,1060000180,5.a.d.0,exact,exact,5. Wire-to-wire contact,Wire-to-wire contact,Distribution,Non-HFTD,# ignitions,v4_native,Yes,0,,,SDG&E,2025,1,v4.01,6,1,SDGE_2025_Q1_R6.xlsx,Table 6,182,M182,https://efiling.energysafety.ca.gov/eFiling/Getfile.aspx?fileid=58132&shareable=true
T6R-60e5f58d35613368,1060000181,5.a.d.2,exact,exact,5. Wire-to-wire contact,Wire-to-wire contact,Distribution,HFTD Tier 2,# ignitions,v4_native,Yes,0,,,SDG&E,2025,1,v4.01,6,1,SDGE_2025_Q1_R6.xlsx,Table 6,183,M183,https://efiling.energysafety.ca.gov/eFiling/Getfile.aspx?fileid=58132&shareable=true
T6R-0e4d43adba22a0de,1060000182,5.a.d.3,exact,exact,5. Wire-to-wire contact,Wire-to-wire contact,Distribution,HFTD Tier 3,# ignitions,v4_native,Yes,0,,,SDG&E,2025,1,v4.01,6,1,SDGE_2025_Q1_R6.xlsx,Table 6,184,M184,https://efiling.energysafety.ca.gov/eFiling/Getfile.aspx?fileid=58132&shareable=true
T6R-5aa21363e717def6,1060000183,5.a.t.0,exact,exact,5. Wire-to-wire contact,Wire-to-wire contact,Transmission,Non-HFTD,# ignitions,v4_native,Yes,0,,,SDG&E,2025,1,v4.01,6,1,SDGE_2025_Q1_R6.xlsx,Table 6,185,M185,https://efiling.energysafety.ca.gov/eFiling/Getfile.aspx?fileid=58132&shareable=true
T6R-614ce8bc79dd10d7,1060000184,5.a.t.2,exact,exact,5. Wire-to-wire contact,Wire-to-wire contact,Transmission,HFTD Tier 2,# ignitions,v4_native,Yes,0,,,SDG&E,2025,1,v4.01,6,1,SDGE_2025_Q1_R6.xlsx,Table 6,186,M186,https://efiling.energysafety.ca.gov/eFiling/Getfile.aspx?fileid=58132&shareable=true
T6R-4c0909ead2d42327,1060000185,5.a.t.3,exact,exact,5. Wire-to-wire contact,Wire-to-wire contact,Transmission,HFTD Tier 3,# ignitions,v4_native,Yes,0,,,SDG&E,2025,1,v4.01,6,1,SDGE_2025_Q1_R6.xlsx,Table 6,187,M187,https://efiling.energysafety.ca.gov/eFiling/Getfile.aspx?fileid=58132&shareable=true
T6R-ea3448f1ad21302d,1060000186,6.a.d.0,exact,exact,6. Contamination,Contamination,Distribution,Non-HFTD,# ignitions,v4_native,No,,SDG&E does not currently track this driver,not applicable,SDG&E,2025,1,v4.01,6,1,SDGE_2025_Q1_R6.xlsx,Table 6,188,M188,https://efiling.energysafety.ca.gov/eFiling/Getfile.aspx?fileid=58132&shareable=true
T6R-2faae3c052b2c229,1060000187,6.a.d.2,exact,exact,6. Contamination,Contamination,Distribution,HFTD Tier 2,# ignitions,v4_native,No,,SDG&E does not currently track this driver,not applicable,SDG&E,2025,1,v4.01,6,1,SDGE_2025_Q1_R6.xlsx,Table 6,189,M189,https://efiling.energysafety.ca.gov/eFiling/Getfile.aspx?fileid=58132&shareable=true
T6R-80cd21ae3bb16964,1060000188,6.a.d.3,exact,exact,6. Contamination,Contamination,Distribution,HFTD Tier 3,# ignitions,v4_native,No,,SDG&E does not currently track this driver,not applicable,SDG&E,2025,1,v4.01,6,1,SDGE_2025_Q1_R6.xlsx,Table 6,190,M190,https://efiling.energysafety.ca.gov/eFiling/Getfile.aspx?fileid=58132&shareable=true
T6R-36ce4ca983c0b69f,1060000189,6.a.t.0,exact,exact,6. Contamination,Contamination,Transmission,Non-HFTD,# ignitions,v4_native,No,,SDG&E does not currently track this driver,not applicable,SDG&E,2025,1,v4.01,6,1,SDGE_2025_Q1_R6.xlsx,Table 6,191,M191,https://efiling.energysafety.ca.gov/eFiling/Getfile.aspx?fileid=58132&shareable=true
T6R-abad88be3ba2a11f,1060000190,6.a.t.2,exact,exact,6. Contamination,Contamination,Transmission,HFTD Tier 2,# ignitions,v4_native,No,,SDG&E does not currently track this driver,not applicable,SDG&E,2025,1,v4.01,6,1,SDGE_2025_Q1_R6.xlsx,Table 6,192,M192,https://efiling.energysafety.ca.gov/eFiling/Getfile.aspx?fileid=58132&shareable=true
T6R-78e46015e29fa60d,1060000191,6.a.t.3,exact,exact,6. Contamination,Contamination,Transmission,HFTD Tier 3,# ignitions,v4_native,No,,SDG&E does not currently track this driver,not applicable,SDG&E,2025,1,v4.01,6,1,SDGE_2025_Q1_R6.xlsx,Table 6,193,M193,https://efiling.energysafety.ca.gov/eFiling/Getfile.aspx?fileid=58132&shareable=true
T6R-127f15b427f6f10e,1060000192,7.a.d.0,exact,exact,7. Protective device operation,Protective device operation,Distribution,Non-HFTD,# ignitions,v4_native,No,,SDG&E does not currently track this driver,not applicable,SDG&E,2025,1,v4.01,6,1,SDGE_2025_Q1_R6.xlsx,Table 6,194,M194,https://efiling.energysafety.ca.gov/eFiling/Getfile.aspx?fileid=58132&shareable=true
T6R-30133cc876ab8e66,1060000193,7.a.d.2,exact,exact,7. Protective device operation,Protective device operation,Distribution,HFTD Tier 2,# ignitions,v4_native,No,,SDG&E does not currently track this driver,not applicable,SDG&E,2025,1,v4.01,6,1,SDGE_2025_Q1_R6.xlsx,Table 6,195,M195,https://efiling.energysafety.ca.gov/eFiling/Getfile.aspx?fileid=58132&shareable=true
T6R-cb5db1447c43350f,1060000194,7.a.d.3,exact,exact,7. Protective device operation,Protective device operation,Distribution,HFTD Tier 3,# ignitions,v4_native,No,,SDG&E does not currently track this driver,not applicable,SDG&E,2025,1,v4.01,6,1,SDGE_2025_Q1_R6.xlsx,Table 6,196,M196,https://efiling.energysafety.ca.gov/eFiling/Getfile.aspx?fileid=58132&shareable=true
T6R-7d721080939758dc,1060000195,7.a.t.0,exact,exact,7. Protective device operation,Protective device operation,Transmission,Non-HFTD,# ignitions,v4_native,No,,SDG&E does not currently track this driver,not applicable,SDG&E,2025,1,v4.01,6,1,SDGE_2025_Q1_R6.xlsx,Table 6,197,M197,https://efiling.energysafety.ca.gov/eFiling/Getfile.aspx?fileid=58132&shareable=true
T6R-d723f29296dbbe7f,1060000196,7.a.t.2,exact,exact,7. Protective device operation,Protective device operation,Transmission,HFTD Tier 2,# ignitions,v4_native,No,,SDG&E does not currently track this driver,not applicable,SDG&E,2025,1,v4.01,6,1,SDGE_2025_Q1_R6.xlsx,Table 6,198,M198,https://efiling.energysafety.ca.gov/eFiling/Getfile.aspx?fileid=58132&shareable=true
T6R-8cc871a9e2c0c317,1060000197,7.a.t.3,exact,exact,7. Protective device operation,Protective device operation,Transmission,HFTD Tier 3,# ignitions,v4_native,No,,SDG&E does not currently track this driver,not applicable,SDG&E,2025,1,v4.01,6,1,SDGE_2025_Q1_R6.xlsx,Table 6,199,M199,https://efiling.energysafety.ca.gov/eFiling/Getfile.aspx?fileid=58132&shareable=true
T6R-f80075b16ccda8f4,1060000198,8.a.d.0,exact,canonical_label_update,8. Vandalism / theft,Vandalism / theft,Distribution,Non-HFTD,# ignitions,v4_native,Yes,0,,,SDG&E,2025,1,v4.01,6,1,SDGE_2025_Q1_R6.xlsx,Table 6,200,M200,https://efiling.energysafety.ca.gov/eFiling/Getfile.aspx?fileid=58132&shareable=true
T6R-00bd7cc031180dca,1060000199,8.a.d.2,exact,canonical_label_update,8. Vandalism / theft,Vandalism / theft,Distribution,HFTD Tier 2,# ignitions,v4_native,Yes,0,,,SDG&E,2025,1,v4.01,6,1,SDGE_2025_Q1_R6.xlsx,Table 6,201,M201,https://efiling.energysafety.ca.gov/eFiling/Getfile.aspx?fileid=58132&shareable=true
T6R-400c1a00e4f0e126,1060000200,8.a.d.3,exact,canonical_label_update,8. Vandalism / theft,Vandalism / theft,Distribution,HFTD Tier 3,# ignitions,v4_native,Yes,0,,,SDG&E,2025,1,v4.01,6,1,SDGE_2025_Q1_R6.xlsx,Table 6,202,M202,https://efiling.energysafety.ca.gov/eFiling/Getfile.aspx?fileid=58132&shareable=true
T6R-009173a995f8374e,1060000201,8.a.t.0,exact,canonical_label_update,8. Vandalism / theft,Vandalism / theft,Transmission,Non-HFTD,# ignitions,v4_native,Yes,0,,,SDG&E,2025,1,v4.01,6,1,SDGE_2025_Q1_R6.xlsx,Table 6,203,M203,https://efiling.energysafety.ca.gov/eFiling/Getfile.aspx?fileid=58132&shareable=true
T6R-65a5dbf31f6bedbc,1060000202,8.a.t.2,exact,canonical_label_update,8. Vandalism / theft,Vandalism / theft,Transmission,HFTD Tier 2,# ignitions,v4_native,Yes,0,,,SDG&E,2025,1,v4.01,6,1,SDGE_2025_Q1_R6.xlsx,Table 6,204,M204,https://efiling.energysafety.ca.gov/eFiling/Getfile.aspx?fileid=58132&shareable=true
T6R-67b2b1a4986258ee,1060000203,8.a.t.3,exact,canonical_label_update,8. Vandalism / theft,Vandalism / theft,Transmission,HFTD Tier 3,# ignitions,v4_native,Yes,0,,,SDG&E,2025,1,v4.01,6,1,SDGE_2025_Q1_R6.xlsx,Table 6,205,M205,https://efiling.energysafety.ca.gov/eFiling/Getfile.aspx?fileid=58132&shareable=true
T6R-4139ee205d28b70e,1060000204,9.a.d.0,exact,exact,9. Lightning,Lightning,Distribution,Non-HFTD,# ignitions,v4_native,No,,SDG&E did not track this driver historically but can implement for future ignitions,not applicable,SDG&E,2025,1,v4.01,6,1,SDGE_2025_Q1_R6.xlsx,Table 6,206,M206,https://efiling.energysafety.ca.gov/eFiling/Getfile.aspx?fileid=58132&shareable=true
T6R-157d4d2a6828654d,1060000205,9.a.d.2,exact,exact,9. Lightning,Lightning,Distribution,HFTD Tier 2,# ignitions,v4_native,No,,SDG&E did not track this driver historically but can implement for future ignitions,not applicable,SDG&E,2025,1,v4.01,6,1,SDGE_2025_Q1_R6.xlsx,Table 6,207,M207,https://efiling.energysafety.ca.gov/eFiling/Getfile.aspx?fileid=58132&shareable=true
T6R-26fad53b3b9cc04a,1060000206,9.a.d.3,exact,exact,9. Lightning,Lightning,Distribution,HFTD Tier 3,# ignitions,v4_native,No,,SDG&E did not track this driver historically but can implement for future ignitions,not applicable,SDG&E,2025,1,v4.01,6,1,SDGE_2025_Q1_R6.xlsx,Table 6,208,M208,https://efiling.energysafety.ca.gov/eFiling/Getfile.aspx?fileid=58132&shareable=true
T6R-784f09a475ecd1a6,1060000207,9.a.t.0,exact,exact,9. Lightning,Lightning,Transmission,Non-HFTD,# ignitions,v4_native,No,,SDG&E did not track this driver historically but can implement for future ignitions,not applicable,SDG&E,2025,1,v4.01,6,1,SDGE_2025_Q1_R6.xlsx,Table 6,209,M209,https://efiling.energysafety.ca.gov/eFiling/Getfile.aspx?fileid=58132&shareable=true
T6R-954673fef125f98d,1060000208,9.a.t.2,exact,exact,9. Lightning,Lightning,Transmission,HFTD Tier 2,# ignitions,v4_native,No,,SDG&E did not track this driver historically but can implement for future ignitions,not applicable,SDG&E,2025,1,v4.01,6,1,SDGE_2025_Q1_R6.xlsx,Table 6,210,M210,https://efiling.energysafety.ca.gov/eFiling/Getfile.aspx?fileid=58132&shareable=true
T6R-33872d39b66a63e1,1060000209,9.a.t.3,exact,exact,9. Lightning,Lightning,Transmission,HFTD Tier 3,# ignitions,v4_native,No,,SDG&E did not track this driver historically but can implement for future ignitions,not applicable,SDG&E,2025,1,v4.01,6,1,SDGE_2025_Q1_R6.xlsx,Table 6,211,M211,https://efiling.energysafety.ca.gov/eFiling/Getfile.aspx?fileid=58132&shareable=true
T6R-2a65c1f165ef1012,1060000210,10.a.d.0,exact,canonical_label_update,10. Unknown,Unknown (unknown),Distribution,Non-HFTD,# ignitions,v4_native,Yes,0,,,SDG&E,2025,1,v4.01,6,1,SDGE_2025_Q1_R6.xlsx,Table 6,212,M212,https://efiling.energysafety.ca.gov/eFiling/Getfile.aspx?fileid=58132&shareable=true
T6R-bf1a2db46850dc81,1060000211,10.a.d.2,exact,canonical_label_update,10. Unknown,Unknown (unknown),Distribution,HFTD Tier 2,# ignitions,v4_native,Yes,0,,,SDG&E,2025,1,v4.01,6,1,SDGE_2025_Q1_R6.xlsx,Table 6,213,M213,https://efiling.energysafety.ca.gov/eFiling/Getfile.aspx?fileid=58132&shareable=true
T6R-4052f98d0ec2ad96,1060000212,10.a.d.3,exact,canonical_label_update,10. Unknown,Unknown (unknown),Distribution,HFTD Tier 3,# ignitions,v4_native,Yes,0,,,SDG&E,2025,1,v4.01,6,1,SDGE_2025_Q1_R6.xlsx,Table 6,214,M214,https://efiling.energysafety.ca.gov/eFiling/Getfile.aspx?fileid=58132&shareable=true
T6R-d8abbe8f24738546,1060000213,10.a.t.0,exact,canonical_label_update,10. Unknown,Unknown (unknown),Transmission,Non-HFTD,# ignitions,v4_native,Yes,0,,,SDG&E,2025,1,v4.01,6,1,SDGE_2025_Q1_R6.xlsx,Table 6,215,M215,https://efiling.energysafety.ca.gov/eFiling/Getfile.aspx?fileid=58132&shareable=true
T6R-e8966d966a270389,1060000214,10.a.t.2,exact,canonical_label_update,10. Unknown,Unknown (unknown),Transmission,HFTD Tier 2,# ignitions,v4_native,Yes,0,,,SDG&E,2025,1,v4.01,6,1,SDGE_2025_Q1_R6.xlsx,Table 6,216,M216,https://efiling.energysafety.ca.gov/eFiling/Getfile.aspx?fileid=58132&shareable=true
T6R-58777431fb04ad60,1060000215,10.a.t.3,exact,canonical_label_update,10. Unknown,Unknown (unknown),Transmission,HFTD Tier 3,# ignitions,v4_native,Yes,0,,,SDG&E,2025,1,v4.01,6,1,SDGE_2025_Q1_R6.xlsx,Table 6,217,M217,https://efiling.energysafety.ca.gov/eFiling/Getfile.aspx?fileid=58132&shareable=true
T6R-1910ae375c0637b2,1060000216,11.a.d.0,exact,canonical_label_update,11. Other,Other (other),Distribution,Non-HFTD,# ignitions,v4_native,Yes,0,,,SDG&E,2025,1,v4.01,6,1,SDGE_2025_Q1_R6.xlsx,Table 6,218,M218,https://efiling.energysafety.ca.gov/eFiling/Getfile.aspx?fileid=58132&shareable=true
T6R-349c6affe78d32ed,1060000217,11.a.d.2,exact,canonical_label_update,11. Other,Other (other),Distribution,HFTD Tier 2,# ignitions,v4_native,Yes,0,,,SDG&E,2025,1,v4.01,6,1,SDGE_2025_Q1_R6.xlsx,Table 6,219,M219,https://efiling.energysafety.ca.gov/eFiling/Getfile.aspx?fileid=58132&shareable=true
T6R-8980f403ea9f1db2,1060000218,11.a.d.3,exact,canonical_label_update,11. Other,Other (other),Distribution,HFTD Tier 3,# ignitions,v4_native,Yes,0,,,SDG&E,2025,1,v4.01,6,1,SDGE_2025_Q1_R6.xlsx,Table 6,220,M220,https://efiling.energysafety.ca.gov/eFiling/Getfile.aspx?fileid=58132&shareable=true
T6R-4873519b72cb1a9b,1060000219,11.a.t.0,exact,canonical_label_update,11. Other,Other (other),Transmission,Non-HFTD,# ignitions,v4_native,Yes,0,,,SDG&E,2025,1,v4.01,6,1,SDGE_2025_Q1_R6.xlsx,Table 6,221,M221,https://efiling.energysafety.ca.gov/eFiling/Getfile.aspx?fileid=58132&shareable=true
T6R-a07e4366ccb2b8e1,1060000220,11.a.t.2,exact,canonical_label_update,11. Other,Other (other),Transmission,HFTD Tier 2,# ignitions,v4_native,Yes,0,,,SDG&E,2025,1,v4.01,6,1,SDGE_2025_Q1_R6.xlsx,Table 6,222,M222,https://efiling.energysafety.ca.gov/eFiling/Getfile.aspx?fileid=58132&shareable=true
T6R-7a2ecc8a4904ac8b,1060000221,11.a.t.3,exact,canonical_label_update,11. Other,Other (other),Transmission,HFTD Tier 3,# ignitions,v4_native,Yes,0,,,SDG&E,2025,1,v4.01,6,1,SDGE_2025_Q1_R6.xlsx,Table 6,223,M223,https://efiling.energysafety.ca.gov/eFiling/Getfile.aspx?fileid=58132&shareable=true
T6R-cf8ffda6728449b1,1060000000,1.a.d.0,exact,exact,1. Dig-in,Dig-in,Distribution,Non-HFTD,# ignitions,v4_native,No,,SDG&E does not consider this driver as a risk event,not applicable,SDG&E,2025,2,v4.01,5,2,SDGE_2025_Q2_R5.xlsx,Table 6,2,M2,https://efiling.energysafety.ca.gov/eFiling/Getfile.aspx?fileid=58132&shareable=true
T6R-dc2a2ce92dc6afb2,1060000001,1.a.d.2,exact,exact,1. Dig-in,Dig-in,Distribution,HFTD Tier 2,# ignitions,v4_native,No,,SDG&E does not consider this driver as a risk event,not applicable,SDG&E,2025,2,v4.01,5,2,SDGE_2025_Q2_R5.xlsx,Table 6,3,M3,https://efiling.energysafety.ca.gov/eFiling/Getfile.aspx?fileid=58132&shareable=true
T6R-5221908bd32daa44,1060000002,1.a.d.3,exact,exact,1. Dig-in,Dig-in,Distribution,HFTD Tier 3,# ignitions,v4_native,No,,SDG&E does not consider this driver as a risk event,not applicable,SDG&E,2025,2,v4.01,5,2,SDGE_2025_Q2_R5.xlsx,Table 6,4,M4,https://efiling.energysafety.ca.gov/eFiling/Getfile.aspx?fileid=58132&shareable=true
T6R-f826496952394c55,1060000003,1.a.t.0,exact,exact,1. Dig-in,Dig-in,Transmission,Non-HFTD,# ignitions,v4_native,No,,SDG&E does not consider this driver as a risk event,not applicable,SDG&E,2025,2,v4.01,5,2,SDGE_2025_Q2_R5.xlsx,Table 6,5,M5,https://efiling.energysafety.ca.gov/eFiling/Getfile.aspx?fileid=58132&shareable=true
T6R-25fc4db8fcdaabfd,1060000004,1.a.t.2,exact,exact,1. Dig-in,Dig-in,Transmission,HFTD Tier 2,# ignitions,v4_native,No,,SDG&E does not consider this driver as a risk event,not applicable,SDG&E,2025,2,v4.01,5,2,SDGE_2025_Q2_R5.xlsx,Table 6,6,M6,https://efiling.energysafety.ca.gov/eFiling/Getfile.aspx?fileid=58132&shareable=true
T6R-3be77c6a92e6e70c,1060000005,1.a.t.3,exact,exact,1. Dig-in,Dig-in,Transmission,HFTD Tier 3,# ignitions,v4_native,No,,SDG&E does not consider this driver as a risk event,not applicable,SDG&E,2025,2,v4.01,5,2,SDGE_2025_Q2_R5.xlsx,Table 6,7,M7,https://efiling.energysafety.ca.gov/eFiling/Getfile.aspx?fileid=58132&shareable=true
T6R-a949825561f3c554,1060000006,2.a.d.0,exact,exact,2. Contact from object,Animal contact,Distribution,Non-HFTD,# ignitions,v4_native,Yes,0,,,SDG&E,2025,2,v4.01,5,2,SDGE_2025_Q2_R5.xlsx,Table 6,8,M8,https://efiling.energysafety.ca.gov/eFiling/Getfile.aspx?fileid=58132&shareable=true
T6R-a413016717885d3b,1060000007,2.a.d.2,exact,exact,2. Contact from object,Animal contact,Distribution,HFTD Tier 2,# ignitions,v4_native,Yes,0,,,SDG&E,2025,2,v4.01,5,2,SDGE_2025_Q2_R5.xlsx,Table 6,9,M9,https://efiling.energysafety.ca.gov/eFiling/Getfile.aspx?fileid=58132&shareable=true
T6R-abf39dc8eb1dc519,1060000008,2.a.d.3,exact,exact,2. Contact from object,Animal contact,Distribution,HFTD Tier 3,# ignitions,v4_native,Yes,0,,,SDG&E,2025,2,v4.01,5,2,SDGE_2025_Q2_R5.xlsx,Table 6,10,M10,https://efiling.energysafety.ca.gov/eFiling/Getfile.aspx?fileid=58132&shareable=true
T6R-7b50051f140ea3c0,1060000009,2.a.t.0,exact,exact,2. Contact from object,Animal contact,Transmission,Non-HFTD,# ignitions,v4_native,Yes,0,,,SDG&E,2025,2,v4.01,5,2,SDGE_2025_Q2_R5.xlsx,Table 6,11,M11,https://efiling.energysafety.ca.gov/eFiling/Getfile.aspx?fileid=58132&shareable=true
T6R-26563c76ed99706c,1060000010,2.a.t.2,exact,exact,2. Contact from object,Animal contact,Transmission,HFTD Tier 2,# ignitions,v4_native,Yes,0,,,SDG&E,2025,2,v4.01,5,2,SDGE_2025_Q2_R5.xlsx,Table 6,12,M12,https://efiling.energysafety.ca.gov/eFiling/Getfile.aspx?fileid=58132&shareable=true
T6R-fdc489e2e8edee1f,1060000011,2.a.t.3,exact,exact,2. Contact from object,Animal contact,Transmission,HFTD Tier 3,# ignitions,v4_native,Yes,0,,,SDG&E,2025,2,v4.01,5,2,SDGE_2025_Q2_R5.xlsx,Table 6,13,M13,https://efiling.energysafety.ca.gov/eFiling/Getfile.aspx?fileid=58132&shareable=true
T6R-9d3afe5814bbfd55,1060000012,2.b.d.0,exact,exact,2. Contact from object,Balloon contact,Distribution,Non-HFTD,# ignitions,v4_native,Yes,0,,,SDG&E,2025,2,v4.01,5,2,SDGE_2025_Q2_R5.xlsx,Table 6,14,M14,https://efiling.energysafety.ca.gov/eFiling/Getfile.aspx?fileid=58132&shareable=true
T6R-e35c0f74fc9b81a0,1060000013,2.b.d.2,exact,exact,2. Contact from object,Balloon contact,Distribution,HFTD Tier 2,# ignitions,v4_native,Yes,0,,,SDG&E,2025,2,v4.01,5,2,SDGE_2025_Q2_R5.xlsx,Table 6,15,M15,https://efiling.energysafety.ca.gov/eFiling/Getfile.aspx?fileid=58132&shareable=true
T6R-7bb8c0cdda8fc973,1060000014,2.b.d.3,exact,exact,2. Contact from object,Balloon contact,Distribution,HFTD Tier 3,# ignitions,v4_native,Yes,0,,,SDG&E,2025,2,v4.01,5,2,SDGE_2025_Q2_R5.xlsx,Table 6,16,M16,https://efiling.energysafety.ca.gov/eFiling/Getfile.aspx?fileid=58132&shareable=true
T6R-2e290c2dd87940c1,1060000015,2.b.t.0,exact,exact,2. Contact from object,Balloon contact,Transmission,Non-HFTD,# ignitions,v4_native,Yes,0,,,SDG&E,2025,2,v4.01,5,2,SDGE_2025_Q2_R5.xlsx,Table 6,17,M17,https://efiling.energysafety.ca.gov/eFiling/Getfile.aspx?fileid=58132&shareable=true
T6R-80ddd0e1997c9872,1060000016,2.b.t.2,exact,exact,2. Contact from object,Balloon contact,Transmission,HFTD Tier 2,# ignitions,v4_native,Yes,0,,,SDG&E,2025,2,v4.01,5,2,SDGE_2025_Q2_R5.xlsx,Table 6,18,M18,https://efiling.energysafety.ca.gov/eFiling/Getfile.aspx?fileid=58132&shareable=true
T6R-c20748247c0228ff,1060000017,2.b.t.3,exact,exact,2. Contact from object,Balloon contact,Transmission,HFTD Tier 3,# ignitions,v4_native,Yes,0,,,SDG&E,2025,2,v4.01,5,2,SDGE_2025_Q2_R5.xlsx,Table 6,19,M19,https://efiling.energysafety.ca.gov/eFiling/Getfile.aspx?fileid=58132&shareable=true
T6R-e1ec8c75d86b538e,1060000018,2.c.d.0,exact,exact,2. Contact from object,Land vehicle contact,Distribution,Non-HFTD,# ignitions,v4_native,Yes,0,,,SDG&E,2025,2,v4.01,5,2,SDGE_2025_Q2_R5.xlsx,Table 6,20,M20,https://efiling.energysafety.ca.gov/eFiling/Getfile.aspx?fileid=58132&shareable=true
T6R-93369da6e38a3bc7,1060000019,2.c.d.2,exact,exact,2. Contact from object,Land vehicle contact,Distribution,HFTD Tier 2,# ignitions,v4_native,Yes,0,,,SDG&E,2025,2,v4.01,5,2,SDGE_2025_Q2_R5.xlsx,Table 6,21,M21,https://efiling.energysafety.ca.gov/eFiling/Getfile.aspx?fileid=58132&shareable=true
T6R-4215e98faa571aab,1060000020,2.c.d.3,exact,exact,2. Contact from object,Land vehicle contact,Distribution,HFTD Tier 3,# ignitions,v4_native,Yes,0,,,SDG&E,2025,2,v4.01,5,2,SDGE_2025_Q2_R5.xlsx,Table 6,22,M22,https://efiling.energysafety.ca.gov/eFiling/Getfile.aspx?fileid=58132&shareable=true
T6R-ac18659af7fe52bc,1060000021,2.c.t.0,exact,exact,2. Contact from object,Land vehicle contact,Transmission,Non-HFTD,# ignitions,v4_native,Yes,0,,,SDG&E,2025,2,v4.01,5,2,SDGE_2025_Q2_R5.xlsx,Table 6,23,M23,https://efiling.energysafety.ca.gov/eFiling/Getfile.aspx?fileid=58132&shareable=true
T6R-41e29bbf30102cc4,1060000022,2.c.t.2,exact,exact,2. Contact from object,Land vehicle contact,Transmission,HFTD Tier 2,# ignitions,v4_native,Yes,0,,,SDG&E,2025,2,v4.01,5,2,SDGE_2025_Q2_R5.xlsx,Table 6,24,M24,https://efiling.energysafety.ca.gov/eFiling/Getfile.aspx?fileid=58132&shareable=true
T6R-5ec19a6b903d72f6,1060000023,2.c.t.3,exact,exact,2. Contact from object,Land vehicle contact,Transmission,HFTD Tier 3,# ignitions,v4_native,Yes,0,,,SDG&E,2025,2,v4.01,5,2,SDGE_2025_Q2_R5.xlsx,Table 6,25,M25,https://efiling.energysafety.ca.gov/eFiling/Getfile.aspx?fileid=58132&shareable=true
T6R-56682a3dd84ea76d,1060000024,2.d.d.0,exact,exact,2. Contact from object,Aircraft vehicle contact,Distribution,Non-HFTD,# ignitions,v4_native,No,,SDG&E did not track this driver historically but can implement for future ignitions,not applicable,SDG&E,2025,2,v4.01,5,2,SDGE_2025_Q2_R5.xlsx,Table 6,26,M26,https://efiling.energysafety.ca.gov/eFiling/Getfile.aspx?fileid=58132&shareable=true
T6R-31f400787cfde152,1060000025,2.d.d.2,exact,exact,2. Contact from object,Aircraft vehicle contact,Distribution,HFTD Tier 2,# ignitions,v4_native,No,,SDG&E did not track this driver historically but can implement for future ignitions,not applicable,SDG&E,2025,2,v4.01,5,2,SDGE_2025_Q2_R5.xlsx,Table 6,27,M27,https://efiling.energysafety.ca.gov/eFiling/Getfile.aspx?fileid=58132&shareable=true
T6R-7f4e04348aa47551,1060000026,2.d.d.3,exact,exact,2. Contact from object,Aircraft vehicle contact,Distribution,HFTD Tier 3,# ignitions,v4_native,No,,SDG&E did not track this driver historically but can implement for future ignitions,not applicable,SDG&E,2025,2,v4.01,5,2,SDGE_2025_Q2_R5.xlsx,Table 6,28,M28,https://efiling.energysafety.ca.gov/eFiling/Getfile.aspx?fileid=58132&shareable=true
T6R-0d62c02ee46927dd,1060000027,2.d.t.0,exact,exact,2. Contact from object,Aircraft vehicle contact,Transmission,Non-HFTD,# ignitions,v4_native,No,,SDG&E did not track this driver historically but can implement for future ignitions,not applicable,SDG&E,2025,2,v4.01,5,2,SDGE_2025_Q2_R5.xlsx,Table 6,29,M29,https://efiling.energysafety.ca.gov/eFiling/Getfile.aspx?fileid=58132&shareable=true
T6R-b5f07070be5fd0f5,1060000028,2.d.t.2,exact,exact,2. Contact from object,Aircraft vehicle contact,Transmission,HFTD Tier 2,# ignitions,v4_native,No,,SDG&E did not track this driver historically but can implement for future ignitions,not applicable,SDG&E,2025,2,v4.01,5,2,SDGE_2025_Q2_R5.xlsx,Table 6,30,M30,https://efiling.energysafety.ca.gov/eFiling/Getfile.aspx?fileid=58132&shareable=true
T6R-d76c644bf92a87b1,1060000029,2.d.t.3,exact,exact,2. Contact from object,Aircraft vehicle contact,Transmission,HFTD Tier 3,# ignitions,v4_native,No,,SDG&E did not track this driver historically but can implement for future ignitions,not applicable,SDG&E,2025,2,v4.01,5,2,SDGE_2025_Q2_R5.xlsx,Table 6,31,M31,https://efiling.energysafety.ca.gov/eFiling/Getfile.aspx?fileid=58132&shareable=true
T6R-c6cdf48a895f4cf2,1060000030,2.e.d.0,exact,exact,2. Contact from object,3rd party facility,Distribution,Non-HFTD,# ignitions,v4_native,No,,"SDGE includes this metric in #11 ""Other""",not applicable,SDG&E,2025,2,v4.01,5,2,SDGE_2025_Q2_R5.xlsx,Table 6,32,M32,https://efiling.energysafety.ca.gov/eFiling/Getfile.aspx?fileid=58132&shareable=true
T6R-3f9d5b0ffc2fa5ed,1060000031,2.e.d.2,exact,exact,2. Contact from object,3rd party facility,Distribution,HFTD Tier 2,# ignitions,v4_native,No,,"SDGE includes this metric in #11 ""Other""",not applicable,SDG&E,2025,2,v4.01,5,2,SDGE_2025_Q2_R5.xlsx,Table 6,33,M33,https://efiling.energysafety.ca.gov/eFiling/Getfile.aspx?fileid=58132&shareable=true
T6R-f9b700b0c039c395,1060000032,2.e.d.3,exact,exact,2. Contact from object,3rd party facility,Distribution,HFTD Tier 3,# ignitions,v4_native,No,,"SDGE includes this metric in #11 ""Other""",not applicable,SDG&E,2025,2,v4.01,5,2,SDGE_2025_Q2_R5.xlsx,Table 6,34,M34,https://efiling.energysafety.ca.gov/eFiling/Getfile.aspx?fileid=58132&shareable=true
T6R-072f153d63080263,1060000033,2.e.t.0,exact,exact,2. Contact from object,3rd party facility,Transmission,Non-HFTD,# ignitions,v4_native,No,,"SDGE includes this metric in #11 ""Other""",not applicable,SDG&E,2025,2,v4.01,5,2,SDGE_2025_Q2_R5.xlsx,Table 6,35,M35,https://efiling.energysafety.ca.gov/eFiling/Getfile.aspx?fileid=58132&shareable=true
T6R-4a1e58c5f59e871d,1060000034,2.e.t.2,exact,exact,2. Contact from object,3rd party facility,Transmission,HFTD Tier 2,# ignitions,v4_native,No,,"SDGE includes this metric in #11 ""Other""",not applicable,SDG&E,2025,2,v4.01,5,2,SDGE_2025_Q2_R5.xlsx,Table 6,36,M36,https://efiling.energysafety.ca.gov/eFiling/Getfile.aspx?fileid=58132&shareable=true
T6R-1a780d2c252fc332,1060000035,2.e.t.3,exact,exact,2. Contact from object,3rd party facility,Transmission,HFTD Tier 3,# ignitions,v4_native,No,,"SDGE includes this metric in #11 ""Other""",not applicable,SDG&E,2025,2,v4.01,5,2,SDGE_2025_Q2_R5.xlsx,Table 6,37,M37,https://efiling.energysafety.ca.gov/eFiling/Getfile.aspx?fileid=58132&shareable=true
T6R-ff00b345d8d1fee9,1060000036,2.f.d.0,exact,canonical_label_update,2. Contact from object,Unknown (contact from object),Distribution,Non-HFTD,# ignitions,v4_native,No,,SDG&E does not currently track this driver,not applicable,SDG&E,2025,2,v4.01,5,2,SDGE_2025_Q2_R5.xlsx,Table 6,38,M38,https://efiling.energysafety.ca.gov/eFiling/Getfile.aspx?fileid=58132&shareable=true
T6R-907e4a8a59133f44,1060000037,2.f.d.2,exact,canonical_label_update,2. Contact from object,Unknown (contact from object),Distribution,HFTD Tier 2,# ignitions,v4_native,No,,SDG&E does not currently track this driver,not applicable,SDG&E,2025,2,v4.01,5,2,SDGE_2025_Q2_R5.xlsx,Table 6,39,M39,https://efiling.energysafety.ca.gov/eFiling/Getfile.aspx?fileid=58132&shareable=true
T6R-9d69e90003c060ec,1060000038,2.f.d.3,exact,canonical_label_update,2. Contact from object,Unknown (contact from object),Distribution,HFTD Tier 3,# ignitions,v4_native,No,,SDG&E does not currently track this driver,not applicable,SDG&E,2025,2,v4.01,5,2,SDGE_2025_Q2_R5.xlsx,Table 6,40,M40,https://efiling.energysafety.ca.gov/eFiling/Getfile.aspx?fileid=58132&shareable=true
T6R-2ebca8f9dc34a84e,1060000039,2.f.t.0,exact,canonical_label_update,2. Contact from object,Unknown (contact from object),Transmission,Non-HFTD,# ignitions,v4_native,No,,SDG&E does not currently track this driver,not applicable,SDG&E,2025,2,v4.01,5,2,SDGE_2025_Q2_R5.xlsx,Table 6,41,M41,https://efiling.energysafety.ca.gov/eFiling/Getfile.aspx?fileid=58132&shareable=true
T6R-b57e5694d2950c62,1060000040,2.f.t.2,exact,canonical_label_update,2. Contact from object,Unknown (contact from object),Transmission,HFTD Tier 2,# ignitions,v4_native,No,,SDG&E does not currently track this driver,not applicable,SDG&E,2025,2,v4.01,5,2,SDGE_2025_Q2_R5.xlsx,Table 6,42,M42,https://efiling.energysafety.ca.gov/eFiling/Getfile.aspx?fileid=58132&shareable=true
T6R-2804b83081ae0515,1060000041,2.f.t.3,exact,canonical_label_update,2. Contact from object,Unknown (contact from object),Transmission,HFTD Tier 3,# ignitions,v4_native,No,,SDG&E does not currently track this driver,not applicable,SDG&E,2025,2,v4.01,5,2,SDGE_2025_Q2_R5.xlsx,Table 6,43,M43,https://efiling.energysafety.ca.gov/eFiling/Getfile.aspx?fileid=58132&shareable=true
T6R-9555e393364ddb7b,1060000042,2.g.d.0,exact,canonical_label_update,2. Contact from object,Other (contact from object),Distribution,Non-HFTD,# ignitions,v4_native,Yes,0,,,SDG&E,2025,2,v4.01,5,2,SDGE_2025_Q2_R5.xlsx,Table 6,44,M44,https://efiling.energysafety.ca.gov/eFiling/Getfile.aspx?fileid=58132&shareable=true
T6R-0e6208bdb0561b4a,1060000043,2.g.d.2,exact,canonical_label_update,2. Contact from object,Other (contact from object),Distribution,HFTD Tier 2,# ignitions,v4_native,Yes,0,,,SDG&E,2025,2,v4.01,5,2,SDGE_2025_Q2_R5.xlsx,Table 6,45,M45,https://efiling.energysafety.ca.gov/eFiling/Getfile.aspx?fileid=58132&shareable=true
T6R-8724b6c4208155b7,1060000044,2.g.d.3,exact,canonical_label_update,2. Contact from object,Other (contact from object),Distribution,HFTD Tier 3,# ignitions,v4_native,Yes,0,,,SDG&E,2025,2,v4.01,5,2,SDGE_2025_Q2_R5.xlsx,Table 6,46,M46,https://efiling.energysafety.ca.gov/eFiling/Getfile.aspx?fileid=58132&shareable=true
T6R-c52661f2932d0cf1,1060000045,2.g.t.0,exact,canonical_label_update,2. Contact from object,Other (contact from object),Transmission,Non-HFTD,# ignitions,v4_native,Yes,0,,,SDG&E,2025,2,v4.01,5,2,SDGE_2025_Q2_R5.xlsx,Table 6,47,M47,https://efiling.energysafety.ca.gov/eFiling/Getfile.aspx?fileid=58132&shareable=true
T6R-96cb73128e4681c0,1060000046,2.g.t.2,exact,canonical_label_update,2. Contact from object,Other (contact from object),Transmission,HFTD Tier 2,# ignitions,v4_native,Yes,0,,,SDG&E,2025,2,v4.01,5,2,SDGE_2025_Q2_R5.xlsx,Table 6,48,M48,https://efiling.energysafety.ca.gov/eFiling/Getfile.aspx?fileid=58132&shareable=true
T6R-f331c388f503a2f0,1060000047,2.g.t.3,exact,canonical_label_update,2. Contact from object,Other (contact from object),Transmission,HFTD Tier 3,# ignitions,v4_native,Yes,0,,,SDG&E,2025,2,v4.01,5,2,SDGE_2025_Q2_R5.xlsx,Table 6,49,M49,https://efiling.energysafety.ca.gov/eFiling/Getfile.aspx?fileid=58132&shareable=true
T6R-1ca933b632b7f8dd,1060000048,3.a.d.0,exact,exact,3. Vegetation contact,Vegetation contact,Distribution,Non-HFTD,# ignitions,v4_native,Yes,0,,,SDG&E,2025,2,v4.01,5,2,SDGE_2025_Q2_R5.xlsx,Table 6,50,M50,https://efiling.energysafety.ca.gov/eFiling/Getfile.aspx?fileid=58132&shareable=true
T6R-c5757dc92e215e05,1060000049,3.a.d.2,exact,exact,3. Vegetation contact,Vegetation contact,Distribution,HFTD Tier 2,# ignitions,v4_native,Yes,0,,,SDG&E,2025,2,v4.01,5,2,SDGE_2025_Q2_R5.xlsx,Table 6,51,M51,https://efiling.energysafety.ca.gov/eFiling/Getfile.aspx?fileid=58132&shareable=true
T6R-9a30608c461eeded,1060000050,3.a.d.3,exact,exact,3. Vegetation contact,Vegetation contact,Distribution,HFTD Tier 3,# ignitions,v4_native,Yes,0,,,SDG&E,2025,2,v4.01,5,2,SDGE_2025_Q2_R5.xlsx,Table 6,52,M52,https://efiling.energysafety.ca.gov/eFiling/Getfile.aspx?fileid=58132&shareable=true
T6R-686678b06c825616,1060000051,3.a.t.0,exact,exact,3. Vegetation contact,Vegetation contact,Transmission,Non-HFTD,# ignitions,v4_native,Yes,0,,,SDG&E,2025,2,v4.01,5,2,SDGE_2025_Q2_R5.xlsx,Table 6,53,M53,https://efiling.energysafety.ca.gov/eFiling/Getfile.aspx?fileid=58132&shareable=true
T6R-54fd89ab44a35055,1060000052,3.a.t.2,exact,exact,3. Vegetation contact,Vegetation contact,Transmission,HFTD Tier 2,# ignitions,v4_native,Yes,0,,,SDG&E,2025,2,v4.01,5,2,SDGE_2025_Q2_R5.xlsx,Table 6,54,M54,https://efiling.energysafety.ca.gov/eFiling/Getfile.aspx?fileid=58132&shareable=true
T6R-8a1155f34820f38d,1060000053,3.a.t.3,exact,exact,3. Vegetation contact,Vegetation contact,Transmission,HFTD Tier 3,# ignitions,v4_native,Yes,0,,,SDG&E,2025,2,v4.01,5,2,SDGE_2025_Q2_R5.xlsx,Table 6,55,M55,https://efiling.energysafety.ca.gov/eFiling/Getfile.aspx?fileid=58132&shareable=true
T6R-165c1c3e760976b6,1060000054,4.a.d.0,corrected_in_v3_2,canonical_label_update,4. Equipment / facility failure or damage,Anchor / guy,Distribution,Non-HFTD,# ignitions,v4_native,Yes,0,,,SDG&E,2025,2,v4.01,5,2,SDGE_2025_Q2_R5.xlsx,Table 6,56,M56,https://efiling.energysafety.ca.gov/eFiling/Getfile.aspx?fileid=58132&shareable=true
T6R-446440faafa9eeba,1060000055,4.a.d.2,exact,canonical_label_update,4. Equipment / facility failure or damage,Anchor / guy,Distribution,HFTD Tier 2,# ignitions,v4_native,Yes,0,,,SDG&E,2025,2,v4.01,5,2,SDGE_2025_Q2_R5.xlsx,Table 6,57,M57,https://efiling.energysafety.ca.gov/eFiling/Getfile.aspx?fileid=58132&shareable=true
T6R-6c33e96fc0b98122,1060000056,4.a.d.3,exact,canonical_label_update,4. Equipment / facility failure or damage,Anchor / guy,Distribution,HFTD Tier 3,# ignitions,v4_native,Yes,0,,,SDG&E,2025,2,v4.01,5,2,SDGE_2025_Q2_R5.xlsx,Table 6,58,M58,https://efiling.energysafety.ca.gov/eFiling/Getfile.aspx?fileid=58132&shareable=true
T6R-569b3c7947ffac46,1060000057,4.a.t.0,exact,canonical_label_update,4. Equipment / facility failure or damage,Anchor / guy,Transmission,Non-HFTD,# ignitions,v4_native,Yes,0,,,SDG&E,2025,2,v4.01,5,2,SDGE_2025_Q2_R5.xlsx,Table 6,59,M59,https://efiling.energysafety.ca.gov/eFiling/Getfile.aspx?fileid=58132&shareable=true
T6R-6c59c7836f6671bb,1060000058,4.a.t.2,exact,canonical_label_update,4. Equipment / facility failure or damage,Anchor / guy,Transmission,HFTD Tier 2,# ignitions,v4_native,Yes,0,,,SDG&E,2025,2,v4.01,5,2,SDGE_2025_Q2_R5.xlsx,Table 6,60,M60,https://efiling.energysafety.ca.gov/eFiling/Getfile.aspx?fileid=58132&shareable=true
T6R-7fb9c471f32be47a,1060000059,4.a.t.3,exact,canonical_label_update,4. Equipment / facility failure or damage,Anchor / guy,Transmission,HFTD Tier 3,# ignitions,v4_native,Yes,0,,,SDG&E,2025,2,v4.01,5,2,SDGE_2025_Q2_R5.xlsx,Table 6,61,M61,https://efiling.energysafety.ca.gov/eFiling/Getfile.aspx?fileid=58132&shareable=true
T6R-109a39f4d39d2833,1060000060,4.b.d.0,exact,exact,4. Equipment / facility failure or damage,Capacitor bank,Distribution,Non-HFTD,# ignitions,v4_native,Yes,0,,,SDG&E,2025,2,v4.01,5,2,SDGE_2025_Q2_R5.xlsx,Table 6,62,M62,https://efiling.energysafety.ca.gov/eFiling/Getfile.aspx?fileid=58132&shareable=true
T6R-762b1afd664e5ef0,1060000061,4.b.d.2,exact,exact,4. Equipment / facility failure or damage,Capacitor bank,Distribution,HFTD Tier 2,# ignitions,v4_native,Yes,0,,,SDG&E,2025,2,v4.01,5,2,SDGE_2025_Q2_R5.xlsx,Table 6,63,M63,https://efiling.energysafety.ca.gov/eFiling/Getfile.aspx?fileid=58132&shareable=true
T6R-481dc4b685f9a1d8,1060000062,4.b.d.3,exact,exact,4. Equipment / facility failure or damage,Capacitor bank,Distribution,HFTD Tier 3,# ignitions,v4_native,Yes,0,,,SDG&E,2025,2,v4.01,5,2,SDGE_2025_Q2_R5.xlsx,Table 6,64,M64,https://efiling.energysafety.ca.gov/eFiling/Getfile.aspx?fileid=58132&shareable=true
T6R-d2ec168aff6c158f,1060000063,4.b.t.0,exact,exact,4. Equipment / facility failure or damage,Capacitor bank,Transmission,Non-HFTD,# ignitions,v4_native,Yes,0,,,SDG&E,2025,2,v4.01,5,2,SDGE_2025_Q2_R5.xlsx,Table 6,65,M65,https://efiling.energysafety.ca.gov/eFiling/Getfile.aspx?fileid=58132&shareable=true
T6R-fa5e6a3a6d7dbe7b,1060000064,4.b.t.2,exact,exact,4. Equipment / facility failure or damage,Capacitor bank,Transmission,HFTD Tier 2,# ignitions,v4_native,Yes,0,,,SDG&E,2025,2,v4.01,5,2,SDGE_2025_Q2_R5.xlsx,Table 6,66,M66,https://efiling.energysafety.ca.gov/eFiling/Getfile.aspx?fileid=58132&shareable=true
T6R-a13fd71bf3500e92,1060000065,4.b.t.3,exact,exact,4. Equipment / facility failure or damage,Capacitor bank,Transmission,HFTD Tier 3,# ignitions,v4_native,Yes,0,,,SDG&E,2025,2,v4.01,5,2,SDGE_2025_Q2_R5.xlsx,Table 6,67,M67,https://efiling.energysafety.ca.gov/eFiling/Getfile.aspx?fileid=58132&shareable=true
T6R-ab42c135172aa94b,1060000066,4.c.d.0,exact,exact,4. Equipment / facility failure or damage,Conductor,Distribution,Non-HFTD,# ignitions,v4_native,Yes,0,,,SDG&E,2025,2,v4.01,5,2,SDGE_2025_Q2_R5.xlsx,Table 6,68,M68,https://efiling.energysafety.ca.gov/eFiling/Getfile.aspx?fileid=58132&shareable=true
T6R-47f0814925dfde3e,1060000067,4.c.d.2,exact,exact,4. Equipment / facility failure or damage,Conductor,Distribution,HFTD Tier 2,# ignitions,v4_native,Yes,0,,,SDG&E,2025,2,v4.01,5,2,SDGE_2025_Q2_R5.xlsx,Table 6,69,M69,https://efiling.energysafety.ca.gov/eFiling/Getfile.aspx?fileid=58132&shareable=true
T6R-f3d7e3797d5ad685,1060000068,4.c.d.3,exact,exact,4. Equipment / facility failure or damage,Conductor,Distribution,HFTD Tier 3,# ignitions,v4_native,Yes,0,,,SDG&E,2025,2,v4.01,5,2,SDGE_2025_Q2_R5.xlsx,Table 6,70,M70,https://efiling.energysafety.ca.gov/eFiling/Getfile.aspx?fileid=58132&shareable=true
T6R-a4b403b24f5f9d55,1060000069,4.c.t.0,exact,exact,4. Equipment / facility failure or damage,Conductor,Transmission,Non-HFTD,# ignitions,v4_native,Yes,0,,,SDG&E,2025,2,v4.01,5,2,SDGE_2025_Q2_R5.xlsx,Table 6,71,M71,https://efiling.energysafety.ca.gov/eFiling/Getfile.aspx?fileid=58132&shareable=true
T6R-5ce9c3ad220694b4,1060000070,4.c.t.2,exact,exact,4. Equipment / facility failure or damage,Conductor,Transmission,HFTD Tier 2,# ignitions,v4_native,Yes,0,,,SDG&E,2025,2,v4.01,5,2,SDGE_2025_Q2_R5.xlsx,Table 6,72,M72,https://efiling.energysafety.ca.gov/eFiling/Getfile.aspx?fileid=58132&shareable=true
T6R-ba8c6cd975accf40,1060000071,4.c.t.3,exact,exact,4. Equipment / facility failure or damage,Conductor,Transmission,HFTD Tier 3,# ignitions,v4_native,Yes,0,,,SDG&E,2025,2,v4.01,5,2,SDGE_2025_Q2_R5.xlsx,Table 6,73,M73,https://efiling.energysafety.ca.gov/eFiling/Getfile.aspx?fileid=58132&shareable=true
T6R-3108650195276bfc,1060000072,4.d.d.0,exact,exact,4. Equipment / facility failure or damage,Connection device,Distribution,Non-HFTD,# ignitions,v4_native,Yes,0,,,SDG&E,2025,2,v4.01,5,2,SDGE_2025_Q2_R5.xlsx,Table 6,74,M74,https://efiling.energysafety.ca.gov/eFiling/Getfile.aspx?fileid=58132&shareable=true
T6R-7174360432c2cb73,1060000073,4.d.d.2,exact,exact,4. Equipment / facility failure or damage,Connection device,Distribution,HFTD Tier 2,# ignitions,v4_native,Yes,0,,,SDG&E,2025,2,v4.01,5,2,SDGE_2025_Q2_R5.xlsx,Table 6,75,M75,https://efiling.energysafety.ca.gov/eFiling/Getfile.aspx?fileid=58132&shareable=true
T6R-9d83e0add1876df4,1060000074,4.d.d.3,exact,exact,4. Equipment / facility failure or damage,Connection device,Distribution,HFTD Tier 3,# ignitions,v4_native,Yes,0,,,SDG&E,2025,2,v4.01,5,2,SDGE_2025_Q2_R5.xlsx,Table 6,76,M76,https://efiling.energysafety.ca.gov/eFiling/Getfile.aspx?fileid=58132&shareable=true
T6R-ec459097e3939c3f,1060000075,4.d.t.0,exact,exact,4. Equipment / facility failure or damage,Connection device,Transmission,Non-HFTD,# ignitions,v4_native,Yes,0,,,SDG&E,2025,2,v4.01,5,2,SDGE_2025_Q2_R5.xlsx,Table 6,77,M77,https://efiling.energysafety.ca.gov/eFiling/Getfile.aspx?fileid=58132&shareable=true
T6R-cc5a52f669f278a3,1060000076,4.d.t.2,exact,exact,4. Equipment / facility failure or damage,Connection device,Transmission,HFTD Tier 2,# ignitions,v4_native,Yes,0,,,SDG&E,2025,2,v4.01,5,2,SDGE_2025_Q2_R5.xlsx,Table 6,78,M78,https://efiling.energysafety.ca.gov/eFiling/Getfile.aspx?fileid=58132&shareable=true
T6R-ab6c5a773451c8b1,1060000077,4.d.t.3,exact,exact,4. Equipment / facility failure or damage,Connection device,Transmission,HFTD Tier 3,# ignitions,v4_native,Yes,0,,,SDG&E,2025,2,v4.01,5,2,SDGE_2025_Q2_R5.xlsx,Table 6,79,M79,https://efiling.energysafety.ca.gov/eFiling/Getfile.aspx?fileid=58132&shareable=true
T6R-7f02a4d43dd6806d,1060000078,4.e.d.0,exact,exact,4. Equipment / facility failure or damage,Crossarm,Distribution,Non-HFTD,# ignitions,v4_native,Yes,0,,,SDG&E,2025,2,v4.01,5,2,SDGE_2025_Q2_R5.xlsx,Table 6,80,M80,https://efiling.energysafety.ca.gov/eFiling/Getfile.aspx?fileid=58132&shareable=true
T6R-717172bcceffe6d3,1060000079,4.e.d.2,exact,exact,4. Equipment / facility failure or damage,Crossarm,Distribution,HFTD Tier 2,# ignitions,v4_native,Yes,0,,,SDG&E,2025,2,v4.01,5,2,SDGE_2025_Q2_R5.xlsx,Table 6,81,M81,https://efiling.energysafety.ca.gov/eFiling/Getfile.aspx?fileid=58132&shareable=true
T6R-bc04dd27fba99be4,1060000080,4.e.d.3,exact,exact,4. Equipment / facility failure or damage,Crossarm,Distribution,HFTD Tier 3,# ignitions,v4_native,Yes,0,,,SDG&E,2025,2,v4.01,5,2,SDGE_2025_Q2_R5.xlsx,Table 6,82,M82,https://efiling.energysafety.ca.gov/eFiling/Getfile.aspx?fileid=58132&shareable=true
T6R-5089fe1a792cbbb0,1060000081,4.e.t.0,exact,exact,4. Equipment / facility failure or damage,Crossarm,Transmission,Non-HFTD,# ignitions,v4_native,Yes,0,,,SDG&E,2025,2,v4.01,5,2,SDGE_2025_Q2_R5.xlsx,Table 6,83,M83,https://efiling.energysafety.ca.gov/eFiling/Getfile.aspx?fileid=58132&shareable=true
T6R-8fe9de86e3c89d20,1060000082,4.e.t.2,exact,exact,4. Equipment / facility failure or damage,Crossarm,Transmission,HFTD Tier 2,# ignitions,v4_native,Yes,0,,,SDG&E,2025,2,v4.01,5,2,SDGE_2025_Q2_R5.xlsx,Table 6,84,M84,https://efiling.energysafety.ca.gov/eFiling/Getfile.aspx?fileid=58132&shareable=true
T6R-ed361ee98cf54600,1060000083,4.e.t.3,exact,exact,4. Equipment / facility failure or damage,Crossarm,Transmission,HFTD Tier 3,# ignitions,v4_native,Yes,0,,,SDG&E,2025,2,v4.01,5,2,SDGE_2025_Q2_R5.xlsx,Table 6,85,M85,https://efiling.energysafety.ca.gov/eFiling/Getfile.aspx?fileid=58132&shareable=true
T6R-fcd5e22c31a4fb4b,1060000084,4.f.d.0,exact,exact,4. Equipment / facility failure or damage,Fuse,Distribution,Non-HFTD,# ignitions,v4_native,Yes,0,,,SDG&E,2025,2,v4.01,5,2,SDGE_2025_Q2_R5.xlsx,Table 6,86,M86,https://efiling.energysafety.ca.gov/eFiling/Getfile.aspx?fileid=58132&shareable=true
T6R-6903a51ca06cbee2,1060000085,4.f.d.2,exact,exact,4. Equipment / facility failure or damage,Fuse,Distribution,HFTD Tier 2,# ignitions,v4_native,Yes,0,,,SDG&E,2025,2,v4.01,5,2,SDGE_2025_Q2_R5.xlsx,Table 6,87,M87,https://efiling.energysafety.ca.gov/eFiling/Getfile.aspx?fileid=58132&shareable=true
T6R-3b274937c2fd2eeb,1060000086,4.f.d.3,exact,exact,4. Equipment / facility failure or damage,Fuse,Distribution,HFTD Tier 3,# ignitions,v4_native,Yes,0,,,SDG&E,2025,2,v4.01,5,2,SDGE_2025_Q2_R5.xlsx,Table 6,88,M88,https://efiling.energysafety.ca.gov/eFiling/Getfile.aspx?fileid=58132&shareable=true
T6R-522a740ac890d36d,1060000087,4.f.t.0,exact,exact,4. Equipment / facility failure or damage,Fuse,Transmission,Non-HFTD,# ignitions,v4_native,Yes,0,,,SDG&E,2025,2,v4.01,5,2,SDGE_2025_Q2_R5.xlsx,Table 6,89,M89,https://efiling.energysafety.ca.gov/eFiling/Getfile.aspx?fileid=58132&shareable=true
T6R-caf63319127605be,1060000088,4.f.t.2,exact,exact,4. Equipment / facility failure or damage,Fuse,Transmission,HFTD Tier 2,# ignitions,v4_native,Yes,0,,,SDG&E,2025,2,v4.01,5,2,SDGE_2025_Q2_R5.xlsx,Table 6,90,M90,https://efiling.energysafety.ca.gov/eFiling/Getfile.aspx?fileid=58132&shareable=true
T6R-4e2ed10f95783a06,1060000089,4.f.t.3,exact,exact,4. Equipment / facility failure or damage,Fuse,Transmission,HFTD Tier 3,# ignitions,v4_native,Yes,0,,,SDG&E,2025,2,v4.01,5,2,SDGE_2025_Q2_R5.xlsx,Table 6,91,M91,https://efiling.energysafety.ca.gov/eFiling/Getfile.aspx?fileid=58132&shareable=true
T6R-89343207e1ff58e5,1060000090,4.g.d.0,exact,exact,4. Equipment / facility failure or damage,Cutout,Distribution,Non-HFTD,# ignitions,v4_native,No,,SDG&E did not track this driver historically but can implement for future ignitions,not applicable,SDG&E,2025,2,v4.01,5,2,SDGE_2025_Q2_R5.xlsx,Table 6,92,M92,https://efiling.energysafety.ca.gov/eFiling/Getfile.aspx?fileid=58132&shareable=true
T6R-bd66c73c5a103d36,1060000091,4.g.d.2,exact,exact,4. Equipment / facility failure or damage,Cutout,Distribution,HFTD Tier 2,# ignitions,v4_native,No,,SDG&E did not track this driver historically but can implement for future ignitions,not applicable,SDG&E,2025,2,v4.01,5,2,SDGE_2025_Q2_R5.xlsx,Table 6,93,M93,https://efiling.energysafety.ca.gov/eFiling/Getfile.aspx?fileid=58132&shareable=true
T6R-02d68b9815de84d5,1060000092,4.g.d.3,exact,exact,4. Equipment / facility failure or damage,Cutout,Distribution,HFTD Tier 3,# ignitions,v4_native,No,,SDG&E did not track this driver historically but can implement for future ignitions,not applicable,SDG&E,2025,2,v4.01,5,2,SDGE_2025_Q2_R5.xlsx,Table 6,94,M94,https://efiling.energysafety.ca.gov/eFiling/Getfile.aspx?fileid=58132&shareable=true
T6R-bafcf0377dca62f1,1060000093,4.g.t.0,exact,exact,4. Equipment / facility failure or damage,Cutout,Transmission,Non-HFTD,# ignitions,v4_native,No,,SDG&E did not track this driver historically but can implement for future ignitions,not applicable,SDG&E,2025,2,v4.01,5,2,SDGE_2025_Q2_R5.xlsx,Table 6,95,M95,https://efiling.energysafety.ca.gov/eFiling/Getfile.aspx?fileid=58132&shareable=true
T6R-e3588347a1bc1ebf,1060000094,4.g.t.2,exact,exact,4. Equipment / facility failure or damage,Cutout,Transmission,HFTD Tier 2,# ignitions,v4_native,No,,SDG&E did not track this driver historically but can implement for future ignitions,not applicable,SDG&E,2025,2,v4.01,5,2,SDGE_2025_Q2_R5.xlsx,Table 6,96,M96,https://efiling.energysafety.ca.gov/eFiling/Getfile.aspx?fileid=58132&shareable=true
T6R-b1dd73228ac64cd8,1060000095,4.g.t.3,exact,exact,4. Equipment / facility failure or damage,Cutout,Transmission,HFTD Tier 3,# ignitions,v4_native,No,,SDG&E did not track this driver historically but can implement for future ignitions,not applicable,SDG&E,2025,2,v4.01,5,2,SDGE_2025_Q2_R5.xlsx,Table 6,97,M97,https://efiling.energysafety.ca.gov/eFiling/Getfile.aspx?fileid=58132&shareable=true
T6R-26f1b774a1c69aea,1060000096,4.h.d.0,corrected_in_v3_2,exact,4. Equipment / facility failure or damage,Insulator and bushing,Distribution,Non-HFTD,# ignitions,v4_native,Yes,0,,,SDG&E,2025,2,v4.01,5,2,SDGE_2025_Q2_R5.xlsx,Table 6,98,M98,https://efiling.energysafety.ca.gov/eFiling/Getfile.aspx?fileid=58132&shareable=true
T6R-94df1e2bfc031a2a,1060000097,4.h.d.2,corrected_in_v3_2,exact,4. Equipment / facility failure or damage,Insulator and bushing,Distribution,HFTD Tier 2,# ignitions,v4_native,Yes,0,,,SDG&E,2025,2,v4.01,5,2,SDGE_2025_Q2_R5.xlsx,Table 6,99,M99,https://efiling.energysafety.ca.gov/eFiling/Getfile.aspx?fileid=58132&shareable=true
T6R-e1475b934fb35862,1060000098,4.h.d.3,corrected_in_v3_2,exact,4. Equipment / facility failure or damage,Insulator and bushing,Distribution,HFTD Tier 3,# ignitions,v4_native,Yes,0,,,SDG&E,2025,2,v4.01,5,2,SDGE_2025_Q2_R5.xlsx,Table 6,100,M100,https://efiling.energysafety.ca.gov/eFiling/Getfile.aspx?fileid=58132&shareable=true
T6R-e55aa13bb69757f7,1060000099,4.h.t.0,corrected_in_v3_2,exact,4. Equipment / facility failure or damage,Insulator and bushing,Transmission,Non-HFTD,# ignitions,v4_native,Yes,0,,,SDG&E,2025,2,v4.01,5,2,SDGE_2025_Q2_R5.xlsx,Table 6,101,M101,https://efiling.energysafety.ca.gov/eFiling/Getfile.aspx?fileid=58132&shareable=true
T6R-cda91c063e67c7d7,1060000100,4.h.t.2,corrected_in_v3_2,exact,4. Equipment / facility failure or damage,Insulator and bushing,Transmission,HFTD Tier 2,# ignitions,v4_native,Yes,0,,,SDG&E,2025,2,v4.01,5,2,SDGE_2025_Q2_R5.xlsx,Table 6,102,M102,https://efiling.energysafety.ca.gov/eFiling/Getfile.aspx?fileid=58132&shareable=true
T6R-36af6a57b5689e17,1060000101,4.h.t.3,corrected_in_v3_2,exact,4. Equipment / facility failure or damage,Insulator and bushing,Transmission,HFTD Tier 3,# ignitions,v4_native,Yes,0,,,SDG&E,2025,2,v4.01,5,2,SDGE_2025_Q2_R5.xlsx,Table 6,103,M103,https://efiling.energysafety.ca.gov/eFiling/Getfile.aspx?fileid=58132&shareable=true
T6R-49d6efd33163354c,1060000102,4.i.d.0,corrected_in_v3_2,exact,4. Equipment / facility failure or damage,Lightning arrester,Distribution,Non-HFTD,# ignitions,v4_native,Yes,0,,,SDG&E,2025,2,v4.01,5,2,SDGE_2025_Q2_R5.xlsx,Table 6,104,M104,https://efiling.energysafety.ca.gov/eFiling/Getfile.aspx?fileid=58132&shareable=true
T6R-99d8db98a810250c,1060000103,4.i.d.2,corrected_in_v3_2,exact,4. Equipment / facility failure or damage,Lightning arrester,Distribution,HFTD Tier 2,# ignitions,v4_native,Yes,0,,,SDG&E,2025,2,v4.01,5,2,SDGE_2025_Q2_R5.xlsx,Table 6,105,M105,https://efiling.energysafety.ca.gov/eFiling/Getfile.aspx?fileid=58132&shareable=true
T6R-b475e913a3475136,1060000104,4.i.d.3,corrected_in_v3_2,exact,4. Equipment / facility failure or damage,Lightning arrester,Distribution,HFTD Tier 3,# ignitions,v4_native,Yes,0,,,SDG&E,2025,2,v4.01,5,2,SDGE_2025_Q2_R5.xlsx,Table 6,106,M106,https://efiling.energysafety.ca.gov/eFiling/Getfile.aspx?fileid=58132&shareable=true
T6R-94e8a94bae55cd79,1060000105,4.i.t.0,corrected_in_v3_2,exact,4. Equipment / facility failure or damage,Lightning arrester,Transmission,Non-HFTD,# ignitions,v4_native,Yes,0,,,SDG&E,2025,2,v4.01,5,2,SDGE_2025_Q2_R5.xlsx,Table 6,107,M107,https://efiling.energysafety.ca.gov/eFiling/Getfile.aspx?fileid=58132&shareable=true
T6R-0ee4e8c6ff98ef6b,1060000106,4.i.t.2,corrected_in_v3_2,exact,4. Equipment / facility failure or damage,Lightning arrester,Transmission,HFTD Tier 2,# ignitions,v4_native,Yes,0,,,SDG&E,2025,2,v4.01,5,2,SDGE_2025_Q2_R5.xlsx,Table 6,108,M108,https://efiling.energysafety.ca.gov/eFiling/Getfile.aspx?fileid=58132&shareable=true
T6R-b052e5412e12eedd,1060000107,4.i.t.3,corrected_in_v3_2,exact,4. Equipment / facility failure or damage,Lightning arrester,Transmission,HFTD Tier 3,# ignitions,v4_native,Yes,0,,,SDG&E,2025,2,v4.01,5,2,SDGE_2025_Q2_R5.xlsx,Table 6,109,M109,https://efiling.energysafety.ca.gov/eFiling/Getfile.aspx?fileid=58132&shareable=true
T6R-ac87527ae3a73500,1060000108,4.j.d.0,exact,exact,4. Equipment / facility failure or damage,Pole,Distribution,Non-HFTD,# ignitions,v4_native,Yes,0,,,SDG&E,2025,2,v4.01,5,2,SDGE_2025_Q2_R5.xlsx,Table 6,110,M110,https://efiling.energysafety.ca.gov/eFiling/Getfile.aspx?fileid=58132&shareable=true
T6R-0ee32ba9b8d8618b,1060000109,4.j.d.2,exact,exact,4. Equipment / facility failure or damage,Pole,Distribution,HFTD Tier 2,# ignitions,v4_native,Yes,0,,,SDG&E,2025,2,v4.01,5,2,SDGE_2025_Q2_R5.xlsx,Table 6,111,M111,https://efiling.energysafety.ca.gov/eFiling/Getfile.aspx?fileid=58132&shareable=true
T6R-c89bcb87cacd897b,1060000110,4.j.d.3,exact,exact,4. Equipment / facility failure or damage,Pole,Distribution,HFTD Tier 3,# ignitions,v4_native,Yes,0,,,SDG&E,2025,2,v4.01,5,2,SDGE_2025_Q2_R5.xlsx,Table 6,112,M112,https://efiling.energysafety.ca.gov/eFiling/Getfile.aspx?fileid=58132&shareable=true
T6R-f9a0298c9eeb765e,1060000111,4.j.t.0,exact,exact,4. Equipment / facility failure or damage,Pole,Transmission,Non-HFTD,# ignitions,v4_native,Yes,0,,,SDG&E,2025,2,v4.01,5,2,SDGE_2025_Q2_R5.xlsx,Table 6,113,M113,https://efiling.energysafety.ca.gov/eFiling/Getfile.aspx?fileid=58132&shareable=true
T6R-5363f98882bee140,1060000112,4.j.t.2,exact,exact,4. Equipment / facility failure or damage,Pole,Transmission,HFTD Tier 2,# ignitions,v4_native,Yes,0,,,SDG&E,2025,2,v4.01,5,2,SDGE_2025_Q2_R5.xlsx,Table 6,114,M114,https://efiling.energysafety.ca.gov/eFiling/Getfile.aspx?fileid=58132&shareable=true
T6R-3953f9ccfbec33a8,1060000113,4.j.t.3,exact,exact,4. Equipment / facility failure or damage,Pole,Transmission,HFTD Tier 3,# ignitions,v4_native,Yes,0,,,SDG&E,2025,2,v4.01,5,2,SDGE_2025_Q2_R5.xlsx,Table 6,115,M115,https://efiling.energysafety.ca.gov/eFiling/Getfile.aspx?fileid=58132&shareable=true
T6R-8531dbd82dbfc735,1060000114,4.k.d.0,exact,exact,4. Equipment / facility failure or damage,Recloser,Distribution,Non-HFTD,# ignitions,v4_native,No,,SDG&E does not currently track this driver,not applicable,SDG&E,2025,2,v4.01,5,2,SDGE_2025_Q2_R5.xlsx,Table 6,116,M116,https://efiling.energysafety.ca.gov/eFiling/Getfile.aspx?fileid=58132&shareable=true
T6R-121b8c827c833f9a,1060000115,4.k.d.2,exact,exact,4. Equipment / facility failure or damage,Recloser,Distribution,HFTD Tier 2,# ignitions,v4_native,No,,SDG&E does not currently track this driver,not applicable,SDG&E,2025,2,v4.01,5,2,SDGE_2025_Q2_R5.xlsx,Table 6,117,M117,https://efiling.energysafety.ca.gov/eFiling/Getfile.aspx?fileid=58132&shareable=true
T6R-eb62ae5c2a73868c,1060000116,4.k.d.3,exact,exact,4. Equipment / facility failure or damage,Recloser,Distribution,HFTD Tier 3,# ignitions,v4_native,No,,SDG&E does not currently track this driver,not applicable,SDG&E,2025,2,v4.01,5,2,SDGE_2025_Q2_R5.xlsx,Table 6,118,M118,https://efiling.energysafety.ca.gov/eFiling/Getfile.aspx?fileid=58132&shareable=true
T6R-17e2fea18bbbe2a7,1060000117,4.k.t.0,exact,exact,4. Equipment / facility failure or damage,Recloser,Transmission,Non-HFTD,# ignitions,v4_native,No,,SDG&E does not currently track this driver,not applicable,SDG&E,2025,2,v4.01,5,2,SDGE_2025_Q2_R5.xlsx,Table 6,119,M119,https://efiling.energysafety.ca.gov/eFiling/Getfile.aspx?fileid=58132&shareable=true
T6R-7ef837a4767a63e1,1060000118,4.k.t.2,exact,exact,4. Equipment / facility failure or damage,Recloser,Transmission,HFTD Tier 2,# ignitions,v4_native,No,,SDG&E does not currently track this driver,not applicable,SDG&E,2025,2,v4.01,5,2,SDGE_2025_Q2_R5.xlsx,Table 6,120,M120,https://efiling.energysafety.ca.gov/eFiling/Getfile.aspx?fileid=58132&shareable=true
T6R-4c3cf82319f84ae2,1060000119,4.k.t.3,exact,exact,4. Equipment / facility failure or damage,Recloser,Transmission,HFTD Tier 3,# ignitions,v4_native,No,,SDG&E does not currently track this driver,not applicable,SDG&E,2025,2,v4.01,5,2,SDGE_2025_Q2_R5.xlsx,Table 6,121,M121,https://efiling.energysafety.ca.gov/eFiling/Getfile.aspx?fileid=58132&shareable=true
T6R-5be0b00cf9534507,1060000120,4.l.d.0,exact,exact,4. Equipment / facility failure or damage,Relay,Distribution,Non-HFTD,# ignitions,v4_native,No,,SDG&E does not currently track this driver,not applicable,SDG&E,2025,2,v4.01,5,2,SDGE_2025_Q2_R5.xlsx,Table 6,122,M122,https://efiling.energysafety.ca.gov/eFiling/Getfile.aspx?fileid=58132&shareable=true
T6R-c259db83003d331a,1060000121,4.l.d.2,exact,exact,4. Equipment / facility failure or damage,Relay,Distribution,HFTD Tier 2,# ignitions,v4_native,No,,SDG&E does not currently track this driver,not applicable,SDG&E,2025,2,v4.01,5,2,SDGE_2025_Q2_R5.xlsx,Table 6,123,M123,https://efiling.energysafety.ca.gov/eFiling/Getfile.aspx?fileid=58132&shareable=true
T6R-9c6371b9f5d3a764,1060000122,4.l.d.3,exact,exact,4. Equipment / facility failure or damage,Relay,Distribution,HFTD Tier 3,# ignitions,v4_native,No,,SDG&E does not currently track this driver,not applicable,SDG&E,2025,2,v4.01,5,2,SDGE_2025_Q2_R5.xlsx,Table 6,124,M124,https://efiling.energysafety.ca.gov/eFiling/Getfile.aspx?fileid=58132&shareable=true
T6R-28493cf161d10f35,1060000123,4.l.t.0,exact,exact,4. Equipment / facility failure or damage,Relay,Transmission,Non-HFTD,# ignitions,v4_native,No,,SDG&E does not currently track this driver,not applicable,SDG&E,2025,2,v4.01,5,2,SDGE_2025_Q2_R5.xlsx,Table 6,125,M125,https://efiling.energysafety.ca.gov/eFiling/Getfile.aspx?fileid=58132&shareable=true
T6R-f3376cd1190ce8f0,1060000124,4.l.t.2,exact,exact,4. Equipment / facility failure or damage,Relay,Transmission,HFTD Tier 2,# ignitions,v4_native,No,,SDG&E does not currently track this driver,not applicable,SDG&E,2025,2,v4.01,5,2,SDGE_2025_Q2_R5.xlsx,Table 6,126,M126,https://efiling.energysafety.ca.gov/eFiling/Getfile.aspx?fileid=58132&shareable=true
T6R-8e70c403f2beaba7,1060000125,4.l.t.3,exact,exact,4. Equipment / facility failure or damage,Relay,Transmission,HFTD Tier 3,# ignitions,v4_native,No,,SDG&E does not currently track this driver,not applicable,SDG&E,2025,2,v4.01,5,2,SDGE_2025_Q2_R5.xlsx,Table 6,127,M127,https://efiling.energysafety.ca.gov/eFiling/Getfile.aspx?fileid=58132&shareable=true
T6R-80514abbaa896f19,1060000126,4.m.d.0,exact,exact,4. Equipment / facility failure or damage,Sectionalizer,Distribution,Non-HFTD,# ignitions,v4_native,No,,SDG&E does not currently track this driver,not applicable,SDG&E,2025,2,v4.01,5,2,SDGE_2025_Q2_R5.xlsx,Table 6,128,M128,https://efiling.energysafety.ca.gov/eFiling/Getfile.aspx?fileid=58132&shareable=true
T6R-cd5330f06eb86a34,1060000127,4.m.d.2,exact,exact,4. Equipment / facility failure or damage,Sectionalizer,Distribution,HFTD Tier 2,# ignitions,v4_native,No,,SDG&E does not currently track this driver,not applicable,SDG&E,2025,2,v4.01,5,2,SDGE_2025_Q2_R5.xlsx,Table 6,129,M129,https://efiling.energysafety.ca.gov/eFiling/Getfile.aspx?fileid=58132&shareable=true
T6R-16e66b174d41c385,1060000128,4.m.d.3,exact,exact,4. Equipment / facility failure or damage,Sectionalizer,Distribution,HFTD Tier 3,# ignitions,v4_native,No,,SDG&E does not currently track this driver,not applicable,SDG&E,2025,2,v4.01,5,2,SDGE_2025_Q2_R5.xlsx,Table 6,130,M130,https://efiling.energysafety.ca.gov/eFiling/Getfile.aspx?fileid=58132&shareable=true
T6R-6aa79614f2498ca5,1060000129,4.m.t.0,exact,exact,4. Equipment / facility failure or damage,Sectionalizer,Transmission,Non-HFTD,# ignitions,v4_native,No,,SDG&E does not currently track this driver,not applicable,SDG&E,2025,2,v4.01,5,2,SDGE_2025_Q2_R5.xlsx,Table 6,131,M131,https://efiling.energysafety.ca.gov/eFiling/Getfile.aspx?fileid=58132&shareable=true
T6R-ab669a0d8dc1bf98,1060000130,4.m.t.2,exact,exact,4. Equipment / facility failure or damage,Sectionalizer,Transmission,HFTD Tier 2,# ignitions,v4_native,No,,SDG&E does not currently track this driver,not applicable,SDG&E,2025,2,v4.01,5,2,SDGE_2025_Q2_R5.xlsx,Table 6,132,M132,https://efiling.energysafety.ca.gov/eFiling/Getfile.aspx?fileid=58132&shareable=true
T6R-13ed3865648a36c7,1060000131,4.m.t.3,exact,exact,4. Equipment / facility failure or damage,Sectionalizer,Transmission,HFTD Tier 3,# ignitions,v4_native,No,,SDG&E does not currently track this driver,not applicable,SDG&E,2025,2,v4.01,5,2,SDGE_2025_Q2_R5.xlsx,Table 6,133,M133,https://efiling.energysafety.ca.gov/eFiling/Getfile.aspx?fileid=58132&shareable=true
T6R-ff378937f07ae978,1060000132,4.n.d.0,exact,exact,4. Equipment / facility failure or damage,Splice,Distribution,Non-HFTD,# ignitions,v4_native,No,,SDG&E tracks splice failure/damage under connection device,not applicable,SDG&E,2025,2,v4.01,5,2,SDGE_2025_Q2_R5.xlsx,Table 6,134,M134,https://efiling.energysafety.ca.gov/eFiling/Getfile.aspx?fileid=58132&shareable=true
T6R-a40a86cf0ff66d34,1060000133,4.n.d.2,exact,exact,4. Equipment / facility failure or damage,Splice,Distribution,HFTD Tier 2,# ignitions,v4_native,No,,SDG&E tracks splice failure/damage under connection device,not applicable,SDG&E,2025,2,v4.01,5,2,SDGE_2025_Q2_R5.xlsx,Table 6,135,M135,https://efiling.energysafety.ca.gov/eFiling/Getfile.aspx?fileid=58132&shareable=true
T6R-fa8114105e45dfc9,1060000134,4.n.d.3,exact,exact,4. Equipment / facility failure or damage,Splice,Distribution,HFTD Tier 3,# ignitions,v4_native,No,,SDG&E tracks splice failure/damage under connection device,not applicable,SDG&E,2025,2,v4.01,5,2,SDGE_2025_Q2_R5.xlsx,Table 6,136,M136,https://efiling.energysafety.ca.gov/eFiling/Getfile.aspx?fileid=58132&shareable=true
T6R-182bed477ada9e5c,1060000135,4.n.t.0,exact,exact,4. Equipment / facility failure or damage,Splice,Transmission,Non-HFTD,# ignitions,v4_native,No,,SDG&E tracks splice failure/damage under connection device,not applicable,SDG&E,2025,2,v4.01,5,2,SDGE_2025_Q2_R5.xlsx,Table 6,137,M137,https://efiling.energysafety.ca.gov/eFiling/Getfile.aspx?fileid=58132&shareable=true
T6R-c811616b7a1ef207,1060000136,4.n.t.2,exact,exact,4. Equipment / facility failure or damage,Splice,Transmission,HFTD Tier 2,# ignitions,v4_native,No,,SDG&E tracks splice failure/damage under connection device,not applicable,SDG&E,2025,2,v4.01,5,2,SDGE_2025_Q2_R5.xlsx,Table 6,138,M138,https://efiling.energysafety.ca.gov/eFiling/Getfile.aspx?fileid=58132&shareable=true
T6R-efa436daca7ed09c,1060000137,4.n.t.3,exact,exact,4. Equipment / facility failure or damage,Splice,Transmission,HFTD Tier 3,# ignitions,v4_native,No,,SDG&E tracks splice failure/damage under connection device,not applicable,SDG&E,2025,2,v4.01,5,2,SDGE_2025_Q2_R5.xlsx,Table 6,139,M139,https://efiling.energysafety.ca.gov/eFiling/Getfile.aspx?fileid=58132&shareable=true
T6R-8403908548133aae,1060000138,4.o.d.0,exact,exact,4. Equipment / facility failure or damage,Switch,Distribution,Non-HFTD,# ignitions,v4_native,Yes,0,,,SDG&E,2025,2,v4.01,5,2,SDGE_2025_Q2_R5.xlsx,Table 6,140,M140,https://efiling.energysafety.ca.gov/eFiling/Getfile.aspx?fileid=58132&shareable=true
T6R-559c4a778005e30a,1060000139,4.o.d.2,exact,exact,4. Equipment / facility failure or damage,Switch,Distribution,HFTD Tier 2,# ignitions,v4_native,Yes,0,,,SDG&E,2025,2,v4.01,5,2,SDGE_2025_Q2_R5.xlsx,Table 6,141,M141,https://efiling.energysafety.ca.gov/eFiling/Getfile.aspx?fileid=58132&shareable=true
T6R-3ca6f2f14409ae92,1060000140,4.o.d.3,exact,exact,4. Equipment / facility failure or damage,Switch,Distribution,HFTD Tier 3,# ignitions,v4_native,Yes,0,,,SDG&E,2025,2,v4.01,5,2,SDGE_2025_Q2_R5.xlsx,Table 6,142,M142,https://efiling.energysafety.ca.gov/eFiling/Getfile.aspx?fileid=58132&shareable=true
T6R-1d4a790ccb4312de,1060000141,4.o.t.0,exact,exact,4. Equipment / facility failure or damage,Switch,Transmission,Non-HFTD,# ignitions,v4_native,Yes,0,,,SDG&E,2025,2,v4.01,5,2,SDGE_2025_Q2_R5.xlsx,Table 6,143,M143,https://efiling.energysafety.ca.gov/eFiling/Getfile.aspx?fileid=58132&shareable=true
T6R-ce472226a74a58f3,1060000142,4.o.t.2,exact,exact,4. Equipment / facility failure or damage,Switch,Transmission,HFTD Tier 2,# ignitions,v4_native,Yes,0,,,SDG&E,2025,2,v4.01,5,2,SDGE_2025_Q2_R5.xlsx,Table 6,144,M144,https://efiling.energysafety.ca.gov/eFiling/Getfile.aspx?fileid=58132&shareable=true
T6R-26e6b70a5e173bef,1060000143,4.o.t.3,exact,exact,4. Equipment / facility failure or damage,Switch,Transmission,HFTD Tier 3,# ignitions,v4_native,Yes,0,,,SDG&E,2025,2,v4.01,5,2,SDGE_2025_Q2_R5.xlsx,Table 6,145,M145,https://efiling.energysafety.ca.gov/eFiling/Getfile.aspx?fileid=58132&shareable=true
T6R-6398d45eb66f3f6a,1060000144,4.p.d.0,exact,exact,4. Equipment / facility failure or damage,Tap,Distribution,Non-HFTD,# ignitions,v4_native,No,,SDG&E does not currently track this driver,not applicable,SDG&E,2025,2,v4.01,5,2,SDGE_2025_Q2_R5.xlsx,Table 6,146,M146,https://efiling.energysafety.ca.gov/eFiling/Getfile.aspx?fileid=58132&shareable=true
T6R-f04d4229fce8060b,1060000145,4.p.d.2,exact,exact,4. Equipment / facility failure or damage,Tap,Distribution,HFTD Tier 2,# ignitions,v4_native,No,,SDG&E does not currently track this driver,not applicable,SDG&E,2025,2,v4.01,5,2,SDGE_2025_Q2_R5.xlsx,Table 6,147,M147,https://efiling.energysafety.ca.gov/eFiling/Getfile.aspx?fileid=58132&shareable=true
T6R-fbfb7613a6e1b44a,1060000146,4.p.d.3,exact,exact,4. Equipment / facility failure or damage,Tap,Distribution,HFTD Tier 3,# ignitions,v4_native,No,,SDG&E does not currently track this driver,not applicable,SDG&E,2025,2,v4.01,5,2,SDGE_2025_Q2_R5.xlsx,Table 6,148,M148,https://efiling.energysafety.ca.gov/eFiling/Getfile.aspx?fileid=58132&shareable=true
T6R-4c00e203c9d88d0b,1060000147,4.p.t.0,exact,exact,4. Equipment / facility failure or damage,Tap,Transmission,Non-HFTD,# ignitions,v4_native,No,,SDG&E does not currently track this driver,not applicable,SDG&E,2025,2,v4.01,5,2,SDGE_2025_Q2_R5.xlsx,Table 6,149,M149,https://efiling.energysafety.ca.gov/eFiling/Getfile.aspx?fileid=58132&shareable=true
T6R-656336fbb5225151,1060000148,4.p.t.2,exact,exact,4. Equipment / facility failure or damage,Tap,Transmission,HFTD Tier 2,# ignitions,v4_native,No,,SDG&E does not currently track this driver,not applicable,SDG&E,2025,2,v4.01,5,2,SDGE_2025_Q2_R5.xlsx,Table 6,150,M150,https://efiling.energysafety.ca.gov/eFiling/Getfile.aspx?fileid=58132&shareable=true
T6R-db467fef1eb76891,1060000149,4.p.t.3,exact,exact,4. Equipment / facility failure or damage,Tap,Transmission,HFTD Tier 3,# ignitions,v4_native,No,,SDG&E does not currently track this driver,not applicable,SDG&E,2025,2,v4.01,5,2,SDGE_2025_Q2_R5.xlsx,Table 6,151,M151,https://efiling.energysafety.ca.gov/eFiling/Getfile.aspx?fileid=58132&shareable=true
T6R-36cf7661881f711e,1060000150,4.q.d.0,exact,exact,4. Equipment / facility failure or damage,Tie wire,Distribution,Non-HFTD,# ignitions,v4_native,No,,SDG&E does not currently track this driver,not applicable,SDG&E,2025,2,v4.01,5,2,SDGE_2025_Q2_R5.xlsx,Table 6,152,M152,https://efiling.energysafety.ca.gov/eFiling/Getfile.aspx?fileid=58132&shareable=true
T6R-bfb256625f62928f,1060000151,4.q.d.2,exact,exact,4. Equipment / facility failure or damage,Tie wire,Distribution,HFTD Tier 2,# ignitions,v4_native,No,,SDG&E does not currently track this driver,not applicable,SDG&E,2025,2,v4.01,5,2,SDGE_2025_Q2_R5.xlsx,Table 6,153,M153,https://efiling.energysafety.ca.gov/eFiling/Getfile.aspx?fileid=58132&shareable=true
T6R-44afbb4096190285,1060000152,4.q.d.3,exact,exact,4. Equipment / facility failure or damage,Tie wire,Distribution,HFTD Tier 3,# ignitions,v4_native,No,,SDG&E does not currently track this driver,not applicable,SDG&E,2025,2,v4.01,5,2,SDGE_2025_Q2_R5.xlsx,Table 6,154,M154,https://efiling.energysafety.ca.gov/eFiling/Getfile.aspx?fileid=58132&shareable=true
T6R-75c6f596603b41d7,1060000153,4.q.t.0,exact,exact,4. Equipment / facility failure or damage,Tie wire,Transmission,Non-HFTD,# ignitions,v4_native,No,,SDG&E does not currently track this driver,not applicable,SDG&E,2025,2,v4.01,5,2,SDGE_2025_Q2_R5.xlsx,Table 6,155,M155,https://efiling.energysafety.ca.gov/eFiling/Getfile.aspx?fileid=58132&shareable=true
T6R-0d55bb4a5c3f82f1,1060000154,4.q.t.2,exact,exact,4. Equipment / facility failure or damage,Tie wire,Transmission,HFTD Tier 2,# ignitions,v4_native,No,,SDG&E does not currently track this driver,not applicable,SDG&E,2025,2,v4.01,5,2,SDGE_2025_Q2_R5.xlsx,Table 6,156,M156,https://efiling.energysafety.ca.gov/eFiling/Getfile.aspx?fileid=58132&shareable=true
T6R-5e0a60d8ebfa35d7,1060000155,4.q.t.3,exact,exact,4. Equipment / facility failure or damage,Tie wire,Transmission,HFTD Tier 3,# ignitions,v4_native,No,,SDG&E does not currently track this driver,not applicable,SDG&E,2025,2,v4.01,5,2,SDGE_2025_Q2_R5.xlsx,Table 6,157,M157,https://efiling.energysafety.ca.gov/eFiling/Getfile.aspx?fileid=58132&shareable=true
T6R-58b0d6cd82ca7252,1060000156,4.r.d.0,exact,exact,4. Equipment / facility failure or damage,Transformer,Distribution,Non-HFTD,# ignitions,v4_native,Yes,0,,,SDG&E,2025,2,v4.01,5,2,SDGE_2025_Q2_R5.xlsx,Table 6,158,M158,https://efiling.energysafety.ca.gov/eFiling/Getfile.aspx?fileid=58132&shareable=true
T6R-9bedb7cfcfcc6320,1060000157,4.r.d.2,exact,exact,4. Equipment / facility failure or damage,Transformer,Distribution,HFTD Tier 2,# ignitions,v4_native,Yes,0,,,SDG&E,2025,2,v4.01,5,2,SDGE_2025_Q2_R5.xlsx,Table 6,159,M159,https://efiling.energysafety.ca.gov/eFiling/Getfile.aspx?fileid=58132&shareable=true
T6R-ab8b72d697a5e337,1060000158,4.r.d.3,exact,exact,4. Equipment / facility failure or damage,Transformer,Distribution,HFTD Tier 3,# ignitions,v4_native,Yes,0,,,SDG&E,2025,2,v4.01,5,2,SDGE_2025_Q2_R5.xlsx,Table 6,160,M160,https://efiling.energysafety.ca.gov/eFiling/Getfile.aspx?fileid=58132&shareable=true
T6R-fd16a8830d5d5d60,1060000159,4.r.t.0,exact,exact,4. Equipment / facility failure or damage,Transformer,Transmission,Non-HFTD,# ignitions,v4_native,Yes,0,,,SDG&E,2025,2,v4.01,5,2,SDGE_2025_Q2_R5.xlsx,Table 6,161,M161,https://efiling.energysafety.ca.gov/eFiling/Getfile.aspx?fileid=58132&shareable=true
T6R-273458a84cabac75,1060000160,4.r.t.2,exact,exact,4. Equipment / facility failure or damage,Transformer,Transmission,HFTD Tier 2,# ignitions,v4_native,Yes,0,,,SDG&E,2025,2,v4.01,5,2,SDGE_2025_Q2_R5.xlsx,Table 6,162,M162,https://efiling.energysafety.ca.gov/eFiling/Getfile.aspx?fileid=58132&shareable=true
T6R-e3b2edec7c95bb4c,1060000161,4.r.t.3,exact,exact,4. Equipment / facility failure or damage,Transformer,Transmission,HFTD Tier 3,# ignitions,v4_native,Yes,0,,,SDG&E,2025,2,v4.01,5,2,SDGE_2025_Q2_R5.xlsx,Table 6,163,M163,https://efiling.energysafety.ca.gov/eFiling/Getfile.aspx?fileid=58132&shareable=true
T6R-fa6ca00826e7beab,1060000162,4.s.d.0,exact,canonical_label_update,4. Equipment / facility failure or damage,Voltage regulator / booster,Distribution,Non-HFTD,# ignitions,v4_native,No,,SDG&E does not currently track this driver,not applicable,SDG&E,2025,2,v4.01,5,2,SDGE_2025_Q2_R5.xlsx,Table 6,164,M164,https://efiling.energysafety.ca.gov/eFiling/Getfile.aspx?fileid=58132&shareable=true
T6R-0732358684c5c423,1060000163,4.s.d.2,exact,canonical_label_update,4. Equipment / facility failure or damage,Voltage regulator / booster,Distribution,HFTD Tier 2,# ignitions,v4_native,No,,SDG&E does not currently track this driver,not applicable,SDG&E,2025,2,v4.01,5,2,SDGE_2025_Q2_R5.xlsx,Table 6,165,M165,https://efiling.energysafety.ca.gov/eFiling/Getfile.aspx?fileid=58132&shareable=true
T6R-ea3ae7daf65cd02a,1060000164,4.s.d.3,exact,canonical_label_update,4. Equipment / facility failure or damage,Voltage regulator / booster,Distribution,HFTD Tier 3,# ignitions,v4_native,No,,SDG&E does not currently track this driver,not applicable,SDG&E,2025,2,v4.01,5,2,SDGE_2025_Q2_R5.xlsx,Table 6,166,M166,https://efiling.energysafety.ca.gov/eFiling/Getfile.aspx?fileid=58132&shareable=true
T6R-75760ca1370fafc6,1060000165,4.s.t.0,exact,canonical_label_update,4. Equipment / facility failure or damage,Voltage regulator / booster,Transmission,Non-HFTD,# ignitions,v4_native,No,,SDG&E does not currently track this driver,not applicable,SDG&E,2025,2,v4.01,5,2,SDGE_2025_Q2_R5.xlsx,Table 6,167,M167,https://efiling.energysafety.ca.gov/eFiling/Getfile.aspx?fileid=58132&shareable=true
T6R-3c844e1e08b52db7,1060000166,4.s.t.2,exact,canonical_label_update,4. Equipment / facility failure or damage,Voltage regulator / booster,Transmission,HFTD Tier 2,# ignitions,v4_native,No,,SDG&E does not currently track this driver,not applicable,SDG&E,2025,2,v4.01,5,2,SDGE_2025_Q2_R5.xlsx,Table 6,168,M168,https://efiling.energysafety.ca.gov/eFiling/Getfile.aspx?fileid=58132&shareable=true
T6R-52b0cced9ecc65c3,1060000167,4.s.t.3,exact,canonical_label_update,4. Equipment / facility failure or damage,Voltage regulator / booster,Transmission,HFTD Tier 3,# ignitions,v4_native,No,,SDG&E does not currently track this driver,not applicable,SDG&E,2025,2,v4.01,5,2,SDGE_2025_Q2_R5.xlsx,Table 6,169,M169,https://efiling.energysafety.ca.gov/eFiling/Getfile.aspx?fileid=58132&shareable=true
T6R-3a6fd7e4b2e5f640,1060000168,4.t.d.0,exact,canonical_label_update,4. Equipment / facility failure or damage,Unknown (equipment failure),Distribution,Non-HFTD,# ignitions,v4_native,No,,SDG&E does not currently track this driver,not applicable,SDG&E,2025,2,v4.01,5,2,SDGE_2025_Q2_R5.xlsx,Table 6,170,M170,https://efiling.energysafety.ca.gov/eFiling/Getfile.aspx?fileid=58132&shareable=true
T6R-555ee6c137ab1010,1060000169,4.t.d.2,exact,canonical_label_update,4. Equipment / facility failure or damage,Unknown (equipment failure),Distribution,HFTD Tier 2,# ignitions,v4_native,No,,SDG&E does not currently track this driver,not applicable,SDG&E,2025,2,v4.01,5,2,SDGE_2025_Q2_R5.xlsx,Table 6,171,M171,https://efiling.energysafety.ca.gov/eFiling/Getfile.aspx?fileid=58132&shareable=true
T6R-c7152942733b7397,1060000170,4.t.d.3,exact,canonical_label_update,4. Equipment / facility failure or damage,Unknown (equipment failure),Distribution,HFTD Tier 3,# ignitions,v4_native,No,,SDG&E does not currently track this driver,not applicable,SDG&E,2025,2,v4.01,5,2,SDGE_2025_Q2_R5.xlsx,Table 6,172,M172,https://efiling.energysafety.ca.gov/eFiling/Getfile.aspx?fileid=58132&shareable=true
T6R-6db1cba14f9fa764,1060000171,4.t.t.0,exact,canonical_label_update,4. Equipment / facility failure or damage,Unknown (equipment failure),Transmission,Non-HFTD,# ignitions,v4_native,No,,SDG&E does not currently track this driver,not applicable,SDG&E,2025,2,v4.01,5,2,SDGE_2025_Q2_R5.xlsx,Table 6,173,M173,https://efiling.energysafety.ca.gov/eFiling/Getfile.aspx?fileid=58132&shareable=true
T6R-c99cef6a5149c664,1060000172,4.t.t.2,exact,canonical_label_update,4. Equipment / facility failure or damage,Unknown (equipment failure),Transmission,HFTD Tier 2,# ignitions,v4_native,No,,SDG&E does not currently track this driver,not applicable,SDG&E,2025,2,v4.01,5,2,SDGE_2025_Q2_R5.xlsx,Table 6,174,M174,https://efiling.energysafety.ca.gov/eFiling/Getfile.aspx?fileid=58132&shareable=true
T6R-fdd29ab98ba5ad04,1060000173,4.t.t.3,exact,canonical_label_update,4. Equipment / facility failure or damage,Unknown (equipment failure),Transmission,HFTD Tier 3,# ignitions,v4_native,No,,SDG&E does not currently track this driver,not applicable,SDG&E,2025,2,v4.01,5,2,SDGE_2025_Q2_R5.xlsx,Table 6,175,M175,https://efiling.energysafety.ca.gov/eFiling/Getfile.aspx?fileid=58132&shareable=true
T6R-ff13939a428f8a4d,1060000174,4.u.d.0,exact,canonical_label_update,4. Equipment / facility failure or damage,Other (equipment failure),Distribution,Non-HFTD,# ignitions,v4_native,Yes,1,,,SDG&E,2025,2,v4.01,5,2,SDGE_2025_Q2_R5.xlsx,Table 6,176,M176,https://efiling.energysafety.ca.gov/eFiling/Getfile.aspx?fileid=58132&shareable=true
T6R-948c47bdc83f53a9,1060000175,4.u.d.2,exact,canonical_label_update,4. Equipment / facility failure or damage,Other (equipment failure),Distribution,HFTD Tier 2,# ignitions,v4_native,Yes,0,,,SDG&E,2025,2,v4.01,5,2,SDGE_2025_Q2_R5.xlsx,Table 6,177,M177,https://efiling.energysafety.ca.gov/eFiling/Getfile.aspx?fileid=58132&shareable=true
T6R-f6ba4ef3086df19e,1060000176,4.u.d.3,exact,canonical_label_update,4. Equipment / facility failure or damage,Other (equipment failure),Distribution,HFTD Tier 3,# ignitions,v4_native,Yes,0,,,SDG&E,2025,2,v4.01,5,2,SDGE_2025_Q2_R5.xlsx,Table 6,178,M178,https://efiling.energysafety.ca.gov/eFiling/Getfile.aspx?fileid=58132&shareable=true
T6R-e328aad343d3bdc3,1060000177,4.u.t.0,exact,canonical_label_update,4. Equipment / facility failure or damage,Other (equipment failure),Transmission,Non-HFTD,# ignitions,v4_native,Yes,0,,,SDG&E,2025,2,v4.01,5,2,SDGE_2025_Q2_R5.xlsx,Table 6,179,M179,https://efiling.energysafety.ca.gov/eFiling/Getfile.aspx?fileid=58132&shareable=true
T6R-f8ab553c4cc57703,1060000178,4.u.t.2,exact,canonical_label_update,4. Equipment / facility failure or damage,Other (equipment failure),Transmission,HFTD Tier 2,# ignitions,v4_native,Yes,0,,,SDG&E,2025,2,v4.01,5,2,SDGE_2025_Q2_R5.xlsx,Table 6,180,M180,https://efiling.energysafety.ca.gov/eFiling/Getfile.aspx?fileid=58132&shareable=true
T6R-f7d0854a40c79a8d,1060000179,4.u.t.3,exact,canonical_label_update,4. Equipment / facility failure or damage,Other (equipment failure),Transmission,HFTD Tier 3,# ignitions,v4_native,Yes,0,,,SDG&E,2025,2,v4.01,5,2,SDGE_2025_Q2_R5.xlsx,Table 6,181,M181,https://efiling.energysafety.ca.gov/eFiling/Getfile.aspx?fileid=58132&shareable=true
T6R-b087065980ed1555,1060000180,5.a.d.0,exact,exact,5. Wire-to-wire contact,Wire-to-wire contact,Distribution,Non-HFTD,# ignitions,v4_native,Yes,0,,,SDG&E,2025,2,v4.01,5,2,SDGE_2025_Q2_R5.xlsx,Table 6,182,M182,https://efiling.energysafety.ca.gov/eFiling/Getfile.aspx?fileid=58132&shareable=true
T6R-2294f87f59a1e773,1060000181,5.a.d.2,exact,exact,5. Wire-to-wire contact,Wire-to-wire contact,Distribution,HFTD Tier 2,# ignitions,v4_native,Yes,0,,,SDG&E,2025,2,v4.01,5,2,SDGE_2025_Q2_R5.xlsx,Table 6,183,M183,https://efiling.energysafety.ca.gov/eFiling/Getfile.aspx?fileid=58132&shareable=true
T6R-c416f07e41f6e480,1060000182,5.a.d.3,exact,exact,5. Wire-to-wire contact,Wire-to-wire contact,Distribution,HFTD Tier 3,# ignitions,v4_native,Yes,0,,,SDG&E,2025,2,v4.01,5,2,SDGE_2025_Q2_R5.xlsx,Table 6,184,M184,https://efiling.energysafety.ca.gov/eFiling/Getfile.aspx?fileid=58132&shareable=true
T6R-5b56b086f40899ea,1060000183,5.a.t.0,exact,exact,5. Wire-to-wire contact,Wire-to-wire contact,Transmission,Non-HFTD,# ignitions,v4_native,Yes,0,,,SDG&E,2025,2,v4.01,5,2,SDGE_2025_Q2_R5.xlsx,Table 6,185,M185,https://efiling.energysafety.ca.gov/eFiling/Getfile.aspx?fileid=58132&shareable=true
T6R-0abae8822e318ebe,1060000184,5.a.t.2,exact,exact,5. Wire-to-wire contact,Wire-to-wire contact,Transmission,HFTD Tier 2,# ignitions,v4_native,Yes,0,,,SDG&E,2025,2,v4.01,5,2,SDGE_2025_Q2_R5.xlsx,Table 6,186,M186,https://efiling.energysafety.ca.gov/eFiling/Getfile.aspx?fileid=58132&shareable=true
T6R-ae9270db12adc4fd,1060000185,5.a.t.3,exact,exact,5. Wire-to-wire contact,Wire-to-wire contact,Transmission,HFTD Tier 3,# ignitions,v4_native,Yes,0,,,SDG&E,2025,2,v4.01,5,2,SDGE_2025_Q2_R5.xlsx,Table 6,187,M187,https://efiling.energysafety.ca.gov/eFiling/Getfile.aspx?fileid=58132&shareable=true
T6R-e0a4276585db31c1,1060000186,6.a.d.0,exact,exact,6. Contamination,Contamination,Distribution,Non-HFTD,# ignitions,v4_native,No,,SDG&E does not currently track this driver,not applicable,SDG&E,2025,2,v4.01,5,2,SDGE_2025_Q2_R5.xlsx,Table 6,188,M188,https://efiling.energysafety.ca.gov/eFiling/Getfile.aspx?fileid=58132&shareable=true
T6R-0453d98e8a41850c,1060000187,6.a.d.2,exact,exact,6. Contamination,Contamination,Distribution,HFTD Tier 2,# ignitions,v4_native,No,,SDG&E does not currently track this driver,not applicable,SDG&E,2025,2,v4.01,5,2,SDGE_2025_Q2_R5.xlsx,Table 6,189,M189,https://efiling.energysafety.ca.gov/eFiling/Getfile.aspx?fileid=58132&shareable=true
T6R-dbb27a97526953d2,1060000188,6.a.d.3,exact,exact,6. Contamination,Contamination,Distribution,HFTD Tier 3,# ignitions,v4_native,No,,SDG&E does not currently track this driver,not applicable,SDG&E,2025,2,v4.01,5,2,SDGE_2025_Q2_R5.xlsx,Table 6,190,M190,https://efiling.energysafety.ca.gov/eFiling/Getfile.aspx?fileid=58132&shareable=true
T6R-6e6700b5199992ee,1060000189,6.a.t.0,exact,exact,6. Contamination,Contamination,Transmission,Non-HFTD,# ignitions,v4_native,No,,SDG&E does not currently track this driver,not applicable,SDG&E,2025,2,v4.01,5,2,SDGE_2025_Q2_R5.xlsx,Table 6,191,M191,https://efiling.energysafety.ca.gov/eFiling/Getfile.aspx?fileid=58132&shareable=true
T6R-80f380df5ae2e7c7,1060000190,6.a.t.2,exact,exact,6. Contamination,Contamination,Transmission,HFTD Tier 2,# ignitions,v4_native,No,,SDG&E does not currently track this driver,not applicable,SDG&E,2025,2,v4.01,5,2,SDGE_2025_Q2_R5.xlsx,Table 6,192,M192,https://efiling.energysafety.ca.gov/eFiling/Getfile.aspx?fileid=58132&shareable=true
T6R-89cdab54cb5d53c7,1060000191,6.a.t.3,exact,exact,6. Contamination,Contamination,Transmission,HFTD Tier 3,# ignitions,v4_native,No,,SDG&E does not currently track this driver,not applicable,SDG&E,2025,2,v4.01,5,2,SDGE_2025_Q2_R5.xlsx,Table 6,193,M193,https://efiling.energysafety.ca.gov/eFiling/Getfile.aspx?fileid=58132&shareable=true
T6R-e0a67acd70e0ae42,1060000192,7.a.d.0,exact,exact,7. Protective device operation,Protective device operation,Distribution,Non-HFTD,# ignitions,v4_native,No,,SDG&E does not currently track this driver,not applicable,SDG&E,2025,2,v4.01,5,2,SDGE_2025_Q2_R5.xlsx,Table 6,194,M194,https://efiling.energysafety.ca.gov/eFiling/Getfile.aspx?fileid=58132&shareable=true
T6R-97b9e430e13bf583,1060000193,7.a.d.2,exact,exact,7. Protective device operation,Protective device operation,Distribution,HFTD Tier 2,# ignitions,v4_native,No,,SDG&E does not currently track this driver,not applicable,SDG&E,2025,2,v4.01,5,2,SDGE_2025_Q2_R5.xlsx,Table 6,195,M195,https://efiling.energysafety.ca.gov/eFiling/Getfile.aspx?fileid=58132&shareable=true
T6R-5de45e9cbce08db7,1060000194,7.a.d.3,exact,exact,7. Protective device operation,Protective device operation,Distribution,HFTD Tier 3,# ignitions,v4_native,No,,SDG&E does not currently track this driver,not applicable,SDG&E,2025,2,v4.01,5,2,SDGE_2025_Q2_R5.xlsx,Table 6,196,M196,https://efiling.energysafety.ca.gov/eFiling/Getfile.aspx?fileid=58132&shareable=true
T6R-75b3f1bcf7cd23fc,1060000195,7.a.t.0,exact,exact,7. Protective device operation,Protective device operation,Transmission,Non-HFTD,# ignitions,v4_native,No,,SDG&E does not currently track this driver,not applicable,SDG&E,2025,2,v4.01,5,2,SDGE_2025_Q2_R5.xlsx,Table 6,197,M197,https://efiling.energysafety.ca.gov/eFiling/Getfile.aspx?fileid=58132&shareable=true
T6R-d5681bda7ba32347,1060000196,7.a.t.2,exact,exact,7. Protective device operation,Protective device operation,Transmission,HFTD Tier 2,# ignitions,v4_native,No,,SDG&E does not currently track this driver,not applicable,SDG&E,2025,2,v4.01,5,2,SDGE_2025_Q2_R5.xlsx,Table 6,198,M198,https://efiling.energysafety.ca.gov/eFiling/Getfile.aspx?fileid=58132&shareable=true
T6R-1c444984d955396d,1060000197,7.a.t.3,exact,exact,7. Protective device operation,Protective device operation,Transmission,HFTD Tier 3,# ignitions,v4_native,No,,SDG&E does not currently track this driver,not applicable,SDG&E,2025,2,v4.01,5,2,SDGE_2025_Q2_R5.xlsx,Table 6,199,M199,https://efiling.energysafety.ca.gov/eFiling/Getfile.aspx?fileid=58132&shareable=true
T6R-3a16019d7700dd48,1060000198,8.a.d.0,exact,canonical_label_update,8. Vandalism / theft,Vandalism / theft,Distribution,Non-HFTD,# ignitions,v4_native,Yes,0,,,SDG&E,2025,2,v4.01,5,2,SDGE_2025_Q2_R5.xlsx,Table 6,200,M200,https://efiling.energysafety.ca.gov/eFiling/Getfile.aspx?fileid=58132&shareable=true
T6R-5940da3831bb37de,1060000199,8.a.d.2,exact,canonical_label_update,8. Vandalism / theft,Vandalism / theft,Distribution,HFTD Tier 2,# ignitions,v4_native,Yes,0,,,SDG&E,2025,2,v4.01,5,2,SDGE_2025_Q2_R5.xlsx,Table 6,201,M201,https://efiling.energysafety.ca.gov/eFiling/Getfile.aspx?fileid=58132&shareable=true
T6R-4c1d6f82f00e2b14,1060000200,8.a.d.3,exact,canonical_label_update,8. Vandalism / theft,Vandalism / theft,Distribution,HFTD Tier 3,# ignitions,v4_native,Yes,0,,,SDG&E,2025,2,v4.01,5,2,SDGE_2025_Q2_R5.xlsx,Table 6,202,M202,https://efiling.energysafety.ca.gov/eFiling/Getfile.aspx?fileid=58132&shareable=true
T6R-ed4ff72df51b3e1b,1060000201,8.a.t.0,exact,canonical_label_update,8. Vandalism / theft,Vandalism / theft,Transmission,Non-HFTD,# ignitions,v4_native,Yes,0,,,SDG&E,2025,2,v4.01,5,2,SDGE_2025_Q2_R5.xlsx,Table 6,203,M203,https://efiling.energysafety.ca.gov/eFiling/Getfile.aspx?fileid=58132&shareable=true
T6R-3835860681c398ff,1060000202,8.a.t.2,exact,canonical_label_update,8. Vandalism / theft,Vandalism / theft,Transmission,HFTD Tier 2,# ignitions,v4_native,Yes,0,,,SDG&E,2025,2,v4.01,5,2,SDGE_2025_Q2_R5.xlsx,Table 6,204,M204,https://efiling.energysafety.ca.gov/eFiling/Getfile.aspx?fileid=58132&shareable=true
T6R-856ec154837d6291,1060000203,8.a.t.3,exact,canonical_label_update,8. Vandalism / theft,Vandalism / theft,Transmission,HFTD Tier 3,# ignitions,v4_native,Yes,0,,,SDG&E,2025,2,v4.01,5,2,SDGE_2025_Q2_R5.xlsx,Table 6,205,M205,https://efiling.energysafety.ca.gov/eFiling/Getfile.aspx?fileid=58132&shareable=true
T6R-9d18d87fa930399f,1060000204,9.a.d.0,exact,exact,9. Lightning,Lightning,Distribution,Non-HFTD,# ignitions,v4_native,No,,SDG&E did not track this driver historically but can implement for future ignitions,not applicable,SDG&E,2025,2,v4.01,5,2,SDGE_2025_Q2_R5.xlsx,Table 6,206,M206,https://efiling.energysafety.ca.gov/eFiling/Getfile.aspx?fileid=58132&shareable=true
T6R-13bd9cfc9007d084,1060000205,9.a.d.2,exact,exact,9. Lightning,Lightning,Distribution,HFTD Tier 2,# ignitions,v4_native,No,,SDG&E did not track this driver historically but can implement for future ignitions,not applicable,SDG&E,2025,2,v4.01,5,2,SDGE_2025_Q2_R5.xlsx,Table 6,207,M207,https://efiling.energysafety.ca.gov/eFiling/Getfile.aspx?fileid=58132&shareable=true
T6R-87b04aa10142eb99,1060000206,9.a.d.3,exact,exact,9. Lightning,Lightning,Distribution,HFTD Tier 3,# ignitions,v4_native,No,,SDG&E did not track this driver historically but can implement for future ignitions,not applicable,SDG&E,2025,2,v4.01,5,2,SDGE_2025_Q2_R5.xlsx,Table 6,208,M208,https://efiling.energysafety.ca.gov/eFiling/Getfile.aspx?fileid=58132&shareable=true
T6R-980d94a78e4463b7,1060000207,9.a.t.0,exact,exact,9. Lightning,Lightning,Transmission,Non-HFTD,# ignitions,v4_native,No,,SDG&E did not track this driver historically but can implement for future ignitions,not applicable,SDG&E,2025,2,v4.01,5,2,SDGE_2025_Q2_R5.xlsx,Table 6,209,M209,https://efiling.energysafety.ca.gov/eFiling/Getfile.aspx?fileid=58132&shareable=true
T6R-15eb427fd292f5c0,1060000208,9.a.t.2,exact,exact,9. Lightning,Lightning,Transmission,HFTD Tier 2,# ignitions,v4_native,No,,SDG&E did not track this driver historically but can implement for future ignitions,not applicable,SDG&E,2025,2,v4.01,5,2,SDGE_2025_Q2_R5.xlsx,Table 6,210,M210,https://efiling.energysafety.ca.gov/eFiling/Getfile.aspx?fileid=58132&shareable=true
T6R-f793a91a24e3dd56,1060000209,9.a.t.3,exact,exact,9. Lightning,Lightning,Transmission,HFTD Tier 3,# ignitions,v4_native,No,,SDG&E did not track this driver historically but can implement for future ignitions,not applicable,SDG&E,2025,2,v4.01,5,2,SDGE_2025_Q2_R5.xlsx,Table 6,211,M211,https://efiling.energysafety.ca.gov/eFiling/Getfile.aspx?fileid=58132&shareable=true
T6R-5b3c7e81fc447b15,1060000210,10.a.d.0,exact,canonical_label_update,10. Unknown,Unknown (unknown),Distribution,Non-HFTD,# ignitions,v4_native,Yes,0,,,SDG&E,2025,2,v4.01,5,2,SDGE_2025_Q2_R5.xlsx,Table 6,212,M212,https://efiling.energysafety.ca.gov/eFiling/Getfile.aspx?fileid=58132&shareable=true
T6R-fe1340185103e60f,1060000211,10.a.d.2,exact,canonical_label_update,10. Unknown,Unknown (unknown),Distribution,HFTD Tier 2,# ignitions,v4_native,Yes,0,,,SDG&E,2025,2,v4.01,5,2,SDGE_2025_Q2_R5.xlsx,Table 6,213,M213,https://efiling.energysafety.ca.gov/eFiling/Getfile.aspx?fileid=58132&shareable=true
T6R-e74a361bce82b48b,1060000212,10.a.d.3,exact,canonical_label_update,10. Unknown,Unknown (unknown),Distribution,HFTD Tier 3,# ignitions,v4_native,Yes,0,,,SDG&E,2025,2,v4.01,5,2,SDGE_2025_Q2_R5.xlsx,Table 6,214,M214,https://efiling.energysafety.ca.gov/eFiling/Getfile.aspx?fileid=58132&shareable=true
T6R-f7b99c7327544d3f,1060000213,10.a.t.0,exact,canonical_label_update,10. Unknown,Unknown (unknown),Transmission,Non-HFTD,# ignitions,v4_native,Yes,0,,,SDG&E,2025,2,v4.01,5,2,SDGE_2025_Q2_R5.xlsx,Table 6,215,M215,https://efiling.energysafety.ca.gov/eFiling/Getfile.aspx?fileid=58132&shareable=true
T6R-b1cb39b692f7a870,1060000214,10.a.t.2,exact,canonical_label_update,10. Unknown,Unknown (unknown),Transmission,HFTD Tier 2,# ignitions,v4_native,Yes,1,,,SDG&E,2025,2,v4.01,5,2,SDGE_2025_Q2_R5.xlsx,Table 6,216,M216,https://efiling.energysafety.ca.gov/eFiling/Getfile.aspx?fileid=58132&shareable=true
T6R-7f123af093638ed2,1060000215,10.a.t.3,exact,canonical_label_update,10. Unknown,Unknown (unknown),Transmission,HFTD Tier 3,# ignitions,v4_native,Yes,0,,,SDG&E,2025,2,v4.01,5,2,SDGE_2025_Q2_R5.xlsx,Table 6,217,M217,https://efiling.energysafety.ca.gov/eFiling/Getfile.aspx?fileid=58132&shareable=true
T6R-e19138735a469d84,1060000216,11.a.d.0,exact,canonical_label_update,11. Other,Other (other),Distribution,Non-HFTD,# ignitions,v4_native,Yes,1,,,SDG&E,2025,2,v4.01,5,2,SDGE_2025_Q2_R5.xlsx,Table 6,218,M218,https://efiling.energysafety.ca.gov/eFiling/Getfile.aspx?fileid=58132&shareable=true
T6R-550d977ab10735ac,1060000217,11.a.d.2,exact,canonical_label_update,11. Other,Other (other),Distribution,HFTD Tier 2,# ignitions,v4_native,Yes,1,,,SDG&E,2025,2,v4.01,5,2,SDGE_2025_Q2_R5.xlsx,Table 6,219,M219,https://efiling.energysafety.ca.gov/eFiling/Getfile.aspx?fileid=58132&shareable=true
T6R-52119eff996c683a,1060000218,11.a.d.3,exact,canonical_label_update,11. Other,Other (other),Distribution,HFTD Tier 3,# ignitions,v4_native,Yes,0,,,SDG&E,2025,2,v4.01,5,2,SDGE_2025_Q2_R5.xlsx,Table 6,220,M220,https://efiling.energysafety.ca.gov/eFiling/Getfile.aspx?fileid=58132&shareable=true
T6R-e099c031589747f3,1060000219,11.a.t.0,exact,canonical_label_update,11. Other,Other (other),Transmission,Non-HFTD,# ignitions,v4_native,Yes,0,,,SDG&E,2025,2,v4.01,5,2,SDGE_2025_Q2_R5.xlsx,Table 6,221,M221,https://efiling.energysafety.ca.gov/eFiling/Getfile.aspx?fileid=58132&shareable=true
T6R-c05112a466d1e110,1060000220,11.a.t.2,exact,canonical_label_update,11. Other,Other (other),Transmission,HFTD Tier 2,# ignitions,v4_native,Yes,0,,,SDG&E,2025,2,v4.01,5,2,SDGE_2025_Q2_R5.xlsx,Table 6,222,M222,https://efiling.energysafety.ca.gov/eFiling/Getfile.aspx?fileid=58132&shareable=true
T6R-0572a48d42244e98,1060000221,11.a.t.3,exact,canonical_label_update,11. Other,Other (other),Transmission,HFTD Tier 3,# ignitions,v4_native,Yes,0,,,SDG&E,2025,2,v4.01,5,2,SDGE_2025_Q2_R5.xlsx,Table 6,223,M223,https://efiling.energysafety.ca.gov/eFiling/Getfile.aspx?fileid=58132&shareable=true
T6R-c25dd3d045d2e378,1060000000,1.a.d.0,exact,exact,1. Dig-in,Dig-in,Distribution,Non-HFTD,# ignitions,v4_native,No,,SDG&E does not consider this driver as a risk event,not applicable,SDG&E,2025,3,v4.01,4,3,SDGE_2025_Q3_R4.xlsx,Table 6,2,M2,https://efiling.energysafety.ca.gov/eFiling/Getfile.aspx?fileid=58132&shareable=true
T6R-294db8b02906c153,1060000001,1.a.d.2,exact,exact,1. Dig-in,Dig-in,Distribution,HFTD Tier 2,# ignitions,v4_native,No,,SDG&E does not consider this driver as a risk event,not applicable,SDG&E,2025,3,v4.01,4,3,SDGE_2025_Q3_R4.xlsx,Table 6,3,M3,https://efiling.energysafety.ca.gov/eFiling/Getfile.aspx?fileid=58132&shareable=true
T6R-4cf3c0e340b6f713,1060000002,1.a.d.3,exact,exact,1. Dig-in,Dig-in,Distribution,HFTD Tier 3,# ignitions,v4_native,No,,SDG&E does not consider this driver as a risk event,not applicable,SDG&E,2025,3,v4.01,4,3,SDGE_2025_Q3_R4.xlsx,Table 6,4,M4,https://efiling.energysafety.ca.gov/eFiling/Getfile.aspx?fileid=58132&shareable=true
T6R-8a8694e198c0d2dd,1060000003,1.a.t.0,exact,exact,1. Dig-in,Dig-in,Transmission,Non-HFTD,# ignitions,v4_native,No,,SDG&E does not consider this driver as a risk event,not applicable,SDG&E,2025,3,v4.01,4,3,SDGE_2025_Q3_R4.xlsx,Table 6,5,M5,https://efiling.energysafety.ca.gov/eFiling/Getfile.aspx?fileid=58132&shareable=true
T6R-af0e16ddbc2c69b9,1060000004,1.a.t.2,exact,exact,1. Dig-in,Dig-in,Transmission,HFTD Tier 2,# ignitions,v4_native,No,,SDG&E does not consider this driver as a risk event,not applicable,SDG&E,2025,3,v4.01,4,3,SDGE_2025_Q3_R4.xlsx,Table 6,6,M6,https://efiling.energysafety.ca.gov/eFiling/Getfile.aspx?fileid=58132&shareable=true
T6R-41508703d62687f1,1060000005,1.a.t.3,exact,exact,1. Dig-in,Dig-in,Transmission,HFTD Tier 3,# ignitions,v4_native,No,,SDG&E does not consider this driver as a risk event,not applicable,SDG&E,2025,3,v4.01,4,3,SDGE_2025_Q3_R4.xlsx,Table 6,7,M7,https://efiling.energysafety.ca.gov/eFiling/Getfile.aspx?fileid=58132&shareable=true
T6R-eab163dfe27c60aa,1060000006,2.a.d.0,exact,exact,2. Contact from object,Animal contact,Distribution,Non-HFTD,# ignitions,v4_native,Yes,0,,,SDG&E,2025,3,v4.01,4,3,SDGE_2025_Q3_R4.xlsx,Table 6,8,M8,https://efiling.energysafety.ca.gov/eFiling/Getfile.aspx?fileid=58132&shareable=true
T6R-63a265913f86a9e2,1060000007,2.a.d.2,exact,exact,2. Contact from object,Animal contact,Distribution,HFTD Tier 2,# ignitions,v4_native,Yes,0,,,SDG&E,2025,3,v4.01,4,3,SDGE_2025_Q3_R4.xlsx,Table 6,9,M9,https://efiling.energysafety.ca.gov/eFiling/Getfile.aspx?fileid=58132&shareable=true
T6R-5a51a7d9b5683bca,1060000008,2.a.d.3,exact,exact,2. Contact from object,Animal contact,Distribution,HFTD Tier 3,# ignitions,v4_native,Yes,0,,,SDG&E,2025,3,v4.01,4,3,SDGE_2025_Q3_R4.xlsx,Table 6,10,M10,https://efiling.energysafety.ca.gov/eFiling/Getfile.aspx?fileid=58132&shareable=true
T6R-9641ba7736774d8e,1060000009,2.a.t.0,exact,exact,2. Contact from object,Animal contact,Transmission,Non-HFTD,# ignitions,v4_native,Yes,0,,,SDG&E,2025,3,v4.01,4,3,SDGE_2025_Q3_R4.xlsx,Table 6,11,M11,https://efiling.energysafety.ca.gov/eFiling/Getfile.aspx?fileid=58132&shareable=true
T6R-0b15fbb748c681a2,1060000010,2.a.t.2,exact,exact,2. Contact from object,Animal contact,Transmission,HFTD Tier 2,# ignitions,v4_native,Yes,0,,,SDG&E,2025,3,v4.01,4,3,SDGE_2025_Q3_R4.xlsx,Table 6,12,M12,https://efiling.energysafety.ca.gov/eFiling/Getfile.aspx?fileid=58132&shareable=true
T6R-b10c7834a8e4d548,1060000011,2.a.t.3,exact,exact,2. Contact from object,Animal contact,Transmission,HFTD Tier 3,# ignitions,v4_native,Yes,0,,,SDG&E,2025,3,v4.01,4,3,SDGE_2025_Q3_R4.xlsx,Table 6,13,M13,https://efiling.energysafety.ca.gov/eFiling/Getfile.aspx?fileid=58132&shareable=true
T6R-11856a3769c7d5ab,1060000012,2.b.d.0,exact,exact,2. Contact from object,Balloon contact,Distribution,Non-HFTD,# ignitions,v4_native,Yes,0,,,SDG&E,2025,3,v4.01,4,3,SDGE_2025_Q3_R4.xlsx,Table 6,14,M14,https://efiling.energysafety.ca.gov/eFiling/Getfile.aspx?fileid=58132&shareable=true
T6R-70c4ea4e0a05c6e8,1060000013,2.b.d.2,exact,exact,2. Contact from object,Balloon contact,Distribution,HFTD Tier 2,# ignitions,v4_native,Yes,0,,,SDG&E,2025,3,v4.01,4,3,SDGE_2025_Q3_R4.xlsx,Table 6,15,M15,https://efiling.energysafety.ca.gov/eFiling/Getfile.aspx?fileid=58132&shareable=true
T6R-115218cc465a3e5e,1060000014,2.b.d.3,exact,exact,2. Contact from object,Balloon contact,Distribution,HFTD Tier 3,# ignitions,v4_native,Yes,0,,,SDG&E,2025,3,v4.01,4,3,SDGE_2025_Q3_R4.xlsx,Table 6,16,M16,https://efiling.energysafety.ca.gov/eFiling/Getfile.aspx?fileid=58132&shareable=true
T6R-926ac26b8f2f903f,1060000015,2.b.t.0,exact,exact,2. Contact from object,Balloon contact,Transmission,Non-HFTD,# ignitions,v4_native,Yes,0,,,SDG&E,2025,3,v4.01,4,3,SDGE_2025_Q3_R4.xlsx,Table 6,17,M17,https://efiling.energysafety.ca.gov/eFiling/Getfile.aspx?fileid=58132&shareable=true
T6R-8e3c1026687f10d7,1060000016,2.b.t.2,exact,exact,2. Contact from object,Balloon contact,Transmission,HFTD Tier 2,# ignitions,v4_native,Yes,0,,,SDG&E,2025,3,v4.01,4,3,SDGE_2025_Q3_R4.xlsx,Table 6,18,M18,https://efiling.energysafety.ca.gov/eFiling/Getfile.aspx?fileid=58132&shareable=true
T6R-c85efe53b2d5ccc9,1060000017,2.b.t.3,exact,exact,2. Contact from object,Balloon contact,Transmission,HFTD Tier 3,# ignitions,v4_native,Yes,0,,,SDG&E,2025,3,v4.01,4,3,SDGE_2025_Q3_R4.xlsx,Table 6,19,M19,https://efiling.energysafety.ca.gov/eFiling/Getfile.aspx?fileid=58132&shareable=true
T6R-3e22dcae17c38b06,1060000018,2.c.d.0,exact,exact,2. Contact from object,Land vehicle contact,Distribution,Non-HFTD,# ignitions,v4_native,Yes,1,,,SDG&E,2025,3,v4.01,4,3,SDGE_2025_Q3_R4.xlsx,Table 6,20,M20,https://efiling.energysafety.ca.gov/eFiling/Getfile.aspx?fileid=58132&shareable=true
T6R-724abc3e340c1746,1060000019,2.c.d.2,exact,exact,2. Contact from object,Land vehicle contact,Distribution,HFTD Tier 2,# ignitions,v4_native,Yes,0,,,SDG&E,2025,3,v4.01,4,3,SDGE_2025_Q3_R4.xlsx,Table 6,21,M21,https://efiling.energysafety.ca.gov/eFiling/Getfile.aspx?fileid=58132&shareable=true
T6R-561767da6bdb8029,1060000020,2.c.d.3,exact,exact,2. Contact from object,Land vehicle contact,Distribution,HFTD Tier 3,# ignitions,v4_native,Yes,1,,,SDG&E,2025,3,v4.01,4,3,SDGE_2025_Q3_R4.xlsx,Table 6,22,M22,https://efiling.energysafety.ca.gov/eFiling/Getfile.aspx?fileid=58132&shareable=true
T6R-3f0f2c91ba384536,1060000021,2.c.t.0,exact,exact,2. Contact from object,Land vehicle contact,Transmission,Non-HFTD,# ignitions,v4_native,Yes,0,,,SDG&E,2025,3,v4.01,4,3,SDGE_2025_Q3_R4.xlsx,Table 6,23,M23,https://efiling.energysafety.ca.gov/eFiling/Getfile.aspx?fileid=58132&shareable=true
T6R-ec0dd45d02c73bd3,1060000022,2.c.t.2,exact,exact,2. Contact from object,Land vehicle contact,Transmission,HFTD Tier 2,# ignitions,v4_native,Yes,0,,,SDG&E,2025,3,v4.01,4,3,SDGE_2025_Q3_R4.xlsx,Table 6,24,M24,https://efiling.energysafety.ca.gov/eFiling/Getfile.aspx?fileid=58132&shareable=true
T6R-1a28aa0e9fba82f4,1060000023,2.c.t.3,exact,exact,2. Contact from object,Land vehicle contact,Transmission,HFTD Tier 3,# ignitions,v4_native,Yes,0,,,SDG&E,2025,3,v4.01,4,3,SDGE_2025_Q3_R4.xlsx,Table 6,25,M25,https://efiling.energysafety.ca.gov/eFiling/Getfile.aspx?fileid=58132&shareable=true
T6R-7ef80a683a072cf9,1060000024,2.d.d.0,exact,exact,2. Contact from object,Aircraft vehicle contact,Distribution,Non-HFTD,# ignitions,v4_native,No,,SDG&E did not track this driver historically but can implement for future ignitions,not applicable,SDG&E,2025,3,v4.01,4,3,SDGE_2025_Q3_R4.xlsx,Table 6,26,M26,https://efiling.energysafety.ca.gov/eFiling/Getfile.aspx?fileid=58132&shareable=true
T6R-3f516cdfde5678f6,1060000025,2.d.d.2,exact,exact,2. Contact from object,Aircraft vehicle contact,Distribution,HFTD Tier 2,# ignitions,v4_native,No,,SDG&E did not track this driver historically but can implement for future ignitions,not applicable,SDG&E,2025,3,v4.01,4,3,SDGE_2025_Q3_R4.xlsx,Table 6,27,M27,https://efiling.energysafety.ca.gov/eFiling/Getfile.aspx?fileid=58132&shareable=true
T6R-9fb731c24791a200,1060000026,2.d.d.3,exact,exact,2. Contact from object,Aircraft vehicle contact,Distribution,HFTD Tier 3,# ignitions,v4_native,No,,SDG&E did not track this driver historically but can implement for future ignitions,not applicable,SDG&E,2025,3,v4.01,4,3,SDGE_2025_Q3_R4.xlsx,Table 6,28,M28,https://efiling.energysafety.ca.gov/eFiling/Getfile.aspx?fileid=58132&shareable=true
T6R-ce08b8744733c476,1060000027,2.d.t.0,exact,exact,2. Contact from object,Aircraft vehicle contact,Transmission,Non-HFTD,# ignitions,v4_native,No,,SDG&E did not track this driver historically but can implement for future ignitions,not applicable,SDG&E,2025,3,v4.01,4,3,SDGE_2025_Q3_R4.xlsx,Table 6,29,M29,https://efiling.energysafety.ca.gov/eFiling/Getfile.aspx?fileid=58132&shareable=true
T6R-935499c3507750b0,1060000028,2.d.t.2,exact,exact,2. Contact from object,Aircraft vehicle contact,Transmission,HFTD Tier 2,# ignitions,v4_native,No,,SDG&E did not track this driver historically but can implement for future ignitions,not applicable,SDG&E,2025,3,v4.01,4,3,SDGE_2025_Q3_R4.xlsx,Table 6,30,M30,https://efiling.energysafety.ca.gov/eFiling/Getfile.aspx?fileid=58132&shareable=true
T6R-a5ffacbff8591da0,1060000029,2.d.t.3,exact,exact,2. Contact from object,Aircraft vehicle contact,Transmission,HFTD Tier 3,# ignitions,v4_native,No,,SDG&E did not track this driver historically but can implement for future ignitions,not applicable,SDG&E,2025,3,v4.01,4,3,SDGE_2025_Q3_R4.xlsx,Table 6,31,M31,https://efiling.energysafety.ca.gov/eFiling/Getfile.aspx?fileid=58132&shareable=true
T6R-9cce6a056f0b6b11,1060000030,2.e.d.0,exact,exact,2. Contact from object,3rd party facility,Distribution,Non-HFTD,# ignitions,v4_native,No,,"SDGE includes this metric in #11 ""Other""",not applicable,SDG&E,2025,3,v4.01,4,3,SDGE_2025_Q3_R4.xlsx,Table 6,32,M32,https://efiling.energysafety.ca.gov/eFiling/Getfile.aspx?fileid=58132&shareable=true
T6R-9855928ac62746b8,1060000031,2.e.d.2,exact,exact,2. Contact from object,3rd party facility,Distribution,HFTD Tier 2,# ignitions,v4_native,No,,"SDGE includes this metric in #11 ""Other""",not applicable,SDG&E,2025,3,v4.01,4,3,SDGE_2025_Q3_R4.xlsx,Table 6,33,M33,https://efiling.energysafety.ca.gov/eFiling/Getfile.aspx?fileid=58132&shareable=true
T6R-487fb8dffcdd3a45,1060000032,2.e.d.3,exact,exact,2. Contact from object,3rd party facility,Distribution,HFTD Tier 3,# ignitions,v4_native,No,,"SDGE includes this metric in #11 ""Other""",not applicable,SDG&E,2025,3,v4.01,4,3,SDGE_2025_Q3_R4.xlsx,Table 6,34,M34,https://efiling.energysafety.ca.gov/eFiling/Getfile.aspx?fileid=58132&shareable=true
T6R-944b23aa6fa553d4,1060000033,2.e.t.0,exact,exact,2. Contact from object,3rd party facility,Transmission,Non-HFTD,# ignitions,v4_native,No,,"SDGE includes this metric in #11 ""Other""",not applicable,SDG&E,2025,3,v4.01,4,3,SDGE_2025_Q3_R4.xlsx,Table 6,35,M35,https://efiling.energysafety.ca.gov/eFiling/Getfile.aspx?fileid=58132&shareable=true
T6R-7513f450894c64e0,1060000034,2.e.t.2,exact,exact,2. Contact from object,3rd party facility,Transmission,HFTD Tier 2,# ignitions,v4_native,No,,"SDGE includes this metric in #11 ""Other""",not applicable,SDG&E,2025,3,v4.01,4,3,SDGE_2025_Q3_R4.xlsx,Table 6,36,M36,https://efiling.energysafety.ca.gov/eFiling/Getfile.aspx?fileid=58132&shareable=true
T6R-4feb1208a40d22ad,1060000035,2.e.t.3,exact,exact,2. Contact from object,3rd party facility,Transmission,HFTD Tier 3,# ignitions,v4_native,No,,"SDGE includes this metric in #11 ""Other""",not applicable,SDG&E,2025,3,v4.01,4,3,SDGE_2025_Q3_R4.xlsx,Table 6,37,M37,https://efiling.energysafety.ca.gov/eFiling/Getfile.aspx?fileid=58132&shareable=true
T6R-fe69f4b8a3ec65e6,1060000036,2.f.d.0,exact,canonical_label_update,2. Contact from object,Unknown (contact from object),Distribution,Non-HFTD,# ignitions,v4_native,No,,SDG&E does not currently track this driver,not applicable,SDG&E,2025,3,v4.01,4,3,SDGE_2025_Q3_R4.xlsx,Table 6,38,M38,https://efiling.energysafety.ca.gov/eFiling/Getfile.aspx?fileid=58132&shareable=true
T6R-9dfc372822a40946,1060000037,2.f.d.2,exact,canonical_label_update,2. Contact from object,Unknown (contact from object),Distribution,HFTD Tier 2,# ignitions,v4_native,No,,SDG&E does not currently track this driver,not applicable,SDG&E,2025,3,v4.01,4,3,SDGE_2025_Q3_R4.xlsx,Table 6,39,M39,https://efiling.energysafety.ca.gov/eFiling/Getfile.aspx?fileid=58132&shareable=true
T6R-cf0aca3f6b6afb6e,1060000038,2.f.d.3,exact,canonical_label_update,2. Contact from object,Unknown (contact from object),Distribution,HFTD Tier 3,# ignitions,v4_native,No,,SDG&E does not currently track this driver,not applicable,SDG&E,2025,3,v4.01,4,3,SDGE_2025_Q3_R4.xlsx,Table 6,40,M40,https://efiling.energysafety.ca.gov/eFiling/Getfile.aspx?fileid=58132&shareable=true
T6R-6276b9af635862de,1060000039,2.f.t.0,exact,canonical_label_update,2. Contact from object,Unknown (contact from object),Transmission,Non-HFTD,# ignitions,v4_native,No,,SDG&E does not currently track this driver,not applicable,SDG&E,2025,3,v4.01,4,3,SDGE_2025_Q3_R4.xlsx,Table 6,41,M41,https://efiling.energysafety.ca.gov/eFiling/Getfile.aspx?fileid=58132&shareable=true
T6R-f72b05c8babe6603,1060000040,2.f.t.2,exact,canonical_label_update,2. Contact from object,Unknown (contact from object),Transmission,HFTD Tier 2,# ignitions,v4_native,No,,SDG&E does not currently track this driver,not applicable,SDG&E,2025,3,v4.01,4,3,SDGE_2025_Q3_R4.xlsx,Table 6,42,M42,https://efiling.energysafety.ca.gov/eFiling/Getfile.aspx?fileid=58132&shareable=true
T6R-a31ca90796afe5df,1060000041,2.f.t.3,exact,canonical_label_update,2. Contact from object,Unknown (contact from object),Transmission,HFTD Tier 3,# ignitions,v4_native,No,,SDG&E does not currently track this driver,not applicable,SDG&E,2025,3,v4.01,4,3,SDGE_2025_Q3_R4.xlsx,Table 6,43,M43,https://efiling.energysafety.ca.gov/eFiling/Getfile.aspx?fileid=58132&shareable=true
T6R-e2b90ff48a75c84a,1060000042,2.g.d.0,exact,canonical_label_update,2. Contact from object,Other (contact from object),Distribution,Non-HFTD,# ignitions,v4_native,Yes,0,,,SDG&E,2025,3,v4.01,4,3,SDGE_2025_Q3_R4.xlsx,Table 6,44,M44,https://efiling.energysafety.ca.gov/eFiling/Getfile.aspx?fileid=58132&shareable=true
T6R-653fb92a058479e8,1060000043,2.g.d.2,exact,canonical_label_update,2. Contact from object,Other (contact from object),Distribution,HFTD Tier 2,# ignitions,v4_native,Yes,0,,,SDG&E,2025,3,v4.01,4,3,SDGE_2025_Q3_R4.xlsx,Table 6,45,M45,https://efiling.energysafety.ca.gov/eFiling/Getfile.aspx?fileid=58132&shareable=true
T6R-3b8a4c47ec4703a1,1060000044,2.g.d.3,exact,canonical_label_update,2. Contact from object,Other (contact from object),Distribution,HFTD Tier 3,# ignitions,v4_native,Yes,0,,,SDG&E,2025,3,v4.01,4,3,SDGE_2025_Q3_R4.xlsx,Table 6,46,M46,https://efiling.energysafety.ca.gov/eFiling/Getfile.aspx?fileid=58132&shareable=true
T6R-f3275d3ea810d147,1060000045,2.g.t.0,exact,canonical_label_update,2. Contact from object,Other (contact from object),Transmission,Non-HFTD,# ignitions,v4_native,Yes,0,,,SDG&E,2025,3,v4.01,4,3,SDGE_2025_Q3_R4.xlsx,Table 6,47,M47,https://efiling.energysafety.ca.gov/eFiling/Getfile.aspx?fileid=58132&shareable=true
T6R-1594c7a94c8e726f,1060000046,2.g.t.2,exact,canonical_label_update,2. Contact from object,Other (contact from object),Transmission,HFTD Tier 2,# ignitions,v4_native,Yes,0,,,SDG&E,2025,3,v4.01,4,3,SDGE_2025_Q3_R4.xlsx,Table 6,48,M48,https://efiling.energysafety.ca.gov/eFiling/Getfile.aspx?fileid=58132&shareable=true
T6R-7036acab0171364c,1060000047,2.g.t.3,exact,canonical_label_update,2. Contact from object,Other (contact from object),Transmission,HFTD Tier 3,# ignitions,v4_native,Yes,0,,,SDG&E,2025,3,v4.01,4,3,SDGE_2025_Q3_R4.xlsx,Table 6,49,M49,https://efiling.energysafety.ca.gov/eFiling/Getfile.aspx?fileid=58132&shareable=true
T6R-09ecfe68aa4b67b6,1060000048,3.a.d.0,exact,exact,3. Vegetation contact,Vegetation contact,Distribution,Non-HFTD,# ignitions,v4_native,Yes,1,,,SDG&E,2025,3,v4.01,4,3,SDGE_2025_Q3_R4.xlsx,Table 6,50,M50,https://efiling.energysafety.ca.gov/eFiling/Getfile.aspx?fileid=58132&shareable=true
T6R-ced1bf010ff125b8,1060000049,3.a.d.2,exact,exact,3. Vegetation contact,Vegetation contact,Distribution,HFTD Tier 2,# ignitions,v4_native,Yes,0,,,SDG&E,2025,3,v4.01,4,3,SDGE_2025_Q3_R4.xlsx,Table 6,51,M51,https://efiling.energysafety.ca.gov/eFiling/Getfile.aspx?fileid=58132&shareable=true
T6R-d20e03ef7fc70ffc,1060000050,3.a.d.3,exact,exact,3. Vegetation contact,Vegetation contact,Distribution,HFTD Tier 3,# ignitions,v4_native,Yes,0,,,SDG&E,2025,3,v4.01,4,3,SDGE_2025_Q3_R4.xlsx,Table 6,52,M52,https://efiling.energysafety.ca.gov/eFiling/Getfile.aspx?fileid=58132&shareable=true
T6R-f4b1aaf47335dfa0,1060000051,3.a.t.0,exact,exact,3. Vegetation contact,Vegetation contact,Transmission,Non-HFTD,# ignitions,v4_native,Yes,0,,,SDG&E,2025,3,v4.01,4,3,SDGE_2025_Q3_R4.xlsx,Table 6,53,M53,https://efiling.energysafety.ca.gov/eFiling/Getfile.aspx?fileid=58132&shareable=true
T6R-7d61eb30f29afb86,1060000052,3.a.t.2,exact,exact,3. Vegetation contact,Vegetation contact,Transmission,HFTD Tier 2,# ignitions,v4_native,Yes,0,,,SDG&E,2025,3,v4.01,4,3,SDGE_2025_Q3_R4.xlsx,Table 6,54,M54,https://efiling.energysafety.ca.gov/eFiling/Getfile.aspx?fileid=58132&shareable=true
T6R-bedc7d7a71a2f414,1060000053,3.a.t.3,exact,exact,3. Vegetation contact,Vegetation contact,Transmission,HFTD Tier 3,# ignitions,v4_native,Yes,0,,,SDG&E,2025,3,v4.01,4,3,SDGE_2025_Q3_R4.xlsx,Table 6,55,M55,https://efiling.energysafety.ca.gov/eFiling/Getfile.aspx?fileid=58132&shareable=true
T6R-5c0ea733aed46b32,1060000054,4.a.d.0,corrected_in_v3_2,canonical_label_update,4. Equipment / facility failure or damage,Anchor / guy,Distribution,Non-HFTD,# ignitions,v4_native,Yes,0,,,SDG&E,2025,3,v4.01,4,3,SDGE_2025_Q3_R4.xlsx,Table 6,56,M56,https://efiling.energysafety.ca.gov/eFiling/Getfile.aspx?fileid=58132&shareable=true
T6R-04897becbdc3920b,1060000055,4.a.d.2,exact,canonical_label_update,4. Equipment / facility failure or damage,Anchor / guy,Distribution,HFTD Tier 2,# ignitions,v4_native,Yes,0,,,SDG&E,2025,3,v4.01,4,3,SDGE_2025_Q3_R4.xlsx,Table 6,57,M57,https://efiling.energysafety.ca.gov/eFiling/Getfile.aspx?fileid=58132&shareable=true
T6R-176801fd089ea514,1060000056,4.a.d.3,exact,canonical_label_update,4. Equipment / facility failure or damage,Anchor / guy,Distribution,HFTD Tier 3,# ignitions,v4_native,Yes,0,,,SDG&E,2025,3,v4.01,4,3,SDGE_2025_Q3_R4.xlsx,Table 6,58,M58,https://efiling.energysafety.ca.gov/eFiling/Getfile.aspx?fileid=58132&shareable=true
T6R-31d878528f7fc255,1060000057,4.a.t.0,exact,canonical_label_update,4. Equipment / facility failure or damage,Anchor / guy,Transmission,Non-HFTD,# ignitions,v4_native,Yes,0,,,SDG&E,2025,3,v4.01,4,3,SDGE_2025_Q3_R4.xlsx,Table 6,59,M59,https://efiling.energysafety.ca.gov/eFiling/Getfile.aspx?fileid=58132&shareable=true
T6R-63d187165695f5d7,1060000058,4.a.t.2,exact,canonical_label_update,4. Equipment / facility failure or damage,Anchor / guy,Transmission,HFTD Tier 2,# ignitions,v4_native,Yes,0,,,SDG&E,2025,3,v4.01,4,3,SDGE_2025_Q3_R4.xlsx,Table 6,60,M60,https://efiling.energysafety.ca.gov/eFiling/Getfile.aspx?fileid=58132&shareable=true
T6R-bfdb464ab4a86120,1060000059,4.a.t.3,exact,canonical_label_update,4. Equipment / facility failure or damage,Anchor / guy,Transmission,HFTD Tier 3,# ignitions,v4_native,Yes,0,,,SDG&E,2025,3,v4.01,4,3,SDGE_2025_Q3_R4.xlsx,Table 6,61,M61,https://efiling.energysafety.ca.gov/eFiling/Getfile.aspx?fileid=58132&shareable=true
T6R-7ac1cd536e3144f8,1060000060,4.b.d.0,exact,exact,4. Equipment / facility failure or damage,Capacitor bank,Distribution,Non-HFTD,# ignitions,v4_native,Yes,0,,,SDG&E,2025,3,v4.01,4,3,SDGE_2025_Q3_R4.xlsx,Table 6,62,M62,https://efiling.energysafety.ca.gov/eFiling/Getfile.aspx?fileid=58132&shareable=true
T6R-ba64ee68c4ac2236,1060000061,4.b.d.2,exact,exact,4. Equipment / facility failure or damage,Capacitor bank,Distribution,HFTD Tier 2,# ignitions,v4_native,Yes,0,,,SDG&E,2025,3,v4.01,4,3,SDGE_2025_Q3_R4.xlsx,Table 6,63,M63,https://efiling.energysafety.ca.gov/eFiling/Getfile.aspx?fileid=58132&shareable=true
T6R-44c4436e973d6591,1060000062,4.b.d.3,exact,exact,4. Equipment / facility failure or damage,Capacitor bank,Distribution,HFTD Tier 3,# ignitions,v4_native,Yes,0,,,SDG&E,2025,3,v4.01,4,3,SDGE_2025_Q3_R4.xlsx,Table 6,64,M64,https://efiling.energysafety.ca.gov/eFiling/Getfile.aspx?fileid=58132&shareable=true
T6R-08cb7e087d44237f,1060000063,4.b.t.0,exact,exact,4. Equipment / facility failure or damage,Capacitor bank,Transmission,Non-HFTD,# ignitions,v4_native,Yes,0,,,SDG&E,2025,3,v4.01,4,3,SDGE_2025_Q3_R4.xlsx,Table 6,65,M65,https://efiling.energysafety.ca.gov/eFiling/Getfile.aspx?fileid=58132&shareable=true
T6R-891df882d9438033,1060000064,4.b.t.2,exact,exact,4. Equipment / facility failure or damage,Capacitor bank,Transmission,HFTD Tier 2,# ignitions,v4_native,Yes,0,,,SDG&E,2025,3,v4.01,4,3,SDGE_2025_Q3_R4.xlsx,Table 6,66,M66,https://efiling.energysafety.ca.gov/eFiling/Getfile.aspx?fileid=58132&shareable=true
T6R-8f6d2aaa8765c7ec,1060000065,4.b.t.3,exact,exact,4. Equipment / facility failure or damage,Capacitor bank,Transmission,HFTD Tier 3,# ignitions,v4_native,Yes,0,,,SDG&E,2025,3,v4.01,4,3,SDGE_2025_Q3_R4.xlsx,Table 6,67,M67,https://efiling.energysafety.ca.gov/eFiling/Getfile.aspx?fileid=58132&shareable=true
T6R-0e59d5071b556fd3,1060000066,4.c.d.0,exact,exact,4. Equipment / facility failure or damage,Conductor,Distribution,Non-HFTD,# ignitions,v4_native,Yes,0,,,SDG&E,2025,3,v4.01,4,3,SDGE_2025_Q3_R4.xlsx,Table 6,68,M68,https://efiling.energysafety.ca.gov/eFiling/Getfile.aspx?fileid=58132&shareable=true
T6R-a3efbfe0c7c00879,1060000067,4.c.d.2,exact,exact,4. Equipment / facility failure or damage,Conductor,Distribution,HFTD Tier 2,# ignitions,v4_native,Yes,0,,,SDG&E,2025,3,v4.01,4,3,SDGE_2025_Q3_R4.xlsx,Table 6,69,M69,https://efiling.energysafety.ca.gov/eFiling/Getfile.aspx?fileid=58132&shareable=true
T6R-706bad666fbf8ae5,1060000068,4.c.d.3,exact,exact,4. Equipment / facility failure or damage,Conductor,Distribution,HFTD Tier 3,# ignitions,v4_native,Yes,0,,,SDG&E,2025,3,v4.01,4,3,SDGE_2025_Q3_R4.xlsx,Table 6,70,M70,https://efiling.energysafety.ca.gov/eFiling/Getfile.aspx?fileid=58132&shareable=true
T6R-1429248fc50cedb6,1060000069,4.c.t.0,exact,exact,4. Equipment / facility failure or damage,Conductor,Transmission,Non-HFTD,# ignitions,v4_native,Yes,0,,,SDG&E,2025,3,v4.01,4,3,SDGE_2025_Q3_R4.xlsx,Table 6,71,M71,https://efiling.energysafety.ca.gov/eFiling/Getfile.aspx?fileid=58132&shareable=true
T6R-43c88b926d4355cf,1060000070,4.c.t.2,exact,exact,4. Equipment / facility failure or damage,Conductor,Transmission,HFTD Tier 2,# ignitions,v4_native,Yes,0,,,SDG&E,2025,3,v4.01,4,3,SDGE_2025_Q3_R4.xlsx,Table 6,72,M72,https://efiling.energysafety.ca.gov/eFiling/Getfile.aspx?fileid=58132&shareable=true
T6R-06b993d969c15566,1060000071,4.c.t.3,exact,exact,4. Equipment / facility failure or damage,Conductor,Transmission,HFTD Tier 3,# ignitions,v4_native,Yes,0,,,SDG&E,2025,3,v4.01,4,3,SDGE_2025_Q3_R4.xlsx,Table 6,73,M73,https://efiling.energysafety.ca.gov/eFiling/Getfile.aspx?fileid=58132&shareable=true
T6R-a001c50bc37413f0,1060000072,4.d.d.0,exact,exact,4. Equipment / facility failure or damage,Connection device,Distribution,Non-HFTD,# ignitions,v4_native,Yes,0,,,SDG&E,2025,3,v4.01,4,3,SDGE_2025_Q3_R4.xlsx,Table 6,74,M74,https://efiling.energysafety.ca.gov/eFiling/Getfile.aspx?fileid=58132&shareable=true
T6R-3758c38cbebfea9e,1060000073,4.d.d.2,exact,exact,4. Equipment / facility failure or damage,Connection device,Distribution,HFTD Tier 2,# ignitions,v4_native,Yes,0,,,SDG&E,2025,3,v4.01,4,3,SDGE_2025_Q3_R4.xlsx,Table 6,75,M75,https://efiling.energysafety.ca.gov/eFiling/Getfile.aspx?fileid=58132&shareable=true
T6R-085f2a7a2ea3b18e,1060000074,4.d.d.3,exact,exact,4. Equipment / facility failure or damage,Connection device,Distribution,HFTD Tier 3,# ignitions,v4_native,Yes,0,,,SDG&E,2025,3,v4.01,4,3,SDGE_2025_Q3_R4.xlsx,Table 6,76,M76,https://efiling.energysafety.ca.gov/eFiling/Getfile.aspx?fileid=58132&shareable=true
T6R-fbb2242cb9585374,1060000075,4.d.t.0,exact,exact,4. Equipment / facility failure or damage,Connection device,Transmission,Non-HFTD,# ignitions,v4_native,Yes,0,,,SDG&E,2025,3,v4.01,4,3,SDGE_2025_Q3_R4.xlsx,Table 6,77,M77,https://efiling.energysafety.ca.gov/eFiling/Getfile.aspx?fileid=58132&shareable=true
T6R-82e4b4dd94c962fc,1060000076,4.d.t.2,exact,exact,4. Equipment / facility failure or damage,Connection device,Transmission,HFTD Tier 2,# ignitions,v4_native,Yes,0,,,SDG&E,2025,3,v4.01,4,3,SDGE_2025_Q3_R4.xlsx,Table 6,78,M78,https://efiling.energysafety.ca.gov/eFiling/Getfile.aspx?fileid=58132&shareable=true
T6R-780a251ceb309559,1060000077,4.d.t.3,exact,exact,4. Equipment / facility failure or damage,Connection device,Transmission,HFTD Tier 3,# ignitions,v4_native,Yes,0,,,SDG&E,2025,3,v4.01,4,3,SDGE_2025_Q3_R4.xlsx,Table 6,79,M79,https://efiling.energysafety.ca.gov/eFiling/Getfile.aspx?fileid=58132&shareable=true
T6R-c7023eb4674f0912,1060000078,4.e.d.0,exact,exact,4. Equipment / facility failure or damage,Crossarm,Distribution,Non-HFTD,# ignitions,v4_native,Yes,0,,,SDG&E,2025,3,v4.01,4,3,SDGE_2025_Q3_R4.xlsx,Table 6,80,M80,https://efiling.energysafety.ca.gov/eFiling/Getfile.aspx?fileid=58132&shareable=true
T6R-3d1abcaa13ed0706,1060000079,4.e.d.2,exact,exact,4. Equipment / facility failure or damage,Crossarm,Distribution,HFTD Tier 2,# ignitions,v4_native,Yes,0,,,SDG&E,2025,3,v4.01,4,3,SDGE_2025_Q3_R4.xlsx,Table 6,81,M81,https://efiling.energysafety.ca.gov/eFiling/Getfile.aspx?fileid=58132&shareable=true
T6R-8d19129deb13fbbd,1060000080,4.e.d.3,exact,exact,4. Equipment / facility failure or damage,Crossarm,Distribution,HFTD Tier 3,# ignitions,v4_native,Yes,0,,,SDG&E,2025,3,v4.01,4,3,SDGE_2025_Q3_R4.xlsx,Table 6,82,M82,https://efiling.energysafety.ca.gov/eFiling/Getfile.aspx?fileid=58132&shareable=true
T6R-0399dc50a6107515,1060000081,4.e.t.0,exact,exact,4. Equipment / facility failure or damage,Crossarm,Transmission,Non-HFTD,# ignitions,v4_native,Yes,0,,,SDG&E,2025,3,v4.01,4,3,SDGE_2025_Q3_R4.xlsx,Table 6,83,M83,https://efiling.energysafety.ca.gov/eFiling/Getfile.aspx?fileid=58132&shareable=true
T6R-419f0b24533974c4,1060000082,4.e.t.2,exact,exact,4. Equipment / facility failure or damage,Crossarm,Transmission,HFTD Tier 2,# ignitions,v4_native,Yes,0,,,SDG&E,2025,3,v4.01,4,3,SDGE_2025_Q3_R4.xlsx,Table 6,84,M84,https://efiling.energysafety.ca.gov/eFiling/Getfile.aspx?fileid=58132&shareable=true
T6R-24249e76458d557b,1060000083,4.e.t.3,exact,exact,4. Equipment / facility failure or damage,Crossarm,Transmission,HFTD Tier 3,# ignitions,v4_native,Yes,0,,,SDG&E,2025,3,v4.01,4,3,SDGE_2025_Q3_R4.xlsx,Table 6,85,M85,https://efiling.energysafety.ca.gov/eFiling/Getfile.aspx?fileid=58132&shareable=true
T6R-871580a66b45d77b,1060000084,4.f.d.0,exact,exact,4. Equipment / facility failure or damage,Fuse,Distribution,Non-HFTD,# ignitions,v4_native,Yes,0,,,SDG&E,2025,3,v4.01,4,3,SDGE_2025_Q3_R4.xlsx,Table 6,86,M86,https://efiling.energysafety.ca.gov/eFiling/Getfile.aspx?fileid=58132&shareable=true
T6R-53532633912c902b,1060000085,4.f.d.2,exact,exact,4. Equipment / facility failure or damage,Fuse,Distribution,HFTD Tier 2,# ignitions,v4_native,Yes,0,,,SDG&E,2025,3,v4.01,4,3,SDGE_2025_Q3_R4.xlsx,Table 6,87,M87,https://efiling.energysafety.ca.gov/eFiling/Getfile.aspx?fileid=58132&shareable=true
T6R-325ba190b395238c,1060000086,4.f.d.3,exact,exact,4. Equipment / facility failure or damage,Fuse,Distribution,HFTD Tier 3,# ignitions,v4_native,Yes,0,,,SDG&E,2025,3,v4.01,4,3,SDGE_2025_Q3_R4.xlsx,Table 6,88,M88,https://efiling.energysafety.ca.gov/eFiling/Getfile.aspx?fileid=58132&shareable=true
T6R-7fe081fb941cf66c,1060000087,4.f.t.0,exact,exact,4. Equipment / facility failure or damage,Fuse,Transmission,Non-HFTD,# ignitions,v4_native,Yes,0,,,SDG&E,2025,3,v4.01,4,3,SDGE_2025_Q3_R4.xlsx,Table 6,89,M89,https://efiling.energysafety.ca.gov/eFiling/Getfile.aspx?fileid=58132&shareable=true
T6R-50cecc6e3c15a617,1060000088,4.f.t.2,exact,exact,4. Equipment / facility failure or damage,Fuse,Transmission,HFTD Tier 2,# ignitions,v4_native,Yes,0,,,SDG&E,2025,3,v4.01,4,3,SDGE_2025_Q3_R4.xlsx,Table 6,90,M90,https://efiling.energysafety.ca.gov/eFiling/Getfile.aspx?fileid=58132&shareable=true
T6R-88a79c9f137e5743,1060000089,4.f.t.3,exact,exact,4. Equipment / facility failure or damage,Fuse,Transmission,HFTD Tier 3,# ignitions,v4_native,Yes,0,,,SDG&E,2025,3,v4.01,4,3,SDGE_2025_Q3_R4.xlsx,Table 6,91,M91,https://efiling.energysafety.ca.gov/eFiling/Getfile.aspx?fileid=58132&shareable=true
T6R-77ebc420b8de0bca,1060000090,4.g.d.0,exact,exact,4. Equipment / facility failure or damage,Cutout,Distribution,Non-HFTD,# ignitions,v4_native,No,,SDG&E did not track this driver historically but can implement for future ignitions,not applicable,SDG&E,2025,3,v4.01,4,3,SDGE_2025_Q3_R4.xlsx,Table 6,92,M92,https://efiling.energysafety.ca.gov/eFiling/Getfile.aspx?fileid=58132&shareable=true
T6R-d0b64e51550ec4eb,1060000091,4.g.d.2,exact,exact,4. Equipment / facility failure or damage,Cutout,Distribution,HFTD Tier 2,# ignitions,v4_native,No,,SDG&E did not track this driver historically but can implement for future ignitions,not applicable,SDG&E,2025,3,v4.01,4,3,SDGE_2025_Q3_R4.xlsx,Table 6,93,M93,https://efiling.energysafety.ca.gov/eFiling/Getfile.aspx?fileid=58132&shareable=true
T6R-aea4140fe9e6f982,1060000092,4.g.d.3,exact,exact,4. Equipment / facility failure or damage,Cutout,Distribution,HFTD Tier 3,# ignitions,v4_native,No,,SDG&E did not track this driver historically but can implement for future ignitions,not applicable,SDG&E,2025,3,v4.01,4,3,SDGE_2025_Q3_R4.xlsx,Table 6,94,M94,https://efiling.energysafety.ca.gov/eFiling/Getfile.aspx?fileid=58132&shareable=true
T6R-43e07322777ed1ef,1060000093,4.g.t.0,exact,exact,4. Equipment / facility failure or damage,Cutout,Transmission,Non-HFTD,# ignitions,v4_native,No,,SDG&E did not track this driver historically but can implement for future ignitions,not applicable,SDG&E,2025,3,v4.01,4,3,SDGE_2025_Q3_R4.xlsx,Table 6,95,M95,https://efiling.energysafety.ca.gov/eFiling/Getfile.aspx?fileid=58132&shareable=true
T6R-22d8a4b06efe7319,1060000094,4.g.t.2,exact,exact,4. Equipment / facility failure or damage,Cutout,Transmission,HFTD Tier 2,# ignitions,v4_native,No,,SDG&E did not track this driver historically but can implement for future ignitions,not applicable,SDG&E,2025,3,v4.01,4,3,SDGE_2025_Q3_R4.xlsx,Table 6,96,M96,https://efiling.energysafety.ca.gov/eFiling/Getfile.aspx?fileid=58132&shareable=true
T6R-4187533d0546a7fa,1060000095,4.g.t.3,exact,exact,4. Equipment / facility failure or damage,Cutout,Transmission,HFTD Tier 3,# ignitions,v4_native,No,,SDG&E did not track this driver historically but can implement for future ignitions,not applicable,SDG&E,2025,3,v4.01,4,3,SDGE_2025_Q3_R4.xlsx,Table 6,97,M97,https://efiling.energysafety.ca.gov/eFiling/Getfile.aspx?fileid=58132&shareable=true
T6R-e241b6bb75e474bb,1060000096,4.h.d.0,corrected_in_v3_2,exact,4. Equipment / facility failure or damage,Insulator and bushing,Distribution,Non-HFTD,# ignitions,v4_native,Yes,0,,,SDG&E,2025,3,v4.01,4,3,SDGE_2025_Q3_R4.xlsx,Table 6,98,M98,https://efiling.energysafety.ca.gov/eFiling/Getfile.aspx?fileid=58132&shareable=true
T6R-d17eaa23e843daa8,1060000097,4.h.d.2,corrected_in_v3_2,exact,4. Equipment / facility failure or damage,Insulator and bushing,Distribution,HFTD Tier 2,# ignitions,v4_native,Yes,0,,,SDG&E,2025,3,v4.01,4,3,SDGE_2025_Q3_R4.xlsx,Table 6,99,M99,https://efiling.energysafety.ca.gov/eFiling/Getfile.aspx?fileid=58132&shareable=true
T6R-a72f684a0b8acde6,1060000098,4.h.d.3,corrected_in_v3_2,exact,4. Equipment / facility failure or damage,Insulator and bushing,Distribution,HFTD Tier 3,# ignitions,v4_native,Yes,0,,,SDG&E,2025,3,v4.01,4,3,SDGE_2025_Q3_R4.xlsx,Table 6,100,M100,https://efiling.energysafety.ca.gov/eFiling/Getfile.aspx?fileid=58132&shareable=true
T6R-6ab57537e43c6085,1060000099,4.h.t.0,corrected_in_v3_2,exact,4. Equipment / facility failure or damage,Insulator and bushing,Transmission,Non-HFTD,# ignitions,v4_native,Yes,0,,,SDG&E,2025,3,v4.01,4,3,SDGE_2025_Q3_R4.xlsx,Table 6,101,M101,https://efiling.energysafety.ca.gov/eFiling/Getfile.aspx?fileid=58132&shareable=true
T6R-9143228bff705183,1060000100,4.h.t.2,corrected_in_v3_2,exact,4. Equipment / facility failure or damage,Insulator and bushing,Transmission,HFTD Tier 2,# ignitions,v4_native,Yes,0,,,SDG&E,2025,3,v4.01,4,3,SDGE_2025_Q3_R4.xlsx,Table 6,102,M102,https://efiling.energysafety.ca.gov/eFiling/Getfile.aspx?fileid=58132&shareable=true
T6R-f1241d307db0695c,1060000101,4.h.t.3,corrected_in_v3_2,exact,4. Equipment / facility failure or damage,Insulator and bushing,Transmission,HFTD Tier 3,# ignitions,v4_native,Yes,0,,,SDG&E,2025,3,v4.01,4,3,SDGE_2025_Q3_R4.xlsx,Table 6,103,M103,https://efiling.energysafety.ca.gov/eFiling/Getfile.aspx?fileid=58132&shareable=true
T6R-6bfffedd30556989,1060000102,4.i.d.0,corrected_in_v3_2,exact,4. Equipment / facility failure or damage,Lightning arrester,Distribution,Non-HFTD,# ignitions,v4_native,Yes,0,,,SDG&E,2025,3,v4.01,4,3,SDGE_2025_Q3_R4.xlsx,Table 6,104,M104,https://efiling.energysafety.ca.gov/eFiling/Getfile.aspx?fileid=58132&shareable=true
T6R-74d2a87d9160cc37,1060000103,4.i.d.2,corrected_in_v3_2,exact,4. Equipment / facility failure or damage,Lightning arrester,Distribution,HFTD Tier 2,# ignitions,v4_native,Yes,0,,,SDG&E,2025,3,v4.01,4,3,SDGE_2025_Q3_R4.xlsx,Table 6,105,M105,https://efiling.energysafety.ca.gov/eFiling/Getfile.aspx?fileid=58132&shareable=true
T6R-48c21a6bde72e2e9,1060000104,4.i.d.3,corrected_in_v3_2,exact,4. Equipment / facility failure or damage,Lightning arrester,Distribution,HFTD Tier 3,# ignitions,v4_native,Yes,0,,,SDG&E,2025,3,v4.01,4,3,SDGE_2025_Q3_R4.xlsx,Table 6,106,M106,https://efiling.energysafety.ca.gov/eFiling/Getfile.aspx?fileid=58132&shareable=true
T6R-108579cb76fa513f,1060000105,4.i.t.0,corrected_in_v3_2,exact,4. Equipment / facility failure or damage,Lightning arrester,Transmission,Non-HFTD,# ignitions,v4_native,Yes,0,,,SDG&E,2025,3,v4.01,4,3,SDGE_2025_Q3_R4.xlsx,Table 6,107,M107,https://efiling.energysafety.ca.gov/eFiling/Getfile.aspx?fileid=58132&shareable=true
T6R-b6838b6cdf39b8e0,1060000106,4.i.t.2,corrected_in_v3_2,exact,4. Equipment / facility failure or damage,Lightning arrester,Transmission,HFTD Tier 2,# ignitions,v4_native,Yes,0,,,SDG&E,2025,3,v4.01,4,3,SDGE_2025_Q3_R4.xlsx,Table 6,108,M108,https://efiling.energysafety.ca.gov/eFiling/Getfile.aspx?fileid=58132&shareable=true
T6R-5bf80227fe0cf013,1060000107,4.i.t.3,corrected_in_v3_2,exact,4. Equipment / facility failure or damage,Lightning arrester,Transmission,HFTD Tier 3,# ignitions,v4_native,Yes,0,,,SDG&E,2025,3,v4.01,4,3,SDGE_2025_Q3_R4.xlsx,Table 6,109,M109,https://efiling.energysafety.ca.gov/eFiling/Getfile.aspx?fileid=58132&shareable=true
T6R-09b66c27b3956ec0,1060000108,4.j.d.0,exact,exact,4. Equipment / facility failure or damage,Pole,Distribution,Non-HFTD,# ignitions,v4_native,Yes,0,,,SDG&E,2025,3,v4.01,4,3,SDGE_2025_Q3_R4.xlsx,Table 6,110,M110,https://efiling.energysafety.ca.gov/eFiling/Getfile.aspx?fileid=58132&shareable=true
T6R-0b57c537fdd9476e,1060000109,4.j.d.2,exact,exact,4. Equipment / facility failure or damage,Pole,Distribution,HFTD Tier 2,# ignitions,v4_native,Yes,0,,,SDG&E,2025,3,v4.01,4,3,SDGE_2025_Q3_R4.xlsx,Table 6,111,M111,https://efiling.energysafety.ca.gov/eFiling/Getfile.aspx?fileid=58132&shareable=true
T6R-4f8591b9814847f7,1060000110,4.j.d.3,exact,exact,4. Equipment / facility failure or damage,Pole,Distribution,HFTD Tier 3,# ignitions,v4_native,Yes,0,,,SDG&E,2025,3,v4.01,4,3,SDGE_2025_Q3_R4.xlsx,Table 6,112,M112,https://efiling.energysafety.ca.gov/eFiling/Getfile.aspx?fileid=58132&shareable=true
T6R-a596e36684f463ca,1060000111,4.j.t.0,exact,exact,4. Equipment / facility failure or damage,Pole,Transmission,Non-HFTD,# ignitions,v4_native,Yes,0,,,SDG&E,2025,3,v4.01,4,3,SDGE_2025_Q3_R4.xlsx,Table 6,113,M113,https://efiling.energysafety.ca.gov/eFiling/Getfile.aspx?fileid=58132&shareable=true
T6R-0e6acc6d311c34ca,1060000112,4.j.t.2,exact,exact,4. Equipment / facility failure or damage,Pole,Transmission,HFTD Tier 2,# ignitions,v4_native,Yes,0,,,SDG&E,2025,3,v4.01,4,3,SDGE_2025_Q3_R4.xlsx,Table 6,114,M114,https://efiling.energysafety.ca.gov/eFiling/Getfile.aspx?fileid=58132&shareable=true
T6R-39b2caf4c5c21fed,1060000113,4.j.t.3,exact,exact,4. Equipment / facility failure or damage,Pole,Transmission,HFTD Tier 3,# ignitions,v4_native,Yes,0,,,SDG&E,2025,3,v4.01,4,3,SDGE_2025_Q3_R4.xlsx,Table 6,115,M115,https://efiling.energysafety.ca.gov/eFiling/Getfile.aspx?fileid=58132&shareable=true
T6R-cd827582291dc12a,1060000114,4.k.d.0,exact,exact,4. Equipment / facility failure or damage,Recloser,Distribution,Non-HFTD,# ignitions,v4_native,No,,SDG&E does not currently track this driver,not applicable,SDG&E,2025,3,v4.01,4,3,SDGE_2025_Q3_R4.xlsx,Table 6,116,M116,https://efiling.energysafety.ca.gov/eFiling/Getfile.aspx?fileid=58132&shareable=true
T6R-8edfd4bea8b53358,1060000115,4.k.d.2,exact,exact,4. Equipment / facility failure or damage,Recloser,Distribution,HFTD Tier 2,# ignitions,v4_native,No,,SDG&E does not currently track this driver,not applicable,SDG&E,2025,3,v4.01,4,3,SDGE_2025_Q3_R4.xlsx,Table 6,117,M117,https://efiling.energysafety.ca.gov/eFiling/Getfile.aspx?fileid=58132&shareable=true
T6R-fea28a5acd422f8a,1060000116,4.k.d.3,exact,exact,4. Equipment / facility failure or damage,Recloser,Distribution,HFTD Tier 3,# ignitions,v4_native,No,,SDG&E does not currently track this driver,not applicable,SDG&E,2025,3,v4.01,4,3,SDGE_2025_Q3_R4.xlsx,Table 6,118,M118,https://efiling.energysafety.ca.gov/eFiling/Getfile.aspx?fileid=58132&shareable=true
T6R-7805379f4758bb03,1060000117,4.k.t.0,exact,exact,4. Equipment / facility failure or damage,Recloser,Transmission,Non-HFTD,# ignitions,v4_native,No,,SDG&E does not currently track this driver,not applicable,SDG&E,2025,3,v4.01,4,3,SDGE_2025_Q3_R4.xlsx,Table 6,119,M119,https://efiling.energysafety.ca.gov/eFiling/Getfile.aspx?fileid=58132&shareable=true
T6R-849584b4243097e6,1060000118,4.k.t.2,exact,exact,4. Equipment / facility failure or damage,Recloser,Transmission,HFTD Tier 2,# ignitions,v4_native,No,,SDG&E does not currently track this driver,not applicable,SDG&E,2025,3,v4.01,4,3,SDGE_2025_Q3_R4.xlsx,Table 6,120,M120,https://efiling.energysafety.ca.gov/eFiling/Getfile.aspx?fileid=58132&shareable=true
T6R-8c88dd9f01285d3b,1060000119,4.k.t.3,exact,exact,4. Equipment / facility failure or damage,Recloser,Transmission,HFTD Tier 3,# ignitions,v4_native,No,,SDG&E does not currently track this driver,not applicable,SDG&E,2025,3,v4.01,4,3,SDGE_2025_Q3_R4.xlsx,Table 6,121,M121,https://efiling.energysafety.ca.gov/eFiling/Getfile.aspx?fileid=58132&shareable=true
T6R-85900230e9201ebe,1060000120,4.l.d.0,exact,exact,4. Equipment / facility failure or damage,Relay,Distribution,Non-HFTD,# ignitions,v4_native,No,,SDG&E does not currently track this driver,not applicable,SDG&E,2025,3,v4.01,4,3,SDGE_2025_Q3_R4.xlsx,Table 6,122,M122,https://efiling.energysafety.ca.gov/eFiling/Getfile.aspx?fileid=58132&shareable=true
T6R-50fe887cd29ab982,1060000121,4.l.d.2,exact,exact,4. Equipment / facility failure or damage,Relay,Distribution,HFTD Tier 2,# ignitions,v4_native,No,,SDG&E does not currently track this driver,not applicable,SDG&E,2025,3,v4.01,4,3,SDGE_2025_Q3_R4.xlsx,Table 6,123,M123,https://efiling.energysafety.ca.gov/eFiling/Getfile.aspx?fileid=58132&shareable=true
T6R-8d4eeb751f911682,1060000122,4.l.d.3,exact,exact,4. Equipment / facility failure or damage,Relay,Distribution,HFTD Tier 3,# ignitions,v4_native,No,,SDG&E does not currently track this driver,not applicable,SDG&E,2025,3,v4.01,4,3,SDGE_2025_Q3_R4.xlsx,Table 6,124,M124,https://efiling.energysafety.ca.gov/eFiling/Getfile.aspx?fileid=58132&shareable=true
T6R-803e445c74917cf2,1060000123,4.l.t.0,exact,exact,4. Equipment / facility failure or damage,Relay,Transmission,Non-HFTD,# ignitions,v4_native,No,,SDG&E does not currently track this driver,not applicable,SDG&E,2025,3,v4.01,4,3,SDGE_2025_Q3_R4.xlsx,Table 6,125,M125,https://efiling.energysafety.ca.gov/eFiling/Getfile.aspx?fileid=58132&shareable=true
T6R-b6eaad4f14627aef,1060000124,4.l.t.2,exact,exact,4. Equipment / facility failure or damage,Relay,Transmission,HFTD Tier 2,# ignitions,v4_native,No,,SDG&E does not currently track this driver,not applicable,SDG&E,2025,3,v4.01,4,3,SDGE_2025_Q3_R4.xlsx,Table 6,126,M126,https://efiling.energysafety.ca.gov/eFiling/Getfile.aspx?fileid=58132&shareable=true
T6R-70a1b2981558b8d2,1060000125,4.l.t.3,exact,exact,4. Equipment / facility failure or damage,Relay,Transmission,HFTD Tier 3,# ignitions,v4_native,No,,SDG&E does not currently track this driver,not applicable,SDG&E,2025,3,v4.01,4,3,SDGE_2025_Q3_R4.xlsx,Table 6,127,M127,https://efiling.energysafety.ca.gov/eFiling/Getfile.aspx?fileid=58132&shareable=true
T6R-fc0ee2032af828be,1060000126,4.m.d.0,exact,exact,4. Equipment / facility failure or damage,Sectionalizer,Distribution,Non-HFTD,# ignitions,v4_native,No,,SDG&E does not currently track this driver,not applicable,SDG&E,2025,3,v4.01,4,3,SDGE_2025_Q3_R4.xlsx,Table 6,128,M128,https://efiling.energysafety.ca.gov/eFiling/Getfile.aspx?fileid=58132&shareable=true
T6R-bc8eeaf0ded509e6,1060000127,4.m.d.2,exact,exact,4. Equipment / facility failure or damage,Sectionalizer,Distribution,HFTD Tier 2,# ignitions,v4_native,No,,SDG&E does not currently track this driver,not applicable,SDG&E,2025,3,v4.01,4,3,SDGE_2025_Q3_R4.xlsx,Table 6,129,M129,https://efiling.energysafety.ca.gov/eFiling/Getfile.aspx?fileid=58132&shareable=true
T6R-8676316b3dadb0ad,1060000128,4.m.d.3,exact,exact,4. Equipment / facility failure or damage,Sectionalizer,Distribution,HFTD Tier 3,# ignitions,v4_native,No,,SDG&E does not currently track this driver,not applicable,SDG&E,2025,3,v4.01,4,3,SDGE_2025_Q3_R4.xlsx,Table 6,130,M130,https://efiling.energysafety.ca.gov/eFiling/Getfile.aspx?fileid=58132&shareable=true
T6R-0893c193c9d771f1,1060000129,4.m.t.0,exact,exact,4. Equipment / facility failure or damage,Sectionalizer,Transmission,Non-HFTD,# ignitions,v4_native,No,,SDG&E does not currently track this driver,not applicable,SDG&E,2025,3,v4.01,4,3,SDGE_2025_Q3_R4.xlsx,Table 6,131,M131,https://efiling.energysafety.ca.gov/eFiling/Getfile.aspx?fileid=58132&shareable=true
T6R-b276a16a8397a6ad,1060000130,4.m.t.2,exact,exact,4. Equipment / facility failure or damage,Sectionalizer,Transmission,HFTD Tier 2,# ignitions,v4_native,No,,SDG&E does not currently track this driver,not applicable,SDG&E,2025,3,v4.01,4,3,SDGE_2025_Q3_R4.xlsx,Table 6,132,M132,https://efiling.energysafety.ca.gov/eFiling/Getfile.aspx?fileid=58132&shareable=true
T6R-5d407485beac9589,1060000131,4.m.t.3,exact,exact,4. Equipment / facility failure or damage,Sectionalizer,Transmission,HFTD Tier 3,# ignitions,v4_native,No,,SDG&E does not currently track this driver,not applicable,SDG&E,2025,3,v4.01,4,3,SDGE_2025_Q3_R4.xlsx,Table 6,133,M133,https://efiling.energysafety.ca.gov/eFiling/Getfile.aspx?fileid=58132&shareable=true
T6R-0acb867136467413,1060000132,4.n.d.0,exact,exact,4. Equipment / facility failure or damage,Splice,Distribution,Non-HFTD,# ignitions,v4_native,No,,SDG&E tracks splice failure/damage under connection device,not applicable,SDG&E,2025,3,v4.01,4,3,SDGE_2025_Q3_R4.xlsx,Table 6,134,M134,https://efiling.energysafety.ca.gov/eFiling/Getfile.aspx?fileid=58132&shareable=true
T6R-0dc71b9e7a9edbae,1060000133,4.n.d.2,exact,exact,4. Equipment / facility failure or damage,Splice,Distribution,HFTD Tier 2,# ignitions,v4_native,No,,SDG&E tracks splice failure/damage under connection device,not applicable,SDG&E,2025,3,v4.01,4,3,SDGE_2025_Q3_R4.xlsx,Table 6,135,M135,https://efiling.energysafety.ca.gov/eFiling/Getfile.aspx?fileid=58132&shareable=true
T6R-b75cbfcca622d149,1060000134,4.n.d.3,exact,exact,4. Equipment / facility failure or damage,Splice,Distribution,HFTD Tier 3,# ignitions,v4_native,No,,SDG&E tracks splice failure/damage under connection device,not applicable,SDG&E,2025,3,v4.01,4,3,SDGE_2025_Q3_R4.xlsx,Table 6,136,M136,https://efiling.energysafety.ca.gov/eFiling/Getfile.aspx?fileid=58132&shareable=true
T6R-a62e70c319b39b57,1060000135,4.n.t.0,exact,exact,4. Equipment / facility failure or damage,Splice,Transmission,Non-HFTD,# ignitions,v4_native,No,,SDG&E tracks splice failure/damage under connection device,not applicable,SDG&E,2025,3,v4.01,4,3,SDGE_2025_Q3_R4.xlsx,Table 6,137,M137,https://efiling.energysafety.ca.gov/eFiling/Getfile.aspx?fileid=58132&shareable=true
T6R-f50ca2a26bb3fd9c,1060000136,4.n.t.2,exact,exact,4. Equipment / facility failure or damage,Splice,Transmission,HFTD Tier 2,# ignitions,v4_native,No,,SDG&E tracks splice failure/damage under connection device,not applicable,SDG&E,2025,3,v4.01,4,3,SDGE_2025_Q3_R4.xlsx,Table 6,138,M138,https://efiling.energysafety.ca.gov/eFiling/Getfile.aspx?fileid=58132&shareable=true
T6R-ab947595c6db1c3f,1060000137,4.n.t.3,exact,exact,4. Equipment / facility failure or damage,Splice,Transmission,HFTD Tier 3,# ignitions,v4_native,No,,SDG&E tracks splice failure/damage under connection device,not applicable,SDG&E,2025,3,v4.01,4,3,SDGE_2025_Q3_R4.xlsx,Table 6,139,M139,https://efiling.energysafety.ca.gov/eFiling/Getfile.aspx?fileid=58132&shareable=true
T6R-f456f10e9d4c109f,1060000138,4.o.d.0,exact,exact,4. Equipment / facility failure or damage,Switch,Distribution,Non-HFTD,# ignitions,v4_native,Yes,0,,,SDG&E,2025,3,v4.01,4,3,SDGE_2025_Q3_R4.xlsx,Table 6,140,M140,https://efiling.energysafety.ca.gov/eFiling/Getfile.aspx?fileid=58132&shareable=true
T6R-5dbead989e47c8b3,1060000139,4.o.d.2,exact,exact,4. Equipment / facility failure or damage,Switch,Distribution,HFTD Tier 2,# ignitions,v4_native,Yes,0,,,SDG&E,2025,3,v4.01,4,3,SDGE_2025_Q3_R4.xlsx,Table 6,141,M141,https://efiling.energysafety.ca.gov/eFiling/Getfile.aspx?fileid=58132&shareable=true
T6R-3eb1152d1637302f,1060000140,4.o.d.3,exact,exact,4. Equipment / facility failure or damage,Switch,Distribution,HFTD Tier 3,# ignitions,v4_native,Yes,0,,,SDG&E,2025,3,v4.01,4,3,SDGE_2025_Q3_R4.xlsx,Table 6,142,M142,https://efiling.energysafety.ca.gov/eFiling/Getfile.aspx?fileid=58132&shareable=true
T6R-e45e280184f35585,1060000141,4.o.t.0,exact,exact,4. Equipment / facility failure or damage,Switch,Transmission,Non-HFTD,# ignitions,v4_native,Yes,0,,,SDG&E,2025,3,v4.01,4,3,SDGE_2025_Q3_R4.xlsx,Table 6,143,M143,https://efiling.energysafety.ca.gov/eFiling/Getfile.aspx?fileid=58132&shareable=true
T6R-5be2bd666f24d6f8,1060000142,4.o.t.2,exact,exact,4. Equipment / facility failure or damage,Switch,Transmission,HFTD Tier 2,# ignitions,v4_native,Yes,0,,,SDG&E,2025,3,v4.01,4,3,SDGE_2025_Q3_R4.xlsx,Table 6,144,M144,https://efiling.energysafety.ca.gov/eFiling/Getfile.aspx?fileid=58132&shareable=true
T6R-2392c3f11eb96db0,1060000143,4.o.t.3,exact,exact,4. Equipment / facility failure or damage,Switch,Transmission,HFTD Tier 3,# ignitions,v4_native,Yes,0,,,SDG&E,2025,3,v4.01,4,3,SDGE_2025_Q3_R4.xlsx,Table 6,145,M145,https://efiling.energysafety.ca.gov/eFiling/Getfile.aspx?fileid=58132&shareable=true
T6R-a0cac98cbe487917,1060000144,4.p.d.0,exact,exact,4. Equipment / facility failure or damage,Tap,Distribution,Non-HFTD,# ignitions,v4_native,No,,SDG&E does not currently track this driver,not applicable,SDG&E,2025,3,v4.01,4,3,SDGE_2025_Q3_R4.xlsx,Table 6,146,M146,https://efiling.energysafety.ca.gov/eFiling/Getfile.aspx?fileid=58132&shareable=true
T6R-8cf78ab22ef52dd3,1060000145,4.p.d.2,exact,exact,4. Equipment / facility failure or damage,Tap,Distribution,HFTD Tier 2,# ignitions,v4_native,No,,SDG&E does not currently track this driver,not applicable,SDG&E,2025,3,v4.01,4,3,SDGE_2025_Q3_R4.xlsx,Table 6,147,M147,https://efiling.energysafety.ca.gov/eFiling/Getfile.aspx?fileid=58132&shareable=true
T6R-649e998874565858,1060000146,4.p.d.3,exact,exact,4. Equipment / facility failure or damage,Tap,Distribution,HFTD Tier 3,# ignitions,v4_native,No,,SDG&E does not currently track this driver,not applicable,SDG&E,2025,3,v4.01,4,3,SDGE_2025_Q3_R4.xlsx,Table 6,148,M148,https://efiling.energysafety.ca.gov/eFiling/Getfile.aspx?fileid=58132&shareable=true
T6R-ebdf1c88449ae3c9,1060000147,4.p.t.0,exact,exact,4. Equipment / facility failure or damage,Tap,Transmission,Non-HFTD,# ignitions,v4_native,No,,SDG&E does not currently track this driver,not applicable,SDG&E,2025,3,v4.01,4,3,SDGE_2025_Q3_R4.xlsx,Table 6,149,M149,https://efiling.energysafety.ca.gov/eFiling/Getfile.aspx?fileid=58132&shareable=true
T6R-ae41ac506d31b687,1060000148,4.p.t.2,exact,exact,4. Equipment / facility failure or damage,Tap,Transmission,HFTD Tier 2,# ignitions,v4_native,No,,SDG&E does not currently track this driver,not applicable,SDG&E,2025,3,v4.01,4,3,SDGE_2025_Q3_R4.xlsx,Table 6,150,M150,https://efiling.energysafety.ca.gov/eFiling/Getfile.aspx?fileid=58132&shareable=true
T6R-eac34227849c75c2,1060000149,4.p.t.3,exact,exact,4. Equipment / facility failure or damage,Tap,Transmission,HFTD Tier 3,# ignitions,v4_native,No,,SDG&E does not currently track this driver,not applicable,SDG&E,2025,3,v4.01,4,3,SDGE_2025_Q3_R4.xlsx,Table 6,151,M151,https://efiling.energysafety.ca.gov/eFiling/Getfile.aspx?fileid=58132&shareable=true
T6R-cecfb7c47a154f8f,1060000150,4.q.d.0,exact,exact,4. Equipment / facility failure or damage,Tie wire,Distribution,Non-HFTD,# ignitions,v4_native,No,,SDG&E does not currently track this driver,not applicable,SDG&E,2025,3,v4.01,4,3,SDGE_2025_Q3_R4.xlsx,Table 6,152,M152,https://efiling.energysafety.ca.gov/eFiling/Getfile.aspx?fileid=58132&shareable=true
T6R-4f43c75fcf10eedf,1060000151,4.q.d.2,exact,exact,4. Equipment / facility failure or damage,Tie wire,Distribution,HFTD Tier 2,# ignitions,v4_native,No,,SDG&E does not currently track this driver,not applicable,SDG&E,2025,3,v4.01,4,3,SDGE_2025_Q3_R4.xlsx,Table 6,153,M153,https://efiling.energysafety.ca.gov/eFiling/Getfile.aspx?fileid=58132&shareable=true
T6R-fbc4b717e6d2e142,1060000152,4.q.d.3,exact,exact,4. Equipment / facility failure or damage,Tie wire,Distribution,HFTD Tier 3,# ignitions,v4_native,No,,SDG&E does not currently track this driver,not applicable,SDG&E,2025,3,v4.01,4,3,SDGE_2025_Q3_R4.xlsx,Table 6,154,M154,https://efiling.energysafety.ca.gov/eFiling/Getfile.aspx?fileid=58132&shareable=true
T6R-bb757ba948f7bdd4,1060000153,4.q.t.0,exact,exact,4. Equipment / facility failure or damage,Tie wire,Transmission,Non-HFTD,# ignitions,v4_native,No,,SDG&E does not currently track this driver,not applicable,SDG&E,2025,3,v4.01,4,3,SDGE_2025_Q3_R4.xlsx,Table 6,155,M155,https://efiling.energysafety.ca.gov/eFiling/Getfile.aspx?fileid=58132&shareable=true
T6R-cca07ec3f641be16,1060000154,4.q.t.2,exact,exact,4. Equipment / facility failure or damage,Tie wire,Transmission,HFTD Tier 2,# ignitions,v4_native,No,,SDG&E does not currently track this driver,not applicable,SDG&E,2025,3,v4.01,4,3,SDGE_2025_Q3_R4.xlsx,Table 6,156,M156,https://efiling.energysafety.ca.gov/eFiling/Getfile.aspx?fileid=58132&shareable=true
T6R-a87177fe976e5b87,1060000155,4.q.t.3,exact,exact,4. Equipment / facility failure or damage,Tie wire,Transmission,HFTD Tier 3,# ignitions,v4_native,No,,SDG&E does not currently track this driver,not applicable,SDG&E,2025,3,v4.01,4,3,SDGE_2025_Q3_R4.xlsx,Table 6,157,M157,https://efiling.energysafety.ca.gov/eFiling/Getfile.aspx?fileid=58132&shareable=true
T6R-db2122ad706a9f08,1060000156,4.r.d.0,exact,exact,4. Equipment / facility failure or damage,Transformer,Distribution,Non-HFTD,# ignitions,v4_native,Yes,0,,,SDG&E,2025,3,v4.01,4,3,SDGE_2025_Q3_R4.xlsx,Table 6,158,M158,https://efiling.energysafety.ca.gov/eFiling/Getfile.aspx?fileid=58132&shareable=true
T6R-60b34cc2a24a1ef5,1060000157,4.r.d.2,exact,exact,4. Equipment / facility failure or damage,Transformer,Distribution,HFTD Tier 2,# ignitions,v4_native,Yes,0,,,SDG&E,2025,3,v4.01,4,3,SDGE_2025_Q3_R4.xlsx,Table 6,159,M159,https://efiling.energysafety.ca.gov/eFiling/Getfile.aspx?fileid=58132&shareable=true
T6R-d0f67715ff6f4b62,1060000158,4.r.d.3,exact,exact,4. Equipment / facility failure or damage,Transformer,Distribution,HFTD Tier 3,# ignitions,v4_native,Yes,0,,,SDG&E,2025,3,v4.01,4,3,SDGE_2025_Q3_R4.xlsx,Table 6,160,M160,https://efiling.energysafety.ca.gov/eFiling/Getfile.aspx?fileid=58132&shareable=true
T6R-fcf044e4baf19dbf,1060000159,4.r.t.0,exact,exact,4. Equipment / facility failure or damage,Transformer,Transmission,Non-HFTD,# ignitions,v4_native,Yes,0,,,SDG&E,2025,3,v4.01,4,3,SDGE_2025_Q3_R4.xlsx,Table 6,161,M161,https://efiling.energysafety.ca.gov/eFiling/Getfile.aspx?fileid=58132&shareable=true
T6R-6e2dabb162a7b7ed,1060000160,4.r.t.2,exact,exact,4. Equipment / facility failure or damage,Transformer,Transmission,HFTD Tier 2,# ignitions,v4_native,Yes,0,,,SDG&E,2025,3,v4.01,4,3,SDGE_2025_Q3_R4.xlsx,Table 6,162,M162,https://efiling.energysafety.ca.gov/eFiling/Getfile.aspx?fileid=58132&shareable=true
T6R-ccfea30a92673a1e,1060000161,4.r.t.3,exact,exact,4. Equipment / facility failure or damage,Transformer,Transmission,HFTD Tier 3,# ignitions,v4_native,Yes,0,,,SDG&E,2025,3,v4.01,4,3,SDGE_2025_Q3_R4.xlsx,Table 6,163,M163,https://efiling.energysafety.ca.gov/eFiling/Getfile.aspx?fileid=58132&shareable=true
T6R-32fea9741104dcee,1060000162,4.s.d.0,exact,canonical_label_update,4. Equipment / facility failure or damage,Voltage regulator / booster,Distribution,Non-HFTD,# ignitions,v4_native,No,,SDG&E does not currently track this driver,not applicable,SDG&E,2025,3,v4.01,4,3,SDGE_2025_Q3_R4.xlsx,Table 6,164,M164,https://efiling.energysafety.ca.gov/eFiling/Getfile.aspx?fileid=58132&shareable=true
T6R-c0aa34fbf60aed0c,1060000163,4.s.d.2,exact,canonical_label_update,4. Equipment / facility failure or damage,Voltage regulator / booster,Distribution,HFTD Tier 2,# ignitions,v4_native,No,,SDG&E does not currently track this driver,not applicable,SDG&E,2025,3,v4.01,4,3,SDGE_2025_Q3_R4.xlsx,Table 6,165,M165,https://efiling.energysafety.ca.gov/eFiling/Getfile.aspx?fileid=58132&shareable=true
T6R-ba304efec224167a,1060000164,4.s.d.3,exact,canonical_label_update,4. Equipment / facility failure or damage,Voltage regulator / booster,Distribution,HFTD Tier 3,# ignitions,v4_native,No,,SDG&E does not currently track this driver,not applicable,SDG&E,2025,3,v4.01,4,3,SDGE_2025_Q3_R4.xlsx,Table 6,166,M166,https://efiling.energysafety.ca.gov/eFiling/Getfile.aspx?fileid=58132&shareable=true
T6R-714ec87cc805a47c,1060000165,4.s.t.0,exact,canonical_label_update,4. Equipment / facility failure or damage,Voltage regulator / booster,Transmission,Non-HFTD,# ignitions,v4_native,No,,SDG&E does not currently track this driver,not applicable,SDG&E,2025,3,v4.01,4,3,SDGE_2025_Q3_R4.xlsx,Table 6,167,M167,https://efiling.energysafety.ca.gov/eFiling/Getfile.aspx?fileid=58132&shareable=true
T6R-f4f2a4166922b240,1060000166,4.s.t.2,exact,canonical_label_update,4. Equipment / facility failure or damage,Voltage regulator / booster,Transmission,HFTD Tier 2,# ignitions,v4_native,No,,SDG&E does not currently track this driver,not applicable,SDG&E,2025,3,v4.01,4,3,SDGE_2025_Q3_R4.xlsx,Table 6,168,M168,https://efiling.energysafety.ca.gov/eFiling/Getfile.aspx?fileid=58132&shareable=true
T6R-7fcf78bde357c43a,1060000167,4.s.t.3,exact,canonical_label_update,4. Equipment / facility failure or damage,Voltage regulator / booster,Transmission,HFTD Tier 3,# ignitions,v4_native,No,,SDG&E does not currently track this driver,not applicable,SDG&E,2025,3,v4.01,4,3,SDGE_2025_Q3_R4.xlsx,Table 6,169,M169,https://efiling.energysafety.ca.gov/eFiling/Getfile.aspx?fileid=58132&shareable=true
T6R-2d947207bd78f8cc,1060000168,4.t.d.0,exact,canonical_label_update,4. Equipment / facility failure or damage,Unknown (equipment failure),Distribution,Non-HFTD,# ignitions,v4_native,No,,SDG&E does not currently track this driver,not applicable,SDG&E,2025,3,v4.01,4,3,SDGE_2025_Q3_R4.xlsx,Table 6,170,M170,https://efiling.energysafety.ca.gov/eFiling/Getfile.aspx?fileid=58132&shareable=true
T6R-9ccc38fc157c4996,1060000169,4.t.d.2,exact,canonical_label_update,4. Equipment / facility failure or damage,Unknown (equipment failure),Distribution,HFTD Tier 2,# ignitions,v4_native,No,,SDG&E does not currently track this driver,not applicable,SDG&E,2025,3,v4.01,4,3,SDGE_2025_Q3_R4.xlsx,Table 6,171,M171,https://efiling.energysafety.ca.gov/eFiling/Getfile.aspx?fileid=58132&shareable=true
T6R-071d8f2972c134bf,1060000170,4.t.d.3,exact,canonical_label_update,4. Equipment / facility failure or damage,Unknown (equipment failure),Distribution,HFTD Tier 3,# ignitions,v4_native,No,,SDG&E does not currently track this driver,not applicable,SDG&E,2025,3,v4.01,4,3,SDGE_2025_Q3_R4.xlsx,Table 6,172,M172,https://efiling.energysafety.ca.gov/eFiling/Getfile.aspx?fileid=58132&shareable=true
T6R-631d8a8da4bf507a,1060000171,4.t.t.0,exact,canonical_label_update,4. Equipment / facility failure or damage,Unknown (equipment failure),Transmission,Non-HFTD,# ignitions,v4_native,No,,SDG&E does not currently track this driver,not applicable,SDG&E,2025,3,v4.01,4,3,SDGE_2025_Q3_R4.xlsx,Table 6,173,M173,https://efiling.energysafety.ca.gov/eFiling/Getfile.aspx?fileid=58132&shareable=true
T6R-15b92748b400ddc9,1060000172,4.t.t.2,exact,canonical_label_update,4. Equipment / facility failure or damage,Unknown (equipment failure),Transmission,HFTD Tier 2,# ignitions,v4_native,No,,SDG&E does not currently track this driver,not applicable,SDG&E,2025,3,v4.01,4,3,SDGE_2025_Q3_R4.xlsx,Table 6,174,M174,https://efiling.energysafety.ca.gov/eFiling/Getfile.aspx?fileid=58132&shareable=true
T6R-0a30959e8ec33170,1060000173,4.t.t.3,exact,canonical_label_update,4. Equipment / facility failure or damage,Unknown (equipment failure),Transmission,HFTD Tier 3,# ignitions,v4_native,No,,SDG&E does not currently track this driver,not applicable,SDG&E,2025,3,v4.01,4,3,SDGE_2025_Q3_R4.xlsx,Table 6,175,M175,https://efiling.energysafety.ca.gov/eFiling/Getfile.aspx?fileid=58132&shareable=true
T6R-43a9c27e02be28a0,1060000174,4.u.d.0,exact,canonical_label_update,4. Equipment / facility failure or damage,Other (equipment failure),Distribution,Non-HFTD,# ignitions,v4_native,Yes,0,,,SDG&E,2025,3,v4.01,4,3,SDGE_2025_Q3_R4.xlsx,Table 6,176,M176,https://efiling.energysafety.ca.gov/eFiling/Getfile.aspx?fileid=58132&shareable=true
T6R-8e97764fed380db0,1060000175,4.u.d.2,exact,canonical_label_update,4. Equipment / facility failure or damage,Other (equipment failure),Distribution,HFTD Tier 2,# ignitions,v4_native,Yes,0,,,SDG&E,2025,3,v4.01,4,3,SDGE_2025_Q3_R4.xlsx,Table 6,177,M177,https://efiling.energysafety.ca.gov/eFiling/Getfile.aspx?fileid=58132&shareable=true
T6R-1fa0d3bd5c92a843,1060000176,4.u.d.3,exact,canonical_label_update,4. Equipment / facility failure or damage,Other (equipment failure),Distribution,HFTD Tier 3,# ignitions,v4_native,Yes,0,,,SDG&E,2025,3,v4.01,4,3,SDGE_2025_Q3_R4.xlsx,Table 6,178,M178,https://efiling.energysafety.ca.gov/eFiling/Getfile.aspx?fileid=58132&shareable=true
T6R-f9981642c351dee8,1060000177,4.u.t.0,exact,canonical_label_update,4. Equipment / facility failure or damage,Other (equipment failure),Transmission,Non-HFTD,# ignitions,v4_native,Yes,0,,,SDG&E,2025,3,v4.01,4,3,SDGE_2025_Q3_R4.xlsx,Table 6,179,M179,https://efiling.energysafety.ca.gov/eFiling/Getfile.aspx?fileid=58132&shareable=true
T6R-2eada3476b9bbacd,1060000178,4.u.t.2,exact,canonical_label_update,4. Equipment / facility failure or damage,Other (equipment failure),Transmission,HFTD Tier 2,# ignitions,v4_native,Yes,0,,,SDG&E,2025,3,v4.01,4,3,SDGE_2025_Q3_R4.xlsx,Table 6,180,M180,https://efiling.energysafety.ca.gov/eFiling/Getfile.aspx?fileid=58132&shareable=true
T6R-b1830029fe2391fd,1060000179,4.u.t.3,exact,canonical_label_update,4. Equipment / facility failure or damage,Other (equipment failure),Transmission,HFTD Tier 3,# ignitions,v4_native,Yes,0,,,SDG&E,2025,3,v4.01,4,3,SDGE_2025_Q3_R4.xlsx,Table 6,181,M181,https://efiling.energysafety.ca.gov/eFiling/Getfile.aspx?fileid=58132&shareable=true
T6R-b72cbc584b3591cb,1060000180,5.a.d.0,exact,exact,5. Wire-to-wire contact,Wire-to-wire contact,Distribution,Non-HFTD,# ignitions,v4_native,Yes,0,,,SDG&E,2025,3,v4.01,4,3,SDGE_2025_Q3_R4.xlsx,Table 6,182,M182,https://efiling.energysafety.ca.gov/eFiling/Getfile.aspx?fileid=58132&shareable=true
T6R-b4c629c30c57f423,1060000181,5.a.d.2,exact,exact,5. Wire-to-wire contact,Wire-to-wire contact,Distribution,HFTD Tier 2,# ignitions,v4_native,Yes,0,,,SDG&E,2025,3,v4.01,4,3,SDGE_2025_Q3_R4.xlsx,Table 6,183,M183,https://efiling.energysafety.ca.gov/eFiling/Getfile.aspx?fileid=58132&shareable=true
T6R-94fbea38ee4996f7,1060000182,5.a.d.3,exact,exact,5. Wire-to-wire contact,Wire-to-wire contact,Distribution,HFTD Tier 3,# ignitions,v4_native,Yes,0,,,SDG&E,2025,3,v4.01,4,3,SDGE_2025_Q3_R4.xlsx,Table 6,184,M184,https://efiling.energysafety.ca.gov/eFiling/Getfile.aspx?fileid=58132&shareable=true
T6R-bfc5f8e6b74a3601,1060000183,5.a.t.0,exact,exact,5. Wire-to-wire contact,Wire-to-wire contact,Transmission,Non-HFTD,# ignitions,v4_native,Yes,0,,,SDG&E,2025,3,v4.01,4,3,SDGE_2025_Q3_R4.xlsx,Table 6,185,M185,https://efiling.energysafety.ca.gov/eFiling/Getfile.aspx?fileid=58132&shareable=true
T6R-24f0e68c20777d13,1060000184,5.a.t.2,exact,exact,5. Wire-to-wire contact,Wire-to-wire contact,Transmission,HFTD Tier 2,# ignitions,v4_native,Yes,0,,,SDG&E,2025,3,v4.01,4,3,SDGE_2025_Q3_R4.xlsx,Table 6,186,M186,https://efiling.energysafety.ca.gov/eFiling/Getfile.aspx?fileid=58132&shareable=true
T6R-9fccff02b49cf59f,1060000185,5.a.t.3,exact,exact,5. Wire-to-wire contact,Wire-to-wire contact,Transmission,HFTD Tier 3,# ignitions,v4_native,Yes,0,,,SDG&E,2025,3,v4.01,4,3,SDGE_2025_Q3_R4.xlsx,Table 6,187,M187,https://efiling.energysafety.ca.gov/eFiling/Getfile.aspx?fileid=58132&shareable=true
T6R-16b0a9998120320f,1060000186,6.a.d.0,exact,exact,6. Contamination,Contamination,Distribution,Non-HFTD,# ignitions,v4_native,No,,SDG&E does not currently track this driver,not applicable,SDG&E,2025,3,v4.01,4,3,SDGE_2025_Q3_R4.xlsx,Table 6,188,M188,https://efiling.energysafety.ca.gov/eFiling/Getfile.aspx?fileid=58132&shareable=true
T6R-3f15460a5e1bc4b0,1060000187,6.a.d.2,exact,exact,6. Contamination,Contamination,Distribution,HFTD Tier 2,# ignitions,v4_native,No,,SDG&E does not currently track this driver,not applicable,SDG&E,2025,3,v4.01,4,3,SDGE_2025_Q3_R4.xlsx,Table 6,189,M189,https://efiling.energysafety.ca.gov/eFiling/Getfile.aspx?fileid=58132&shareable=true
T6R-1bdf5550a148df66,1060000188,6.a.d.3,exact,exact,6. Contamination,Contamination,Distribution,HFTD Tier 3,# ignitions,v4_native,No,,SDG&E does not currently track this driver,not applicable,SDG&E,2025,3,v4.01,4,3,SDGE_2025_Q3_R4.xlsx,Table 6,190,M190,https://efiling.energysafety.ca.gov/eFiling/Getfile.aspx?fileid=58132&shareable=true
T6R-1628772a3f6a914b,1060000189,6.a.t.0,exact,exact,6. Contamination,Contamination,Transmission,Non-HFTD,# ignitions,v4_native,No,,SDG&E does not currently track this driver,not applicable,SDG&E,2025,3,v4.01,4,3,SDGE_2025_Q3_R4.xlsx,Table 6,191,M191,https://efiling.energysafety.ca.gov/eFiling/Getfile.aspx?fileid=58132&shareable=true
T6R-7cd3c3ef3685b4aa,1060000190,6.a.t.2,exact,exact,6. Contamination,Contamination,Transmission,HFTD Tier 2,# ignitions,v4_native,No,,SDG&E does not currently track this driver,not applicable,SDG&E,2025,3,v4.01,4,3,SDGE_2025_Q3_R4.xlsx,Table 6,192,M192,https://efiling.energysafety.ca.gov/eFiling/Getfile.aspx?fileid=58132&shareable=true
T6R-6c19018f169b1c1f,1060000191,6.a.t.3,exact,exact,6. Contamination,Contamination,Transmission,HFTD Tier 3,# ignitions,v4_native,No,,SDG&E does not currently track this driver,not applicable,SDG&E,2025,3,v4.01,4,3,SDGE_2025_Q3_R4.xlsx,Table 6,193,M193,https://efiling.energysafety.ca.gov/eFiling/Getfile.aspx?fileid=58132&shareable=true
T6R-c8ada9e6e04b0dbf,1060000192,7.a.d.0,exact,exact,7. Protective device operation,Protective device operation,Distribution,Non-HFTD,# ignitions,v4_native,No,,SDG&E does not currently track this driver,not applicable,SDG&E,2025,3,v4.01,4,3,SDGE_2025_Q3_R4.xlsx,Table 6,194,M194,https://efiling.energysafety.ca.gov/eFiling/Getfile.aspx?fileid=58132&shareable=true
T6R-4113f451c83f0167,1060000193,7.a.d.2,exact,exact,7. Protective device operation,Protective device operation,Distribution,HFTD Tier 2,# ignitions,v4_native,No,,SDG&E does not currently track this driver,not applicable,SDG&E,2025,3,v4.01,4,3,SDGE_2025_Q3_R4.xlsx,Table 6,195,M195,https://efiling.energysafety.ca.gov/eFiling/Getfile.aspx?fileid=58132&shareable=true
T6R-3d07c4876276c9a6,1060000194,7.a.d.3,exact,exact,7. Protective device operation,Protective device operation,Distribution,HFTD Tier 3,# ignitions,v4_native,No,,SDG&E does not currently track this driver,not applicable,SDG&E,2025,3,v4.01,4,3,SDGE_2025_Q3_R4.xlsx,Table 6,196,M196,https://efiling.energysafety.ca.gov/eFiling/Getfile.aspx?fileid=58132&shareable=true
T6R-479c96e295e47d0c,1060000195,7.a.t.0,exact,exact,7. Protective device operation,Protective device operation,Transmission,Non-HFTD,# ignitions,v4_native,No,,SDG&E does not currently track this driver,not applicable,SDG&E,2025,3,v4.01,4,3,SDGE_2025_Q3_R4.xlsx,Table 6,197,M197,https://efiling.energysafety.ca.gov/eFiling/Getfile.aspx?fileid=58132&shareable=true
T6R-3700c6854df90441,1060000196,7.a.t.2,exact,exact,7. Protective device operation,Protective device operation,Transmission,HFTD Tier 2,# ignitions,v4_native,No,,SDG&E does not currently track this driver,not applicable,SDG&E,2025,3,v4.01,4,3,SDGE_2025_Q3_R4.xlsx,Table 6,198,M198,https://efiling.energysafety.ca.gov/eFiling/Getfile.aspx?fileid=58132&shareable=true
T6R-1f10e7d8f29dd55a,1060000197,7.a.t.3,exact,exact,7. Protective device operation,Protective device operation,Transmission,HFTD Tier 3,# ignitions,v4_native,No,,SDG&E does not currently track this driver,not applicable,SDG&E,2025,3,v4.01,4,3,SDGE_2025_Q3_R4.xlsx,Table 6,199,M199,https://efiling.energysafety.ca.gov/eFiling/Getfile.aspx?fileid=58132&shareable=true
T6R-7f8a589ee87afd09,1060000198,8.a.d.0,exact,canonical_label_update,8. Vandalism / theft,Vandalism / theft,Distribution,Non-HFTD,# ignitions,v4_native,Yes,0,,,SDG&E,2025,3,v4.01,4,3,SDGE_2025_Q3_R4.xlsx,Table 6,200,M200,https://efiling.energysafety.ca.gov/eFiling/Getfile.aspx?fileid=58132&shareable=true
T6R-9e787849790cc923,1060000199,8.a.d.2,exact,canonical_label_update,8. Vandalism / theft,Vandalism / theft,Distribution,HFTD Tier 2,# ignitions,v4_native,Yes,0,,,SDG&E,2025,3,v4.01,4,3,SDGE_2025_Q3_R4.xlsx,Table 6,201,M201,https://efiling.energysafety.ca.gov/eFiling/Getfile.aspx?fileid=58132&shareable=true
T6R-ffe0ef9208f9e60d,1060000200,8.a.d.3,exact,canonical_label_update,8. Vandalism / theft,Vandalism / theft,Distribution,HFTD Tier 3,# ignitions,v4_native,Yes,0,,,SDG&E,2025,3,v4.01,4,3,SDGE_2025_Q3_R4.xlsx,Table 6,202,M202,https://efiling.energysafety.ca.gov/eFiling/Getfile.aspx?fileid=58132&shareable=true
T6R-2a57271910e03730,1060000201,8.a.t.0,exact,canonical_label_update,8. Vandalism / theft,Vandalism / theft,Transmission,Non-HFTD,# ignitions,v4_native,Yes,0,,,SDG&E,2025,3,v4.01,4,3,SDGE_2025_Q3_R4.xlsx,Table 6,203,M203,https://efiling.energysafety.ca.gov/eFiling/Getfile.aspx?fileid=58132&shareable=true
T6R-d7da0fae48c55b53,1060000202,8.a.t.2,exact,canonical_label_update,8. Vandalism / theft,Vandalism / theft,Transmission,HFTD Tier 2,# ignitions,v4_native,Yes,0,,,SDG&E,2025,3,v4.01,4,3,SDGE_2025_Q3_R4.xlsx,Table 6,204,M204,https://efiling.energysafety.ca.gov/eFiling/Getfile.aspx?fileid=58132&shareable=true
T6R-de9030764a5f3140,1060000203,8.a.t.3,exact,canonical_label_update,8. Vandalism / theft,Vandalism / theft,Transmission,HFTD Tier 3,# ignitions,v4_native,Yes,0,,,SDG&E,2025,3,v4.01,4,3,SDGE_2025_Q3_R4.xlsx,Table 6,205,M205,https://efiling.energysafety.ca.gov/eFiling/Getfile.aspx?fileid=58132&shareable=true
T6R-bd5abc13a0c4990c,1060000204,9.a.d.0,exact,exact,9. Lightning,Lightning,Distribution,Non-HFTD,# ignitions,v4_native,No,,SDG&E did not track this driver historically but can implement for future ignitions,not applicable,SDG&E,2025,3,v4.01,4,3,SDGE_2025_Q3_R4.xlsx,Table 6,206,M206,https://efiling.energysafety.ca.gov/eFiling/Getfile.aspx?fileid=58132&shareable=true
T6R-383514a550ca5d10,1060000205,9.a.d.2,exact,exact,9. Lightning,Lightning,Distribution,HFTD Tier 2,# ignitions,v4_native,No,,SDG&E did not track this driver historically but can implement for future ignitions,not applicable,SDG&E,2025,3,v4.01,4,3,SDGE_2025_Q3_R4.xlsx,Table 6,207,M207,https://efiling.energysafety.ca.gov/eFiling/Getfile.aspx?fileid=58132&shareable=true
T6R-d803c98f8a525b9c,1060000206,9.a.d.3,exact,exact,9. Lightning,Lightning,Distribution,HFTD Tier 3,# ignitions,v4_native,No,,SDG&E did not track this driver historically but can implement for future ignitions,not applicable,SDG&E,2025,3,v4.01,4,3,SDGE_2025_Q3_R4.xlsx,Table 6,208,M208,https://efiling.energysafety.ca.gov/eFiling/Getfile.aspx?fileid=58132&shareable=true
T6R-b01f29720e7d5f78,1060000207,9.a.t.0,exact,exact,9. Lightning,Lightning,Transmission,Non-HFTD,# ignitions,v4_native,No,,SDG&E did not track this driver historically but can implement for future ignitions,not applicable,SDG&E,2025,3,v4.01,4,3,SDGE_2025_Q3_R4.xlsx,Table 6,209,M209,https://efiling.energysafety.ca.gov/eFiling/Getfile.aspx?fileid=58132&shareable=true
T6R-7cf3bf84f257790b,1060000208,9.a.t.2,exact,exact,9. Lightning,Lightning,Transmission,HFTD Tier 2,# ignitions,v4_native,No,,SDG&E did not track this driver historically but can implement for future ignitions,not applicable,SDG&E,2025,3,v4.01,4,3,SDGE_2025_Q3_R4.xlsx,Table 6,210,M210,https://efiling.energysafety.ca.gov/eFiling/Getfile.aspx?fileid=58132&shareable=true
T6R-b3d02bf7d8e500e6,1060000209,9.a.t.3,exact,exact,9. Lightning,Lightning,Transmission,HFTD Tier 3,# ignitions,v4_native,No,,SDG&E did not track this driver historically but can implement for future ignitions,not applicable,SDG&E,2025,3,v4.01,4,3,SDGE_2025_Q3_R4.xlsx,Table 6,211,M211,https://efiling.energysafety.ca.gov/eFiling/Getfile.aspx?fileid=58132&shareable=true
T6R-28da08b890270a43,1060000210,10.a.d.0,exact,canonical_label_update,10. Unknown,Unknown (unknown),Distribution,Non-HFTD,# ignitions,v4_native,Yes,1,,,SDG&E,2025,3,v4.01,4,3,SDGE_2025_Q3_R4.xlsx,Table 6,212,M212,https://efiling.energysafety.ca.gov/eFiling/Getfile.aspx?fileid=58132&shareable=true
T6R-26b2793c73341f17,1060000211,10.a.d.2,exact,canonical_label_update,10. Unknown,Unknown (unknown),Distribution,HFTD Tier 2,# ignitions,v4_native,Yes,0,,,SDG&E,2025,3,v4.01,4,3,SDGE_2025_Q3_R4.xlsx,Table 6,213,M213,https://efiling.energysafety.ca.gov/eFiling/Getfile.aspx?fileid=58132&shareable=true
T6R-ad7047343ef24a6f,1060000212,10.a.d.3,exact,canonical_label_update,10. Unknown,Unknown (unknown),Distribution,HFTD Tier 3,# ignitions,v4_native,Yes,0,,,SDG&E,2025,3,v4.01,4,3,SDGE_2025_Q3_R4.xlsx,Table 6,214,M214,https://efiling.energysafety.ca.gov/eFiling/Getfile.aspx?fileid=58132&shareable=true
T6R-5d62f58a85bf1902,1060000213,10.a.t.0,exact,canonical_label_update,10. Unknown,Unknown (unknown),Transmission,Non-HFTD,# ignitions,v4_native,Yes,0,,,SDG&E,2025,3,v4.01,4,3,SDGE_2025_Q3_R4.xlsx,Table 6,215,M215,https://efiling.energysafety.ca.gov/eFiling/Getfile.aspx?fileid=58132&shareable=true
T6R-d34b30a92b8fd153,1060000214,10.a.t.2,exact,canonical_label_update,10. Unknown,Unknown (unknown),Transmission,HFTD Tier 2,# ignitions,v4_native,Yes,0,,,SDG&E,2025,3,v4.01,4,3,SDGE_2025_Q3_R4.xlsx,Table 6,216,M216,https://efiling.energysafety.ca.gov/eFiling/Getfile.aspx?fileid=58132&shareable=true
T6R-c2b15acbba4db5a7,1060000215,10.a.t.3,exact,canonical_label_update,10. Unknown,Unknown (unknown),Transmission,HFTD Tier 3,# ignitions,v4_native,Yes,0,,,SDG&E,2025,3,v4.01,4,3,SDGE_2025_Q3_R4.xlsx,Table 6,217,M217,https://efiling.energysafety.ca.gov/eFiling/Getfile.aspx?fileid=58132&shareable=true
T6R-9b71eaf1a0780f36,1060000216,11.a.d.0,exact,canonical_label_update,11. Other,Other (other),Distribution,Non-HFTD,# ignitions,v4_native,Yes,0,,,SDG&E,2025,3,v4.01,4,3,SDGE_2025_Q3_R4.xlsx,Table 6,218,M218,https://efiling.energysafety.ca.gov/eFiling/Getfile.aspx?fileid=58132&shareable=true
T6R-cb72d5dbe0cefeaa,1060000217,11.a.d.2,exact,canonical_label_update,11. Other,Other (other),Distribution,HFTD Tier 2,# ignitions,v4_native,Yes,0,,,SDG&E,2025,3,v4.01,4,3,SDGE_2025_Q3_R4.xlsx,Table 6,219,M219,https://efiling.energysafety.ca.gov/eFiling/Getfile.aspx?fileid=58132&shareable=true
T6R-4f54039fdf3bf5cf,1060000218,11.a.d.3,exact,canonical_label_update,11. Other,Other (other),Distribution,HFTD Tier 3,# ignitions,v4_native,Yes,0,,,SDG&E,2025,3,v4.01,4,3,SDGE_2025_Q3_R4.xlsx,Table 6,220,M220,https://efiling.energysafety.ca.gov/eFiling/Getfile.aspx?fileid=58132&shareable=true
T6R-7f6635ba8105d980,1060000219,11.a.t.0,exact,canonical_label_update,11. Other,Other (other),Transmission,Non-HFTD,# ignitions,v4_native,Yes,0,,,SDG&E,2025,3,v4.01,4,3,SDGE_2025_Q3_R4.xlsx,Table 6,221,M221,https://efiling.energysafety.ca.gov/eFiling/Getfile.aspx?fileid=58132&shareable=true
T6R-cc4b308c8dbaaca7,1060000220,11.a.t.2,exact,canonical_label_update,11. Other,Other (other),Transmission,HFTD Tier 2,# ignitions,v4_native,Yes,0,,,SDG&E,2025,3,v4.01,4,3,SDGE_2025_Q3_R4.xlsx,Table 6,222,M222,https://efiling.energysafety.ca.gov/eFiling/Getfile.aspx?fileid=58132&shareable=true
T6R-d2afc92dd90b132d,1060000221,11.a.t.3,exact,canonical_label_update,11. Other,Other (other),Transmission,HFTD Tier 3,# ignitions,v4_native,Yes,0,,,SDG&E,2025,3,v4.01,4,3,SDGE_2025_Q3_R4.xlsx,Table 6,223,M223,https://efiling.energysafety.ca.gov/eFiling/Getfile.aspx?fileid=58132&shareable=true
T6R-4f57b1d8e8beee9e,1060000000,1.a.d.0,exact,exact,1. Dig-in,Dig-in,Distribution,Non-HFTD,# ignitions,v4_native,No,,SDG&E does not consider this driver as a risk event,not applicable,SDG&E,2025,4,v4.01,3,4,SDGE_2025_Q4_R3.xlsx,Table 6,2,M2,https://efiling.energysafety.ca.gov/eFiling/Getfile.aspx?fileid=58132&shareable=true
T6R-d94db2ae2a8aa420,1060000001,1.a.d.2,exact,exact,1. Dig-in,Dig-in,Distribution,HFTD Tier 2,# ignitions,v4_native,No,,SDG&E does not consider this driver as a risk event,not applicable,SDG&E,2025,4,v4.01,3,4,SDGE_2025_Q4_R3.xlsx,Table 6,3,M3,https://efiling.energysafety.ca.gov/eFiling/Getfile.aspx?fileid=58132&shareable=true
T6R-d949fb6d1c9f4526,1060000002,1.a.d.3,exact,exact,1. Dig-in,Dig-in,Distribution,HFTD Tier 3,# ignitions,v4_native,No,,SDG&E does not consider this driver as a risk event,not applicable,SDG&E,2025,4,v4.01,3,4,SDGE_2025_Q4_R3.xlsx,Table 6,4,M4,https://efiling.energysafety.ca.gov/eFiling/Getfile.aspx?fileid=58132&shareable=true
T6R-ebf67cebd55b0111,1060000003,1.a.t.0,exact,exact,1. Dig-in,Dig-in,Transmission,Non-HFTD,# ignitions,v4_native,No,,SDG&E does not consider this driver as a risk event,not applicable,SDG&E,2025,4,v4.01,3,4,SDGE_2025_Q4_R3.xlsx,Table 6,5,M5,https://efiling.energysafety.ca.gov/eFiling/Getfile.aspx?fileid=58132&shareable=true
T6R-dff9a529748f18b4,1060000004,1.a.t.2,exact,exact,1. Dig-in,Dig-in,Transmission,HFTD Tier 2,# ignitions,v4_native,No,,SDG&E does not consider this driver as a risk event,not applicable,SDG&E,2025,4,v4.01,3,4,SDGE_2025_Q4_R3.xlsx,Table 6,6,M6,https://efiling.energysafety.ca.gov/eFiling/Getfile.aspx?fileid=58132&shareable=true
T6R-fefa29fe8410b369,1060000005,1.a.t.3,exact,exact,1. Dig-in,Dig-in,Transmission,HFTD Tier 3,# ignitions,v4_native,No,,SDG&E does not consider this driver as a risk event,not applicable,SDG&E,2025,4,v4.01,3,4,SDGE_2025_Q4_R3.xlsx,Table 6,7,M7,https://efiling.energysafety.ca.gov/eFiling/Getfile.aspx?fileid=58132&shareable=true
T6R-f775136f3f04f70d,1060000006,2.a.d.0,exact,exact,2. Contact from object,Animal contact,Distribution,Non-HFTD,# ignitions,v4_native,Yes,0,,,SDG&E,2025,4,v4.01,3,4,SDGE_2025_Q4_R3.xlsx,Table 6,8,M8,https://efiling.energysafety.ca.gov/eFiling/Getfile.aspx?fileid=58132&shareable=true
T6R-dd24c96d6f5e29c3,1060000007,2.a.d.2,exact,exact,2. Contact from object,Animal contact,Distribution,HFTD Tier 2,# ignitions,v4_native,Yes,0,,,SDG&E,2025,4,v4.01,3,4,SDGE_2025_Q4_R3.xlsx,Table 6,9,M9,https://efiling.energysafety.ca.gov/eFiling/Getfile.aspx?fileid=58132&shareable=true
T6R-26ed885dba96d1d3,1060000008,2.a.d.3,exact,exact,2. Contact from object,Animal contact,Distribution,HFTD Tier 3,# ignitions,v4_native,Yes,0,,,SDG&E,2025,4,v4.01,3,4,SDGE_2025_Q4_R3.xlsx,Table 6,10,M10,https://efiling.energysafety.ca.gov/eFiling/Getfile.aspx?fileid=58132&shareable=true
T6R-a6b365b136c63ced,1060000009,2.a.t.0,exact,exact,2. Contact from object,Animal contact,Transmission,Non-HFTD,# ignitions,v4_native,Yes,0,,,SDG&E,2025,4,v4.01,3,4,SDGE_2025_Q4_R3.xlsx,Table 6,11,M11,https://efiling.energysafety.ca.gov/eFiling/Getfile.aspx?fileid=58132&shareable=true
T6R-38603a1efd81c70a,1060000010,2.a.t.2,exact,exact,2. Contact from object,Animal contact,Transmission,HFTD Tier 2,# ignitions,v4_native,Yes,0,,,SDG&E,2025,4,v4.01,3,4,SDGE_2025_Q4_R3.xlsx,Table 6,12,M12,https://efiling.energysafety.ca.gov/eFiling/Getfile.aspx?fileid=58132&shareable=true
T6R-f585d04f9c07ab58,1060000011,2.a.t.3,exact,exact,2. Contact from object,Animal contact,Transmission,HFTD Tier 3,# ignitions,v4_native,Yes,0,,,SDG&E,2025,4,v4.01,3,4,SDGE_2025_Q4_R3.xlsx,Table 6,13,M13,https://efiling.energysafety.ca.gov/eFiling/Getfile.aspx?fileid=58132&shareable=true
T6R-9f255ac4d6edccb7,1060000012,2.b.d.0,exact,exact,2. Contact from object,Balloon contact,Distribution,Non-HFTD,# ignitions,v4_native,Yes,0,,,SDG&E,2025,4,v4.01,3,4,SDGE_2025_Q4_R3.xlsx,Table 6,14,M14,https://efiling.energysafety.ca.gov/eFiling/Getfile.aspx?fileid=58132&shareable=true
T6R-b7fe12ba26e5a698,1060000013,2.b.d.2,exact,exact,2. Contact from object,Balloon contact,Distribution,HFTD Tier 2,# ignitions,v4_native,Yes,0,,,SDG&E,2025,4,v4.01,3,4,SDGE_2025_Q4_R3.xlsx,Table 6,15,M15,https://efiling.energysafety.ca.gov/eFiling/Getfile.aspx?fileid=58132&shareable=true
T6R-831de9929004c285,1060000014,2.b.d.3,exact,exact,2. Contact from object,Balloon contact,Distribution,HFTD Tier 3,# ignitions,v4_native,Yes,0,,,SDG&E,2025,4,v4.01,3,4,SDGE_2025_Q4_R3.xlsx,Table 6,16,M16,https://efiling.energysafety.ca.gov/eFiling/Getfile.aspx?fileid=58132&shareable=true
T6R-4d3a38e952fd6141,1060000015,2.b.t.0,exact,exact,2. Contact from object,Balloon contact,Transmission,Non-HFTD,# ignitions,v4_native,Yes,0,,,SDG&E,2025,4,v4.01,3,4,SDGE_2025_Q4_R3.xlsx,Table 6,17,M17,https://efiling.energysafety.ca.gov/eFiling/Getfile.aspx?fileid=58132&shareable=true
T6R-c18c9c9a236ebd2c,1060000016,2.b.t.2,exact,exact,2. Contact from object,Balloon contact,Transmission,HFTD Tier 2,# ignitions,v4_native,Yes,0,,,SDG&E,2025,4,v4.01,3,4,SDGE_2025_Q4_R3.xlsx,Table 6,18,M18,https://efiling.energysafety.ca.gov/eFiling/Getfile.aspx?fileid=58132&shareable=true
T6R-b9665614b46ca533,1060000017,2.b.t.3,exact,exact,2. Contact from object,Balloon contact,Transmission,HFTD Tier 3,# ignitions,v4_native,Yes,0,,,SDG&E,2025,4,v4.01,3,4,SDGE_2025_Q4_R3.xlsx,Table 6,19,M19,https://efiling.energysafety.ca.gov/eFiling/Getfile.aspx?fileid=58132&shareable=true
T6R-a9d7dad61b060623,1060000018,2.c.d.0,exact,exact,2. Contact from object,Land vehicle contact,Distribution,Non-HFTD,# ignitions,v4_native,Yes,0,,,SDG&E,2025,4,v4.01,3,4,SDGE_2025_Q4_R3.xlsx,Table 6,20,M20,https://efiling.energysafety.ca.gov/eFiling/Getfile.aspx?fileid=58132&shareable=true
T6R-d327003e3e5b3788,1060000019,2.c.d.2,exact,exact,2. Contact from object,Land vehicle contact,Distribution,HFTD Tier 2,# ignitions,v4_native,Yes,0,,,SDG&E,2025,4,v4.01,3,4,SDGE_2025_Q4_R3.xlsx,Table 6,21,M21,https://efiling.energysafety.ca.gov/eFiling/Getfile.aspx?fileid=58132&shareable=true
T6R-6fe959455388aa53,1060000020,2.c.d.3,exact,exact,2. Contact from object,Land vehicle contact,Distribution,HFTD Tier 3,# ignitions,v4_native,Yes,0,,,SDG&E,2025,4,v4.01,3,4,SDGE_2025_Q4_R3.xlsx,Table 6,22,M22,https://efiling.energysafety.ca.gov/eFiling/Getfile.aspx?fileid=58132&shareable=true
T6R-581edc1ac8b60f20,1060000021,2.c.t.0,exact,exact,2. Contact from object,Land vehicle contact,Transmission,Non-HFTD,# ignitions,v4_native,Yes,0,,,SDG&E,2025,4,v4.01,3,4,SDGE_2025_Q4_R3.xlsx,Table 6,23,M23,https://efiling.energysafety.ca.gov/eFiling/Getfile.aspx?fileid=58132&shareable=true
T6R-72bd850ecc0e83f9,1060000022,2.c.t.2,exact,exact,2. Contact from object,Land vehicle contact,Transmission,HFTD Tier 2,# ignitions,v4_native,Yes,0,,,SDG&E,2025,4,v4.01,3,4,SDGE_2025_Q4_R3.xlsx,Table 6,24,M24,https://efiling.energysafety.ca.gov/eFiling/Getfile.aspx?fileid=58132&shareable=true
T6R-1b66e5da66a40468,1060000023,2.c.t.3,exact,exact,2. Contact from object,Land vehicle contact,Transmission,HFTD Tier 3,# ignitions,v4_native,Yes,0,,,SDG&E,2025,4,v4.01,3,4,SDGE_2025_Q4_R3.xlsx,Table 6,25,M25,https://efiling.energysafety.ca.gov/eFiling/Getfile.aspx?fileid=58132&shareable=true
T6R-e90eb1d5d4a618b3,1060000024,2.d.d.0,exact,exact,2. Contact from object,Aircraft vehicle contact,Distribution,Non-HFTD,# ignitions,v4_native,No,,SDG&E did not track this driver historically but can implement for future ignitions,not applicable,SDG&E,2025,4,v4.01,3,4,SDGE_2025_Q4_R3.xlsx,Table 6,26,M26,https://efiling.energysafety.ca.gov/eFiling/Getfile.aspx?fileid=58132&shareable=true
T6R-9e36dca9b0c1938c,1060000025,2.d.d.2,exact,exact,2. Contact from object,Aircraft vehicle contact,Distribution,HFTD Tier 2,# ignitions,v4_native,No,,SDG&E did not track this driver historically but can implement for future ignitions,not applicable,SDG&E,2025,4,v4.01,3,4,SDGE_2025_Q4_R3.xlsx,Table 6,27,M27,https://efiling.energysafety.ca.gov/eFiling/Getfile.aspx?fileid=58132&shareable=true
T6R-92556d740d3fba8e,1060000026,2.d.d.3,exact,exact,2. Contact from object,Aircraft vehicle contact,Distribution,HFTD Tier 3,# ignitions,v4_native,No,,SDG&E did not track this driver historically but can implement for future ignitions,not applicable,SDG&E,2025,4,v4.01,3,4,SDGE_2025_Q4_R3.xlsx,Table 6,28,M28,https://efiling.energysafety.ca.gov/eFiling/Getfile.aspx?fileid=58132&shareable=true
T6R-27d556d9808a3b8f,1060000027,2.d.t.0,exact,exact,2. Contact from object,Aircraft vehicle contact,Transmission,Non-HFTD,# ignitions,v4_native,No,,SDG&E did not track this driver historically but can implement for future ignitions,not applicable,SDG&E,2025,4,v4.01,3,4,SDGE_2025_Q4_R3.xlsx,Table 6,29,M29,https://efiling.energysafety.ca.gov/eFiling/Getfile.aspx?fileid=58132&shareable=true
T6R-981c78a54f748479,1060000028,2.d.t.2,exact,exact,2. Contact from object,Aircraft vehicle contact,Transmission,HFTD Tier 2,# ignitions,v4_native,No,,SDG&E did not track this driver historically but can implement for future ignitions,not applicable,SDG&E,2025,4,v4.01,3,4,SDGE_2025_Q4_R3.xlsx,Table 6,30,M30,https://efiling.energysafety.ca.gov/eFiling/Getfile.aspx?fileid=58132&shareable=true
T6R-320d66b6c39013d8,1060000029,2.d.t.3,exact,exact,2. Contact from object,Aircraft vehicle contact,Transmission,HFTD Tier 3,# ignitions,v4_native,No,,SDG&E did not track this driver historically but can implement for future ignitions,not applicable,SDG&E,2025,4,v4.01,3,4,SDGE_2025_Q4_R3.xlsx,Table 6,31,M31,https://efiling.energysafety.ca.gov/eFiling/Getfile.aspx?fileid=58132&shareable=true
T6R-8730f533732770d2,1060000030,2.e.d.0,exact,exact,2. Contact from object,3rd party facility,Distribution,Non-HFTD,# ignitions,v4_native,No,,"SDGE includes this metric in #11 ""Other""",not applicable,SDG&E,2025,4,v4.01,3,4,SDGE_2025_Q4_R3.xlsx,Table 6,32,M32,https://efiling.energysafety.ca.gov/eFiling/Getfile.aspx?fileid=58132&shareable=true
T6R-48014999f5781a17,1060000031,2.e.d.2,exact,exact,2. Contact from object,3rd party facility,Distribution,HFTD Tier 2,# ignitions,v4_native,No,,"SDGE includes this metric in #11 ""Other""",not applicable,SDG&E,2025,4,v4.01,3,4,SDGE_2025_Q4_R3.xlsx,Table 6,33,M33,https://efiling.energysafety.ca.gov/eFiling/Getfile.aspx?fileid=58132&shareable=true
T6R-572bb745393c543a,1060000032,2.e.d.3,exact,exact,2. Contact from object,3rd party facility,Distribution,HFTD Tier 3,# ignitions,v4_native,No,,"SDGE includes this metric in #11 ""Other""",not applicable,SDG&E,2025,4,v4.01,3,4,SDGE_2025_Q4_R3.xlsx,Table 6,34,M34,https://efiling.energysafety.ca.gov/eFiling/Getfile.aspx?fileid=58132&shareable=true
T6R-6a2e3e2de394d8a1,1060000033,2.e.t.0,exact,exact,2. Contact from object,3rd party facility,Transmission,Non-HFTD,# ignitions,v4_native,No,,"SDGE includes this metric in #11 ""Other""",not applicable,SDG&E,2025,4,v4.01,3,4,SDGE_2025_Q4_R3.xlsx,Table 6,35,M35,https://efiling.energysafety.ca.gov/eFiling/Getfile.aspx?fileid=58132&shareable=true
T6R-8595c3326cf9deaf,1060000034,2.e.t.2,exact,exact,2. Contact from object,3rd party facility,Transmission,HFTD Tier 2,# ignitions,v4_native,No,,"SDGE includes this metric in #11 ""Other""",not applicable,SDG&E,2025,4,v4.01,3,4,SDGE_2025_Q4_R3.xlsx,Table 6,36,M36,https://efiling.energysafety.ca.gov/eFiling/Getfile.aspx?fileid=58132&shareable=true
T6R-37e5de395de44fdd,1060000035,2.e.t.3,exact,exact,2. Contact from object,3rd party facility,Transmission,HFTD Tier 3,# ignitions,v4_native,No,,"SDGE includes this metric in #11 ""Other""",not applicable,SDG&E,2025,4,v4.01,3,4,SDGE_2025_Q4_R3.xlsx,Table 6,37,M37,https://efiling.energysafety.ca.gov/eFiling/Getfile.aspx?fileid=58132&shareable=true
T6R-71c705e40693de50,1060000036,2.f.d.0,exact,canonical_label_update,2. Contact from object,Unknown (contact from object),Distribution,Non-HFTD,# ignitions,v4_native,No,,SDG&E does not currently track this driver,not applicable,SDG&E,2025,4,v4.01,3,4,SDGE_2025_Q4_R3.xlsx,Table 6,38,M38,https://efiling.energysafety.ca.gov/eFiling/Getfile.aspx?fileid=58132&shareable=true
T6R-9178e96cc12ee384,1060000037,2.f.d.2,exact,canonical_label_update,2. Contact from object,Unknown (contact from object),Distribution,HFTD Tier 2,# ignitions,v4_native,No,,SDG&E does not currently track this driver,not applicable,SDG&E,2025,4,v4.01,3,4,SDGE_2025_Q4_R3.xlsx,Table 6,39,M39,https://efiling.energysafety.ca.gov/eFiling/Getfile.aspx?fileid=58132&shareable=true
T6R-bb9f0dca98082736,1060000038,2.f.d.3,exact,canonical_label_update,2. Contact from object,Unknown (contact from object),Distribution,HFTD Tier 3,# ignitions,v4_native,No,,SDG&E does not currently track this driver,not applicable,SDG&E,2025,4,v4.01,3,4,SDGE_2025_Q4_R3.xlsx,Table 6,40,M40,https://efiling.energysafety.ca.gov/eFiling/Getfile.aspx?fileid=58132&shareable=true
T6R-f4710a5b1fbc6057,1060000039,2.f.t.0,exact,canonical_label_update,2. Contact from object,Unknown (contact from object),Transmission,Non-HFTD,# ignitions,v4_native,No,,SDG&E does not currently track this driver,not applicable,SDG&E,2025,4,v4.01,3,4,SDGE_2025_Q4_R3.xlsx,Table 6,41,M41,https://efiling.energysafety.ca.gov/eFiling/Getfile.aspx?fileid=58132&shareable=true
T6R-89689b55cfb1ceed,1060000040,2.f.t.2,exact,canonical_label_update,2. Contact from object,Unknown (contact from object),Transmission,HFTD Tier 2,# ignitions,v4_native,No,,SDG&E does not currently track this driver,not applicable,SDG&E,2025,4,v4.01,3,4,SDGE_2025_Q4_R3.xlsx,Table 6,42,M42,https://efiling.energysafety.ca.gov/eFiling/Getfile.aspx?fileid=58132&shareable=true
T6R-73ac792585fd5883,1060000041,2.f.t.3,exact,canonical_label_update,2. Contact from object,Unknown (contact from object),Transmission,HFTD Tier 3,# ignitions,v4_native,No,,SDG&E does not currently track this driver,not applicable,SDG&E,2025,4,v4.01,3,4,SDGE_2025_Q4_R3.xlsx,Table 6,43,M43,https://efiling.energysafety.ca.gov/eFiling/Getfile.aspx?fileid=58132&shareable=true
T6R-c3bccc8470b4d6a1,1060000042,2.g.d.0,exact,canonical_label_update,2. Contact from object,Other (contact from object),Distribution,Non-HFTD,# ignitions,v4_native,Yes,0,,,SDG&E,2025,4,v4.01,3,4,SDGE_2025_Q4_R3.xlsx,Table 6,44,M44,https://efiling.energysafety.ca.gov/eFiling/Getfile.aspx?fileid=58132&shareable=true
T6R-9c90e01df67d148d,1060000043,2.g.d.2,exact,canonical_label_update,2. Contact from object,Other (contact from object),Distribution,HFTD Tier 2,# ignitions,v4_native,Yes,0,,,SDG&E,2025,4,v4.01,3,4,SDGE_2025_Q4_R3.xlsx,Table 6,45,M45,https://efiling.energysafety.ca.gov/eFiling/Getfile.aspx?fileid=58132&shareable=true
T6R-72285d13cc76a36e,1060000044,2.g.d.3,exact,canonical_label_update,2. Contact from object,Other (contact from object),Distribution,HFTD Tier 3,# ignitions,v4_native,Yes,0,,,SDG&E,2025,4,v4.01,3,4,SDGE_2025_Q4_R3.xlsx,Table 6,46,M46,https://efiling.energysafety.ca.gov/eFiling/Getfile.aspx?fileid=58132&shareable=true
T6R-5864a7b7e770e6d2,1060000045,2.g.t.0,exact,canonical_label_update,2. Contact from object,Other (contact from object),Transmission,Non-HFTD,# ignitions,v4_native,Yes,0,,,SDG&E,2025,4,v4.01,3,4,SDGE_2025_Q4_R3.xlsx,Table 6,47,M47,https://efiling.energysafety.ca.gov/eFiling/Getfile.aspx?fileid=58132&shareable=true
T6R-2419e9610f496cc4,1060000046,2.g.t.2,exact,canonical_label_update,2. Contact from object,Other (contact from object),Transmission,HFTD Tier 2,# ignitions,v4_native,Yes,0,,,SDG&E,2025,4,v4.01,3,4,SDGE_2025_Q4_R3.xlsx,Table 6,48,M48,https://efiling.energysafety.ca.gov/eFiling/Getfile.aspx?fileid=58132&shareable=true
T6R-eb26ae6b28f3105f,1060000047,2.g.t.3,exact,canonical_label_update,2. Contact from object,Other (contact from object),Transmission,HFTD Tier 3,# ignitions,v4_native,Yes,0,,,SDG&E,2025,4,v4.01,3,4,SDGE_2025_Q4_R3.xlsx,Table 6,49,M49,https://efiling.energysafety.ca.gov/eFiling/Getfile.aspx?fileid=58132&shareable=true
T6R-628de76b58ed8bfe,1060000048,3.a.d.0,exact,exact,3. Vegetation contact,Vegetation contact,Distribution,Non-HFTD,# ignitions,v4_native,Yes,0,,,SDG&E,2025,4,v4.01,3,4,SDGE_2025_Q4_R3.xlsx,Table 6,50,M50,https://efiling.energysafety.ca.gov/eFiling/Getfile.aspx?fileid=58132&shareable=true
T6R-e844fa47b87de4df,1060000049,3.a.d.2,exact,exact,3. Vegetation contact,Vegetation contact,Distribution,HFTD Tier 2,# ignitions,v4_native,Yes,0,,,SDG&E,2025,4,v4.01,3,4,SDGE_2025_Q4_R3.xlsx,Table 6,51,M51,https://efiling.energysafety.ca.gov/eFiling/Getfile.aspx?fileid=58132&shareable=true
T6R-a14a3b3ed96c2938,1060000050,3.a.d.3,exact,exact,3. Vegetation contact,Vegetation contact,Distribution,HFTD Tier 3,# ignitions,v4_native,Yes,0,,,SDG&E,2025,4,v4.01,3,4,SDGE_2025_Q4_R3.xlsx,Table 6,52,M52,https://efiling.energysafety.ca.gov/eFiling/Getfile.aspx?fileid=58132&shareable=true
T6R-4a54ddc62dd2771d,1060000051,3.a.t.0,exact,exact,3. Vegetation contact,Vegetation contact,Transmission,Non-HFTD,# ignitions,v4_native,Yes,0,,,SDG&E,2025,4,v4.01,3,4,SDGE_2025_Q4_R3.xlsx,Table 6,53,M53,https://efiling.energysafety.ca.gov/eFiling/Getfile.aspx?fileid=58132&shareable=true
T6R-ee1ea58fdfbe06cb,1060000052,3.a.t.2,exact,exact,3. Vegetation contact,Vegetation contact,Transmission,HFTD Tier 2,# ignitions,v4_native,Yes,0,,,SDG&E,2025,4,v4.01,3,4,SDGE_2025_Q4_R3.xlsx,Table 6,54,M54,https://efiling.energysafety.ca.gov/eFiling/Getfile.aspx?fileid=58132&shareable=true
T6R-5265ebc4e9f268d3,1060000053,3.a.t.3,exact,exact,3. Vegetation contact,Vegetation contact,Transmission,HFTD Tier 3,# ignitions,v4_native,Yes,0,,,SDG&E,2025,4,v4.01,3,4,SDGE_2025_Q4_R3.xlsx,Table 6,55,M55,https://efiling.energysafety.ca.gov/eFiling/Getfile.aspx?fileid=58132&shareable=true
T6R-d1420f803fd55f94,1060000054,4.a.d.0,corrected_in_v3_2,canonical_label_update,4. Equipment / facility failure or damage,Anchor / guy,Distribution,Non-HFTD,# ignitions,v4_native,Yes,0,,,SDG&E,2025,4,v4.01,3,4,SDGE_2025_Q4_R3.xlsx,Table 6,56,M56,https://efiling.energysafety.ca.gov/eFiling/Getfile.aspx?fileid=58132&shareable=true
T6R-8f8b99d05174ee05,1060000055,4.a.d.2,exact,canonical_label_update,4. Equipment / facility failure or damage,Anchor / guy,Distribution,HFTD Tier 2,# ignitions,v4_native,Yes,0,,,SDG&E,2025,4,v4.01,3,4,SDGE_2025_Q4_R3.xlsx,Table 6,57,M57,https://efiling.energysafety.ca.gov/eFiling/Getfile.aspx?fileid=58132&shareable=true
T6R-d9ba1d0b0130c59f,1060000056,4.a.d.3,exact,canonical_label_update,4. Equipment / facility failure or damage,Anchor / guy,Distribution,HFTD Tier 3,# ignitions,v4_native,Yes,0,,,SDG&E,2025,4,v4.01,3,4,SDGE_2025_Q4_R3.xlsx,Table 6,58,M58,https://efiling.energysafety.ca.gov/eFiling/Getfile.aspx?fileid=58132&shareable=true
T6R-5b998b6dcba0c63e,1060000057,4.a.t.0,exact,canonical_label_update,4. Equipment / facility failure or damage,Anchor / guy,Transmission,Non-HFTD,# ignitions,v4_native,Yes,0,,,SDG&E,2025,4,v4.01,3,4,SDGE_2025_Q4_R3.xlsx,Table 6,59,M59,https://efiling.energysafety.ca.gov/eFiling/Getfile.aspx?fileid=58132&shareable=true
T6R-381420f533ecf868,1060000058,4.a.t.2,exact,canonical_label_update,4. Equipment / facility failure or damage,Anchor / guy,Transmission,HFTD Tier 2,# ignitions,v4_native,Yes,0,,,SDG&E,2025,4,v4.01,3,4,SDGE_2025_Q4_R3.xlsx,Table 6,60,M60,https://efiling.energysafety.ca.gov/eFiling/Getfile.aspx?fileid=58132&shareable=true
T6R-21a9d59f0146b2c6,1060000059,4.a.t.3,exact,canonical_label_update,4. Equipment / facility failure or damage,Anchor / guy,Transmission,HFTD Tier 3,# ignitions,v4_native,Yes,0,,,SDG&E,2025,4,v4.01,3,4,SDGE_2025_Q4_R3.xlsx,Table 6,61,M61,https://efiling.energysafety.ca.gov/eFiling/Getfile.aspx?fileid=58132&shareable=true
T6R-32e6bcc0d40cf0b2,1060000060,4.b.d.0,exact,exact,4. Equipment / facility failure or damage,Capacitor bank,Distribution,Non-HFTD,# ignitions,v4_native,Yes,0,,,SDG&E,2025,4,v4.01,3,4,SDGE_2025_Q4_R3.xlsx,Table 6,62,M62,https://efiling.energysafety.ca.gov/eFiling/Getfile.aspx?fileid=58132&shareable=true
T6R-82d8dba93192ece5,1060000061,4.b.d.2,exact,exact,4. Equipment / facility failure or damage,Capacitor bank,Distribution,HFTD Tier 2,# ignitions,v4_native,Yes,0,,,SDG&E,2025,4,v4.01,3,4,SDGE_2025_Q4_R3.xlsx,Table 6,63,M63,https://efiling.energysafety.ca.gov/eFiling/Getfile.aspx?fileid=58132&shareable=true
T6R-f4f00abcc8fe750c,1060000062,4.b.d.3,exact,exact,4. Equipment / facility failure or damage,Capacitor bank,Distribution,HFTD Tier 3,# ignitions,v4_native,Yes,0,,,SDG&E,2025,4,v4.01,3,4,SDGE_2025_Q4_R3.xlsx,Table 6,64,M64,https://efiling.energysafety.ca.gov/eFiling/Getfile.aspx?fileid=58132&shareable=true
T6R-47c81f29f8dc5eae,1060000063,4.b.t.0,exact,exact,4. Equipment / facility failure or damage,Capacitor bank,Transmission,Non-HFTD,# ignitions,v4_native,Yes,0,,,SDG&E,2025,4,v4.01,3,4,SDGE_2025_Q4_R3.xlsx,Table 6,65,M65,https://efiling.energysafety.ca.gov/eFiling/Getfile.aspx?fileid=58132&shareable=true
T6R-868d7d1b034157ea,1060000064,4.b.t.2,exact,exact,4. Equipment / facility failure or damage,Capacitor bank,Transmission,HFTD Tier 2,# ignitions,v4_native,Yes,0,,,SDG&E,2025,4,v4.01,3,4,SDGE_2025_Q4_R3.xlsx,Table 6,66,M66,https://efiling.energysafety.ca.gov/eFiling/Getfile.aspx?fileid=58132&shareable=true
T6R-762da8a53240f2a6,1060000065,4.b.t.3,exact,exact,4. Equipment / facility failure or damage,Capacitor bank,Transmission,HFTD Tier 3,# ignitions,v4_native,Yes,0,,,SDG&E,2025,4,v4.01,3,4,SDGE_2025_Q4_R3.xlsx,Table 6,67,M67,https://efiling.energysafety.ca.gov/eFiling/Getfile.aspx?fileid=58132&shareable=true
T6R-a068d6353db15d92,1060000066,4.c.d.0,exact,exact,4. Equipment / facility failure or damage,Conductor,Distribution,Non-HFTD,# ignitions,v4_native,Yes,0,,,SDG&E,2025,4,v4.01,3,4,SDGE_2025_Q4_R3.xlsx,Table 6,68,M68,https://efiling.energysafety.ca.gov/eFiling/Getfile.aspx?fileid=58132&shareable=true
T6R-9df058cfcee8c418,1060000067,4.c.d.2,exact,exact,4. Equipment / facility failure or damage,Conductor,Distribution,HFTD Tier 2,# ignitions,v4_native,Yes,0,,,SDG&E,2025,4,v4.01,3,4,SDGE_2025_Q4_R3.xlsx,Table 6,69,M69,https://efiling.energysafety.ca.gov/eFiling/Getfile.aspx?fileid=58132&shareable=true
T6R-04c9824ab883e0ed,1060000068,4.c.d.3,exact,exact,4. Equipment / facility failure or damage,Conductor,Distribution,HFTD Tier 3,# ignitions,v4_native,Yes,0,,,SDG&E,2025,4,v4.01,3,4,SDGE_2025_Q4_R3.xlsx,Table 6,70,M70,https://efiling.energysafety.ca.gov/eFiling/Getfile.aspx?fileid=58132&shareable=true
T6R-0ae6206fbbe5a1c9,1060000069,4.c.t.0,exact,exact,4. Equipment / facility failure or damage,Conductor,Transmission,Non-HFTD,# ignitions,v4_native,Yes,0,,,SDG&E,2025,4,v4.01,3,4,SDGE_2025_Q4_R3.xlsx,Table 6,71,M71,https://efiling.energysafety.ca.gov/eFiling/Getfile.aspx?fileid=58132&shareable=true
T6R-b8e1574f30f37fd8,1060000070,4.c.t.2,exact,exact,4. Equipment / facility failure or damage,Conductor,Transmission,HFTD Tier 2,# ignitions,v4_native,Yes,0,,,SDG&E,2025,4,v4.01,3,4,SDGE_2025_Q4_R3.xlsx,Table 6,72,M72,https://efiling.energysafety.ca.gov/eFiling/Getfile.aspx?fileid=58132&shareable=true
T6R-4991ef480d78763e,1060000071,4.c.t.3,exact,exact,4. Equipment / facility failure or damage,Conductor,Transmission,HFTD Tier 3,# ignitions,v4_native,Yes,0,,,SDG&E,2025,4,v4.01,3,4,SDGE_2025_Q4_R3.xlsx,Table 6,73,M73,https://efiling.energysafety.ca.gov/eFiling/Getfile.aspx?fileid=58132&shareable=true
T6R-cc9419f1580f1dc7,1060000072,4.d.d.0,exact,exact,4. Equipment / facility failure or damage,Connection device,Distribution,Non-HFTD,# ignitions,v4_native,Yes,0,,,SDG&E,2025,4,v4.01,3,4,SDGE_2025_Q4_R3.xlsx,Table 6,74,M74,https://efiling.energysafety.ca.gov/eFiling/Getfile.aspx?fileid=58132&shareable=true
T6R-d7e95ae3d8a1b35f,1060000073,4.d.d.2,exact,exact,4. Equipment / facility failure or damage,Connection device,Distribution,HFTD Tier 2,# ignitions,v4_native,Yes,0,,,SDG&E,2025,4,v4.01,3,4,SDGE_2025_Q4_R3.xlsx,Table 6,75,M75,https://efiling.energysafety.ca.gov/eFiling/Getfile.aspx?fileid=58132&shareable=true
T6R-029156cd6bd3ae91,1060000074,4.d.d.3,exact,exact,4. Equipment / facility failure or damage,Connection device,Distribution,HFTD Tier 3,# ignitions,v4_native,Yes,0,,,SDG&E,2025,4,v4.01,3,4,SDGE_2025_Q4_R3.xlsx,Table 6,76,M76,https://efiling.energysafety.ca.gov/eFiling/Getfile.aspx?fileid=58132&shareable=true
T6R-2f7ccaa960158926,1060000075,4.d.t.0,exact,exact,4. Equipment / facility failure or damage,Connection device,Transmission,Non-HFTD,# ignitions,v4_native,Yes,0,,,SDG&E,2025,4,v4.01,3,4,SDGE_2025_Q4_R3.xlsx,Table 6,77,M77,https://efiling.energysafety.ca.gov/eFiling/Getfile.aspx?fileid=58132&shareable=true
T6R-cde27803b23f0194,1060000076,4.d.t.2,exact,exact,4. Equipment / facility failure or damage,Connection device,Transmission,HFTD Tier 2,# ignitions,v4_native,Yes,0,,,SDG&E,2025,4,v4.01,3,4,SDGE_2025_Q4_R3.xlsx,Table 6,78,M78,https://efiling.energysafety.ca.gov/eFiling/Getfile.aspx?fileid=58132&shareable=true
T6R-d1a88f29b4e88288,1060000077,4.d.t.3,exact,exact,4. Equipment / facility failure or damage,Connection device,Transmission,HFTD Tier 3,# ignitions,v4_native,Yes,0,,,SDG&E,2025,4,v4.01,3,4,SDGE_2025_Q4_R3.xlsx,Table 6,79,M79,https://efiling.energysafety.ca.gov/eFiling/Getfile.aspx?fileid=58132&shareable=true
T6R-c00dad54ce52ea12,1060000078,4.e.d.0,exact,exact,4. Equipment / facility failure or damage,Crossarm,Distribution,Non-HFTD,# ignitions,v4_native,Yes,0,,,SDG&E,2025,4,v4.01,3,4,SDGE_2025_Q4_R3.xlsx,Table 6,80,M80,https://efiling.energysafety.ca.gov/eFiling/Getfile.aspx?fileid=58132&shareable=true
T6R-527fbc40fe66b889,1060000079,4.e.d.2,exact,exact,4. Equipment / facility failure or damage,Crossarm,Distribution,HFTD Tier 2,# ignitions,v4_native,Yes,0,,,SDG&E,2025,4,v4.01,3,4,SDGE_2025_Q4_R3.xlsx,Table 6,81,M81,https://efiling.energysafety.ca.gov/eFiling/Getfile.aspx?fileid=58132&shareable=true
T6R-814ee754b64d15e2,1060000080,4.e.d.3,exact,exact,4. Equipment / facility failure or damage,Crossarm,Distribution,HFTD Tier 3,# ignitions,v4_native,Yes,0,,,SDG&E,2025,4,v4.01,3,4,SDGE_2025_Q4_R3.xlsx,Table 6,82,M82,https://efiling.energysafety.ca.gov/eFiling/Getfile.aspx?fileid=58132&shareable=true
T6R-e2e66e241d41f831,1060000081,4.e.t.0,exact,exact,4. Equipment / facility failure or damage,Crossarm,Transmission,Non-HFTD,# ignitions,v4_native,Yes,0,,,SDG&E,2025,4,v4.01,3,4,SDGE_2025_Q4_R3.xlsx,Table 6,83,M83,https://efiling.energysafety.ca.gov/eFiling/Getfile.aspx?fileid=58132&shareable=true
T6R-d75092f4bc7689e2,1060000082,4.e.t.2,exact,exact,4. Equipment / facility failure or damage,Crossarm,Transmission,HFTD Tier 2,# ignitions,v4_native,Yes,0,,,SDG&E,2025,4,v4.01,3,4,SDGE_2025_Q4_R3.xlsx,Table 6,84,M84,https://efiling.energysafety.ca.gov/eFiling/Getfile.aspx?fileid=58132&shareable=true
T6R-80d1c43f2f57cdd4,1060000083,4.e.t.3,exact,exact,4. Equipment / facility failure or damage,Crossarm,Transmission,HFTD Tier 3,# ignitions,v4_native,Yes,0,,,SDG&E,2025,4,v4.01,3,4,SDGE_2025_Q4_R3.xlsx,Table 6,85,M85,https://efiling.energysafety.ca.gov/eFiling/Getfile.aspx?fileid=58132&shareable=true
T6R-2bb27c324722f625,1060000084,4.f.d.0,exact,exact,4. Equipment / facility failure or damage,Fuse,Distribution,Non-HFTD,# ignitions,v4_native,Yes,0,,,SDG&E,2025,4,v4.01,3,4,SDGE_2025_Q4_R3.xlsx,Table 6,86,M86,https://efiling.energysafety.ca.gov/eFiling/Getfile.aspx?fileid=58132&shareable=true
T6R-5a22e8995bffd081,1060000085,4.f.d.2,exact,exact,4. Equipment / facility failure or damage,Fuse,Distribution,HFTD Tier 2,# ignitions,v4_native,Yes,0,,,SDG&E,2025,4,v4.01,3,4,SDGE_2025_Q4_R3.xlsx,Table 6,87,M87,https://efiling.energysafety.ca.gov/eFiling/Getfile.aspx?fileid=58132&shareable=true
T6R-b38ab9629eef98bc,1060000086,4.f.d.3,exact,exact,4. Equipment / facility failure or damage,Fuse,Distribution,HFTD Tier 3,# ignitions,v4_native,Yes,0,,,SDG&E,2025,4,v4.01,3,4,SDGE_2025_Q4_R3.xlsx,Table 6,88,M88,https://efiling.energysafety.ca.gov/eFiling/Getfile.aspx?fileid=58132&shareable=true
T6R-96cd2977a193c2b3,1060000087,4.f.t.0,exact,exact,4. Equipment / facility failure or damage,Fuse,Transmission,Non-HFTD,# ignitions,v4_native,Yes,0,,,SDG&E,2025,4,v4.01,3,4,SDGE_2025_Q4_R3.xlsx,Table 6,89,M89,https://efiling.energysafety.ca.gov/eFiling/Getfile.aspx?fileid=58132&shareable=true
T6R-5b84d00f14a86ea5,1060000088,4.f.t.2,exact,exact,4. Equipment / facility failure or damage,Fuse,Transmission,HFTD Tier 2,# ignitions,v4_native,Yes,0,,,SDG&E,2025,4,v4.01,3,4,SDGE_2025_Q4_R3.xlsx,Table 6,90,M90,https://efiling.energysafety.ca.gov/eFiling/Getfile.aspx?fileid=58132&shareable=true
T6R-61ce64f5f7df5854,1060000089,4.f.t.3,exact,exact,4. Equipment / facility failure or damage,Fuse,Transmission,HFTD Tier 3,# ignitions,v4_native,Yes,0,,,SDG&E,2025,4,v4.01,3,4,SDGE_2025_Q4_R3.xlsx,Table 6,91,M91,https://efiling.energysafety.ca.gov/eFiling/Getfile.aspx?fileid=58132&shareable=true
T6R-2b27cdf142e2f8ea,1060000090,4.g.d.0,exact,exact,4. Equipment / facility failure or damage,Cutout,Distribution,Non-HFTD,# ignitions,v4_native,No,,SDG&E did not track this driver historically but can implement for future ignitions,not applicable,SDG&E,2025,4,v4.01,3,4,SDGE_2025_Q4_R3.xlsx,Table 6,92,M92,https://efiling.energysafety.ca.gov/eFiling/Getfile.aspx?fileid=58132&shareable=true
T6R-f76fd54fd54ac094,1060000091,4.g.d.2,exact,exact,4. Equipment / facility failure or damage,Cutout,Distribution,HFTD Tier 2,# ignitions,v4_native,No,,SDG&E did not track this driver historically but can implement for future ignitions,not applicable,SDG&E,2025,4,v4.01,3,4,SDGE_2025_Q4_R3.xlsx,Table 6,93,M93,https://efiling.energysafety.ca.gov/eFiling/Getfile.aspx?fileid=58132&shareable=true
T6R-9389577fc52ff4e3,1060000092,4.g.d.3,exact,exact,4. Equipment / facility failure or damage,Cutout,Distribution,HFTD Tier 3,# ignitions,v4_native,No,,SDG&E did not track this driver historically but can implement for future ignitions,not applicable,SDG&E,2025,4,v4.01,3,4,SDGE_2025_Q4_R3.xlsx,Table 6,94,M94,https://efiling.energysafety.ca.gov/eFiling/Getfile.aspx?fileid=58132&shareable=true
T6R-5fd6ce2d19994af8,1060000093,4.g.t.0,exact,exact,4. Equipment / facility failure or damage,Cutout,Transmission,Non-HFTD,# ignitions,v4_native,No,,SDG&E did not track this driver historically but can implement for future ignitions,not applicable,SDG&E,2025,4,v4.01,3,4,SDGE_2025_Q4_R3.xlsx,Table 6,95,M95,https://efiling.energysafety.ca.gov/eFiling/Getfile.aspx?fileid=58132&shareable=true
T6R-9db1ab5eccd7feff,1060000094,4.g.t.2,exact,exact,4. Equipment / facility failure or damage,Cutout,Transmission,HFTD Tier 2,# ignitions,v4_native,No,,SDG&E did not track this driver historically but can implement for future ignitions,not applicable,SDG&E,2025,4,v4.01,3,4,SDGE_2025_Q4_R3.xlsx,Table 6,96,M96,https://efiling.energysafety.ca.gov/eFiling/Getfile.aspx?fileid=58132&shareable=true
T6R-f2e89ac909714f50,1060000095,4.g.t.3,exact,exact,4. Equipment / facility failure or damage,Cutout,Transmission,HFTD Tier 3,# ignitions,v4_native,No,,SDG&E did not track this driver historically but can implement for future ignitions,not applicable,SDG&E,2025,4,v4.01,3,4,SDGE_2025_Q4_R3.xlsx,Table 6,97,M97,https://efiling.energysafety.ca.gov/eFiling/Getfile.aspx?fileid=58132&shareable=true
T6R-f910ac3af032729f,1060000096,4.h.d.0,corrected_in_v3_2,exact,4. Equipment / facility failure or damage,Insulator and bushing,Distribution,Non-HFTD,# ignitions,v4_native,Yes,0,,,SDG&E,2025,4,v4.01,3,4,SDGE_2025_Q4_R3.xlsx,Table 6,98,M98,https://efiling.energysafety.ca.gov/eFiling/Getfile.aspx?fileid=58132&shareable=true
T6R-286ee0b5535735d6,1060000097,4.h.d.2,corrected_in_v3_2,exact,4. Equipment / facility failure or damage,Insulator and bushing,Distribution,HFTD Tier 2,# ignitions,v4_native,Yes,0,,,SDG&E,2025,4,v4.01,3,4,SDGE_2025_Q4_R3.xlsx,Table 6,99,M99,https://efiling.energysafety.ca.gov/eFiling/Getfile.aspx?fileid=58132&shareable=true
T6R-d7e415c57965066e,1060000098,4.h.d.3,corrected_in_v3_2,exact,4. Equipment / facility failure or damage,Insulator and bushing,Distribution,HFTD Tier 3,# ignitions,v4_native,Yes,0,,,SDG&E,2025,4,v4.01,3,4,SDGE_2025_Q4_R3.xlsx,Table 6,100,M100,https://efiling.energysafety.ca.gov/eFiling/Getfile.aspx?fileid=58132&shareable=true
T6R-faad4b213ab8cac0,1060000099,4.h.t.0,corrected_in_v3_2,exact,4. Equipment / facility failure or damage,Insulator and bushing,Transmission,Non-HFTD,# ignitions,v4_native,Yes,0,,,SDG&E,2025,4,v4.01,3,4,SDGE_2025_Q4_R3.xlsx,Table 6,101,M101,https://efiling.energysafety.ca.gov/eFiling/Getfile.aspx?fileid=58132&shareable=true
T6R-cb722c7eaf298d93,1060000100,4.h.t.2,corrected_in_v3_2,exact,4. Equipment / facility failure or damage,Insulator and bushing,Transmission,HFTD Tier 2,# ignitions,v4_native,Yes,0,,,SDG&E,2025,4,v4.01,3,4,SDGE_2025_Q4_R3.xlsx,Table 6,102,M102,https://efiling.energysafety.ca.gov/eFiling/Getfile.aspx?fileid=58132&shareable=true
T6R-2280b51ca617e3bd,1060000101,4.h.t.3,corrected_in_v3_2,exact,4. Equipment / facility failure or damage,Insulator and bushing,Transmission,HFTD Tier 3,# ignitions,v4_native,Yes,0,,,SDG&E,2025,4,v4.01,3,4,SDGE_2025_Q4_R3.xlsx,Table 6,103,M103,https://efiling.energysafety.ca.gov/eFiling/Getfile.aspx?fileid=58132&shareable=true
T6R-c8d778d237df673f,1060000102,4.i.d.0,corrected_in_v3_2,exact,4. Equipment / facility failure or damage,Lightning arrester,Distribution,Non-HFTD,# ignitions,v4_native,Yes,0,,,SDG&E,2025,4,v4.01,3,4,SDGE_2025_Q4_R3.xlsx,Table 6,104,M104,https://efiling.energysafety.ca.gov/eFiling/Getfile.aspx?fileid=58132&shareable=true
T6R-6d3c9003c4ba304b,1060000103,4.i.d.2,corrected_in_v3_2,exact,4. Equipment / facility failure or damage,Lightning arrester,Distribution,HFTD Tier 2,# ignitions,v4_native,Yes,0,,,SDG&E,2025,4,v4.01,3,4,SDGE_2025_Q4_R3.xlsx,Table 6,105,M105,https://efiling.energysafety.ca.gov/eFiling/Getfile.aspx?fileid=58132&shareable=true
T6R-f3ef611f7432f397,1060000104,4.i.d.3,corrected_in_v3_2,exact,4. Equipment / facility failure or damage,Lightning arrester,Distribution,HFTD Tier 3,# ignitions,v4_native,Yes,0,,,SDG&E,2025,4,v4.01,3,4,SDGE_2025_Q4_R3.xlsx,Table 6,106,M106,https://efiling.energysafety.ca.gov/eFiling/Getfile.aspx?fileid=58132&shareable=true
T6R-c96b32cb4688a843,1060000105,4.i.t.0,corrected_in_v3_2,exact,4. Equipment / facility failure or damage,Lightning arrester,Transmission,Non-HFTD,# ignitions,v4_native,Yes,0,,,SDG&E,2025,4,v4.01,3,4,SDGE_2025_Q4_R3.xlsx,Table 6,107,M107,https://efiling.energysafety.ca.gov/eFiling/Getfile.aspx?fileid=58132&shareable=true
T6R-9d0eca8672756acb,1060000106,4.i.t.2,corrected_in_v3_2,exact,4. Equipment / facility failure or damage,Lightning arrester,Transmission,HFTD Tier 2,# ignitions,v4_native,Yes,0,,,SDG&E,2025,4,v4.01,3,4,SDGE_2025_Q4_R3.xlsx,Table 6,108,M108,https://efiling.energysafety.ca.gov/eFiling/Getfile.aspx?fileid=58132&shareable=true
T6R-acdddea0f7536ead,1060000107,4.i.t.3,corrected_in_v3_2,exact,4. Equipment / facility failure or damage,Lightning arrester,Transmission,HFTD Tier 3,# ignitions,v4_native,Yes,0,,,SDG&E,2025,4,v4.01,3,4,SDGE_2025_Q4_R3.xlsx,Table 6,109,M109,https://efiling.energysafety.ca.gov/eFiling/Getfile.aspx?fileid=58132&shareable=true
T6R-5ac5a90da50999f5,1060000108,4.j.d.0,exact,exact,4. Equipment / facility failure or damage,Pole,Distribution,Non-HFTD,# ignitions,v4_native,Yes,0,,,SDG&E,2025,4,v4.01,3,4,SDGE_2025_Q4_R3.xlsx,Table 6,110,M110,https://efiling.energysafety.ca.gov/eFiling/Getfile.aspx?fileid=58132&shareable=true
T6R-08ac4e626529aa61,1060000109,4.j.d.2,exact,exact,4. Equipment / facility failure or damage,Pole,Distribution,HFTD Tier 2,# ignitions,v4_native,Yes,0,,,SDG&E,2025,4,v4.01,3,4,SDGE_2025_Q4_R3.xlsx,Table 6,111,M111,https://efiling.energysafety.ca.gov/eFiling/Getfile.aspx?fileid=58132&shareable=true
T6R-e6bc71a190b1e885,1060000110,4.j.d.3,exact,exact,4. Equipment / facility failure or damage,Pole,Distribution,HFTD Tier 3,# ignitions,v4_native,Yes,0,,,SDG&E,2025,4,v4.01,3,4,SDGE_2025_Q4_R3.xlsx,Table 6,112,M112,https://efiling.energysafety.ca.gov/eFiling/Getfile.aspx?fileid=58132&shareable=true
T6R-9220a726669c7d39,1060000111,4.j.t.0,exact,exact,4. Equipment / facility failure or damage,Pole,Transmission,Non-HFTD,# ignitions,v4_native,Yes,0,,,SDG&E,2025,4,v4.01,3,4,SDGE_2025_Q4_R3.xlsx,Table 6,113,M113,https://efiling.energysafety.ca.gov/eFiling/Getfile.aspx?fileid=58132&shareable=true
T6R-edfc51bbe1a47202,1060000112,4.j.t.2,exact,exact,4. Equipment / facility failure or damage,Pole,Transmission,HFTD Tier 2,# ignitions,v4_native,Yes,0,,,SDG&E,2025,4,v4.01,3,4,SDGE_2025_Q4_R3.xlsx,Table 6,114,M114,https://efiling.energysafety.ca.gov/eFiling/Getfile.aspx?fileid=58132&shareable=true
T6R-64919bd8aa97cc49,1060000113,4.j.t.3,exact,exact,4. Equipment / facility failure or damage,Pole,Transmission,HFTD Tier 3,# ignitions,v4_native,Yes,0,,,SDG&E,2025,4,v4.01,3,4,SDGE_2025_Q4_R3.xlsx,Table 6,115,M115,https://efiling.energysafety.ca.gov/eFiling/Getfile.aspx?fileid=58132&shareable=true
T6R-a82ae80df37eb420,1060000114,4.k.d.0,exact,exact,4. Equipment / facility failure or damage,Recloser,Distribution,Non-HFTD,# ignitions,v4_native,No,,SDG&E does not currently track this driver,not applicable,SDG&E,2025,4,v4.01,3,4,SDGE_2025_Q4_R3.xlsx,Table 6,116,M116,https://efiling.energysafety.ca.gov/eFiling/Getfile.aspx?fileid=58132&shareable=true
T6R-7d5bbda48ae45f0a,1060000115,4.k.d.2,exact,exact,4. Equipment / facility failure or damage,Recloser,Distribution,HFTD Tier 2,# ignitions,v4_native,No,,SDG&E does not currently track this driver,not applicable,SDG&E,2025,4,v4.01,3,4,SDGE_2025_Q4_R3.xlsx,Table 6,117,M117,https://efiling.energysafety.ca.gov/eFiling/Getfile.aspx?fileid=58132&shareable=true
T6R-902843209d604983,1060000116,4.k.d.3,exact,exact,4. Equipment / facility failure or damage,Recloser,Distribution,HFTD Tier 3,# ignitions,v4_native,No,,SDG&E does not currently track this driver,not applicable,SDG&E,2025,4,v4.01,3,4,SDGE_2025_Q4_R3.xlsx,Table 6,118,M118,https://efiling.energysafety.ca.gov/eFiling/Getfile.aspx?fileid=58132&shareable=true
T6R-dfe6f971c68de719,1060000117,4.k.t.0,exact,exact,4. Equipment / facility failure or damage,Recloser,Transmission,Non-HFTD,# ignitions,v4_native,No,,SDG&E does not currently track this driver,not applicable,SDG&E,2025,4,v4.01,3,4,SDGE_2025_Q4_R3.xlsx,Table 6,119,M119,https://efiling.energysafety.ca.gov/eFiling/Getfile.aspx?fileid=58132&shareable=true
T6R-969c134350c2eacd,1060000118,4.k.t.2,exact,exact,4. Equipment / facility failure or damage,Recloser,Transmission,HFTD Tier 2,# ignitions,v4_native,No,,SDG&E does not currently track this driver,not applicable,SDG&E,2025,4,v4.01,3,4,SDGE_2025_Q4_R3.xlsx,Table 6,120,M120,https://efiling.energysafety.ca.gov/eFiling/Getfile.aspx?fileid=58132&shareable=true
T6R-d7505706772a786a,1060000119,4.k.t.3,exact,exact,4. Equipment / facility failure or damage,Recloser,Transmission,HFTD Tier 3,# ignitions,v4_native,No,,SDG&E does not currently track this driver,not applicable,SDG&E,2025,4,v4.01,3,4,SDGE_2025_Q4_R3.xlsx,Table 6,121,M121,https://efiling.energysafety.ca.gov/eFiling/Getfile.aspx?fileid=58132&shareable=true
T6R-c85dc34043b251e8,1060000120,4.l.d.0,exact,exact,4. Equipment / facility failure or damage,Relay,Distribution,Non-HFTD,# ignitions,v4_native,No,,SDG&E does not currently track this driver,not applicable,SDG&E,2025,4,v4.01,3,4,SDGE_2025_Q4_R3.xlsx,Table 6,122,M122,https://efiling.energysafety.ca.gov/eFiling/Getfile.aspx?fileid=58132&shareable=true
T6R-8890fa8433d942c8,1060000121,4.l.d.2,exact,exact,4. Equipment / facility failure or damage,Relay,Distribution,HFTD Tier 2,# ignitions,v4_native,No,,SDG&E does not currently track this driver,not applicable,SDG&E,2025,4,v4.01,3,4,SDGE_2025_Q4_R3.xlsx,Table 6,123,M123,https://efiling.energysafety.ca.gov/eFiling/Getfile.aspx?fileid=58132&shareable=true
T6R-59cba64c920385f2,1060000122,4.l.d.3,exact,exact,4. Equipment / facility failure or damage,Relay,Distribution,HFTD Tier 3,# ignitions,v4_native,No,,SDG&E does not currently track this driver,not applicable,SDG&E,2025,4,v4.01,3,4,SDGE_2025_Q4_R3.xlsx,Table 6,124,M124,https://efiling.energysafety.ca.gov/eFiling/Getfile.aspx?fileid=58132&shareable=true
T6R-a37207a9691606f3,1060000123,4.l.t.0,exact,exact,4. Equipment / facility failure or damage,Relay,Transmission,Non-HFTD,# ignitions,v4_native,No,,SDG&E does not currently track this driver,not applicable,SDG&E,2025,4,v4.01,3,4,SDGE_2025_Q4_R3.xlsx,Table 6,125,M125,https://efiling.energysafety.ca.gov/eFiling/Getfile.aspx?fileid=58132&shareable=true
T6R-78b8570db63efe52,1060000124,4.l.t.2,exact,exact,4. Equipment / facility failure or damage,Relay,Transmission,HFTD Tier 2,# ignitions,v4_native,No,,SDG&E does not currently track this driver,not applicable,SDG&E,2025,4,v4.01,3,4,SDGE_2025_Q4_R3.xlsx,Table 6,126,M126,https://efiling.energysafety.ca.gov/eFiling/Getfile.aspx?fileid=58132&shareable=true
T6R-bf3ee0a4a6e74743,1060000125,4.l.t.3,exact,exact,4. Equipment / facility failure or damage,Relay,Transmission,HFTD Tier 3,# ignitions,v4_native,No,,SDG&E does not currently track this driver,not applicable,SDG&E,2025,4,v4.01,3,4,SDGE_2025_Q4_R3.xlsx,Table 6,127,M127,https://efiling.energysafety.ca.gov/eFiling/Getfile.aspx?fileid=58132&shareable=true
T6R-195d24a0fbf667bb,1060000126,4.m.d.0,exact,exact,4. Equipment / facility failure or damage,Sectionalizer,Distribution,Non-HFTD,# ignitions,v4_native,No,,SDG&E does not currently track this driver,not applicable,SDG&E,2025,4,v4.01,3,4,SDGE_2025_Q4_R3.xlsx,Table 6,128,M128,https://efiling.energysafety.ca.gov/eFiling/Getfile.aspx?fileid=58132&shareable=true
T6R-5cdb850ee13222ce,1060000127,4.m.d.2,exact,exact,4. Equipment / facility failure or damage,Sectionalizer,Distribution,HFTD Tier 2,# ignitions,v4_native,No,,SDG&E does not currently track this driver,not applicable,SDG&E,2025,4,v4.01,3,4,SDGE_2025_Q4_R3.xlsx,Table 6,129,M129,https://efiling.energysafety.ca.gov/eFiling/Getfile.aspx?fileid=58132&shareable=true
T6R-15b675f38e991c63,1060000128,4.m.d.3,exact,exact,4. Equipment / facility failure or damage,Sectionalizer,Distribution,HFTD Tier 3,# ignitions,v4_native,No,,SDG&E does not currently track this driver,not applicable,SDG&E,2025,4,v4.01,3,4,SDGE_2025_Q4_R3.xlsx,Table 6,130,M130,https://efiling.energysafety.ca.gov/eFiling/Getfile.aspx?fileid=58132&shareable=true
T6R-a7d7878ee7d00f8a,1060000129,4.m.t.0,exact,exact,4. Equipment / facility failure or damage,Sectionalizer,Transmission,Non-HFTD,# ignitions,v4_native,No,,SDG&E does not currently track this driver,not applicable,SDG&E,2025,4,v4.01,3,4,SDGE_2025_Q4_R3.xlsx,Table 6,131,M131,https://efiling.energysafety.ca.gov/eFiling/Getfile.aspx?fileid=58132&shareable=true
T6R-b29067092c9fe5e3,1060000130,4.m.t.2,exact,exact,4. Equipment / facility failure or damage,Sectionalizer,Transmission,HFTD Tier 2,# ignitions,v4_native,No,,SDG&E does not currently track this driver,not applicable,SDG&E,2025,4,v4.01,3,4,SDGE_2025_Q4_R3.xlsx,Table 6,132,M132,https://efiling.energysafety.ca.gov/eFiling/Getfile.aspx?fileid=58132&shareable=true
T6R-de1518c130ad660b,1060000131,4.m.t.3,exact,exact,4. Equipment / facility failure or damage,Sectionalizer,Transmission,HFTD Tier 3,# ignitions,v4_native,No,,SDG&E does not currently track this driver,not applicable,SDG&E,2025,4,v4.01,3,4,SDGE_2025_Q4_R3.xlsx,Table 6,133,M133,https://efiling.energysafety.ca.gov/eFiling/Getfile.aspx?fileid=58132&shareable=true
T6R-ee1a28fa28bede2e,1060000132,4.n.d.0,exact,exact,4. Equipment / facility failure or damage,Splice,Distribution,Non-HFTD,# ignitions,v4_native,No,,SDG&E tracks splice failure/damage under connection device,not applicable,SDG&E,2025,4,v4.01,3,4,SDGE_2025_Q4_R3.xlsx,Table 6,134,M134,https://efiling.energysafety.ca.gov/eFiling/Getfile.aspx?fileid=58132&shareable=true
T6R-65540f4afd6aad53,1060000133,4.n.d.2,exact,exact,4. Equipment / facility failure or damage,Splice,Distribution,HFTD Tier 2,# ignitions,v4_native,No,,SDG&E tracks splice failure/damage under connection device,not applicable,SDG&E,2025,4,v4.01,3,4,SDGE_2025_Q4_R3.xlsx,Table 6,135,M135,https://efiling.energysafety.ca.gov/eFiling/Getfile.aspx?fileid=58132&shareable=true
T6R-d26fb21076cc8678,1060000134,4.n.d.3,exact,exact,4. Equipment / facility failure or damage,Splice,Distribution,HFTD Tier 3,# ignitions,v4_native,No,,SDG&E tracks splice failure/damage under connection device,not applicable,SDG&E,2025,4,v4.01,3,4,SDGE_2025_Q4_R3.xlsx,Table 6,136,M136,https://efiling.energysafety.ca.gov/eFiling/Getfile.aspx?fileid=58132&shareable=true
T6R-7afe944afca70f6f,1060000135,4.n.t.0,exact,exact,4. Equipment / facility failure or damage,Splice,Transmission,Non-HFTD,# ignitions,v4_native,No,,SDG&E tracks splice failure/damage under connection device,not applicable,SDG&E,2025,4,v4.01,3,4,SDGE_2025_Q4_R3.xlsx,Table 6,137,M137,https://efiling.energysafety.ca.gov/eFiling/Getfile.aspx?fileid=58132&shareable=true
T6R-f02ff2670496f570,1060000136,4.n.t.2,exact,exact,4. Equipment / facility failure or damage,Splice,Transmission,HFTD Tier 2,# ignitions,v4_native,No,,SDG&E tracks splice failure/damage under connection device,not applicable,SDG&E,2025,4,v4.01,3,4,SDGE_2025_Q4_R3.xlsx,Table 6,138,M138,https://efiling.energysafety.ca.gov/eFiling/Getfile.aspx?fileid=58132&shareable=true
T6R-29ebea290b62746a,1060000137,4.n.t.3,exact,exact,4. Equipment / facility failure or damage,Splice,Transmission,HFTD Tier 3,# ignitions,v4_native,No,,SDG&E tracks splice failure/damage under connection device,not applicable,SDG&E,2025,4,v4.01,3,4,SDGE_2025_Q4_R3.xlsx,Table 6,139,M139,https://efiling.energysafety.ca.gov/eFiling/Getfile.aspx?fileid=58132&shareable=true
T6R-fd74f110bb59d9c1,1060000138,4.o.d.0,exact,exact,4. Equipment / facility failure or damage,Switch,Distribution,Non-HFTD,# ignitions,v4_native,Yes,0,,,SDG&E,2025,4,v4.01,3,4,SDGE_2025_Q4_R3.xlsx,Table 6,140,M140,https://efiling.energysafety.ca.gov/eFiling/Getfile.aspx?fileid=58132&shareable=true
T6R-1e5f701bc0f8e00d,1060000139,4.o.d.2,exact,exact,4. Equipment / facility failure or damage,Switch,Distribution,HFTD Tier 2,# ignitions,v4_native,Yes,0,,,SDG&E,2025,4,v4.01,3,4,SDGE_2025_Q4_R3.xlsx,Table 6,141,M141,https://efiling.energysafety.ca.gov/eFiling/Getfile.aspx?fileid=58132&shareable=true
T6R-b432f9173d61ea0a,1060000140,4.o.d.3,exact,exact,4. Equipment / facility failure or damage,Switch,Distribution,HFTD Tier 3,# ignitions,v4_native,Yes,0,,,SDG&E,2025,4,v4.01,3,4,SDGE_2025_Q4_R3.xlsx,Table 6,142,M142,https://efiling.energysafety.ca.gov/eFiling/Getfile.aspx?fileid=58132&shareable=true
T6R-0b4b64f83c5a1aeb,1060000141,4.o.t.0,exact,exact,4. Equipment / facility failure or damage,Switch,Transmission,Non-HFTD,# ignitions,v4_native,Yes,0,,,SDG&E,2025,4,v4.01,3,4,SDGE_2025_Q4_R3.xlsx,Table 6,143,M143,https://efiling.energysafety.ca.gov/eFiling/Getfile.aspx?fileid=58132&shareable=true
T6R-a4e23ce6bb3079ec,1060000142,4.o.t.2,exact,exact,4. Equipment / facility failure or damage,Switch,Transmission,HFTD Tier 2,# ignitions,v4_native,Yes,0,,,SDG&E,2025,4,v4.01,3,4,SDGE_2025_Q4_R3.xlsx,Table 6,144,M144,https://efiling.energysafety.ca.gov/eFiling/Getfile.aspx?fileid=58132&shareable=true
T6R-0b92d8c36d1b0cb1,1060000143,4.o.t.3,exact,exact,4. Equipment / facility failure or damage,Switch,Transmission,HFTD Tier 3,# ignitions,v4_native,Yes,0,,,SDG&E,2025,4,v4.01,3,4,SDGE_2025_Q4_R3.xlsx,Table 6,145,M145,https://efiling.energysafety.ca.gov/eFiling/Getfile.aspx?fileid=58132&shareable=true
T6R-b2a6d88699b01725,1060000144,4.p.d.0,exact,exact,4. Equipment / facility failure or damage,Tap,Distribution,Non-HFTD,# ignitions,v4_native,No,,SDG&E does not currently track this driver,not applicable,SDG&E,2025,4,v4.01,3,4,SDGE_2025_Q4_R3.xlsx,Table 6,146,M146,https://efiling.energysafety.ca.gov/eFiling/Getfile.aspx?fileid=58132&shareable=true
T6R-b8b6b13a59bcc98a,1060000145,4.p.d.2,exact,exact,4. Equipment / facility failure or damage,Tap,Distribution,HFTD Tier 2,# ignitions,v4_native,No,,SDG&E does not currently track this driver,not applicable,SDG&E,2025,4,v4.01,3,4,SDGE_2025_Q4_R3.xlsx,Table 6,147,M147,https://efiling.energysafety.ca.gov/eFiling/Getfile.aspx?fileid=58132&shareable=true
T6R-de0233c32454c004,1060000146,4.p.d.3,exact,exact,4. Equipment / facility failure or damage,Tap,Distribution,HFTD Tier 3,# ignitions,v4_native,No,,SDG&E does not currently track this driver,not applicable,SDG&E,2025,4,v4.01,3,4,SDGE_2025_Q4_R3.xlsx,Table 6,148,M148,https://efiling.energysafety.ca.gov/eFiling/Getfile.aspx?fileid=58132&shareable=true
T6R-9c0eb509ab34e542,1060000147,4.p.t.0,exact,exact,4. Equipment / facility failure or damage,Tap,Transmission,Non-HFTD,# ignitions,v4_native,No,,SDG&E does not currently track this driver,not applicable,SDG&E,2025,4,v4.01,3,4,SDGE_2025_Q4_R3.xlsx,Table 6,149,M149,https://efiling.energysafety.ca.gov/eFiling/Getfile.aspx?fileid=58132&shareable=true
T6R-e6e8053679ef9192,1060000148,4.p.t.2,exact,exact,4. Equipment / facility failure or damage,Tap,Transmission,HFTD Tier 2,# ignitions,v4_native,No,,SDG&E does not currently track this driver,not applicable,SDG&E,2025,4,v4.01,3,4,SDGE_2025_Q4_R3.xlsx,Table 6,150,M150,https://efiling.energysafety.ca.gov/eFiling/Getfile.aspx?fileid=58132&shareable=true
T6R-15abf289fca96d04,1060000149,4.p.t.3,exact,exact,4. Equipment / facility failure or damage,Tap,Transmission,HFTD Tier 3,# ignitions,v4_native,No,,SDG&E does not currently track this driver,not applicable,SDG&E,2025,4,v4.01,3,4,SDGE_2025_Q4_R3.xlsx,Table 6,151,M151,https://efiling.energysafety.ca.gov/eFiling/Getfile.aspx?fileid=58132&shareable=true
T6R-62ce50eeacb58462,1060000150,4.q.d.0,exact,exact,4. Equipment / facility failure or damage,Tie wire,Distribution,Non-HFTD,# ignitions,v4_native,No,,SDG&E does not currently track this driver,not applicable,SDG&E,2025,4,v4.01,3,4,SDGE_2025_Q4_R3.xlsx,Table 6,152,M152,https://efiling.energysafety.ca.gov/eFiling/Getfile.aspx?fileid=58132&shareable=true
T6R-1bda944f65b1dcc0,1060000151,4.q.d.2,exact,exact,4. Equipment / facility failure or damage,Tie wire,Distribution,HFTD Tier 2,# ignitions,v4_native,No,,SDG&E does not currently track this driver,not applicable,SDG&E,2025,4,v4.01,3,4,SDGE_2025_Q4_R3.xlsx,Table 6,153,M153,https://efiling.energysafety.ca.gov/eFiling/Getfile.aspx?fileid=58132&shareable=true
T6R-e7511e71e405d79f,1060000152,4.q.d.3,exact,exact,4. Equipment / facility failure or damage,Tie wire,Distribution,HFTD Tier 3,# ignitions,v4_native,No,,SDG&E does not currently track this driver,not applicable,SDG&E,2025,4,v4.01,3,4,SDGE_2025_Q4_R3.xlsx,Table 6,154,M154,https://efiling.energysafety.ca.gov/eFiling/Getfile.aspx?fileid=58132&shareable=true
T6R-14258c4aef20104b,1060000153,4.q.t.0,exact,exact,4. Equipment / facility failure or damage,Tie wire,Transmission,Non-HFTD,# ignitions,v4_native,No,,SDG&E does not currently track this driver,not applicable,SDG&E,2025,4,v4.01,3,4,SDGE_2025_Q4_R3.xlsx,Table 6,155,M155,https://efiling.energysafety.ca.gov/eFiling/Getfile.aspx?fileid=58132&shareable=true
T6R-ea82ceda5d095753,1060000154,4.q.t.2,exact,exact,4. Equipment / facility failure or damage,Tie wire,Transmission,HFTD Tier 2,# ignitions,v4_native,No,,SDG&E does not currently track this driver,not applicable,SDG&E,2025,4,v4.01,3,4,SDGE_2025_Q4_R3.xlsx,Table 6,156,M156,https://efiling.energysafety.ca.gov/eFiling/Getfile.aspx?fileid=58132&shareable=true
T6R-f7a71f6aafacc2ff,1060000155,4.q.t.3,exact,exact,4. Equipment / facility failure or damage,Tie wire,Transmission,HFTD Tier 3,# ignitions,v4_native,No,,SDG&E does not currently track this driver,not applicable,SDG&E,2025,4,v4.01,3,4,SDGE_2025_Q4_R3.xlsx,Table 6,157,M157,https://efiling.energysafety.ca.gov/eFiling/Getfile.aspx?fileid=58132&shareable=true
T6R-0613b30d814332d2,1060000156,4.r.d.0,exact,exact,4. Equipment / facility failure or damage,Transformer,Distribution,Non-HFTD,# ignitions,v4_native,Yes,0,,,SDG&E,2025,4,v4.01,3,4,SDGE_2025_Q4_R3.xlsx,Table 6,158,M158,https://efiling.energysafety.ca.gov/eFiling/Getfile.aspx?fileid=58132&shareable=true
T6R-03aa25a38baea78f,1060000157,4.r.d.2,exact,exact,4. Equipment / facility failure or damage,Transformer,Distribution,HFTD Tier 2,# ignitions,v4_native,Yes,0,,,SDG&E,2025,4,v4.01,3,4,SDGE_2025_Q4_R3.xlsx,Table 6,159,M159,https://efiling.energysafety.ca.gov/eFiling/Getfile.aspx?fileid=58132&shareable=true
T6R-b4eb0b47fce3ac16,1060000158,4.r.d.3,exact,exact,4. Equipment / facility failure or damage,Transformer,Distribution,HFTD Tier 3,# ignitions,v4_native,Yes,0,,,SDG&E,2025,4,v4.01,3,4,SDGE_2025_Q4_R3.xlsx,Table 6,160,M160,https://efiling.energysafety.ca.gov/eFiling/Getfile.aspx?fileid=58132&shareable=true
T6R-7051c4ef56f1a1ee,1060000159,4.r.t.0,exact,exact,4. Equipment / facility failure or damage,Transformer,Transmission,Non-HFTD,# ignitions,v4_native,Yes,0,,,SDG&E,2025,4,v4.01,3,4,SDGE_2025_Q4_R3.xlsx,Table 6,161,M161,https://efiling.energysafety.ca.gov/eFiling/Getfile.aspx?fileid=58132&shareable=true
T6R-d3afb5d35eea3a9c,1060000160,4.r.t.2,exact,exact,4. Equipment / facility failure or damage,Transformer,Transmission,HFTD Tier 2,# ignitions,v4_native,Yes,0,,,SDG&E,2025,4,v4.01,3,4,SDGE_2025_Q4_R3.xlsx,Table 6,162,M162,https://efiling.energysafety.ca.gov/eFiling/Getfile.aspx?fileid=58132&shareable=true
T6R-e83839c1085abb07,1060000161,4.r.t.3,exact,exact,4. Equipment / facility failure or damage,Transformer,Transmission,HFTD Tier 3,# ignitions,v4_native,Yes,0,,,SDG&E,2025,4,v4.01,3,4,SDGE_2025_Q4_R3.xlsx,Table 6,163,M163,https://efiling.energysafety.ca.gov/eFiling/Getfile.aspx?fileid=58132&shareable=true
T6R-70ede5734f72de91,1060000162,4.s.d.0,exact,canonical_label_update,4. Equipment / facility failure or damage,Voltage regulator / booster,Distribution,Non-HFTD,# ignitions,v4_native,No,,SDG&E does not currently track this driver,not applicable,SDG&E,2025,4,v4.01,3,4,SDGE_2025_Q4_R3.xlsx,Table 6,164,M164,https://efiling.energysafety.ca.gov/eFiling/Getfile.aspx?fileid=58132&shareable=true
T6R-78eab0cd8bcde956,1060000163,4.s.d.2,exact,canonical_label_update,4. Equipment / facility failure or damage,Voltage regulator / booster,Distribution,HFTD Tier 2,# ignitions,v4_native,No,,SDG&E does not currently track this driver,not applicable,SDG&E,2025,4,v4.01,3,4,SDGE_2025_Q4_R3.xlsx,Table 6,165,M165,https://efiling.energysafety.ca.gov/eFiling/Getfile.aspx?fileid=58132&shareable=true
T6R-9aec599b2fbd66b8,1060000164,4.s.d.3,exact,canonical_label_update,4. Equipment / facility failure or damage,Voltage regulator / booster,Distribution,HFTD Tier 3,# ignitions,v4_native,No,,SDG&E does not currently track this driver,not applicable,SDG&E,2025,4,v4.01,3,4,SDGE_2025_Q4_R3.xlsx,Table 6,166,M166,https://efiling.energysafety.ca.gov/eFiling/Getfile.aspx?fileid=58132&shareable=true
T6R-04e9cbc32b974230,1060000165,4.s.t.0,exact,canonical_label_update,4. Equipment / facility failure or damage,Voltage regulator / booster,Transmission,Non-HFTD,# ignitions,v4_native,No,,SDG&E does not currently track this driver,not applicable,SDG&E,2025,4,v4.01,3,4,SDGE_2025_Q4_R3.xlsx,Table 6,167,M167,https://efiling.energysafety.ca.gov/eFiling/Getfile.aspx?fileid=58132&shareable=true
T6R-556a1ff61c9b5254,1060000166,4.s.t.2,exact,canonical_label_update,4. Equipment / facility failure or damage,Voltage regulator / booster,Transmission,HFTD Tier 2,# ignitions,v4_native,No,,SDG&E does not currently track this driver,not applicable,SDG&E,2025,4,v4.01,3,4,SDGE_2025_Q4_R3.xlsx,Table 6,168,M168,https://efiling.energysafety.ca.gov/eFiling/Getfile.aspx?fileid=58132&shareable=true
T6R-01971f400eed4940,1060000167,4.s.t.3,exact,canonical_label_update,4. Equipment / facility failure or damage,Voltage regulator / booster,Transmission,HFTD Tier 3,# ignitions,v4_native,No,,SDG&E does not currently track this driver,not applicable,SDG&E,2025,4,v4.01,3,4,SDGE_2025_Q4_R3.xlsx,Table 6,169,M169,https://efiling.energysafety.ca.gov/eFiling/Getfile.aspx?fileid=58132&shareable=true
T6R-593bb754e065e1c3,1060000168,4.t.d.0,exact,canonical_label_update,4. Equipment / facility failure or damage,Unknown (equipment failure),Distribution,Non-HFTD,# ignitions,v4_native,No,,SDG&E does not currently track this driver,not applicable,SDG&E,2025,4,v4.01,3,4,SDGE_2025_Q4_R3.xlsx,Table 6,170,M170,https://efiling.energysafety.ca.gov/eFiling/Getfile.aspx?fileid=58132&shareable=true
T6R-7e63f295a5b77975,1060000169,4.t.d.2,exact,canonical_label_update,4. Equipment / facility failure or damage,Unknown (equipment failure),Distribution,HFTD Tier 2,# ignitions,v4_native,No,,SDG&E does not currently track this driver,not applicable,SDG&E,2025,4,v4.01,3,4,SDGE_2025_Q4_R3.xlsx,Table 6,171,M171,https://efiling.energysafety.ca.gov/eFiling/Getfile.aspx?fileid=58132&shareable=true
T6R-331e98b9e2279773,1060000170,4.t.d.3,exact,canonical_label_update,4. Equipment / facility failure or damage,Unknown (equipment failure),Distribution,HFTD Tier 3,# ignitions,v4_native,No,,SDG&E does not currently track this driver,not applicable,SDG&E,2025,4,v4.01,3,4,SDGE_2025_Q4_R3.xlsx,Table 6,172,M172,https://efiling.energysafety.ca.gov/eFiling/Getfile.aspx?fileid=58132&shareable=true
T6R-9a80faf5ca50e305,1060000171,4.t.t.0,exact,canonical_label_update,4. Equipment / facility failure or damage,Unknown (equipment failure),Transmission,Non-HFTD,# ignitions,v4_native,No,,SDG&E does not currently track this driver,not applicable,SDG&E,2025,4,v4.01,3,4,SDGE_2025_Q4_R3.xlsx,Table 6,173,M173,https://efiling.energysafety.ca.gov/eFiling/Getfile.aspx?fileid=58132&shareable=true
T6R-4056b8ba782b0dd6,1060000172,4.t.t.2,exact,canonical_label_update,4. Equipment / facility failure or damage,Unknown (equipment failure),Transmission,HFTD Tier 2,# ignitions,v4_native,No,,SDG&E does not currently track this driver,not applicable,SDG&E,2025,4,v4.01,3,4,SDGE_2025_Q4_R3.xlsx,Table 6,174,M174,https://efiling.energysafety.ca.gov/eFiling/Getfile.aspx?fileid=58132&shareable=true
T6R-d06b44293944aeb9,1060000173,4.t.t.3,exact,canonical_label_update,4. Equipment / facility failure or damage,Unknown (equipment failure),Transmission,HFTD Tier 3,# ignitions,v4_native,No,,SDG&E does not currently track this driver,not applicable,SDG&E,2025,4,v4.01,3,4,SDGE_2025_Q4_R3.xlsx,Table 6,175,M175,https://efiling.energysafety.ca.gov/eFiling/Getfile.aspx?fileid=58132&shareable=true
T6R-9da5fe041075bd1e,1060000174,4.u.d.0,exact,canonical_label_update,4. Equipment / facility failure or damage,Other (equipment failure),Distribution,Non-HFTD,# ignitions,v4_native,Yes,0,,,SDG&E,2025,4,v4.01,3,4,SDGE_2025_Q4_R3.xlsx,Table 6,176,M176,https://efiling.energysafety.ca.gov/eFiling/Getfile.aspx?fileid=58132&shareable=true
T6R-5a9dc73cec46abc6,1060000175,4.u.d.2,exact,canonical_label_update,4. Equipment / facility failure or damage,Other (equipment failure),Distribution,HFTD Tier 2,# ignitions,v4_native,Yes,0,,,SDG&E,2025,4,v4.01,3,4,SDGE_2025_Q4_R3.xlsx,Table 6,177,M177,https://efiling.energysafety.ca.gov/eFiling/Getfile.aspx?fileid=58132&shareable=true
T6R-cd96876b9732460d,1060000176,4.u.d.3,exact,canonical_label_update,4. Equipment / facility failure or damage,Other (equipment failure),Distribution,HFTD Tier 3,# ignitions,v4_native,Yes,0,,,SDG&E,2025,4,v4.01,3,4,SDGE_2025_Q4_R3.xlsx,Table 6,178,M178,https://efiling.energysafety.ca.gov/eFiling/Getfile.aspx?fileid=58132&shareable=true
T6R-c8fc3987f06551d9,1060000177,4.u.t.0,exact,canonical_label_update,4. Equipment / facility failure or damage,Other (equipment failure),Transmission,Non-HFTD,# ignitions,v4_native,Yes,0,,,SDG&E,2025,4,v4.01,3,4,SDGE_2025_Q4_R3.xlsx,Table 6,179,M179,https://efiling.energysafety.ca.gov/eFiling/Getfile.aspx?fileid=58132&shareable=true
T6R-87d669ab9a99eb8b,1060000178,4.u.t.2,exact,canonical_label_update,4. Equipment / facility failure or damage,Other (equipment failure),Transmission,HFTD Tier 2,# ignitions,v4_native,Yes,0,,,SDG&E,2025,4,v4.01,3,4,SDGE_2025_Q4_R3.xlsx,Table 6,180,M180,https://efiling.energysafety.ca.gov/eFiling/Getfile.aspx?fileid=58132&shareable=true
T6R-74968ce06faf3ff5,1060000179,4.u.t.3,exact,canonical_label_update,4. Equipment / facility failure or damage,Other (equipment failure),Transmission,HFTD Tier 3,# ignitions,v4_native,Yes,0,,,SDG&E,2025,4,v4.01,3,4,SDGE_2025_Q4_R3.xlsx,Table 6,181,M181,https://efiling.energysafety.ca.gov/eFiling/Getfile.aspx?fileid=58132&shareable=true
T6R-cd74ef0ff23a45ea,1060000180,5.a.d.0,exact,exact,5. Wire-to-wire contact,Wire-to-wire contact,Distribution,Non-HFTD,# ignitions,v4_native,Yes,0,,,SDG&E,2025,4,v4.01,3,4,SDGE_2025_Q4_R3.xlsx,Table 6,182,M182,https://efiling.energysafety.ca.gov/eFiling/Getfile.aspx?fileid=58132&shareable=true
T6R-6e841859d9a3c946,1060000181,5.a.d.2,exact,exact,5. Wire-to-wire contact,Wire-to-wire contact,Distribution,HFTD Tier 2,# ignitions,v4_native,Yes,0,,,SDG&E,2025,4,v4.01,3,4,SDGE_2025_Q4_R3.xlsx,Table 6,183,M183,https://efiling.energysafety.ca.gov/eFiling/Getfile.aspx?fileid=58132&shareable=true
T6R-db9d6c0a18b5d13b,1060000182,5.a.d.3,exact,exact,5. Wire-to-wire contact,Wire-to-wire contact,Distribution,HFTD Tier 3,# ignitions,v4_native,Yes,0,,,SDG&E,2025,4,v4.01,3,4,SDGE_2025_Q4_R3.xlsx,Table 6,184,M184,https://efiling.energysafety.ca.gov/eFiling/Getfile.aspx?fileid=58132&shareable=true
T6R-9590e09b603326c1,1060000183,5.a.t.0,exact,exact,5. Wire-to-wire contact,Wire-to-wire contact,Transmission,Non-HFTD,# ignitions,v4_native,Yes,0,,,SDG&E,2025,4,v4.01,3,4,SDGE_2025_Q4_R3.xlsx,Table 6,185,M185,https://efiling.energysafety.ca.gov/eFiling/Getfile.aspx?fileid=58132&shareable=true
T6R-4886a5f3ccc12447,1060000184,5.a.t.2,exact,exact,5. Wire-to-wire contact,Wire-to-wire contact,Transmission,HFTD Tier 2,# ignitions,v4_native,Yes,0,,,SDG&E,2025,4,v4.01,3,4,SDGE_2025_Q4_R3.xlsx,Table 6,186,M186,https://efiling.energysafety.ca.gov/eFiling/Getfile.aspx?fileid=58132&shareable=true
T6R-07c6267e095e47ff,1060000185,5.a.t.3,exact,exact,5. Wire-to-wire contact,Wire-to-wire contact,Transmission,HFTD Tier 3,# ignitions,v4_native,Yes,0,,,SDG&E,2025,4,v4.01,3,4,SDGE_2025_Q4_R3.xlsx,Table 6,187,M187,https://efiling.energysafety.ca.gov/eFiling/Getfile.aspx?fileid=58132&shareable=true
T6R-9e0ba1176c8595ba,1060000186,6.a.d.0,exact,exact,6. Contamination,Contamination,Distribution,Non-HFTD,# ignitions,v4_native,No,,SDG&E does not currently track this driver,not applicable,SDG&E,2025,4,v4.01,3,4,SDGE_2025_Q4_R3.xlsx,Table 6,188,M188,https://efiling.energysafety.ca.gov/eFiling/Getfile.aspx?fileid=58132&shareable=true
T6R-e04d048518545490,1060000187,6.a.d.2,exact,exact,6. Contamination,Contamination,Distribution,HFTD Tier 2,# ignitions,v4_native,No,,SDG&E does not currently track this driver,not applicable,SDG&E,2025,4,v4.01,3,4,SDGE_2025_Q4_R3.xlsx,Table 6,189,M189,https://efiling.energysafety.ca.gov/eFiling/Getfile.aspx?fileid=58132&shareable=true
T6R-c1fcd33eea637ff4,1060000188,6.a.d.3,exact,exact,6. Contamination,Contamination,Distribution,HFTD Tier 3,# ignitions,v4_native,No,,SDG&E does not currently track this driver,not applicable,SDG&E,2025,4,v4.01,3,4,SDGE_2025_Q4_R3.xlsx,Table 6,190,M190,https://efiling.energysafety.ca.gov/eFiling/Getfile.aspx?fileid=58132&shareable=true
T6R-d00bfe7e1bae49e9,1060000189,6.a.t.0,exact,exact,6. Contamination,Contamination,Transmission,Non-HFTD,# ignitions,v4_native,No,,SDG&E does not currently track this driver,not applicable,SDG&E,2025,4,v4.01,3,4,SDGE_2025_Q4_R3.xlsx,Table 6,191,M191,https://efiling.energysafety.ca.gov/eFiling/Getfile.aspx?fileid=58132&shareable=true
T6R-402a206f849bbc8c,1060000190,6.a.t.2,exact,exact,6. Contamination,Contamination,Transmission,HFTD Tier 2,# ignitions,v4_native,No,,SDG&E does not currently track this driver,not applicable,SDG&E,2025,4,v4.01,3,4,SDGE_2025_Q4_R3.xlsx,Table 6,192,M192,https://efiling.energysafety.ca.gov/eFiling/Getfile.aspx?fileid=58132&shareable=true
T6R-a45120082ee6ce9b,1060000191,6.a.t.3,exact,exact,6. Contamination,Contamination,Transmission,HFTD Tier 3,# ignitions,v4_native,No,,SDG&E does not currently track this driver,not applicable,SDG&E,2025,4,v4.01,3,4,SDGE_2025_Q4_R3.xlsx,Table 6,193,M193,https://efiling.energysafety.ca.gov/eFiling/Getfile.aspx?fileid=58132&shareable=true
T6R-85e0234592c43c53,1060000192,7.a.d.0,exact,exact,7. Protective device operation,Protective device operation,Distribution,Non-HFTD,# ignitions,v4_native,No,,SDG&E does not currently track this driver,not applicable,SDG&E,2025,4,v4.01,3,4,SDGE_2025_Q4_R3.xlsx,Table 6,194,M194,https://efiling.energysafety.ca.gov/eFiling/Getfile.aspx?fileid=58132&shareable=true
T6R-bbc3952a1448ba2d,1060000193,7.a.d.2,exact,exact,7. Protective device operation,Protective device operation,Distribution,HFTD Tier 2,# ignitions,v4_native,No,,SDG&E does not currently track this driver,not applicable,SDG&E,2025,4,v4.01,3,4,SDGE_2025_Q4_R3.xlsx,Table 6,195,M195,https://efiling.energysafety.ca.gov/eFiling/Getfile.aspx?fileid=58132&shareable=true
T6R-16abc58cc118a334,1060000194,7.a.d.3,exact,exact,7. Protective device operation,Protective device operation,Distribution,HFTD Tier 3,# ignitions,v4_native,No,,SDG&E does not currently track this driver,not applicable,SDG&E,2025,4,v4.01,3,4,SDGE_2025_Q4_R3.xlsx,Table 6,196,M196,https://efiling.energysafety.ca.gov/eFiling/Getfile.aspx?fileid=58132&shareable=true
T6R-21f308bf873765e4,1060000195,7.a.t.0,exact,exact,7. Protective device operation,Protective device operation,Transmission,Non-HFTD,# ignitions,v4_native,No,,SDG&E does not currently track this driver,not applicable,SDG&E,2025,4,v4.01,3,4,SDGE_2025_Q4_R3.xlsx,Table 6,197,M197,https://efiling.energysafety.ca.gov/eFiling/Getfile.aspx?fileid=58132&shareable=true
T6R-5b15e9549425ed9e,1060000196,7.a.t.2,exact,exact,7. Protective device operation,Protective device operation,Transmission,HFTD Tier 2,# ignitions,v4_native,No,,SDG&E does not currently track this driver,not applicable,SDG&E,2025,4,v4.01,3,4,SDGE_2025_Q4_R3.xlsx,Table 6,198,M198,https://efiling.energysafety.ca.gov/eFiling/Getfile.aspx?fileid=58132&shareable=true
T6R-658e19aebcd1d4ec,1060000197,7.a.t.3,exact,exact,7. Protective device operation,Protective device operation,Transmission,HFTD Tier 3,# ignitions,v4_native,No,,SDG&E does not currently track this driver,not applicable,SDG&E,2025,4,v4.01,3,4,SDGE_2025_Q4_R3.xlsx,Table 6,199,M199,https://efiling.energysafety.ca.gov/eFiling/Getfile.aspx?fileid=58132&shareable=true
T6R-6b5ac35443acddf0,1060000198,8.a.d.0,exact,canonical_label_update,8. Vandalism / theft,Vandalism / theft,Distribution,Non-HFTD,# ignitions,v4_native,Yes,0,,,SDG&E,2025,4,v4.01,3,4,SDGE_2025_Q4_R3.xlsx,Table 6,200,M200,https://efiling.energysafety.ca.gov/eFiling/Getfile.aspx?fileid=58132&shareable=true
T6R-91c4f6b73775b38e,1060000199,8.a.d.2,exact,canonical_label_update,8. Vandalism / theft,Vandalism / theft,Distribution,HFTD Tier 2,# ignitions,v4_native,Yes,0,,,SDG&E,2025,4,v4.01,3,4,SDGE_2025_Q4_R3.xlsx,Table 6,201,M201,https://efiling.energysafety.ca.gov/eFiling/Getfile.aspx?fileid=58132&shareable=true
T6R-efe3cf473b144ee2,1060000200,8.a.d.3,exact,canonical_label_update,8. Vandalism / theft,Vandalism / theft,Distribution,HFTD Tier 3,# ignitions,v4_native,Yes,0,,,SDG&E,2025,4,v4.01,3,4,SDGE_2025_Q4_R3.xlsx,Table 6,202,M202,https://efiling.energysafety.ca.gov/eFiling/Getfile.aspx?fileid=58132&shareable=true
T6R-7263fe57e792d634,1060000201,8.a.t.0,exact,canonical_label_update,8. Vandalism / theft,Vandalism / theft,Transmission,Non-HFTD,# ignitions,v4_native,Yes,0,,,SDG&E,2025,4,v4.01,3,4,SDGE_2025_Q4_R3.xlsx,Table 6,203,M203,https://efiling.energysafety.ca.gov/eFiling/Getfile.aspx?fileid=58132&shareable=true
T6R-0725113182208977,1060000202,8.a.t.2,exact,canonical_label_update,8. Vandalism / theft,Vandalism / theft,Transmission,HFTD Tier 2,# ignitions,v4_native,Yes,0,,,SDG&E,2025,4,v4.01,3,4,SDGE_2025_Q4_R3.xlsx,Table 6,204,M204,https://efiling.energysafety.ca.gov/eFiling/Getfile.aspx?fileid=58132&shareable=true
T6R-b4ea262f082978da,1060000203,8.a.t.3,exact,canonical_label_update,8. Vandalism / theft,Vandalism / theft,Transmission,HFTD Tier 3,# ignitions,v4_native,Yes,0,,,SDG&E,2025,4,v4.01,3,4,SDGE_2025_Q4_R3.xlsx,Table 6,205,M205,https://efiling.energysafety.ca.gov/eFiling/Getfile.aspx?fileid=58132&shareable=true
T6R-832df96a8f888fe7,1060000204,9.a.d.0,exact,exact,9. Lightning,Lightning,Distribution,Non-HFTD,# ignitions,v4_native,No,,SDG&E did not track this driver historically but can implement for future ignitions,not applicable,SDG&E,2025,4,v4.01,3,4,SDGE_2025_Q4_R3.xlsx,Table 6,206,M206,https://efiling.energysafety.ca.gov/eFiling/Getfile.aspx?fileid=58132&shareable=true
T6R-b536429459d7512e,1060000205,9.a.d.2,exact,exact,9. Lightning,Lightning,Distribution,HFTD Tier 2,# ignitions,v4_native,No,,SDG&E did not track this driver historically but can implement for future ignitions,not applicable,SDG&E,2025,4,v4.01,3,4,SDGE_2025_Q4_R3.xlsx,Table 6,207,M207,https://efiling.energysafety.ca.gov/eFiling/Getfile.aspx?fileid=58132&shareable=true
T6R-b3a5f7593ed4a188,1060000206,9.a.d.3,exact,exact,9. Lightning,Lightning,Distribution,HFTD Tier 3,# ignitions,v4_native,No,,SDG&E did not track this driver historically but can implement for future ignitions,not applicable,SDG&E,2025,4,v4.01,3,4,SDGE_2025_Q4_R3.xlsx,Table 6,208,M208,https://efiling.energysafety.ca.gov/eFiling/Getfile.aspx?fileid=58132&shareable=true
T6R-f73fda820450c76c,1060000207,9.a.t.0,exact,exact,9. Lightning,Lightning,Transmission,Non-HFTD,# ignitions,v4_native,No,,SDG&E did not track this driver historically but can implement for future ignitions,not applicable,SDG&E,2025,4,v4.01,3,4,SDGE_2025_Q4_R3.xlsx,Table 6,209,M209,https://efiling.energysafety.ca.gov/eFiling/Getfile.aspx?fileid=58132&shareable=true
T6R-d13e819f0e0d7242,1060000208,9.a.t.2,exact,exact,9. Lightning,Lightning,Transmission,HFTD Tier 2,# ignitions,v4_native,No,,SDG&E did not track this driver historically but can implement for future ignitions,not applicable,SDG&E,2025,4,v4.01,3,4,SDGE_2025_Q4_R3.xlsx,Table 6,210,M210,https://efiling.energysafety.ca.gov/eFiling/Getfile.aspx?fileid=58132&shareable=true
T6R-2b0f117b16a36897,1060000209,9.a.t.3,exact,exact,9. Lightning,Lightning,Transmission,HFTD Tier 3,# ignitions,v4_native,No,,SDG&E did not track this driver historically but can implement for future ignitions,not applicable,SDG&E,2025,4,v4.01,3,4,SDGE_2025_Q4_R3.xlsx,Table 6,211,M211,https://efiling.energysafety.ca.gov/eFiling/Getfile.aspx?fileid=58132&shareable=true
T6R-286fe1539e13075e,1060000210,10.a.d.0,exact,canonical_label_update,10. Unknown,Unknown (unknown),Distribution,Non-HFTD,# ignitions,v4_native,Yes,0,,,SDG&E,2025,4,v4.01,3,4,SDGE_2025_Q4_R3.xlsx,Table 6,212,M212,https://efiling.energysafety.ca.gov/eFiling/Getfile.aspx?fileid=58132&shareable=true
T6R-ce71d0d8c9c94bf7,1060000211,10.a.d.2,exact,canonical_label_update,10. Unknown,Unknown (unknown),Distribution,HFTD Tier 2,# ignitions,v4_native,Yes,0,,,SDG&E,2025,4,v4.01,3,4,SDGE_2025_Q4_R3.xlsx,Table 6,213,M213,https://efiling.energysafety.ca.gov/eFiling/Getfile.aspx?fileid=58132&shareable=true
T6R-587de7d5c618b7bc,1060000212,10.a.d.3,exact,canonical_label_update,10. Unknown,Unknown (unknown),Distribution,HFTD Tier 3,# ignitions,v4_native,Yes,0,,,SDG&E,2025,4,v4.01,3,4,SDGE_2025_Q4_R3.xlsx,Table 6,214,M214,https://efiling.energysafety.ca.gov/eFiling/Getfile.aspx?fileid=58132&shareable=true
T6R-ed9eb75ea11b14e8,1060000213,10.a.t.0,exact,canonical_label_update,10. Unknown,Unknown (unknown),Transmission,Non-HFTD,# ignitions,v4_native,Yes,0,,,SDG&E,2025,4,v4.01,3,4,SDGE_2025_Q4_R3.xlsx,Table 6,215,M215,https://efiling.energysafety.ca.gov/eFiling/Getfile.aspx?fileid=58132&shareable=true
T6R-dde019af7c8a0e36,1060000214,10.a.t.2,exact,canonical_label_update,10. Unknown,Unknown (unknown),Transmission,HFTD Tier 2,# ignitions,v4_native,Yes,0,,,SDG&E,2025,4,v4.01,3,4,SDGE_2025_Q4_R3.xlsx,Table 6,216,M216,https://efiling.energysafety.ca.gov/eFiling/Getfile.aspx?fileid=58132&shareable=true
T6R-f5bd4bacda8129f1,1060000215,10.a.t.3,exact,canonical_label_update,10. Unknown,Unknown (unknown),Transmission,HFTD Tier 3,# ignitions,v4_native,Yes,0,,,SDG&E,2025,4,v4.01,3,4,SDGE_2025_Q4_R3.xlsx,Table 6,217,M217,https://efiling.energysafety.ca.gov/eFiling/Getfile.aspx?fileid=58132&shareable=true
T6R-6743562358c48cd7,1060000216,11.a.d.0,exact,canonical_label_update,11. Other,Other (other),Distribution,Non-HFTD,# ignitions,v4_native,Yes,0,,,SDG&E,2025,4,v4.01,3,4,SDGE_2025_Q4_R3.xlsx,Table 6,218,M218,https://efiling.energysafety.ca.gov/eFiling/Getfile.aspx?fileid=58132&shareable=true
T6R-47a98fbcf7fdf15c,1060000217,11.a.d.2,exact,canonical_label_update,11. Other,Other (other),Distribution,HFTD Tier 2,# ignitions,v4_native,Yes,0,,,SDG&E,2025,4,v4.01,3,4,SDGE_2025_Q4_R3.xlsx,Table 6,219,M219,https://efiling.energysafety.ca.gov/eFiling/Getfile.aspx?fileid=58132&shareable=true
T6R-110160807b087aca,1060000218,11.a.d.3,exact,canonical_label_update,11. Other,Other (other),Distribution,HFTD Tier 3,# ignitions,v4_native,Yes,0,,,SDG&E,2025,4,v4.01,3,4,SDGE_2025_Q4_R3.xlsx,Table 6,220,M220,https://efiling.energysafety.ca.gov/eFiling/Getfile.aspx?fileid=58132&shareable=true
T6R-0a18f14cf7b96820,1060000219,11.a.t.0,exact,canonical_label_update,11. Other,Other (other),Transmission,Non-HFTD,# ignitions,v4_native,Yes,0,,,SDG&E,2025,4,v4.01,3,4,SDGE_2025_Q4_R3.xlsx,Table 6,221,M221,https://efiling.energysafety.ca.gov/eFiling/Getfile.aspx?fileid=58132&shareable=true
T6R-f613717cfd5db9c0,1060000220,11.a.t.2,exact,canonical_label_update,11. Other,Other (other),Transmission,HFTD Tier 2,# ignitions,v4_native,Yes,0,,,SDG&E,2025,4,v4.01,3,4,SDGE_2025_Q4_R3.xlsx,Table 6,222,M222,https://efiling.energysafety.ca.gov/eFiling/Getfile.aspx?fileid=58132&shareable=true
T6R-be5fa660b57275a2,1060000221,11.a.t.3,exact,canonical_label_update,11. Other,Other (other),Transmission,HFTD Tier 3,# ignitions,v4_native,Yes,0,,,SDG&E,2025,4,v4.01,3,4,SDGE_2025_Q4_R3.xlsx,Table 6,223,M223,https://efiling.energysafety.ca.gov/eFiling/Getfile.aspx?fileid=58132&shareable=true
